{"type":"FeatureCollection","metadata":{"gemeente":"Almere","slug":"almere","code":"GM0034","generated_at":"2026-07-06T16:26:11.361Z","total_passenger":1210,"total_freight":0,"bounds":[5.122664938962131,52.3031013224338,5.379156279727406,52.43542591247008],"operators":["Allego","Alva Charging Services","DAEN Mobility","E-Flux by Road","Eneco","JOLT Energy","Laadnet","Lanova Laadpalen","Lidl","NXT50Five","Opcharge","Pluq","Shell Recharge","Spirii","Tesla","The Solar Charging Company","The Solar Charging Company B.V.","TotalEnergies","Trial - Eranovum - 250919","Ubitricity","Valk Energy","Vattenfall InCharge","e-VOLTT"]},"features":[{"type":"Feature","geometry":{"type":"Point","coordinates":[5.178425,52.366504]},"properties":{"type":"charge","layer":"passenger","locationId":"a592beb1-df39-4a73-86a0-9e77c6b6a215","name":"TNLP034266","address":"Beatlesweg 2","city":"Almere","operatorName":"TotalEnergies","maxPowerKw":14,"isMegawatt":false,"status":"AVAILABLE","source":"ndw"}},{"type":"Feature","geometry":{"type":"Point","coordinates":[5.1772924,52.3609981]},"properties":{"type":"charge","layer":"passenger","locationId":"1140","name":"Shell Recharge NL Vondelstraat 1","address":"Vondelstraat 1","city":"Almere","operatorName":"Ubitricity","maxPowerKw":22,"isMegawatt":false,"status":"AVAILABLE","source":"ndw","priceKwh":0.266}},{"type":"Feature","geometry":{"type":"Point","coordinates":[5.138396,52.341525]},"properties":{"type":"charge","layer":"passenger","locationId":"923244","name":"DAE_NL_2001126_LP_9","address":"Verlengde Duinvalleiweg 102","city":"Almere","operatorName":"DAEN Mobility","maxPowerKw":11,"isMegawatt":false,"status":"UNAVAILABLE","source":"ndw","priceKwh":0.4}},{"type":"Feature","geometry":{"type":"Point","coordinates":[5.20925,52.37752]},"properties":{"type":"charge","layer":"passenger","locationId":"241","name":"Shell Recharge NL Wisselweg 204","address":"Wisselweg 204","city":"Almere","operatorName":"Ubitricity","maxPowerKw":11,"isMegawatt":false,"status":"AVAILABLE","source":"ndw","priceKwh":0.388}},{"type":"Feature","geometry":{"type":"Point","coordinates":[5.3266987,52.3998729]},"properties":{"type":"charge","layer":"passenger","locationId":"2185","name":"Shell Recharge NL Asterixstraat 2","address":"Asterixstraat 2","city":"Almere","operatorName":"Ubitricity","maxPowerKw":22,"isMegawatt":false,"status":"AVAILABLE","source":"ndw","priceKwh":0.266}},{"type":"Feature","geometry":{"type":"Point","coordinates":[5.237875,52.36103]},"properties":{"type":"charge","layer":"passenger","locationId":"d21fd5df-5331-4cec-987a-c6fdbf66dadf","name":"TNLP015127 - Fellinilaan 49, Almere","address":"49 Fellinilaan","city":"Almere","operatorName":"TotalEnergies","maxPowerKw":13,"isMegawatt":false,"status":"UNAVAILABLE","source":"ndw"}},{"type":"Feature","geometry":{"type":"Point","coordinates":[5.176764,52.35831]},"properties":{"type":"charge","layer":"passenger","locationId":"dbc17536-f1fc-4b81-9ae6-eff367bafd4b","name":"TNLP007742 - Geerten Gossaertpad 16, Almere","address":"16 Geerten Gossaertpad","city":"Almere","operatorName":"TotalEnergies","maxPowerKw":13,"isMegawatt":false,"status":"AVAILABLE","source":"ndw"}},{"type":"Feature","geometry":{"type":"Point","coordinates":[5.159631,52.343398]},"properties":{"type":"charge","layer":"passenger","locationId":"bfb05b63-d8df-42ba-85cc-9dffbc2755a4","name":"TNLP009780","address":"Turkijekade 102","city":"Almere","operatorName":"TotalEnergies","maxPowerKw":17,"isMegawatt":false,"status":"AVAILABLE","source":"ndw"}},{"type":"Feature","geometry":{"type":"Point","coordinates":[5.275469,52.38402]},"properties":{"type":"charge","layer":"passenger","locationId":"eb50e3e2-2df7-4de9-add7-962257b00d07","name":"PP005541 - Gemsstraat 7, Almere","address":"7 Gemsstraat","city":"Almere","operatorName":"TotalEnergies","maxPowerKw":13,"isMegawatt":false,"status":"CHARGING","source":"ndw"}},{"type":"Feature","geometry":{"type":"Point","coordinates":[5.21252,52.371883]},"properties":{"type":"charge","layer":"passenger","locationId":"d8c571ed-7b07-4f20-95d4-ed4086e491bb","name":"TNLP009655 - Veendamstraat 48, Almere","address":"48 Veendamstraat","city":"Almere","operatorName":"TotalEnergies","maxPowerKw":13,"isMegawatt":false,"status":"AVAILABLE","source":"ndw"}},{"type":"Feature","geometry":{"type":"Point","coordinates":[5.239068,52.364403]},"properties":{"type":"charge","layer":"passenger","locationId":"68026668-2dd3-4e9c-81ce-a36c16024701","name":"PP005513 - John Fernhoutstraat 1, Almere","address":"1 John Fernhoutstraat","city":"Almere","operatorName":"TotalEnergies","maxPowerKw":13,"isMegawatt":false,"status":"AVAILABLE","source":"ndw"}},{"type":"Feature","geometry":{"type":"Point","coordinates":[5.258876,52.39316]},"properties":{"type":"charge","layer":"passenger","locationId":"655c9dfc-3e77-4f9f-ad59-3cdf059d7ac2","name":"TNLP009361 - Pieter de Swartstraat 4, Almere","address":"4 Pieter de Swartstraat","city":"Almere","operatorName":"TotalEnergies","maxPowerKw":15,"isMegawatt":false,"status":"AVAILABLE","source":"ndw"}},{"type":"Feature","geometry":{"type":"Point","coordinates":[5.2119253,52.3465133]},"properties":{"type":"charge","layer":"passenger","locationId":"1433","name":"Shell Recharge NL Peppengouw 104","address":"Peppengouw 104","city":"Almere","operatorName":"Ubitricity","maxPowerKw":22,"isMegawatt":false,"status":"AVAILABLE","source":"ndw","priceKwh":0.266}},{"type":"Feature","geometry":{"type":"Point","coordinates":[5.263635,52.37502]},"properties":{"type":"charge","layer":"passenger","locationId":"541fd037-3c74-4cb3-9c1a-37d9ae768a58","name":"TNLP006275 - Zadkinestraat 24, Almere","address":"24 Zadkinestraat","city":"Almere","operatorName":"TotalEnergies","maxPowerKw":13,"isMegawatt":false,"status":"CHARGING","source":"ndw"}},{"type":"Feature","geometry":{"type":"Point","coordinates":[5.25313,52.3843]},"properties":{"type":"charge","layer":"passenger","locationId":"b83d9523-894e-4754-9a4c-31e81ba18ef1","name":"PP001679 - Johannes Vermeerstraat 136, Almere","address":"136 Johannes Vermeerstraat","city":"Almere","operatorName":"TotalEnergies","maxPowerKw":11,"isMegawatt":false,"status":"AVAILABLE","source":"ndw"}},{"type":"Feature","geometry":{"type":"Point","coordinates":[5.156112,52.352974]},"properties":{"type":"charge","layer":"passenger","locationId":"004f4ea8-c025-48f8-9ec2-a4de5db5dfb5","name":"Laadplein - TNLP007018 - Parvatistraat 4, Almere","address":"4 Parvatistraat","city":"Almere","operatorName":"TotalEnergies","maxPowerKw":15,"isMegawatt":false,"status":"AVAILABLE","source":"ndw"}},{"type":"Feature","geometry":{"type":"Point","coordinates":[5.25296,52.371937]},"properties":{"type":"charge","layer":"passenger","locationId":"2d9e35cb-1ca4-49c9-8379-9b60867c9a70","name":"TNLP009210 - Parkwijklaan 155, Almere","address":"155 Parkwijklaan","city":"Almere","operatorName":"TotalEnergies","maxPowerKw":13,"isMegawatt":false,"status":"CHARGING","source":"ndw"}},{"type":"Feature","geometry":{"type":"Point","coordinates":[5.205958,52.379528]},"properties":{"type":"charge","layer":"passenger","locationId":"646f0b75-64b1-4e29-9ddf-e272bad516f3","name":"TNLP007979 - Foeliestraat 38, Almere","address":"38 Foeliestraat","city":"Almere","operatorName":"TotalEnergies","maxPowerKw":13,"isMegawatt":false,"status":"AVAILABLE","source":"ndw"}},{"type":"Feature","geometry":{"type":"Point","coordinates":[5.247827,52.35879]},"properties":{"type":"charge","layer":"passenger","locationId":"8ac959ca-350a-45f9-832f-ed4668b46e9d","name":"TNLP008308 - Caprastraat 19, Almere","address":"19 Caprastraat","city":"Almere","operatorName":"TotalEnergies","maxPowerKw":14,"isMegawatt":false,"status":"AVAILABLE","source":"ndw"}},{"type":"Feature","geometry":{"type":"Point","coordinates":[5.243595,52.381195]},"properties":{"type":"charge","layer":"passenger","locationId":"70555df4-0368-4667-baf7-2ceb9a9e0962","name":"TNLP006884 - Verzetslaan 34, Almere","address":"34 Verzetslaan","city":"Almere","operatorName":"TotalEnergies","maxPowerKw":13,"isMegawatt":false,"status":"AVAILABLE","source":"ndw"}},{"type":"Feature","geometry":{"type":"Point","coordinates":[5.14386,52.341812]},"properties":{"type":"charge","layer":"passenger","locationId":"36d0e52a-8c15-46c9-9f7d-90229549fbb9","name":"Laadplein - PP005256 - Duintopstraat 22, Almere","address":"22 Duintopstraat","city":"Almere","operatorName":"TotalEnergies","maxPowerKw":15,"isMegawatt":false,"status":"AVAILABLE","source":"ndw"}},{"type":"Feature","geometry":{"type":"Point","coordinates":[5.1498,52.34261]},"properties":{"type":"charge","layer":"passenger","locationId":"7b13843b1bde3c49a06cc10953209395","name":"Zilveren Medaillepad 10","address":"Zilveren Medaillepad 10","city":"Almere","operatorName":"Vattenfall InCharge","maxPowerKw":11,"isMegawatt":false,"status":"CHARGING","source":"ndw"}},{"type":"Feature","geometry":{"type":"Point","coordinates":[5.221425,52.33381]},"properties":{"type":"charge","layer":"passenger","locationId":"67bb8fa2-53ea-4765-a6b6-81c3411bbff8","name":"TNLP008135 - Sluis 4, Almere","address":"4 Sluis","city":"Almere","operatorName":"TotalEnergies","maxPowerKw":15,"isMegawatt":false,"status":"AVAILABLE","source":"ndw"}},{"type":"Feature","geometry":{"type":"Point","coordinates":[5.177981,52.34873]},"properties":{"type":"charge","layer":"passenger","locationId":"59e2afb0-aa90-4deb-b360-5e1b61300bc6","name":"TNLP007110 - Monitorweg 29, Almere","address":"29 Monitorweg","city":"Almere","operatorName":"TotalEnergies","maxPowerKw":15,"isMegawatt":false,"status":"AVAILABLE","source":"ndw"}},{"type":"Feature","geometry":{"type":"Point","coordinates":[5.305887,52.40145]},"properties":{"type":"charge","layer":"passenger","locationId":"d1c17f2c-d9a9-4049-89b6-d41292619205","name":"TNLP009578 - Terschellingstraat 34, Almere","address":"34 Terschellingstraat","city":"Almere","operatorName":"TotalEnergies","maxPowerKw":13,"isMegawatt":false,"status":"CHARGING","source":"ndw"}},{"type":"Feature","geometry":{"type":"Point","coordinates":[5.1786425,52.3583486]},"properties":{"type":"charge","layer":"passenger","locationId":"2311","name":"Shell Recharge NL J.H. Leopoldstraat 5","address":"J.H. Leopoldstraat 5","city":"Almere","operatorName":"Ubitricity","maxPowerKw":22,"isMegawatt":false,"status":"AVAILABLE","source":"ndw","priceKwh":0.266}},{"type":"Feature","geometry":{"type":"Point","coordinates":[5.1496109,52.3528162]},"properties":{"type":"charge","layer":"passenger","locationId":"2009","name":"Shell Recharge NL Balderstraat 20","address":"Balderstraat 20","city":"Almere","operatorName":"Ubitricity","maxPowerKw":22,"isMegawatt":false,"status":"AVAILABLE","source":"ndw","priceKwh":0.266}},{"type":"Feature","geometry":{"type":"Point","coordinates":[5.26118,52.366203]},"properties":{"type":"charge","layer":"passenger","locationId":"eccf6cc9-1f15-4143-a214-7f2f468fe791","name":"TNLP034207","address":"Jivestraat 40","city":"Almere","operatorName":"TotalEnergies","maxPowerKw":14,"isMegawatt":false,"status":"AVAILABLE","source":"ndw"}},{"type":"Feature","geometry":{"type":"Point","coordinates":[5.212228,52.373848]},"properties":{"type":"charge","layer":"passenger","locationId":"ef13816d-8bf1-4a8b-8120-8944ba85fa92","name":"TNLP009338 - Dokkumlaan 19, Almere","address":"19 Dokkumlaan","city":"Almere","operatorName":"TotalEnergies","maxPowerKw":13,"isMegawatt":false,"status":"AVAILABLE","source":"ndw"}},{"type":"Feature","geometry":{"type":"Point","coordinates":[5.254006,52.397705]},"properties":{"type":"charge","layer":"passenger","locationId":"880fa11f-d0e7-40c1-a739-a117577d45b7","name":"TNLP015443 - B. Merkelbachstraat 27, Almere","address":"27 B. Merkelbachstraat","city":"Almere","operatorName":"TotalEnergies","maxPowerKw":13,"isMegawatt":false,"status":"AVAILABLE","source":"ndw"}},{"type":"Feature","geometry":{"type":"Point","coordinates":[5.138396,52.341525]},"properties":{"type":"charge","layer":"passenger","locationId":"923234","name":"DAE_NL_2001118_LP_1","address":"Verlengde Duinvalleiweg 102","city":"Almere","operatorName":"DAEN Mobility","maxPowerKw":22,"isMegawatt":false,"status":"UNAVAILABLE","source":"ndw","priceKwh":0.4}},{"type":"Feature","geometry":{"type":"Point","coordinates":[5.19737,52.38189]},"properties":{"type":"charge","layer":"passenger","locationId":"66fe1d9c-8103-47fb-b93d-72a429e1c74b","name":"PP001395 - Lavendelplantsoen 70, Almere","address":"70 Lavendelplantsoen","city":"Almere","operatorName":"TotalEnergies","maxPowerKw":11,"isMegawatt":false,"status":"AVAILABLE","source":"ndw"}},{"type":"Feature","geometry":{"type":"Point","coordinates":[5.1858263,52.3613621]},"properties":{"type":"charge","layer":"passenger","locationId":"1944","name":"Shell Recharge NL Roemer Visscherstraat 47","address":"Roemer Visscherstraat 47","city":"Almere","operatorName":"Ubitricity","maxPowerKw":22,"isMegawatt":false,"status":"CHARGING","source":"ndw","priceKwh":0.266}},{"type":"Feature","geometry":{"type":"Point","coordinates":[5.276232,52.396263]},"properties":{"type":"charge","layer":"passenger","locationId":"198e1a15-4811-4966-97aa-e39305aab960","name":"TNLP006290 - Kopenhagenstraat 18, Almere","address":"18 Kopenhagenstraat","city":"Almere","operatorName":"TotalEnergies","maxPowerKw":13,"isMegawatt":false,"status":"AVAILABLE","source":"ndw"}},{"type":"Feature","geometry":{"type":"Point","coordinates":[5.177323,52.390408]},"properties":{"type":"charge","layer":"passenger","locationId":"1ebae9eb-d920-4bed-888a-3481d82921b0","name":"Laadplein - TNLP007126 - Wimpelplantsoen 200, Almere","address":"200 Wimpelplantsoen","city":"Almere","operatorName":"TotalEnergies","maxPowerKw":15,"isMegawatt":false,"status":"AVAILABLE","source":"ndw"}},{"type":"Feature","geometry":{"type":"Point","coordinates":[5.258457,52.37946]},"properties":{"type":"charge","layer":"passenger","locationId":"3534c3b9-0060-41a6-9ce8-13e278c0c011","name":"TNLP006517 - Thérèse Schwartzestraat 40, Almere","address":"40 Thérèse Schwartzestraat","city":"Almere","operatorName":"TotalEnergies","maxPowerKw":13,"isMegawatt":false,"status":"AVAILABLE","source":"ndw"}},{"type":"Feature","geometry":{"type":"Point","coordinates":[5.237605,52.36606]},"properties":{"type":"charge","layer":"passenger","locationId":"5c40e7bb-3c85-49a5-a145-136265aa23e4","name":"TNLP006958 - Max Takstraat 71, Almere","address":"71 Max Takstraat","city":"Almere","operatorName":"TotalEnergies","maxPowerKw":13,"isMegawatt":false,"status":"CHARGING","source":"ndw"}},{"type":"Feature","geometry":{"type":"Point","coordinates":[5.2111296,52.3635156]},"properties":{"type":"charge","layer":"passenger","locationId":"2711","name":"Shell Recharge NL Elburgkade 10","address":"Elburgkade 10","city":"Almere","operatorName":"Ubitricity","maxPowerKw":22,"isMegawatt":false,"status":"AVAILABLE","source":"ndw","priceKwh":0.266}},{"type":"Feature","geometry":{"type":"Point","coordinates":[5.238697,52.407587]},"properties":{"type":"charge","layer":"passenger","locationId":"667938783e6484001c7fad69","name":"Travel Retail Innovations","address":"Damsluisweg 46","city":"Almere","operatorName":"E-Flux by Road","maxPowerKw":22,"isMegawatt":false,"status":"AVAILABLE","source":"ndw","priceKwh":0.35}},{"type":"Feature","geometry":{"type":"Point","coordinates":[5.2210403,52.3846464]},"properties":{"type":"charge","layer":"passenger","locationId":"770","name":"Shell Recharge NL Waalstraat 48","address":"Waalstraat 48","city":"Almere","operatorName":"Ubitricity","maxPowerKw":22,"isMegawatt":false,"status":"CHARGING","source":"ndw","priceKwh":0.266}},{"type":"Feature","geometry":{"type":"Point","coordinates":[5.29372,52.3598]},"properties":{"type":"charge","layer":"passenger","locationId":"1932","name":"Shell Recharge NL Shinichiro Tomonagastraat 28","address":"Shinichiro Tomonagastraat 28","city":"Almere","operatorName":"Ubitricity","maxPowerKw":22,"isMegawatt":false,"status":"AVAILABLE","source":"ndw","priceKwh":0.266}},{"type":"Feature","geometry":{"type":"Point","coordinates":[5.278644,52.397835]},"properties":{"type":"charge","layer":"passenger","locationId":"e7d9bfb3-40b4-4c2f-92b6-0a3e91650a6c","name":"TNLP007833 - Boedapeststraat 18, Almere","address":"18 Boedapeststraat","city":"Almere","operatorName":"TotalEnergies","maxPowerKw":13,"isMegawatt":false,"status":"AVAILABLE","source":"ndw"}},{"type":"Feature","geometry":{"type":"Point","coordinates":[5.228198,52.390247]},"properties":{"type":"charge","layer":"passenger","locationId":"d491a031-b67d-4f9d-a218-3c39a3aeefa8","name":"TNLP006964 - Grote Brekkenstraat 37, Almere","address":"37 Grote Brekkenstraat","city":"Almere","operatorName":"TotalEnergies","maxPowerKw":13,"isMegawatt":false,"status":"AVAILABLE","source":"ndw"}},{"type":"Feature","geometry":{"type":"Point","coordinates":[5.171379,52.395008]},"properties":{"type":"charge","layer":"passenger","locationId":"84159ad7-84f4-45cc-8e58-cb965ac42d81","name":"TNLP009372 - Topzeil 14, Almere","address":"14 Topzeil","city":"Almere","operatorName":"TotalEnergies","maxPowerKw":13,"isMegawatt":false,"status":"AVAILABLE","source":"ndw"}},{"type":"Feature","geometry":{"type":"Point","coordinates":[5.218118,52.332866]},"properties":{"type":"charge","layer":"passenger","locationId":"17d3065b-573a-434c-9c9a-9a69d912b8e6","name":"TNLP034104","address":"Havenhoofd 14","city":"Almere","operatorName":"TotalEnergies","maxPowerKw":14,"isMegawatt":false,"status":"AVAILABLE","source":"ndw"}},{"type":"Feature","geometry":{"type":"Point","coordinates":[5.330998,52.402287]},"properties":{"type":"charge","layer":"passenger","locationId":"e3dde550-c633-4f9d-9f9f-bd9a13f9ade9","name":"TNLP007846 - Katrien Duckstraat 1, Almere","address":"1 Katrien Duckstraat","city":"Almere","operatorName":"TotalEnergies","maxPowerKw":13,"isMegawatt":false,"status":"AVAILABLE","source":"ndw"}},{"type":"Feature","geometry":{"type":"Point","coordinates":[5.217443,52.341418]},"properties":{"type":"charge","layer":"passenger","locationId":"87adad35ccbf3626a1f113b8a6331113","name":"Buitenhof 69","address":"Buitenhof 69","city":"Almere","operatorName":"Vattenfall InCharge","maxPowerKw":11,"isMegawatt":false,"status":"CHARGING","source":"ndw"}},{"type":"Feature","geometry":{"type":"Point","coordinates":[5.2997411,52.4033147]},"properties":{"type":"charge","layer":"passenger","locationId":"2013","name":"Shell Recharge NL Laan der V.O.C. 238","address":"Laan der V.O.C. 238","city":"Almere","operatorName":"Ubitricity","maxPowerKw":22,"isMegawatt":false,"status":"AVAILABLE","source":"ndw","priceKwh":0.266}},{"type":"Feature","geometry":{"type":"Point","coordinates":[5.211339,52.355245]},"properties":{"type":"charge","layer":"passenger","locationId":"c6914a07-c624-4ab2-a574-e4e02106587e","name":"Oorweg","address":"Oorweg 7","city":"Almere","operatorName":"Vattenfall InCharge","maxPowerKw":50,"isMegawatt":false,"status":"AVAILABLE","source":"ndw"}},{"type":"Feature","geometry":{"type":"Point","coordinates":[5.315673,52.405213]},"properties":{"type":"charge","layer":"passenger","locationId":"8d6a5b31-bd07-4c26-8532-2e39bb927bb8","name":"TNLP034123","address":"Fiep Westendorpstraat 27","city":"Almere","operatorName":"TotalEnergies","maxPowerKw":14,"isMegawatt":false,"status":"AVAILABLE","source":"ndw"}},{"type":"Feature","geometry":{"type":"Point","coordinates":[5.241694,52.37831]},"properties":{"type":"charge","layer":"passenger","locationId":"46c74d14-39de-40a8-b557-66cf410f5ca5","name":"TNLP008211 - David Verloopstraat 51, Almere","address":"51 David Verloopstraat","city":"Almere","operatorName":"TotalEnergies","maxPowerKw":13,"isMegawatt":false,"status":"AVAILABLE","source":"ndw"}},{"type":"Feature","geometry":{"type":"Point","coordinates":[5.138396,52.341525]},"properties":{"type":"charge","layer":"passenger","locationId":"923245","name":"DAE_NL_2001127_LP_10","address":"Verlengde Duinvalleiweg 102","city":"Almere","operatorName":"DAEN Mobility","maxPowerKw":11,"isMegawatt":false,"status":"UNAVAILABLE","source":"ndw","priceKwh":0.4}},{"type":"Feature","geometry":{"type":"Point","coordinates":[5.27845,52.35902]},"properties":{"type":"charge","layer":"passenger","locationId":"f09df109-e2c5-4a61-939f-08919f628a61","name":"TNLP006793 - Joh. van der Waalsweg 15, Almere","address":"15 Joh. van der Waalsweg","city":"Almere","operatorName":"TotalEnergies","maxPowerKw":13,"isMegawatt":false,"status":"AVAILABLE","source":"ndw"}},{"type":"Feature","geometry":{"type":"Point","coordinates":[5.261977,52.380753]},"properties":{"type":"charge","layer":"passenger","locationId":"2c98bfec-edad-4902-8789-4acd87d52f16","name":"TNLP006091 - Jozef Israëlslaan 114, Almere","address":"114 Jozef Israëlslaan","city":"Almere","operatorName":"TotalEnergies","maxPowerKw":15,"isMegawatt":false,"status":"AVAILABLE","source":"ndw"}},{"type":"Feature","geometry":{"type":"Point","coordinates":[5.272081,52.370169]},"properties":{"type":"charge","layer":"passenger","locationId":"2211a87cc5e5d40f31a5a45a428728a0","name":"Altdorferplantsoen 17","address":"Altdorferplantsoen 17","city":"Almere","operatorName":"Vattenfall InCharge","maxPowerKw":11,"isMegawatt":false,"status":"AVAILABLE","source":"ndw"}},{"type":"Feature","geometry":{"type":"Point","coordinates":[5.290212,52.397293]},"properties":{"type":"charge","layer":"passenger","locationId":"ffbcbde2-f1cb-4e51-b286-b6ff43d8a20a","name":"TNLP005964 - Palembangweg 242, Almere","address":"242 Palembangweg","city":"Almere","operatorName":"TotalEnergies","maxPowerKw":13,"isMegawatt":false,"status":"AVAILABLE","source":"ndw"}},{"type":"Feature","geometry":{"type":"Point","coordinates":[5.258833,52.36877]},"properties":{"type":"charge","layer":"passenger","locationId":"4843deec-fcdc-442c-b455-fc9c417e1175","name":"TNLP015065 - Jivestraat 1, Almere","address":"1 Jivestraat","city":"Almere","operatorName":"TotalEnergies","maxPowerKw":13,"isMegawatt":false,"status":"AVAILABLE","source":"ndw"}},{"type":"Feature","geometry":{"type":"Point","coordinates":[5.283667,52.403763]},"properties":{"type":"charge","layer":"passenger","locationId":"3c71da86-c316-428a-b8a0-b3bb836dcd45","name":"TNLP007678 - Herfststraat 8, Almere","address":"8 Herfststraat","city":"Almere","operatorName":"TotalEnergies","maxPowerKw":13,"isMegawatt":false,"status":"CHARGING","source":"ndw"}},{"type":"Feature","geometry":{"type":"Point","coordinates":[5.232795,52.3904]},"properties":{"type":"charge","layer":"passenger","locationId":"8a2dd05d-9bcf-45c7-85d4-f90c57ff8536","name":"TNLP006680 - Zalmplein 19, Almere","address":"19 Zalmplein","city":"Almere","operatorName":"TotalEnergies","maxPowerKw":13,"isMegawatt":false,"status":"AVAILABLE","source":"ndw"}},{"type":"Feature","geometry":{"type":"Point","coordinates":[5.1907,52.36776]},"properties":{"type":"charge","layer":"passenger","locationId":"f7d922a5-8c0d-4d81-a088-362fce620528","name":"PP001803 - Strawinksypad 100b, Almere","address":"100b Strawinksypad","city":"Almere","operatorName":"TotalEnergies","maxPowerKw":11,"isMegawatt":false,"status":"AVAILABLE","source":"ndw"}},{"type":"Feature","geometry":{"type":"Point","coordinates":[5.2373,52.340252]},"properties":{"type":"charge","layer":"passenger","locationId":"99d675ce-0b0b-4d5b-83ae-e2b206a413a4","name":"TNLP007343 - Oevergriend 139, Almere","address":"139 Oevergriend","city":"Almere","operatorName":"TotalEnergies","maxPowerKw":13,"isMegawatt":false,"status":"AVAILABLE","source":"ndw"}},{"type":"Feature","geometry":{"type":"Point","coordinates":[5.203513,52.363644]},"properties":{"type":"charge","layer":"passenger","locationId":"dce22d1f-ef72-481d-86d2-9ff82307f6c3","name":"TNLP005891 - Zeistpad 2, Almere","address":"2 Zeistpad","city":"Almere","operatorName":"TotalEnergies","maxPowerKw":15,"isMegawatt":false,"status":"CHARGING","source":"ndw"}},{"type":"Feature","geometry":{"type":"Point","coordinates":[5.31796,52.39981]},"properties":{"type":"charge","layer":"passenger","locationId":"ff02fc5d-2f52-45a8-b728-ef418fe053d6","name":"PP001640 - Aramstraat 2, Almere","address":"2 Aramstraat","city":"Almere","operatorName":"TotalEnergies","maxPowerKw":11,"isMegawatt":false,"status":"AVAILABLE","source":"ndw"}},{"type":"Feature","geometry":{"type":"Point","coordinates":[5.177421,52.372963]},"properties":{"type":"charge","layer":"passenger","locationId":"782fc046-be5b-4ee1-8e9b-61e488529cca","name":"TNLP006431 - Contrabasweg 219, Almere","address":"219 Contrabasweg","city":"Almere","operatorName":"TotalEnergies","maxPowerKw":13,"isMegawatt":false,"status":"CHARGING","source":"ndw"}},{"type":"Feature","geometry":{"type":"Point","coordinates":[5.310628,52.39391]},"properties":{"type":"charge","layer":"passenger","locationId":"3d96d97d-261b-46ce-8798-2b87cea55f53","name":"Laadplein - PP005621 - Puerto Ricostraat 77, Almere","address":"77 Puerto Ricostraat","city":"Almere","operatorName":"TotalEnergies","maxPowerKw":15,"isMegawatt":false,"status":"AVAILABLE","source":"ndw"}},{"type":"Feature","geometry":{"type":"Point","coordinates":[5.306606,52.399352]},"properties":{"type":"charge","layer":"passenger","locationId":"6704ebcb-7733-4bcb-a35b-de211146c1b6","name":"TNLP034672","address":"Alderneystraat 3","city":"Almere","operatorName":"TotalEnergies","maxPowerKw":14,"isMegawatt":false,"status":"AVAILABLE","source":"ndw"}},{"type":"Feature","geometry":{"type":"Point","coordinates":[5.145671,52.347744]},"properties":{"type":"charge","layer":"passenger","locationId":"43569469-2883-4637-be7e-795e22049cd4","name":"TNLP006548 - Beneluxlaan 829, Almere","address":"829 Beneluxlaan","city":"Almere","operatorName":"TotalEnergies","maxPowerKw":13,"isMegawatt":false,"status":"UNAVAILABLE","source":"ndw"}},{"type":"Feature","geometry":{"type":"Point","coordinates":[5.186231,52.371548]},"properties":{"type":"charge","layer":"passenger","locationId":"NLLOC000851","name":"NLD, Almere, Klarinetstraat 72","address":"Klarinetstraat 72","city":"Almere","operatorName":"Allego","maxPowerKw":22,"isMegawatt":false,"status":"AVAILABLE","source":"ndw","priceKwh":0.511}},{"type":"Feature","geometry":{"type":"Point","coordinates":[5.15607,52.34808]},"properties":{"type":"charge","layer":"passenger","locationId":"0fc11fa2-a64f-47c9-a830-7c21aeab5cf5","name":"Laadplein - TNLP009041 - Moldaviëstraat 134, Almere","address":"134 Moldaviëstraat","city":"Almere","operatorName":"TotalEnergies","maxPowerKw":15,"isMegawatt":false,"status":"AVAILABLE","source":"ndw"}},{"type":"Feature","geometry":{"type":"Point","coordinates":[5.219161,52.34721]},"properties":{"type":"charge","layer":"passenger","locationId":"dd79b0f0-7c17-4c80-aced-9addf8b63310","name":"TNLP005974 - De Paal 7, Almere","address":"7 De Paal","city":"Almere","operatorName":"TotalEnergies","maxPowerKw":15,"isMegawatt":false,"status":"AVAILABLE","source":"ndw"}},{"type":"Feature","geometry":{"type":"Point","coordinates":[5.138396,52.341525]},"properties":{"type":"charge","layer":"passenger","locationId":"923241","name":"DAE_NL_2001123_LP_6","address":"Verlengde Duinvalleiweg 102","city":"Almere","operatorName":"DAEN Mobility","maxPowerKw":11,"isMegawatt":false,"status":"UNAVAILABLE","source":"ndw","priceKwh":0.4}},{"type":"Feature","geometry":{"type":"Point","coordinates":[5.204667,52.33668]},"properties":{"type":"charge","layer":"passenger","locationId":"579857e3-1dc0-43f1-9515-4fa01fed62e8","name":"TNLP015067 - Kimwierde 459, Almere","address":"459 Kimwierde","city":"Almere","operatorName":"TotalEnergies","maxPowerKw":13,"isMegawatt":false,"status":"AVAILABLE","source":"ndw"}},{"type":"Feature","geometry":{"type":"Point","coordinates":[5.26342,52.37856]},"properties":{"type":"charge","layer":"passenger","locationId":"7065c996-eab9-427d-a7fb-5cc89d529165","name":"PP002007 - Mondriaanweg 42, Almere","address":"42 Mondriaanweg","city":"Almere","operatorName":"TotalEnergies","maxPowerKw":11,"isMegawatt":false,"status":"AVAILABLE","source":"ndw"}},{"type":"Feature","geometry":{"type":"Point","coordinates":[5.228049,52.385884]},"properties":{"type":"charge","layer":"passenger","locationId":"NLLOC000948","name":"NLD, Almere, Ketenstraat 31","address":"Ketenstraat 31","city":"Almere","operatorName":"Allego","maxPowerKw":22,"isMegawatt":false,"status":"AVAILABLE","source":"ndw","priceKwh":0.511}},{"type":"Feature","geometry":{"type":"Point","coordinates":[5.307625,52.40573]},"properties":{"type":"charge","layer":"passenger","locationId":"019e020a-56d1-493c-9f62-3a147fb94793","name":"TNLP009376 - Sarongweg 17, Almere","address":"17 Sarongweg","city":"Almere","operatorName":"TotalEnergies","maxPowerKw":13,"isMegawatt":false,"status":"AVAILABLE","source":"ndw"}},{"type":"Feature","geometry":{"type":"Point","coordinates":[5.301399,52.391273]},"properties":{"type":"charge","layer":"passenger","locationId":"19e00e2c-d991-4cb7-9e8f-9a5675b48353","name":"PP005207 - Pastelstraat 166, Almere","address":"166 Pastelstraat","city":"Almere","operatorName":"TotalEnergies","maxPowerKw":13,"isMegawatt":false,"status":"AVAILABLE","source":"ndw"}},{"type":"Feature","geometry":{"type":"Point","coordinates":[5.176621,52.350987]},"properties":{"type":"charge","layer":"passenger","locationId":"aec666c878b941cea131","name":"Breedveld & Schröder","address":"Katernstraat 11","city":"Almere","operatorName":"The Solar Charging Company B.V.","maxPowerKw":22,"isMegawatt":false,"status":"AVAILABLE","source":"ndw","priceKwh":0.45}},{"type":"Feature","geometry":{"type":"Point","coordinates":[5.270503,52.401478]},"properties":{"type":"charge","layer":"passenger","locationId":"923373","name":"PBLR-0012184","address":"Petmolenstraat 22","city":"Almere","operatorName":"DAEN Mobility","maxPowerKw":4,"isMegawatt":false,"status":"AVAILABLE","source":"ndw","priceKwh":0.3}},{"type":"Feature","geometry":{"type":"Point","coordinates":[5.225524,52.388645]},"properties":{"type":"charge","layer":"passenger","locationId":"0db180d5-6960-482d-8cc0-276b93ec559e","name":"PP005242 - Slufterplantsoen 139, Almere","address":"139 Slufterplantsoen","city":"Almere","operatorName":"TotalEnergies","maxPowerKw":15,"isMegawatt":false,"status":"AVAILABLE","source":"ndw"}},{"type":"Feature","geometry":{"type":"Point","coordinates":[5.27228,52.38256]},"properties":{"type":"charge","layer":"passenger","locationId":"e27f626c-50c5-4b53-9a0c-039f3704e64b","name":"PP001396 - Pythonstraat 2, Almere","address":"2 Pythonstraat","city":"Almere","operatorName":"TotalEnergies","maxPowerKw":11,"isMegawatt":false,"status":"UNAVAILABLE","source":"ndw"}},{"type":"Feature","geometry":{"type":"Point","coordinates":[5.266417,52.39459]},"properties":{"type":"charge","layer":"passenger","locationId":"92c2aa0d-db05-4571-9484-eb217ded6624","name":"TNLP005950 - A. Boekenweg 1, Almere","address":"1 A. Boekenweg","city":"Almere","operatorName":"TotalEnergies","maxPowerKw":15,"isMegawatt":false,"status":"AVAILABLE","source":"ndw"}},{"type":"Feature","geometry":{"type":"Point","coordinates":[5.273976,52.376387]},"properties":{"type":"charge","layer":"passenger","locationId":"68d24b5d2505e39b1bef39fc","name":"K Harke 's station","address":"Edvard Munchweg 47","city":"Almere","operatorName":"E-Flux by Road","maxPowerKw":11,"isMegawatt":false,"status":"AVAILABLE","source":"ndw","priceKwh":0.43}},{"type":"Feature","geometry":{"type":"Point","coordinates":[5.1523,52.34525]},"properties":{"type":"charge","layer":"passenger","locationId":"614","name":"Shell Recharge NL Hongarijehof 29","address":"Hongarijehof 29","city":"Almere","operatorName":"Ubitricity","maxPowerKw":11,"isMegawatt":false,"status":"AVAILABLE","source":"ndw","priceKwh":0.388}},{"type":"Feature","geometry":{"type":"Point","coordinates":[5.18054,52.375217]},"properties":{"type":"charge","layer":"passenger","locationId":"c9c9be86-5fc4-4b6a-b6bf-93fbdcd55454","name":"PP005430 - Saxofoonweg 125, Almere","address":"125 Saxofoonweg","city":"Almere","operatorName":"TotalEnergies","maxPowerKw":13,"isMegawatt":false,"status":"AVAILABLE","source":"ndw"}},{"type":"Feature","geometry":{"type":"Point","coordinates":[5.153553,52.354614]},"properties":{"type":"charge","layer":"passenger","locationId":"599bb4f6-b5fe-499d-8e6e-5b3438a12d62","name":"Laadplein - TNLP006897 - Dionysusstraat 6, Almere","address":"6 Dionysusstraat","city":"Almere","operatorName":"TotalEnergies","maxPowerKw":15,"isMegawatt":false,"status":"AVAILABLE","source":"ndw"}},{"type":"Feature","geometry":{"type":"Point","coordinates":[5.2302668,52.3445031]},"properties":{"type":"charge","layer":"passenger","locationId":"2136","name":"Shell Recharge NL Hofmark 101","address":"Hofmark 101","city":"Almere","operatorName":"Ubitricity","maxPowerKw":22,"isMegawatt":false,"status":"AVAILABLE","source":"ndw","priceKwh":0.266}},{"type":"Feature","geometry":{"type":"Point","coordinates":[5.244321,52.378983]},"properties":{"type":"charge","layer":"passenger","locationId":"53f96fe0-5690-47ea-8d9b-88952a0ae8eb","name":"TNLP007654 - Kapitein de Langestraat 267, Almere","address":"267 Kapitein de Langestraat","city":"Almere","operatorName":"TotalEnergies","maxPowerKw":13,"isMegawatt":false,"status":"AVAILABLE","source":"ndw"}},{"type":"Feature","geometry":{"type":"Point","coordinates":[5.19814,52.38309]},"properties":{"type":"charge","layer":"passenger","locationId":"086a81c6-ba52-4a73-a1e0-a7d87d9f1085","name":"PP002053 - Buntgrasstraat 20, Almere","address":"20 Buntgrasstraat","city":"Almere","operatorName":"TotalEnergies","maxPowerKw":11,"isMegawatt":false,"status":"AVAILABLE","source":"ndw"}},{"type":"Feature","geometry":{"type":"Point","coordinates":[5.243972,52.375137]},"properties":{"type":"charge","layer":"passenger","locationId":"1603","name":"Shell Recharge NL Parkwijklaan 5","address":"Parkwijklaan 5","city":"Almere","operatorName":"Ubitricity","maxPowerKw":11,"isMegawatt":false,"status":"AVAILABLE","source":"ndw","priceKwh":0.388}},{"type":"Feature","geometry":{"type":"Point","coordinates":[5.17382,52.367867]},"properties":{"type":"charge","layer":"passenger","locationId":"02ee2d2f-83a8-493b-997f-f07e0479da29","name":"TNLP006318 - Rolling Stonesstraat 71, Almere","address":"71 Rolling Stonesstraat","city":"Almere","operatorName":"TotalEnergies","maxPowerKw":13,"isMegawatt":false,"status":"AVAILABLE","source":"ndw"}},{"type":"Feature","geometry":{"type":"Point","coordinates":[5.25985,52.35848]},"properties":{"type":"charge","layer":"passenger","locationId":"A968DAFD-12FB-43F6-B0FD-E018A35173C8","name":"Eneco eMobility Broekhuis Hyundai Almere","address":"De Strubbenweg 13","city":"Almere","operatorName":"Eneco","maxPowerKw":22,"isMegawatt":false,"status":"AVAILABLE","source":"ndw","priceKwh":0.45}},{"type":"Feature","geometry":{"type":"Point","coordinates":[5.17657,52.351034]},"properties":{"type":"charge","layer":"passenger","locationId":"3684d1c09a5846cba8b667c6c36cb7e0","name":"Breedveld & Schröder","address":"Katernstraat 11","city":"Almere","operatorName":"The Solar Charging Company B.V.","maxPowerKw":22,"isMegawatt":false,"status":"AVAILABLE","source":"ndw","priceKwh":0.45}},{"type":"Feature","geometry":{"type":"Point","coordinates":[5.2316299,52.3333102]},"properties":{"type":"charge","layer":"passenger","locationId":"2004","name":"Shell Recharge NL Rietmeent 37","address":"Rietmeent 37","city":"Almere","operatorName":"Ubitricity","maxPowerKw":22,"isMegawatt":false,"status":"AVAILABLE","source":"ndw","priceKwh":0.266}},{"type":"Feature","geometry":{"type":"Point","coordinates":[5.28521,52.356735]},"properties":{"type":"charge","layer":"passenger","locationId":"ce693f5a-c69e-410d-a649-5644e8cfed9f","name":"Laadplein - TNLP006259 - Gustav Hertzstraat 4, Almere","address":"4 Gustav Hertzstraat","city":"Almere","operatorName":"TotalEnergies","maxPowerKw":15,"isMegawatt":false,"status":"AVAILABLE","source":"ndw"}},{"type":"Feature","geometry":{"type":"Point","coordinates":[5.312618,52.394738]},"properties":{"type":"charge","layer":"passenger","locationId":"5bcbaa6b-8191-4e56-a8d5-89c29bc42076","name":"TNLP015208","address":"Guadeloupestraat 29","city":"Almere","operatorName":"TotalEnergies","maxPowerKw":17,"isMegawatt":false,"status":"AVAILABLE","source":"ndw"}},{"type":"Feature","geometry":{"type":"Point","coordinates":[5.190678,52.36612]},"properties":{"type":"charge","layer":"passenger","locationId":"c0197ed0-394a-470e-84f8-824547b1e70b","name":"TNLP008460 - Messiaenplantsoen 33, Almere","address":"33 Messiaenplantsoen","city":"Almere","operatorName":"TotalEnergies","maxPowerKw":13,"isMegawatt":false,"status":"AVAILABLE","source":"ndw"}},{"type":"Feature","geometry":{"type":"Point","coordinates":[5.1967729,52.382627]},"properties":{"type":"charge","layer":"passenger","locationId":"2028","name":"Shell Recharge NL Vingerhoedskruidstraat 34","address":"Vingerhoedskruidstraat 34","city":"Almere","operatorName":"Ubitricity","maxPowerKw":22,"isMegawatt":false,"status":"CHARGING","source":"ndw","priceKwh":0.266}},{"type":"Feature","geometry":{"type":"Point","coordinates":[5.221787,52.376354]},"properties":{"type":"charge","layer":"passenger","locationId":"61f375a5fc294a35a212","name":"Parkeergarage Landdorstdreef - Almere, Landdorstdreef","address":"Landdorstdreef 124","city":"Almere","operatorName":"Opcharge","maxPowerKw":22,"isMegawatt":false,"status":"AVAILABLE","source":"ndw","priceKwh":0.49}},{"type":"Feature","geometry":{"type":"Point","coordinates":[5.17672,52.367954]},"properties":{"type":"charge","layer":"passenger","locationId":"f0670775-9658-45c6-9055-24300b4a9e07","name":"TNLP006711 - Rolling Stonesstraat 14, Almere","address":"14 Rolling Stonesstraat","city":"Almere","operatorName":"TotalEnergies","maxPowerKw":13,"isMegawatt":false,"status":"AVAILABLE","source":"ndw"}},{"type":"Feature","geometry":{"type":"Point","coordinates":[5.286755,52.402367]},"properties":{"type":"charge","layer":"passenger","locationId":"1d5fb5f8-6de6-4e1f-a0ab-883271716751","name":"TNLP009993 - Junistraat 69, Almere","address":"69 Junistraat","city":"Almere","operatorName":"TotalEnergies","maxPowerKw":13,"isMegawatt":false,"status":"UNAVAILABLE","source":"ndw"}},{"type":"Feature","geometry":{"type":"Point","coordinates":[5.251806,52.358196]},"properties":{"type":"charge","layer":"passenger","locationId":"520e7a75-2acf-49a5-9e76-b04c5ee9b6d6","name":"Almere, Netherlands","address":"45, Veluwezoom","city":"Almere","operatorName":"Tesla","maxPowerKw":250,"isMegawatt":false,"status":"AVAILABLE","source":"ndw","priceKwh":0.53}},{"type":"Feature","geometry":{"type":"Point","coordinates":[5.17173,52.393562]},"properties":{"type":"charge","layer":"passenger","locationId":"2d7593e5-9293-4321-a4b3-dac1efbe23a6","name":"TNLP005707 - Latijnzeil 56, Almere","address":"56 Latijnzeil","city":"Almere","operatorName":"TotalEnergies","maxPowerKw":13,"isMegawatt":false,"status":"AVAILABLE","source":"ndw"}},{"type":"Feature","geometry":{"type":"Point","coordinates":[5.28878,52.36109]},"properties":{"type":"charge","layer":"passenger","locationId":"4b2da7f0-ec20-4bd5-82c2-38c8746c6127","name":"TNLP007809 - Martin Rylestraat 8, Almere","address":"8 Martin Rylestraat","city":"Almere","operatorName":"TotalEnergies","maxPowerKw":13,"isMegawatt":false,"status":"AVAILABLE","source":"ndw"}},{"type":"Feature","geometry":{"type":"Point","coordinates":[5.22861,52.38539]},"properties":{"type":"charge","layer":"passenger","locationId":"5c319069-f8f8-4089-ba3d-63c5fbf25260","name":"TNLP009501 - Lekstraat 61, Almere","address":"61 Lekstraat","city":"Almere","operatorName":"TotalEnergies","maxPowerKw":15,"isMegawatt":false,"status":"AVAILABLE","source":"ndw"}},{"type":"Feature","geometry":{"type":"Point","coordinates":[5.286183,52.361744]},"properties":{"type":"charge","layer":"passenger","locationId":"5d6f5f6c-76a3-4c47-9348-96c667a22917","name":"TNLP008083 - Lev Landaustraat 4, Almere","address":"4 Lev Landaustraat","city":"Almere","operatorName":"TotalEnergies","maxPowerKw":13,"isMegawatt":false,"status":"CHARGING","source":"ndw"}},{"type":"Feature","geometry":{"type":"Point","coordinates":[5.288789,52.357751]},"properties":{"type":"charge","layer":"passenger","locationId":"cb28a5440c043f7a228385442e740eae","name":"Albert Einsteinstraat 57","address":"Albert Einsteinstraat 57","city":"Almere","operatorName":"Vattenfall InCharge","maxPowerKw":11,"isMegawatt":false,"status":"AVAILABLE","source":"ndw"}},{"type":"Feature","geometry":{"type":"Point","coordinates":[5.208551,52.372208]},"properties":{"type":"charge","layer":"passenger","locationId":"3e1438be-cabd-4031-b9d1-9aec13f44496","name":"TNLP009410 - Staverenstraat 8, Almere","address":"8 Staverenstraat","city":"Almere","operatorName":"TotalEnergies","maxPowerKw":15,"isMegawatt":false,"status":"AVAILABLE","source":"ndw"}},{"type":"Feature","geometry":{"type":"Point","coordinates":[5.210056,52.363341]},"properties":{"type":"charge","layer":"passenger","locationId":"399","name":"Shell Recharge NL Hengelostraat 5","address":"Hengelostraat 5","city":"Almere","operatorName":"Ubitricity","maxPowerKw":11,"isMegawatt":false,"status":"AVAILABLE","source":"ndw","priceKwh":0.388}},{"type":"Feature","geometry":{"type":"Point","coordinates":[5.178162,52.39204]},"properties":{"type":"charge","layer":"passenger","locationId":"3ebefb4b-45e0-4dcb-b099-0c614166c4df","name":"TNLP007079 - Boelijn 84, Almere","address":"84 Boelijn","city":"Almere","operatorName":"TotalEnergies","maxPowerKw":13,"isMegawatt":false,"status":"AVAILABLE","source":"ndw"}},{"type":"Feature","geometry":{"type":"Point","coordinates":[5.17642,52.387414]},"properties":{"type":"charge","layer":"passenger","locationId":"e319f8f19e29486770134a20e80babac","name":"Kajuit 105","address":"Kajuit 105","city":"Almere","operatorName":"Vattenfall InCharge","maxPowerKw":11,"isMegawatt":false,"status":"CHARGING","source":"ndw"}},{"type":"Feature","geometry":{"type":"Point","coordinates":[5.189665,52.37248]},"properties":{"type":"charge","layer":"passenger","locationId":"c5b14421-0eb3-4699-b92c-dd769b786c20","name":"TNLP006202 - Hobostraat 1, Almere","address":"1 Hobostraat","city":"Almere","operatorName":"TotalEnergies","maxPowerKw":13,"isMegawatt":false,"status":"AVAILABLE","source":"ndw"}},{"type":"Feature","geometry":{"type":"Point","coordinates":[5.310776,52.39785]},"properties":{"type":"charge","layer":"passenger","locationId":"85357bc5-563c-4b0a-8c0c-7d188cf26e24","name":"PP005327 - Zanzibarstraat 67, Almere","address":"67 Zanzibarstraat","city":"Almere","operatorName":"TotalEnergies","maxPowerKw":13,"isMegawatt":false,"status":"AVAILABLE","source":"ndw"}},{"type":"Feature","geometry":{"type":"Point","coordinates":[5.2147274,52.3379637]},"properties":{"type":"charge","layer":"passenger","locationId":"1728","name":"Shell Recharge NL Binnenhof 168","address":"Binnenhof 168","city":"Almere","operatorName":"Ubitricity","maxPowerKw":22,"isMegawatt":false,"status":"AVAILABLE","source":"ndw","priceKwh":0.266}},{"type":"Feature","geometry":{"type":"Point","coordinates":[5.262233,52.396065]},"properties":{"type":"charge","layer":"passenger","locationId":"b5135ab7-bf37-4fa9-a0de-c9378e36ab8f","name":"PP005656 - S. van Ravesteynstraat 57, Almere","address":"57 S. van Ravesteynstraat","city":"Almere","operatorName":"TotalEnergies","maxPowerKw":13,"isMegawatt":false,"status":"AVAILABLE","source":"ndw"}},{"type":"Feature","geometry":{"type":"Point","coordinates":[5.285075,52.391098]},"properties":{"type":"charge","layer":"passenger","locationId":"f162b4a1-e487-4cbc-987e-e1b3ba977d53","name":"TNLP008876 - Blauwe Druifjesstraat 2, Almere","address":"2 Blauwe Druifjesstraat","city":"Almere","operatorName":"TotalEnergies","maxPowerKw":14,"isMegawatt":false,"status":"AVAILABLE","source":"ndw"}},{"type":"Feature","geometry":{"type":"Point","coordinates":[5.24225,52.37693]},"properties":{"type":"charge","layer":"passenger","locationId":"4ac12fe8-1d80-473e-9639-55df2951c11a","name":"PP002553 - Haagbeukweg 141, Almere","address":"141 Haagbeukweg","city":"Almere","operatorName":"TotalEnergies","maxPowerKw":13,"isMegawatt":false,"status":"AVAILABLE","source":"ndw"}},{"type":"Feature","geometry":{"type":"Point","coordinates":[5.28952,52.35955]},"properties":{"type":"charge","layer":"passenger","locationId":"d7b44da1-e74d-4717-83d9-93173e5fe848","name":"TNLP015323 - Ilya Frankstraat 2, Almere","address":"2 Ilya Frankstraat","city":"Almere","operatorName":"TotalEnergies","maxPowerKw":13,"isMegawatt":false,"status":"AVAILABLE","source":"ndw"}},{"type":"Feature","geometry":{"type":"Point","coordinates":[5.151461,52.341984]},"properties":{"type":"charge","layer":"passenger","locationId":"8ba9382b-5197-46a4-abac-6681a431c0a5","name":"TNLP009506 - Jacques Lebrunstraat 2, Almere","address":"2 Jacques Lebrunstraat","city":"Almere","operatorName":"TotalEnergies","maxPowerKw":13,"isMegawatt":false,"status":"AVAILABLE","source":"ndw"}},{"type":"Feature","geometry":{"type":"Point","coordinates":[5.225724,52.38621]},"properties":{"type":"charge","layer":"passenger","locationId":"905e4127-cb82-4bc8-868c-d1397cec0139","name":"TNLP015012 - Haringvlietstraat 16, Almere","address":"16 Haringvlietstraat","city":"Almere","operatorName":"TotalEnergies","maxPowerKw":13,"isMegawatt":false,"status":"AVAILABLE","source":"ndw"}},{"type":"Feature","geometry":{"type":"Point","coordinates":[5.21844,52.37781]},"properties":{"type":"charge","layer":"passenger","locationId":"361","name":"Shell Recharge NL Churchillweg 248","address":"Churchillweg 248","city":"Almere","operatorName":"Ubitricity","maxPowerKw":11,"isMegawatt":false,"status":"AVAILABLE","source":"ndw","priceKwh":0.388}},{"type":"Feature","geometry":{"type":"Point","coordinates":[5.22716,52.33947]},"properties":{"type":"charge","layer":"passenger","locationId":"233","name":"Shell Recharge NL Tuinderswerf 43","address":"Tuinderswerf 43","city":"Almere","operatorName":"Ubitricity","maxPowerKw":11,"isMegawatt":false,"status":"AVAILABLE","source":"ndw","priceKwh":0.388}},{"type":"Feature","geometry":{"type":"Point","coordinates":[5.217635,52.335957]},"properties":{"type":"charge","layer":"passenger","locationId":"c86635e8-1f3a-4d45-979b-38b858dfbd43","name":"TNLP015118 - Marktgracht 53, Almere","address":"53 Marktgracht","city":"Almere","operatorName":"TotalEnergies","maxPowerKw":13,"isMegawatt":false,"status":"AVAILABLE","source":"ndw"}},{"type":"Feature","geometry":{"type":"Point","coordinates":[5.280462,52.39377]},"properties":{"type":"charge","layer":"passenger","locationId":"80ae22e9-4b35-428d-9da4-0da095bc6d60","name":"TNLP008317 - Globeplein 54, Almere","address":"54 Globeplein","city":"Almere","operatorName":"TotalEnergies","maxPowerKw":14,"isMegawatt":false,"status":"CHARGING","source":"ndw"}},{"type":"Feature","geometry":{"type":"Point","coordinates":[5.251435,52.373257]},"properties":{"type":"charge","layer":"passenger","locationId":"c9f03923-3874-41bc-848c-d5113553352e","name":"TNLP006026 - Parkwijklaan 160, Almere","address":"160 Parkwijklaan","city":"Almere","operatorName":"TotalEnergies","maxPowerKw":13,"isMegawatt":false,"status":"CHARGING","source":"ndw"}},{"type":"Feature","geometry":{"type":"Point","coordinates":[5.233326,52.372303]},"properties":{"type":"charge","layer":"passenger","locationId":"1a14e270-b033-482f-a1de-a7abea06ae48","name":"TNLP006873 - Marty Feldmanstraat 71, Almere","address":"71 Marty Feldmanstraat","city":"Almere","operatorName":"TotalEnergies","maxPowerKw":13,"isMegawatt":false,"status":"AVAILABLE","source":"ndw"}},{"type":"Feature","geometry":{"type":"Point","coordinates":[5.248126,52.35979]},"properties":{"type":"charge","layer":"passenger","locationId":"380","name":"Shell Recharge NL Hitchkocklaan 8","address":"Hitchkocklaan 8","city":"Almere","operatorName":"Ubitricity","maxPowerKw":11,"isMegawatt":false,"status":"AVAILABLE","source":"ndw","priceKwh":0.388}},{"type":"Feature","geometry":{"type":"Point","coordinates":[5.229638,52.33662]},"properties":{"type":"charge","layer":"passenger","locationId":"NLLOC002228","name":"NLD, Achterwerf 74, 1357 BL, Almere","address":"Achterwerf 74","city":"Almere","operatorName":"Allego","maxPowerKw":11,"isMegawatt":false,"status":"AVAILABLE","source":"ndw","priceKwh":0.511}},{"type":"Feature","geometry":{"type":"Point","coordinates":[5.197015,52.369262]},"properties":{"type":"charge","layer":"passenger","locationId":"bb1a4d73-1770-44d2-8f16-008aed18362f","name":"TNLP034274","address":"Couperinstraat 6","city":"Almere","operatorName":"TotalEnergies","maxPowerKw":14,"isMegawatt":false,"status":"CHARGING","source":"ndw"}},{"type":"Feature","geometry":{"type":"Point","coordinates":[5.190496,52.364807]},"properties":{"type":"charge","layer":"passenger","locationId":"bb8d899c-1443-4995-a7a3-987eccf46e72","name":"TNLP007424 - Prokofjevstraat 28, Almere","address":"28 Prokofjevstraat","city":"Almere","operatorName":"TotalEnergies","maxPowerKw":13,"isMegawatt":false,"status":"AVAILABLE","source":"ndw"}},{"type":"Feature","geometry":{"type":"Point","coordinates":[5.269547,52.37557]},"properties":{"type":"charge","layer":"passenger","locationId":"05861e07-14b1-443b-aa73-9b5ec77b608e","name":"TNLP006692 - Henry Moorestraat 72, Almere","address":"72 Henry Moorestraat","city":"Almere","operatorName":"TotalEnergies","maxPowerKw":13,"isMegawatt":false,"status":"CHARGING","source":"ndw"}},{"type":"Feature","geometry":{"type":"Point","coordinates":[5.256339,52.368053]},"properties":{"type":"charge","layer":"passenger","locationId":"947b0a39-5de4-4622-98fb-afdb569801d0","name":"TNLP015004 - Danslaan 55, Almere","address":"55 Danslaan","city":"Almere","operatorName":"TotalEnergies","maxPowerKw":13,"isMegawatt":false,"status":"AVAILABLE","source":"ndw"}},{"type":"Feature","geometry":{"type":"Point","coordinates":[5.21478,52.33864]},"properties":{"type":"charge","layer":"passenger","locationId":"a01744e7bb9301564ee4f327c3c1406e","name":"Binnenhof 137","address":"Binnenhof 137","city":"Almere","operatorName":"Vattenfall InCharge","maxPowerKw":11,"isMegawatt":false,"status":"AVAILABLE","source":"ndw"}},{"type":"Feature","geometry":{"type":"Point","coordinates":[5.17859,52.35966]},"properties":{"type":"charge","layer":"passenger","locationId":"38df69a6-3f7d-4bdb-8b88-bb0b8d5ada86","name":"PP002052 - Poëziestraat 398, Almere","address":"398 Poëziestraat","city":"Almere","operatorName":"TotalEnergies","maxPowerKw":11,"isMegawatt":false,"status":"AVAILABLE","source":"ndw"}},{"type":"Feature","geometry":{"type":"Point","coordinates":[5.22856,52.34675]},"properties":{"type":"charge","layer":"passenger","locationId":"213","name":"Shell Recharge NL Hofmark 285","address":"Hofmark 285","city":"Almere","operatorName":"Ubitricity","maxPowerKw":11,"isMegawatt":false,"status":"AVAILABLE","source":"ndw","priceKwh":0.388}},{"type":"Feature","geometry":{"type":"Point","coordinates":[5.18437,52.36107]},"properties":{"type":"charge","layer":"passenger","locationId":"666","name":"Shell Recharge NL Betje Wolffstraat 58","address":"Betje Wolffstraat 58","city":"Almere","operatorName":"Ubitricity","maxPowerKw":11,"isMegawatt":false,"status":"AVAILABLE","source":"ndw","priceKwh":0.388}},{"type":"Feature","geometry":{"type":"Point","coordinates":[5.2027,52.38312]},"properties":{"type":"charge","layer":"passenger","locationId":"15b5f6d5-02a3-4e76-b5f0-2aae874d71fc","name":"TNLP007813 - Gipskruidweg 20, Almere","address":"20 Gipskruidweg","city":"Almere","operatorName":"TotalEnergies","maxPowerKw":15,"isMegawatt":false,"status":"AVAILABLE","source":"ndw"}},{"type":"Feature","geometry":{"type":"Point","coordinates":[5.321348,52.39832]},"properties":{"type":"charge","layer":"passenger","locationId":"d0cb9776-4b04-46ac-a12d-4590207223a5","name":"TNLP008884 - Suskeplantsoen 2, Almere","address":"2 Suskeplantsoen","city":"Almere","operatorName":"TotalEnergies","maxPowerKw":14,"isMegawatt":false,"status":"AVAILABLE","source":"ndw"}},{"type":"Feature","geometry":{"type":"Point","coordinates":[5.149855,52.343678]},"properties":{"type":"charge","layer":"passenger","locationId":"1709d0c8-d1d9-4118-9704-0e9f4012797c","name":"TNLP007218 - Demetrius Vikelaslaan 72, Almere","address":"72 Demetrius Vikelaslaan","city":"Almere","operatorName":"TotalEnergies","maxPowerKw":13,"isMegawatt":false,"status":"AVAILABLE","source":"ndw"}},{"type":"Feature","geometry":{"type":"Point","coordinates":[5.281309,52.356845]},"properties":{"type":"charge","layer":"passenger","locationId":"85c21650ecbe5ccfaa619882f9c9c44a","name":"Frits Zernikestraat 5","address":"Frits Zernikestraat 5","city":"Almere","operatorName":"Vattenfall InCharge","maxPowerKw":11,"isMegawatt":false,"status":"CHARGING","source":"ndw"}},{"type":"Feature","geometry":{"type":"Point","coordinates":[5.208887,52.360065]},"properties":{"type":"charge","layer":"passenger","locationId":"b36d0ffd-4090-46c4-885f-798a3aa3ffcd","name":"TNLP006967 - Roermondstraat 2, Almere","address":"2 Roermondstraat","city":"Almere","operatorName":"TotalEnergies","maxPowerKw":15,"isMegawatt":false,"status":"AVAILABLE","source":"ndw"}},{"type":"Feature","geometry":{"type":"Point","coordinates":[5.24175,52.38124]},"properties":{"type":"charge","layer":"passenger","locationId":"292","name":"Shell Recharge NL Jan Wildschutstraat 1","address":"Jan Wildschutstraat 1","city":"Almere","operatorName":"Ubitricity","maxPowerKw":11,"isMegawatt":false,"status":"AVAILABLE","source":"ndw","priceKwh":0.388}},{"type":"Feature","geometry":{"type":"Point","coordinates":[5.321908,52.406617]},"properties":{"type":"charge","layer":"passenger","locationId":"6334519cf9375124cc620013","name":"Shell Recharge - Van Staveren","address":"De Striptekenaar 83","city":"Almere","operatorName":"E-Flux by Road","maxPowerKw":150,"isMegawatt":false,"status":"AVAILABLE","source":"ndw","priceKwh":0.68}},{"type":"Feature","geometry":{"type":"Point","coordinates":[5.269272,52.390076]},"properties":{"type":"charge","layer":"passenger","locationId":"08cdcac1-96d6-4ff5-b081-9f0f59c15b22","name":"PP005558 - Springendallaan 145, Almere","address":"145 Springendallaan","city":"Almere","operatorName":"TotalEnergies","maxPowerKw":13,"isMegawatt":false,"status":"CHARGING","source":"ndw"}},{"type":"Feature","geometry":{"type":"Point","coordinates":[5.243863,52.402105]},"properties":{"type":"charge","layer":"passenger","locationId":"66aa0d7230d1fd001c95f416","name":"NL - Almere - Hefbrugweg 28","address":"Hefbrugweg 28","city":"Almere","operatorName":"E-Flux by Road","maxPowerKw":22,"isMegawatt":false,"status":"AVAILABLE","source":"ndw","priceKwh":0.24}},{"type":"Feature","geometry":{"type":"Point","coordinates":[5.291035,52.35933]},"properties":{"type":"charge","layer":"passenger","locationId":"c167cfc2-4b02-4e28-878e-e3980f2a5237","name":"TNLP008827 - Robert Hofstadterstraat 66, Almere","address":"66 Robert Hofstadterstraat","city":"Almere","operatorName":"TotalEnergies","maxPowerKw":13,"isMegawatt":false,"status":"AVAILABLE","source":"ndw"}},{"type":"Feature","geometry":{"type":"Point","coordinates":[5.263349,52.378086]},"properties":{"type":"charge","layer":"passenger","locationId":"27e9742c-5ec5-44f8-ab25-3fc99d0842b2","name":"TNLP006295 - Wim Schuhmacherhof 1, Almere","address":"1 Wim Schuhmacherhof","city":"Almere","operatorName":"TotalEnergies","maxPowerKw":13,"isMegawatt":false,"status":"AVAILABLE","source":"ndw"}},{"type":"Feature","geometry":{"type":"Point","coordinates":[5.28748,52.40174]},"properties":{"type":"charge","layer":"passenger","locationId":"54e0f0f6-061f-4eac-af83-51ecf92b952e","name":"TNLP005722 - Junistraat 47, Almere","address":"47 Junistraat","city":"Almere","operatorName":"TotalEnergies","maxPowerKw":13,"isMegawatt":false,"status":"AVAILABLE","source":"ndw"}},{"type":"Feature","geometry":{"type":"Point","coordinates":[5.18877,52.36728]},"properties":{"type":"charge","layer":"passenger","locationId":"8444ea0b-e4bd-4f04-9b1c-1048de1321c8","name":"PP002561 - Bartokweg 153, Almere","address":"153 Bartokweg","city":"Almere","operatorName":"TotalEnergies","maxPowerKw":13,"isMegawatt":false,"status":"AVAILABLE","source":"ndw"}},{"type":"Feature","geometry":{"type":"Point","coordinates":[5.213239,52.38631]},"properties":{"type":"charge","layer":"passenger","locationId":"eb1bfde4-0b2c-47b2-8cd1-1964cec6b03f","name":"TNLP007011 - Markerkant 12 1, Almere","address":"12 1 Markerkant","city":"Almere","operatorName":"TotalEnergies","maxPowerKw":15,"isMegawatt":false,"status":"CHARGING","source":"ndw"}},{"type":"Feature","geometry":{"type":"Point","coordinates":[5.198121,52.364937]},"properties":{"type":"charge","layer":"passenger","locationId":"453b3dad-0812-4da5-a5ae-8c3a9cc480a8","name":"TNLP006651 - Haydnplantsoen 58, Almere","address":"58 Haydnplantsoen","city":"Almere","operatorName":"TotalEnergies","maxPowerKw":13,"isMegawatt":false,"status":"CHARGING","source":"ndw"}},{"type":"Feature","geometry":{"type":"Point","coordinates":[5.262932,52.403203]},"properties":{"type":"charge","layer":"passenger","locationId":"63a57f42f5b37d0012a69d56","name":"BLU keukens","address":"Zandzuigerstraat  58","city":"Almere","operatorName":"E-Flux by Road","maxPowerKw":11,"isMegawatt":false,"status":"UNAVAILABLE","source":"ndw"}},{"type":"Feature","geometry":{"type":"Point","coordinates":[5.265885,52.36675]},"properties":{"type":"charge","layer":"passenger","locationId":"b93133c0-a744-4855-a63c-3a94a2fe7b90","name":"TNLP009226 - Constablestraat 35, Almere","address":"35 Constablestraat","city":"Almere","operatorName":"TotalEnergies","maxPowerKw":15,"isMegawatt":false,"status":"AVAILABLE","source":"ndw"}},{"type":"Feature","geometry":{"type":"Point","coordinates":[5.173524,52.395966]},"properties":{"type":"charge","layer":"passenger","locationId":"cbb892e1-cfb2-41f2-a596-495babe63bd8","name":"TNLP007163 - Spinakerplantsoen 90, Almere","address":"90 Spinakerplantsoen","city":"Almere","operatorName":"TotalEnergies","maxPowerKw":13,"isMegawatt":false,"status":"AVAILABLE","source":"ndw"}},{"type":"Feature","geometry":{"type":"Point","coordinates":[5.245338,52.355753]},"properties":{"type":"charge","layer":"passenger","locationId":"CA3FF76D-C756-4E73-AE18-39CF413A36B2","name":"Eneco - No Roaming NL A-Point Veluwezoom 17-19, Almere","address":"Veluwezoom 17-19","city":"Almere","operatorName":"Eneco","maxPowerKw":22,"isMegawatt":false,"status":"AVAILABLE","source":"ndw","priceKwh":0.32}},{"type":"Feature","geometry":{"type":"Point","coordinates":[5.145072,52.345927]},"properties":{"type":"charge","layer":"passenger","locationId":"2b709216dd668ef35c337f4bce02ae8a","name":"Zwedenstraat 33","address":"Zwedenstraat 33","city":"Almere","operatorName":"Vattenfall InCharge","maxPowerKw":11,"isMegawatt":false,"status":"AVAILABLE","source":"ndw"}},{"type":"Feature","geometry":{"type":"Point","coordinates":[5.2395349,52.3407895]},"properties":{"type":"charge","layer":"passenger","locationId":"1681","name":"Shell Recharge NL Wilgengriend 19","address":"Wilgengriend 19","city":"Almere","operatorName":"Ubitricity","maxPowerKw":22,"isMegawatt":false,"status":"AVAILABLE","source":"ndw","priceKwh":0.266}},{"type":"Feature","geometry":{"type":"Point","coordinates":[5.25903,52.38339]},"properties":{"type":"charge","layer":"passenger","locationId":"1be70c2f-6f9a-4c2e-ba58-55f54a7f410d","name":"PP004195 - Meindert Hobbemastraat 188, Almere","address":"188 Meindert Hobbemastraat","city":"Almere","operatorName":"TotalEnergies","maxPowerKw":15,"isMegawatt":false,"status":"AVAILABLE","source":"ndw"}},{"type":"Feature","geometry":{"type":"Point","coordinates":[5.287292,52.400623]},"properties":{"type":"charge","layer":"passenger","locationId":"b21e13ee-67ae-4e21-b3ad-a2d5b39e90a3","name":"TNLP007431 - Eeuwenweg 83, Almere","address":"83 Eeuwenweg","city":"Almere","operatorName":"TotalEnergies","maxPowerKw":13,"isMegawatt":false,"status":"AVAILABLE","source":"ndw"}},{"type":"Feature","geometry":{"type":"Point","coordinates":[5.196212,52.373344]},"properties":{"type":"charge","layer":"passenger","locationId":"2d267598-390b-4417-a687-4696f6259422","name":"TNLP006217 - Klein-Brandt Sportpark 1, Almere","address":"1 Klein-Brandt Sportpark","city":"Almere","operatorName":"TotalEnergies","maxPowerKw":15,"isMegawatt":false,"status":"AVAILABLE","source":"ndw"}},{"type":"Feature","geometry":{"type":"Point","coordinates":[5.215403,52.33512]},"properties":{"type":"charge","layer":"passenger","locationId":"44e669b9-331c-440c-83a8-25ba5cf707db","name":"EV Hub - Boogstraat 25, Almere","address":"25 Boogstraat","city":"Almere","operatorName":"TotalEnergies","maxPowerKw":50,"isMegawatt":false,"status":"AVAILABLE","source":"ndw"}},{"type":"Feature","geometry":{"type":"Point","coordinates":[5.30584,52.40269]},"properties":{"type":"charge","layer":"passenger","locationId":"8578e9dcecb361cb171c5652997e883d","name":"Hebridenstraat 56","address":"Hebridenstraat 56","city":"Almere","operatorName":"Vattenfall InCharge","maxPowerKw":11,"isMegawatt":false,"status":"CHARGING","source":"ndw"}},{"type":"Feature","geometry":{"type":"Point","coordinates":[5.17808,52.392513]},"properties":{"type":"charge","layer":"passenger","locationId":"9a39d728-9a74-4e39-9422-17f8595adfd5","name":"TNLP006174 - Boelijn 102, Almere","address":"102 Boelijn","city":"Almere","operatorName":"TotalEnergies","maxPowerKw":13,"isMegawatt":false,"status":"AVAILABLE","source":"ndw"}},{"type":"Feature","geometry":{"type":"Point","coordinates":[5.2835,52.38066]},"properties":{"type":"charge","layer":"passenger","locationId":"CA54187C-446D-4206-994C-195DFFA9F396","name":"Eneco eMobility Trekweg 51 Almere","address":"Trekweg 51","city":"Almere","operatorName":"Eneco","maxPowerKw":22,"isMegawatt":false,"status":"AVAILABLE","source":"ndw","priceKwh":0.7}},{"type":"Feature","geometry":{"type":"Point","coordinates":[5.230971,52.391888]},"properties":{"type":"charge","layer":"passenger","locationId":"7f66301b-9da0-414d-aee2-7c343cf9955a","name":"TNLP006830 - Brasemstraat 21, Almere","address":"21 Brasemstraat","city":"Almere","operatorName":"TotalEnergies","maxPowerKw":15,"isMegawatt":false,"status":"AVAILABLE","source":"ndw"}},{"type":"Feature","geometry":{"type":"Point","coordinates":[5.15571,52.34763]},"properties":{"type":"charge","layer":"passenger","locationId":"05a1327caa04f6645b785aae555a5cfb","name":"Moldaviëstraat 120","address":"Moldaviëstraat 120","city":"Almere","operatorName":"Vattenfall InCharge","maxPowerKw":11,"isMegawatt":false,"status":"AVAILABLE","source":"ndw"}},{"type":"Feature","geometry":{"type":"Point","coordinates":[5.141142,52.352009]},"properties":{"type":"charge","layer":"passenger","locationId":"NLLOC001168","name":"NLD, Almere, Abel Tasmanstraat 97","address":"Abel Tasmanstraat 97","city":"Almere","operatorName":"Allego","maxPowerKw":11,"isMegawatt":false,"status":"CHARGING","source":"ndw","priceKwh":0.511}},{"type":"Feature","geometry":{"type":"Point","coordinates":[5.236273,52.388657]},"properties":{"type":"charge","layer":"passenger","locationId":"00a5c913-2c0b-4219-8e98-5378c7adbd2f","name":"PP001641 - Zaagvisplantsoen 14, Almere","address":"14 Zaagvisplantsoen","city":"Almere","operatorName":"TotalEnergies","maxPowerKw":11,"isMegawatt":false,"status":"CHARGING","source":"ndw"}},{"type":"Feature","geometry":{"type":"Point","coordinates":[5.19171,52.36441]},"properties":{"type":"charge","layer":"passenger","locationId":"a966a985fa0bbb48f13ca41fa3fbaef8","name":"Willem Pijperstraat 57","address":"Willem Pijperstraat 57","city":"Almere","operatorName":"Vattenfall InCharge","maxPowerKw":11,"isMegawatt":false,"status":"AVAILABLE","source":"ndw"}},{"type":"Feature","geometry":{"type":"Point","coordinates":[5.307044,52.397918]},"properties":{"type":"charge","layer":"passenger","locationId":"3cb0a179-639f-4d46-9911-d90d9066e841","name":"TNLP034244","address":"Tahitistraat 24","city":"Almere","operatorName":"TotalEnergies","maxPowerKw":14,"isMegawatt":false,"status":"AVAILABLE","source":"ndw"}},{"type":"Feature","geometry":{"type":"Point","coordinates":[5.2294,52.34428]},"properties":{"type":"charge","layer":"passenger","locationId":"e7cc6f71-c9aa-47fe-81cc-580ae5757d76","name":"PP005222 - Hofmark 72, Almere","address":"72 Hofmark","city":"Almere","operatorName":"TotalEnergies","maxPowerKw":13,"isMegawatt":false,"status":"AVAILABLE","source":"ndw"}},{"type":"Feature","geometry":{"type":"Point","coordinates":[5.295849,52.393635]},"properties":{"type":"charge","layer":"passenger","locationId":"e3d36d98-b8cc-47dd-b068-0e8166f6169b","name":"TNLP009812 - Hennahof, 66, Almere","address":"66 Hennahof","city":"Almere","operatorName":"TotalEnergies","maxPowerKw":17,"isMegawatt":false,"status":"AVAILABLE","source":"ndw"}},{"type":"Feature","geometry":{"type":"Point","coordinates":[5.2529812,52.3659528]},"properties":{"type":"charge","layer":"passenger","locationId":"1055","name":"Shell Recharge NL Paso Doblesingel 42","address":"Paso Doblesingel 42","city":"Almere","operatorName":"Ubitricity","maxPowerKw":22,"isMegawatt":false,"status":"AVAILABLE","source":"ndw","priceKwh":0.266}},{"type":"Feature","geometry":{"type":"Point","coordinates":[5.232189,52.33649]},"properties":{"type":"charge","layer":"passenger","locationId":"f1baccea-0678-4010-ae26-91c900f04a01","name":"TNLP009206 - Jaagmeent 260, Almere","address":"260 Jaagmeent","city":"Almere","operatorName":"TotalEnergies","maxPowerKw":15,"isMegawatt":false,"status":"CHARGING","source":"ndw"}},{"type":"Feature","geometry":{"type":"Point","coordinates":[5.314203,52.400061]},"properties":{"type":"charge","layer":"passenger","locationId":"f5ac577c-c517-428f-972b-a611bb160cc8","name":"Burgermeester Dickerdacklaan","address":"Burgermeester Dickerdacklaan 4","city":"Almere","operatorName":"Vattenfall InCharge","maxPowerKw":11,"isMegawatt":false,"status":"CHARGING","source":"ndw"}},{"type":"Feature","geometry":{"type":"Point","coordinates":[5.22706,52.37175]},"properties":{"type":"charge","layer":"passenger","locationId":"4c5fbede2f105f080803e445e3360166","name":"Oscarlaan 182","address":"Oscarlaan 182","city":"Almere","operatorName":"Vattenfall InCharge","maxPowerKw":11,"isMegawatt":false,"status":"AVAILABLE","source":"ndw"}},{"type":"Feature","geometry":{"type":"Point","coordinates":[5.25339,52.35706]},"properties":{"type":"charge","layer":"passenger","locationId":"24C0C50F-981C-489B-9514-59329FE09D13","name":"Eneco eMobility Cube Centre Vastgoedfonds - Almere","address":"Veluwezoom 7","city":"Almere","operatorName":"Eneco","maxPowerKw":22,"isMegawatt":false,"status":"AVAILABLE","source":"ndw","priceKwh":0.49}},{"type":"Feature","geometry":{"type":"Point","coordinates":[5.284375,52.40215]},"properties":{"type":"charge","layer":"passenger","locationId":"bc15ed4d-3e02-4782-a0b1-d13c452d9079","name":"TNLP007818 - Jarenweg 77, Almere","address":"77 Jarenweg","city":"Almere","operatorName":"TotalEnergies","maxPowerKw":13,"isMegawatt":false,"status":"AVAILABLE","source":"ndw"}},{"type":"Feature","geometry":{"type":"Point","coordinates":[5.211177,52.340663]},"properties":{"type":"charge","layer":"passenger","locationId":"696e1790507c4882aaf7355e","name":"Complex Uithof-1","address":"Uithof 101","city":"Almere","operatorName":"E-Flux by Road","maxPowerKw":22,"isMegawatt":false,"status":"AVAILABLE","source":"ndw","priceKwh":0.53}},{"type":"Feature","geometry":{"type":"Point","coordinates":[5.287496,52.398098]},"properties":{"type":"charge","layer":"passenger","locationId":"eda18c78-7f75-4ae9-92b7-11703247e62b","name":"TNLP006268 - Pontianakstraat 17, Almere","address":"17 Pontianakstraat","city":"Almere","operatorName":"TotalEnergies","maxPowerKw":13,"isMegawatt":false,"status":"AVAILABLE","source":"ndw"}},{"type":"Feature","geometry":{"type":"Point","coordinates":[5.195051,52.365593]},"properties":{"type":"charge","layer":"passenger","locationId":"faa2649e3d32823de064c66926a65a78","name":"Cesar Franckweg 105","address":"Cesar Franckweg 105","city":"Almere","operatorName":"Vattenfall InCharge","maxPowerKw":11,"isMegawatt":false,"status":"AVAILABLE","source":"ndw"}},{"type":"Feature","geometry":{"type":"Point","coordinates":[5.281625,52.35673]},"properties":{"type":"charge","layer":"passenger","locationId":"3ef86e9a-6823-4b9d-8e6b-2dc6c0e73d7f","name":"TNLP007331 - Frits Zernikestraat 3, Almere","address":"3 Frits Zernikestraat","city":"Almere","operatorName":"TotalEnergies","maxPowerKw":13,"isMegawatt":false,"status":"CHARGING","source":"ndw"}},{"type":"Feature","geometry":{"type":"Point","coordinates":[5.31749,52.40934]},"properties":{"type":"charge","layer":"passenger","locationId":"b7245ae83cc97eb48990c173f8626acb","name":"Pasar Malamstraat 721","address":"Pasar Malamstraat 721","city":"Almere","operatorName":"Vattenfall InCharge","maxPowerKw":11,"isMegawatt":false,"status":"AVAILABLE","source":"ndw"}},{"type":"Feature","geometry":{"type":"Point","coordinates":[5.2159,52.373678]},"properties":{"type":"charge","layer":"passenger","locationId":"186","name":"Shell Recharge NL Rentmeesterstraat 54","address":"Rentmeesterstraat 54","city":"Almere","operatorName":"Ubitricity","maxPowerKw":11,"isMegawatt":false,"status":"AVAILABLE","source":"ndw","priceKwh":0.388}},{"type":"Feature","geometry":{"type":"Point","coordinates":[5.182866,52.351047]},"properties":{"type":"charge","layer":"passenger","locationId":"64119a002482d10012d7c06e","name":"PREMIUM Laadpaal 1","address":"Televisieweg  54","city":"Almere","operatorName":"E-Flux by Road","maxPowerKw":22,"isMegawatt":false,"status":"AVAILABLE","source":"ndw","priceKwh":0.53}},{"type":"Feature","geometry":{"type":"Point","coordinates":[5.253618,52.374043]},"properties":{"type":"charge","layer":"passenger","locationId":"d52a917a-f870-4ff1-bd41-c1b9c29ae3b4","name":"TNLP015347 - Populierenstraat 6, Almere","address":"6 Populierenstraat","city":"Almere","operatorName":"TotalEnergies","maxPowerKw":13,"isMegawatt":false,"status":"AVAILABLE","source":"ndw"}},{"type":"Feature","geometry":{"type":"Point","coordinates":[5.25729,52.39793]},"properties":{"type":"charge","layer":"passenger","locationId":"36ba3fc5-ce1f-480d-8387-431800498c63","name":"PP004272 - L.C. van der Vlugtstraat 11, Almere","address":"11 L.C. van der Vlugtstraat","city":"Almere","operatorName":"TotalEnergies","maxPowerKw":13,"isMegawatt":false,"status":"AVAILABLE","source":"ndw"}},{"type":"Feature","geometry":{"type":"Point","coordinates":[5.138396,52.341525]},"properties":{"type":"charge","layer":"passenger","locationId":"923250","name":"DAE_NL_2001132_LP_15","address":"Verlengde Duinvalleiweg 102","city":"Almere","operatorName":"DAEN Mobility","maxPowerKw":11,"isMegawatt":false,"status":"UNAVAILABLE","source":"ndw","priceKwh":0.4}},{"type":"Feature","geometry":{"type":"Point","coordinates":[5.138396,52.341525]},"properties":{"type":"charge","layer":"passenger","locationId":"923237","name":"DAE_NL_2001119_LP_2","address":"Verlengde Duinvalleiweg 102","city":"Almere","operatorName":"DAEN Mobility","maxPowerKw":11,"isMegawatt":false,"status":"UNAVAILABLE","source":"ndw","priceKwh":0.4}},{"type":"Feature","geometry":{"type":"Point","coordinates":[5.189137,52.36954]},"properties":{"type":"charge","layer":"passenger","locationId":"5aaaa684-8aa3-4fbc-9671-982d7e35b1e1","name":"TNLP007630 - Banjostraat 29, Almere","address":"29 Banjostraat","city":"Almere","operatorName":"TotalEnergies","maxPowerKw":13,"isMegawatt":false,"status":"AVAILABLE","source":"ndw"}},{"type":"Feature","geometry":{"type":"Point","coordinates":[5.138396,52.341525]},"properties":{"type":"charge","layer":"passenger","locationId":"923251","name":"DAE_NL_2001133_LP_16","address":"Verlengde Duinvalleiweg 102","city":"Almere","operatorName":"DAEN Mobility","maxPowerKw":11,"isMegawatt":false,"status":"UNAVAILABLE","source":"ndw","priceKwh":0.4}},{"type":"Feature","geometry":{"type":"Point","coordinates":[5.138396,52.341525]},"properties":{"type":"charge","layer":"passenger","locationId":"923248","name":"DAE_NL_2001130_LP_13","address":"Verlengde Duinvalleiweg 102","city":"Almere","operatorName":"DAEN Mobility","maxPowerKw":11,"isMegawatt":false,"status":"UNAVAILABLE","source":"ndw","priceKwh":0.4}},{"type":"Feature","geometry":{"type":"Point","coordinates":[5.138396,52.341525]},"properties":{"type":"charge","layer":"passenger","locationId":"923247","name":"DAE_NL_2001129_LP_12","address":"Verlengde Duinvalleiweg 102","city":"Almere","operatorName":"DAEN Mobility","maxPowerKw":11,"isMegawatt":false,"status":"UNAVAILABLE","source":"ndw","priceKwh":0.4}},{"type":"Feature","geometry":{"type":"Point","coordinates":[5.138396,52.341525]},"properties":{"type":"charge","layer":"passenger","locationId":"923240","name":"DAE_NL_2001122_LP_5","address":"Verlengde Duinvalleiweg 102","city":"Almere","operatorName":"DAEN Mobility","maxPowerKw":11,"isMegawatt":false,"status":"UNAVAILABLE","source":"ndw","priceKwh":0.4}},{"type":"Feature","geometry":{"type":"Point","coordinates":[5.138396,52.341525]},"properties":{"type":"charge","layer":"passenger","locationId":"923238","name":"DAE_NL_2001120_LP_3","address":"Verlengde Duinvalleiweg 102","city":"Almere","operatorName":"DAEN Mobility","maxPowerKw":11,"isMegawatt":false,"status":"UNAVAILABLE","source":"ndw","priceKwh":0.4}},{"type":"Feature","geometry":{"type":"Point","coordinates":[5.138396,52.341525]},"properties":{"type":"charge","layer":"passenger","locationId":"923239","name":"DAE_NL_2001121_LP_4","address":"Verlengde Duinvalleiweg 102","city":"Almere","operatorName":"DAEN Mobility","maxPowerKw":11,"isMegawatt":false,"status":"UNAVAILABLE","source":"ndw","priceKwh":0.4}},{"type":"Feature","geometry":{"type":"Point","coordinates":[5.138396,52.341525]},"properties":{"type":"charge","layer":"passenger","locationId":"923246","name":"DAE_NL_2001128_LP_11","address":"Verlengde Duinvalleiweg 102","city":"Almere","operatorName":"DAEN Mobility","maxPowerKw":11,"isMegawatt":false,"status":"UNAVAILABLE","source":"ndw","priceKwh":0.4}},{"type":"Feature","geometry":{"type":"Point","coordinates":[5.138396,52.341525]},"properties":{"type":"charge","layer":"passenger","locationId":"923249","name":"DAE_NL_2001131_LP_14","address":"Verlengde Duinvalleiweg 102","city":"Almere","operatorName":"DAEN Mobility","maxPowerKw":11,"isMegawatt":false,"status":"UNAVAILABLE","source":"ndw","priceKwh":0.4}},{"type":"Feature","geometry":{"type":"Point","coordinates":[5.148658,52.354084]},"properties":{"type":"charge","layer":"passenger","locationId":"ef5cf00c-c377-47d6-a7f1-0b7e4f01744d","name":"Laadplein - TNLP005729 - Vidarstraat 1, Almere","address":"1 Vidarstraat","city":"Almere","operatorName":"TotalEnergies","maxPowerKw":15,"isMegawatt":false,"status":"AVAILABLE","source":"ndw"}},{"type":"Feature","geometry":{"type":"Point","coordinates":[5.182607,52.368397]},"properties":{"type":"charge","layer":"passenger","locationId":"f3929754-f56d-4edf-ab75-e6d8c3b58056","name":"TNLP008839 - Glenn Millerweg 64, Almere","address":"64 Glenn Millerweg","city":"Almere","operatorName":"TotalEnergies","maxPowerKw":14,"isMegawatt":false,"status":"AVAILABLE","source":"ndw"}},{"type":"Feature","geometry":{"type":"Point","coordinates":[5.20632,52.38297]},"properties":{"type":"charge","layer":"passenger","locationId":"ebb8ce16-7f19-4c5d-b5be-559e8166902d","name":"PP001436 - Klaverweg 70, Almere","address":"70 Klaverweg","city":"Almere","operatorName":"TotalEnergies","maxPowerKw":11,"isMegawatt":false,"status":"CHARGING","source":"ndw"}},{"type":"Feature","geometry":{"type":"Point","coordinates":[5.306674,52.368852]},"properties":{"type":"charge","layer":"passenger","locationId":"683710a80efe78f4e1199d19","name":"Almere/Carl Jungstraat 42, 1349GH","address":"Carl Jungstraat 42","city":"Almere","operatorName":"E-Flux by Road","maxPowerKw":14,"isMegawatt":false,"status":"AVAILABLE","source":"ndw","priceKwh":0.5217}},{"type":"Feature","geometry":{"type":"Point","coordinates":[5.3050793,52.4010895]},"properties":{"type":"charge","layer":"passenger","locationId":"2679","name":"Shell Recharge NL Texelstraat 51","address":"Texelstraat 51","city":"Almere","operatorName":"Ubitricity","maxPowerKw":22,"isMegawatt":false,"status":"AVAILABLE","source":"ndw","priceKwh":0.266}},{"type":"Feature","geometry":{"type":"Point","coordinates":[5.281272,52.394104]},"properties":{"type":"charge","layer":"passenger","locationId":"698ebc3d-6fad-485f-8811-77281cd8e14e","name":"TNLP006261 - Rio de Janeirostraat 16, Almere","address":"16 Rio de Janeirostraat","city":"Almere","operatorName":"TotalEnergies","maxPowerKw":13,"isMegawatt":false,"status":"AVAILABLE","source":"ndw"}},{"type":"Feature","geometry":{"type":"Point","coordinates":[5.271944,52.3775]},"properties":{"type":"charge","layer":"passenger","locationId":"1c94bebf-ef8a-4679-b530-07db8add98b8","name":"JOLT AMS00880","address":"Edvard Munchweg 18","city":"Almere","operatorName":"JOLT Energy","maxPowerKw":300,"isMegawatt":false,"status":"AVAILABLE","source":"ndw"}},{"type":"Feature","geometry":{"type":"Point","coordinates":[5.292653,52.375802]},"properties":{"type":"charge","layer":"passenger","locationId":"4975c6c5-aa05-48a0-8062-f41f551a9607","name":"Lidl Almere-Buiten","address":"Daniël Goedkoopstraat 21","city":"Almere","operatorName":"Lidl","maxPowerKw":50,"isMegawatt":false,"status":"AVAILABLE","source":"ndw"}},{"type":"Feature","geometry":{"type":"Point","coordinates":[5.23565,52.33783]},"properties":{"type":"charge","layer":"passenger","locationId":"f25b1dd7-e1a8-4a8b-813e-1c1eefb8fae8","name":"TNLP003642 - Kolkgriend 51, Almere","address":"51 Kolkgriend","city":"Almere","operatorName":"TotalEnergies","maxPowerKw":17,"isMegawatt":false,"status":"AVAILABLE","source":"ndw"}},{"type":"Feature","geometry":{"type":"Point","coordinates":[5.2409035,52.3663086]},"properties":{"type":"charge","layer":"passenger","locationId":"2718","name":"Shell Recharge NL Audrey Hepburnstraat 2","address":"Audrey Hepburnstraat 2","city":"Almere","operatorName":"Ubitricity","maxPowerKw":22,"isMegawatt":false,"status":"AVAILABLE","source":"ndw","priceKwh":0.266}},{"type":"Feature","geometry":{"type":"Point","coordinates":[5.243668,52.379696]},"properties":{"type":"charge","layer":"passenger","locationId":"16e5126b-d55e-4eb6-b629-d0c48f3e797d","name":"TNLP006205 - Kapitein de Langestraat 363, Almere","address":"363 Kapitein de Langestraat","city":"Almere","operatorName":"TotalEnergies","maxPowerKw":13,"isMegawatt":false,"status":"AVAILABLE","source":"ndw"}},{"type":"Feature","geometry":{"type":"Point","coordinates":[5.219612,52.334387]},"properties":{"type":"charge","layer":"passenger","locationId":"43e07878-7af9-470d-872e-937eea92f350","name":"TNLP009826","address":"Havenzicht 10","city":"Almere","operatorName":"TotalEnergies","maxPowerKw":17,"isMegawatt":false,"status":"CHARGING","source":"ndw"}},{"type":"Feature","geometry":{"type":"Point","coordinates":[5.315556,52.409134]},"properties":{"type":"charge","layer":"passenger","locationId":"05042a79aba2426816a36a63baf75d07","name":"Pasar Malamstraat 442","address":"Pasar Malamstraat 442","city":"Almere","operatorName":"Vattenfall InCharge","maxPowerKw":11,"isMegawatt":false,"status":"AVAILABLE","source":"ndw"}},{"type":"Feature","geometry":{"type":"Point","coordinates":[5.138396,52.341525]},"properties":{"type":"charge","layer":"passenger","locationId":"923243","name":"DAE_NL_2001125_LP_8","address":"Verlengde Duinvalleiweg 102","city":"Almere","operatorName":"DAEN Mobility","maxPowerKw":11,"isMegawatt":false,"status":"UNAVAILABLE","source":"ndw","priceKwh":0.4}},{"type":"Feature","geometry":{"type":"Point","coordinates":[5.182866,52.351047]},"properties":{"type":"charge","layer":"passenger","locationId":"64119bb2703041001223262e","name":"PREMIUM Laadpaal 2","address":"Televisieweg 54","city":"Almere","operatorName":"E-Flux by Road","maxPowerKw":22,"isMegawatt":false,"status":"AVAILABLE","source":"ndw","priceKwh":0.53}},{"type":"Feature","geometry":{"type":"Point","coordinates":[5.211177,52.340663]},"properties":{"type":"charge","layer":"passenger","locationId":"696e1751481501d5a522a6c8","name":"Complex Uithof-2","address":"Uithof  101","city":"Almere","operatorName":"E-Flux by Road","maxPowerKw":22,"isMegawatt":false,"status":"AVAILABLE","source":"ndw","priceKwh":0.53}},{"type":"Feature","geometry":{"type":"Point","coordinates":[5.265454,52.398086]},"properties":{"type":"charge","layer":"passenger","locationId":"32388","name":"Circle K Almere inz Poldermolen","address":"Molenweg 1","city":"Almere","operatorName":"Spirii","maxPowerKw":300,"isMegawatt":false,"status":"AVAILABLE","source":"ndw","priceKwh":0.65}},{"type":"Feature","geometry":{"type":"Point","coordinates":[5.283518,52.380659]},"properties":{"type":"charge","layer":"passenger","locationId":"6421a61a7a2ba50012f8561b","name":"Kim Lammers 's station","address":"Trekweg  51","city":"Almere","operatorName":"E-Flux by Road","maxPowerKw":6,"isMegawatt":false,"status":"AVAILABLE","source":"ndw","priceKwh":0.73}},{"type":"Feature","geometry":{"type":"Point","coordinates":[5.14509,52.3569]},"properties":{"type":"charge","layer":"passenger","locationId":"189","name":"Shell Recharge NL Arduinastraat 1","address":"Arduinastraat 1","city":"Almere","operatorName":"Ubitricity","maxPowerKw":11,"isMegawatt":false,"status":"AVAILABLE","source":"ndw","priceKwh":0.388}},{"type":"Feature","geometry":{"type":"Point","coordinates":[5.254994,52.379986]},"properties":{"type":"charge","layer":"passenger","locationId":"0369497e-af45-4b1c-ab83-9877b7ae9fbd","name":"TNLP008043 - Suze Robertsonstraat 30, Almere","address":"30 Suze Robertsonstraat","city":"Almere","operatorName":"TotalEnergies","maxPowerKw":15,"isMegawatt":false,"status":"CHARGING","source":"ndw"}},{"type":"Feature","geometry":{"type":"Point","coordinates":[5.157291,52.35537]},"properties":{"type":"charge","layer":"passenger","locationId":"03c120a9-d77e-441f-91b3-5f496b170729","name":"TNLP009309 - Mercuriusstraat 9, Almere","address":"9 Mercuriusstraat","city":"Almere","operatorName":"TotalEnergies","maxPowerKw":15,"isMegawatt":false,"status":"AVAILABLE","source":"ndw"}},{"type":"Feature","geometry":{"type":"Point","coordinates":[5.211696,52.338586]},"properties":{"type":"charge","layer":"passenger","locationId":"470","name":"Shell Recharge NL Langshof 31","address":"Langshof 31","city":"Almere","operatorName":"Ubitricity","maxPowerKw":11,"isMegawatt":false,"status":"AVAILABLE","source":"ndw","priceKwh":0.388}},{"type":"Feature","geometry":{"type":"Point","coordinates":[5.296121,52.394615]},"properties":{"type":"charge","layer":"passenger","locationId":"bfc9aaa4-230a-4d84-8e4c-736323fbee48","name":"TNLP005875 - Siennastraat 131, Almere","address":"131 Siennastraat","city":"Almere","operatorName":"TotalEnergies","maxPowerKw":13,"isMegawatt":false,"status":"AVAILABLE","source":"ndw"}},{"type":"Feature","geometry":{"type":"Point","coordinates":[5.276931,52.3843]},"properties":{"type":"charge","layer":"passenger","locationId":"f7b56bbb-f1db-46f2-a949-8156a50d73b5","name":"TNLP006851 - Gemsstraat 1, Almere","address":"1 Gemsstraat","city":"Almere","operatorName":"TotalEnergies","maxPowerKw":15,"isMegawatt":false,"status":"AVAILABLE","source":"ndw"}},{"type":"Feature","geometry":{"type":"Point","coordinates":[5.176221,52.352443]},"properties":{"type":"charge","layer":"passenger","locationId":"886","name":"Shell Recharge NL9045 - Gamma Almere Poort","address":"Editiestraat 20","city":"Almere","operatorName":"Shell Recharge","maxPowerKw":150,"isMegawatt":false,"status":"AVAILABLE","source":"ndw","priceKwh":0.7025}},{"type":"Feature","geometry":{"type":"Point","coordinates":[5.273411,52.40158]},"properties":{"type":"charge","layer":"passenger","locationId":"72be51b2-38d2-4167-a171-400e8d363491","name":"TNLP006857 - Spinnekopmolenstraat 60, Almere","address":"60 Spinnekopmolenstraat","city":"Almere","operatorName":"TotalEnergies","maxPowerKw":13,"isMegawatt":false,"status":"AVAILABLE","source":"ndw"}},{"type":"Feature","geometry":{"type":"Point","coordinates":[5.181207,52.35564]},"properties":{"type":"charge","layer":"passenger","locationId":"c342735d-c0df-44bc-b021-dfd6fcaf0fd6","name":"PP005396 - Ida Gerhardtstraat 25, Almere","address":"25 Ida Gerhardtstraat","city":"Almere","operatorName":"TotalEnergies","maxPowerKw":13,"isMegawatt":false,"status":"CHARGING","source":"ndw"}},{"type":"Feature","geometry":{"type":"Point","coordinates":[5.31057,52.40904]},"properties":{"type":"charge","layer":"passenger","locationId":"b6d08aa4-8ff8-4c78-8f28-4d035f4bc35b","name":"Laadplein - TNLP006111 - Chatelainestraat 1, Almere","address":"1 Chatelainestraat","city":"Almere","operatorName":"TotalEnergies","maxPowerKw":15,"isMegawatt":false,"status":"AVAILABLE","source":"ndw"}},{"type":"Feature","geometry":{"type":"Point","coordinates":[5.2048,52.363932]},"properties":{"type":"charge","layer":"passenger","locationId":"NLLOC001476","name":"NLD, Almere, Leerdampad 33","address":"Leerdampad 33","city":"Almere","operatorName":"Allego","maxPowerKw":11,"isMegawatt":false,"status":"AVAILABLE","source":"ndw","priceKwh":0.511}},{"type":"Feature","geometry":{"type":"Point","coordinates":[5.153621,52.353552]},"properties":{"type":"charge","layer":"passenger","locationId":"c8bc254c-6c27-4322-8f91-9385859e7857","name":"Achillesstraat","address":"Achillesstraat 28","city":"Almere","operatorName":"Vattenfall InCharge","maxPowerKw":11,"isMegawatt":false,"status":"UNAVAILABLE","source":"ndw"}},{"type":"Feature","geometry":{"type":"Point","coordinates":[5.178168,52.355259]},"properties":{"type":"charge","layer":"passenger","locationId":"0f5918c96076df3b2d144b502a88ba7e","name":"Pierre Kempstraat 76","address":"Pierre Kempstraat 76","city":"Almere","operatorName":"Vattenfall InCharge","maxPowerKw":11,"isMegawatt":false,"status":"AVAILABLE","source":"ndw"}},{"type":"Feature","geometry":{"type":"Point","coordinates":[5.21088,52.33707]},"properties":{"type":"charge","layer":"passenger","locationId":"248","name":"Shell Recharge NL Oldewierde 31","address":"Oldewierde 31","city":"Almere","operatorName":"Ubitricity","maxPowerKw":11,"isMegawatt":false,"status":"AVAILABLE","source":"ndw","priceKwh":0.388}},{"type":"Feature","geometry":{"type":"Point","coordinates":[5.148946,52.34]},"properties":{"type":"charge","layer":"passenger","locationId":"9603a59c-cf46-465d-9c4c-a1bbfaa16d6b","name":"TNLP007214 - Abebe Bikilastraat 63, Almere","address":"63 Abebe Bikilastraat","city":"Almere","operatorName":"TotalEnergies","maxPowerKw":15,"isMegawatt":false,"status":"AVAILABLE","source":"ndw"}},{"type":"Feature","geometry":{"type":"Point","coordinates":[5.245215,52.40404]},"properties":{"type":"charge","layer":"passenger","locationId":"66ab3bdeb439cc001c1d55ae","name":"NL - Almere - Hefbrugweg 85","address":"Hefbrugweg 85","city":"Almere","operatorName":"E-Flux by Road","maxPowerKw":22,"isMegawatt":false,"status":"AVAILABLE","source":"ndw","priceKwh":0.24}},{"type":"Feature","geometry":{"type":"Point","coordinates":[5.1447,52.354008]},"properties":{"type":"charge","layer":"passenger","locationId":"100e1e0a-3596-445f-9561-3f35f95f5801","name":"TNLP015267","address":"Henry Stanleystraat 1","city":"Almere","operatorName":"TotalEnergies","maxPowerKw":17,"isMegawatt":false,"status":"AVAILABLE","source":"ndw"}},{"type":"Feature","geometry":{"type":"Point","coordinates":[5.272674,52.383194]},"properties":{"type":"charge","layer":"passenger","locationId":"720e4b84-f680-49d9-9ff4-d3122f5252e3","name":"TNLP005763 - Giraffeweg 100, Almere","address":"100 Giraffeweg","city":"Almere","operatorName":"TotalEnergies","maxPowerKw":13,"isMegawatt":false,"status":"AVAILABLE","source":"ndw"}},{"type":"Feature","geometry":{"type":"Point","coordinates":[5.185536,52.358166]},"properties":{"type":"charge","layer":"passenger","locationId":"d08bb868-8e79-4e58-8182-18e066fc08cc","name":"TNLP006959 - J.J. Slauerhoffstraat 11, Almere","address":"11 J.J. Slauerhoffstraat","city":"Almere","operatorName":"TotalEnergies","maxPowerKw":13,"isMegawatt":false,"status":"CHARGING","source":"ndw"}},{"type":"Feature","geometry":{"type":"Point","coordinates":[5.17488,52.34572]},"properties":{"type":"charge","layer":"passenger","locationId":"F9DCE085-1BEB-44BD-BDE1-570673AA7675","name":"Eneco eMobility Transistorstraat 71H Almere","address":"Transistorstraat 71H","city":"Almere","operatorName":"Eneco","maxPowerKw":22,"isMegawatt":false,"status":"AVAILABLE","source":"ndw","priceKwh":0.55}},{"type":"Feature","geometry":{"type":"Point","coordinates":[5.305539,52.368492]},"properties":{"type":"charge","layer":"passenger","locationId":"6838c752a99ee40e824f60a6","name":"Almere/Carl Jungstraat 22, 1349GH","address":"Carl Jungstraat 22","city":"Almere","operatorName":"E-Flux by Road","maxPowerKw":14,"isMegawatt":false,"status":"AVAILABLE","source":"ndw","priceKwh":0.5217}},{"type":"Feature","geometry":{"type":"Point","coordinates":[5.278966,52.359062]},"properties":{"type":"charge","layer":"passenger","locationId":"afc065f6-52d2-4963-8ea5-ddd1405e1f4c","name":"TNLP009083 - Joh. van der Waalsweg 5, Almere","address":"5 Joh. van der Waalsweg","city":"Almere","operatorName":"TotalEnergies","maxPowerKw":13,"isMegawatt":false,"status":"AVAILABLE","source":"ndw"}},{"type":"Feature","geometry":{"type":"Point","coordinates":[5.26645,52.38331]},"properties":{"type":"charge","layer":"passenger","locationId":"1496EDC3-A65D-48DD-8E9B-041300608A23","name":"Eneco eMobility Leguaanstraat 12 Almere","address":"Leguaanstraat 12","city":"Almere","operatorName":"Eneco","maxPowerKw":22,"isMegawatt":false,"status":"UNAVAILABLE","source":"ndw","priceKwh":0.44}},{"type":"Feature","geometry":{"type":"Point","coordinates":[5.171245,52.353018]},"properties":{"type":"charge","layer":"passenger","locationId":"3967147","name":"Laadnet Argonweg 107","address":"Kazerne Almere - Poort","city":"Almere","operatorName":"Laadnet","maxPowerKw":22,"isMegawatt":false,"status":"AVAILABLE","source":"ndw"}},{"type":"Feature","geometry":{"type":"Point","coordinates":[5.252224,52.39842]},"properties":{"type":"charge","layer":"passenger","locationId":"9d1bf21b-d65b-4b51-b993-a4130d6ee498","name":"TNLP005868 - G.T. Rietveldstraat 60, Almere","address":"60 G.T. Rietveldstraat","city":"Almere","operatorName":"TotalEnergies","maxPowerKw":13,"isMegawatt":false,"status":"AVAILABLE","source":"ndw"}},{"type":"Feature","geometry":{"type":"Point","coordinates":[5.324295,52.405973]},"properties":{"type":"charge","layer":"passenger","locationId":"7a07049d0d9d123d9587bf75c5807919","name":"De Stripmakerhof 69","address":"De Stripmakerhof 69","city":"Almere","operatorName":"Vattenfall InCharge","maxPowerKw":11,"isMegawatt":false,"status":"AVAILABLE","source":"ndw"}},{"type":"Feature","geometry":{"type":"Point","coordinates":[5.247919,52.379116]},"properties":{"type":"charge","layer":"passenger","locationId":"d960dd2f-f1b7-4655-9295-1f9da4a5308b","name":"TNLP008167 - Java Legioenstraat 1, Almere","address":"1 Java Legioenstraat","city":"Almere","operatorName":"TotalEnergies","maxPowerKw":15,"isMegawatt":false,"status":"AVAILABLE","source":"ndw"}},{"type":"Feature","geometry":{"type":"Point","coordinates":[5.327944,52.333666]},"properties":{"type":"charge","layer":"passenger","locationId":"6186506e85ebaf4ee46a2067","name":"Gaudilaan","address":"Gaudílaan, 45","city":"Almere","operatorName":"E-Flux by Road","maxPowerKw":11,"isMegawatt":false,"status":"AVAILABLE","source":"ndw","priceKwh":0.53}},{"type":"Feature","geometry":{"type":"Point","coordinates":[5.15825,52.358875]},"properties":{"type":"charge","layer":"passenger","locationId":"2234574a-c5a1-4504-a720-76e255cbf6ff","name":"Laadplein - TNLP006418 - Fortunastraat 1, Almere","address":"1 Fortunastraat","city":"Almere","operatorName":"TotalEnergies","maxPowerKw":15,"isMegawatt":false,"status":"AVAILABLE","source":"ndw"}},{"type":"Feature","geometry":{"type":"Point","coordinates":[5.1993841,52.3590517]},"properties":{"type":"charge","layer":"passenger","locationId":"2016","name":"Shell Recharge NL Terneuzenstraat 2","address":"Terneuzenstraat 2","city":"Almere","operatorName":"Ubitricity","maxPowerKw":22,"isMegawatt":false,"status":"AVAILABLE","source":"ndw","priceKwh":0.266}},{"type":"Feature","geometry":{"type":"Point","coordinates":[5.19095,52.36273]},"properties":{"type":"charge","layer":"passenger","locationId":"2405","name":"Shell Recharge NL Schonbergweg 77","address":"Schonbergweg 77","city":"Almere","operatorName":"Ubitricity","maxPowerKw":11,"isMegawatt":false,"status":"AVAILABLE","source":"ndw","priceKwh":0.388}},{"type":"Feature","geometry":{"type":"Point","coordinates":[5.27708,52.39957]},"properties":{"type":"charge","layer":"passenger","locationId":"183","name":"Shell Recharge NL Wipmolenweg 353","address":"Wipmolenweg 353","city":"Almere","operatorName":"Ubitricity","maxPowerKw":11,"isMegawatt":false,"status":"AVAILABLE","source":"ndw","priceKwh":0.388}},{"type":"Feature","geometry":{"type":"Point","coordinates":[5.2183359,52.3786656]},"properties":{"type":"charge","layer":"passenger","locationId":"1716","name":"Shell Recharge NL Allendestraat 2","address":"Allendestraat 2","city":"Almere","operatorName":"Ubitricity","maxPowerKw":22,"isMegawatt":false,"status":"AVAILABLE","source":"ndw","priceKwh":0.266}},{"type":"Feature","geometry":{"type":"Point","coordinates":[5.2690467,52.3735167]},"properties":{"type":"charge","layer":"passenger","locationId":"2023","name":"Shell Recharge NL Chagallweg 31","address":"Chagallweg 31","city":"Almere","operatorName":"Ubitricity","maxPowerKw":22,"isMegawatt":false,"status":"AVAILABLE","source":"ndw","priceKwh":0.266}},{"type":"Feature","geometry":{"type":"Point","coordinates":[5.17667,52.396215]},"properties":{"type":"charge","layer":"passenger","locationId":"2651441","name":"Laadnet Marifoon","address":"Marifoon 20","city":"Almere","operatorName":"Laadnet","maxPowerKw":4,"isMegawatt":false,"status":"UNAVAILABLE","source":"ndw"}},{"type":"Feature","geometry":{"type":"Point","coordinates":[5.300717,52.402447]},"properties":{"type":"charge","layer":"passenger","locationId":"68ecfb47ee2dc3ed1a36736e","name":"NXT 50five - Almere - Lombokstraat 2 - DC","address":"Lombokstraat 2","city":"Almere","operatorName":"NXT50Five","maxPowerKw":300,"isMegawatt":false,"status":"UNAVAILABLE","source":"ndw","priceKwh":0.6}},{"type":"Feature","geometry":{"type":"Point","coordinates":[5.27309,52.37005]},"properties":{"type":"charge","layer":"passenger","locationId":"b2456e59-7582-41e6-b6af-eaed3a3c76e7","name":"PP001388 - Albrecht Dürerweg 116, Almere","address":"116 Albrecht Dürerweg","city":"Almere","operatorName":"TotalEnergies","maxPowerKw":11,"isMegawatt":false,"status":"AVAILABLE","source":"ndw"}},{"type":"Feature","geometry":{"type":"Point","coordinates":[5.179885,52.347239]},"properties":{"type":"charge","layer":"passenger","locationId":"2054384","name":"Laadnet Microfoonstraat 5","address":"Microfoonstraat 5","city":"Almere","operatorName":"Laadnet","maxPowerKw":22,"isMegawatt":false,"status":"AVAILABLE","source":"ndw"}},{"type":"Feature","geometry":{"type":"Point","coordinates":[5.202675,52.34514]},"properties":{"type":"charge","layer":"passenger","locationId":"900fc56e-63be-4fc8-ab45-edc60b5383a7","name":"TNLP007872 - Beemdlaar 63, Almere","address":"63 Beemdlaar","city":"Almere","operatorName":"TotalEnergies","maxPowerKw":13,"isMegawatt":false,"status":"AVAILABLE","source":"ndw"}},{"type":"Feature","geometry":{"type":"Point","coordinates":[5.208944,52.341751]},"properties":{"type":"charge","layer":"passenger","locationId":"4226051","name":"Laadnet Laadpaal","address":"Keiwierde 151","city":"Almere","operatorName":"Laadnet","maxPowerKw":22,"isMegawatt":false,"status":"AVAILABLE","source":"ndw"}},{"type":"Feature","geometry":{"type":"Point","coordinates":[5.24267,52.36549]},"properties":{"type":"charge","layer":"passenger","locationId":"672","name":"Shell Recharge NL Simon van Collemstraat 92","address":"Simon van Collemstraat 92","city":"Almere","operatorName":"Ubitricity","maxPowerKw":11,"isMegawatt":false,"status":"AVAILABLE","source":"ndw","priceKwh":0.388}},{"type":"Feature","geometry":{"type":"Point","coordinates":[5.179731,52.357594]},"properties":{"type":"charge","layer":"passenger","locationId":"a8b21bac-5a8e-4eec-ac03-c4a0597ee9f9","name":"TNLP006682 - Poëziestraat 155, Almere","address":"155 Poëziestraat","city":"Almere","operatorName":"TotalEnergies","maxPowerKw":13,"isMegawatt":false,"status":"AVAILABLE","source":"ndw"}},{"type":"Feature","geometry":{"type":"Point","coordinates":[5.23403,52.33634]},"properties":{"type":"charge","layer":"passenger","locationId":"675","name":"Shell Recharge NL Jaagmeent 72","address":"Jaagmeent 72","city":"Almere","operatorName":"Ubitricity","maxPowerKw":11,"isMegawatt":false,"status":"AVAILABLE","source":"ndw","priceKwh":0.388}},{"type":"Feature","geometry":{"type":"Point","coordinates":[5.2124,52.37203]},"properties":{"type":"charge","layer":"passenger","locationId":"475","name":"Shell Recharge NL Veendamstraat 48","address":"Veendamstraat 48","city":"Almere","operatorName":"Ubitricity","maxPowerKw":11,"isMegawatt":false,"status":"AVAILABLE","source":"ndw","priceKwh":0.388}},{"type":"Feature","geometry":{"type":"Point","coordinates":[5.249912,52.405736]},"properties":{"type":"charge","layer":"passenger","locationId":"66ab30e7eae2b4001c758bac","name":"NL - Almere - Hefbrugweg 6","address":"Hefbrugweg 6","city":"Almere","operatorName":"E-Flux by Road","maxPowerKw":22,"isMegawatt":false,"status":"AVAILABLE","source":"ndw","priceKwh":0.24}},{"type":"Feature","geometry":{"type":"Point","coordinates":[5.270979,52.400039]},"properties":{"type":"charge","layer":"passenger","locationId":"377","name":"Shell Recharge NL Buitenkruierstraat 9","address":"Buitenkruierstraat 9","city":"Almere","operatorName":"Ubitricity","maxPowerKw":11,"isMegawatt":false,"status":"AVAILABLE","source":"ndw","priceKwh":0.388}},{"type":"Feature","geometry":{"type":"Point","coordinates":[5.27446,52.38433]},"properties":{"type":"charge","layer":"passenger","locationId":"291","name":"Shell Recharge NL Okapistraat 36","address":"Okapistraat 36","city":"Almere","operatorName":"Ubitricity","maxPowerKw":11,"isMegawatt":false,"status":"AVAILABLE","source":"ndw","priceKwh":0.388}},{"type":"Feature","geometry":{"type":"Point","coordinates":[5.140636,52.33964]},"properties":{"type":"charge","layer":"passenger","locationId":"5ffcdd78-1b76-4e6f-a170-541fff6edbe8","name":"Laadplein - TNLP007176 - Duinrugstraat 47, Almere","address":"47 Duinrugstraat","city":"Almere","operatorName":"TotalEnergies","maxPowerKw":15,"isMegawatt":false,"status":"AVAILABLE","source":"ndw"}},{"type":"Feature","geometry":{"type":"Point","coordinates":[5.253481,52.382767]},"properties":{"type":"charge","layer":"passenger","locationId":"c0527db4-8b8b-4af3-8c98-0278fc1549c1","name":"TNLP006471","address":"Govert Flinckstraat 102","city":"Almere","operatorName":"TotalEnergies","maxPowerKw":17,"isMegawatt":false,"status":"UNAVAILABLE","source":"ndw"}},{"type":"Feature","geometry":{"type":"Point","coordinates":[5.300925,52.39826]},"properties":{"type":"charge","layer":"passenger","locationId":"16e7658f-0e61-4405-8893-0dfb505e55db","name":"TNLP009603 - Azorenweg 27, Almere","address":"27 Azorenweg","city":"Almere","operatorName":"TotalEnergies","maxPowerKw":15,"isMegawatt":false,"status":"AVAILABLE","source":"ndw"}},{"type":"Feature","geometry":{"type":"Point","coordinates":[5.292433,52.398605]},"properties":{"type":"charge","layer":"passenger","locationId":"0e00677d-a2d6-487e-994e-3d3ed3563e3e","name":"TNLP006271 - Makassarhof 60, Almere","address":"60 Makassarhof","city":"Almere","operatorName":"TotalEnergies","maxPowerKw":13,"isMegawatt":false,"status":"AVAILABLE","source":"ndw"}},{"type":"Feature","geometry":{"type":"Point","coordinates":[5.305501,52.368457]},"properties":{"type":"charge","layer":"passenger","locationId":"6838c8fd7088aea3cb2a4438","name":"Almere / Carl Jungstraat 24, 1349GH","address":"Carl Jungstraat 24","city":"Almere","operatorName":"E-Flux by Road","maxPowerKw":14,"isMegawatt":false,"status":"AVAILABLE","source":"ndw","priceKwh":0.5217}},{"type":"Feature","geometry":{"type":"Point","coordinates":[5.269326,52.398727]},"properties":{"type":"charge","layer":"passenger","locationId":"7df75b3a-4d08-4efc-873e-d65e8a24d68f","name":"PP005269 - Tjaskerplantsoen 1, Almere","address":"1 Tjaskerplantsoen","city":"Almere","operatorName":"TotalEnergies","maxPowerKw":13,"isMegawatt":false,"status":"AVAILABLE","source":"ndw"}},{"type":"Feature","geometry":{"type":"Point","coordinates":[5.20547,52.35896]},"properties":{"type":"charge","layer":"passenger","locationId":"634","name":"Shell Recharge NL Helmondstraat 33","address":"Helmondstraat 33","city":"Almere","operatorName":"Ubitricity","maxPowerKw":11,"isMegawatt":false,"status":"AVAILABLE","source":"ndw","priceKwh":0.388}},{"type":"Feature","geometry":{"type":"Point","coordinates":[5.18313,52.35854]},"properties":{"type":"charge","layer":"passenger","locationId":"c5b6f039-51ce-47f4-9afc-e6ad7e3c7a00","name":"Laadplein - TNLP006359 - Prozastraat 98, Almere","address":"98 Prozastraat","city":"Almere","operatorName":"TotalEnergies","maxPowerKw":15,"isMegawatt":false,"status":"AVAILABLE","source":"ndw"}},{"type":"Feature","geometry":{"type":"Point","coordinates":[5.199648,52.34402]},"properties":{"type":"charge","layer":"passenger","locationId":"ed85127d-531f-4284-bb98-e18c6265f45e","name":"TNLP007256 - Esselaar 48, Almere","address":"48 Esselaar","city":"Almere","operatorName":"TotalEnergies","maxPowerKw":13,"isMegawatt":false,"status":"CHARGING","source":"ndw"}},{"type":"Feature","geometry":{"type":"Point","coordinates":[5.245476,52.401796]},"properties":{"type":"charge","layer":"passenger","locationId":"66aa27212644d5001caa81eb","name":"NL - Almere - Vlotbrugweg 24","address":"Vlotbrugweg 24","city":"Almere","operatorName":"E-Flux by Road","maxPowerKw":22,"isMegawatt":false,"status":"AVAILABLE","source":"ndw","priceKwh":0.24}},{"type":"Feature","geometry":{"type":"Point","coordinates":[5.246161,52.404529]},"properties":{"type":"charge","layer":"passenger","locationId":"66ab3d9beae2b4001c75f412","name":"NL - Almere - Hefbrugweg 79 - P1","address":"Hefbrugweg 79","city":"Almere","operatorName":"E-Flux by Road","maxPowerKw":14,"isMegawatt":false,"status":"AVAILABLE","source":"ndw","priceKwh":0.24}},{"type":"Feature","geometry":{"type":"Point","coordinates":[5.203862,52.3569276]},"properties":{"type":"charge","layer":"passenger","locationId":"1063","name":"Shell Recharge NL Eindhovenstraat 37","address":"Eindhovenstraat 37","city":"Almere","operatorName":"Ubitricity","maxPowerKw":22,"isMegawatt":false,"status":"CHARGING","source":"ndw","priceKwh":0.266}},{"type":"Feature","geometry":{"type":"Point","coordinates":[5.2611219,52.3693607]},"properties":{"type":"charge","layer":"passenger","locationId":"1436","name":"Shell Recharge NL Renoirstraat 2","address":"Renoirstraat 2","city":"Almere","operatorName":"Ubitricity","maxPowerKw":22,"isMegawatt":false,"status":"UNAVAILABLE","source":"ndw"}},{"type":"Feature","geometry":{"type":"Point","coordinates":[5.306668,52.411537]},"properties":{"type":"charge","layer":"passenger","locationId":"829252eb-f3a1-42b2-999c-1e93b0708e9f","name":"TNLP007107 - Sieradenweg 55, Almere","address":"55 Sieradenweg","city":"Almere","operatorName":"TotalEnergies","maxPowerKw":13,"isMegawatt":false,"status":"AVAILABLE","source":"ndw"}},{"type":"Feature","geometry":{"type":"Point","coordinates":[5.206,52.3395]},"properties":{"type":"charge","layer":"passenger","locationId":"664","name":"Shell Recharge NL Kornwierde 145","address":"Kornwierde 145","city":"Almere","operatorName":"Ubitricity","maxPowerKw":11,"isMegawatt":false,"status":"AVAILABLE","source":"ndw","priceKwh":0.388}},{"type":"Feature","geometry":{"type":"Point","coordinates":[5.2518,52.37063]},"properties":{"type":"charge","layer":"passenger","locationId":"351","name":"Shell Recharge NL Frambozenstraat 22","address":"Frambozenstraat 22","city":"Almere","operatorName":"Ubitricity","maxPowerKw":11,"isMegawatt":false,"status":"AVAILABLE","source":"ndw","priceKwh":0.388}},{"type":"Feature","geometry":{"type":"Point","coordinates":[5.28414,52.35899]},"properties":{"type":"charge","layer":"passenger","locationId":"452","name":"Shell Recharge NL Max Planckstraat 23","address":"Max Planckstraat 23","city":"Almere","operatorName":"Ubitricity","maxPowerKw":11,"isMegawatt":false,"status":"AVAILABLE","source":"ndw","priceKwh":0.388}},{"type":"Feature","geometry":{"type":"Point","coordinates":[5.201381,52.386265]},"properties":{"type":"charge","layer":"passenger","locationId":"d9e238cf-f351-4097-927b-312973f13f1b","name":"TNLP034683","address":"Kweekgrasstraat 17","city":"Almere","operatorName":"TotalEnergies","maxPowerKw":14,"isMegawatt":false,"status":"AVAILABLE","source":"ndw"}},{"type":"Feature","geometry":{"type":"Point","coordinates":[5.211505,52.375694]},"properties":{"type":"charge","layer":"passenger","locationId":"fc7a625c-92cc-404b-b584-c9da4a82f563","name":"TNLP009418 - Hertogstraat 11, Almere","address":"11 Hertogstraat","city":"Almere","operatorName":"TotalEnergies","maxPowerKw":13,"isMegawatt":false,"status":"AVAILABLE","source":"ndw"}},{"type":"Feature","geometry":{"type":"Point","coordinates":[5.168245,52.354641]},"properties":{"type":"charge","layer":"passenger","locationId":"636a646205c7092a31d3b4b7","name":"Luxonos - Licht Geluid Huren","address":"Neonweg 145","city":"Almere","operatorName":"E-Flux by Road","maxPowerKw":22,"isMegawatt":false,"status":"AVAILABLE","source":"ndw","priceKwh":0.51}},{"type":"Feature","geometry":{"type":"Point","coordinates":[5.214624,52.37016]},"properties":{"type":"charge","layer":"passenger","locationId":"acd6377b-e031-4938-934d-63efeb942fde","name":"PP005363 - Gezellenhof 1, Almere","address":"1 Gezellenhof","city":"Almere","operatorName":"TotalEnergies","maxPowerKw":13,"isMegawatt":false,"status":"UNAVAILABLE","source":"ndw"}},{"type":"Feature","geometry":{"type":"Point","coordinates":[5.2577404,52.3701801]},"properties":{"type":"charge","layer":"passenger","locationId":"2186","name":"Shell Recharge NL Druivenstraat 54","address":"Druivenstraat 54","city":"Almere","operatorName":"Ubitricity","maxPowerKw":22,"isMegawatt":false,"status":"AVAILABLE","source":"ndw","priceKwh":0.266}},{"type":"Feature","geometry":{"type":"Point","coordinates":[5.2029,52.36824]},"properties":{"type":"charge","layer":"passenger","locationId":"684","name":"Shell Recharge NL Monteverdistraat 5","address":"Monteverdistraat 5","city":"Almere","operatorName":"Ubitricity","maxPowerKw":11,"isMegawatt":false,"status":"AVAILABLE","source":"ndw","priceKwh":0.388}},{"type":"Feature","geometry":{"type":"Point","coordinates":[5.192016,52.339286]},"properties":{"type":"charge","layer":"passenger","locationId":"923340","name":"DAE-NL-2001149","address":"Toernooiveld 24","city":"Almere","operatorName":"DAEN Mobility","maxPowerKw":11,"isMegawatt":false,"status":"AVAILABLE","source":"ndw","priceKwh":0.28}},{"type":"Feature","geometry":{"type":"Point","coordinates":[5.297409,52.405866]},"properties":{"type":"charge","layer":"passenger","locationId":"923487","name":"DAE_NL_2001210","address":"Cornelis Matelieffstraat 36","city":"Almere","operatorName":"DAEN Mobility","maxPowerKw":4,"isMegawatt":false,"status":"CHARGING","source":"ndw","priceKwh":0.36}},{"type":"Feature","geometry":{"type":"Point","coordinates":[5.3201737,52.4057112]},"properties":{"type":"charge","layer":"passenger","locationId":"1807","name":"Shell Recharge NL Spot Mortonstraat 14","address":"Spot Mortonstraat 14","city":"Almere","operatorName":"Ubitricity","maxPowerKw":22,"isMegawatt":false,"status":"CHARGING","source":"ndw","priceKwh":0.266}},{"type":"Feature","geometry":{"type":"Point","coordinates":[5.1818226,52.3692547]},"properties":{"type":"charge","layer":"passenger","locationId":"1742","name":"Shell Recharge NL Count Basiestraat 60","address":"Count Basiestraat 60","city":"Almere","operatorName":"Ubitricity","maxPowerKw":22,"isMegawatt":false,"status":"AVAILABLE","source":"ndw","priceKwh":0.266}},{"type":"Feature","geometry":{"type":"Point","coordinates":[5.22774,52.38852]},"properties":{"type":"charge","layer":"passenger","locationId":"417","name":"Shell Recharge NL Zwinpad 4","address":"Zwinpad 4","city":"Almere","operatorName":"Ubitricity","maxPowerKw":11,"isMegawatt":false,"status":"AVAILABLE","source":"ndw","priceKwh":0.388}},{"type":"Feature","geometry":{"type":"Point","coordinates":[5.218479,52.373417]},"properties":{"type":"charge","layer":"passenger","locationId":"917f3c97ada8439489adf3a14578d255","name":"Bankierbaan 84","address":"Bankierbaan 84","city":"Almere","operatorName":"Vattenfall InCharge","maxPowerKw":11,"isMegawatt":false,"status":"AVAILABLE","source":"ndw"}},{"type":"Feature","geometry":{"type":"Point","coordinates":[5.2260706,52.3393277]},"properties":{"type":"charge","layer":"passenger","locationId":"1081","name":"Shell Recharge NL Tuinderswerf 66","address":"Tuinderswerf 66","city":"Almere","operatorName":"Ubitricity","maxPowerKw":22,"isMegawatt":false,"status":"AVAILABLE","source":"ndw","priceKwh":0.266}},{"type":"Feature","geometry":{"type":"Point","coordinates":[5.265923,52.371995]},"properties":{"type":"charge","layer":"passenger","locationId":"672dff8c4b076d55ec0986f1","name":"8642 - Links","address":"Juan Grisstraat  44","city":"Almere","operatorName":"E-Flux by Road","maxPowerKw":22,"isMegawatt":false,"status":"AVAILABLE","source":"ndw","priceKwh":0.63}},{"type":"Feature","geometry":{"type":"Point","coordinates":[5.308366,52.4051]},"properties":{"type":"charge","layer":"passenger","locationId":"702db839-97af-4f89-9992-4122f857c7b9","name":"PP002220 - Selendangstraat 8, Almere","address":"8 Selendangstraat","city":"Almere","operatorName":"TotalEnergies","maxPowerKw":11,"isMegawatt":false,"status":"AVAILABLE","source":"ndw"}},{"type":"Feature","geometry":{"type":"Point","coordinates":[5.2282972,52.3871157]},"properties":{"type":"charge","layer":"passenger","locationId":"1796","name":"Shell Recharge NL Haringvlietstraat 34","address":"Haringvlietstraat 34","city":"Almere","operatorName":"Ubitricity","maxPowerKw":22,"isMegawatt":false,"status":"AVAILABLE","source":"ndw","priceKwh":0.266}},{"type":"Feature","geometry":{"type":"Point","coordinates":[5.265422,52.389818]},"properties":{"type":"charge","layer":"passenger","locationId":"369","name":"Shell Recharge NL Clingendaellaan 183","address":"Clingendaellaan 183","city":"Almere","operatorName":"Ubitricity","maxPowerKw":11,"isMegawatt":false,"status":"AVAILABLE","source":"ndw","priceKwh":0.388}},{"type":"Feature","geometry":{"type":"Point","coordinates":[5.138852,52.35334]},"properties":{"type":"charge","layer":"passenger","locationId":"302887f5-d20f-44ed-b436-e6de4394f0bb","name":"TNLP009274 - Olivier van Noortstraat 24, Almere","address":"24 Olivier van Noortstraat","city":"Almere","operatorName":"TotalEnergies","maxPowerKw":13,"isMegawatt":false,"status":"AVAILABLE","source":"ndw"}},{"type":"Feature","geometry":{"type":"Point","coordinates":[5.187688,52.363377]},"properties":{"type":"charge","layer":"passenger","locationId":"4294664","name":"Laadnet Transmision","address":"Musicalstraat 6","city":"Almere","operatorName":"Laadnet","maxPowerKw":22,"isMegawatt":false,"status":"AVAILABLE","source":"ndw"}},{"type":"Feature","geometry":{"type":"Point","coordinates":[5.248397,52.385005]},"properties":{"type":"charge","layer":"passenger","locationId":"67e3d967c7de0a3df1af85bb","name":"Harut Margaryan","address":"Jan van Eyckrstraat 22","city":"Almere","operatorName":"E-Flux by Road","maxPowerKw":22,"isMegawatt":false,"status":"AVAILABLE","source":"ndw","priceKwh":0.78}},{"type":"Feature","geometry":{"type":"Point","coordinates":[5.1862814,52.3682738]},"properties":{"type":"charge","layer":"passenger","locationId":"775","name":"Shell Recharge NL Wessel Ilckenstraat 10","address":"Wessel Ilckenstraat 10","city":"Almere","operatorName":"Ubitricity","maxPowerKw":22,"isMegawatt":false,"status":"AVAILABLE","source":"ndw","priceKwh":0.266}},{"type":"Feature","geometry":{"type":"Point","coordinates":[5.23232,52.37594]},"properties":{"type":"charge","layer":"passenger","locationId":"246","name":"Shell Recharge NL Buster Keatonstraat 33","address":"Buster Keatonstraat 33","city":"Almere","operatorName":"Ubitricity","maxPowerKw":11,"isMegawatt":false,"status":"AVAILABLE","source":"ndw","priceKwh":0.388}},{"type":"Feature","geometry":{"type":"Point","coordinates":[5.2307768,52.3326278]},"properties":{"type":"charge","layer":"passenger","locationId":"2635","name":"Shell Recharge NL Dijkmeent 70","address":"Dijkmeent 70","city":"Almere","operatorName":"Ubitricity","maxPowerKw":22,"isMegawatt":false,"status":"CHARGING","source":"ndw","priceKwh":0.266}},{"type":"Feature","geometry":{"type":"Point","coordinates":[5.17611,52.35107]},"properties":{"type":"charge","layer":"passenger","locationId":"95BE0008-712D-4196-AEC5-E23F76F5FED1","name":"Eneco eMobility Sharp Business Point Flevoland","address":"Katernstraat 21","city":"Almere","operatorName":"Eneco","maxPowerKw":22,"isMegawatt":false,"status":"AVAILABLE","source":"ndw","priceKwh":0.32}},{"type":"Feature","geometry":{"type":"Point","coordinates":[5.220819,52.37486]},"properties":{"type":"charge","layer":"passenger","locationId":"36483fe8-1178-4b34-b54f-6b8842a567cc","name":"TNLP009030 - Metropolestraat 42, Almere","address":"42 Metropolestraat","city":"Almere","operatorName":"TotalEnergies","maxPowerKw":13,"isMegawatt":false,"status":"AVAILABLE","source":"ndw"}},{"type":"Feature","geometry":{"type":"Point","coordinates":[5.2819461,52.3559823]},"properties":{"type":"charge","layer":"passenger","locationId":"700","name":"Shell Recharge NL Paul Diracstraat 10","address":"Paul Diracstraat 10","city":"Almere","operatorName":"Ubitricity","maxPowerKw":22,"isMegawatt":false,"status":"AVAILABLE","source":"ndw","priceKwh":0.266}},{"type":"Feature","geometry":{"type":"Point","coordinates":[5.2437542,52.356717]},"properties":{"type":"charge","layer":"passenger","locationId":"400","name":"Shell Recharge NL Hal Roachstraat 1","address":"Hal Roachstraat 1","city":"Almere","operatorName":"Ubitricity","maxPowerKw":11,"isMegawatt":false,"status":"AVAILABLE","source":"ndw","priceKwh":0.388}},{"type":"Feature","geometry":{"type":"Point","coordinates":[5.326917,52.342776]},"properties":{"type":"charge","layer":"passenger","locationId":"69269ba30abfd23a5c4884dd","name":"AC 149","address":"Auguste Comteweg 149","city":"Almere","operatorName":"E-Flux by Road","maxPowerKw":11,"isMegawatt":false,"status":"AVAILABLE","source":"ndw","priceKwh":0.63}},{"type":"Feature","geometry":{"type":"Point","coordinates":[5.218654,52.349861]},"properties":{"type":"charge","layer":"passenger","locationId":"32391","name":"Circle K Almere Haven","address":"De Steiger 20","city":"Almere","operatorName":"Spirii","maxPowerKw":300,"isMegawatt":false,"status":"AVAILABLE","source":"ndw","priceKwh":0.65}},{"type":"Feature","geometry":{"type":"Point","coordinates":[5.267055,52.366983]},"properties":{"type":"charge","layer":"passenger","locationId":"NLLOC001422","name":"NLD, Almere, Rodinweg 137","address":"Rodinweg 137","city":"Almere","operatorName":"Allego","maxPowerKw":11,"isMegawatt":false,"status":"CHARGING","source":"ndw","priceKwh":0.511}},{"type":"Feature","geometry":{"type":"Point","coordinates":[5.267274,52.375976]},"properties":{"type":"charge","layer":"passenger","locationId":"223","name":"Shell Recharge NL Brancusistraat 84","address":"Brancusistraat 84","city":"Almere","operatorName":"Ubitricity","maxPowerKw":11,"isMegawatt":false,"status":"AVAILABLE","source":"ndw","priceKwh":0.388}},{"type":"Feature","geometry":{"type":"Point","coordinates":[5.178178,52.3573675]},"properties":{"type":"charge","layer":"passenger","locationId":"1128","name":"Shell Recharge NL Hendrik Marsmanstraat 44","address":"Hendrik Marsmanstraat 44","city":"Almere","operatorName":"Ubitricity","maxPowerKw":22,"isMegawatt":false,"status":"CHARGING","source":"ndw","priceKwh":0.266}},{"type":"Feature","geometry":{"type":"Point","coordinates":[5.316469,52.345874]},"properties":{"type":"charge","layer":"passenger","locationId":"668bb6f56e91a4001cb44555","name":"De Volder Staete","address":"Burchard de Volderstraat 67","city":"Almere","operatorName":"E-Flux by Road","maxPowerKw":22,"isMegawatt":false,"status":"AVAILABLE","source":"ndw","priceKwh":0.52}},{"type":"Feature","geometry":{"type":"Point","coordinates":[5.264521,52.3745437]},"properties":{"type":"charge","layer":"passenger","locationId":"1412","name":"Shell Recharge NL Zadkinestraat 4","address":"Zadkinestraat 4","city":"Almere","operatorName":"Ubitricity","maxPowerKw":22,"isMegawatt":false,"status":"CHARGING","source":"ndw","priceKwh":0.266}},{"type":"Feature","geometry":{"type":"Point","coordinates":[5.20308,52.34484]},"properties":{"type":"charge","layer":"passenger","locationId":"e453a1cf-b7de-4bd5-b1c3-933d5fa4781a","name":"Laadplein - TNLP007198 - Beemdlaar 18, Almere","address":"18 Beemdlaar","city":"Almere","operatorName":"TotalEnergies","maxPowerKw":15,"isMegawatt":false,"status":"AVAILABLE","source":"ndw"}},{"type":"Feature","geometry":{"type":"Point","coordinates":[5.197918,52.36313]},"properties":{"type":"charge","layer":"passenger","locationId":"108","name":"Shell Recharge NL Mahlerstraat 8","address":"Mahlerstraat 8","city":"Almere","operatorName":"Ubitricity","maxPowerKw":11,"isMegawatt":false,"status":"CHARGING","source":"ndw","priceKwh":0.388}},{"type":"Feature","geometry":{"type":"Point","coordinates":[5.306153,52.397283]},"properties":{"type":"charge","layer":"passenger","locationId":"b36265eb-44ea-4100-abe6-70b2789ea717","name":"TNLP034573","address":"Samoastraat 42","city":"Almere","operatorName":"TotalEnergies","maxPowerKw":14,"isMegawatt":false,"status":"AVAILABLE","source":"ndw"}},{"type":"Feature","geometry":{"type":"Point","coordinates":[5.2989903,52.3963708]},"properties":{"type":"charge","layer":"passenger","locationId":"757","name":"Shell Recharge NL Cinnaberstraat 28","address":"Cinnaberstraat 28","city":"Almere","operatorName":"Ubitricity","maxPowerKw":11,"isMegawatt":false,"status":"CHARGING","source":"ndw","priceKwh":0.388}},{"type":"Feature","geometry":{"type":"Point","coordinates":[5.2855,52.38864]},"properties":{"type":"charge","layer":"passenger","locationId":"496dc402-5163-4206-8fa5-955cd6a3b002","name":"TNLP006300 - Asterstraat 28, Almere","address":"28 Asterstraat","city":"Almere","operatorName":"TotalEnergies","maxPowerKw":15,"isMegawatt":false,"status":"AVAILABLE","source":"ndw"}},{"type":"Feature","geometry":{"type":"Point","coordinates":[5.208841,52.366867]},"properties":{"type":"charge","layer":"passenger","locationId":"82c74d77-3409-4556-ab7f-0031220505af","name":"TNLP005708 - Hoornstraat 5, Almere","address":"5 Hoornstraat","city":"Almere","operatorName":"TotalEnergies","maxPowerKw":13,"isMegawatt":false,"status":"AVAILABLE","source":"ndw"}},{"type":"Feature","geometry":{"type":"Point","coordinates":[5.141551,52.35589]},"properties":{"type":"charge","layer":"passenger","locationId":"b50b3e9c-b995-41dc-b767-61de308d5a67","name":"TNLP009984 - Olivier Bruyneelstraat 44, Almere","address":"44 Olivier Bruyneelstraat","city":"Almere","operatorName":"TotalEnergies","maxPowerKw":13,"isMegawatt":false,"status":"AVAILABLE","source":"ndw"}},{"type":"Feature","geometry":{"type":"Point","coordinates":[5.177636,52.387703]},"properties":{"type":"charge","layer":"passenger","locationId":"adbea36a-e0ae-48ac-a39d-00073e4bda52","name":"Laadplein - TNLP006968 - Kajuit 124, Almere","address":"124 Kajuit","city":"Almere","operatorName":"TotalEnergies","maxPowerKw":15,"isMegawatt":false,"status":"AVAILABLE","source":"ndw"}},{"type":"Feature","geometry":{"type":"Point","coordinates":[5.2088798,52.3450271]},"properties":{"type":"charge","layer":"passenger","locationId":"2007","name":"Shell Recharge NL Bosgouw 159","address":"Bosgouw 159","city":"Almere","operatorName":"Ubitricity","maxPowerKw":22,"isMegawatt":false,"status":"AVAILABLE","source":"ndw","priceKwh":0.266}},{"type":"Feature","geometry":{"type":"Point","coordinates":[5.2199033,52.3365277]},"properties":{"type":"charge","layer":"passenger","locationId":"953","name":"Shell Recharge NL Plaats 58","address":"Plaats 58","city":"Almere","operatorName":"Ubitricity","maxPowerKw":22,"isMegawatt":false,"status":"AVAILABLE","source":"ndw","priceKwh":0.266}},{"type":"Feature","geometry":{"type":"Point","coordinates":[5.2154,52.34638]},"properties":{"type":"charge","layer":"passenger","locationId":"df7163ef-2a96-4de6-8b0a-491070557c11","name":"PP001685 - Overgouw 47, Almere","address":"47 Overgouw","city":"Almere","operatorName":"TotalEnergies","maxPowerKw":11,"isMegawatt":false,"status":"AVAILABLE","source":"ndw"}},{"type":"Feature","geometry":{"type":"Point","coordinates":[5.282634,52.38463]},"properties":{"type":"charge","layer":"passenger","locationId":"d07f02b4-a5b3-4a72-a945-e4058e0129d4","name":"Laadplein - TNLP006330 - Oleanderstraat 66, Almere","address":"66 Oleanderstraat","city":"Almere","operatorName":"TotalEnergies","maxPowerKw":15,"isMegawatt":false,"status":"AVAILABLE","source":"ndw"}},{"type":"Feature","geometry":{"type":"Point","coordinates":[5.2009577,52.358626]},"properties":{"type":"charge","layer":"passenger","locationId":"2682","name":"Shell Recharge NL Bredaweg 1","address":"Bredaweg 1","city":"Almere","operatorName":"Ubitricity","maxPowerKw":22,"isMegawatt":false,"status":"AVAILABLE","source":"ndw","priceKwh":0.266}},{"type":"Feature","geometry":{"type":"Point","coordinates":[5.2183717,52.3775478]},"properties":{"type":"charge","layer":"passenger","locationId":"2719","name":"Shell Recharge NL Olof Palmehof 28","address":"Olof Palmehof 28","city":"Almere","operatorName":"Ubitricity","maxPowerKw":22,"isMegawatt":false,"status":"AVAILABLE","source":"ndw","priceKwh":0.266}},{"type":"Feature","geometry":{"type":"Point","coordinates":[5.2711,52.37032]},"properties":{"type":"charge","layer":"passenger","locationId":"32eed863-8c5f-496a-9d20-49a925088495","name":"PP005383 - Giottoplantsoen 2, Almere","address":"2 Giottoplantsoen","city":"Almere","operatorName":"TotalEnergies","maxPowerKw":13,"isMegawatt":false,"status":"AVAILABLE","source":"ndw"}},{"type":"Feature","geometry":{"type":"Point","coordinates":[5.296856,52.398792]},"properties":{"type":"charge","layer":"passenger","locationId":"39fb31f9-277d-429e-ae8e-8756281624cc","name":"PP005407 - Terracottastraat 4, Almere","address":"4 Terracottastraat","city":"Almere","operatorName":"TotalEnergies","maxPowerKw":13,"isMegawatt":false,"status":"AVAILABLE","source":"ndw"}},{"type":"Feature","geometry":{"type":"Point","coordinates":[5.243927,52.36313]},"properties":{"type":"charge","layer":"passenger","locationId":"c993eae2-6da0-4af1-97a1-7bbc2ef716a8","name":"PP005384 - Truffautstraat 67, Almere","address":"67 Truffautstraat","city":"Almere","operatorName":"TotalEnergies","maxPowerKw":13,"isMegawatt":false,"status":"CHARGING","source":"ndw"}},{"type":"Feature","geometry":{"type":"Point","coordinates":[5.27827,52.35889]},"properties":{"type":"charge","layer":"passenger","locationId":"d987c697f23e3208d7b6d4ad7ab21aa5","name":"Johan van der Waalsweg 15","address":"Johan van der Waalsweg 15","city":"Almere","operatorName":"Vattenfall InCharge","maxPowerKw":11,"isMegawatt":false,"status":"CHARGING","source":"ndw"}},{"type":"Feature","geometry":{"type":"Point","coordinates":[5.152283,52.351685]},"properties":{"type":"charge","layer":"passenger","locationId":"e1b9fd89-83d6-4217-b33a-364579086342","name":"TNLP008279 - Achillesstraat 72, Almere","address":"72 Achillesstraat","city":"Almere","operatorName":"TotalEnergies","maxPowerKw":14,"isMegawatt":false,"status":"AVAILABLE","source":"ndw"}},{"type":"Feature","geometry":{"type":"Point","coordinates":[5.208848,52.336136]},"properties":{"type":"charge","layer":"passenger","locationId":"525b26a7-8277-4d96-8a2b-104dd2b3becc","name":"TNLP009261 - Kimwierde 54, Almere","address":"54 Kimwierde","city":"Almere","operatorName":"TotalEnergies","maxPowerKw":15,"isMegawatt":false,"status":"AVAILABLE","source":"ndw"}},{"type":"Feature","geometry":{"type":"Point","coordinates":[5.146645,52.35525]},"properties":{"type":"charge","layer":"passenger","locationId":"559a6c68-250e-41d0-918a-e9e7246c60c9","name":"TNLP005738 - Thorstraat 17, Almere","address":"17 Thorstraat","city":"Almere","operatorName":"TotalEnergies","maxPowerKw":13,"isMegawatt":false,"status":"AVAILABLE","source":"ndw"}},{"type":"Feature","geometry":{"type":"Point","coordinates":[5.27557,52.39355]},"properties":{"type":"charge","layer":"passenger","locationId":"56623ee5-f406-49d6-aa2b-7de6bab810d5","name":"TNLP006632 - Westeinde 10, Almere","address":"10 Westeinde","city":"Almere","operatorName":"TotalEnergies","maxPowerKw":15,"isMegawatt":false,"status":"AVAILABLE","source":"ndw"}},{"type":"Feature","geometry":{"type":"Point","coordinates":[5.275552,52.370706]},"properties":{"type":"charge","layer":"passenger","locationId":"4174891","name":"Laadnet GAP Vastgoed BV","address":"Koningsbeltweg 52","city":"Almere","operatorName":"Laadnet","maxPowerKw":11,"isMegawatt":false,"status":"AVAILABLE","source":"ndw"}},{"type":"Feature","geometry":{"type":"Point","coordinates":[5.226825,52.389503]},"properties":{"type":"charge","layer":"passenger","locationId":"21108f29-e388-4d93-aa73-9e41c1ea057d","name":"TNLP009280 - Morrastraat 1, Almere","address":"1 Morrastraat","city":"Almere","operatorName":"TotalEnergies","maxPowerKw":13,"isMegawatt":false,"status":"AVAILABLE","source":"ndw"}},{"type":"Feature","geometry":{"type":"Point","coordinates":[5.2496778,52.3718957]},"properties":{"type":"charge","layer":"passenger","locationId":"1077","name":"Shell Recharge NL Pereboomweg 45","address":"Pereboomweg 45","city":"Almere","operatorName":"Ubitricity","maxPowerKw":22,"isMegawatt":false,"status":"UNAVAILABLE","source":"ndw","priceKwh":0.266}},{"type":"Feature","geometry":{"type":"Point","coordinates":[5.298929,52.41527]},"properties":{"type":"charge","layer":"passenger","locationId":"7a2f32a1-8df6-4390-abc4-67764fc42f89","name":"Laadplein - TNLP015204 - Oostvaardersbosplaats 1, Almere","address":"1 Oostvaardersbosplaats","city":"Almere","operatorName":"TotalEnergies","maxPowerKw":15,"isMegawatt":false,"status":"AVAILABLE","source":"ndw"}},{"type":"Feature","geometry":{"type":"Point","coordinates":[5.241672,52.36644]},"properties":{"type":"charge","layer":"passenger","locationId":"7a8a036e-730f-460b-a87c-ba7e71158762","name":"TNLP007563 - Simon van Collemstraat 62, Almere","address":"62 Simon van Collemstraat","city":"Almere","operatorName":"TotalEnergies","maxPowerKw":13,"isMegawatt":false,"status":"AVAILABLE","source":"ndw"}},{"type":"Feature","geometry":{"type":"Point","coordinates":[5.184503,52.371796]},"properties":{"type":"charge","layer":"passenger","locationId":"7d354952-2a53-4a66-9563-43eb1d27097b","name":"TNLP009513 - Panfluitstraat 20, Almere","address":"20 Panfluitstraat","city":"Almere","operatorName":"TotalEnergies","maxPowerKw":13,"isMegawatt":false,"status":"AVAILABLE","source":"ndw"}},{"type":"Feature","geometry":{"type":"Point","coordinates":[5.167905,52.355977]},"properties":{"type":"charge","layer":"passenger","locationId":"67ed09b580addc0b23da7f7b","name":"More2Safety kantoor","address":"Xenonstraat  72","city":"Almere","operatorName":"E-Flux by Road","maxPowerKw":14,"isMegawatt":false,"status":"AVAILABLE","source":"ndw","priceKwh":0.83}},{"type":"Feature","geometry":{"type":"Point","coordinates":[5.243601,52.36316]},"properties":{"type":"charge","layer":"passenger","locationId":"3392bb95-23b2-433f-9597-098815a09ea2","name":"TNLP008012 - Truffautstraat 15, Almere","address":"15 Truffautstraat","city":"Almere","operatorName":"TotalEnergies","maxPowerKw":15,"isMegawatt":false,"status":"AVAILABLE","source":"ndw"}},{"type":"Feature","geometry":{"type":"Point","coordinates":[5.23239,52.34374]},"properties":{"type":"charge","layer":"passenger","locationId":"b8f639607070443e38305cebf07e4bbf","name":"Sportmark 17","address":"Sportmark 17","city":"Almere","operatorName":"Vattenfall InCharge","maxPowerKw":11,"isMegawatt":false,"status":"AVAILABLE","source":"ndw"}},{"type":"Feature","geometry":{"type":"Point","coordinates":[5.2067399,52.3406009]},"properties":{"type":"charge","layer":"passenger","locationId":"1803","name":"Shell Recharge NL Leemwierde 26","address":"Leemwierde 26","city":"Almere","operatorName":"Ubitricity","maxPowerKw":22,"isMegawatt":false,"status":"AVAILABLE","source":"ndw","priceKwh":0.266}},{"type":"Feature","geometry":{"type":"Point","coordinates":[5.2361172,52.3924287]},"properties":{"type":"charge","layer":"passenger","locationId":"289","name":"Shell Recharge NL Pijlrogstraat 34","address":"Pijlrogstraat 34","city":"Almere","operatorName":"Ubitricity","maxPowerKw":11,"isMegawatt":false,"status":"AVAILABLE","source":"ndw","priceKwh":0.388}},{"type":"Feature","geometry":{"type":"Point","coordinates":[5.268601,52.36851]},"properties":{"type":"charge","layer":"passenger","locationId":"dd1ca956-7dde-46d7-a5b9-1e07e4734483","name":"TNLP008141 - El Grecostraat 100, Almere","address":"100 El Grecostraat","city":"Almere","operatorName":"TotalEnergies","maxPowerKw":13,"isMegawatt":false,"status":"AVAILABLE","source":"ndw"}},{"type":"Feature","geometry":{"type":"Point","coordinates":[5.268076,52.398455]},"properties":{"type":"charge","layer":"passenger","locationId":"68d544626b48409ab6cde860","name":"Testlocation","address":"Joan","city":"Amsterdam","operatorName":"Trial - Eranovum - 250919","maxPowerKw":22,"isMegawatt":false,"status":"UNAVAILABLE","source":"ndw"}},{"type":"Feature","geometry":{"type":"Point","coordinates":[5.2733415,52.4026597]},"properties":{"type":"charge","layer":"passenger","locationId":"1802","name":"Shell Recharge NL Trasmolenstraat 24","address":"Trasmolenstraat 24","city":"Almere","operatorName":"Ubitricity","maxPowerKw":22,"isMegawatt":false,"status":"AVAILABLE","source":"ndw","priceKwh":0.266}},{"type":"Feature","geometry":{"type":"Point","coordinates":[5.296527,52.392857]},"properties":{"type":"charge","layer":"passenger","locationId":"19f47c2d-3867-40fd-9d59-a2d76fc715f6","name":"TNLP007257 - Prismastraat 102, Almere","address":"102 Prismastraat","city":"Almere","operatorName":"TotalEnergies","maxPowerKw":13,"isMegawatt":false,"status":"CHARGING","source":"ndw"}},{"type":"Feature","geometry":{"type":"Point","coordinates":[5.2284532,52.370282]},"properties":{"type":"charge","layer":"passenger","locationId":"1759","name":"Shell Recharge NL Grace Kellystraat 1","address":"Grace Kellystraat 1","city":"Almere","operatorName":"Ubitricity","maxPowerKw":22,"isMegawatt":false,"status":"AVAILABLE","source":"ndw","priceKwh":0.266}},{"type":"Feature","geometry":{"type":"Point","coordinates":[5.23027,52.36943]},"properties":{"type":"charge","layer":"passenger","locationId":"221","name":"Shell Recharge NL Hollywoodlaan 72","address":"Hollywoodlaan 72","city":"Almere","operatorName":"Ubitricity","maxPowerKw":11,"isMegawatt":false,"status":"AVAILABLE","source":"ndw","priceKwh":0.388}},{"type":"Feature","geometry":{"type":"Point","coordinates":[5.321951,52.406574]},"properties":{"type":"charge","layer":"passenger","locationId":"633452b0718c026a7793b383","name":"Shell Recharge - Van Staveren","address":"De Striptekenaar 83","city":"Almere","operatorName":"E-Flux by Road","maxPowerKw":150,"isMegawatt":false,"status":"AVAILABLE","source":"ndw","priceKwh":0.68}},{"type":"Feature","geometry":{"type":"Point","coordinates":[5.24251,52.35753]},"properties":{"type":"charge","layer":"passenger","locationId":"7cd30174-aeaa-4872-a471-2f44715f60e2","name":"TNLP008895 - Felinilaan 147, Almere","address":"147 Felinilaan","city":"Almere","operatorName":"TotalEnergies","maxPowerKw":14,"isMegawatt":false,"status":"CHARGING","source":"ndw"}},{"type":"Feature","geometry":{"type":"Point","coordinates":[5.262376,52.400287]},"properties":{"type":"charge","layer":"passenger","locationId":"446","name":"Shell Recharge NL0714 - Shell Kaspers","address":"Hopperzuigerstraat 2","city":"Almere","operatorName":"Shell Recharge","maxPowerKw":300,"isMegawatt":false,"status":"AVAILABLE","source":"ndw","priceKwh":0.7025}},{"type":"Feature","geometry":{"type":"Point","coordinates":[5.149531,52.344925]},"properties":{"type":"charge","layer":"passenger","locationId":"7991e14f-6ed2-42ad-bb6b-0a7d1f711f91","name":"Laadplein - TNLP006649 - Frankrijkkade 198, Almere","address":"198 Frankrijkkade","city":"Almere","operatorName":"TotalEnergies","maxPowerKw":15,"isMegawatt":false,"status":"AVAILABLE","source":"ndw"}},{"type":"Feature","geometry":{"type":"Point","coordinates":[5.267372,52.390772]},"properties":{"type":"charge","layer":"passenger","locationId":"ad5f6f57-d667-4f84-a251-b5322506948e","name":"TNLP034124","address":"Clingendaellaan 55","city":"Almere","operatorName":"TotalEnergies","maxPowerKw":14,"isMegawatt":false,"status":"AVAILABLE","source":"ndw"}},{"type":"Feature","geometry":{"type":"Point","coordinates":[5.27353,52.395546]},"properties":{"type":"charge","layer":"passenger","locationId":"5211","name":"Shell Recharge NL9043 - Gamma Almere Doemere","address":"New Yorkweg 211","city":"Almere","operatorName":"Shell Recharge","maxPowerKw":150,"isMegawatt":false,"status":"AVAILABLE","source":"ndw","priceKwh":0.7025}},{"type":"Feature","geometry":{"type":"Point","coordinates":[5.31462,52.39579]},"properties":{"type":"charge","layer":"passenger","locationId":"480f532c22496fb20322d537de72ca53","name":"Isla Margaritastraat 16","address":"Isla Margaritastraat 16","city":"Almere","operatorName":"Vattenfall InCharge","maxPowerKw":11,"isMegawatt":false,"status":"AVAILABLE","source":"ndw"}},{"type":"Feature","geometry":{"type":"Point","coordinates":[5.196746,52.38024]},"properties":{"type":"charge","layer":"passenger","locationId":"ec2f4c57-03ab-4f04-9ca1-a9823529b880","name":"TNLP006977 - Papaverstraat 39, Almere","address":"39 Papaverstraat","city":"Almere","operatorName":"TotalEnergies","maxPowerKw":13,"isMegawatt":false,"status":"AVAILABLE","source":"ndw"}},{"type":"Feature","geometry":{"type":"Point","coordinates":[5.241004,52.38003]},"properties":{"type":"charge","layer":"passenger","locationId":"b038d625-e304-4e3b-88a6-2f3d99545790","name":"TNLP006823 - Willem Gertenbachstraat 20, Almere","address":"20 Willem Gertenbachstraat","city":"Almere","operatorName":"TotalEnergies","maxPowerKw":13,"isMegawatt":false,"status":"CHARGING","source":"ndw"}},{"type":"Feature","geometry":{"type":"Point","coordinates":[5.216317,52.339947]},"properties":{"type":"charge","layer":"passenger","locationId":"ed0e743d-10d0-420c-bb9d-000427694b00","name":"TNLP009512 - Middenhof 257, Almere","address":"257 Middenhof","city":"Almere","operatorName":"TotalEnergies","maxPowerKw":13,"isMegawatt":false,"status":"CHARGING","source":"ndw"}},{"type":"Feature","geometry":{"type":"Point","coordinates":[5.219444,52.387778]},"properties":{"type":"charge","layer":"passenger","locationId":"fe3aeaa0-92a4-4abe-a165-8f967b8321d3","name":"JOLT AMS00900","address":"Markerkant 10","city":"Almere","operatorName":"JOLT Energy","maxPowerKw":300,"isMegawatt":false,"status":"AVAILABLE","source":"ndw"}},{"type":"Feature","geometry":{"type":"Point","coordinates":[5.239115,52.38918]},"properties":{"type":"charge","layer":"passenger","locationId":"1e12bf16-3bf8-451b-9c75-afbb095166dc","name":"TNLP009601 - Inktvisplein 42, Almere","address":"42 Inktvisplein","city":"Almere","operatorName":"TotalEnergies","maxPowerKw":15,"isMegawatt":false,"status":"AVAILABLE","source":"ndw"}},{"type":"Feature","geometry":{"type":"Point","coordinates":[5.213586,52.367992]},"properties":{"type":"charge","layer":"passenger","locationId":"2d8e0761-c26b-49b4-b3f6-5a1b4e900585","name":"TNLP007561 - Deventerpad 44, Almere","address":"44 Deventerpad","city":"Almere","operatorName":"TotalEnergies","maxPowerKw":15,"isMegawatt":false,"status":"AVAILABLE","source":"ndw"}},{"type":"Feature","geometry":{"type":"Point","coordinates":[5.238628,52.33731]},"properties":{"type":"charge","layer":"passenger","locationId":"4a79947c-6283-4df4-a434-c447a7f07b1f","name":"PP005261 - Kolkgriend 201, Almere","address":"201 Kolkgriend","city":"Almere","operatorName":"TotalEnergies","maxPowerKw":13,"isMegawatt":false,"status":"AVAILABLE","source":"ndw"}},{"type":"Feature","geometry":{"type":"Point","coordinates":[5.224777,52.38608]},"properties":{"type":"charge","layer":"passenger","locationId":"0d674724-7815-4906-9631-fc62e5a8c4c1","name":"TNLP006298 - Haringvlietstraat 8, Almere","address":"8 Haringvlietstraat","city":"Almere","operatorName":"TotalEnergies","maxPowerKw":13,"isMegawatt":false,"status":"CHARGING","source":"ndw"}},{"type":"Feature","geometry":{"type":"Point","coordinates":[5.232466,52.391097]},"properties":{"type":"charge","layer":"passenger","locationId":"NLLOC001472","name":"NLD, Almere, Bonietplein 21","address":"Bonietplein 21","city":"Almere","operatorName":"Allego","maxPowerKw":11,"isMegawatt":false,"status":"AVAILABLE","source":"ndw","priceKwh":0.511}},{"type":"Feature","geometry":{"type":"Point","coordinates":[5.162426,52.34639]},"properties":{"type":"charge","layer":"passenger","locationId":"cd4d300d79f99fd7994966f968ab5afc","name":"Ruslandkade 18","address":"Ruslandkade 18","city":"Almere","operatorName":"Vattenfall InCharge","maxPowerKw":11,"isMegawatt":false,"status":"AVAILABLE","source":"ndw"}},{"type":"Feature","geometry":{"type":"Point","coordinates":[5.25626,52.37995]},"properties":{"type":"charge","layer":"passenger","locationId":"463","name":"Shell Recharge NL Mesdagstraat 40","address":"Mesdagstraat 40","city":"Almere","operatorName":"Ubitricity","maxPowerKw":11,"isMegawatt":false,"status":"AVAILABLE","source":"ndw","priceKwh":0.388}},{"type":"Feature","geometry":{"type":"Point","coordinates":[5.151063,52.354507]},"properties":{"type":"charge","layer":"passenger","locationId":"0c5102b4-027f-4f53-b41b-24c15077747f","name":"TNLP005735 - Hermesstraat 26, Almere","address":"26 Hermesstraat","city":"Almere","operatorName":"TotalEnergies","maxPowerKw":13,"isMegawatt":false,"status":"AVAILABLE","source":"ndw"}},{"type":"Feature","geometry":{"type":"Point","coordinates":[5.229937,52.378063]},"properties":{"type":"charge","layer":"passenger","locationId":"64902226ab871f001c1ebf6c","name":"Laadpalen Vastgoedmaatschap Randstad","address":"Randstad  161","city":"Almere","operatorName":"E-Flux by Road","maxPowerKw":22,"isMegawatt":false,"status":"AVAILABLE","source":"ndw","priceKwh":0.48}},{"type":"Feature","geometry":{"type":"Point","coordinates":[5.30594,52.40173]},"properties":{"type":"charge","layer":"passenger","locationId":"03991358-1794-4919-b3f9-78efbae5b803","name":"PP005404 - Terschellingstraat 36, Almere","address":"36 Terschellingstraat","city":"Almere","operatorName":"TotalEnergies","maxPowerKw":13,"isMegawatt":false,"status":"CHARGING","source":"ndw"}},{"type":"Feature","geometry":{"type":"Point","coordinates":[5.227757,52.345362]},"properties":{"type":"charge","layer":"passenger","locationId":"3f669df5b33509ac727e992fb5825721","name":"Hofmark 380","address":"Hofmark 380","city":"Almere","operatorName":"Vattenfall InCharge","maxPowerKw":11,"isMegawatt":false,"status":"AVAILABLE","source":"ndw"}},{"type":"Feature","geometry":{"type":"Point","coordinates":[5.271853,52.382518]},"properties":{"type":"charge","layer":"passenger","locationId":"63a18223ecf7420012377377","name":"Den's station","address":"Cobrastraat  1","city":"Almere","operatorName":"E-Flux by Road","maxPowerKw":11,"isMegawatt":false,"status":"AVAILABLE","source":"ndw","priceKwh":0.43}},{"type":"Feature","geometry":{"type":"Point","coordinates":[5.193479,52.383434]},"properties":{"type":"charge","layer":"passenger","locationId":"NLLOC001160","name":"NLD, Fonteinkruidstraat 8, 1313 JN, Almere","address":"Fonteinkruidstraat 8","city":"Almere","operatorName":"Allego","maxPowerKw":11,"isMegawatt":false,"status":"AVAILABLE","source":"ndw","priceKwh":0.511}},{"type":"Feature","geometry":{"type":"Point","coordinates":[5.2394181,52.3658288]},"properties":{"type":"charge","layer":"passenger","locationId":"2020","name":"Shell Recharge NL Audrey Hepburnstraat 34","address":"Audrey Hepburnstraat 34","city":"Almere","operatorName":"Ubitricity","maxPowerKw":22,"isMegawatt":false,"status":"AVAILABLE","source":"ndw","priceKwh":0.266}},{"type":"Feature","geometry":{"type":"Point","coordinates":[5.3060244,52.4003181]},"properties":{"type":"charge","layer":"passenger","locationId":"1149","name":"Shell Recharge NL Lofotenweg 23","address":"Lofotenweg 23","city":"Almere","operatorName":"Ubitricity","maxPowerKw":22,"isMegawatt":false,"status":"AVAILABLE","source":"ndw","priceKwh":0.266}},{"type":"Feature","geometry":{"type":"Point","coordinates":[5.182866,52.351047]},"properties":{"type":"charge","layer":"passenger","locationId":"64119cf926b8130012178bcc","name":"PREMIUM Laadpaal 3","address":"Televisieweg  54","city":"Almere","operatorName":"E-Flux by Road","maxPowerKw":22,"isMegawatt":false,"status":"AVAILABLE","source":"ndw","priceKwh":0.53}},{"type":"Feature","geometry":{"type":"Point","coordinates":[5.198047,52.354957]},"properties":{"type":"charge","layer":"passenger","locationId":"68cbce48328d9c0481c8def3","name":"Pluryn Almere Omroeper","address":"Radioweg 37","city":"Almere","operatorName":"Pluq","maxPowerKw":22,"isMegawatt":false,"status":"AVAILABLE","source":"ndw","priceKwh":0.4}},{"type":"Feature","geometry":{"type":"Point","coordinates":[5.2372984,52.387158]},"properties":{"type":"charge","layer":"passenger","locationId":"2019","name":"Shell Recharge NL Snoekstraat 53","address":"Snoekstraat 53","city":"Almere","operatorName":"Ubitricity","maxPowerKw":22,"isMegawatt":false,"status":"CHARGING","source":"ndw","priceKwh":0.266}},{"type":"Feature","geometry":{"type":"Point","coordinates":[5.209549,52.376072]},"properties":{"type":"charge","layer":"passenger","locationId":"04dbe380-801b-4d5c-9075-a72df3774869","name":"TNLP015468 - Stadhouderstraat 12, Almere","address":"12 Stadhouderstraat","city":"Almere","operatorName":"TotalEnergies","maxPowerKw":13,"isMegawatt":false,"status":"AVAILABLE","source":"ndw"}},{"type":"Feature","geometry":{"type":"Point","coordinates":[5.235388,52.339516]},"properties":{"type":"charge","layer":"passenger","locationId":"99f4e1bd-e764-493c-b8df-f1d763fb33a6","name":"TNLP007359 - Oevergriend 26, Almere","address":"26 Oevergriend","city":"Almere","operatorName":"TotalEnergies","maxPowerKw":13,"isMegawatt":false,"status":"AVAILABLE","source":"ndw"}},{"type":"Feature","geometry":{"type":"Point","coordinates":[5.155753,52.358807]},"properties":{"type":"charge","layer":"passenger","locationId":"24f3fee6-f64d-4074-ab32-4917fa2bf07c","name":"PP005523 - Aurorastraat 9, Almere","address":"9 Aurorastraat","city":"Almere","operatorName":"TotalEnergies","maxPowerKw":13,"isMegawatt":false,"status":"UNAVAILABLE","source":"ndw"}},{"type":"Feature","geometry":{"type":"Point","coordinates":[5.2418559,52.3774626]},"properties":{"type":"charge","layer":"passenger","locationId":"1053","name":"Shell Recharge NL Oltman Thomsenstraat 55","address":"Oltman Thomsenstraat 55","city":"Almere","operatorName":"Ubitricity","maxPowerKw":22,"isMegawatt":false,"status":"UNAVAILABLE","source":"ndw","priceKwh":0.266}},{"type":"Feature","geometry":{"type":"Point","coordinates":[5.189615,52.3622643]},"properties":{"type":"charge","layer":"passenger","locationId":"1237","name":"Shell Recharge NL Erik Satiestraat 1","address":"Erik Satiestraat 1","city":"Almere","operatorName":"Ubitricity","maxPowerKw":22,"isMegawatt":false,"status":"AVAILABLE","source":"ndw","priceKwh":0.266}},{"type":"Feature","geometry":{"type":"Point","coordinates":[5.265923,52.371995]},"properties":{"type":"charge","layer":"passenger","locationId":"672e0070fbe37532ebc40419","name":"8642 - Rechts","address":"Juan Grisstraat  44","city":"Almere","operatorName":"E-Flux by Road","maxPowerKw":22,"isMegawatt":false,"status":"AVAILABLE","source":"ndw","priceKwh":0.63}},{"type":"Feature","geometry":{"type":"Point","coordinates":[5.212922,52.355347]},"properties":{"type":"charge","layer":"passenger","locationId":"bcab81a9-9ff9-4ef0-a01c-e15e0b9b9698","name":"TNLP007137 - Oorweg 3A, Almere","address":"3A Oorweg","city":"Almere","operatorName":"TotalEnergies","maxPowerKw":15,"isMegawatt":false,"status":"AVAILABLE","source":"ndw"}},{"type":"Feature","geometry":{"type":"Point","coordinates":[5.305104,52.396084]},"properties":{"type":"charge","layer":"passenger","locationId":"ccb034bd-0086-4b42-8f6e-e5a9c40f1806","name":"PP005211 - Midwaypad 1, Almere","address":"1 Midwaypad","city":"Almere","operatorName":"TotalEnergies","maxPowerKw":13,"isMegawatt":false,"status":"AVAILABLE","source":"ndw"}},{"type":"Feature","geometry":{"type":"Point","coordinates":[5.310366,52.39797]},"properties":{"type":"charge","layer":"passenger","locationId":"NLLOC001882","name":"NLD, Almere, Pembastraat 50","address":"Pembastraat 50","city":"Almere","operatorName":"Allego","maxPowerKw":11,"isMegawatt":false,"status":"AVAILABLE","source":"ndw","priceKwh":0.511}},{"type":"Feature","geometry":{"type":"Point","coordinates":[5.143588,52.346552]},"properties":{"type":"charge","layer":"passenger","locationId":"66685b2da47e20001c069c33","name":"Vereniging van Eigenaars \"12 luxe strandappartementen\"","address":"Noorwegenkade 104/126","city":"Almere","operatorName":"Pluq","maxPowerKw":14,"isMegawatt":false,"status":"AVAILABLE","source":"ndw","priceKwh":0.45}},{"type":"Feature","geometry":{"type":"Point","coordinates":[5.194333,52.382072]},"properties":{"type":"charge","layer":"passenger","locationId":"251fbdfa-f8ab-4f8b-a008-942bcd3dd03a","name":"TNLP007078 - Gipskruidweg 211, Almere","address":"211 Gipskruidweg","city":"Almere","operatorName":"TotalEnergies","maxPowerKw":13,"isMegawatt":false,"status":"AVAILABLE","source":"ndw"}},{"type":"Feature","geometry":{"type":"Point","coordinates":[5.2300089,52.3334168]},"properties":{"type":"charge","layer":"passenger","locationId":"2678","name":"Shell Recharge NL Dijkmeent 41","address":"Dijkmeent 41","city":"Almere","operatorName":"Ubitricity","maxPowerKw":22,"isMegawatt":false,"status":"AVAILABLE","source":"ndw","priceKwh":0.266}},{"type":"Feature","geometry":{"type":"Point","coordinates":[5.16029,52.35462]},"properties":{"type":"charge","layer":"passenger","locationId":"0458b8b7cb166529a8ee848ba497b9da","name":"Arinnastraat 13","address":"Arinnastraat 13","city":"Almere","operatorName":"Vattenfall InCharge","maxPowerKw":11,"isMegawatt":false,"status":"CHARGING","source":"ndw"}},{"type":"Feature","geometry":{"type":"Point","coordinates":[5.20921,52.358807]},"properties":{"type":"charge","layer":"passenger","locationId":"9ff94e6bf96b35faf2f640676feda118","name":"Heerlenstraat 10","address":"Heerlenstraat 10","city":"Almere","operatorName":"Vattenfall InCharge","maxPowerKw":11,"isMegawatt":false,"status":"AVAILABLE","source":"ndw"}},{"type":"Feature","geometry":{"type":"Point","coordinates":[5.26899,52.36754]},"properties":{"type":"charge","layer":"passenger","locationId":"28a10dba5bc62241e872bb24bf8ceb78","name":"El Grecostraat 136","address":"El Grecostraat 136","city":"Almere","operatorName":"Vattenfall InCharge","maxPowerKw":11,"isMegawatt":false,"status":"AVAILABLE","source":"ndw"}},{"type":"Feature","geometry":{"type":"Point","coordinates":[5.31973,52.403793]},"properties":{"type":"charge","layer":"passenger","locationId":"579f44ed-4b44-481e-b58a-88c9e7a1842a","name":"TNLP006228 - Carol Vogesgracht 18, Almere","address":"18 Carol Vogesgracht","city":"Almere","operatorName":"TotalEnergies","maxPowerKw":13,"isMegawatt":false,"status":"AVAILABLE","source":"ndw"}},{"type":"Feature","geometry":{"type":"Point","coordinates":[5.214295,52.339902]},"properties":{"type":"charge","layer":"passenger","locationId":"NLLOC000852","name":"NLD, Almere, Middenhof 210","address":"Middenhof 210","city":"Almere","operatorName":"Allego","maxPowerKw":11,"isMegawatt":false,"status":"AVAILABLE","source":"ndw","priceKwh":0.511}},{"type":"Feature","geometry":{"type":"Point","coordinates":[5.288816,52.388091]},"properties":{"type":"charge","layer":"passenger","locationId":"db10f560-07f8-40a9-851e-d97231486db6","name":"TNLP034279","address":"Lotusbloemweg 119","city":"Almere","operatorName":"TotalEnergies","maxPowerKw":14,"isMegawatt":false,"status":"CHARGING","source":"ndw"}},{"type":"Feature","geometry":{"type":"Point","coordinates":[5.14845,52.34664]},"properties":{"type":"charge","layer":"passenger","locationId":"5de91cbc-6685-49d1-9f18-05259e4ae0cd","name":"Laadplein - PP001447 - Europalaan 830, Almere","address":"830 Europalaan","city":"Almere","operatorName":"TotalEnergies","maxPowerKw":15,"isMegawatt":false,"status":"AVAILABLE","source":"ndw"}},{"type":"Feature","geometry":{"type":"Point","coordinates":[5.172061,52.389603]},"properties":{"type":"charge","layer":"passenger","locationId":"9a1c00c9-f397-4c1d-aebd-209c0c24de4b","name":"TNLP007277 - Sprietzeil 61, Almere","address":"61 Sprietzeil","city":"Almere","operatorName":"TotalEnergies","maxPowerKw":13,"isMegawatt":false,"status":"AVAILABLE","source":"ndw"}},{"type":"Feature","geometry":{"type":"Point","coordinates":[5.180078,52.37225]},"properties":{"type":"charge","layer":"passenger","locationId":"74a7c169-467b-4da6-9fd0-834722a98fff","name":"TNLP006252 - Wim Sonneveldstraat 1, Almere","address":"1 Wim Sonneveldstraat","city":"Almere","operatorName":"TotalEnergies","maxPowerKw":13,"isMegawatt":false,"status":"CHARGING","source":"ndw"}},{"type":"Feature","geometry":{"type":"Point","coordinates":[5.229264,52.389041]},"properties":{"type":"charge","layer":"passenger","locationId":"NLLOC000949","name":"NLD, Almere, Grote Wielenpad 2","address":"Grote Wielenpad 2","city":"Almere","operatorName":"Allego","maxPowerKw":11,"isMegawatt":false,"status":"AVAILABLE","source":"ndw","priceKwh":0.511}},{"type":"Feature","geometry":{"type":"Point","coordinates":[5.265783,52.399478]},"properties":{"type":"charge","layer":"passenger","locationId":"bc1d3076d3649bb452c5aee5092e1863","name":"Walmolenstraat 26","address":"Walmolenstraat 26","city":"Almere","operatorName":"Vattenfall InCharge","maxPowerKw":11,"isMegawatt":false,"status":"AVAILABLE","source":"ndw"}},{"type":"Feature","geometry":{"type":"Point","coordinates":[5.177462,52.362687]},"properties":{"type":"charge","layer":"passenger","locationId":"6641ca93fb0c90001ca5c1f2","name":"Alex van den Haak 's station (Locatie 2)","address":"Purmerweg 7 7","city":"Almere","operatorName":"E-Flux by Road","maxPowerKw":22,"isMegawatt":false,"status":"AVAILABLE","source":"ndw","priceKwh":0.53}},{"type":"Feature","geometry":{"type":"Point","coordinates":[5.289255,52.401478]},"properties":{"type":"charge","layer":"passenger","locationId":"06966ae5-461d-4d52-9fb3-bd15f7721426","name":"PP001392 - Eeuwenweg 63, Almere","address":"63 Eeuwenweg","city":"Almere","operatorName":"TotalEnergies","maxPowerKw":11,"isMegawatt":false,"status":"AVAILABLE","source":"ndw"}},{"type":"Feature","geometry":{"type":"Point","coordinates":[5.18073,52.36713]},"properties":{"type":"charge","layer":"passenger","locationId":"7ba5584b-5cdf-4239-8dcf-427b0ff707ad","name":"PP001306 - Chet Bakerstraat 28, Almere","address":"28 Chet Bakerstraat","city":"Almere","operatorName":"TotalEnergies","maxPowerKw":11,"isMegawatt":false,"status":"AVAILABLE","source":"ndw"}},{"type":"Feature","geometry":{"type":"Point","coordinates":[5.282192,52.379439]},"properties":{"type":"charge","layer":"passenger","locationId":"OST23P0069_0027_0","name":"OST23P0069_0027_0","address":"Trekweg 71","city":"Almere","operatorName":"e-VOLTT","maxPowerKw":19,"isMegawatt":false,"status":"AVAILABLE","source":"ndw","priceKwh":0.44}},{"type":"Feature","geometry":{"type":"Point","coordinates":[5.252601,52.35854]},"properties":{"type":"charge","layer":"passenger","locationId":"69afbdd5a59b7c858b2efecf","name":"Van der Valk - Almere - Charging Stations","address":"Veluwezoom 45","city":"Almere","operatorName":"Valk Energy","maxPowerKw":150,"isMegawatt":false,"status":"AVAILABLE","source":"ndw","priceKwh":0.59}},{"type":"Feature","geometry":{"type":"Point","coordinates":[5.144392,52.35404]},"properties":{"type":"charge","layer":"passenger","locationId":"bf932784-de7b-4c6c-9d24-78ab8749a758","name":"TNLP006114 - Henry Stanleystraat 1, Almere","address":"1 Henry Stanleystraat","city":"Almere","operatorName":"TotalEnergies","maxPowerKw":13,"isMegawatt":false,"status":"AVAILABLE","source":"ndw"}},{"type":"Feature","geometry":{"type":"Point","coordinates":[5.23012,52.33551]},"properties":{"type":"charge","layer":"passenger","locationId":"c1bb6470-4bfc-487d-a4ca-4e00c0f2b76e","name":"TNLP007372 - Achterwerf 30, Almere","address":"30 Achterwerf","city":"Almere","operatorName":"TotalEnergies","maxPowerKw":13,"isMegawatt":false,"status":"AVAILABLE","source":"ndw"}},{"type":"Feature","geometry":{"type":"Point","coordinates":[5.144199,52.34567]},"properties":{"type":"charge","layer":"passenger","locationId":"b0b2f9de-08fc-4191-a335-4b63277918a4","name":"TNLP007279 - Europalaan 958, Almere","address":"958 Europalaan","city":"Almere","operatorName":"TotalEnergies","maxPowerKw":13,"isMegawatt":false,"status":"AVAILABLE","source":"ndw"}},{"type":"Feature","geometry":{"type":"Point","coordinates":[5.183312,52.37445]},"properties":{"type":"charge","layer":"passenger","locationId":"d4113816-d551-4d07-949d-26b187b33a5c","name":"TNLP006583 - Saxofoonweg 77, Almere","address":"77 Saxofoonweg","city":"Almere","operatorName":"TotalEnergies","maxPowerKw":13,"isMegawatt":false,"status":"AVAILABLE","source":"ndw"}},{"type":"Feature","geometry":{"type":"Point","coordinates":[5.219065,52.38639]},"properties":{"type":"charge","layer":"passenger","locationId":"cb7128a3-5053-4f72-869a-eef16dd02d3a","name":"TNLP006986 - Markerkant 10 30, Almere","address":"10 30 Markerkant","city":"Almere","operatorName":"TotalEnergies","maxPowerKw":15,"isMegawatt":false,"status":"AVAILABLE","source":"ndw"}},{"type":"Feature","geometry":{"type":"Point","coordinates":[5.2264,52.344788]},"properties":{"type":"charge","layer":"passenger","locationId":"61a767d4-2136-4029-83ad-d023809a68b4","name":"TNLP009192 - Vrijmark 139 139, Almere","address":"139 139 Vrijmark","city":"Almere","operatorName":"TotalEnergies","maxPowerKw":13,"isMegawatt":false,"status":"AVAILABLE","source":"ndw"}},{"type":"Feature","geometry":{"type":"Point","coordinates":[5.146625,52.354975]},"properties":{"type":"charge","layer":"passenger","locationId":"98d0dcbb6f2531c2311dae9745d76f1a","name":"Thorstraat 10","address":"Thorstraat 10","city":"Almere","operatorName":"Vattenfall InCharge","maxPowerKw":11,"isMegawatt":false,"status":"CHARGING","source":"ndw"}},{"type":"Feature","geometry":{"type":"Point","coordinates":[5.28429,52.35836]},"properties":{"type":"charge","layer":"passenger","locationId":"24e115fe-e073-485f-a5de-13c18228cf18","name":"PP001228 - Max Planckstraat 3, Almere","address":"3 Max Planckstraat","city":"Almere","operatorName":"TotalEnergies","maxPowerKw":11,"isMegawatt":false,"status":"UNAVAILABLE","source":"ndw"}},{"type":"Feature","geometry":{"type":"Point","coordinates":[5.139147,52.356327]},"properties":{"type":"charge","layer":"passenger","locationId":"dc30e2dc-8595-460d-beb7-40f1af59fc11","name":"TNLP006647 - Olivier Bruyneelstraat 68, Almere","address":"68 Olivier Bruyneelstraat","city":"Almere","operatorName":"TotalEnergies","maxPowerKw":13,"isMegawatt":false,"status":"CHARGING","source":"ndw"}},{"type":"Feature","geometry":{"type":"Point","coordinates":[5.15828,52.3466]},"properties":{"type":"charge","layer":"passenger","locationId":"52498b2d-0854-4210-bf17-1bb360f390bc","name":"TNLP009870","address":"Albaniëstraat 1","city":"Almere","operatorName":"TotalEnergies","maxPowerKw":17,"isMegawatt":false,"status":"CHARGING","source":"ndw"}},{"type":"Feature","geometry":{"type":"Point","coordinates":[5.231287,52.375317]},"properties":{"type":"charge","layer":"passenger","locationId":"f457d2a0-e290-4c48-9f74-8a22103ec9c8","name":"PP005622 - Bud Abbottstraat 15, Almere","address":"15 Bud Abbottstraat","city":"Almere","operatorName":"TotalEnergies","maxPowerKw":13,"isMegawatt":false,"status":"AVAILABLE","source":"ndw"}},{"type":"Feature","geometry":{"type":"Point","coordinates":[5.275025,52.370038]},"properties":{"type":"charge","layer":"passenger","locationId":"65032b7a13a709001cf39688","name":"Wattman Europe BV","address":"Koningsbeltweg 74G","city":"Almere","operatorName":"E-Flux by Road","maxPowerKw":22,"isMegawatt":false,"status":"AVAILABLE","source":"ndw","priceKwh":0.38}},{"type":"Feature","geometry":{"type":"Point","coordinates":[5.200727,52.382449]},"properties":{"type":"charge","layer":"passenger","locationId":"NLLOC001172","name":"NLD, Almere, Wollegrasweg 22","address":"Wollegrasweg 22","city":"Almere","operatorName":"Allego","maxPowerKw":11,"isMegawatt":false,"status":"AVAILABLE","source":"ndw","priceKwh":0.511}},{"type":"Feature","geometry":{"type":"Point","coordinates":[5.245135,52.378025]},"properties":{"type":"charge","layer":"passenger","locationId":"459681b9-e784-48d6-9013-af85dc7c2be9","name":"PP005449 - Kapitein de Langestraat 69, Almere","address":"69 Kapitein de Langestraat","city":"Almere","operatorName":"TotalEnergies","maxPowerKw":13,"isMegawatt":false,"status":"CHARGING","source":"ndw"}},{"type":"Feature","geometry":{"type":"Point","coordinates":[5.214555,52.370342]},"properties":{"type":"charge","layer":"passenger","locationId":"894e5667-6b6e-4c10-84a2-4839b2d7b207","name":"TNLP009404 - Gezellenhof 39, Almere","address":"39 Gezellenhof","city":"Almere","operatorName":"TotalEnergies","maxPowerKw":13,"isMegawatt":false,"status":"AVAILABLE","source":"ndw"}},{"type":"Feature","geometry":{"type":"Point","coordinates":[5.261923,52.36893]},"properties":{"type":"charge","layer":"passenger","locationId":"7e3920a4-66fc-442c-885c-b9f711e90195","name":"PP005640 - Renoirstraat 5, Almere","address":"5 Renoirstraat","city":"Almere","operatorName":"TotalEnergies","maxPowerKw":13,"isMegawatt":false,"status":"AVAILABLE","source":"ndw"}},{"type":"Feature","geometry":{"type":"Point","coordinates":[5.236891,52.334602]},"properties":{"type":"charge","layer":"passenger","locationId":"5c60011f-3a23-46e6-a06a-b6c47211c39d","name":"TNLP009302 - Schapenmeent 95, Almere","address":"95 Schapenmeent","city":"Almere","operatorName":"TotalEnergies","maxPowerKw":15,"isMegawatt":false,"status":"AVAILABLE","source":"ndw"}},{"type":"Feature","geometry":{"type":"Point","coordinates":[5.3124968,52.4041809]},"properties":{"type":"charge","layer":"passenger","locationId":"1750","name":"Shell Recharge NL Bulletjestraat 10","address":"Bulletjestraat 10","city":"Almere","operatorName":"Ubitricity","maxPowerKw":22,"isMegawatt":false,"status":"AVAILABLE","source":"ndw","priceKwh":0.266}},{"type":"Feature","geometry":{"type":"Point","coordinates":[5.2247058,52.3345691]},"properties":{"type":"charge","layer":"passenger","locationId":"1764","name":"Shell Recharge NL Goedewerf 69","address":"Goedewerf 69","city":"Almere","operatorName":"Ubitricity","maxPowerKw":22,"isMegawatt":false,"status":"AVAILABLE","source":"ndw","priceKwh":0.266}},{"type":"Feature","geometry":{"type":"Point","coordinates":[5.211726,52.359744]},"properties":{"type":"charge","layer":"passenger","locationId":"abb86332-2bd7-4426-a17b-7ebda45368ba","name":"TNLP034112","address":"Maastrichtkwartier 96","city":"Almere","operatorName":"TotalEnergies","maxPowerKw":14,"isMegawatt":false,"status":"AVAILABLE","source":"ndw"}},{"type":"Feature","geometry":{"type":"Point","coordinates":[5.265626,52.372093]},"properties":{"type":"charge","layer":"passenger","locationId":"4f453408-adde-473f-85d1-551ddb313ce9","name":"TNLP009375 - Juan Grisstraat 44, Almere","address":"44 Juan Grisstraat","city":"Almere","operatorName":"TotalEnergies","maxPowerKw":13,"isMegawatt":false,"status":"AVAILABLE","source":"ndw"}},{"type":"Feature","geometry":{"type":"Point","coordinates":[5.236694,52.340833]},"properties":{"type":"charge","layer":"passenger","locationId":"acb2fa70b433a1b2deca4fc47b34d86a","name":"Oevergriend 58","address":"Oevergriend 58","city":"Almere","operatorName":"Vattenfall InCharge","maxPowerKw":11,"isMegawatt":false,"status":"AVAILABLE","source":"ndw"}},{"type":"Feature","geometry":{"type":"Point","coordinates":[5.141265,52.346341]},"properties":{"type":"charge","layer":"passenger","locationId":"3968797","name":"Laadnet Mijnsport","address":"Noorderduinzicht 10","city":"Almere","operatorName":"Laadnet","maxPowerKw":11,"isMegawatt":false,"status":"CHARGING","source":"ndw"}},{"type":"Feature","geometry":{"type":"Point","coordinates":[5.320956,52.404355]},"properties":{"type":"charge","layer":"passenger","locationId":"8cc8c55d-08c0-45fe-b36b-3766087655a1","name":"TNLP034284","address":"Carol Vogesgracht 32","city":"Almere","operatorName":"TotalEnergies","maxPowerKw":14,"isMegawatt":false,"status":"AVAILABLE","source":"ndw"}},{"type":"Feature","geometry":{"type":"Point","coordinates":[5.306554,52.403152]},"properties":{"type":"charge","layer":"passenger","locationId":"2dd05db6-2043-41fe-a3a6-74c2eaeb1bd6","name":"TNLP007281 - Hebridenstraat 72, Almere","address":"72 Hebridenstraat","city":"Almere","operatorName":"TotalEnergies","maxPowerKw":13,"isMegawatt":false,"status":"CHARGING","source":"ndw"}},{"type":"Feature","geometry":{"type":"Point","coordinates":[5.225561,52.37839]},"properties":{"type":"charge","layer":"passenger","locationId":"36d4c47a-8bf4-476d-afb5-8663cceb7a03","name":"TNLP006978 - Randstad 22 35, Almere","address":"22 35 Randstad","city":"Almere","operatorName":"TotalEnergies","maxPowerKw":15,"isMegawatt":false,"status":"AVAILABLE","source":"ndw"}},{"type":"Feature","geometry":{"type":"Point","coordinates":[5.212846,52.379456]},"properties":{"type":"charge","layer":"passenger","locationId":"3c783aa1-f152-4683-9c81-b81b515c92f8","name":"TNLP008048 - A. Vondelingstraat 28, Almere","address":"28 A. Vondelingstraat","city":"Almere","operatorName":"TotalEnergies","maxPowerKw":13,"isMegawatt":false,"status":"AVAILABLE","source":"ndw"}},{"type":"Feature","geometry":{"type":"Point","coordinates":[5.243545,52.373642]},"properties":{"type":"charge","layer":"passenger","locationId":"ff01fa1a-9573-4162-a021-6871a7ab3bc6","name":"TNLP009898 - Watercipresstraat 1, Almere","address":"1 Watercipresstraat","city":"Almere","operatorName":"TotalEnergies","maxPowerKw":13,"isMegawatt":false,"status":"AVAILABLE","source":"ndw"}},{"type":"Feature","geometry":{"type":"Point","coordinates":[5.22462,52.33548]},"properties":{"type":"charge","layer":"passenger","locationId":"16a1da65-ce76-4e6d-86b8-f397440079a2","name":"PP005414 - Goedewerf 2, Almere","address":"2 Goedewerf","city":"Almere","operatorName":"TotalEnergies","maxPowerKw":13,"isMegawatt":false,"status":"AVAILABLE","source":"ndw"}},{"type":"Feature","geometry":{"type":"Point","coordinates":[5.291357,52.40111]},"properties":{"type":"charge","layer":"passenger","locationId":"200f320b-0eae-41c1-8705-dafd623df273","name":"TNLP007631 - Voorjaarstraat 35, Almere","address":"35 Voorjaarstraat","city":"Almere","operatorName":"TotalEnergies","maxPowerKw":13,"isMegawatt":false,"status":"CHARGING","source":"ndw"}},{"type":"Feature","geometry":{"type":"Point","coordinates":[5.321203,52.404087]},"properties":{"type":"charge","layer":"passenger","locationId":"14ef3dd9-5296-4ee3-b623-6434de781281","name":"TNLP005981 - Carol Vogesgracht 32, Almere","address":"32 Carol Vogesgracht","city":"Almere","operatorName":"TotalEnergies","maxPowerKw":13,"isMegawatt":false,"status":"AVAILABLE","source":"ndw"}},{"type":"Feature","geometry":{"type":"Point","coordinates":[5.141709,52.353214]},"properties":{"type":"charge","layer":"passenger","locationId":"7049022f-31b0-40ba-9f7e-2c1d22eba5d7","name":"TNLP008915 - Henry Stanleystraat 21, Almere","address":"21 Henry Stanleystraat","city":"Almere","operatorName":"TotalEnergies","maxPowerKw":14,"isMegawatt":false,"status":"CHARGING","source":"ndw"}},{"type":"Feature","geometry":{"type":"Point","coordinates":[5.240935,52.374348]},"properties":{"type":"charge","layer":"passenger","locationId":"8c166734-86fe-4c08-945a-8741bb0efb7f","name":"TNLP006998 - Parkwijklaan 4, Almere","address":"4 Parkwijklaan","city":"Almere","operatorName":"TotalEnergies","maxPowerKw":13,"isMegawatt":false,"status":"AVAILABLE","source":"ndw"}},{"type":"Feature","geometry":{"type":"Point","coordinates":[5.1804929,52.3560347]},"properties":{"type":"charge","layer":"passenger","locationId":"776","name":"Shell Recharge NL Pierre Kempstraat 2","address":"Pierre Kempstraat 2","city":"Almere","operatorName":"Ubitricity","maxPowerKw":22,"isMegawatt":false,"status":"AVAILABLE","source":"ndw","priceKwh":0.266}},{"type":"Feature","geometry":{"type":"Point","coordinates":[5.182866,52.351047]},"properties":{"type":"charge","layer":"passenger","locationId":"64119e4619d38e0011643ddb","name":"PREMIUM Laadpaal 4","address":"Televisieweg  54","city":"Almere","operatorName":"E-Flux by Road","maxPowerKw":22,"isMegawatt":false,"status":"AVAILABLE","source":"ndw","priceKwh":0.53}},{"type":"Feature","geometry":{"type":"Point","coordinates":[5.140146,52.342657]},"properties":{"type":"charge","layer":"passenger","locationId":"cbe8406c5c5cf834ff63aa22131287fd","name":"Sterduinstraat 44","address":"Sterduinstraat 44","city":"Almere","operatorName":"Vattenfall InCharge","maxPowerKw":11,"isMegawatt":false,"status":"AVAILABLE","source":"ndw"}},{"type":"Feature","geometry":{"type":"Point","coordinates":[5.162299,52.34461]},"properties":{"type":"charge","layer":"passenger","locationId":"69209b6fa96e962fe03f7257","name":"Timothy Philips 's station","address":"Koperstraat 7","city":"Almere","operatorName":"E-Flux by Road","maxPowerKw":11,"isMegawatt":false,"status":"AVAILABLE","source":"ndw","priceKwh":0.48}},{"type":"Feature","geometry":{"type":"Point","coordinates":[5.313846,52.34442]},"properties":{"type":"charge","layer":"passenger","locationId":"b43f1b4f-0689-4e17-8e93-df83064d6bec","name":"TNLP009216 - Burchard de Volderstraat 19, Almere","address":"19 Burchard de Volderstraat","city":"Almere","operatorName":"TotalEnergies","maxPowerKw":13,"isMegawatt":false,"status":"AVAILABLE","source":"ndw"}},{"type":"Feature","geometry":{"type":"Point","coordinates":[5.233143,52.370186]},"properties":{"type":"charge","layer":"passenger","locationId":"90b82482-f8ca-4523-bcc1-7fb0b4fe64c4","name":"TNLP009997 - Hollywoodlaan 144, Almere","address":"144 Hollywoodlaan","city":"Almere","operatorName":"TotalEnergies","maxPowerKw":13,"isMegawatt":false,"status":"AVAILABLE","source":"ndw"}},{"type":"Feature","geometry":{"type":"Point","coordinates":[5.338697,52.325383]},"properties":{"type":"charge","layer":"passenger","locationId":"69df93e0973304961cddfb4b","name":"Loodsterwold 2 x 22kw","address":"Hoogvliegerweg 51","city":"Almere","operatorName":"E-Flux by Road","maxPowerKw":22,"isMegawatt":false,"status":"AVAILABLE","source":"ndw","priceKwh":0.32}},{"type":"Feature","geometry":{"type":"Point","coordinates":[5.16218,52.34579]},"properties":{"type":"charge","layer":"passenger","locationId":"bdfb2b65-5ad3-4455-b665-644f1763a3bc","name":"TNLP034121","address":"Ruslandkade 34","city":"Almere","operatorName":"TotalEnergies","maxPowerKw":14,"isMegawatt":false,"status":"CHARGING","source":"ndw"}},{"type":"Feature","geometry":{"type":"Point","coordinates":[5.2865616,52.4002428]},"properties":{"type":"charge","layer":"passenger","locationId":"1443","name":"Shell Recharge NL Eeuwenweg 97","address":"Eeuwenweg 97","city":"Almere","operatorName":"Ubitricity","maxPowerKw":22,"isMegawatt":false,"status":"CHARGING","source":"ndw","priceKwh":0.266}},{"type":"Feature","geometry":{"type":"Point","coordinates":[5.190605,52.358917]},"properties":{"type":"charge","layer":"passenger","locationId":"eec4b83a-c509-4b84-85b2-3f3fe18edfb8","name":"TNLP007058 - Annie M.G. Schmidtweg 21, Almere","address":"21 Annie M.G. Schmidtweg","city":"Almere","operatorName":"TotalEnergies","maxPowerKw":13,"isMegawatt":false,"status":"AVAILABLE","source":"ndw"}},{"type":"Feature","geometry":{"type":"Point","coordinates":[5.157124,52.34568]},"properties":{"type":"charge","layer":"passenger","locationId":"3893a3ff-a890-4636-9fb9-66a3707ca4aa","name":"TNLP009857","address":"Europalaan 499","city":"Almere","operatorName":"TotalEnergies","maxPowerKw":17,"isMegawatt":false,"status":"CHARGING","source":"ndw"}},{"type":"Feature","geometry":{"type":"Point","coordinates":[5.157914,52.34837]},"properties":{"type":"charge","layer":"passenger","locationId":"4ea22eb99e7e906226cac21ab4ab7335","name":"Cypruskade  16","address":"Cypruskade  16","city":"Almere","operatorName":"Vattenfall InCharge","maxPowerKw":11,"isMegawatt":false,"status":"AVAILABLE","source":"ndw"}},{"type":"Feature","geometry":{"type":"Point","coordinates":[5.288815,52.390427]},"properties":{"type":"charge","layer":"passenger","locationId":"d93c4ac2-16f9-4153-8ff0-9679f82aee58","name":"TNLP034671","address":"Victoria Regiastraat 4","city":"Almere","operatorName":"TotalEnergies","maxPowerKw":14,"isMegawatt":false,"status":"AVAILABLE","source":"ndw"}},{"type":"Feature","geometry":{"type":"Point","coordinates":[5.140939,52.353634]},"properties":{"type":"charge","layer":"passenger","locationId":"29200fc7-a3ad-41b4-b3c9-0d0445e3fbac","name":"Laadplein - TNLP006840 - Leif Erikssonstraat 49, Almere","address":"49 Leif Erikssonstraat","city":"Almere","operatorName":"TotalEnergies","maxPowerKw":15,"isMegawatt":false,"status":"AVAILABLE","source":"ndw"}},{"type":"Feature","geometry":{"type":"Point","coordinates":[5.254811,52.411367]},"properties":{"type":"charge","layer":"passenger","locationId":"2405004","name":"Laadnet Opti-Label","address":"Bolderweg 49","city":"Almere","operatorName":"Laadnet","maxPowerKw":22,"isMegawatt":false,"status":"UNAVAILABLE","source":"ndw"}},{"type":"Feature","geometry":{"type":"Point","coordinates":[5.301339,52.393277]},"properties":{"type":"charge","layer":"passenger","locationId":"cdc93890-8ce7-4f50-8365-17de4a6a3e70","name":"TNLP034250","address":"Barnsteenstraat 21","city":"Almere","operatorName":"TotalEnergies","maxPowerKw":14,"isMegawatt":false,"status":"AVAILABLE","source":"ndw"}},{"type":"Feature","geometry":{"type":"Point","coordinates":[5.297316,52.39725]},"properties":{"type":"charge","layer":"passenger","locationId":"d4eaabbd-524a-4a9b-85f7-d7509bdb65c6","name":"TNLP009298 - Ecrustraat 44, Almere","address":"44 Ecrustraat","city":"Almere","operatorName":"TotalEnergies","maxPowerKw":13,"isMegawatt":false,"status":"AVAILABLE","source":"ndw"}},{"type":"Feature","geometry":{"type":"Point","coordinates":[5.247813,52.37499]},"properties":{"type":"charge","layer":"passenger","locationId":"d7c8bc18-145f-476a-a82b-23372db9a892","name":"Laadplein - TNLP006289 - Parkwijklaan 88, Almere","address":"88 Parkwijklaan","city":"Almere","operatorName":"TotalEnergies","maxPowerKw":15,"isMegawatt":false,"status":"AVAILABLE","source":"ndw"}},{"type":"Feature","geometry":{"type":"Point","coordinates":[5.144716,52.34903]},"properties":{"type":"charge","layer":"passenger","locationId":"94d922b3-f766-4647-b2ac-d0f14ae10a0d","name":"Laadplein - PP005258 - Denemarkenstraat 128, Almere","address":"128 Denemarkenstraat","city":"Almere","operatorName":"TotalEnergies","maxPowerKw":15,"isMegawatt":false,"status":"AVAILABLE","source":"ndw"}},{"type":"Feature","geometry":{"type":"Point","coordinates":[5.256274,52.365342]},"properties":{"type":"charge","layer":"passenger","locationId":"NLLOC003061","name":"NLD, Salsastraat 87, 1326 PC Almere","address":"Salsastraat 87","city":"Almere","operatorName":"Allego","maxPowerKw":11,"isMegawatt":false,"status":"AVAILABLE","source":"ndw","priceKwh":0.511}},{"type":"Feature","geometry":{"type":"Point","coordinates":[5.233686,52.334843]},"properties":{"type":"charge","layer":"passenger","locationId":"e92095e3-6cf4-47eb-a3dd-4e7366cad775","name":"TNLP009558 - Rietmeent 126, Almere","address":"126 Rietmeent","city":"Almere","operatorName":"TotalEnergies","maxPowerKw":13,"isMegawatt":false,"status":"AVAILABLE","source":"ndw"}},{"type":"Feature","geometry":{"type":"Point","coordinates":[5.308304,52.40782]},"properties":{"type":"charge","layer":"passenger","locationId":"ea5c3dff-bd6b-4437-8e2f-e218a68f9384","name":"TNLP009299 - Tiarastraat 18, Almere","address":"18 Tiarastraat","city":"Almere","operatorName":"TotalEnergies","maxPowerKw":13,"isMegawatt":false,"status":"AVAILABLE","source":"ndw"}},{"type":"Feature","geometry":{"type":"Point","coordinates":[5.217912,52.339341]},"properties":{"type":"charge","layer":"passenger","locationId":"219","name":"Shell Recharge NL Middenhof 313","address":"Middenhof 313","city":"Almere","operatorName":"Ubitricity","maxPowerKw":11,"isMegawatt":false,"status":"AVAILABLE","source":"ndw","priceKwh":0.388}},{"type":"Feature","geometry":{"type":"Point","coordinates":[5.288391,52.396893]},"properties":{"type":"charge","layer":"passenger","locationId":"765f32eb-dc00-4e95-970a-f26fe2b3cd3f","name":"PP001651 - Palembangweg 17, Almere","address":"17 Palembangweg","city":"Almere","operatorName":"TotalEnergies","maxPowerKw":11,"isMegawatt":false,"status":"AVAILABLE","source":"ndw"}},{"type":"Feature","geometry":{"type":"Point","coordinates":[5.205163,52.384495]},"properties":{"type":"charge","layer":"passenger","locationId":"fd35d194-5f66-495d-bd06-04087710f726","name":"TNLP007164 - Dadelklaverstraat 1, Almere","address":"1 Dadelklaverstraat","city":"Almere","operatorName":"TotalEnergies","maxPowerKw":15,"isMegawatt":false,"status":"AVAILABLE","source":"ndw"}},{"type":"Feature","geometry":{"type":"Point","coordinates":[5.1493595,52.3523792]},"properties":{"type":"charge","layer":"passenger","locationId":"1127","name":"Shell Recharge NL Lokistraat 34","address":"Lokistraat 34","city":"Almere","operatorName":"Ubitricity","maxPowerKw":22,"isMegawatt":false,"status":"AVAILABLE","source":"ndw","priceKwh":0.266}},{"type":"Feature","geometry":{"type":"Point","coordinates":[5.27132,52.38609]},"properties":{"type":"charge","layer":"passenger","locationId":"250cec91-08dd-4b09-815a-92b0649858e2","name":"TNLP009686 - Nertspad 11, Almere","address":"11 Nertspad","city":"Almere","operatorName":"TotalEnergies","maxPowerKw":15,"isMegawatt":false,"status":"AVAILABLE","source":"ndw"}},{"type":"Feature","geometry":{"type":"Point","coordinates":[5.283417,52.38615]},"properties":{"type":"charge","layer":"passenger","locationId":"393a1868-99ff-49c7-93c2-a5c56ac04784","name":"PP005326 - Lotusbloemweg 27, Almere","address":"27 Lotusbloemweg","city":"Almere","operatorName":"TotalEnergies","maxPowerKw":15,"isMegawatt":false,"status":"AVAILABLE","source":"ndw"}},{"type":"Feature","geometry":{"type":"Point","coordinates":[5.229055,52.335022]},"properties":{"type":"charge","layer":"passenger","locationId":"65aae34c-f02f-48b6-91ba-6c4535a815d6","name":"TNLP006180 - Achterwerf 43, Almere","address":"43 Achterwerf","city":"Almere","operatorName":"TotalEnergies","maxPowerKw":13,"isMegawatt":false,"status":"CHARGING","source":"ndw"}},{"type":"Feature","geometry":{"type":"Point","coordinates":[5.159471,52.35784]},"properties":{"type":"charge","layer":"passenger","locationId":"43be76e3-adc5-48bc-8bfa-138cecdbbd3c","name":"TNLP007850 - Saturnussingel 260, Almere","address":"260 Saturnussingel","city":"Almere","operatorName":"TotalEnergies","maxPowerKw":13,"isMegawatt":false,"status":"AVAILABLE","source":"ndw"}},{"type":"Feature","geometry":{"type":"Point","coordinates":[5.138396,52.341525]},"properties":{"type":"charge","layer":"passenger","locationId":"923242","name":"DAE_NL_2001124_LP_7","address":"Verlengde Duinvalleiweg 102","city":"Almere","operatorName":"DAEN Mobility","maxPowerKw":11,"isMegawatt":false,"status":"UNAVAILABLE","source":"ndw","priceKwh":0.4}},{"type":"Feature","geometry":{"type":"Point","coordinates":[5.273159,52.399372]},"properties":{"type":"charge","layer":"passenger","locationId":"d2a176bd-89f9-4b76-88e3-986f700926f5","name":"TNLP006996 - Strijkmolenstraat 71, Almere","address":"71 Strijkmolenstraat","city":"Almere","operatorName":"TotalEnergies","maxPowerKw":15,"isMegawatt":false,"status":"AVAILABLE","source":"ndw"}},{"type":"Feature","geometry":{"type":"Point","coordinates":[5.29225,52.35922]},"properties":{"type":"charge","layer":"passenger","locationId":"4ddf0330-2b61-4123-a02d-1f750f11b8a3","name":"TNLP015473","address":"Shinichiro Tomonagastraat 1","city":"Almere","operatorName":"TotalEnergies","maxPowerKw":17,"isMegawatt":false,"status":"CHARGING","source":"ndw"}},{"type":"Feature","geometry":{"type":"Point","coordinates":[5.186904,52.359035]},"properties":{"type":"charge","layer":"passenger","locationId":"6f305212-2139-40f6-8838-ede4cb9d4788","name":"TNLP008916 - F. Bordewijkstraat 1, Almere","address":"1 F. Bordewijkstraat","city":"Almere","operatorName":"TotalEnergies","maxPowerKw":14,"isMegawatt":false,"status":"AVAILABLE","source":"ndw"}},{"type":"Feature","geometry":{"type":"Point","coordinates":[5.282799,52.35772]},"properties":{"type":"charge","layer":"passenger","locationId":"8aede4e1-937d-43aa-a209-deb6800c6cfa","name":"TNLP007267 - Wilhelm Röntgenstraat 4, Almere","address":"4 Wilhelm Röntgenstraat","city":"Almere","operatorName":"TotalEnergies","maxPowerKw":13,"isMegawatt":false,"status":"CHARGING","source":"ndw"}},{"type":"Feature","geometry":{"type":"Point","coordinates":[5.236294,52.3903482]},"properties":{"type":"charge","layer":"passenger","locationId":"2119","name":"Shell Recharge NL Tonijnstraat 1","address":"Tonijnstraat 1","city":"Almere","operatorName":"Ubitricity","maxPowerKw":22,"isMegawatt":false,"status":"AVAILABLE","source":"ndw","priceKwh":0.266}},{"type":"Feature","geometry":{"type":"Point","coordinates":[5.213378,52.366424]},"properties":{"type":"charge","layer":"passenger","locationId":"302","name":"Shell Recharge NL Hengelostraat 64","address":"Hengelostraat 64","city":"Almere","operatorName":"Ubitricity","maxPowerKw":11,"isMegawatt":false,"status":"AVAILABLE","source":"ndw","priceKwh":0.388}},{"type":"Feature","geometry":{"type":"Point","coordinates":[5.30226,52.393274]},"properties":{"type":"charge","layer":"passenger","locationId":"379","name":"Shell Recharge NL Barnsteenstraat 12","address":"Barnsteenstraat 12","city":"Almere","operatorName":"Ubitricity","maxPowerKw":11,"isMegawatt":false,"status":"AVAILABLE","source":"ndw","priceKwh":0.388}},{"type":"Feature","geometry":{"type":"Point","coordinates":[5.314413,52.399643]},"properties":{"type":"charge","layer":"passenger","locationId":"2d88fcdd-df63-41d5-bb52-1c16c0f7dc8f","name":"TNLP007347 - Burg. Dickerdacklaan 10, Almere","address":"10 Burg. Dickerdacklaan","city":"Almere","operatorName":"TotalEnergies","maxPowerKw":13,"isMegawatt":false,"status":"AVAILABLE","source":"ndw"}},{"type":"Feature","geometry":{"type":"Point","coordinates":[5.180705,52.34846]},"properties":{"type":"charge","layer":"passenger","locationId":"458522de-272c-469f-ba2e-2756ea4a1b87","name":"TNLP006890 - Antennestraat 94, Almere","address":"94 Antennestraat","city":"Almere","operatorName":"TotalEnergies","maxPowerKw":15,"isMegawatt":false,"status":"AVAILABLE","source":"ndw"}},{"type":"Feature","geometry":{"type":"Point","coordinates":[5.254029,52.362711]},"properties":{"type":"charge","layer":"passenger","locationId":"NLLOC000945","name":"NLD, Almere, Merenguestraat 23","address":"Merenguestraat 23","city":"Almere","operatorName":"Allego","maxPowerKw":11,"isMegawatt":false,"status":"CHARGING","source":"ndw","priceKwh":0.511}},{"type":"Feature","geometry":{"type":"Point","coordinates":[5.304743,52.396778]},"properties":{"type":"charge","layer":"passenger","locationId":"1330d789a2e03cc00edd47e9066da8b8","name":"Fijistraat 33","address":"Fijistraat 33","city":"Almere","operatorName":"Vattenfall InCharge","maxPowerKw":11,"isMegawatt":false,"status":"AVAILABLE","source":"ndw"}},{"type":"Feature","geometry":{"type":"Point","coordinates":[5.267141,52.384426]},"properties":{"type":"charge","layer":"passenger","locationId":"60634d31-6b69-4210-91c5-bb7ea6337790","name":"TNLP005761 - Alpacastraat 20, Almere","address":"20 Alpacastraat","city":"Almere","operatorName":"TotalEnergies","maxPowerKw":13,"isMegawatt":false,"status":"AVAILABLE","source":"ndw"}},{"type":"Feature","geometry":{"type":"Point","coordinates":[5.229956,52.378059]},"properties":{"type":"charge","layer":"passenger","locationId":"649022a9ab871f001c1ee0a9","name":"Laadpalen Vastgoedmaatschap Randstad","address":"Randstad 161","city":"Almere","operatorName":"E-Flux by Road","maxPowerKw":22,"isMegawatt":false,"status":"AVAILABLE","source":"ndw","priceKwh":0.48}},{"type":"Feature","geometry":{"type":"Point","coordinates":[5.277859,52.38954]},"properties":{"type":"charge","layer":"passenger","locationId":"e0973d58-fe1c-4224-82dd-55bfebef47c2","name":"TNLP005990 - Pinksterbloemweg 1, Almere","address":"1 Pinksterbloemweg","city":"Almere","operatorName":"TotalEnergies","maxPowerKw":13,"isMegawatt":false,"status":"AVAILABLE","source":"ndw"}},{"type":"Feature","geometry":{"type":"Point","coordinates":[5.316254,52.401652]},"properties":{"type":"charge","layer":"passenger","locationId":"54e2054f-67a6-467b-91b7-4d06cc5e4eb2","name":"TNLP034607","address":"Matho Tongastraat 12","city":"Almere","operatorName":"TotalEnergies","maxPowerKw":14,"isMegawatt":false,"status":"AVAILABLE","source":"ndw"}},{"type":"Feature","geometry":{"type":"Point","coordinates":[5.221053,52.38583]},"properties":{"type":"charge","layer":"passenger","locationId":"85595ea6-acc1-405e-b6b3-79cb1b80377b","name":"TNLP007208 - Sarsvenstraat 24, Almere","address":"24 Sarsvenstraat","city":"Almere","operatorName":"TotalEnergies","maxPowerKw":13,"isMegawatt":false,"status":"AVAILABLE","source":"ndw"}},{"type":"Feature","geometry":{"type":"Point","coordinates":[5.24107,52.36139]},"properties":{"type":"charge","layer":"passenger","locationId":"f27496ab-bc20-430f-85cb-f37ea7ac8139","name":"PP001552 - Joris Ivenslaan 99, Almere","address":"99 Joris Ivenslaan","city":"Almere","operatorName":"TotalEnergies","maxPowerKw":11,"isMegawatt":false,"status":"CHARGING","source":"ndw"}},{"type":"Feature","geometry":{"type":"Point","coordinates":[5.31956,52.40322]},"properties":{"type":"charge","layer":"passenger","locationId":"14a8d05f-87dc-48c6-ad36-909df29bc264","name":"PP002554 - Tante Pollewopstraat 11, Almere","address":"11 Tante Pollewopstraat","city":"Almere","operatorName":"TotalEnergies","maxPowerKw":13,"isMegawatt":false,"status":"AVAILABLE","source":"ndw"}},{"type":"Feature","geometry":{"type":"Point","coordinates":[5.243668,52.406396]},"properties":{"type":"charge","layer":"passenger","locationId":"6638b30019b114001c5eceff","name":"Knipscheer Almere (L)","address":"Damsluisweg  35","city":"Almere","operatorName":"E-Flux by Road","maxPowerKw":22,"isMegawatt":false,"status":"AVAILABLE","source":"ndw","priceKwh":0.53}},{"type":"Feature","geometry":{"type":"Point","coordinates":[5.171937,52.390793]},"properties":{"type":"charge","layer":"passenger","locationId":"aeb1bd73-8823-4a84-a174-7e56688a3ed8","name":"TNLP005709 - Stormzeil 25, Almere","address":"25 Stormzeil","city":"Almere","operatorName":"TotalEnergies","maxPowerKw":13,"isMegawatt":false,"status":"AVAILABLE","source":"ndw"}},{"type":"Feature","geometry":{"type":"Point","coordinates":[5.201244,52.357384]},"properties":{"type":"charge","layer":"passenger","locationId":"c307d35d-642b-4f95-a335-0f2d486cd41c","name":"TNLP009334 - Oosterhoutstraat 55, Almere","address":"55 Oosterhoutstraat","city":"Almere","operatorName":"TotalEnergies","maxPowerKw":15,"isMegawatt":false,"status":"AVAILABLE","source":"ndw"}},{"type":"Feature","geometry":{"type":"Point","coordinates":[5.178362,52.349517]},"properties":{"type":"charge","layer":"passenger","locationId":"6915cf6fff2f47b5a3dba929","name":"Tyro House","address":"Monitorweg  1","city":"Almere","operatorName":"E-Flux by Road","maxPowerKw":22,"isMegawatt":false,"status":"AVAILABLE","source":"ndw","priceKwh":0.48}},{"type":"Feature","geometry":{"type":"Point","coordinates":[5.324432,52.314516]},"properties":{"type":"charge","layer":"passenger","locationId":"67e1497ad35c5ce6c515dada","name":"De Klok Dranken Almere 1 - 2","address":"Fort Blauwkapel 6","city":"Almere","operatorName":"E-Flux by Road","maxPowerKw":22,"isMegawatt":false,"status":"AVAILABLE","source":"ndw","priceKwh":0.33}},{"type":"Feature","geometry":{"type":"Point","coordinates":[5.299162,52.399788]},"properties":{"type":"charge","layer":"passenger","locationId":"3eeb362b-e236-45a1-a36d-22156727b3f4","name":"TNLP009616 - Mallorcastraat 103, Almere","address":"103 Mallorcastraat","city":"Almere","operatorName":"TotalEnergies","maxPowerKw":13,"isMegawatt":false,"status":"CHARGING","source":"ndw"}},{"type":"Feature","geometry":{"type":"Point","coordinates":[5.244298,52.3705]},"properties":{"type":"charge","layer":"passenger","locationId":"8de3392f-3d65-4305-9b4d-2d97f39e6845","name":"PP005130 - Ebenezer Howardpark 16, Almere","address":"16 Ebenezer Howardpark","city":"Almere","operatorName":"TotalEnergies","maxPowerKw":15,"isMegawatt":false,"status":"AVAILABLE","source":"ndw"}},{"type":"Feature","geometry":{"type":"Point","coordinates":[5.197771,52.367023]},"properties":{"type":"charge","layer":"passenger","locationId":"bb31d02e-2af2-4f54-a76c-c4a4963008b8","name":"TNLP006415 - Mozartweg 61, Almere","address":"61 Mozartweg","city":"Almere","operatorName":"TotalEnergies","maxPowerKw":15,"isMegawatt":false,"status":"AVAILABLE","source":"ndw"}},{"type":"Feature","geometry":{"type":"Point","coordinates":[5.251864,52.395598]},"properties":{"type":"charge","layer":"passenger","locationId":"f2684616aa54317e8575c01e8ba6c6e2","name":"M. de Klerkstraat 56","address":"M. de Klerkstraat 56","city":"Almere","operatorName":"Vattenfall InCharge","maxPowerKw":11,"isMegawatt":false,"status":"AVAILABLE","source":"ndw"}},{"type":"Feature","geometry":{"type":"Point","coordinates":[5.158696,52.356732]},"properties":{"type":"charge","layer":"passenger","locationId":"7fffecda-c7dc-4176-8260-0b94a2720c0c","name":"TNLP034554","address":"Aurorastraat 29","city":"Almere","operatorName":"TotalEnergies","maxPowerKw":14,"isMegawatt":false,"status":"AVAILABLE","source":"ndw"}},{"type":"Feature","geometry":{"type":"Point","coordinates":[5.289741,52.38812]},"properties":{"type":"charge","layer":"passenger","locationId":"2fa06111-6928-4a1b-a522-90805e888a32","name":"TNLP006698 - Azaleastraat 1, Almere","address":"1 Azaleastraat","city":"Almere","operatorName":"TotalEnergies","maxPowerKw":13,"isMegawatt":false,"status":"AVAILABLE","source":"ndw"}},{"type":"Feature","geometry":{"type":"Point","coordinates":[5.15682,52.34198]},"properties":{"type":"charge","layer":"passenger","locationId":"c5a844fa2fcedaf057cdcc514ec3d3cc","name":"Pierre de Coubertinplein 6","address":"Pierre de Coubertinplein 6","city":"Almere","operatorName":"Vattenfall InCharge","maxPowerKw":11,"isMegawatt":false,"status":"UNAVAILABLE","source":"ndw"}},{"type":"Feature","geometry":{"type":"Point","coordinates":[5.21739,52.33488]},"properties":{"type":"charge","layer":"passenger","locationId":"7256d788215f2326dbe66defa3e09408","name":"Meerstraat 36","address":"Meerstraat 36","city":"Almere","operatorName":"Vattenfall InCharge","maxPowerKw":11,"isMegawatt":false,"status":"CHARGING","source":"ndw"}},{"type":"Feature","geometry":{"type":"Point","coordinates":[5.230159,52.368835]},"properties":{"type":"charge","layer":"passenger","locationId":"1f5ba5f6-4bd1-4c3c-8107-bc8898bf0b72","name":"TNLP006866 - James Stewartstraat 77, Almere","address":"77 James Stewartstraat","city":"Almere","operatorName":"TotalEnergies","maxPowerKw":13,"isMegawatt":false,"status":"AVAILABLE","source":"ndw"}},{"type":"Feature","geometry":{"type":"Point","coordinates":[5.29301,52.36102]},"properties":{"type":"charge","layer":"passenger","locationId":"e615f7cc99c76e47d48529b33ed63168","name":"Emilio Segrèstraat 7","address":"Emilio Segrèstraat 7","city":"Almere","operatorName":"Vattenfall InCharge","maxPowerKw":11,"isMegawatt":false,"status":"CHARGING","source":"ndw"}},{"type":"Feature","geometry":{"type":"Point","coordinates":[5.319018,52.4034826]},"properties":{"type":"charge","layer":"passenger","locationId":"1162","name":"Shell Recharge NL Carol Vogesgracht 10","address":"Carol Vogesgracht 10","city":"Almere","operatorName":"Ubitricity","maxPowerKw":22,"isMegawatt":false,"status":"AVAILABLE","source":"ndw","priceKwh":0.266}},{"type":"Feature","geometry":{"type":"Point","coordinates":[5.2961324,52.3953688]},"properties":{"type":"charge","layer":"passenger","locationId":"2003","name":"Shell Recharge NL Amarantstraat 15","address":"Amarantstraat 15","city":"Almere","operatorName":"Ubitricity","maxPowerKw":22,"isMegawatt":false,"status":"AVAILABLE","source":"ndw","priceKwh":0.266}},{"type":"Feature","geometry":{"type":"Point","coordinates":[5.1716156,52.3933235]},"properties":{"type":"charge","layer":"passenger","locationId":"2253","name":"Shell Recharge NL Marszeil 11","address":"Marszeil 11","city":"Almere","operatorName":"Ubitricity","maxPowerKw":22,"isMegawatt":false,"status":"AVAILABLE","source":"ndw","priceKwh":0.266}},{"type":"Feature","geometry":{"type":"Point","coordinates":[5.304231,52.392628]},"properties":{"type":"charge","layer":"passenger","locationId":"8da86cd2-c70e-4ce7-b40f-c66f85826034","name":"TNLP009756 - Malachietstraat 67, Almere","address":"67 Malachietstraat","city":"Almere","operatorName":"TotalEnergies","maxPowerKw":13,"isMegawatt":false,"status":"CHARGING","source":"ndw"}},{"type":"Feature","geometry":{"type":"Point","coordinates":[5.220331,52.33727]},"properties":{"type":"charge","layer":"passenger","locationId":"d7e43909-0a8f-44a9-a439-c2507151bffb","name":"PP002560 - Stadswerf 105, Almere","address":"105 Stadswerf","city":"Almere","operatorName":"TotalEnergies","maxPowerKw":13,"isMegawatt":false,"status":"AVAILABLE","source":"ndw"}},{"type":"Feature","geometry":{"type":"Point","coordinates":[5.312948,52.404945]},"properties":{"type":"charge","layer":"passenger","locationId":"dc7a252e-b326-42e8-b971-ee5d3bca3411","name":"TNLP009300 - Pietje Pluisplantsoen 6, Almere","address":"6 Pietje Pluisplantsoen","city":"Almere","operatorName":"TotalEnergies","maxPowerKw":13,"isMegawatt":false,"status":"AVAILABLE","source":"ndw"}},{"type":"Feature","geometry":{"type":"Point","coordinates":[5.15795,52.359993]},"properties":{"type":"charge","layer":"passenger","locationId":"81347420-6a40-4f1a-9ca2-bbd7e62806b4","name":"TNLP006002 - Saturnussingel 204, Almere","address":"204 Saturnussingel","city":"Almere","operatorName":"TotalEnergies","maxPowerKw":13,"isMegawatt":false,"status":"AVAILABLE","source":"ndw"}},{"type":"Feature","geometry":{"type":"Point","coordinates":[5.256749,52.3625]},"properties":{"type":"charge","layer":"passenger","locationId":"0c7775f0-31ec-40f0-b3c1-507b5812ecd0","name":"TNLP009213 - Polkastraat 40, Almere","address":"40 Polkastraat","city":"Almere","operatorName":"TotalEnergies","maxPowerKw":13,"isMegawatt":false,"status":"CHARGING","source":"ndw"}},{"type":"Feature","geometry":{"type":"Point","coordinates":[5.137625,52.34335]},"properties":{"type":"charge","layer":"passenger","locationId":"1503f6f0-b331-4eb7-b3ca-50f918745708","name":"TNLP015346 - Sterduinstraat 16, Almere","address":"16 Sterduinstraat","city":"Almere","operatorName":"TotalEnergies","maxPowerKw":13,"isMegawatt":false,"status":"AVAILABLE","source":"ndw"}},{"type":"Feature","geometry":{"type":"Point","coordinates":[5.282326,52.39593]},"properties":{"type":"charge","layer":"passenger","locationId":"aa94c234-dd22-40af-b38b-53539e7dbe11","name":"TNLP009585 - Bogotastraat 179, Almere","address":"179 Bogotastraat","city":"Almere","operatorName":"TotalEnergies","maxPowerKw":15,"isMegawatt":false,"status":"AVAILABLE","source":"ndw"}},{"type":"Feature","geometry":{"type":"Point","coordinates":[5.179892,52.356182]},"properties":{"type":"charge","layer":"passenger","locationId":"6ffaa795-f708-4fe7-a92f-c0a20b6d8139","name":"TNLP006681 - J.J. Slauerhoffstraat 81, Almere","address":"81 J.J. Slauerhoffstraat","city":"Almere","operatorName":"TotalEnergies","maxPowerKw":13,"isMegawatt":false,"status":"AVAILABLE","source":"ndw"}},{"type":"Feature","geometry":{"type":"Point","coordinates":[5.282369,52.40121]},"properties":{"type":"charge","layer":"passenger","locationId":"a943fb89-8f00-4d6c-b876-cf20700e9a2a","name":"TNLP007076 - Jarenweg 111, Almere","address":"111 Jarenweg","city":"Almere","operatorName":"TotalEnergies","maxPowerKw":13,"isMegawatt":false,"status":"AVAILABLE","source":"ndw"}},{"type":"Feature","geometry":{"type":"Point","coordinates":[5.158737,52.343224]},"properties":{"type":"charge","layer":"passenger","locationId":"f90cdc00f09f5e442eae08a02cb30c41","name":"Griekenlandkade 2","address":"Griekenlandkade 2","city":"Almere","operatorName":"Vattenfall InCharge","maxPowerKw":11,"isMegawatt":false,"status":"AVAILABLE","source":"ndw"}},{"type":"Feature","geometry":{"type":"Point","coordinates":[5.287405,52.39647]},"properties":{"type":"charge","layer":"passenger","locationId":"00474804-09d6-4620-905e-ed403b18518c","name":"TNLP007394 - Palembangweg 7, Almere","address":"7 Palembangweg","city":"Almere","operatorName":"TotalEnergies","maxPowerKw":13,"isMegawatt":false,"status":"CHARGING","source":"ndw"}},{"type":"Feature","geometry":{"type":"Point","coordinates":[5.233977,52.390798]},"properties":{"type":"charge","layer":"passenger","locationId":"d0c591ce-9b02-4c97-b4ee-bd5762e89717","name":"TNLP034119","address":"Forelstraat 13","city":"Almere","operatorName":"TotalEnergies","maxPowerKw":14,"isMegawatt":false,"status":"AVAILABLE","source":"ndw"}},{"type":"Feature","geometry":{"type":"Point","coordinates":[5.270172,52.374879]},"properties":{"type":"charge","layer":"passenger","locationId":"67fc3c0b8c7678496edf43bb","name":"Solar prive","address":"EMIL NOLDESTRAAT 58","city":"ALMERE","operatorName":"E-Flux by Road","maxPowerKw":11,"isMegawatt":false,"status":"AVAILABLE","source":"ndw","priceKwh":0.53}},{"type":"Feature","geometry":{"type":"Point","coordinates":[5.197505,52.343613]},"properties":{"type":"charge","layer":"passenger","locationId":"97f108e6-fe05-4db8-83f5-004fd967ee22","name":"Laadplein - TNLP006059 - Woudlaar 15, Almere","address":"15 Woudlaar","city":"Almere","operatorName":"TotalEnergies","maxPowerKw":15,"isMegawatt":false,"status":"AVAILABLE","source":"ndw"}},{"type":"Feature","geometry":{"type":"Point","coordinates":[5.19908,52.384502]},"properties":{"type":"charge","layer":"passenger","locationId":"9f1abbb2-4fde-49da-9a0f-cdb9792358a4","name":"TNLP007909 - Kweldergrasveld 21, Almere","address":"21 Kweldergrasveld","city":"Almere","operatorName":"TotalEnergies","maxPowerKw":13,"isMegawatt":false,"status":"AVAILABLE","source":"ndw"}},{"type":"Feature","geometry":{"type":"Point","coordinates":[5.260585,52.391632]},"properties":{"type":"charge","layer":"passenger","locationId":"c56e7c71-ac7e-4cd3-8a90-e2681b455865","name":"TNLP008168 - Daniël Stalpaertstraat 1, Almere","address":"1 Daniël Stalpaertstraat","city":"Almere","operatorName":"TotalEnergies","maxPowerKw":15,"isMegawatt":false,"status":"AVAILABLE","source":"ndw"}},{"type":"Feature","geometry":{"type":"Point","coordinates":[5.155842,52.35142]},"properties":{"type":"charge","layer":"passenger","locationId":"e0eb0421-85cf-4da4-b2f8-2e68ceaf6b6d","name":"TNLP005692 - Anubisstraat 192, Almere","address":"192 Anubisstraat","city":"Almere","operatorName":"TotalEnergies","maxPowerKw":13,"isMegawatt":false,"status":"AVAILABLE","source":"ndw"}},{"type":"Feature","geometry":{"type":"Point","coordinates":[5.22892,52.372956]},"properties":{"type":"charge","layer":"passenger","locationId":"NLLOC001310","name":"NLD, Almere, Cinemadreef 128","address":"Cinemadreef 128","city":"Almere","operatorName":"Allego","maxPowerKw":11,"isMegawatt":false,"status":"AVAILABLE","source":"ndw","priceKwh":0.511}},{"type":"Feature","geometry":{"type":"Point","coordinates":[5.174619,52.356455]},"properties":{"type":"charge","layer":"passenger","locationId":"e2dd2b810d553fc148babe8f818955f8","name":"Hendrik Marsmanstraat 146","address":"Hendrik Marsmanstraat 146","city":"Almere","operatorName":"Vattenfall InCharge","maxPowerKw":11,"isMegawatt":false,"status":"CHARGING","source":"ndw"}},{"type":"Feature","geometry":{"type":"Point","coordinates":[5.290074,52.35969]},"properties":{"type":"charge","layer":"passenger","locationId":"67ebbc19be74535d77f611e1","name":"E-Flux by Road","address":"Pavel Cherenkovstraat","city":"Almere","operatorName":"E-Flux by Road","maxPowerKw":11,"isMegawatt":false,"status":"AVAILABLE","source":"ndw","priceKwh":0.34}},{"type":"Feature","geometry":{"type":"Point","coordinates":[5.273226,52.388185]},"properties":{"type":"charge","layer":"passenger","locationId":"b3b3a8ae-b990-4470-ad16-e3070258ec8a","name":"TNLP009593","address":"Haasweg 168","city":"Almere","operatorName":"TotalEnergies","maxPowerKw":17,"isMegawatt":false,"status":"AVAILABLE","source":"ndw"}},{"type":"Feature","geometry":{"type":"Point","coordinates":[5.21691,52.334846]},"properties":{"type":"charge","layer":"passenger","locationId":"bf9b6491-a63e-4229-b2bf-0387acd3d2f4","name":"TNLP006050 - Meerstraat 36, Almere","address":"36 Meerstraat","city":"Almere","operatorName":"TotalEnergies","maxPowerKw":13,"isMegawatt":false,"status":"UNAVAILABLE","source":"ndw"}},{"type":"Feature","geometry":{"type":"Point","coordinates":[5.280995,52.389157]},"properties":{"type":"charge","layer":"passenger","locationId":"9c76cd45677a077f6284f0efcff3ada9","name":"Rosarium 44","address":"Rosarium 44","city":"Almere","operatorName":"Vattenfall InCharge","maxPowerKw":11,"isMegawatt":false,"status":"AVAILABLE","source":"ndw"}},{"type":"Feature","geometry":{"type":"Point","coordinates":[5.294563,52.406338]},"properties":{"type":"charge","layer":"passenger","locationId":"0fe04cfb-d403-417e-bc62-b020da2514ca","name":"TNLP009571 - Willem de Vlaminghstraat 108, Almere","address":"108 Willem de Vlaminghstraat","city":"Almere","operatorName":"TotalEnergies","maxPowerKw":15,"isMegawatt":false,"status":"CHARGING","source":"ndw"}},{"type":"Feature","geometry":{"type":"Point","coordinates":[5.15803,52.35666]},"properties":{"type":"charge","layer":"passenger","locationId":"5e655888-8f85-4089-8001-2aeb220b7e71","name":"PP004307 - Aurorastraat 36, Almere","address":"36 Aurorastraat","city":"Almere","operatorName":"TotalEnergies","maxPowerKw":13,"isMegawatt":false,"status":"UNAVAILABLE","source":"ndw"}},{"type":"Feature","geometry":{"type":"Point","coordinates":[5.249505,52.37422]},"properties":{"type":"charge","layer":"passenger","locationId":"f9521629-e7f0-4a29-be3b-4af69a8f1518","name":"TNLP009808 - Kastanjeplein 4, Almere","address":"4 Kastanjeplein","city":"Almere","operatorName":"TotalEnergies","maxPowerKw":17,"isMegawatt":false,"status":"UNAVAILABLE","source":"ndw"}},{"type":"Feature","geometry":{"type":"Point","coordinates":[5.189884,52.361295]},"properties":{"type":"charge","layer":"passenger","locationId":"NLLOC002227","name":"NLD, J. Greshoffstraat 11, 1321 AL, Almere","address":"J. Greshoffstraat 11","city":"Almere","operatorName":"Allego","maxPowerKw":11,"isMegawatt":false,"status":"AVAILABLE","source":"ndw","priceKwh":0.511}},{"type":"Feature","geometry":{"type":"Point","coordinates":[5.15374,52.348125]},"properties":{"type":"charge","layer":"passenger","locationId":"b3ff6a05-3e77-40e9-8106-2eb2cfaed2e0","name":"Laadplein - PP005413 - Beneluxlaan 595, Almere","address":"595 Beneluxlaan","city":"Almere","operatorName":"TotalEnergies","maxPowerKw":15,"isMegawatt":false,"status":"AVAILABLE","source":"ndw"}},{"type":"Feature","geometry":{"type":"Point","coordinates":[5.31468,52.406737]},"properties":{"type":"charge","layer":"passenger","locationId":"62cb7fbd-3004-4112-ba5c-6efb682d70ee","name":"TNLP034614","address":"Frans Piëtstraat 16","city":"Almere","operatorName":"TotalEnergies","maxPowerKw":14,"isMegawatt":false,"status":"AVAILABLE","source":"ndw"}},{"type":"Feature","geometry":{"type":"Point","coordinates":[5.264079,52.378857]},"properties":{"type":"charge","layer":"passenger","locationId":"212e3197-624f-4cec-8b9c-fb7a82496bc6","name":"TNLP007150 - Wim Schuhmacherhof 47, Almere","address":"47 Wim Schuhmacherhof","city":"Almere","operatorName":"TotalEnergies","maxPowerKw":13,"isMegawatt":false,"status":"AVAILABLE","source":"ndw"}},{"type":"Feature","geometry":{"type":"Point","coordinates":[5.172885,52.399942]},"properties":{"type":"charge","layer":"passenger","locationId":"69e621e864372891df887b1d","name":"Schuifknoop 41 Maijenburg","address":"Schuifknoop 41","city":"ALMERE","operatorName":"E-Flux by Road","maxPowerKw":14,"isMegawatt":false,"status":"AVAILABLE","source":"ndw","priceKwh":0.78}},{"type":"Feature","geometry":{"type":"Point","coordinates":[5.304115,52.40196]},"properties":{"type":"charge","layer":"passenger","locationId":"d675af82-89c0-494c-9ee6-ae7c5c85bdf9","name":"TNLP006861 - Hebridenstraat 20, Almere","address":"20 Hebridenstraat","city":"Almere","operatorName":"TotalEnergies","maxPowerKw":13,"isMegawatt":false,"status":"AVAILABLE","source":"ndw"}},{"type":"Feature","geometry":{"type":"Point","coordinates":[5.15326,52.33983]},"properties":{"type":"charge","layer":"passenger","locationId":"7387f49d8769922adffc19bc5ca55896","name":"Olympialaan 21","address":"Olympialaan 21","city":"Almere","operatorName":"Vattenfall InCharge","maxPowerKw":11,"isMegawatt":false,"status":"AVAILABLE","source":"ndw"}},{"type":"Feature","geometry":{"type":"Point","coordinates":[5.249694,52.36618]},"properties":{"type":"charge","layer":"passenger","locationId":"ecf6c9c2-d3a8-47f3-ae9a-59894f28249f","name":"TNLP006541 - Folkloreweg 69, Almere","address":"69 Folkloreweg","city":"Almere","operatorName":"TotalEnergies","maxPowerKw":13,"isMegawatt":false,"status":"AVAILABLE","source":"ndw"}},{"type":"Feature","geometry":{"type":"Point","coordinates":[5.236967,52.33187]},"properties":{"type":"charge","layer":"passenger","locationId":"1406a273-5a54-4a87-94c9-665119944143","name":"TNLP005699 - Terpmeent 30, Almere","address":"30 Terpmeent","city":"Almere","operatorName":"TotalEnergies","maxPowerKw":15,"isMegawatt":false,"status":"AVAILABLE","source":"ndw"}},{"type":"Feature","geometry":{"type":"Point","coordinates":[5.259858,52.381947]},"properties":{"type":"charge","layer":"passenger","locationId":"4e9eefe5-33c0-4b71-b85c-22addc421127","name":"TNLP007265 - Jozef Israëlslaan 171, Almere","address":"171 Jozef Israëlslaan","city":"Almere","operatorName":"TotalEnergies","maxPowerKw":15,"isMegawatt":false,"status":"AVAILABLE","source":"ndw"}},{"type":"Feature","geometry":{"type":"Point","coordinates":[5.154174,52.356007]},"properties":{"type":"charge","layer":"passenger","locationId":"f07d4a96-c2ea-4977-b54f-d8004bfa66e1","name":"TNLP009499 - Trojestraat 3A, Almere","address":"3A Trojestraat","city":"Almere","operatorName":"TotalEnergies","maxPowerKw":13,"isMegawatt":false,"status":"AVAILABLE","source":"ndw"}},{"type":"Feature","geometry":{"type":"Point","coordinates":[5.26117,52.37238]},"properties":{"type":"charge","layer":"passenger","locationId":"ca21683fa46ff2ccfb0cfa39c08eea91","name":"Miróstraat 29","address":"Miróstraat 29","city":"Almere","operatorName":"Vattenfall InCharge","maxPowerKw":11,"isMegawatt":false,"status":"CHARGING","source":"ndw"}},{"type":"Feature","geometry":{"type":"Point","coordinates":[5.192594,52.369907]},"properties":{"type":"charge","layer":"passenger","locationId":"eb0df3b2-5a50-4046-a0f0-02d879d4dc08","name":"Laadplein - TNLP007258 - Orgelstraat 4, Almere","address":"4 Orgelstraat","city":"Almere","operatorName":"TotalEnergies","maxPowerKw":15,"isMegawatt":false,"status":"AVAILABLE","source":"ndw"}},{"type":"Feature","geometry":{"type":"Point","coordinates":[5.3191,52.397132]},"properties":{"type":"charge","layer":"passenger","locationId":"64bec4f412a445001c5ad940","name":"Thuis","address":"Lambikstraat 28","city":"Almere","operatorName":"E-Flux by Road","maxPowerKw":11,"isMegawatt":false,"status":"AVAILABLE","source":"ndw","priceKwh":0.5566}},{"type":"Feature","geometry":{"type":"Point","coordinates":[5.180938,52.356533]},"properties":{"type":"charge","layer":"passenger","locationId":"31dc5d28-fc19-405b-ab49-4c6bcc4e17c9","name":"TNLP034129","address":"J.J. Slauerhoffstraat 57","city":"Almere","operatorName":"TotalEnergies","maxPowerKw":14,"isMegawatt":false,"status":"AVAILABLE","source":"ndw"}},{"type":"Feature","geometry":{"type":"Point","coordinates":[5.274196,52.368878]},"properties":{"type":"charge","layer":"passenger","locationId":"1452","name":"Shell Recharge NL Albrecht Durerweg 199","address":"Albrecht Durerweg 199","city":"Almere","operatorName":"Ubitricity","maxPowerKw":11,"isMegawatt":false,"status":"AVAILABLE","source":"ndw","priceKwh":0.388}},{"type":"Feature","geometry":{"type":"Point","coordinates":[5.256048,52.39507]},"properties":{"type":"charge","layer":"passenger","locationId":"1ea1f38d-ef6f-4c2f-8197-6de32dc24cb6","name":"TNLP005935 - C. van Eesterenplein 146, Almere","address":"146 C. van Eesterenplein","city":"Almere","operatorName":"TotalEnergies","maxPowerKw":13,"isMegawatt":false,"status":"AVAILABLE","source":"ndw"}},{"type":"Feature","geometry":{"type":"Point","coordinates":[5.272576,52.39398]},"properties":{"type":"charge","layer":"passenger","locationId":"17ba6f42-a6fc-43a7-9a2c-01c6e35c4bfb","name":"TNLP006302 - Bostonweg 97, Almere","address":"97 Bostonweg","city":"Almere","operatorName":"TotalEnergies","maxPowerKw":15,"isMegawatt":false,"status":"AVAILABLE","source":"ndw"}},{"type":"Feature","geometry":{"type":"Point","coordinates":[5.207872,52.38218]},"properties":{"type":"charge","layer":"passenger","locationId":"20d2553b-ad8b-428d-a135-c7c8c8fb5c31","name":"TNLP009211 - Zilvermosstraat 25, Almere","address":"25 Zilvermosstraat","city":"Almere","operatorName":"TotalEnergies","maxPowerKw":15,"isMegawatt":false,"status":"AVAILABLE","source":"ndw"}},{"type":"Feature","geometry":{"type":"Point","coordinates":[5.242026,52.360355]},"properties":{"type":"charge","layer":"passenger","locationId":"203f7730-fcdf-410c-b1f5-2869314a9656","name":"TNLP015452 - Joris Ivenslaan 159, Almere","address":"159 Joris Ivenslaan","city":"Almere","operatorName":"TotalEnergies","maxPowerKw":13,"isMegawatt":false,"status":"AVAILABLE","source":"ndw"}},{"type":"Feature","geometry":{"type":"Point","coordinates":[5.148584,52.340786]},"properties":{"type":"charge","layer":"passenger","locationId":"89b7f0d6-5fce-435c-8b73-db7524bba188","name":"Laadplein - TNLP006007 - Abebe Bikilastraat 4, Almere","address":"4 Abebe Bikilastraat","city":"Almere","operatorName":"TotalEnergies","maxPowerKw":15,"isMegawatt":false,"status":"AVAILABLE","source":"ndw"}},{"type":"Feature","geometry":{"type":"Point","coordinates":[5.263606,52.370063]},"properties":{"type":"charge","layer":"passenger","locationId":"9be750ce-00c4-411f-b018-c865d7fbe66d","name":"TNLP034209","address":"Rodinweg 2","city":"Almere","operatorName":"TotalEnergies","maxPowerKw":14,"isMegawatt":false,"status":"CHARGING","source":"ndw"}},{"type":"Feature","geometry":{"type":"Point","coordinates":[5.1826838,52.3712447]},"properties":{"type":"charge","layer":"passenger","locationId":"2464","name":"Shell Recharge NL Piccolostraat 81","address":"Piccolostraat 81","city":"Almere","operatorName":"Ubitricity","maxPowerKw":22,"isMegawatt":false,"status":"AVAILABLE","source":"ndw","priceKwh":0.266}},{"type":"Feature","geometry":{"type":"Point","coordinates":[5.18041,52.376905]},"properties":{"type":"charge","layer":"passenger","locationId":"NLLOC001167","name":"NLD, Almere, Andantestraat 99","address":"Andantestraat 99","city":"Almere","operatorName":"Allego","maxPowerKw":22,"isMegawatt":false,"status":"AVAILABLE","source":"ndw","priceKwh":0.511}},{"type":"Feature","geometry":{"type":"Point","coordinates":[5.26131,52.3990395]},"properties":{"type":"charge","layer":"passenger","locationId":"1729","name":"Shell Recharge NL Bouwmeesterweg 14","address":"Bouwmeesterweg 14","city":"Almere","operatorName":"Ubitricity","maxPowerKw":22,"isMegawatt":false,"status":"AVAILABLE","source":"ndw","priceKwh":0.266}},{"type":"Feature","geometry":{"type":"Point","coordinates":[5.285076,52.391668]},"properties":{"type":"charge","layer":"passenger","locationId":"957f8d4b-cd92-42f0-9c2d-c19dcdbf01ff","name":"Sneeuwklokjestraat","address":"Sneeuwklokjestraat 44","city":"Almere","operatorName":"Vattenfall InCharge","maxPowerKw":11,"isMegawatt":false,"status":"AVAILABLE","source":"ndw"}},{"type":"Feature","geometry":{"type":"Point","coordinates":[5.321747,52.39902]},"properties":{"type":"charge","layer":"passenger","locationId":"47dbbe6f-587c-4109-a3de-62011212d668","name":"TNLP009311 - Kuifjestraat 38, Almere","address":"38 Kuifjestraat","city":"Almere","operatorName":"TotalEnergies","maxPowerKw":13,"isMegawatt":false,"status":"CHARGING","source":"ndw"}},{"type":"Feature","geometry":{"type":"Point","coordinates":[5.221111,52.33236]},"properties":{"type":"charge","layer":"passenger","locationId":"NLLOC001548","name":"NLD, Almere, Veerkade 10","address":"Veerkade 10","city":"Almere","operatorName":"Allego","maxPowerKw":11,"isMegawatt":false,"status":"AVAILABLE","source":"ndw","priceKwh":0.511}},{"type":"Feature","geometry":{"type":"Point","coordinates":[5.2897196,52.3624653]},"properties":{"type":"charge","layer":"passenger","locationId":"2237","name":"Shell Recharge NL James Rainwaterpad 35","address":"James Rainwaterpad 35","city":"Almere","operatorName":"Ubitricity","maxPowerKw":22,"isMegawatt":false,"status":"AVAILABLE","source":"ndw","priceKwh":0.266}},{"type":"Feature","geometry":{"type":"Point","coordinates":[5.28697,52.403095]},"properties":{"type":"charge","layer":"passenger","locationId":"56db1786-3f76-405a-ae9c-71939c445490","name":"TNLP007059 - Jarenweg 49, Almere","address":"49 Jarenweg","city":"Almere","operatorName":"TotalEnergies","maxPowerKw":13,"isMegawatt":false,"status":"AVAILABLE","source":"ndw"}},{"type":"Feature","geometry":{"type":"Point","coordinates":[5.2338869,52.3869569]},"properties":{"type":"charge","layer":"passenger","locationId":"772","name":"Shell Recharge NL Walvisplein 95","address":"Walvisplein 95","city":"Almere","operatorName":"Ubitricity","maxPowerKw":22,"isMegawatt":false,"status":"AVAILABLE","source":"ndw","priceKwh":0.266}},{"type":"Feature","geometry":{"type":"Point","coordinates":[5.270865,52.372765]},"properties":{"type":"charge","layer":"passenger","locationId":"729fcbda-f13b-48d0-9672-0453225b0724","name":"TNLP006064 - Albrecht Dürerweg 2, Almere","address":"2 Albrecht Dürerweg","city":"Almere","operatorName":"TotalEnergies","maxPowerKw":13,"isMegawatt":false,"status":"CHARGING","source":"ndw"}},{"type":"Feature","geometry":{"type":"Point","coordinates":[5.192683,52.384098]},"properties":{"type":"charge","layer":"passenger","locationId":"1ac2abab-9fa2-4de1-8075-62ebe640de3f","name":"TNLP006321 - Fluitekruidstraat 75, Almere","address":"75 Fluitekruidstraat","city":"Almere","operatorName":"TotalEnergies","maxPowerKw":15,"isMegawatt":false,"status":"AVAILABLE","source":"ndw"}},{"type":"Feature","geometry":{"type":"Point","coordinates":[5.189293,52.363167]},"properties":{"type":"charge","layer":"passenger","locationId":"aedc8a8b-9c15-46a0-85d8-9b9c9b2a59eb","name":"TNLP008891 - Erik Satiestraat 28, Almere","address":"28 Erik Satiestraat","city":"Almere","operatorName":"TotalEnergies","maxPowerKw":14,"isMegawatt":false,"status":"AVAILABLE","source":"ndw"}},{"type":"Feature","geometry":{"type":"Point","coordinates":[5.287359,52.403783]},"properties":{"type":"charge","layer":"passenger","locationId":"4f8313da390db073f31e3b9084b1c066","name":"Meistraat 102","address":"Meistraat 102","city":"Almere","operatorName":"Vattenfall InCharge","maxPowerKw":11,"isMegawatt":false,"status":"CHARGING","source":"ndw"}},{"type":"Feature","geometry":{"type":"Point","coordinates":[5.223425,52.38352]},"properties":{"type":"charge","layer":"passenger","locationId":"8af52943-5106-4999-9d44-1ebaeedb58ea","name":"TNLP007419 - Waalstraat 10, Almere","address":"10 Waalstraat","city":"Almere","operatorName":"TotalEnergies","maxPowerKw":13,"isMegawatt":false,"status":"CHARGING","source":"ndw"}},{"type":"Feature","geometry":{"type":"Point","coordinates":[5.2981324,52.3996613]},"properties":{"type":"charge","layer":"passenger","locationId":"2011","name":"Shell Recharge NL Gran Canariastraat 102","address":"Gran Canariastraat 102","city":"Almere","operatorName":"Ubitricity","maxPowerKw":22,"isMegawatt":false,"status":"AVAILABLE","source":"ndw","priceKwh":0.266}},{"type":"Feature","geometry":{"type":"Point","coordinates":[5.28832,52.39001]},"properties":{"type":"charge","layer":"passenger","locationId":"260","name":"Shell Recharge NL Korenbloemweg 75","address":"Korenbloemweg 75","city":"Almere","operatorName":"Ubitricity","maxPowerKw":11,"isMegawatt":false,"status":"AVAILABLE","source":"ndw","priceKwh":0.388}},{"type":"Feature","geometry":{"type":"Point","coordinates":[5.2346381,52.3731591]},"properties":{"type":"charge","layer":"passenger","locationId":"683","name":"Shell Recharge NL Peter Sellershof 23","address":"Peter Sellershof 23","city":"Almere","operatorName":"Ubitricity","maxPowerKw":11,"isMegawatt":false,"status":"CHARGING","source":"ndw","priceKwh":0.388}},{"type":"Feature","geometry":{"type":"Point","coordinates":[5.28792,52.39138]},"properties":{"type":"charge","layer":"passenger","locationId":"1f1f5f45-ee49-4212-bd48-8e2b9d245ccb","name":"PP001850 - Waterleliestraat 28, Almere","address":"28 Waterleliestraat","city":"Almere","operatorName":"TotalEnergies","maxPowerKw":11,"isMegawatt":false,"status":"AVAILABLE","source":"ndw"}},{"type":"Feature","geometry":{"type":"Point","coordinates":[5.285398,52.39967]},"properties":{"type":"charge","layer":"passenger","locationId":"40264197-eb8c-4da1-9b5d-443b1a99e233","name":"TNLP015002 - Eeuwenweg 121, Almere","address":"121 Eeuwenweg","city":"Almere","operatorName":"TotalEnergies","maxPowerKw":13,"isMegawatt":false,"status":"AVAILABLE","source":"ndw"}},{"type":"Feature","geometry":{"type":"Point","coordinates":[5.260586,52.370853]},"properties":{"type":"charge","layer":"passenger","locationId":"b25d8ad9-01cd-4322-9241-b1b2a2abf4d4","name":"TNLP007693 - Picassoweg 3, Almere","address":"3 Picassoweg","city":"Almere","operatorName":"TotalEnergies","maxPowerKw":15,"isMegawatt":false,"status":"AVAILABLE","source":"ndw"}},{"type":"Feature","geometry":{"type":"Point","coordinates":[5.261243,52.387962]},"properties":{"type":"charge","layer":"passenger","locationId":"5b2227eb-78e1-4883-94ca-4ecdf2dd7990","name":"Laadplein - TNLP009371 - Twickellaan 64, Almere","address":"64 Twickellaan","city":"Almere","operatorName":"TotalEnergies","maxPowerKw":15,"isMegawatt":false,"status":"AVAILABLE","source":"ndw"}},{"type":"Feature","geometry":{"type":"Point","coordinates":[5.243035,52.365543]},"properties":{"type":"charge","layer":"passenger","locationId":"c5b6e8d9-7d15-4082-aaec-4fa80b708336","name":"TNLP009599 - Simon van Collemstraat 92 A, Almere","address":"92 A Simon van Collemstraat","city":"Almere","operatorName":"TotalEnergies","maxPowerKw":13,"isMegawatt":false,"status":"AVAILABLE","source":"ndw"}},{"type":"Feature","geometry":{"type":"Point","coordinates":[5.296702,52.397649]},"properties":{"type":"charge","layer":"passenger","locationId":"e578f35644d933ba3c7e62da32a96ef4","name":"Ecrustraat 24","address":"Ecrustraat 24","city":"Almere","operatorName":"Vattenfall InCharge","maxPowerKw":11,"isMegawatt":false,"status":"AVAILABLE","source":"ndw"}},{"type":"Feature","geometry":{"type":"Point","coordinates":[5.2997415,52.3933234]},"properties":{"type":"charge","layer":"passenger","locationId":"753","name":"Shell Recharge NL Mahoniestraat 8","address":"Mahoniestraat 8","city":"Almere","operatorName":"Ubitricity","maxPowerKw":11,"isMegawatt":false,"status":"AVAILABLE","source":"ndw","priceKwh":0.388}},{"type":"Feature","geometry":{"type":"Point","coordinates":[5.318664,52.405083]},"properties":{"type":"charge","layer":"passenger","locationId":"65fe42ee-b0e8-4fe6-a6e0-a37d97d658e5","name":"TNLP006488 - Dick Bosstraat 81, Almere","address":"81 Dick Bosstraat","city":"Almere","operatorName":"TotalEnergies","maxPowerKw":13,"isMegawatt":false,"status":"CHARGING","source":"ndw"}},{"type":"Feature","geometry":{"type":"Point","coordinates":[5.3007853,52.4044882]},"properties":{"type":"charge","layer":"passenger","locationId":"2351","name":"Shell Recharge NL Laan der V.O.C. 294","address":"Laan der V.O.C. 294","city":"Almere","operatorName":"Ubitricity","maxPowerKw":22,"isMegawatt":false,"status":"AVAILABLE","source":"ndw","priceKwh":0.266}},{"type":"Feature","geometry":{"type":"Point","coordinates":[5.292087,52.402596]},"properties":{"type":"charge","layer":"passenger","locationId":"be22a328-0eec-4c77-babe-d055af294fa5","name":"TNLP006538 - Eeuwenweg 1, Almere","address":"1 Eeuwenweg","city":"Almere","operatorName":"TotalEnergies","maxPowerKw":13,"isMegawatt":false,"status":"AVAILABLE","source":"ndw"}},{"type":"Feature","geometry":{"type":"Point","coordinates":[5.281748,52.404399]},"properties":{"type":"charge","layer":"passenger","locationId":"4351131","name":"Laadnet Maandenweg","address":"Maandenweg 49","city":"Almere","operatorName":"Laadnet","maxPowerKw":22,"isMegawatt":false,"status":"CHARGING","source":"ndw"}},{"type":"Feature","geometry":{"type":"Point","coordinates":[5.206686,52.382424]},"properties":{"type":"charge","layer":"passenger","locationId":"47e24ffd-9a8a-41db-b7e8-513b6909f8a4","name":"TNLP034676","address":"Klaverweg 34","city":"Almere","operatorName":"TotalEnergies","maxPowerKw":14,"isMegawatt":false,"status":"AVAILABLE","source":"ndw"}},{"type":"Feature","geometry":{"type":"Point","coordinates":[5.223282,52.34054]},"properties":{"type":"charge","layer":"passenger","locationId":"aa5b9705-9825-46e5-a027-c58282f2b41a","name":"TNLP007475 - Rozenwerf 151, Almere","address":"151 Rozenwerf","city":"Almere","operatorName":"TotalEnergies","maxPowerKw":15,"isMegawatt":false,"status":"CHARGING","source":"ndw"}},{"type":"Feature","geometry":{"type":"Point","coordinates":[5.165592,52.343609]},"properties":{"type":"charge","layer":"passenger","locationId":"4199620","name":"Laadnet CECS Kwik 19","address":"Kwikzilverstraat 19","city":"Almere","operatorName":"Laadnet","maxPowerKw":22,"isMegawatt":false,"status":"AVAILABLE","source":"ndw"}},{"type":"Feature","geometry":{"type":"Point","coordinates":[5.24123,52.35845]},"properties":{"type":"charge","layer":"passenger","locationId":"ef8fbe2b-bba9-4c44-8453-1c4e064e2b16","name":"PP004160 - Fellinilaan 115, Almere","address":"115 Fellinilaan","city":"Almere","operatorName":"TotalEnergies","maxPowerKw":13,"isMegawatt":false,"status":"AVAILABLE","source":"ndw"}},{"type":"Feature","geometry":{"type":"Point","coordinates":[5.25911,52.383139]},"properties":{"type":"charge","layer":"passenger","locationId":"c540367e-330e-4d08-83b9-719d727b5ea9","name":"TNLP034117","address":"Paulus Potterstraat 111","city":"Almere","operatorName":"TotalEnergies","maxPowerKw":14,"isMegawatt":false,"status":"AVAILABLE","source":"ndw"}},{"type":"Feature","geometry":{"type":"Point","coordinates":[5.222583,52.378652]},"properties":{"type":"charge","layer":"passenger","locationId":"NLLOC001166","name":"NLD, Almere, Randstad 14-21","address":"Randstad 14-21","city":"Almere","operatorName":"Allego","maxPowerKw":11,"isMegawatt":false,"status":"AVAILABLE","source":"ndw","priceKwh":0.511}},{"type":"Feature","geometry":{"type":"Point","coordinates":[5.30659,52.40024]},"properties":{"type":"charge","layer":"passenger","locationId":"253","name":"Shell Recharge NL Lofotenweg 32","address":"Lofotenweg 32","city":"Almere","operatorName":"Ubitricity","maxPowerKw":11,"isMegawatt":false,"status":"CHARGING","source":"ndw","priceKwh":0.388}},{"type":"Feature","geometry":{"type":"Point","coordinates":[5.232499,52.333855]},"properties":{"type":"charge","layer":"passenger","locationId":"869f0861-c180-4cad-b1c4-9f0a36444e78","name":"TNLP006299 - Rietmeent 48, Almere","address":"48 Rietmeent","city":"Almere","operatorName":"TotalEnergies","maxPowerKw":13,"isMegawatt":false,"status":"AVAILABLE","source":"ndw"}},{"type":"Feature","geometry":{"type":"Point","coordinates":[5.247338,52.356936]},"properties":{"type":"charge","layer":"passenger","locationId":"3967146","name":"Laadnet Veluwezoom 52","address":"Veluwezoom 52","city":"Almere","operatorName":"Laadnet","maxPowerKw":22,"isMegawatt":false,"status":"AVAILABLE","source":"ndw"}},{"type":"Feature","geometry":{"type":"Point","coordinates":[5.262372,52.360938]},"properties":{"type":"charge","layer":"passenger","locationId":"4226422","name":"Laadnet LydisPlus BV","address":"Jool-Hulstraat 16","city":"Almere","operatorName":"Laadnet","maxPowerKw":22,"isMegawatt":false,"status":"AVAILABLE","source":"ndw"}},{"type":"Feature","geometry":{"type":"Point","coordinates":[5.27008,52.38452]},"properties":{"type":"charge","layer":"passenger","locationId":"d2e011e2-858c-41e9-a4d3-45a75774f62d","name":"PP001980 - Moeflonstraat 30, Almere","address":"30 Moeflonstraat","city":"Almere","operatorName":"TotalEnergies","maxPowerKw":11,"isMegawatt":false,"status":"CHARGING","source":"ndw"}},{"type":"Feature","geometry":{"type":"Point","coordinates":[5.305552,52.393284]},"properties":{"type":"charge","layer":"passenger","locationId":"e2b2f577-61c3-4d57-bbbd-181877d11c4a","name":"TNLP007362 - Pastelstraat 44, Almere","address":"44 Pastelstraat","city":"Almere","operatorName":"TotalEnergies","maxPowerKw":15,"isMegawatt":false,"status":"AVAILABLE","source":"ndw"}},{"type":"Feature","geometry":{"type":"Point","coordinates":[5.283542,52.401802]},"properties":{"type":"charge","layer":"passenger","locationId":"7b44e356-c4f7-4df6-8035-ad5c838f56c2","name":"PP005429 - Jarenweg 89, Almere","address":"89 Jarenweg","city":"Almere","operatorName":"TotalEnergies","maxPowerKw":13,"isMegawatt":false,"status":"AVAILABLE","source":"ndw"}},{"type":"Feature","geometry":{"type":"Point","coordinates":[5.17594,52.35659]},"properties":{"type":"charge","layer":"passenger","locationId":"730","name":"Shell Recharge NL Hendrik Marsmanstraat 82","address":"Hendrik Marsmanstraat 82","city":"Almere","operatorName":"Ubitricity","maxPowerKw":11,"isMegawatt":false,"status":"AVAILABLE","source":"ndw","priceKwh":0.388}},{"type":"Feature","geometry":{"type":"Point","coordinates":[5.1518911,52.3557165]},"properties":{"type":"charge","layer":"passenger","locationId":"1730","name":"Shell Recharge NL Agamemnonsingel 78","address":"Agamemnonsingel 78","city":"Almere","operatorName":"Ubitricity","maxPowerKw":22,"isMegawatt":false,"status":"AVAILABLE","source":"ndw","priceKwh":0.266}},{"type":"Feature","geometry":{"type":"Point","coordinates":[5.3193996,52.4053757]},"properties":{"type":"charge","layer":"passenger","locationId":"2364","name":"Shell Recharge NL Dick Bosstraat 127","address":"Dick Bosstraat 127","city":"Almere","operatorName":"Ubitricity","maxPowerKw":22,"isMegawatt":false,"status":"CHARGING","source":"ndw","priceKwh":0.266}},{"type":"Feature","geometry":{"type":"Point","coordinates":[5.260917,52.36459]},"properties":{"type":"charge","layer":"passenger","locationId":"9bd10ff3-c7df-48e2-93fe-92e43b5d24e6","name":"TNLP006248 - Sonia Gaskellstraat 2, Almere","address":"2 Sonia Gaskellstraat","city":"Almere","operatorName":"TotalEnergies","maxPowerKw":13,"isMegawatt":false,"status":"AVAILABLE","source":"ndw"}},{"type":"Feature","geometry":{"type":"Point","coordinates":[5.17678,52.39008]},"properties":{"type":"charge","layer":"passenger","locationId":"9cc63658-7c26-494e-8670-55d3ff1b4489","name":"TNLP006586 - Wimpelplantsoen 100, Almere","address":"100 Wimpelplantsoen","city":"Almere","operatorName":"TotalEnergies","maxPowerKw":13,"isMegawatt":false,"status":"AVAILABLE","source":"ndw"}},{"type":"Feature","geometry":{"type":"Point","coordinates":[5.184852,52.35617]},"properties":{"type":"charge","layer":"passenger","locationId":"4b4c952d-c248-42da-ae47-220d9655348e","name":"TNLP008776 - Prozastraat 10, Almere","address":"10 Prozastraat","city":"Almere","operatorName":"TotalEnergies","maxPowerKw":13,"isMegawatt":false,"status":"AVAILABLE","source":"ndw"}},{"type":"Feature","geometry":{"type":"Point","coordinates":[5.150534,52.351887]},"properties":{"type":"charge","layer":"passenger","locationId":"0213c01b-aa59-4228-9535-e6ace538ee94","name":"TNLP009550 - Eddastraat 53, Almere","address":"53 Eddastraat","city":"Almere","operatorName":"TotalEnergies","maxPowerKw":13,"isMegawatt":false,"status":"AVAILABLE","source":"ndw"}},{"type":"Feature","geometry":{"type":"Point","coordinates":[5.259393,52.372387]},"properties":{"type":"charge","layer":"passenger","locationId":"a2a937f9-e463-49b3-983c-45aa44247fd7","name":"TNLP006768 - Paul Kleestraat 122, Almere","address":"122 Paul Kleestraat","city":"Almere","operatorName":"TotalEnergies","maxPowerKw":13,"isMegawatt":false,"status":"AVAILABLE","source":"ndw"}},{"type":"Feature","geometry":{"type":"Point","coordinates":[5.289373,52.35808]},"properties":{"type":"charge","layer":"passenger","locationId":"bb7aa973-6914-4761-a52b-f1bf7b3bde80","name":"TNLP007956 - Patrick Blackettstraat 28, Almere","address":"28 Patrick Blackettstraat","city":"Almere","operatorName":"TotalEnergies","maxPowerKw":13,"isMegawatt":false,"status":"AVAILABLE","source":"ndw"}},{"type":"Feature","geometry":{"type":"Point","coordinates":[5.226617,52.387493]},"properties":{"type":"charge","layer":"passenger","locationId":"1fa60b1c-9f66-4dec-9fa9-57278f559f0c","name":"TNLP006467 - Belter Wijdestraat 1, Almere","address":"1 Belter Wijdestraat","city":"Almere","operatorName":"TotalEnergies","maxPowerKw":13,"isMegawatt":false,"status":"AVAILABLE","source":"ndw"}},{"type":"Feature","geometry":{"type":"Point","coordinates":[5.251289,52.384907]},"properties":{"type":"charge","layer":"passenger","locationId":"17975602-6aa0-4a04-9e9e-ef96c3ec37eb","name":"TNLP007656 - Jeroen Boschplantsoen 63, Almere","address":"63 Jeroen Boschplantsoen","city":"Almere","operatorName":"TotalEnergies","maxPowerKw":13,"isMegawatt":false,"status":"AVAILABLE","source":"ndw"}},{"type":"Feature","geometry":{"type":"Point","coordinates":[5.223936,52.34399]},"properties":{"type":"charge","layer":"passenger","locationId":"cb59503a-1bc4-4623-860b-4a0792926501","name":"TNLP015066 - Ambachtsmark 131, Almere","address":"131 Ambachtsmark","city":"Almere","operatorName":"TotalEnergies","maxPowerKw":13,"isMegawatt":false,"status":"AVAILABLE","source":"ndw"}},{"type":"Feature","geometry":{"type":"Point","coordinates":[5.14695,52.34777]},"properties":{"type":"charge","layer":"passenger","locationId":"711","name":"Shell Recharge NL Beneluxlaan 803","address":"Beneluxlaan 803","city":"Almere","operatorName":"Ubitricity","maxPowerKw":11,"isMegawatt":false,"status":"AVAILABLE","source":"ndw","priceKwh":0.388}},{"type":"Feature","geometry":{"type":"Point","coordinates":[5.2957122,52.4042786]},"properties":{"type":"charge","layer":"passenger","locationId":"1166","name":"Shell Recharge NL Gouden Eeuwweg 3","address":"Gouden Eeuwweg 3","city":"Almere","operatorName":"Ubitricity","maxPowerKw":22,"isMegawatt":false,"status":"AVAILABLE","source":"ndw","priceKwh":0.266}},{"type":"Feature","geometry":{"type":"Point","coordinates":[5.27238,52.39147]},"properties":{"type":"charge","layer":"passenger","locationId":"ff940d87-a8aa-4d7b-8667-5ea42b5a8e46","name":"PP001277 - Middachtenlaan 8, Almere","address":"8 Middachtenlaan","city":"Almere","operatorName":"TotalEnergies","maxPowerKw":11,"isMegawatt":false,"status":"UNAVAILABLE","source":"ndw"}},{"type":"Feature","geometry":{"type":"Point","coordinates":[5.148069,52.344614]},"properties":{"type":"charge","layer":"passenger","locationId":"59753923-879c-4785-b9c2-11b2b6d1bcbc","name":"TNLP034125","address":"Monacostraat 76","city":"Almere","operatorName":"TotalEnergies","maxPowerKw":14,"isMegawatt":false,"status":"CHARGING","source":"ndw"}},{"type":"Feature","geometry":{"type":"Point","coordinates":[5.1417206,52.3484044]},"properties":{"type":"charge","layer":"passenger","locationId":"1915","name":"Shell Recharge NL Noorwegenkade 386","address":"Noorwegenkade 386","city":"Almere","operatorName":"Ubitricity","maxPowerKw":22,"isMegawatt":false,"status":"CHARGING","source":"ndw","priceKwh":0.266}},{"type":"Feature","geometry":{"type":"Point","coordinates":[5.274149,52.397774]},"properties":{"type":"charge","layer":"passenger","locationId":"c9310ea5-9a17-4530-86d2-e71ebcacd5f7","name":"PP005118 - Wipmolenweg 51, Almere","address":"51 Wipmolenweg","city":"Almere","operatorName":"TotalEnergies","maxPowerKw":15,"isMegawatt":false,"status":"AVAILABLE","source":"ndw"}},{"type":"Feature","geometry":{"type":"Point","coordinates":[5.243863,52.3609]},"properties":{"type":"charge","layer":"passenger","locationId":"f045edd3-f9f7-43c9-a0a1-ccf5851c4ba0","name":"TNLP006288 - David Leanstraat 1, Almere","address":"1 David Leanstraat","city":"Almere","operatorName":"TotalEnergies","maxPowerKw":13,"isMegawatt":false,"status":"AVAILABLE","source":"ndw"}},{"type":"Feature","geometry":{"type":"Point","coordinates":[5.229759,52.344196]},"properties":{"type":"charge","layer":"passenger","locationId":"255981b6-0fe2-4f04-a981-8bc90a0cf529","name":"TNLP009262 - Hofmark 72 A, Almere","address":"72 A Hofmark","city":"Almere","operatorName":"TotalEnergies","maxPowerKw":15,"isMegawatt":false,"status":"AVAILABLE","source":"ndw"}},{"type":"Feature","geometry":{"type":"Point","coordinates":[5.323563,52.399117]},"properties":{"type":"charge","layer":"passenger","locationId":"1abda384-f893-48b1-bbac-0ea424e99460","name":"PP005371 - Lucky Lukestraat 29, Almere","address":"29 Lucky Lukestraat","city":"Almere","operatorName":"TotalEnergies","maxPowerKw":13,"isMegawatt":false,"status":"CHARGING","source":"ndw"}},{"type":"Feature","geometry":{"type":"Point","coordinates":[5.318261,52.406418]},"properties":{"type":"charge","layer":"passenger","locationId":"5772e219-4af8-4da7-80cc-2935a63ff4eb","name":"TNLP007454 - Henk Albersstraat 1, Almere","address":"1 Henk Albersstraat","city":"Almere","operatorName":"TotalEnergies","maxPowerKw":15,"isMegawatt":false,"status":"AVAILABLE","source":"ndw"}},{"type":"Feature","geometry":{"type":"Point","coordinates":[5.15883,52.34608]},"properties":{"type":"charge","layer":"passenger","locationId":"2171","name":"Shell Recharge NL Lahemaalaan 37","address":"Lahemaalaan 37","city":"Almere","operatorName":"Ubitricity","maxPowerKw":22,"isMegawatt":false,"status":"CHARGING","source":"ndw","priceKwh":0.266}},{"type":"Feature","geometry":{"type":"Point","coordinates":[5.20528,52.38117]},"properties":{"type":"charge","layer":"passenger","locationId":"c41d9c1f-9f35-42fc-8eae-d63933613ab6","name":"PP002093 - Wijnruitstraat 16, Almere","address":"16 Wijnruitstraat","city":"Almere","operatorName":"TotalEnergies","maxPowerKw":11,"isMegawatt":false,"status":"AVAILABLE","source":"ndw"}},{"type":"Feature","geometry":{"type":"Point","coordinates":[5.246217,52.356516]},"properties":{"type":"charge","layer":"passenger","locationId":"3411777","name":"Laadnet Driemere CV","address":"Veluwezoom 42","city":"Almere","operatorName":"Laadnet","maxPowerKw":22,"isMegawatt":false,"status":"UNAVAILABLE","source":"ndw"}},{"type":"Feature","geometry":{"type":"Point","coordinates":[5.213448,52.36643]},"properties":{"type":"charge","layer":"passenger","locationId":"d7196f5b-c97c-445a-b6e6-298f8e5d79a4","name":"TNLP009378 - Hengelostraat 64 A, Almere","address":"64 A Hengelostraat","city":"Almere","operatorName":"TotalEnergies","maxPowerKw":13,"isMegawatt":false,"status":"AVAILABLE","source":"ndw"}},{"type":"Feature","geometry":{"type":"Point","coordinates":[5.275406,52.356265]},"properties":{"type":"charge","layer":"passenger","locationId":"597d1630-8fb0-46be-b218-9af3b6a51d0d","name":"TNLP034642","address":"John van Vleckstraat 21","city":"Almere","operatorName":"TotalEnergies","maxPowerKw":14,"isMegawatt":false,"status":"CHARGING","source":"ndw"}},{"type":"Feature","geometry":{"type":"Point","coordinates":[5.2003909,52.3655292]},"properties":{"type":"charge","layer":"passenger","locationId":"2728","name":"Shell Recharge NL Bellinipad 1","address":"Bellinipad 1","city":"Almere","operatorName":"Ubitricity","maxPowerKw":22,"isMegawatt":false,"status":"CHARGING","source":"ndw","priceKwh":0.266}},{"type":"Feature","geometry":{"type":"Point","coordinates":[5.260312,52.36254]},"properties":{"type":"charge","layer":"passenger","locationId":"4c4369b2-aeeb-4d01-bbb7-96240d874919","name":"TNLP008791 - Rudolf Nureyevstraat 53, Almere","address":"53 Rudolf Nureyevstraat","city":"Almere","operatorName":"TotalEnergies","maxPowerKw":14,"isMegawatt":false,"status":"CHARGING","source":"ndw"}},{"type":"Feature","geometry":{"type":"Point","coordinates":[5.214337,52.346516]},"properties":{"type":"charge","layer":"passenger","locationId":"NLLOC001163","name":"NLD, Almere, Peppengouw 20","address":"Peppengouw 20","city":"Almere","operatorName":"Allego","maxPowerKw":11,"isMegawatt":false,"status":"AVAILABLE","source":"ndw","priceKwh":0.511}},{"type":"Feature","geometry":{"type":"Point","coordinates":[5.272157,52.39515]},"properties":{"type":"charge","layer":"passenger","locationId":"65a247b1-850f-4042-9389-8023eda55c96","name":"EV Hub - Washingtonstraat 264, Almere","address":"264 Washingtonstraat","city":"Almere","operatorName":"TotalEnergies","maxPowerKw":50,"isMegawatt":false,"status":"AVAILABLE","source":"ndw"}},{"type":"Feature","geometry":{"type":"Point","coordinates":[5.196502,52.384315]},"properties":{"type":"charge","layer":"passenger","locationId":"3ccf7ac3-bb02-4ff0-a96b-95f0166530a8","name":"TNLP006297 - Kweldergrasveld 67, Almere","address":"67 Kweldergrasveld","city":"Almere","operatorName":"TotalEnergies","maxPowerKw":13,"isMegawatt":false,"status":"AVAILABLE","source":"ndw"}},{"type":"Feature","geometry":{"type":"Point","coordinates":[5.237873,52.375465]},"properties":{"type":"charge","layer":"passenger","locationId":"37b89dd2-ba75-4453-9f3a-9f833730b65d","name":"TNLP009781 - Bongerdstraat 6, Almere","address":"6 Bongerdstraat","city":"Almere","operatorName":"TotalEnergies","maxPowerKw":17,"isMegawatt":false,"status":"AVAILABLE","source":"ndw"}},{"type":"Feature","geometry":{"type":"Point","coordinates":[5.225834,52.342366]},"properties":{"type":"charge","layer":"passenger","locationId":"72e90f32-a049-4545-88d9-c5d571f7c535","name":"TNLP015251","address":"Ambachtsmark 6","city":"Almere","operatorName":"TotalEnergies","maxPowerKw":17,"isMegawatt":false,"status":"AVAILABLE","source":"ndw"}},{"type":"Feature","geometry":{"type":"Point","coordinates":[5.324432,52.314516]},"properties":{"type":"charge","layer":"passenger","locationId":"67e146a969b611f7d3421532","name":"De Klok Dranken Almere 3- 4","address":"Fort Blauwkapel 6","city":"Almere","operatorName":"E-Flux by Road","maxPowerKw":22,"isMegawatt":false,"status":"AVAILABLE","source":"ndw","priceKwh":0.33}},{"type":"Feature","geometry":{"type":"Point","coordinates":[5.176374,52.36641]},"properties":{"type":"charge","layer":"passenger","locationId":"9f1cfc51-67d5-46be-97dd-f9fc87a47383","name":"TNLP006962 - Bob Marleystraat 1, Almere","address":"1 Bob Marleystraat","city":"Almere","operatorName":"TotalEnergies","maxPowerKw":13,"isMegawatt":false,"status":"AVAILABLE","source":"ndw"}},{"type":"Feature","geometry":{"type":"Point","coordinates":[5.278287,52.396065]},"properties":{"type":"charge","layer":"passenger","locationId":"c77a10ef-2080-4ee6-8aca-115c47a8651d","name":"TNLP007503 - Atheneplantsoen 109, Almere","address":"109 Atheneplantsoen","city":"Almere","operatorName":"TotalEnergies","maxPowerKw":15,"isMegawatt":false,"status":"AVAILABLE","source":"ndw"}},{"type":"Feature","geometry":{"type":"Point","coordinates":[5.23425,52.37481]},"properties":{"type":"charge","layer":"passenger","locationId":"afbc5735-85b8-48fb-829b-20305d053e37","name":"TNLP006628 - George Formbystraat 1, Almere","address":"1 George Formbystraat","city":"Almere","operatorName":"TotalEnergies","maxPowerKw":15,"isMegawatt":false,"status":"AVAILABLE","source":"ndw"}},{"type":"Feature","geometry":{"type":"Point","coordinates":[5.241842,52.375163]},"properties":{"type":"charge","layer":"passenger","locationId":"fed6fe73-53ba-4d0b-90a4-2092a311440f","name":"TNLP034620","address":"Bolacaciahof 2","city":"Almere","operatorName":"TotalEnergies","maxPowerKw":14,"isMegawatt":false,"status":"CHARGING","source":"ndw"}},{"type":"Feature","geometry":{"type":"Point","coordinates":[5.212202,52.366266]},"properties":{"type":"charge","layer":"passenger","locationId":"09cd5040e7b818238936b98f9543ea45","name":"Hengelostraat 61","address":"Hengelostraat 61","city":"Almere","operatorName":"Vattenfall InCharge","maxPowerKw":11,"isMegawatt":false,"status":"AVAILABLE","source":"ndw"}},{"type":"Feature","geometry":{"type":"Point","coordinates":[5.249851,52.381091]},"properties":{"type":"charge","layer":"passenger","locationId":"NLLOC001479","name":"NLD, Almere, Rembrandtweg 100","address":"Rembrandtweg 100","city":"Almere","operatorName":"Allego","maxPowerKw":11,"isMegawatt":false,"status":"AVAILABLE","source":"ndw","priceKwh":0.511}},{"type":"Feature","geometry":{"type":"Point","coordinates":[5.257735,52.364983]},"properties":{"type":"charge","layer":"passenger","locationId":"67942168-0db5-442d-9fc0-dea61ccdf2c8","name":"TNLP009217 - Danslaan 179, Almere","address":"179 Danslaan","city":"Almere","operatorName":"TotalEnergies","maxPowerKw":15,"isMegawatt":false,"status":"AVAILABLE","source":"ndw"}},{"type":"Feature","geometry":{"type":"Point","coordinates":[5.202144,52.3825325]},"properties":{"type":"charge","layer":"passenger","locationId":"2018","name":"Shell Recharge NL Dwerggrashof 22","address":"Dwerggrashof 22","city":"Almere","operatorName":"Ubitricity","maxPowerKw":22,"isMegawatt":false,"status":"CHARGING","source":"ndw","priceKwh":0.266}},{"type":"Feature","geometry":{"type":"Point","coordinates":[5.326381,52.400338]},"properties":{"type":"charge","layer":"passenger","locationId":"447","name":"Shell Recharge NL Asterixstraat 48","address":"Asterixstraat 48","city":"Almere","operatorName":"Ubitricity","maxPowerKw":11,"isMegawatt":false,"status":"AVAILABLE","source":"ndw","priceKwh":0.388}},{"type":"Feature","geometry":{"type":"Point","coordinates":[5.2686254,52.3684754]},"properties":{"type":"charge","layer":"passenger","locationId":"774","name":"Shell Recharge NL El Grecostraat 102","address":"El Grecostraat 102","city":"Almere","operatorName":"Ubitricity","maxPowerKw":22,"isMegawatt":false,"status":"AVAILABLE","source":"ndw","priceKwh":0.266}},{"type":"Feature","geometry":{"type":"Point","coordinates":[5.276468,52.38557]},"properties":{"type":"charge","layer":"passenger","locationId":"58a24c87-8e43-4c33-a4cc-c67a8cd55a11","name":"TNLP007635 - Edelhertweg 27, Almere","address":"27 Edelhertweg","city":"Almere","operatorName":"TotalEnergies","maxPowerKw":15,"isMegawatt":false,"status":"CHARGING","source":"ndw"}},{"type":"Feature","geometry":{"type":"Point","coordinates":[5.200179,52.385687]},"properties":{"type":"charge","layer":"passenger","locationId":"f2579b74-8fce-4758-b6fd-d186e233b357","name":"TNLP015206","address":"Kweekgrasstraat 60","city":"Almere","operatorName":"TotalEnergies","maxPowerKw":17,"isMegawatt":false,"status":"AVAILABLE","source":"ndw"}},{"type":"Feature","geometry":{"type":"Point","coordinates":[5.211747,52.364853]},"properties":{"type":"charge","layer":"passenger","locationId":"7a027b2b-4d76-4e5c-98ae-98aa31e226fb","name":"Laadplein - TNLP006717 - Urkwal 14, Almere","address":"14 Urkwal","city":"Almere","operatorName":"TotalEnergies","maxPowerKw":15,"isMegawatt":false,"status":"AVAILABLE","source":"ndw"}},{"type":"Feature","geometry":{"type":"Point","coordinates":[5.251376,52.38093]},"properties":{"type":"charge","layer":"passenger","locationId":"231a96d3-eb02-4da7-9a5c-636447cd3e94","name":"TNLP007740 - Johan Jongkindstraat 11, Almere","address":"11 Johan Jongkindstraat","city":"Almere","operatorName":"TotalEnergies","maxPowerKw":13,"isMegawatt":false,"status":"AVAILABLE","source":"ndw"}},{"type":"Feature","geometry":{"type":"Point","coordinates":[5.31451,52.39579]},"properties":{"type":"charge","layer":"passenger","locationId":"d2f744b4-4afa-4e6f-8b56-1ce1690c0c06","name":"TNLP008013 - Isla Margaritastraat 16 16, Almere","address":"16 16 Isla Margaritastraat","city":"Almere","operatorName":"TotalEnergies","maxPowerKw":13,"isMegawatt":false,"status":"AVAILABLE","source":"ndw"}},{"type":"Feature","geometry":{"type":"Point","coordinates":[5.313195,52.408092]},"properties":{"type":"charge","layer":"passenger","locationId":"41a6ba70-d9fd-456c-877e-5bdaa9bddff7","name":"TNLP009279 - Doerianstraat 1, Almere","address":"1 Doerianstraat","city":"Almere","operatorName":"TotalEnergies","maxPowerKw":13,"isMegawatt":false,"status":"CHARGING","source":"ndw"}},{"type":"Feature","geometry":{"type":"Point","coordinates":[5.248615,52.379208]},"properties":{"type":"charge","layer":"passenger","locationId":"62f4c77d-fdd6-4f81-b1d3-94d7dd0bbc93","name":"PP005224 - Groep Meelhuysenstraat 27, Almere","address":"27 Groep Meelhuysenstraat","city":"Almere","operatorName":"TotalEnergies","maxPowerKw":13,"isMegawatt":false,"status":"AVAILABLE","source":"ndw"}},{"type":"Feature","geometry":{"type":"Point","coordinates":[5.31175,52.40385]},"properties":{"type":"charge","layer":"passenger","locationId":"42c9fecce05eb0203873df2829b092bc","name":"Van Raemdonckstraat 2","address":"Van Raemdonckstraat 2","city":"Almere","operatorName":"Vattenfall InCharge","maxPowerKw":11,"isMegawatt":false,"status":"AVAILABLE","source":"ndw"}},{"type":"Feature","geometry":{"type":"Point","coordinates":[5.158732,52.359295]},"properties":{"type":"charge","layer":"passenger","locationId":"c553fbd1-df4d-426a-9547-16939bb3db4e","name":"TNLP006648 - Saturnussingel 230, Almere","address":"230 Saturnussingel","city":"Almere","operatorName":"TotalEnergies","maxPowerKw":13,"isMegawatt":false,"status":"AVAILABLE","source":"ndw"}},{"type":"Feature","geometry":{"type":"Point","coordinates":[5.305677,52.343012]},"properties":{"type":"charge","layer":"passenger","locationId":"6936bcc27c878251427929b9","name":"Rick Kamminga 's station","address":"Oeverzwaluwlaan 16","city":"Almere","operatorName":"E-Flux by Road","maxPowerKw":22,"isMegawatt":false,"status":"CHARGING","source":"ndw","priceKwh":0.63}},{"type":"Feature","geometry":{"type":"Point","coordinates":[5.302326,52.39728]},"properties":{"type":"charge","layer":"passenger","locationId":"8270840a-8d1a-43d0-b47f-60f9e6e81291","name":"TNLP005749 - Mallorcastraat 2, Almere","address":"2 Mallorcastraat","city":"Almere","operatorName":"TotalEnergies","maxPowerKw":13,"isMegawatt":false,"status":"UNAVAILABLE","source":"ndw"}},{"type":"Feature","geometry":{"type":"Point","coordinates":[5.321593,52.40097]},"properties":{"type":"charge","layer":"passenger","locationId":"8c7d62e9-1030-4155-9609-7a0281883ea8","name":"TNLP006419 - Catootjepad 2, Almere","address":"2 Catootjepad","city":"Almere","operatorName":"TotalEnergies","maxPowerKw":15,"isMegawatt":false,"status":"AVAILABLE","source":"ndw"}},{"type":"Feature","geometry":{"type":"Point","coordinates":[5.23042,52.37293]},"properties":{"type":"charge","layer":"passenger","locationId":"72a7115b-40b0-4cae-821a-94138e964926","name":"PP001843 - Cinemadreef 208, Almere","address":"208 Cinemadreef","city":"Almere","operatorName":"TotalEnergies","maxPowerKw":11,"isMegawatt":false,"status":"AVAILABLE","source":"ndw"}},{"type":"Feature","geometry":{"type":"Point","coordinates":[5.302114,52.404958]},"properties":{"type":"charge","layer":"passenger","locationId":"48546f44557787efaf9b478b5cd72308","name":"Laan der V.O.C. 368","address":"Laan der V.O.C. 368","city":"Almere","operatorName":"Vattenfall InCharge","maxPowerKw":11,"isMegawatt":false,"status":"AVAILABLE","source":"ndw"}},{"type":"Feature","geometry":{"type":"Point","coordinates":[5.263221,52.377922]},"properties":{"type":"charge","layer":"passenger","locationId":"a09290aa-1ff0-4298-b3f5-7b60b621c277","name":"TNLP008209 - Hendrik Werkmanstraat 101, Almere","address":"101 Hendrik Werkmanstraat","city":"Almere","operatorName":"TotalEnergies","maxPowerKw":13,"isMegawatt":false,"status":"AVAILABLE","source":"ndw"}},{"type":"Feature","geometry":{"type":"Point","coordinates":[5.144432,52.357693]},"properties":{"type":"charge","layer":"passenger","locationId":"0cd2f278-6deb-4886-b8cd-eca6d42ea7d8","name":"TNLP009671 - Eponastraat 18, Almere","address":"18 Eponastraat","city":"Almere","operatorName":"TotalEnergies","maxPowerKw":13,"isMegawatt":false,"status":"AVAILABLE","source":"ndw"}},{"type":"Feature","geometry":{"type":"Point","coordinates":[5.243067,52.37578]},"properties":{"type":"charge","layer":"passenger","locationId":"140dc2c3-60f4-4285-bf10-e8dca24a30ba","name":"TNLP005955 - Haagbeukweg 56, Almere","address":"56 Haagbeukweg","city":"Almere","operatorName":"TotalEnergies","maxPowerKw":13,"isMegawatt":false,"status":"AVAILABLE","source":"ndw"}},{"type":"Feature","geometry":{"type":"Point","coordinates":[5.22909,52.333485]},"properties":{"type":"charge","layer":"passenger","locationId":"e78b7700-a3ed-438c-8d01-65ca9fdd6a2f","name":"TNLP008785 - Dijkmeent 29, Almere","address":"29 Dijkmeent","city":"Almere","operatorName":"TotalEnergies","maxPowerKw":13,"isMegawatt":false,"status":"AVAILABLE","source":"ndw"}},{"type":"Feature","geometry":{"type":"Point","coordinates":[5.239206,52.359739]},"properties":{"type":"charge","layer":"passenger","locationId":"7a525a8acedd3c831fe19c775763e4d5","name":"Fellinilaan 252","address":"Fellinilaan 252","city":"Almere","operatorName":"Vattenfall InCharge","maxPowerKw":11,"isMegawatt":false,"status":"AVAILABLE","source":"ndw"}},{"type":"Feature","geometry":{"type":"Point","coordinates":[5.171407,52.396628]},"properties":{"type":"charge","layer":"passenger","locationId":"a12462a9ace75e10955a496c419a651e","name":"Octant 1","address":"Octant 1","city":"Almere","operatorName":"Vattenfall InCharge","maxPowerKw":11,"isMegawatt":false,"status":"AVAILABLE","source":"ndw"}},{"type":"Feature","geometry":{"type":"Point","coordinates":[5.2082,52.34411]},"properties":{"type":"charge","layer":"passenger","locationId":"ed552cfd-cfab-4cbd-b340-9bdeaa4d027e","name":"PP004348 - Bosgouw 91, Almere","address":"91 Bosgouw","city":"Almere","operatorName":"TotalEnergies","maxPowerKw":13,"isMegawatt":false,"status":"AVAILABLE","source":"ndw"}},{"type":"Feature","geometry":{"type":"Point","coordinates":[5.274521,52.386158]},"properties":{"type":"charge","layer":"passenger","locationId":"0ba32884-86d7-4ab7-af3f-3363f1278cb9","name":"TNLP008235 - IJsbeerpad 13, Almere","address":"13 IJsbeerpad","city":"Almere","operatorName":"TotalEnergies","maxPowerKw":13,"isMegawatt":false,"status":"CHARGING","source":"ndw"}},{"type":"Feature","geometry":{"type":"Point","coordinates":[5.155597,52.35922]},"properties":{"type":"charge","layer":"passenger","locationId":"19b92deb-1a54-4af0-87b1-03593bbc6f83","name":"TNLP006863 - Aurorahof 14, Almere","address":"14 Aurorahof","city":"Almere","operatorName":"TotalEnergies","maxPowerKw":13,"isMegawatt":false,"status":"UNAVAILABLE","source":"ndw"}},{"type":"Feature","geometry":{"type":"Point","coordinates":[5.22782,52.37107]},"properties":{"type":"charge","layer":"passenger","locationId":"89f94a8b-06df-41d7-b267-32f0324250d7","name":"PP001683 - Orson Wellesstraat 2, Almere","address":"2 Orson Wellesstraat","city":"Almere","operatorName":"TotalEnergies","maxPowerKw":11,"isMegawatt":false,"status":"AVAILABLE","source":"ndw"}},{"type":"Feature","geometry":{"type":"Point","coordinates":[5.308854,52.401142]},"properties":{"type":"charge","layer":"passenger","locationId":"60b46e58-7f0e-4089-8246-56af4c90883c","name":"TNLP007290 - Spitsbergen 51, Almere","address":"51 Spitsbergen","city":"Almere","operatorName":"TotalEnergies","maxPowerKw":13,"isMegawatt":false,"status":"AVAILABLE","source":"ndw"}},{"type":"Feature","geometry":{"type":"Point","coordinates":[5.228144,52.335166]},"properties":{"type":"charge","layer":"passenger","locationId":"10be7a89-2e7e-4b8b-8638-10df7078547a","name":"TNLP015477","address":"Achterwerf 144","city":"Almere","operatorName":"TotalEnergies","maxPowerKw":17,"isMegawatt":false,"status":"AVAILABLE","source":"ndw"}},{"type":"Feature","geometry":{"type":"Point","coordinates":[5.267306,52.372894]},"properties":{"type":"charge","layer":"passenger","locationId":"6a5b629b-3c96-4520-8ed7-f82c3c0cec55","name":"TNLP006500 - Giacomettistraat 27, Almere","address":"27 Giacomettistraat","city":"Almere","operatorName":"TotalEnergies","maxPowerKw":13,"isMegawatt":false,"status":"AVAILABLE","source":"ndw"}},{"type":"Feature","geometry":{"type":"Point","coordinates":[5.212329,52.352297]},"properties":{"type":"charge","layer":"passenger","locationId":"2711961","name":"Laadnet Thermen La Mer","address":"Scoutingpad 3","city":"Almere","operatorName":"Laadnet","maxPowerKw":22,"isMegawatt":false,"status":"AVAILABLE","source":"ndw"}},{"type":"Feature","geometry":{"type":"Point","coordinates":[5.321898,52.404675]},"properties":{"type":"charge","layer":"passenger","locationId":"f3646b2d-d234-413c-9795-97ac83d99888","name":"TNLP007147 - Carol Vogesgracht 41, Almere","address":"41 Carol Vogesgracht","city":"Almere","operatorName":"TotalEnergies","maxPowerKw":13,"isMegawatt":false,"status":"AVAILABLE","source":"ndw"}},{"type":"Feature","geometry":{"type":"Point","coordinates":[5.266999,52.370576]},"properties":{"type":"charge","layer":"passenger","locationId":"43250581-0aa5-452d-9fff-f3667d854c03","name":"TNLP015270","address":"El Grecostraat 7","city":"Almere","operatorName":"TotalEnergies","maxPowerKw":17,"isMegawatt":false,"status":"AVAILABLE","source":"ndw"}},{"type":"Feature","geometry":{"type":"Point","coordinates":[5.252017,52.402541]},"properties":{"type":"charge","layer":"passenger","locationId":"4227412","name":"Laadnet Thermopatch BV","address":"Draaibrugweg 14","city":"Almere","operatorName":"Laadnet","maxPowerKw":22,"isMegawatt":false,"status":"AVAILABLE","source":"ndw"}},{"type":"Feature","geometry":{"type":"Point","coordinates":[5.145298,52.358017]},"properties":{"type":"charge","layer":"passenger","locationId":"e2fcd019-bde9-499a-8f05-7452d4870a03","name":"TNLP034240","address":"Rosmertastraat 33","city":"Almere","operatorName":"TotalEnergies","maxPowerKw":14,"isMegawatt":false,"status":"AVAILABLE","source":"ndw"}},{"type":"Feature","geometry":{"type":"Point","coordinates":[5.278378,52.395093]},"properties":{"type":"charge","layer":"passenger","locationId":"NLLOC001474","name":"NLD, Almere, Lissabonhof 2","address":"Lissabonhof 2","city":"Almere","operatorName":"Allego","maxPowerKw":22,"isMegawatt":false,"status":"AVAILABLE","source":"ndw","priceKwh":0.511}},{"type":"Feature","geometry":{"type":"Point","coordinates":[5.239614,52.365513]},"properties":{"type":"charge","layer":"passenger","locationId":"2a85639a-62e9-4f1b-8886-5229268e0803","name":"TNLP007298 - Audrey Hepburnstraat 33, Almere","address":"33 Audrey Hepburnstraat","city":"Almere","operatorName":"TotalEnergies","maxPowerKw":15,"isMegawatt":false,"status":"AVAILABLE","source":"ndw"}},{"type":"Feature","geometry":{"type":"Point","coordinates":[5.23512,52.37156]},"properties":{"type":"charge","layer":"passenger","locationId":"550a9d54-d8b2-454e-8319-546169978b2b","name":"TNLP009587 - Laurence Olivierstraat 49, Almere","address":"49 Laurence Olivierstraat","city":"Almere","operatorName":"TotalEnergies","maxPowerKw":13,"isMegawatt":false,"status":"AVAILABLE","source":"ndw"}},{"type":"Feature","geometry":{"type":"Point","coordinates":[5.270058,52.39176]},"properties":{"type":"charge","layer":"passenger","locationId":"56b61bb0-7872-433f-9aa3-ad7b2260e7d3","name":"TNLP007595 - Springendallaan 11, Almere","address":"11 Springendallaan","city":"Almere","operatorName":"TotalEnergies","maxPowerKw":13,"isMegawatt":false,"status":"AVAILABLE","source":"ndw"}},{"type":"Feature","geometry":{"type":"Point","coordinates":[5.170643,52.352466]},"properties":{"type":"charge","layer":"passenger","locationId":"67670fd7820ca6947802e1f3","name":"Motion Mobility - Cargahora","address":"Argonweg 125","city":"Almere","operatorName":"E-Flux by Road","maxPowerKw":22,"isMegawatt":false,"status":"AVAILABLE","source":"ndw","priceKwh":0.58}},{"type":"Feature","geometry":{"type":"Point","coordinates":[5.17894,52.35716]},"properties":{"type":"charge","layer":"passenger","locationId":"5f9901ab-6146-4bb3-a500-67a95338ee8b","name":"PP002559 - Jan Campertstraat 37, Almere","address":"37 Jan Campertstraat","city":"Almere","operatorName":"TotalEnergies","maxPowerKw":13,"isMegawatt":false,"status":"AVAILABLE","source":"ndw"}},{"type":"Feature","geometry":{"type":"Point","coordinates":[5.285881,52.366036]},"properties":{"type":"charge","layer":"passenger","locationId":"b845fef6053e9d36f48669912cd70806","name":"Rosalind Franklinweg 4","address":"Rosalind Franklinweg 4","city":"Almere","operatorName":"Vattenfall InCharge","maxPowerKw":11,"isMegawatt":false,"status":"AVAILABLE","source":"ndw"}},{"type":"Feature","geometry":{"type":"Point","coordinates":[5.303621,52.391505]},"properties":{"type":"charge","layer":"passenger","locationId":"NLLOC001477","name":"NLD, Almere, Pastelstraat 3","address":"Pastelstraat 3","city":"Almere","operatorName":"Allego","maxPowerKw":11,"isMegawatt":false,"status":"CHARGING","source":"ndw","priceKwh":0.511}},{"type":"Feature","geometry":{"type":"Point","coordinates":[5.246559,52.387104]},"properties":{"type":"charge","layer":"passenger","locationId":"6a5a3acb-31a5-4d93-8ae4-efbe64657898","name":"TNLP006743 - Discuslaan 16, Almere","address":"16 Discuslaan","city":"Almere","operatorName":"TotalEnergies","maxPowerKw":15,"isMegawatt":false,"status":"UNAVAILABLE","source":"ndw"}},{"type":"Feature","geometry":{"type":"Point","coordinates":[5.256131,52.409481]},"properties":{"type":"charge","layer":"passenger","locationId":"63ee524401eca80012374627","name":"Vakgarage Mobron 's station","address":"dukdalfweg 29","city":"Almere","operatorName":"E-Flux by Road","maxPowerKw":11,"isMegawatt":false,"status":"UNAVAILABLE","source":"ndw","priceKwh":0.73}},{"type":"Feature","geometry":{"type":"Point","coordinates":[5.305132,52.397686]},"properties":{"type":"charge","layer":"passenger","locationId":"NLLOC001199","name":"NLD, Almere, Samoastraat 51","address":"Samoastraat 51","city":"Almere","operatorName":"Allego","maxPowerKw":11,"isMegawatt":false,"status":"AVAILABLE","source":"ndw","priceKwh":0.511}},{"type":"Feature","geometry":{"type":"Point","coordinates":[5.183038,52.362641]},"properties":{"type":"charge","layer":"passenger","locationId":"6380e123949e4d001def76c6","name":"De Binderij 6-8 station links","address":"De Binderij  6-8","city":"Almere","operatorName":"E-Flux by Road","maxPowerKw":22,"isMegawatt":false,"status":"AVAILABLE","source":"ndw","priceKwh":0.43}},{"type":"Feature","geometry":{"type":"Point","coordinates":[5.262699,52.401304]},"properties":{"type":"charge","layer":"passenger","locationId":"6687d1531c8868001c1871bc","name":"Loogman Almere","address":"splijtbakweg  5","city":"Almere","operatorName":"E-Flux by Road","maxPowerKw":22,"isMegawatt":false,"status":"AVAILABLE","source":"ndw","priceKwh":0.58}},{"type":"Feature","geometry":{"type":"Point","coordinates":[5.318466,52.398649]},"properties":{"type":"charge","layer":"passenger","locationId":"04364549-306c-44bd-b524-a4ed54b54f71","name":"TNLP034270","address":"Henk Sprengerweg 18","city":"Almere","operatorName":"TotalEnergies","maxPowerKw":14,"isMegawatt":false,"status":"AVAILABLE","source":"ndw"}},{"type":"Feature","geometry":{"type":"Point","coordinates":[5.238425,52.360226]},"properties":{"type":"charge","layer":"passenger","locationId":"9bdd2d1e-65ea-4a27-ac77-1f5fa5c759bb","name":"TNLP005888 - Fellinilaan 250, Almere","address":"250 Fellinilaan","city":"Almere","operatorName":"TotalEnergies","maxPowerKw":13,"isMegawatt":false,"status":"AVAILABLE","source":"ndw"}},{"type":"Feature","geometry":{"type":"Point","coordinates":[5.240522,52.33986]},"properties":{"type":"charge","layer":"passenger","locationId":"039dac04-c640-4ad0-aa90-4280b9129b9b","name":"TNLP009657 - Wilgengriend 173, Almere","address":"173 Wilgengriend","city":"Almere","operatorName":"TotalEnergies","maxPowerKw":13,"isMegawatt":false,"status":"AVAILABLE","source":"ndw"}},{"type":"Feature","geometry":{"type":"Point","coordinates":[5.25561,52.36243]},"properties":{"type":"charge","layer":"passenger","locationId":"414","name":"Shell Recharge NL Troikastraat 18","address":"Troikastraat 18","city":"Almere","operatorName":"Ubitricity","maxPowerKw":11,"isMegawatt":false,"status":"AVAILABLE","source":"ndw","priceKwh":0.388}},{"type":"Feature","geometry":{"type":"Point","coordinates":[5.177345,52.359401]},"properties":{"type":"charge","layer":"passenger","locationId":"8602340a-f5c1-4225-8f29-b91bc9140606","name":"TNLP015469","address":"A. Roland Holststraat 13","city":"Almere","operatorName":"TotalEnergies","maxPowerKw":17,"isMegawatt":false,"status":"CHARGING","source":"ndw"}},{"type":"Feature","geometry":{"type":"Point","coordinates":[5.23615,52.332813]},"properties":{"type":"charge","layer":"passenger","locationId":"8d655c31-6fd6-4371-b008-6116062b5a0c","name":"PP005263 - Schapenmeent 197, Almere","address":"197 Schapenmeent","city":"Almere","operatorName":"TotalEnergies","maxPowerKw":13,"isMegawatt":false,"status":"AVAILABLE","source":"ndw"}},{"type":"Feature","geometry":{"type":"Point","coordinates":[5.229815,52.376115]},"properties":{"type":"charge","layer":"passenger","locationId":"9e2a8d11-539c-4dbb-b94d-f47450efc2ca","name":"TNLP034200","address":"Buster Keatonstraat 83","city":"Almere","operatorName":"TotalEnergies","maxPowerKw":14,"isMegawatt":false,"status":"AVAILABLE","source":"ndw"}},{"type":"Feature","geometry":{"type":"Point","coordinates":[5.153415,52.3465]},"properties":{"type":"charge","layer":"passenger","locationId":"5e05416b-7eac-47dd-b985-7bd373902ba1","name":"PP005506 - Europalaan 770, Almere","address":"770 Europalaan","city":"Almere","operatorName":"TotalEnergies","maxPowerKw":13,"isMegawatt":false,"status":"AVAILABLE","source":"ndw"}},{"type":"Feature","geometry":{"type":"Point","coordinates":[5.200819,52.341396]},"properties":{"type":"charge","layer":"passenger","locationId":"a7c6b0b2-79d4-4119-bbb1-4e6ad1eb3b0e","name":"TNLP007814 - Sprenglaar 192, Almere","address":"192 Sprenglaar","city":"Almere","operatorName":"TotalEnergies","maxPowerKw":15,"isMegawatt":false,"status":"AVAILABLE","source":"ndw"}},{"type":"Feature","geometry":{"type":"Point","coordinates":[5.253726,52.367157]},"properties":{"type":"charge","layer":"passenger","locationId":"f57b8d70-d2c4-44e2-ba07-16fd90ed8aab","name":"TNLP006254 - Tangostraat 45, Almere","address":"45 Tangostraat","city":"Almere","operatorName":"TotalEnergies","maxPowerKw":13,"isMegawatt":false,"status":"AVAILABLE","source":"ndw"}},{"type":"Feature","geometry":{"type":"Point","coordinates":[5.222739,52.337659]},"properties":{"type":"charge","layer":"passenger","locationId":"1606741edee33c187029e0e1864601db","name":"Schoolwerf 222","address":"Schoolwerf 222","city":"Almere","operatorName":"Vattenfall InCharge","maxPowerKw":11,"isMegawatt":false,"status":"AVAILABLE","source":"ndw"}},{"type":"Feature","geometry":{"type":"Point","coordinates":[5.226162,52.37351]},"properties":{"type":"charge","layer":"passenger","locationId":"04e5e465-3409-4bf5-9630-d470f16db2e1","name":"TNLP006818 - Odeonstraat 707, Almere","address":"707 Odeonstraat","city":"Almere","operatorName":"TotalEnergies","maxPowerKw":15,"isMegawatt":false,"status":"AVAILABLE","source":"ndw"}},{"type":"Feature","geometry":{"type":"Point","coordinates":[5.194501,52.38126]},"properties":{"type":"charge","layer":"passenger","locationId":"fef3ce2c-cda1-430a-8527-b87e9ea716e7","name":"PP004163 - Sjalotpad 1, Almere","address":"1 Sjalotpad","city":"Almere","operatorName":"TotalEnergies","maxPowerKw":13,"isMegawatt":false,"status":"AVAILABLE","source":"ndw"}},{"type":"Feature","geometry":{"type":"Point","coordinates":[5.20828,52.38019]},"properties":{"type":"charge","layer":"passenger","locationId":"fc608d64-bc55-436d-9c63-226b5e7a83e3","name":"TNLP015319 - Mierikswortelpad 1, Almere","address":"1 Mierikswortelpad","city":"Almere","operatorName":"TotalEnergies","maxPowerKw":13,"isMegawatt":false,"status":"UNAVAILABLE","source":"ndw"}},{"type":"Feature","geometry":{"type":"Point","coordinates":[5.16114,52.354972]},"properties":{"type":"charge","layer":"passenger","locationId":"NLLOC000850","name":"NLD, Almere, Iskurstraat 12","address":"Iskurstraat 12","city":"Almere","operatorName":"Allego","maxPowerKw":22,"isMegawatt":false,"status":"AVAILABLE","source":"ndw","priceKwh":0.511}},{"type":"Feature","geometry":{"type":"Point","coordinates":[5.26389,52.40181]},"properties":{"type":"charge","layer":"passenger","locationId":"57e3e718-baea-48a5-92a0-11d436c956a5","name":"PP002565 - Splijtbakweg 13, Almere","address":"13 Splijtbakweg","city":"Almere","operatorName":"TotalEnergies","maxPowerKw":13,"isMegawatt":false,"status":"AVAILABLE","source":"ndw"}},{"type":"Feature","geometry":{"type":"Point","coordinates":[5.302519,52.397587]},"properties":{"type":"charge","layer":"passenger","locationId":"aa3ab151-5103-4414-8221-f49075d7c1b3","name":"TNLP034282","address":"Corsicastraat 1","city":"Almere","operatorName":"TotalEnergies","maxPowerKw":14,"isMegawatt":false,"status":"CHARGING","source":"ndw"}},{"type":"Feature","geometry":{"type":"Point","coordinates":[5.323002,52.402306]},"properties":{"type":"charge","layer":"passenger","locationId":"f12d4039-e06b-4a82-93b5-1aac37816f1d","name":"TNLP009640 - Peter van Straatenhof 5, Almere","address":"5 Peter van Straatenhof","city":"Almere","operatorName":"TotalEnergies","maxPowerKw":13,"isMegawatt":false,"status":"AVAILABLE","source":"ndw"}},{"type":"Feature","geometry":{"type":"Point","coordinates":[5.188622,52.36296]},"properties":{"type":"charge","layer":"passenger","locationId":"7e93f617-e8c5-44bd-ac53-79a2f414bff1","name":"TNLP006835 - Operetteweg 110, Almere","address":"110 Operetteweg","city":"Almere","operatorName":"TotalEnergies","maxPowerKw":13,"isMegawatt":false,"status":"AVAILABLE","source":"ndw"}},{"type":"Feature","geometry":{"type":"Point","coordinates":[5.300161,52.397866]},"properties":{"type":"charge","layer":"passenger","locationId":"a96f63d3-bc5b-4fde-9140-fc4eb0cba519","name":"TNLP034624","address":"Azorenweg 9","city":"Almere","operatorName":"TotalEnergies","maxPowerKw":14,"isMegawatt":false,"status":"AVAILABLE","source":"ndw"}},{"type":"Feature","geometry":{"type":"Point","coordinates":[5.307375,52.396165]},"properties":{"type":"charge","layer":"passenger","locationId":"89172d1e-53df-4369-8c5c-de9c39ef27a4","name":"TNLP034203","address":"Samoastraat 2","city":"Almere","operatorName":"TotalEnergies","maxPowerKw":14,"isMegawatt":false,"status":"AVAILABLE","source":"ndw"}},{"type":"Feature","geometry":{"type":"Point","coordinates":[5.25496,52.39341]},"properties":{"type":"charge","layer":"passenger","locationId":"2f196ce0-e917-4456-8c97-37cac896a81b","name":"PP004192 - Lieven de Keystraat 107, Almere","address":"107 Lieven de Keystraat","city":"Almere","operatorName":"TotalEnergies","maxPowerKw":13,"isMegawatt":false,"status":"AVAILABLE","source":"ndw"}},{"type":"Feature","geometry":{"type":"Point","coordinates":[5.255253,52.381615]},"properties":{"type":"charge","layer":"passenger","locationId":"f6fd555d-404a-46a2-859f-935858ee19c6","name":"TNLP009986 - Paulus Potterstraat 1, Almere","address":"1 Paulus Potterstraat","city":"Almere","operatorName":"TotalEnergies","maxPowerKw":13,"isMegawatt":false,"status":"AVAILABLE","source":"ndw"}},{"type":"Feature","geometry":{"type":"Point","coordinates":[5.326851,52.399654]},"properties":{"type":"charge","layer":"passenger","locationId":"05fd4220-9269-4b3b-b28f-4f184ba16c3c","name":"TNLP009659 - André Franquinweg 5, Almere","address":"5 André Franquinweg","city":"Almere","operatorName":"TotalEnergies","maxPowerKw":13,"isMegawatt":false,"status":"AVAILABLE","source":"ndw"}},{"type":"Feature","geometry":{"type":"Point","coordinates":[5.191519,52.36545]},"properties":{"type":"charge","layer":"passenger","locationId":"09354e20-a0bc-4c34-9b55-863b26975a47","name":"TNLP009505 - Bartokweg 89, Almere","address":"89 Bartokweg","city":"Almere","operatorName":"TotalEnergies","maxPowerKw":13,"isMegawatt":false,"status":"AVAILABLE","source":"ndw"}},{"type":"Feature","geometry":{"type":"Point","coordinates":[5.234722,52.337887]},"properties":{"type":"charge","layer":"passenger","locationId":"0add04aa-c188-48e9-945d-335c4d6895ae","name":"TNLP009776 - Kolkgriend 55, Almere","address":"55 Kolkgriend","city":"Almere","operatorName":"TotalEnergies","maxPowerKw":13,"isMegawatt":false,"status":"AVAILABLE","source":"ndw"}},{"type":"Feature","geometry":{"type":"Point","coordinates":[5.243668,52.406396]},"properties":{"type":"charge","layer":"passenger","locationId":"6638bacad24ffc001cc50615","name":"Knipscheer Almere (R)","address":"Damsluisweg 35","city":"Almere","operatorName":"E-Flux by Road","maxPowerKw":22,"isMegawatt":false,"status":"AVAILABLE","source":"ndw","priceKwh":0.53}},{"type":"Feature","geometry":{"type":"Point","coordinates":[5.253865,52.371006]},"properties":{"type":"charge","layer":"passenger","locationId":"f889acd2-aa59-4c8d-ba5a-e138cde8486b","name":"TNLP006247 - Parkwijklaan 193, Almere","address":"193 Parkwijklaan","city":"Almere","operatorName":"TotalEnergies","maxPowerKw":13,"isMegawatt":false,"status":"AVAILABLE","source":"ndw"}},{"type":"Feature","geometry":{"type":"Point","coordinates":[5.28227,52.40293]},"properties":{"type":"charge","layer":"passenger","locationId":"c9267543-b107-42c7-8231-6d9c8a6fbd51","name":"TNLP006010 - Herfststraat 19, Almere","address":"19 Herfststraat","city":"Almere","operatorName":"TotalEnergies","maxPowerKw":13,"isMegawatt":false,"status":"AVAILABLE","source":"ndw"}},{"type":"Feature","geometry":{"type":"Point","coordinates":[5.255414,52.37816]},"properties":{"type":"charge","layer":"passenger","locationId":"d1f86cf5-ab21-4dc7-b3f2-f0f57a2c925d","name":"TNLP005952 - Therese Schwartzesstraat 14, Almere","address":"14 Therese Schwartzesstraat","city":"Almere","operatorName":"TotalEnergies","maxPowerKw":15,"isMegawatt":false,"status":"AVAILABLE","source":"ndw"}},{"type":"Feature","geometry":{"type":"Point","coordinates":[5.191389,52.36652]},"properties":{"type":"charge","layer":"passenger","locationId":"d3403d6c-7bc2-4b9d-b979-d9f6636dd0d2","name":"TNLP009459 - Messiaenplantsoen 104 B, Almere","address":"104 B Messiaenplantsoen","city":"Almere","operatorName":"TotalEnergies","maxPowerKw":15,"isMegawatt":false,"status":"AVAILABLE","source":"ndw"}},{"type":"Feature","geometry":{"type":"Point","coordinates":[5.320177,52.399376]},"properties":{"type":"charge","layer":"passenger","locationId":"3b058e7d-a016-4a0f-87b2-db27f0a0fd73","name":"TNLP006870 - Henk Sprengerweg 54, Almere","address":"54 Henk Sprengerweg","city":"Almere","operatorName":"TotalEnergies","maxPowerKw":15,"isMegawatt":false,"status":"AVAILABLE","source":"ndw"}},{"type":"Feature","geometry":{"type":"Point","coordinates":[5.24378,52.35832]},"properties":{"type":"charge","layer":"passenger","locationId":"0c43c618-ddf6-4c2c-b977-9e39636a4ba0","name":"PP001748 - Jim Hensonstraat 48, Almere","address":"48 Jim Hensonstraat","city":"Almere","operatorName":"TotalEnergies","maxPowerKw":11,"isMegawatt":false,"status":"CHARGING","source":"ndw"}},{"type":"Feature","geometry":{"type":"Point","coordinates":[5.280167,52.355686]},"properties":{"type":"charge","layer":"passenger","locationId":"481ee2e6-50ce-48b7-8b08-2ee6078aab7d","name":"TNLP009407 - Nobelstraat 51, Almere","address":"51 Nobelstraat","city":"Almere","operatorName":"TotalEnergies","maxPowerKw":13,"isMegawatt":false,"status":"AVAILABLE","source":"ndw"}},{"type":"Feature","geometry":{"type":"Point","coordinates":[5.176663,52.351044]},"properties":{"type":"charge","layer":"passenger","locationId":"520bc883dea045e19d0565d61075d900","name":"Breedveld & Schröder  DC lader","address":"Katernstraat 11","city":"Almere","operatorName":"The Solar Charging Company","maxPowerKw":50,"isMegawatt":false,"status":"AVAILABLE","source":"ndw","priceKwh":0.62}},{"type":"Feature","geometry":{"type":"Point","coordinates":[5.238838,52.38708]},"properties":{"type":"charge","layer":"passenger","locationId":"57198a1f-f57a-44df-8895-5206075e2ff7","name":"TNLP006969 - Kreeftstraat 27, Almere","address":"27 Kreeftstraat","city":"Almere","operatorName":"TotalEnergies","maxPowerKw":13,"isMegawatt":false,"status":"AVAILABLE","source":"ndw"}},{"type":"Feature","geometry":{"type":"Point","coordinates":[5.317629,52.402763]},"properties":{"type":"charge","layer":"passenger","locationId":"6a3f9303-fe83-4b3c-a197-ab834404b81a","name":"TNLP008069 - Kick Wilstraplantsoen 4, Almere","address":"4 Kick Wilstraplantsoen","city":"Almere","operatorName":"TotalEnergies","maxPowerKw":15,"isMegawatt":false,"status":"AVAILABLE","source":"ndw"}},{"type":"Feature","geometry":{"type":"Point","coordinates":[5.214055,52.3787]},"properties":{"type":"charge","layer":"passenger","locationId":"6b00cc81-730f-479b-9d3f-1ecbc22f41b9","name":"TNLP015336 - W. Schermerhornpad 27, Almere","address":"27 W. Schermerhornpad","city":"Almere","operatorName":"TotalEnergies","maxPowerKw":13,"isMegawatt":false,"status":"CHARGING","source":"ndw"}},{"type":"Feature","geometry":{"type":"Point","coordinates":[5.307726,52.40547]},"properties":{"type":"charge","layer":"passenger","locationId":"6b376303-6cae-4f7e-8eaa-bf6bc0b74280","name":"TNLP006015 - Songketstraat 11, Almere","address":"11 Songketstraat","city":"Almere","operatorName":"TotalEnergies","maxPowerKw":13,"isMegawatt":false,"status":"AVAILABLE","source":"ndw"}},{"type":"Feature","geometry":{"type":"Point","coordinates":[5.142568,52.34354]},"properties":{"type":"charge","layer":"passenger","locationId":"f795728d-bf95-48b1-840b-a08162e4a92b","name":"PP005323 - Duinbeekstraat 25, Almere","address":"25 Duinbeekstraat","city":"Almere","operatorName":"TotalEnergies","maxPowerKw":13,"isMegawatt":false,"status":"UNAVAILABLE","source":"ndw"}},{"type":"Feature","geometry":{"type":"Point","coordinates":[5.264718,52.38726]},"properties":{"type":"charge","layer":"passenger","locationId":"9e7af690-2924-4b93-9c46-26bf0d61cad7","name":"TNLP008184 - De Nevelhorststraat 18, Almere","address":"18 De Nevelhorststraat","city":"Almere","operatorName":"TotalEnergies","maxPowerKw":15,"isMegawatt":false,"status":"AVAILABLE","source":"ndw"}},{"type":"Feature","geometry":{"type":"Point","coordinates":[5.2011753,52.3668496]},"properties":{"type":"charge","layer":"passenger","locationId":"1757","name":"Shell Recharge NL Händelstraat 35","address":"Händelstraat 35","city":"Almere","operatorName":"Ubitricity","maxPowerKw":22,"isMegawatt":false,"status":"AVAILABLE","source":"ndw","priceKwh":0.266}},{"type":"Feature","geometry":{"type":"Point","coordinates":[5.260367,52.37625]},"properties":{"type":"charge","layer":"passenger","locationId":"5dcce38d-58f5-4a6e-966a-3e9cfc5f2a8b","name":"TNLP006276 - Herman Kruyderstraat 132, Almere","address":"132 Herman Kruyderstraat","city":"Almere","operatorName":"TotalEnergies","maxPowerKw":13,"isMegawatt":false,"status":"CHARGING","source":"ndw"}},{"type":"Feature","geometry":{"type":"Point","coordinates":[5.197433,52.366436]},"properties":{"type":"charge","layer":"passenger","locationId":"NLLOC001346","name":"NLD, Almere, Bizetstraat 23","address":"Bizetstraat 23","city":"Almere","operatorName":"Allego","maxPowerKw":11,"isMegawatt":false,"status":"AVAILABLE","source":"ndw","priceKwh":0.511}},{"type":"Feature","geometry":{"type":"Point","coordinates":[5.215838,52.377163]},"properties":{"type":"charge","layer":"passenger","locationId":"4dc32719-cab8-44f8-97e8-efac78a929f9","name":"TNLP015190 - S. van Houtenweg 101, Almere","address":"101 S. van Houtenweg","city":"Almere","operatorName":"TotalEnergies","maxPowerKw":17,"isMegawatt":false,"status":"CHARGING","source":"ndw"}},{"type":"Feature","geometry":{"type":"Point","coordinates":[5.282462,52.360973]},"properties":{"type":"charge","layer":"passenger","locationId":"5cf10624-0cae-47ee-a377-8b3c248fc3d1","name":"Laadplein - PP005131 - Jean Perrinstraat 11, Almere","address":"11 Jean Perrinstraat","city":"Almere","operatorName":"TotalEnergies","maxPowerKw":15,"isMegawatt":false,"status":"AVAILABLE","source":"ndw"}},{"type":"Feature","geometry":{"type":"Point","coordinates":[5.251824,52.379547]},"properties":{"type":"charge","layer":"passenger","locationId":"95a0d9de-5b8e-48c2-896c-57a895f61929","name":"TNLP007039 - Johan Jongkindstraat 43, Almere","address":"43 Johan Jongkindstraat","city":"Almere","operatorName":"TotalEnergies","maxPowerKw":15,"isMegawatt":false,"status":"AVAILABLE","source":"ndw"}},{"type":"Feature","geometry":{"type":"Point","coordinates":[5.293132,52.397144]},"properties":{"type":"charge","layer":"passenger","locationId":"960371e2-1818-44be-a0ed-9d65fcd9b216","name":"TNLP008779 - Siennastraat 5, Almere","address":"5 Siennastraat","city":"Almere","operatorName":"TotalEnergies","maxPowerKw":14,"isMegawatt":false,"status":"AVAILABLE","source":"ndw"}},{"type":"Feature","geometry":{"type":"Point","coordinates":[5.197066,52.383624]},"properties":{"type":"charge","layer":"passenger","locationId":"1eb854c7-d1f3-4f7c-909e-6a8ff50a72e2","name":"TNLP015271","address":"Gipskruidweg 135","city":"Almere","operatorName":"TotalEnergies","maxPowerKw":17,"isMegawatt":false,"status":"AVAILABLE","source":"ndw"}},{"type":"Feature","geometry":{"type":"Point","coordinates":[5.184197,52.377018]},"properties":{"type":"charge","layer":"passenger","locationId":"6c0d7ddf-84ea-4d12-bdf8-1d65308c04d6","name":"TNLP008146 - Preludeweg 50, Almere","address":"50 Preludeweg","city":"Almere","operatorName":"TotalEnergies","maxPowerKw":13,"isMegawatt":false,"status":"AVAILABLE","source":"ndw"}},{"type":"Feature","geometry":{"type":"Point","coordinates":[5.157665,52.34374]},"properties":{"type":"charge","layer":"passenger","locationId":"64f921d902a20d5a10c59332feb49093","name":"Griekenlandkade 32","address":"Griekenlandkade 32","city":"Almere","operatorName":"Vattenfall InCharge","maxPowerKw":11,"isMegawatt":false,"status":"AVAILABLE","source":"ndw"}},{"type":"Feature","geometry":{"type":"Point","coordinates":[5.21843,52.33265]},"properties":{"type":"charge","layer":"passenger","locationId":"7028518e-20d0-4c45-b6c7-ef1c9ed36b95","name":"TNLP008285 - Havenhoofd 104, Almere","address":"104 Havenhoofd","city":"Almere","operatorName":"TotalEnergies","maxPowerKw":13,"isMegawatt":false,"status":"AVAILABLE","source":"ndw"}},{"type":"Feature","geometry":{"type":"Point","coordinates":[5.206161,52.380387]},"properties":{"type":"charge","layer":"passenger","locationId":"9109d5f3-be25-4d14-937e-c7f97028cd5b","name":"TNLP034149","address":"Basilicumweg 98","city":"Almere","operatorName":"TotalEnergies","maxPowerKw":14,"isMegawatt":false,"status":"CHARGING","source":"ndw"}},{"type":"Feature","geometry":{"type":"Point","coordinates":[5.151104,52.34133]},"properties":{"type":"charge","layer":"passenger","locationId":"ce53ea8b-8c24-4270-b6a3-241d27a5247e","name":"TNLP006736 - Jacques Lebrunstraat 38, Almere","address":"38 Jacques Lebrunstraat","city":"Almere","operatorName":"TotalEnergies","maxPowerKw":13,"isMegawatt":false,"status":"AVAILABLE","source":"ndw"}},{"type":"Feature","geometry":{"type":"Point","coordinates":[5.282413,52.35917]},"properties":{"type":"charge","layer":"passenger","locationId":"d4c8c5f3-d8fd-42a6-ba81-d75936a8acad","name":"TNLP007312 - Marie Curielaan 73, Almere","address":"73 Marie Curielaan","city":"Almere","operatorName":"TotalEnergies","maxPowerKw":13,"isMegawatt":false,"status":"AVAILABLE","source":"ndw"}},{"type":"Feature","geometry":{"type":"Point","coordinates":[5.211177,52.340663]},"properties":{"type":"charge","layer":"passenger","locationId":"696e16f231763c956cb02a91","name":"Complex de Uithof","address":"Uithof 101","city":"ALmere","operatorName":"E-Flux by Road","maxPowerKw":22,"isMegawatt":false,"status":"AVAILABLE","source":"ndw","priceKwh":0.53}},{"type":"Feature","geometry":{"type":"Point","coordinates":[5.235538,52.369904]},"properties":{"type":"charge","layer":"passenger","locationId":"f4594458-bce6-41df-a579-7f34f53ec2d7","name":"TNLP009293 - James Deanhof 15, Almere","address":"15 James Deanhof","city":"Almere","operatorName":"TotalEnergies","maxPowerKw":13,"isMegawatt":false,"status":"AVAILABLE","source":"ndw"}},{"type":"Feature","geometry":{"type":"Point","coordinates":[5.224729,52.401689]},"properties":{"type":"charge","layer":"passenger","locationId":"67504c1bfb0aab35721274f8","name":"Camping Waterhout station 2","address":"Trekvogelweg  10","city":"Almere","operatorName":"Lanova Laadpalen","maxPowerKw":11,"isMegawatt":false,"status":"AVAILABLE","source":"ndw","priceKwh":0.44}},{"type":"Feature","geometry":{"type":"Point","coordinates":[5.222005,52.380173]},"properties":{"type":"charge","layer":"passenger","locationId":"8e0ab46e-6dc4-433e-8108-3d922d400a91","name":"PP005244 - Churchillweg 3, Almere","address":"3 Churchillweg","city":"Almere","operatorName":"TotalEnergies","maxPowerKw":15,"isMegawatt":false,"status":"AVAILABLE","source":"ndw"}},{"type":"Feature","geometry":{"type":"Point","coordinates":[5.274707,52.38204]},"properties":{"type":"charge","layer":"passenger","locationId":"b6d96e11-e5c2-4c0d-8dd6-2e7daf658d9c","name":"TNLP009310 - Zijderupsstraat 32, Almere","address":"32 Zijderupsstraat","city":"Almere","operatorName":"TotalEnergies","maxPowerKw":15,"isMegawatt":false,"status":"AVAILABLE","source":"ndw"}},{"type":"Feature","geometry":{"type":"Point","coordinates":[5.2399,52.36736]},"properties":{"type":"charge","layer":"passenger","locationId":"f507ed9a-2f35-47da-a9c2-540a78ef4acf","name":"PP002557 - Simon van Collemstraat 14, Almere","address":"14 Simon van Collemstraat","city":"Almere","operatorName":"TotalEnergies","maxPowerKw":13,"isMegawatt":false,"status":"AVAILABLE","source":"ndw"}},{"type":"Feature","geometry":{"type":"Point","coordinates":[5.179607,52.371178]},"properties":{"type":"charge","layer":"passenger","locationId":"92092923-1e9b-4fdc-8f36-bd020a2362ea","name":"TNLP005695 - Wim Sonneveldstraat 37, Almere","address":"37 Wim Sonneveldstraat","city":"Almere","operatorName":"TotalEnergies","maxPowerKw":15,"isMegawatt":false,"status":"CHARGING","source":"ndw"}},{"type":"Feature","geometry":{"type":"Point","coordinates":[5.264828,52.368454]},"properties":{"type":"charge","layer":"passenger","locationId":"8423c246-a9b3-4536-b326-2fad4d82920a","name":"Laadplein - TNLP005967 - Monetstraat 41, Almere","address":"41 Monetstraat","city":"Almere","operatorName":"TotalEnergies","maxPowerKw":15,"isMegawatt":false,"status":"AVAILABLE","source":"ndw"}},{"type":"Feature","geometry":{"type":"Point","coordinates":[5.27466,52.3881]},"properties":{"type":"charge","layer":"passenger","locationId":"065b8d5d-a68d-43cb-8546-a869efdcf3c5","name":"TNLP005762 - Poemaweg 3, Almere","address":"3 Poemaweg","city":"Almere","operatorName":"TotalEnergies","maxPowerKw":13,"isMegawatt":false,"status":"AVAILABLE","source":"ndw"}},{"type":"Feature","geometry":{"type":"Point","coordinates":[5.289968,52.404453]},"properties":{"type":"charge","layer":"passenger","locationId":"3521b3f3-bef0-4752-9cfd-c86c7eb728ce","name":"TNLP006702 - Jarenweg 1, Almere","address":"1 Jarenweg","city":"Almere","operatorName":"TotalEnergies","maxPowerKw":13,"isMegawatt":false,"status":"AVAILABLE","source":"ndw"}},{"type":"Feature","geometry":{"type":"Point","coordinates":[5.15053,52.34481]},"properties":{"type":"charge","layer":"passenger","locationId":"0d75d3ca41c9acfc61801f853c6fa77f","name":"Frankrijkkade 134","address":"Frankrijkkade 134","city":"Almere","operatorName":"Vattenfall InCharge","maxPowerKw":11,"isMegawatt":false,"status":"AVAILABLE","source":"ndw"}},{"type":"Feature","geometry":{"type":"Point","coordinates":[5.209741,52.37356]},"properties":{"type":"charge","layer":"passenger","locationId":"3fb53d96-e730-44a2-8917-6ce84ecf1521","name":"PP002048 - Dokkumlaan 50, Almere","address":"50 Dokkumlaan","city":"Almere","operatorName":"TotalEnergies","maxPowerKw":11,"isMegawatt":false,"status":"AVAILABLE","source":"ndw"}},{"type":"Feature","geometry":{"type":"Point","coordinates":[5.224999,52.335552]},"properties":{"type":"charge","layer":"passenger","locationId":"6547c76e-34b7-425d-9aee-e9053d252029","name":"TNLP015465 - Goedewerf 2, Almere","address":"2 Goedewerf","city":"Almere","operatorName":"TotalEnergies","maxPowerKw":13,"isMegawatt":false,"status":"CHARGING","source":"ndw"}},{"type":"Feature","geometry":{"type":"Point","coordinates":[5.175575,52.36918]},"properties":{"type":"charge","layer":"passenger","locationId":"4d95c50c3754e2dd892e856dd19d8a20","name":"Glenn Millerweg 147","address":"Glenn Millerweg 147","city":"Almere","operatorName":"Vattenfall InCharge","maxPowerKw":11,"isMegawatt":false,"status":"AVAILABLE","source":"ndw"}},{"type":"Feature","geometry":{"type":"Point","coordinates":[5.23923,52.3778]},"properties":{"type":"charge","layer":"passenger","locationId":"418","name":"Shell Recharge NL Gustaaf Gelderstraat 6","address":"Gustaaf Gelderstraat 6","city":"Almere","operatorName":"Ubitricity","maxPowerKw":11,"isMegawatt":false,"status":"AVAILABLE","source":"ndw","priceKwh":0.388}},{"type":"Feature","geometry":{"type":"Point","coordinates":[5.210893,52.37017]},"properties":{"type":"charge","layer":"passenger","locationId":"55c88f40-8a12-44ef-924b-c3c7bfc4c1a2","name":"TNLP008042 - Steenwijkstraat 34, Almere","address":"34 Steenwijkstraat","city":"Almere","operatorName":"TotalEnergies","maxPowerKw":13,"isMegawatt":false,"status":"AVAILABLE","source":"ndw"}},{"type":"Feature","geometry":{"type":"Point","coordinates":[5.175899,52.358785]},"properties":{"type":"charge","layer":"passenger","locationId":"1502","name":"Shell Recharge NL Geerten Gossaertpad 61","address":"Geerten Gossaertpad 61","city":"Almere","operatorName":"Ubitricity","maxPowerKw":11,"isMegawatt":false,"status":"AVAILABLE","source":"ndw","priceKwh":0.388}},{"type":"Feature","geometry":{"type":"Point","coordinates":[5.176609,52.381895]},"properties":{"type":"charge","layer":"passenger","locationId":"95ba2c349a4e6df2c828e3e3378befdf","name":"Bootshaak 1","address":"Bootshaak 1","city":"Almere","operatorName":"Vattenfall InCharge","maxPowerKw":11,"isMegawatt":false,"status":"AVAILABLE","source":"ndw"}},{"type":"Feature","geometry":{"type":"Point","coordinates":[5.1542824,52.3563863]},"properties":{"type":"charge","layer":"passenger","locationId":"2008","name":"Shell Recharge NL Polluxstraat 1","address":"Polluxstraat 1","city":"Almere","operatorName":"Ubitricity","maxPowerKw":22,"isMegawatt":false,"status":"AVAILABLE","source":"ndw","priceKwh":0.266}},{"type":"Feature","geometry":{"type":"Point","coordinates":[5.228523,52.33947]},"properties":{"type":"charge","layer":"passenger","locationId":"44031ed4-b51a-429f-955b-f71ffe8db205","name":"TNLP007955 - Sportpark De Marken 8, Almere","address":"8 Sportpark De Marken","city":"Almere","operatorName":"TotalEnergies","maxPowerKw":15,"isMegawatt":false,"status":"AVAILABLE","source":"ndw"}},{"type":"Feature","geometry":{"type":"Point","coordinates":[5.146235,52.358307]},"properties":{"type":"charge","layer":"passenger","locationId":"e03dd451-99d5-4f22-96d7-59d8c4760332","name":"TNLP007662 - Eponastraat 6, Almere","address":"6 Eponastraat","city":"Almere","operatorName":"TotalEnergies","maxPowerKw":13,"isMegawatt":false,"status":"AVAILABLE","source":"ndw"}},{"type":"Feature","geometry":{"type":"Point","coordinates":[5.250942,52.3803]},"properties":{"type":"charge","layer":"passenger","locationId":"cb9b591f-d31a-440f-9a21-fd99bbb4ed66","name":"TNLP006215 - Johan Jongkindstraat 10, Almere","address":"10 Johan Jongkindstraat","city":"Almere","operatorName":"TotalEnergies","maxPowerKw":13,"isMegawatt":false,"status":"AVAILABLE","source":"ndw"}},{"type":"Feature","geometry":{"type":"Point","coordinates":[5.207198,52.363678]},"properties":{"type":"charge","layer":"passenger","locationId":"3052935e-531c-4409-8bb1-b4ac0afee239","name":"TNLP015339 - Apeldoornstraat 7, Almere","address":"7 Apeldoornstraat","city":"Almere","operatorName":"TotalEnergies","maxPowerKw":13,"isMegawatt":false,"status":"CHARGING","source":"ndw"}},{"type":"Feature","geometry":{"type":"Point","coordinates":[5.208766,52.33809]},"properties":{"type":"charge","layer":"passenger","locationId":"4b78be7a-ede9-4cdc-a630-87f822dc8063","name":"TNLP034621","address":"Oldewierde 117","city":"Almere","operatorName":"TotalEnergies","maxPowerKw":14,"isMegawatt":false,"status":"AVAILABLE","source":"ndw"}},{"type":"Feature","geometry":{"type":"Point","coordinates":[5.194645,52.3374]},"properties":{"type":"charge","layer":"passenger","locationId":"849492d02b77461cc6078981afa2b8d5","name":"Blikveldweg 32","address":"Blikveldweg 32","city":"Almere","operatorName":"Vattenfall InCharge","maxPowerKw":11,"isMegawatt":false,"status":"AVAILABLE","source":"ndw"}},{"type":"Feature","geometry":{"type":"Point","coordinates":[5.2001543,52.3442391]},"properties":{"type":"charge","layer":"passenger","locationId":"1914","name":"Shell Recharge NL Esselaar 90","address":"Esselaar 90","city":"Almere","operatorName":"Ubitricity","maxPowerKw":22,"isMegawatt":false,"status":"AVAILABLE","source":"ndw","priceKwh":0.266}},{"type":"Feature","geometry":{"type":"Point","coordinates":[5.268787,52.37242]},"properties":{"type":"charge","layer":"passenger","locationId":"64f9e07a6b42d1001ca20730","name":"Raymon's station","address":"Rafaelstraat 15","city":"Almere","operatorName":"E-Flux by Road","maxPowerKw":11,"isMegawatt":false,"status":"AVAILABLE","source":"ndw","priceKwh":0.33}},{"type":"Feature","geometry":{"type":"Point","coordinates":[5.26927,52.37398]},"properties":{"type":"charge","layer":"passenger","locationId":"581","name":"Shell Recharge NL Chagallweg 43","address":"Chagallweg 43","city":"Almere","operatorName":"Ubitricity","maxPowerKw":11,"isMegawatt":false,"status":"AVAILABLE","source":"ndw","priceKwh":0.388}},{"type":"Feature","geometry":{"type":"Point","coordinates":[5.185331,52.367017]},"properties":{"type":"charge","layer":"passenger","locationId":"9e48037a-459b-4591-aa01-f44aead7451b","name":"TNLP034673","address":"Duke Ellingtonstraat 12","city":"Almere","operatorName":"TotalEnergies","maxPowerKw":14,"isMegawatt":false,"status":"AVAILABLE","source":"ndw"}},{"type":"Feature","geometry":{"type":"Point","coordinates":[5.177853,52.35982]},"properties":{"type":"charge","layer":"passenger","locationId":"23d66ccb-3efc-4674-b830-24453a08ddb1","name":"TNLP015005 - Jacob van Maerlantstraat 7, Almere","address":"7 Jacob van Maerlantstraat","city":"Almere","operatorName":"TotalEnergies","maxPowerKw":13,"isMegawatt":false,"status":"AVAILABLE","source":"ndw"}},{"type":"Feature","geometry":{"type":"Point","coordinates":[5.177396,52.3555]},"properties":{"type":"charge","layer":"passenger","locationId":"643bbc1e-c87a-4cf4-a5a2-d2a746a1ca7e","name":"TNLP007820 - J.J. Slauerhoffstraat 149, Almere","address":"149 J.J. Slauerhoffstraat","city":"Almere","operatorName":"TotalEnergies","maxPowerKw":13,"isMegawatt":false,"status":"AVAILABLE","source":"ndw"}},{"type":"Feature","geometry":{"type":"Point","coordinates":[5.320227,52.399335]},"properties":{"type":"charge","layer":"passenger","locationId":"b69e8bfbf7c8c05bbf08ee493587e820","name":"Henk Sprengerweg 54","address":"Henk Sprengerweg 54","city":"Almere","operatorName":"Vattenfall InCharge","maxPowerKw":11,"isMegawatt":false,"status":"AVAILABLE","source":"ndw"}},{"type":"Feature","geometry":{"type":"Point","coordinates":[5.216548,52.347669]},"properties":{"type":"charge","layer":"passenger","locationId":"bc56fca3-1574-4fa9-bd47-d4188f6d2010","name":"TNLP015214","address":"Lindengouw 59","city":"Almere","operatorName":"TotalEnergies","maxPowerKw":17,"isMegawatt":false,"status":"AVAILABLE","source":"ndw"}},{"type":"Feature","geometry":{"type":"Point","coordinates":[5.186464,52.361225]},"properties":{"type":"charge","layer":"passenger","locationId":"2a808413-ab52-4bf5-b7f4-256311bf65fc","name":"TNLP006635 - Couperusweg 23, Almere","address":"23 Couperusweg","city":"Almere","operatorName":"TotalEnergies","maxPowerKw":13,"isMegawatt":false,"status":"CHARGING","source":"ndw"}},{"type":"Feature","geometry":{"type":"Point","coordinates":[5.222111,52.349457]},"properties":{"type":"charge","layer":"passenger","locationId":"355d3fb6-856e-44dc-b9c2-43c2ffc76dd5","name":"TNLP009408 - De Steiger 47, Almere","address":"47 De Steiger","city":"Almere","operatorName":"TotalEnergies","maxPowerKw":15,"isMegawatt":false,"status":"AVAILABLE","source":"ndw"}},{"type":"Feature","geometry":{"type":"Point","coordinates":[5.20759,52.336845]},"properties":{"type":"charge","layer":"passenger","locationId":"a3786a9d-2094-4aaa-8bfa-59a7e47a81fa","name":"TNLP034218","address":"Kimwierde 426","city":"Almere","operatorName":"TotalEnergies","maxPowerKw":14,"isMegawatt":false,"status":"AVAILABLE","source":"ndw"}},{"type":"Feature","geometry":{"type":"Point","coordinates":[5.307193,52.395558]},"properties":{"type":"charge","layer":"passenger","locationId":"651a8ae7fd813e0020c13a23","name":"Alain Dikken's station","address":"Arubapier 14","city":"Almere","operatorName":"E-Flux by Road","maxPowerKw":11,"isMegawatt":false,"status":"AVAILABLE","source":"ndw","priceKwh":0.38}},{"type":"Feature","geometry":{"type":"Point","coordinates":[5.254174,52.361435]},"properties":{"type":"charge","layer":"passenger","locationId":"1cde0522-fa5f-483c-aee1-2053b5642da8","name":"TNLP006882 - Galopstraat 5, Almere","address":"5 Galopstraat","city":"Almere","operatorName":"TotalEnergies","maxPowerKw":13,"isMegawatt":false,"status":"AVAILABLE","source":"ndw"}},{"type":"Feature","geometry":{"type":"Point","coordinates":[5.30479,52.368072]},"properties":{"type":"charge","layer":"passenger","locationId":"697ca32dd9bc1203cf9df444","name":"Almere / Carl Jungstraat 18 / Willem Albert Pad 148","address":"Carl Jungstraat  18","city":"Almere","operatorName":"E-Flux by Road","maxPowerKw":14,"isMegawatt":false,"status":"AVAILABLE","source":"ndw","priceKwh":0.5217}},{"type":"Feature","geometry":{"type":"Point","coordinates":[5.30641,52.39597]},"properties":{"type":"charge","layer":"passenger","locationId":"f211d77a-d687-4ee9-8588-efc513c95af6","name":"PP001649 - Tasmaniëstraat 83, Almere","address":"83 Tasmaniëstraat","city":"Almere","operatorName":"TotalEnergies","maxPowerKw":11,"isMegawatt":false,"status":"AVAILABLE","source":"ndw"}},{"type":"Feature","geometry":{"type":"Point","coordinates":[5.173814,52.366619]},"properties":{"type":"charge","layer":"passenger","locationId":"cc9453e7-d951-4f8a-8f71-143f02eae1ac","name":"TNLP034109","address":"Jacques Brelweg 10","city":"Almere","operatorName":"TotalEnergies","maxPowerKw":14,"isMegawatt":false,"status":"AVAILABLE","source":"ndw"}},{"type":"Feature","geometry":{"type":"Point","coordinates":[5.138418,52.343502]},"properties":{"type":"charge","layer":"passenger","locationId":"297ee4a1-d897-4dc5-8981-15c3e50018aa","name":"TNLP007899 - Sterduinstraat 18, Almere","address":"18 Sterduinstraat","city":"Almere","operatorName":"TotalEnergies","maxPowerKw":13,"isMegawatt":false,"status":"AVAILABLE","source":"ndw"}},{"type":"Feature","geometry":{"type":"Point","coordinates":[5.270338,52.390842]},"properties":{"type":"charge","layer":"passenger","locationId":"2fe07fb4-80b9-4cd9-9eec-7c2a67894657","name":"TNLP007525 - Springendallaan 109, Almere","address":"109 Springendallaan","city":"Almere","operatorName":"TotalEnergies","maxPowerKw":15,"isMegawatt":false,"status":"AVAILABLE","source":"ndw"}},{"type":"Feature","geometry":{"type":"Point","coordinates":[5.2665779,52.388365]},"properties":{"type":"charge","layer":"passenger","locationId":"948","name":"Shell Recharge NL Zuylesteinstraat 39","address":"Zuylesteinstraat 39","city":"Almere","operatorName":"Ubitricity","maxPowerKw":22,"isMegawatt":false,"status":"AVAILABLE","source":"ndw","priceKwh":0.266}},{"type":"Feature","geometry":{"type":"Point","coordinates":[5.295489,52.39648]},"properties":{"type":"charge","layer":"passenger","locationId":"1241bcab-3b1f-4b98-ac09-a9e4644351cb","name":"TNLP009265 - Okerstraat 43, Almere","address":"43 Okerstraat","city":"Almere","operatorName":"TotalEnergies","maxPowerKw":13,"isMegawatt":false,"status":"AVAILABLE","source":"ndw"}},{"type":"Feature","geometry":{"type":"Point","coordinates":[5.210882,52.34556]},"properties":{"type":"charge","layer":"passenger","locationId":"f5d9f6ee-a965-4170-9a9a-8a8a55f297e9","name":"TNLP006044 - Bosgouw 179, Almere","address":"179 Bosgouw","city":"Almere","operatorName":"TotalEnergies","maxPowerKw":13,"isMegawatt":false,"status":"AVAILABLE","source":"ndw"}},{"type":"Feature","geometry":{"type":"Point","coordinates":[5.236901,52.371136]},"properties":{"type":"charge","layer":"passenger","locationId":"5387898e-20e7-4aab-a3ae-824203721ac7","name":"TNLP006053 - Rex Harrisonstraat 18, Almere","address":"18 Rex Harrisonstraat","city":"Almere","operatorName":"TotalEnergies","maxPowerKw":13,"isMegawatt":false,"status":"AVAILABLE","source":"ndw"}},{"type":"Feature","geometry":{"type":"Point","coordinates":[5.222239,52.346996]},"properties":{"type":"charge","layer":"passenger","locationId":"7e20c330-de2b-408a-bb60-511152d74936","name":"TNLP007124 - De Steiger 223, Almere","address":"223 De Steiger","city":"Almere","operatorName":"TotalEnergies","maxPowerKw":13,"isMegawatt":false,"status":"AVAILABLE","source":"ndw"}},{"type":"Feature","geometry":{"type":"Point","coordinates":[5.202976,52.36661]},"properties":{"type":"charge","layer":"passenger","locationId":"90334f9d-8fb0-4127-b8b7-bf1aed399eb1","name":"TNLP008793 - Scarlattistraat 20, Almere","address":"20 Scarlattistraat","city":"Almere","operatorName":"TotalEnergies","maxPowerKw":13,"isMegawatt":false,"status":"AVAILABLE","source":"ndw"}},{"type":"Feature","geometry":{"type":"Point","coordinates":[5.31386,52.40363]},"properties":{"type":"charge","layer":"passenger","locationId":"99f155f3-1f8d-4582-961f-746331d6181e","name":"PP004295 - Flipjestraat 6-10, Almere","address":"6-10 Flipjestraat","city":"Almere","operatorName":"TotalEnergies","maxPowerKw":13,"isMegawatt":false,"status":"AVAILABLE","source":"ndw"}},{"type":"Feature","geometry":{"type":"Point","coordinates":[5.159537,52.354637]},"properties":{"type":"charge","layer":"passenger","locationId":"ecad42d8-f34f-415e-84cb-43b39978b5e8","name":"TNLP005882 - Arinnastraat 10, Almere","address":"10 Arinnastraat","city":"Almere","operatorName":"TotalEnergies","maxPowerKw":13,"isMegawatt":false,"status":"AVAILABLE","source":"ndw"}},{"type":"Feature","geometry":{"type":"Point","coordinates":[5.231718,52.332306]},"properties":{"type":"charge","layer":"passenger","locationId":"93338767-941b-47b4-8954-c9055805a1f1","name":"TNLP007112 - Dijkmeent 65, Almere","address":"65 Dijkmeent","city":"Almere","operatorName":"TotalEnergies","maxPowerKw":13,"isMegawatt":false,"status":"AVAILABLE","source":"ndw"}},{"type":"Feature","geometry":{"type":"Point","coordinates":[5.320994,52.406067]},"properties":{"type":"charge","layer":"passenger","locationId":"013faf9e-69bb-4d91-9319-d78c0bf5cc21","name":"TNLP007623 - Dick Bosstraat 169, Almere","address":"169 Dick Bosstraat","city":"Almere","operatorName":"TotalEnergies","maxPowerKw":13,"isMegawatt":false,"status":"AVAILABLE","source":"ndw"}},{"type":"Feature","geometry":{"type":"Point","coordinates":[5.288989,52.400185]},"properties":{"type":"charge","layer":"passenger","locationId":"be4c0761-a8de-40d0-ae2e-80c550f1bf39","name":"TNLP009664 - Junistraat 1, Almere","address":"1 Junistraat","city":"Almere","operatorName":"TotalEnergies","maxPowerKw":15,"isMegawatt":false,"status":"CHARGING","source":"ndw"}},{"type":"Feature","geometry":{"type":"Point","coordinates":[5.3138018,52.408382]},"properties":{"type":"charge","layer":"passenger","locationId":"1076","name":"Shell Recharge NL Doerianstraat 18","address":"Doerianstraat 18","city":"Almere","operatorName":"Ubitricity","maxPowerKw":22,"isMegawatt":false,"status":"CHARGING","source":"ndw","priceKwh":0.266}},{"type":"Feature","geometry":{"type":"Point","coordinates":[5.188986,52.35653]},"properties":{"type":"charge","layer":"passenger","locationId":"595114aa-ba70-4187-87ff-00666725fb8f","name":"TNLP015069 - Annie M.G. Schmidtweg 71, Almere","address":"71 Annie M.G. Schmidtweg","city":"Almere","operatorName":"TotalEnergies","maxPowerKw":13,"isMegawatt":false,"status":"AVAILABLE","source":"ndw"}},{"type":"Feature","geometry":{"type":"Point","coordinates":[5.29999,52.39826]},"properties":{"type":"charge","layer":"passenger","locationId":"171","name":"Shell Recharge NL Gran Canariastraat 40","address":"Gran Canariastraat 40","city":"Almere","operatorName":"Ubitricity","maxPowerKw":11,"isMegawatt":false,"status":"AVAILABLE","source":"ndw","priceKwh":0.388}},{"type":"Feature","geometry":{"type":"Point","coordinates":[5.290068,52.399067]},"properties":{"type":"charge","layer":"passenger","locationId":"83231587-522f-4f40-8143-4c785588b3dc","name":"TNLP009307 - Pontianakstraat 47, Almere","address":"47 Pontianakstraat","city":"Almere","operatorName":"TotalEnergies","maxPowerKw":13,"isMegawatt":false,"status":"AVAILABLE","source":"ndw"}},{"type":"Feature","geometry":{"type":"Point","coordinates":[5.210814,52.36072]},"properties":{"type":"charge","layer":"passenger","locationId":"ac387410-f9b1-4783-aa42-a65f2aef951b","name":"TNLP007152 - Maastrichtkwartier 64, Almere","address":"64 Maastrichtkwartier","city":"Almere","operatorName":"TotalEnergies","maxPowerKw":13,"isMegawatt":false,"status":"AVAILABLE","source":"ndw"}},{"type":"Feature","geometry":{"type":"Point","coordinates":[5.196862,52.3631044]},"properties":{"type":"charge","layer":"passenger","locationId":"2033","name":"Shell Recharge NL H. Andriessenweg 11","address":"H. Andriessenweg 11","city":"Almere","operatorName":"Ubitricity","maxPowerKw":22,"isMegawatt":false,"status":"AVAILABLE","source":"ndw","priceKwh":0.266}},{"type":"Feature","geometry":{"type":"Point","coordinates":[5.254519,52.364353]},"properties":{"type":"charge","layer":"passenger","locationId":"0acccb0e-6a4d-4ed6-b631-93f5e5be3eec","name":"TNLP006422 - Habanerastraat 57, Almere","address":"57 Habanerastraat","city":"Almere","operatorName":"TotalEnergies","maxPowerKw":13,"isMegawatt":false,"status":"AVAILABLE","source":"ndw"}},{"type":"Feature","geometry":{"type":"Point","coordinates":[5.22666,52.390352]},"properties":{"type":"charge","layer":"passenger","locationId":"11e455b5-6468-455e-a1a7-9e87af28c473","name":"TNLP034113","address":"Grote Brekkenstraat 77","city":"Almere","operatorName":"TotalEnergies","maxPowerKw":14,"isMegawatt":false,"status":"AVAILABLE","source":"ndw"}},{"type":"Feature","geometry":{"type":"Point","coordinates":[5.26379,52.364063]},"properties":{"type":"charge","layer":"passenger","locationId":"13a7560b-9bc8-479f-8935-e2e4fa801b00","name":"TNLP015456 - Adriana Nozemanstraat 85, Almere","address":"85 Adriana Nozemanstraat","city":"Almere","operatorName":"TotalEnergies","maxPowerKw":13,"isMegawatt":false,"status":"AVAILABLE","source":"ndw"}},{"type":"Feature","geometry":{"type":"Point","coordinates":[5.154287,52.358833]},"properties":{"type":"charge","layer":"passenger","locationId":"844b62dd-7092-4c31-a0be-f75c19fd0fc1","name":"TNLP015328 - Antigonestraat 12, Almere","address":"12 Antigonestraat","city":"Almere","operatorName":"TotalEnergies","maxPowerKw":13,"isMegawatt":false,"status":"UNAVAILABLE","source":"ndw"}},{"type":"Feature","geometry":{"type":"Point","coordinates":[5.25695,52.36619]},"properties":{"type":"charge","layer":"passenger","locationId":"9d1996bf-0305-4cae-8e3b-af44c21a5b74","name":"TNLP006188 - Danslaan 147, Almere","address":"147 Danslaan","city":"Almere","operatorName":"TotalEnergies","maxPowerKw":13,"isMegawatt":false,"status":"CHARGING","source":"ndw"}},{"type":"Feature","geometry":{"type":"Point","coordinates":[5.272543,52.368348]},"properties":{"type":"charge","layer":"passenger","locationId":"375","name":"Shell Recharge NL Michelangelostraat 189","address":"Michelangelostraat 189","city":"Almere","operatorName":"Ubitricity","maxPowerKw":11,"isMegawatt":false,"status":"AVAILABLE","source":"ndw","priceKwh":0.388}},{"type":"Feature","geometry":{"type":"Point","coordinates":[5.25952,52.400932]},"properties":{"type":"charge","layer":"passenger","locationId":"dee6f881-ec51-49ac-8c64-2344cd9cf965","name":"Laadplein - TNLP006842 - G.T. Rietveldstraat 170, Almere","address":"170 G.T. Rietveldstraat","city":"Almere","operatorName":"TotalEnergies","maxPowerKw":15,"isMegawatt":false,"status":"AVAILABLE","source":"ndw"}},{"type":"Feature","geometry":{"type":"Point","coordinates":[5.149407,52.34656]},"properties":{"type":"charge","layer":"passenger","locationId":"575a0c07-b428-4bc2-9531-64cc11e53e42","name":"TNLP006791 - Europalaan 826, Almere","address":"826 Europalaan","city":"Almere","operatorName":"TotalEnergies","maxPowerKw":13,"isMegawatt":false,"status":"UNAVAILABLE","source":"ndw"}},{"type":"Feature","geometry":{"type":"Point","coordinates":[5.271723,52.401505]},"properties":{"type":"charge","layer":"passenger","locationId":"0ece7bb2-851c-4379-9cd4-5385e5f6b520","name":"TNLP015013 - Spinnekopmolenstraat 12, Almere","address":"12 Spinnekopmolenstraat","city":"Almere","operatorName":"TotalEnergies","maxPowerKw":13,"isMegawatt":false,"status":"AVAILABLE","source":"ndw"}},{"type":"Feature","geometry":{"type":"Point","coordinates":[5.1538499,52.34193]},"properties":{"type":"charge","layer":"passenger","locationId":"2188","name":"Shell Recharge NL Winterspelenlaan 122","address":"Winterspelenlaan 122","city":"Almere","operatorName":"Ubitricity","maxPowerKw":22,"isMegawatt":false,"status":"AVAILABLE","source":"ndw","priceKwh":0.266}},{"type":"Feature","geometry":{"type":"Point","coordinates":[5.202099,52.342148]},"properties":{"type":"charge","layer":"passenger","locationId":"41adfd5c-4b58-4bdc-8894-1fcd23eda92b","name":"TNLP005732 - Meerveldplein 4, Almere","address":"4 Meerveldplein","city":"Almere","operatorName":"TotalEnergies","maxPowerKw":13,"isMegawatt":false,"status":"UNAVAILABLE","source":"ndw"}},{"type":"Feature","geometry":{"type":"Point","coordinates":[5.22389,52.38762]},"properties":{"type":"charge","layer":"passenger","locationId":"473","name":"Shell Recharge NL Ijsselmeerweg 41","address":"Ijsselmeerweg 41","city":"Almere","operatorName":"Ubitricity","maxPowerKw":11,"isMegawatt":false,"status":"AVAILABLE","source":"ndw","priceKwh":0.388}},{"type":"Feature","geometry":{"type":"Point","coordinates":[5.18643,52.37756]},"properties":{"type":"charge","layer":"passenger","locationId":"6de01689-b64e-4000-9cc9-c32f7abcbab1","name":"PP004345 - Preludeweg 29, Almere","address":"29 Preludeweg","city":"Almere","operatorName":"TotalEnergies","maxPowerKw":13,"isMegawatt":false,"status":"AVAILABLE","source":"ndw"}},{"type":"Feature","geometry":{"type":"Point","coordinates":[5.26096,52.3666]},"properties":{"type":"charge","layer":"passenger","locationId":"651","name":"Shell Recharge NL Jivestraat 33","address":"Jivestraat 33","city":"Almere","operatorName":"Ubitricity","maxPowerKw":11,"isMegawatt":false,"status":"AVAILABLE","source":"ndw","priceKwh":0.388}},{"type":"Feature","geometry":{"type":"Point","coordinates":[5.16919,52.34705]},"properties":{"type":"charge","layer":"passenger","locationId":"1675711","name":"Laadnet Veel Beter","address":"Elektronweg 4","city":"Almere","operatorName":"Laadnet","maxPowerKw":22,"isMegawatt":false,"status":"AVAILABLE","source":"ndw"}},{"type":"Feature","geometry":{"type":"Point","coordinates":[5.166199,52.35564]},"properties":{"type":"charge","layer":"passenger","locationId":"6981c65be1e07cf5647e5061","name":"Rodijk station","address":"Xenonstraat 156","city":"Almere","operatorName":"E-Flux by Road","maxPowerKw":22,"isMegawatt":false,"status":"AVAILABLE","source":"ndw","priceKwh":0.38}},{"type":"Feature","geometry":{"type":"Point","coordinates":[5.301557,52.390835]},"properties":{"type":"charge","layer":"passenger","locationId":"f0323b4a-cd78-4401-b495-19f891d1a596","name":"TNLP006641 - Pastelstraat 165, Almere","address":"165 Pastelstraat","city":"Almere","operatorName":"TotalEnergies","maxPowerKw":13,"isMegawatt":false,"status":"AVAILABLE","source":"ndw"}},{"type":"Feature","geometry":{"type":"Point","coordinates":[5.3077063,52.4010774]},"properties":{"type":"charge","layer":"passenger","locationId":"1296","name":"Shell Recharge NL Lofotenweg 65","address":"Lofotenweg 65","city":"Almere","operatorName":"Ubitricity","maxPowerKw":22,"isMegawatt":false,"status":"AVAILABLE","source":"ndw","priceKwh":0.266}},{"type":"Feature","geometry":{"type":"Point","coordinates":[5.215117,52.394196]},"properties":{"type":"charge","layer":"passenger","locationId":"2d4a7ec5-3ce3-4cf5-9035-7a93ecc717a0","name":"TNLP007168 - Noorderplassenweg 62, Almere","address":"62 Noorderplassenweg","city":"Almere","operatorName":"TotalEnergies","maxPowerKw":13,"isMegawatt":false,"status":"AVAILABLE","source":"ndw"}},{"type":"Feature","geometry":{"type":"Point","coordinates":[5.221591,52.376148]},"properties":{"type":"charge","layer":"passenger","locationId":"61f159b95b5d8c68f0abee7a","name":"Eurotoren Almere","address":"Landdrostdreef  124","city":"Almere","operatorName":"E-Flux by Road","maxPowerKw":11,"isMegawatt":false,"status":"UNAVAILABLE","source":"ndw","priceKwh":0.34}},{"type":"Feature","geometry":{"type":"Point","coordinates":[5.195583,52.365597]},"properties":{"type":"charge","layer":"passenger","locationId":"1473","name":"Shell Recharge NL Cesar Franckweg 34","address":"Cesar Franckweg 34","city":"Almere","operatorName":"Ubitricity","maxPowerKw":11,"isMegawatt":false,"status":"AVAILABLE","source":"ndw","priceKwh":0.388}},{"type":"Feature","geometry":{"type":"Point","coordinates":[5.1997,52.34402]},"properties":{"type":"charge","layer":"passenger","locationId":"A58941C2-4860-4D95-83B2-47CE4B9FAEBE","name":"Eneco eMobility Esselaar 35 Almere","address":"Esselaar 35","city":"Almere","operatorName":"Eneco","maxPowerKw":22,"isMegawatt":false,"status":"AVAILABLE","source":"ndw","priceKwh":0.32}},{"type":"Feature","geometry":{"type":"Point","coordinates":[5.293212,52.399916]},"properties":{"type":"charge","layer":"passenger","locationId":"3967142","name":"Laadnet Makassarweg 61","address":"Makassarweg 61","city":"Almere","operatorName":"Laadnet","maxPowerKw":22,"isMegawatt":false,"status":"AVAILABLE","source":"ndw"}},{"type":"Feature","geometry":{"type":"Point","coordinates":[5.191496,52.363723]},"properties":{"type":"charge","layer":"passenger","locationId":"4069f000-4702-42b1-aace-f2355037ae79","name":"TNLP015277","address":"Willem Pijperstraat 33","city":"Almere","operatorName":"TotalEnergies","maxPowerKw":17,"isMegawatt":false,"status":"AVAILABLE","source":"ndw"}},{"type":"Feature","geometry":{"type":"Point","coordinates":[5.197274,52.341572]},"properties":{"type":"charge","layer":"passenger","locationId":"4776b4be-a09d-4a84-82cf-c21aeef5472f","name":"TNLP015292","address":"Sprenglaar 78","city":"Almere","operatorName":"TotalEnergies","maxPowerKw":17,"isMegawatt":false,"status":"AVAILABLE","source":"ndw"}},{"type":"Feature","geometry":{"type":"Point","coordinates":[5.206111,52.361305]},"properties":{"type":"charge","layer":"passenger","locationId":"63c1fd79-141e-4bc9-b896-65e55a974a75","name":"TNLP007268 - Venraystraat 1, Almere","address":"1 Venraystraat","city":"Almere","operatorName":"TotalEnergies","maxPowerKw":13,"isMegawatt":false,"status":"AVAILABLE","source":"ndw"}},{"type":"Feature","geometry":{"type":"Point","coordinates":[5.29619,52.40237]},"properties":{"type":"charge","layer":"passenger","locationId":"661359fe-cafc-4294-8386-764500da5497","name":"PP001231 - Laan der V.O.C. 58, Almere","address":"58 Laan der V.O.C.","city":"Almere","operatorName":"TotalEnergies","maxPowerKw":11,"isMegawatt":false,"status":"AVAILABLE","source":"ndw"}},{"type":"Feature","geometry":{"type":"Point","coordinates":[5.258621,52.363922]},"properties":{"type":"charge","layer":"passenger","locationId":"0119ed9e-daa8-40de-8313-2ea475aa31a4","name":"PP005122 - Florrie Rodrigostraat 23, Almere","address":"23 Florrie Rodrigostraat","city":"Almere","operatorName":"TotalEnergies","maxPowerKw":13,"isMegawatt":false,"status":"AVAILABLE","source":"ndw"}},{"type":"Feature","geometry":{"type":"Point","coordinates":[5.261858,52.39745]},"properties":{"type":"charge","layer":"passenger","locationId":"6aaa13ba-bd6a-4257-9d84-65f78fba5356","name":"TNLP003598 - G.A. Overdijkinkstraat 24, Almere","address":"24 G.A. Overdijkinkstraat","city":"Almere","operatorName":"TotalEnergies","maxPowerKw":17,"isMegawatt":false,"status":"AVAILABLE","source":"ndw"}},{"type":"Feature","geometry":{"type":"Point","coordinates":[5.137297,52.354736]},"properties":{"type":"charge","layer":"passenger","locationId":"7290ce70-d487-4ff3-82c1-8cb4e544ee48","name":"TNLP006363 - Olivier van Noortstraat 4, Almere","address":"4 Olivier van Noortstraat","city":"Almere","operatorName":"TotalEnergies","maxPowerKw":13,"isMegawatt":false,"status":"AVAILABLE","source":"ndw"}},{"type":"Feature","geometry":{"type":"Point","coordinates":[5.25632,52.36726]},"properties":{"type":"charge","layer":"passenger","locationId":"870cf5668c0124ba31a1f642a18391e7","name":"Rumbastraat 71","address":"Rumbastraat 71","city":"Almere","operatorName":"Vattenfall InCharge","maxPowerKw":11,"isMegawatt":false,"status":"CHARGING","source":"ndw"}},{"type":"Feature","geometry":{"type":"Point","coordinates":[5.282621,52.386903]},"properties":{"type":"charge","layer":"passenger","locationId":"a4ce69fe-aae4-40c8-8211-80e10e608506","name":"Lupinestraat","address":"Lupinestraat 23","city":"Almere","operatorName":"Vattenfall InCharge","maxPowerKw":11,"isMegawatt":false,"status":"AVAILABLE","source":"ndw"}},{"type":"Feature","geometry":{"type":"Point","coordinates":[5.221397,52.383744]},"properties":{"type":"charge","layer":"passenger","locationId":"b96bfc6e-5cb7-4872-82e0-4e345f2b2f1a","name":"TNLP034248","address":"Waalstraat 75","city":"Almere","operatorName":"TotalEnergies","maxPowerKw":14,"isMegawatt":false,"status":"AVAILABLE","source":"ndw"}},{"type":"Feature","geometry":{"type":"Point","coordinates":[5.253483,52.36524]},"properties":{"type":"charge","layer":"passenger","locationId":"c14100dc-3b4f-48ff-9724-1949a62bc4b4","name":"TNLP034174","address":"Salsastraat 173","city":"Almere","operatorName":"TotalEnergies","maxPowerKw":14,"isMegawatt":false,"status":"AVAILABLE","source":"ndw"}},{"type":"Feature","geometry":{"type":"Point","coordinates":[5.146088,52.356869]},"properties":{"type":"charge","layer":"passenger","locationId":"cd4573b81963119eafe47fc85ddc8584","name":"Rosmertastraat 1","address":"Rosmertastraat 1","city":"Almere","operatorName":"Vattenfall InCharge","maxPowerKw":11,"isMegawatt":false,"status":"CHARGING","source":"ndw"}},{"type":"Feature","geometry":{"type":"Point","coordinates":[5.176897,52.369873]},"properties":{"type":"charge","layer":"passenger","locationId":"97c89736-2884-4dd6-9edf-5a5bb0388626","name":"TNLP006813 - Carusostraat 15, Almere","address":"15 Carusostraat","city":"Almere","operatorName":"TotalEnergies","maxPowerKw":15,"isMegawatt":false,"status":"AVAILABLE","source":"ndw"}},{"type":"Feature","geometry":{"type":"Point","coordinates":[5.25209,52.407986]},"properties":{"type":"charge","layer":"passenger","locationId":"7b0413ee-f997-4c49-bb4e-08c2d2abcb77","name":"TNLP007575 - Brugplein 11, Almere","address":"11 Brugplein","city":"Almere","operatorName":"TotalEnergies","maxPowerKw":15,"isMegawatt":false,"status":"AVAILABLE","source":"ndw"}},{"type":"Feature","geometry":{"type":"Point","coordinates":[5.268638,52.381752]},"properties":{"type":"charge","layer":"passenger","locationId":"65e087ccbb49f1001c2e57d5","name":"Nuith 's station","address":"Kameleonstraat  15","city":"Almere","operatorName":"E-Flux by Road","maxPowerKw":12,"isMegawatt":false,"status":"UNAVAILABLE","source":"ndw"}},{"type":"Feature","geometry":{"type":"Point","coordinates":[5.179966,52.37127]},"properties":{"type":"charge","layer":"passenger","locationId":"c3fce764-f8fd-47a4-a1b0-e6dc01e178b7","name":"EV Hub - Fien de la Marpad 38, Almere","address":"38 Fien de la Marpad","city":"Almere","operatorName":"TotalEnergies","maxPowerKw":50,"isMegawatt":false,"status":"AVAILABLE","source":"ndw"}},{"type":"Feature","geometry":{"type":"Point","coordinates":[5.225185,52.401463]},"properties":{"type":"charge","layer":"passenger","locationId":"67504a33cd805313cfb9487b","name":"Camping Waterhout station 1","address":"Trekvogelweg  10","city":"Almere","operatorName":"Lanova Laadpalen","maxPowerKw":11,"isMegawatt":false,"status":"AVAILABLE","source":"ndw","priceKwh":0.44}},{"type":"Feature","geometry":{"type":"Point","coordinates":[5.276661,52.40107]},"properties":{"type":"charge","layer":"passenger","locationId":"39517b9a-68e8-4484-a241-fd0f5145d4c4","name":"TNLP009514 - Watermolenstraat 80, Almere","address":"80 Watermolenstraat","city":"Almere","operatorName":"TotalEnergies","maxPowerKw":13,"isMegawatt":false,"status":"AVAILABLE","source":"ndw"}},{"type":"Feature","geometry":{"type":"Point","coordinates":[5.263595,52.401306]},"properties":{"type":"charge","layer":"passenger","locationId":"57d4d08a-5b7a-428b-ada3-4c8a8231b836","name":"TNLP007620 - Splijtbakweg 18, Almere","address":"18 Splijtbakweg","city":"Almere","operatorName":"TotalEnergies","maxPowerKw":15,"isMegawatt":false,"status":"AVAILABLE","source":"ndw"}},{"type":"Feature","geometry":{"type":"Point","coordinates":[5.3018738,52.3909339]},"properties":{"type":"charge","layer":"passenger","locationId":"1771","name":"Shell Recharge NL Pastelstraat 85","address":"Pastelstraat 85","city":"Almere","operatorName":"Ubitricity","maxPowerKw":22,"isMegawatt":false,"status":"AVAILABLE","source":"ndw","priceKwh":0.266}},{"type":"Feature","geometry":{"type":"Point","coordinates":[5.136432,52.354393]},"properties":{"type":"charge","layer":"passenger","locationId":"b434634697a3752e567e6b3ffc2bdd57","name":"Adriaen Blockstraat 90","address":"Adriaen Blockstraat 90","city":"Almere","operatorName":"Vattenfall InCharge","maxPowerKw":11,"isMegawatt":false,"status":"AVAILABLE","source":"ndw"}},{"type":"Feature","geometry":{"type":"Point","coordinates":[5.256742,52.39756]},"properties":{"type":"charge","layer":"passenger","locationId":"aef8248f-eb89-4bcc-9711-91f22ce9b3e3","name":"PP005192 - C. van Eesterenplein 20, Almere","address":"20 C. van Eesterenplein","city":"Almere","operatorName":"TotalEnergies","maxPowerKw":13,"isMegawatt":false,"status":"CHARGING","source":"ndw"}},{"type":"Feature","geometry":{"type":"Point","coordinates":[5.172708,52.358253]},"properties":{"type":"charge","layer":"passenger","locationId":"b5f2ab17-88a5-4f7a-9ec8-958d00d27490","name":"Laadplein - TNLP005862 - Jacques Perkstraat 10, Almere","address":"10 Jacques Perkstraat","city":"Almere","operatorName":"TotalEnergies","maxPowerKw":15,"isMegawatt":false,"status":"AVAILABLE","source":"ndw"}},{"type":"Feature","geometry":{"type":"Point","coordinates":[5.22584,52.3872]},"properties":{"type":"charge","layer":"passenger","locationId":"69e3c18c93403414dd1418ac22ffa09a","name":"Boven Wijde 20","address":"Boven Wijde 20","city":"Almere","operatorName":"Vattenfall InCharge","maxPowerKw":11,"isMegawatt":false,"status":"AVAILABLE","source":"ndw"}},{"type":"Feature","geometry":{"type":"Point","coordinates":[5.15785,52.3437]},"properties":{"type":"charge","layer":"passenger","locationId":"7050c026de0d5248ebf7a21c238bf5c8","name":"Griekenlandkade 30","address":"Griekenlandkade 30","city":"Almere","operatorName":"Vattenfall InCharge","maxPowerKw":11,"isMegawatt":false,"status":"AVAILABLE","source":"ndw"}},{"type":"Feature","geometry":{"type":"Point","coordinates":[5.213579,52.374077]},"properties":{"type":"charge","layer":"passenger","locationId":"b8b1836d4917c68f144537090c8d9ad9","name":"Hoogezandstraat 2","address":"Hoogezandstraat 2","city":"Almere","operatorName":"Vattenfall InCharge","maxPowerKw":11,"isMegawatt":false,"status":"AVAILABLE","source":"ndw"}},{"type":"Feature","geometry":{"type":"Point","coordinates":[5.30283,52.39899]},"properties":{"type":"charge","layer":"passenger","locationId":"fe8f27ba-d5f0-4030-843d-54baad4a67f6","name":"PP002090 - Siciliëstraat 28, Almere","address":"28 Siciliëstraat","city":"Almere","operatorName":"TotalEnergies","maxPowerKw":11,"isMegawatt":false,"status":"AVAILABLE","source":"ndw"}},{"type":"Feature","geometry":{"type":"Point","coordinates":[5.244678,52.35975]},"properties":{"type":"charge","layer":"passenger","locationId":"396","name":"Shell Recharge NL Walt Disneyplantsoen 1","address":"Walt Disneyplantsoen 1","city":"Almere","operatorName":"Ubitricity","maxPowerKw":11,"isMegawatt":false,"status":"AVAILABLE","source":"ndw","priceKwh":0.388}},{"type":"Feature","geometry":{"type":"Point","coordinates":[5.18445,52.36174]},"properties":{"type":"charge","layer":"passenger","locationId":"17c7b2c9-e0d0-4185-af11-4feab669ee69","name":"PP001998 - Couperusweg 1, Almere","address":"1 Couperusweg","city":"Almere","operatorName":"TotalEnergies","maxPowerKw":11,"isMegawatt":false,"status":"AVAILABLE","source":"ndw"}},{"type":"Feature","geometry":{"type":"Point","coordinates":[5.29701,52.39031]},"properties":{"type":"charge","layer":"passenger","locationId":"bc230d7e-ada1-4a47-a392-62ffda3c1c2b","name":"TNLP007244 - Regenboogweg 124, Almere","address":"124 Regenboogweg","city":"Almere","operatorName":"TotalEnergies","maxPowerKw":13,"isMegawatt":false,"status":"AVAILABLE","source":"ndw"}},{"type":"Feature","geometry":{"type":"Point","coordinates":[5.224638,52.3389233]},"properties":{"type":"charge","layer":"passenger","locationId":"2210","name":"Shell Recharge NL Rozenwerf 10","address":"Rozenwerf 10","city":"Almere","operatorName":"Ubitricity","maxPowerKw":22,"isMegawatt":false,"status":"AVAILABLE","source":"ndw","priceKwh":0.266}},{"type":"Feature","geometry":{"type":"Point","coordinates":[5.2454876,52.3807583]},"properties":{"type":"charge","layer":"passenger","locationId":"2460","name":"Shell Recharge NL Generaal Overakkerstraat 17","address":"Generaal Overakkerstraat 17","city":"Almere","operatorName":"Ubitricity","maxPowerKw":22,"isMegawatt":false,"status":"AVAILABLE","source":"ndw","priceKwh":0.266}},{"type":"Feature","geometry":{"type":"Point","coordinates":[5.219493,52.37321]},"properties":{"type":"charge","layer":"passenger","locationId":"e69c97d6-163a-41ea-8fc1-32ac75d09a10","name":"TNLP006206 - Dichterhof 53, Almere","address":"53 Dichterhof","city":"Almere","operatorName":"TotalEnergies","maxPowerKw":13,"isMegawatt":false,"status":"AVAILABLE","source":"ndw"}},{"type":"Feature","geometry":{"type":"Point","coordinates":[5.26582,52.37195]},"properties":{"type":"charge","layer":"passenger","locationId":"578","name":"Shell Recharge NL Juan Grisstraat 44","address":"Juan Grisstraat 44","city":"Almere","operatorName":"Ubitricity","maxPowerKw":11,"isMegawatt":false,"status":"AVAILABLE","source":"ndw","priceKwh":0.388}},{"type":"Feature","geometry":{"type":"Point","coordinates":[5.148681,52.34809]},"properties":{"type":"charge","layer":"passenger","locationId":"436e0a4c-443f-4072-ab33-36d55d390154","name":"TNLP007812 - Beneluxlaan 771, Almere","address":"771 Beneluxlaan","city":"Almere","operatorName":"TotalEnergies","maxPowerKw":15,"isMegawatt":false,"status":"AVAILABLE","source":"ndw"}},{"type":"Feature","geometry":{"type":"Point","coordinates":[5.25994,52.36015]},"properties":{"type":"charge","layer":"passenger","locationId":"7C221C0B-C606-494E-A253-DD06D94737D6","name":"Eneco eMobility Janssen van Kouwen - Almere","address":"De Huchtstraat 5","city":"Almere","operatorName":"Eneco","maxPowerKw":11,"isMegawatt":false,"status":"AVAILABLE","source":"ndw","priceKwh":0.32}},{"type":"Feature","geometry":{"type":"Point","coordinates":[5.224115,52.351498]},"properties":{"type":"charge","layer":"passenger","locationId":"198493cd-122b-45b0-bb1f-fdcf84352318","name":"TNLP007707 - De Steiger 84, Almere","address":"84 De Steiger","city":"Almere","operatorName":"TotalEnergies","maxPowerKw":15,"isMegawatt":false,"status":"AVAILABLE","source":"ndw"}},{"type":"Feature","geometry":{"type":"Point","coordinates":[5.202667,52.38104]},"properties":{"type":"charge","layer":"passenger","locationId":"9ce027a2-17f3-4601-a539-e9fac2633e0f","name":"Laadplein - TNLP006524 - Basilicumweg 200, Almere","address":"200 Basilicumweg","city":"Almere","operatorName":"TotalEnergies","maxPowerKw":15,"isMegawatt":false,"status":"AVAILABLE","source":"ndw"}},{"type":"Feature","geometry":{"type":"Point","coordinates":[5.160351,52.356976]},"properties":{"type":"charge","layer":"passenger","locationId":"d48e0e8a-3f95-4adb-b665-6220bec236eb","name":"TNLP008912 - Saturnussingel 307, Almere","address":"307 Saturnussingel","city":"Almere","operatorName":"TotalEnergies","maxPowerKw":14,"isMegawatt":false,"status":"AVAILABLE","source":"ndw"}},{"type":"Feature","geometry":{"type":"Point","coordinates":[5.300803,52.393818]},"properties":{"type":"charge","layer":"passenger","locationId":"21ba33b5-43be-4fe7-adce-389d786e04f7","name":"TNLP007482 - Maisgeelstraat 58, Almere","address":"58 Maisgeelstraat","city":"Almere","operatorName":"TotalEnergies","maxPowerKw":13,"isMegawatt":false,"status":"AVAILABLE","source":"ndw"}},{"type":"Feature","geometry":{"type":"Point","coordinates":[5.177026,52.348537]},"properties":{"type":"charge","layer":"passenger","locationId":"88D7D43C-72AA-4886-A3E7-297D11E12EE1","name":"Eneco eMobility Transistorstraat 110 Almere","address":"Transistorstraat 110","city":"Almere","operatorName":"Eneco","maxPowerKw":22,"isMegawatt":false,"status":"AVAILABLE","source":"ndw","priceKwh":0.32}},{"type":"Feature","geometry":{"type":"Point","coordinates":[5.252523,52.37509]},"properties":{"type":"charge","layer":"passenger","locationId":"9c25667d-b223-4adc-9640-953eb7e51b6a","name":"TNLP007207 - Populierenstraat 18, Almere","address":"18 Populierenstraat","city":"Almere","operatorName":"TotalEnergies","maxPowerKw":13,"isMegawatt":false,"status":"AVAILABLE","source":"ndw"}},{"type":"Feature","geometry":{"type":"Point","coordinates":[5.225979,52.34164]},"properties":{"type":"charge","layer":"passenger","locationId":"6970a7734c6153143df35ac1","name":"AH Markenlaan","address":"Markenlaan 3","city":"Almere","operatorName":"E-Flux by Road","maxPowerKw":11,"isMegawatt":false,"status":"AVAILABLE","source":"ndw","priceKwh":0.7}},{"type":"Feature","geometry":{"type":"Point","coordinates":[5.270837,52.371694]},"properties":{"type":"charge","layer":"passenger","locationId":"29b05ee27e49a955c124e22575dd50e4","name":"Holbeinstraat 20","address":"Holbeinstraat 20","city":"Almere","operatorName":"Vattenfall InCharge","maxPowerKw":11,"isMegawatt":false,"status":"AVAILABLE","source":"ndw"}},{"type":"Feature","geometry":{"type":"Point","coordinates":[5.204411,52.365967]},"properties":{"type":"charge","layer":"passenger","locationId":"523aa72e-9e14-4406-96fa-9976a34ff174","name":"TNLP008880 - Amersfoortweg 12, Almere","address":"12 Amersfoortweg","city":"Almere","operatorName":"TotalEnergies","maxPowerKw":14,"isMegawatt":false,"status":"AVAILABLE","source":"ndw"}},{"type":"Feature","geometry":{"type":"Point","coordinates":[5.259577,52.377016]},"properties":{"type":"charge","layer":"passenger","locationId":"609cd911-2ff6-4264-974c-66394a4240fe","name":"TNLP009830","address":"Jan Wiegersstraat 1","city":"Almere","operatorName":"TotalEnergies","maxPowerKw":17,"isMegawatt":false,"status":"AVAILABLE","source":"ndw"}},{"type":"Feature","geometry":{"type":"Point","coordinates":[5.20917,52.366882]},"properties":{"type":"charge","layer":"passenger","locationId":"4828fb7d-ac46-4325-8916-a763102fb285","name":"PP001754 - Hoornstraat 5, Almere","address":"5 Hoornstraat","city":"Almere","operatorName":"TotalEnergies","maxPowerKw":11,"isMegawatt":false,"status":"CHARGING","source":"ndw"}},{"type":"Feature","geometry":{"type":"Point","coordinates":[5.249868,52.388954]},"properties":{"type":"charge","layer":"passenger","locationId":"d072bfa3-26aa-4d25-af7b-bf87f990f0e7","name":"TNLP005993 - Marathonlaan 13, Almere","address":"13 Marathonlaan","city":"Almere","operatorName":"TotalEnergies","maxPowerKw":15,"isMegawatt":false,"status":"AVAILABLE","source":"ndw"}},{"type":"Feature","geometry":{"type":"Point","coordinates":[5.200858,52.360195]},"properties":{"type":"charge","layer":"passenger","locationId":"bfb88875-5108-44df-b290-d0bc9824a8e5","name":"TNLP009209 - Rockanjestraat 12, Almere","address":"12 Rockanjestraat","city":"Almere","operatorName":"TotalEnergies","maxPowerKw":13,"isMegawatt":false,"status":"CHARGING","source":"ndw"}},{"type":"Feature","geometry":{"type":"Point","coordinates":[5.30067,52.40055]},"properties":{"type":"charge","layer":"passenger","locationId":"53433684ae5dfa9cf532e41337725aac","name":"Siciliëstraat 85","address":"Siciliëstraat 85","city":"Almere","operatorName":"Vattenfall InCharge","maxPowerKw":11,"isMegawatt":false,"status":"AVAILABLE","source":"ndw"}},{"type":"Feature","geometry":{"type":"Point","coordinates":[5.26297,52.403172]},"properties":{"type":"charge","layer":"passenger","locationId":"68a4668acd71ca87952e0022","name":"Medex FMT 2","address":"Zandzuigerstraat  58","city":"Almere","operatorName":"E-Flux by Road","maxPowerKw":22,"isMegawatt":false,"status":"AVAILABLE","source":"ndw","priceKwh":0.63}},{"type":"Feature","geometry":{"type":"Point","coordinates":[5.248935,52.37388]},"properties":{"type":"charge","layer":"passenger","locationId":"d29ac794-ffca-4791-be5f-10735e66ffc6","name":"TNLP009237 - Meidoornstraat 6, Almere","address":"6 Meidoornstraat","city":"Almere","operatorName":"TotalEnergies","maxPowerKw":13,"isMegawatt":false,"status":"AVAILABLE","source":"ndw"}},{"type":"Feature","geometry":{"type":"Point","coordinates":[5.178986,52.36054]},"properties":{"type":"charge","layer":"passenger","locationId":"522aa6a9-3b71-4b93-8aba-38b017ffc839","name":"TNLP007299 - Jacob van Maerlantstraat 16, Almere","address":"16 Jacob van Maerlantstraat","city":"Almere","operatorName":"TotalEnergies","maxPowerKw":13,"isMegawatt":false,"status":"AVAILABLE","source":"ndw"}},{"type":"Feature","geometry":{"type":"Point","coordinates":[5.232106,52.386784]},"properties":{"type":"charge","layer":"passenger","locationId":"7a53dd68-28a3-4d27-aa57-11783a4a4dab","name":"PP005265 - Slagbaai 18, Almere","address":"18 Slagbaai","city":"Almere","operatorName":"TotalEnergies","maxPowerKw":13,"isMegawatt":false,"status":"AVAILABLE","source":"ndw"}},{"type":"Feature","geometry":{"type":"Point","coordinates":[5.15646,52.34854]},"properties":{"type":"charge","layer":"passenger","locationId":"5737cacc-b855-4a99-b123-e509a0832ce0","name":"TNLP034638","address":"Moldaviëstraat 148","city":"Almere","operatorName":"TotalEnergies","maxPowerKw":14,"isMegawatt":false,"status":"AVAILABLE","source":"ndw"}},{"type":"Feature","geometry":{"type":"Point","coordinates":[5.174903,52.391727]},"properties":{"type":"charge","layer":"passenger","locationId":"989972d9-ce0f-4ecb-83e1-f987fc88f52c","name":"TNLP006814 - Boomzeil 2, Almere","address":"2 Boomzeil","city":"Almere","operatorName":"TotalEnergies","maxPowerKw":13,"isMegawatt":false,"status":"AVAILABLE","source":"ndw"}},{"type":"Feature","geometry":{"type":"Point","coordinates":[5.323691,52.405704]},"properties":{"type":"charge","layer":"passenger","locationId":"ad2d5c2b-d8b3-48cc-a6b9-61b75ac7dbc2","name":"TNLP006656 - De Stripmaker 85, Almere","address":"85 De Stripmaker","city":"Almere","operatorName":"TotalEnergies","maxPowerKw":13,"isMegawatt":false,"status":"AVAILABLE","source":"ndw"}},{"type":"Feature","geometry":{"type":"Point","coordinates":[5.217527,52.377438]},"properties":{"type":"charge","layer":"passenger","locationId":"b6373caf-0342-433d-9c66-263a8dbe2ae4","name":"TNLP009017 - Olof Palmehof 7, Almere","address":"7 Olof Palmehof","city":"Almere","operatorName":"TotalEnergies","maxPowerKw":13,"isMegawatt":false,"status":"AVAILABLE","source":"ndw"}},{"type":"Feature","geometry":{"type":"Point","coordinates":[5.143954,52.34734]},"properties":{"type":"charge","layer":"passenger","locationId":"d557c8e9-dd61-4df9-8579-cafab20ed39f","name":"TNLP008775 - Beneluxlaan 865, Almere","address":"865 Beneluxlaan","city":"Almere","operatorName":"TotalEnergies","maxPowerKw":13,"isMegawatt":false,"status":"CHARGING","source":"ndw"}},{"type":"Feature","geometry":{"type":"Point","coordinates":[5.203237,52.339046]},"properties":{"type":"charge","layer":"passenger","locationId":"f54920f5-e84c-47ab-8390-eb874fad756c","name":"PP005510 - Kornwierde 43, Almere","address":"43 Kornwierde","city":"Almere","operatorName":"TotalEnergies","maxPowerKw":15,"isMegawatt":false,"status":"CHARGING","source":"ndw"}},{"type":"Feature","geometry":{"type":"Point","coordinates":[5.22044,52.38408]},"properties":{"type":"charge","layer":"passenger","locationId":"152","name":"Shell Recharge NL Waalstraat 117","address":"Waalstraat 117","city":"Almere","operatorName":"Ubitricity","maxPowerKw":11,"isMegawatt":false,"status":"AVAILABLE","source":"ndw","priceKwh":0.388}},{"type":"Feature","geometry":{"type":"Point","coordinates":[5.266879,52.368928]},"properties":{"type":"charge","layer":"passenger","locationId":"e68f2c5a-4576-4504-ae1f-fb10e7f87925","name":"TNLP034153","address":"Piranesistraat 95","city":"Almere","operatorName":"TotalEnergies","maxPowerKw":14,"isMegawatt":false,"status":"AVAILABLE","source":"ndw"}},{"type":"Feature","geometry":{"type":"Point","coordinates":[5.250973,52.401224]},"properties":{"type":"charge","layer":"passenger","locationId":"B9A3BC97-B7CC-470C-8815-BAEFDF0C840D","name":"Eneco eMobility Weber Marking Systems B.V. - Almere","address":"Draaibrugweg 19","city":"Almere","operatorName":"Eneco","maxPowerKw":22,"isMegawatt":false,"status":"AVAILABLE","source":"ndw","priceKwh":0.39}},{"type":"Feature","geometry":{"type":"Point","coordinates":[5.150402,52.348038]},"properties":{"type":"charge","layer":"passenger","locationId":"a640b256-41b6-4e39-855b-19cf94f19c7c","name":"PP005489 - Luxemburgstraat 91, Almere","address":"91 Luxemburgstraat","city":"Almere","operatorName":"TotalEnergies","maxPowerKw":13,"isMegawatt":false,"status":"UNAVAILABLE","source":"ndw"}},{"type":"Feature","geometry":{"type":"Point","coordinates":[5.237067,52.33614]},"properties":{"type":"charge","layer":"passenger","locationId":"b775215e-1670-4f16-88d8-9675f7beb05f","name":"TNLP006009 - Jaagmeent 190, Almere","address":"190 Jaagmeent","city":"Almere","operatorName":"TotalEnergies","maxPowerKw":13,"isMegawatt":false,"status":"AVAILABLE","source":"ndw"}},{"type":"Feature","geometry":{"type":"Point","coordinates":[5.28262,52.39447]},"properties":{"type":"charge","layer":"passenger","locationId":"e4ca9da7-3427-449d-bd16-5a43568afe89","name":"PP002555 - Brasiliaplaats 1, Almere","address":"1 Brasiliaplaats","city":"Almere","operatorName":"TotalEnergies","maxPowerKw":13,"isMegawatt":false,"status":"AVAILABLE","source":"ndw"}},{"type":"Feature","geometry":{"type":"Point","coordinates":[5.216058,52.372511]},"properties":{"type":"charge","layer":"passenger","locationId":"NLLOC001649","name":"NLD, Almere, Makelaarstraat 12","address":"Makelaarstraat 12-C","city":"Almere","operatorName":"Allego","maxPowerKw":11,"isMegawatt":false,"status":"AVAILABLE","source":"ndw","priceKwh":0.511}},{"type":"Feature","geometry":{"type":"Point","coordinates":[5.149034,52.357162]},"properties":{"type":"charge","layer":"passenger","locationId":"93b69ad0960d026ea5ac5327c540ce34","name":"Apollostraat 14","address":"Apollostraat 14","city":"Almere","operatorName":"Vattenfall InCharge","maxPowerKw":11,"isMegawatt":false,"status":"AVAILABLE","source":"ndw"}},{"type":"Feature","geometry":{"type":"Point","coordinates":[5.267267,52.391754]},"properties":{"type":"charge","layer":"passenger","locationId":"f2d5c76a-2f30-4296-8ddd-64fd1eaba07f","name":"TNLP006533 - Menkemaborgstraat 24, Almere","address":"24 Menkemaborgstraat","city":"Almere","operatorName":"TotalEnergies","maxPowerKw":13,"isMegawatt":false,"status":"CHARGING","source":"ndw"}},{"type":"Feature","geometry":{"type":"Point","coordinates":[5.140946,52.350964]},"properties":{"type":"charge","layer":"passenger","locationId":"84438db530f3e83ac034c18e937fef94","name":"Olivier van Noortstraat 180","address":"Olivier van Noortstraat 180","city":"Almere","operatorName":"Vattenfall InCharge","maxPowerKw":11,"isMegawatt":false,"status":"CHARGING","source":"ndw"}},{"type":"Feature","geometry":{"type":"Point","coordinates":[5.176663,52.351044]},"properties":{"type":"charge","layer":"passenger","locationId":"c1f01bcc8b5f4ad08fe17df313bbc493","name":"Breedveld & Schröder  DC lader","address":"Katernstraat 11","city":"Almere","operatorName":"The Solar Charging Company","maxPowerKw":50,"isMegawatt":false,"status":"UNAVAILABLE","source":"ndw","priceKwh":0.62}},{"type":"Feature","geometry":{"type":"Point","coordinates":[5.219053,52.373745]},"properties":{"type":"charge","layer":"passenger","locationId":"fa710218-05d1-4f06-be60-44447d670673","name":"TNLP006478 - Schilderhof 2, Almere","address":"2 Schilderhof","city":"Almere","operatorName":"TotalEnergies","maxPowerKw":13,"isMegawatt":false,"status":"AVAILABLE","source":"ndw"}},{"type":"Feature","geometry":{"type":"Point","coordinates":[5.3095159,52.4004423]},"properties":{"type":"charge","layer":"passenger","locationId":"2010","name":"Shell Recharge NL Spitsbergen 26","address":"Spitsbergen 26","city":"Almere","operatorName":"Ubitricity","maxPowerKw":22,"isMegawatt":false,"status":"AVAILABLE","source":"ndw","priceKwh":0.266}},{"type":"Feature","geometry":{"type":"Point","coordinates":[5.240463,52.375821]},"properties":{"type":"charge","layer":"passenger","locationId":"92f67a49-cec2-4b7d-89bc-37f9fbc26db2","name":"TNLP015276","address":"Onder de berken 1","city":"Almere","operatorName":"TotalEnergies","maxPowerKw":17,"isMegawatt":false,"status":"AVAILABLE","source":"ndw"}},{"type":"Feature","geometry":{"type":"Point","coordinates":[5.241923,52.365221]},"properties":{"type":"charge","layer":"passenger","locationId":"d6dea9d6-4750-4953-8321-1e43f0fa520e","name":"TNLP034226","address":"Adrienne Solserstraat 68","city":"Almere","operatorName":"TotalEnergies","maxPowerKw":14,"isMegawatt":false,"status":"AVAILABLE","source":"ndw"}},{"type":"Feature","geometry":{"type":"Point","coordinates":[5.150419,52.35245]},"properties":{"type":"charge","layer":"passenger","locationId":"c7d01836-cc7d-4e5e-9a57-96b573990900","name":"TNLP007020 - Eddastraat 33, Almere","address":"33 Eddastraat","city":"Almere","operatorName":"TotalEnergies","maxPowerKw":13,"isMegawatt":false,"status":"UNAVAILABLE","source":"ndw"}},{"type":"Feature","geometry":{"type":"Point","coordinates":[5.290087,52.40178]},"properties":{"type":"charge","layer":"passenger","locationId":"ed0a375e-f4d6-4c2b-b97e-bc526e55a67c","name":"TNLP009665 - Eeuwenweg 47, Almere","address":"47 Eeuwenweg","city":"Almere","operatorName":"TotalEnergies","maxPowerKw":13,"isMegawatt":false,"status":"AVAILABLE","source":"ndw"}},{"type":"Feature","geometry":{"type":"Point","coordinates":[5.212587,52.347719]},"properties":{"type":"charge","layer":"passenger","locationId":"fb4a4f41-b128-43be-9f3e-33b91700e0b1","name":"TNLP034637","address":"Peppengouw 125","city":"Almere","operatorName":"TotalEnergies","maxPowerKw":14,"isMegawatt":false,"status":"CHARGING","source":"ndw"}},{"type":"Feature","geometry":{"type":"Point","coordinates":[5.159224,52.355912]},"properties":{"type":"charge","layer":"passenger","locationId":"NLLOC001799","name":"NLD, Almere, Mercuriusstraat 1","address":"Mercuriusstraat 1","city":"Almere","operatorName":"Allego","maxPowerKw":11,"isMegawatt":false,"status":"AVAILABLE","source":"ndw","priceKwh":0.511}},{"type":"Feature","geometry":{"type":"Point","coordinates":[5.268767,52.38329]},"properties":{"type":"charge","layer":"passenger","locationId":"9b13a4c9-74b7-4f81-bbb7-144844e73c76","name":"TNLP006019 - Moeflonstraat 1, Almere","address":"1 Moeflonstraat","city":"Almere","operatorName":"TotalEnergies","maxPowerKw":13,"isMegawatt":false,"status":"CHARGING","source":"ndw"}},{"type":"Feature","geometry":{"type":"Point","coordinates":[5.153319,52.353]},"properties":{"type":"charge","layer":"passenger","locationId":"2e71eaf9-3f66-49cf-84fa-a5a22ee31d58","name":"TNLP008787 - Neptunussingel 1, Almere","address":"1 Neptunussingel","city":"Almere","operatorName":"TotalEnergies","maxPowerKw":14,"isMegawatt":false,"status":"AVAILABLE","source":"ndw"}},{"type":"Feature","geometry":{"type":"Point","coordinates":[5.324695,52.401344]},"properties":{"type":"charge","layer":"passenger","locationId":"91108be3-3718-4c1e-877f-a5eb6584e437","name":"TNLP005999 - Sigmundplantsoen 56, Almere","address":"56 Sigmundplantsoen","city":"Almere","operatorName":"TotalEnergies","maxPowerKw":13,"isMegawatt":false,"status":"AVAILABLE","source":"ndw"}},{"type":"Feature","geometry":{"type":"Point","coordinates":[5.18949,52.37119]},"properties":{"type":"charge","layer":"passenger","locationId":"472","name":"Shell Recharge NL Harpstraat 67","address":"Harpstraat 67","city":"Almere","operatorName":"Ubitricity","maxPowerKw":11,"isMegawatt":false,"status":"CHARGING","source":"ndw","priceKwh":0.388}},{"type":"Feature","geometry":{"type":"Point","coordinates":[5.19437,52.337765]},"properties":{"type":"charge","layer":"passenger","locationId":"81d832d030871c5e80787f99323db292","name":"Blikveldweg 64","address":"Blikveldweg 64","city":"Almere","operatorName":"Vattenfall InCharge","maxPowerKw":11,"isMegawatt":false,"status":"AVAILABLE","source":"ndw"}},{"type":"Feature","geometry":{"type":"Point","coordinates":[5.186345,52.357487]},"properties":{"type":"charge","layer":"passenger","locationId":"0d655eb9-4957-48fc-b87d-e8872045f26e","name":"PP005259 - Albert Helmanhof 22, Almere","address":"22 Albert Helmanhof","city":"Almere","operatorName":"TotalEnergies","maxPowerKw":15,"isMegawatt":false,"status":"CHARGING","source":"ndw"}},{"type":"Feature","geometry":{"type":"Point","coordinates":[5.302206,52.401392]},"properties":{"type":"charge","layer":"passenger","locationId":"NLLOC000947","name":"NLD, Almere, Lanzarotestraat 80","address":"Lanzarotestraat 80","city":"Almere","operatorName":"Allego","maxPowerKw":11,"isMegawatt":false,"status":"AVAILABLE","source":"ndw","priceKwh":0.511}},{"type":"Feature","geometry":{"type":"Point","coordinates":[5.320317,52.398212]},"properties":{"type":"charge","layer":"passenger","locationId":"248af085-af81-420c-a94e-93dd0a0b3d7d","name":"PP005515 - Wiskestraat 3, Almere","address":"3 Wiskestraat","city":"Almere","operatorName":"TotalEnergies","maxPowerKw":13,"isMegawatt":false,"status":"AVAILABLE","source":"ndw"}},{"type":"Feature","geometry":{"type":"Point","coordinates":[5.141621,52.341366]},"properties":{"type":"charge","layer":"passenger","locationId":"2c406f83-d947-428e-bba3-143e99e97b38","name":"TNLP009510 - Duinrugstraat 5, Almere","address":"5 Duinrugstraat","city":"Almere","operatorName":"TotalEnergies","maxPowerKw":13,"isMegawatt":false,"status":"AVAILABLE","source":"ndw"}},{"type":"Feature","geometry":{"type":"Point","coordinates":[5.24133,52.362312]},"properties":{"type":"charge","layer":"passenger","locationId":"330e00c6-785f-4d60-b11b-dad138eea967","name":"TNLP007753 - Viscontistraat 19, Almere","address":"19 Viscontistraat","city":"Almere","operatorName":"TotalEnergies","maxPowerKw":13,"isMegawatt":false,"status":"CHARGING","source":"ndw"}},{"type":"Feature","geometry":{"type":"Point","coordinates":[5.270246,52.369724]},"properties":{"type":"charge","layer":"passenger","locationId":"5c45f876-90d6-4476-8165-068715111cc5","name":"TNLP009662 - Michelangelostraat 125, Almere","address":"125 Michelangelostraat","city":"Almere","operatorName":"TotalEnergies","maxPowerKw":15,"isMegawatt":false,"status":"AVAILABLE","source":"ndw"}},{"type":"Feature","geometry":{"type":"Point","coordinates":[5.285977,52.360325]},"properties":{"type":"charge","layer":"passenger","locationId":"5dd538b7-39ac-4245-b044-996c90ed40b0","name":"TNLP007810 - Walter Brattainstraat 13, Almere","address":"13 Walter Brattainstraat","city":"Almere","operatorName":"TotalEnergies","maxPowerKw":13,"isMegawatt":false,"status":"AVAILABLE","source":"ndw"}},{"type":"Feature","geometry":{"type":"Point","coordinates":[5.244317,52.361961]},"properties":{"type":"charge","layer":"passenger","locationId":"NLLOC000946","name":"NLD, Almere, Jacques Tatilaan 31","address":"Jacques Tatilaan 31","city":"Almere","operatorName":"Allego","maxPowerKw":11,"isMegawatt":false,"status":"CHARGING","source":"ndw","priceKwh":0.511}},{"type":"Feature","geometry":{"type":"Point","coordinates":[5.247245,52.383233]},"properties":{"type":"charge","layer":"passenger","locationId":"d4857e811a73966b451154f9fc418d17","name":"Gerard Doustraat 17","address":"Gerard Doustraat 17","city":"Almere","operatorName":"Vattenfall InCharge","maxPowerKw":11,"isMegawatt":false,"status":"AVAILABLE","source":"ndw"}},{"type":"Feature","geometry":{"type":"Point","coordinates":[5.185868,52.373728]},"properties":{"type":"charge","layer":"passenger","locationId":"NLLOC001170","name":"NLD, Almere, Schalmeistraat 11","address":"Schalmeistraat 11","city":"Almere","operatorName":"Allego","maxPowerKw":11,"isMegawatt":false,"status":"AVAILABLE","source":"ndw","priceKwh":0.511}},{"type":"Feature","geometry":{"type":"Point","coordinates":[5.195831,52.36831]},"properties":{"type":"charge","layer":"passenger","locationId":"bc9113f2-2e0c-4953-9307-b4b2826e0c9b","name":"TNLP015006 - Borodinstraat 90, Almere","address":"90 Borodinstraat","city":"Almere","operatorName":"TotalEnergies","maxPowerKw":13,"isMegawatt":false,"status":"AVAILABLE","source":"ndw"}},{"type":"Feature","geometry":{"type":"Point","coordinates":[5.25358,52.385723]},"properties":{"type":"charge","layer":"passenger","locationId":"NLLOC000849","name":"NLD, Almere, Frans Halsweg 2","address":"Frans Halsweg 2","city":"Almere","operatorName":"Allego","maxPowerKw":11,"isMegawatt":false,"status":"AVAILABLE","source":"ndw","priceKwh":0.511}},{"type":"Feature","geometry":{"type":"Point","coordinates":[5.191062,52.357279]},"properties":{"type":"charge","layer":"passenger","locationId":"NLLOC001174","name":"NLD, Almere, Louis Paul Boonstraat 1","address":"Louis Paul Boonstraat 1","city":"Almere","operatorName":"Allego","maxPowerKw":11,"isMegawatt":false,"status":"AVAILABLE","source":"ndw","priceKwh":0.511}},{"type":"Feature","geometry":{"type":"Point","coordinates":[5.2135244,52.3372757]},"properties":{"type":"charge","layer":"passenger","locationId":"1760","name":"Shell Recharge NL Langshof 149","address":"Langshof 149","city":"Almere","operatorName":"Ubitricity","maxPowerKw":22,"isMegawatt":false,"status":"AVAILABLE","source":"ndw","priceKwh":0.266}},{"type":"Feature","geometry":{"type":"Point","coordinates":[5.152565,52.357502]},"properties":{"type":"charge","layer":"passenger","locationId":"1163f385-a3ea-4bda-9c2a-cd6d854aa936","name":"TNLP009528 - Najadenstraat 4, Almere","address":"4 Najadenstraat","city":"Almere","operatorName":"TotalEnergies","maxPowerKw":13,"isMegawatt":false,"status":"CHARGING","source":"ndw"}},{"type":"Feature","geometry":{"type":"Point","coordinates":[5.296088,52.391273]},"properties":{"type":"charge","layer":"passenger","locationId":"baf56755-1e52-48a9-990c-de448d62d137","name":"PP005221 - Regenboogweg 100, Almere","address":"100 Regenboogweg","city":"Almere","operatorName":"TotalEnergies","maxPowerKw":15,"isMegawatt":false,"status":"CHARGING","source":"ndw"}},{"type":"Feature","geometry":{"type":"Point","coordinates":[5.253322,52.38446]},"properties":{"type":"charge","layer":"passenger","locationId":"635b0a6f-d163-4c33-8023-5ee151b8df94","name":"TNLP015008 - Johannes Vermeerstraat 136, Almere","address":"136 Johannes Vermeerstraat","city":"Almere","operatorName":"TotalEnergies","maxPowerKw":13,"isMegawatt":false,"status":"AVAILABLE","source":"ndw"}},{"type":"Feature","geometry":{"type":"Point","coordinates":[5.193752,52.364193]},"properties":{"type":"charge","layer":"passenger","locationId":"NLLOC001175","name":"NLD, Almere, Poulencstraat 18","address":"Poulencstraat 18","city":"Almere","operatorName":"Allego","maxPowerKw":11,"isMegawatt":false,"status":"AVAILABLE","source":"ndw","priceKwh":0.511}},{"type":"Feature","geometry":{"type":"Point","coordinates":[5.269659,52.36768]},"properties":{"type":"charge","layer":"passenger","locationId":"b6d4a879-793f-487e-bfa0-1710254155ae","name":"PP005557 - Juan Grisstraat 138, Almere","address":"138 Juan Grisstraat","city":"Almere","operatorName":"TotalEnergies","maxPowerKw":13,"isMegawatt":false,"status":"AVAILABLE","source":"ndw"}},{"type":"Feature","geometry":{"type":"Point","coordinates":[5.207849,52.337315]},"properties":{"type":"charge","layer":"passenger","locationId":"7212bef8-a66d-46c7-9eb7-cefa0d25e2db","name":"TNLP009978 - Kimwierde 418, Almere","address":"418 Kimwierde","city":"Almere","operatorName":"TotalEnergies","maxPowerKw":13,"isMegawatt":false,"status":"AVAILABLE","source":"ndw"}},{"type":"Feature","geometry":{"type":"Point","coordinates":[5.247045,52.38102]},"properties":{"type":"charge","layer":"passenger","locationId":"0c105886-80a0-4dd8-8f23-5267ff3e238c","name":"TNLP007060 - Generaal Overakkerstraat 33, Almere","address":"33 Generaal Overakkerstraat","city":"Almere","operatorName":"TotalEnergies","maxPowerKw":13,"isMegawatt":false,"status":"AVAILABLE","source":"ndw"}},{"type":"Feature","geometry":{"type":"Point","coordinates":[5.28699,52.38723]},"properties":{"type":"charge","layer":"passenger","locationId":"d99a9246-6f27-45c3-92fc-fe9dd6e7f006","name":"PP001744 - Lotusbloemweg 74, Almere","address":"74 Lotusbloemweg","city":"Almere","operatorName":"TotalEnergies","maxPowerKw":11,"isMegawatt":false,"status":"CHARGING","source":"ndw"}},{"type":"Feature","geometry":{"type":"Point","coordinates":[5.304946,52.396736]},"properties":{"type":"charge","layer":"passenger","locationId":"47b8421b-0655-470a-b6c2-e79306afb854","name":"TNLP006125 - Fijistraat 31, Almere","address":"31 Fijistraat","city":"Almere","operatorName":"TotalEnergies","maxPowerKw":13,"isMegawatt":false,"status":"CHARGING","source":"ndw"}},{"type":"Feature","geometry":{"type":"Point","coordinates":[5.149403,52.35778]},"properties":{"type":"charge","layer":"passenger","locationId":"d62edfa2-6d7d-4d68-a662-b5604eba3e17","name":"PP005559 - Apollostraat 3, Almere","address":"3 Apollostraat","city":"Almere","operatorName":"TotalEnergies","maxPowerKw":13,"isMegawatt":false,"status":"AVAILABLE","source":"ndw"}},{"type":"Feature","geometry":{"type":"Point","coordinates":[5.2843,52.399]},"properties":{"type":"charge","layer":"passenger","locationId":"dda47f67-cd0a-4f57-ae99-5ca040c39810","name":"TNLP003508 - Novemberstraat 19, Almere","address":"19 Novemberstraat","city":"Almere","operatorName":"TotalEnergies","maxPowerKw":17,"isMegawatt":false,"status":"AVAILABLE","source":"ndw"}},{"type":"Feature","geometry":{"type":"Point","coordinates":[5.195742,52.363811]},"properties":{"type":"charge","layer":"passenger","locationId":"bdff1be4-1d63-41eb-8a71-0ef17393ff38","name":"TNLP015309","address":"H. Andriessenweg 46","city":"Almere","operatorName":"TotalEnergies","maxPowerKw":17,"isMegawatt":false,"status":"AVAILABLE","source":"ndw"}},{"type":"Feature","geometry":{"type":"Point","coordinates":[5.220942,52.380898]},"properties":{"type":"charge","layer":"passenger","locationId":"86485556-27e5-40b2-a0bb-069c15fdad7f","name":"TNLP015252","address":"Clemenceaustraat 8","city":"Almere","operatorName":"TotalEnergies","maxPowerKw":17,"isMegawatt":false,"status":"CHARGING","source":"ndw"}},{"type":"Feature","geometry":{"type":"Point","coordinates":[5.205816,52.34175]},"properties":{"type":"charge","layer":"passenger","locationId":"1ea3fd9a-9978-4640-a9f8-eb727cfc9f2a","name":"PP005280 - Leemwierde 147, Almere","address":"147 Leemwierde","city":"Almere","operatorName":"TotalEnergies","maxPowerKw":13,"isMegawatt":false,"status":"AVAILABLE","source":"ndw"}},{"type":"Feature","geometry":{"type":"Point","coordinates":[5.201199,52.384525]},"properties":{"type":"charge","layer":"passenger","locationId":"f5c8ef2f-f19f-4fcb-96e6-f68ab29f6eec","name":"PP005226 - Borstelgrasstraat 18, Almere","address":"18 Borstelgrasstraat","city":"Almere","operatorName":"TotalEnergies","maxPowerKw":15,"isMegawatt":false,"status":"AVAILABLE","source":"ndw"}},{"type":"Feature","geometry":{"type":"Point","coordinates":[5.30605,52.357796]},"properties":{"type":"charge","layer":"passenger","locationId":"bd2fb53ec1f6c576c350e8ccfe70f804","name":"Robert Stirlingstraat 9","address":"Robert Stirlingstraat 9","city":"Almere","operatorName":"Vattenfall InCharge","maxPowerKw":22,"isMegawatt":false,"status":"AVAILABLE","source":"ndw"}},{"type":"Feature","geometry":{"type":"Point","coordinates":[5.209873,52.366514]},"properties":{"type":"charge","layer":"passenger","locationId":"5025811b61e59ca89e4fe53b10b89270","name":"Almelostraat 43","address":"Almelostraat 43","city":"Almere","operatorName":"Vattenfall InCharge","maxPowerKw":11,"isMegawatt":false,"status":"AVAILABLE","source":"ndw"}},{"type":"Feature","geometry":{"type":"Point","coordinates":[5.209264,52.36212]},"properties":{"type":"charge","layer":"passenger","locationId":"77953423-a13a-4d6a-9d79-1d814c8ccb20","name":"TNLP009582 - Arnhemplein 72, Almere","address":"72 Arnhemplein","city":"Almere","operatorName":"TotalEnergies","maxPowerKw":15,"isMegawatt":false,"status":"CHARGING","source":"ndw"}},{"type":"Feature","geometry":{"type":"Point","coordinates":[5.2062806,52.3421692]},"properties":{"type":"charge","layer":"passenger","locationId":"1361","name":"Shell Recharge NL Siltwierde 2","address":"Siltwierde 2","city":"Almere","operatorName":"Ubitricity","maxPowerKw":22,"isMegawatt":false,"status":"AVAILABLE","source":"ndw","priceKwh":0.266}},{"type":"Feature","geometry":{"type":"Point","coordinates":[5.28335,52.40003]},"properties":{"type":"charge","layer":"passenger","locationId":"6d88a38f6c4a2b9d561cd743afecba0b","name":"Novemberstraat 44","address":"Novemberstraat 44","city":"Almere","operatorName":"Vattenfall InCharge","maxPowerKw":11,"isMegawatt":false,"status":"AVAILABLE","source":"ndw"}},{"type":"Feature","geometry":{"type":"Point","coordinates":[5.2444,52.3737]},"properties":{"type":"charge","layer":"passenger","locationId":"8d23ab2c-4cc0-4f73-82ad-cfa536d227f1","name":"TNLP006049 - Watercipresstraat 3, Almere","address":"3 Watercipresstraat","city":"Almere","operatorName":"TotalEnergies","maxPowerKw":13,"isMegawatt":false,"status":"AVAILABLE","source":"ndw"}},{"type":"Feature","geometry":{"type":"Point","coordinates":[5.317708,52.404258]},"properties":{"type":"charge","layer":"passenger","locationId":"d7806464-561e-4408-b718-ae2193bbe37b","name":"TNLP034560","address":"Aafje Andersstraat 21","city":"Almere","operatorName":"TotalEnergies","maxPowerKw":14,"isMegawatt":false,"status":"CHARGING","source":"ndw"}},{"type":"Feature","geometry":{"type":"Point","coordinates":[5.151231,52.343975]},"properties":{"type":"charge","layer":"passenger","locationId":"df8b1a67-1c82-4ec6-9f2d-d66ed313e4a3","name":"TNLP015028 - Demetrius Vikelaslaan 96, Almere","address":"96 Demetrius Vikelaslaan","city":"Almere","operatorName":"TotalEnergies","maxPowerKw":13,"isMegawatt":false,"status":"AVAILABLE","source":"ndw"}},{"type":"Feature","geometry":{"type":"Point","coordinates":[5.182522,52.360275]},"properties":{"type":"charge","layer":"passenger","locationId":"764d4cc2-a6ef-4b12-98e4-125f0b08a07a","name":"TNLP009013 - Betje Wolffstraat 25, Almere","address":"25 Betje Wolffstraat","city":"Almere","operatorName":"TotalEnergies","maxPowerKw":13,"isMegawatt":false,"status":"AVAILABLE","source":"ndw"}},{"type":"Feature","geometry":{"type":"Point","coordinates":[5.2399815,52.3626492]},"properties":{"type":"charge","layer":"passenger","locationId":"1900","name":"Shell Recharge NL Buñuellaan 48","address":"Buñuellaan 48","city":"Almere","operatorName":"Ubitricity","maxPowerKw":22,"isMegawatt":false,"status":"AVAILABLE","source":"ndw","priceKwh":0.266}},{"type":"Feature","geometry":{"type":"Point","coordinates":[5.1554,52.34533]},"properties":{"type":"charge","layer":"passenger","locationId":"06436705-7305-4635-9fe6-aeed20bcaa7c","name":"TNLP015248","address":"Serviëstraat 55","city":"Almere","operatorName":"TotalEnergies","maxPowerKw":17,"isMegawatt":false,"status":"AVAILABLE","source":"ndw"}},{"type":"Feature","geometry":{"type":"Point","coordinates":[5.258888,52.37391]},"properties":{"type":"charge","layer":"passenger","locationId":"951df268-269d-480e-ad1d-eed75d519019","name":"TNLP015116 - Paul Kleestraat 1, Almere","address":"1 Paul Kleestraat","city":"Almere","operatorName":"TotalEnergies","maxPowerKw":13,"isMegawatt":false,"status":"AVAILABLE","source":"ndw"}},{"type":"Feature","geometry":{"type":"Point","coordinates":[5.145406,52.344063]},"properties":{"type":"charge","layer":"passenger","locationId":"572c99d2-ad08-4b46-a7aa-24dda0e05c2f","name":"TNLP007015 - Portugalkade 117, Almere","address":"117 Portugalkade","city":"Almere","operatorName":"TotalEnergies","maxPowerKw":13,"isMegawatt":false,"status":"CHARGING","source":"ndw"}},{"type":"Feature","geometry":{"type":"Point","coordinates":[5.284374,52.386387]},"properties":{"type":"charge","layer":"passenger","locationId":"0a66febb-315f-4de8-a7c8-046a607d02a2","name":"TNLP006244 - Lotusbloemweg 40, Almere","address":"40 Lotusbloemweg","city":"Almere","operatorName":"TotalEnergies","maxPowerKw":13,"isMegawatt":false,"status":"CHARGING","source":"ndw"}},{"type":"Feature","geometry":{"type":"Point","coordinates":[5.289246,52.361265]},"properties":{"type":"charge","layer":"passenger","locationId":"1a207430-2a1a-44d8-a641-9e9329d6fa62","name":"TNLP034273","address":"Martin Rylestraat 13","city":"Almere","operatorName":"TotalEnergies","maxPowerKw":14,"isMegawatt":false,"status":"AVAILABLE","source":"ndw"}},{"type":"Feature","geometry":{"type":"Point","coordinates":[5.264734,52.389793]},"properties":{"type":"charge","layer":"passenger","locationId":"aaf82542-c0d2-4af0-919b-b4326a5709c8","name":"TNLP007645 - Hofstedestraat 59, Almere","address":"59 Hofstedestraat","city":"Almere","operatorName":"TotalEnergies","maxPowerKw":13,"isMegawatt":false,"status":"CHARGING","source":"ndw"}},{"type":"Feature","geometry":{"type":"Point","coordinates":[5.30914,52.4013]},"properties":{"type":"charge","layer":"passenger","locationId":"f53e24a2-1316-41cc-9946-d21a88eea455","name":"PP001618 - Spitsbergen 53, Almere","address":"53 Spitsbergen","city":"Almere","operatorName":"TotalEnergies","maxPowerKw":11,"isMegawatt":false,"status":"AVAILABLE","source":"ndw"}},{"type":"Feature","geometry":{"type":"Point","coordinates":[5.285915,52.35942]},"properties":{"type":"charge","layer":"passenger","locationId":"d4f46ba0-5f2c-49e9-8b63-67acad066bec","name":"TNLP009358 - Richard Feynmanstraat 13, Almere","address":"13 Richard Feynmanstraat","city":"Almere","operatorName":"TotalEnergies","maxPowerKw":13,"isMegawatt":false,"status":"AVAILABLE","source":"ndw"}},{"type":"Feature","geometry":{"type":"Point","coordinates":[5.291336,52.402243]},"properties":{"type":"charge","layer":"passenger","locationId":"ddbace13c76216a7edac7d28121851a6","name":"Eeuwenweg 17","address":"Eeuwenweg 17","city":"Almere","operatorName":"Vattenfall InCharge","maxPowerKw":11,"isMegawatt":false,"status":"CHARGING","source":"ndw"}},{"type":"Feature","geometry":{"type":"Point","coordinates":[5.188357,52.365371]},"properties":{"type":"charge","layer":"passenger","locationId":"43b8cb8d42170f591d0b49520ab1c095","name":"Gershwinstraat 55","address":"Gershwinstraat 55","city":"Almere","operatorName":"Vattenfall InCharge","maxPowerKw":11,"isMegawatt":false,"status":"AVAILABLE","source":"ndw"}},{"type":"Feature","geometry":{"type":"Point","coordinates":[5.242429,52.389557]},"properties":{"type":"charge","layer":"passenger","locationId":"ae359824-d55d-4a89-b8b9-20372629e200","name":"TNLP015249 - Estafettelaan 3, Almere","address":"3 Estafettelaan","city":"Almere","operatorName":"TotalEnergies","maxPowerKw":13,"isMegawatt":false,"status":"AVAILABLE","source":"ndw"}},{"type":"Feature","geometry":{"type":"Point","coordinates":[5.2595,52.394991]},"properties":{"type":"charge","layer":"passenger","locationId":"75083b7c19ffe28b5c8d04225737c370","name":"W. Bruinstraat 83","address":"W. Bruinstraat 83","city":"Almere","operatorName":"Vattenfall InCharge","maxPowerKw":11,"isMegawatt":false,"status":"AVAILABLE","source":"ndw"}},{"type":"Feature","geometry":{"type":"Point","coordinates":[5.2373808,52.332889]},"properties":{"type":"charge","layer":"passenger","locationId":"1056","name":"Shell Recharge NL Schapenmeent 185","address":"Schapenmeent 185","city":"Almere","operatorName":"Ubitricity","maxPowerKw":22,"isMegawatt":false,"status":"AVAILABLE","source":"ndw","priceKwh":0.266}},{"type":"Feature","geometry":{"type":"Point","coordinates":[5.204438,52.382423]},"properties":{"type":"charge","layer":"passenger","locationId":"b6f04f04-43db-487d-ae42-7323efcbd934","name":"TNLP009965 - Distelweg 121, Almere","address":"121 Distelweg","city":"Almere","operatorName":"TotalEnergies","maxPowerKw":13,"isMegawatt":false,"status":"AVAILABLE","source":"ndw"}},{"type":"Feature","geometry":{"type":"Point","coordinates":[5.2624536,52.3950087]},"properties":{"type":"charge","layer":"passenger","locationId":"1101","name":"Shell Recharge NL J.T.P. Bijhouwerhof 81","address":"J.T.P. Bijhouwerhof 81","city":"Almere","operatorName":"Ubitricity","maxPowerKw":22,"isMegawatt":false,"status":"CHARGING","source":"ndw","priceKwh":0.266}},{"type":"Feature","geometry":{"type":"Point","coordinates":[5.173793,52.392075]},"properties":{"type":"charge","layer":"passenger","locationId":"e9db0d25-fa03-49d3-b633-3db00970edf9","name":"TNLP008857 - Loggerzeil 3, Almere","address":"3 Loggerzeil","city":"Almere","operatorName":"TotalEnergies","maxPowerKw":14,"isMegawatt":false,"status":"AVAILABLE","source":"ndw"}},{"type":"Feature","geometry":{"type":"Point","coordinates":[5.32502,52.4046]},"properties":{"type":"charge","layer":"passenger","locationId":"fa0aeecd75e007d0e1580613ff642835","name":"De Stripmaker 2","address":"De Stripmaker 2","city":"Almere","operatorName":"Vattenfall InCharge","maxPowerKw":11,"isMegawatt":false,"status":"AVAILABLE","source":"ndw"}},{"type":"Feature","geometry":{"type":"Point","coordinates":[5.305827,52.40298]},"properties":{"type":"charge","layer":"passenger","locationId":"NLLOC000944","name":"NLD, Almere, Hebridenstraat 58","address":"Hebridenstraat 58","city":"Almere","operatorName":"Allego","maxPowerKw":22,"isMegawatt":false,"status":"AVAILABLE","source":"ndw","priceKwh":0.511}},{"type":"Feature","geometry":{"type":"Point","coordinates":[5.284865,52.358486]},"properties":{"type":"charge","layer":"passenger","locationId":"35ce1095-bea8-435d-8232-66d809213f8c","name":"TNLP006273 - Max Planckstraat 11, Almere","address":"11 Max Planckstraat","city":"Almere","operatorName":"TotalEnergies","maxPowerKw":13,"isMegawatt":false,"status":"AVAILABLE","source":"ndw"}},{"type":"Feature","geometry":{"type":"Point","coordinates":[5.247684,52.405216]},"properties":{"type":"charge","layer":"passenger","locationId":"66ab3d46f16210001d5ca06d","name":"NL - Almere - Hefbrugweg 79 - P2","address":"Hefbrugweg 79","city":"Almere","operatorName":"E-Flux by Road","maxPowerKw":22,"isMegawatt":false,"status":"AVAILABLE","source":"ndw","priceKwh":0.24}},{"type":"Feature","geometry":{"type":"Point","coordinates":[5.205948,52.39194]},"properties":{"type":"charge","layer":"passenger","locationId":"67c81ec0833ac12dc792b0d0","name":"Het Zonneboertje B.V.","address":"Lijzijde 31","city":"Almere","operatorName":"E-Flux by Road","maxPowerKw":14,"isMegawatt":false,"status":"AVAILABLE","source":"ndw","priceKwh":0.68}},{"type":"Feature","geometry":{"type":"Point","coordinates":[5.202642,52.361225]},"properties":{"type":"charge","layer":"passenger","locationId":"ebee158a-9861-4ecb-9b20-553eb59f7f90","name":"TNLP006508 - Leidenstraat 29, Almere","address":"29 Leidenstraat","city":"Almere","operatorName":"TotalEnergies","maxPowerKw":13,"isMegawatt":false,"status":"AVAILABLE","source":"ndw"}},{"type":"Feature","geometry":{"type":"Point","coordinates":[5.146638,52.33642]},"properties":{"type":"charge","layer":"passenger","locationId":"4860ce44-2ac9-4aac-a4a6-b00b5cace462","name":"TNLP009227 - Muiderzandweg 2, Almere","address":"2 Muiderzandweg","city":"Almere","operatorName":"TotalEnergies","maxPowerKw":15,"isMegawatt":false,"status":"AVAILABLE","source":"ndw"}},{"type":"Feature","geometry":{"type":"Point","coordinates":[5.202192,52.34213]},"properties":{"type":"charge","layer":"passenger","locationId":"e29bc51be65e2bdaf2710e1f47700543","name":"Meerveldplein 4","address":"Meerveldplein 4","city":"Almere","operatorName":"Vattenfall InCharge","maxPowerKw":11,"isMegawatt":false,"status":"CHARGING","source":"ndw"}},{"type":"Feature","geometry":{"type":"Point","coordinates":[5.295335,52.39528]},"properties":{"type":"charge","layer":"passenger","locationId":"d8182f50-1af4-44ae-a0d1-f0c119a3a648","name":"TNLP009286 - Siennastraat 101, Almere","address":"101 Siennastraat","city":"Almere","operatorName":"TotalEnergies","maxPowerKw":13,"isMegawatt":false,"status":"AVAILABLE","source":"ndw"}},{"type":"Feature","geometry":{"type":"Point","coordinates":[5.230631,52.345806]},"properties":{"type":"charge","layer":"passenger","locationId":"88e1d2fe-e7cc-4eb9-9fc3-e63fe1d7e82b","name":"TNLP009653 - Hofmark 208, Almere","address":"208 Hofmark","city":"Almere","operatorName":"TotalEnergies","maxPowerKw":15,"isMegawatt":false,"status":"CHARGING","source":"ndw"}},{"type":"Feature","geometry":{"type":"Point","coordinates":[5.32246,52.40096]},"properties":{"type":"charge","layer":"passenger","locationId":"a3f06c53-501e-4c92-9dfa-605b2ffd5796","name":"PP001854 - Rode Katerplaats 16, Almere","address":"16 Rode Katerplaats","city":"Almere","operatorName":"TotalEnergies","maxPowerKw":11,"isMegawatt":false,"status":"AVAILABLE","source":"ndw"}},{"type":"Feature","geometry":{"type":"Point","coordinates":[5.223842,52.37172]},"properties":{"type":"charge","layer":"passenger","locationId":"c013e2b8-a672-4451-a6df-cd6f26a1a73b","name":"Laadplein - TNLP006305 - Landdroststraat 38, Almere","address":"38 Landdroststraat","city":"Almere","operatorName":"TotalEnergies","maxPowerKw":17,"isMegawatt":false,"status":"AVAILABLE","source":"ndw"}},{"type":"Feature","geometry":{"type":"Point","coordinates":[5.273934,52.390465]},"properties":{"type":"charge","layer":"passenger","locationId":"c389d227-4232-49cd-8e9f-e30506f4248a","name":"TNLP007863 - Eekhoornstraat 53, Almere","address":"53 Eekhoornstraat","city":"Almere","operatorName":"TotalEnergies","maxPowerKw":13,"isMegawatt":false,"status":"AVAILABLE","source":"ndw"}},{"type":"Feature","geometry":{"type":"Point","coordinates":[5.26928,52.38811]},"properties":{"type":"charge","layer":"passenger","locationId":"653","name":"Shell Recharge NL Neijenrodestraat 2","address":"Neijenrodestraat 2","city":"Almere","operatorName":"Ubitricity","maxPowerKw":11,"isMegawatt":false,"status":"AVAILABLE","source":"ndw","priceKwh":0.388}},{"type":"Feature","geometry":{"type":"Point","coordinates":[5.22754,52.345867]},"properties":{"type":"charge","layer":"passenger","locationId":"cf85f6cb-764c-40cf-8996-0e7b0962db23","name":"TNLP009259 - Hofmark 403, Almere","address":"403 Hofmark","city":"Almere","operatorName":"TotalEnergies","maxPowerKw":13,"isMegawatt":false,"status":"AVAILABLE","source":"ndw"}},{"type":"Feature","geometry":{"type":"Point","coordinates":[5.27958,52.38917]},"properties":{"type":"charge","layer":"passenger","locationId":"0e3d0e68-4d34-496b-8f69-ea469a05eecf","name":"TNLP008531 - Rosarium 62, Almere","address":"62 Rosarium","city":"Almere","operatorName":"TotalEnergies","maxPowerKw":14,"isMegawatt":false,"status":"CHARGING","source":"ndw"}},{"type":"Feature","geometry":{"type":"Point","coordinates":[5.15551,52.35406]},"properties":{"type":"charge","layer":"passenger","locationId":"e1be72dd-bb55-4ce0-9479-a8dc6a84a5f2","name":"PP004246 - Herculesstraat 32, Almere","address":"32 Herculesstraat","city":"Almere","operatorName":"TotalEnergies","maxPowerKw":13,"isMegawatt":false,"status":"UNAVAILABLE","source":"ndw"}},{"type":"Feature","geometry":{"type":"Point","coordinates":[5.218243,52.341764]},"properties":{"type":"charge","layer":"passenger","locationId":"NLLOC001165","name":"NLD, Almere, Buitenhof 60","address":"Buitenhof 60","city":"Almere","operatorName":"Allego","maxPowerKw":22,"isMegawatt":false,"status":"AVAILABLE","source":"ndw","priceKwh":0.511}},{"type":"Feature","geometry":{"type":"Point","coordinates":[5.179307,52.372448]},"properties":{"type":"charge","layer":"passenger","locationId":"2c4f2382-9af6-4eea-ae1f-4e3a27a09809","name":"PP001760 - Contrabasweg 185, Almere","address":"185 Contrabasweg","city":"Almere","operatorName":"TotalEnergies","maxPowerKw":11,"isMegawatt":false,"status":"AVAILABLE","source":"ndw"}},{"type":"Feature","geometry":{"type":"Point","coordinates":[5.152505,52.34816]},"properties":{"type":"charge","layer":"passenger","locationId":"672021a1-8474-4b23-9f23-5d9f3ba7d4f2","name":"Laadplein - TNLP006537 - Beneluxlaan 675, Almere","address":"675 Beneluxlaan","city":"Almere","operatorName":"TotalEnergies","maxPowerKw":15,"isMegawatt":false,"status":"AVAILABLE","source":"ndw"}},{"type":"Feature","geometry":{"type":"Point","coordinates":[5.1543496,52.3518825]},"properties":{"type":"charge","layer":"passenger","locationId":"2183","name":"Shell Recharge NL Anubisstraat 64","address":"Anubisstraat 64","city":"Almere","operatorName":"Ubitricity","maxPowerKw":22,"isMegawatt":false,"status":"CHARGING","source":"ndw","priceKwh":0.266}},{"type":"Feature","geometry":{"type":"Point","coordinates":[5.193489,52.338882]},"properties":{"type":"charge","layer":"passenger","locationId":"3ba15116-ea69-460c-8d93-d32eccc33bd2","name":"TNLP009235 - Toernooiveld 77, Almere","address":"77 Toernooiveld","city":"Almere","operatorName":"TotalEnergies","maxPowerKw":13,"isMegawatt":false,"status":"AVAILABLE","source":"ndw"}},{"type":"Feature","geometry":{"type":"Point","coordinates":[5.143549,52.344067]},"properties":{"type":"charge","layer":"passenger","locationId":"26763e43-ea15-420a-a234-fd99e3eddaf9","name":"Laadplein - TNLP006860 - Duinmeerstraat 27, Almere","address":"27 Duinmeerstraat","city":"Almere","operatorName":"TotalEnergies","maxPowerKw":15,"isMegawatt":false,"status":"AVAILABLE","source":"ndw"}},{"type":"Feature","geometry":{"type":"Point","coordinates":[5.233306,52.38859]},"properties":{"type":"charge","layer":"passenger","locationId":"7ebcd7d4-7a71-4c86-b6a7-e509c1ddcf68","name":"PP001827 - Sprotstraat 48, Almere","address":"48 Sprotstraat","city":"Almere","operatorName":"TotalEnergies","maxPowerKw":11,"isMegawatt":false,"status":"AVAILABLE","source":"ndw"}},{"type":"Feature","geometry":{"type":"Point","coordinates":[5.287966,52.4009219]},"properties":{"type":"charge","layer":"passenger","locationId":"2012","name":"Shell Recharge NL Eeuwenweg 71","address":"Eeuwenweg 71","city":"Almere","operatorName":"Ubitricity","maxPowerKw":22,"isMegawatt":false,"status":"AVAILABLE","source":"ndw","priceKwh":0.266}},{"type":"Feature","geometry":{"type":"Point","coordinates":[5.147397,52.3568]},"properties":{"type":"charge","layer":"passenger","locationId":"36782eb3-6de2-48a0-bed7-326fdcdf3092","name":"TNLP006755 - Artemissingel 16, Almere","address":"16 Artemissingel","city":"Almere","operatorName":"TotalEnergies","maxPowerKw":13,"isMegawatt":false,"status":"AVAILABLE","source":"ndw"}},{"type":"Feature","geometry":{"type":"Point","coordinates":[5.18936,52.380352]},"properties":{"type":"charge","layer":"passenger","locationId":"48faae5d-8d99-404e-a696-7decd1385533","name":"TNLP006253 - Kruidenweg 3, Almere","address":"3 Kruidenweg","city":"Almere","operatorName":"TotalEnergies","maxPowerKw":15,"isMegawatt":false,"status":"AVAILABLE","source":"ndw"}},{"type":"Feature","geometry":{"type":"Point","coordinates":[5.2875745,52.3582954]},"properties":{"type":"charge","layer":"passenger","locationId":"2168","name":"Shell Recharge NL C.V. Ramanstraat 7","address":"C.V. Ramanstraat 7","city":"Almere","operatorName":"Ubitricity","maxPowerKw":22,"isMegawatt":false,"status":"AVAILABLE","source":"ndw","priceKwh":0.266}},{"type":"Feature","geometry":{"type":"Point","coordinates":[5.18245,52.355465]},"properties":{"type":"charge","layer":"passenger","locationId":"50f641ae-6119-4788-b3de-b883d6b54f1f","name":"TNLP015010 - Poëziestraat 15, Almere","address":"15 Poëziestraat","city":"Almere","operatorName":"TotalEnergies","maxPowerKw":13,"isMegawatt":false,"status":"AVAILABLE","source":"ndw"}},{"type":"Feature","geometry":{"type":"Point","coordinates":[5.190874,52.351406]},"properties":{"type":"charge","layer":"passenger","locationId":"6b440e15-47e9-4b1f-9a46-f7ad56ef03da","name":"TNLP006820 - Versterkerstraat 2, Almere","address":"2 Versterkerstraat","city":"Almere","operatorName":"TotalEnergies","maxPowerKw":15,"isMegawatt":false,"status":"AVAILABLE","source":"ndw"}},{"type":"Feature","geometry":{"type":"Point","coordinates":[5.180487,52.366104]},"properties":{"type":"charge","layer":"passenger","locationId":"899b0216-db0d-49e8-a85b-905c42eb6a36","name":"TNLP006809 - Charlie Parkerstraat 37, Almere","address":"37 Charlie Parkerstraat","city":"Almere","operatorName":"TotalEnergies","maxPowerKw":13,"isMegawatt":false,"status":"AVAILABLE","source":"ndw"}},{"type":"Feature","geometry":{"type":"Point","coordinates":[5.227169,52.348583]},"properties":{"type":"charge","layer":"passenger","locationId":"272c3b69-3d05-4c92-8c6a-4460c9efff3e","name":"PP005291 - De Steiger 174, Almere","address":"174 De Steiger","city":"Almere","operatorName":"TotalEnergies","maxPowerKw":15,"isMegawatt":false,"status":"CHARGING","source":"ndw"}},{"type":"Feature","geometry":{"type":"Point","coordinates":[5.319099,52.403417]},"properties":{"type":"charge","layer":"passenger","locationId":"921c6900db91930443bf789e763beca8","name":"Carol Vogesgracht 10","address":"Carol Vogesgracht 10","city":"Almere","operatorName":"Vattenfall InCharge","maxPowerKw":11,"isMegawatt":false,"status":"AVAILABLE","source":"ndw"}},{"type":"Feature","geometry":{"type":"Point","coordinates":[5.222549,52.386227]},"properties":{"type":"charge","layer":"passenger","locationId":"NLLOC001173","name":"NLD, Almere, Plakke Venstraat 1","address":"Plakke Venstraat 1","city":"Almere","operatorName":"Allego","maxPowerKw":11,"isMegawatt":false,"status":"AVAILABLE","source":"ndw","priceKwh":0.511}},{"type":"Feature","geometry":{"type":"Point","coordinates":[5.26832,52.39106]},"properties":{"type":"charge","layer":"passenger","locationId":"c4d5cac5-a271-4314-8d18-64500d6335e1","name":"PP002551 - Clingendaellaan 37, Almere","address":"37 Clingendaellaan","city":"Almere","operatorName":"TotalEnergies","maxPowerKw":13,"isMegawatt":false,"status":"AVAILABLE","source":"ndw"}},{"type":"Feature","geometry":{"type":"Point","coordinates":[5.23947,52.338985]},"properties":{"type":"charge","layer":"passenger","locationId":"56adcac0-28bb-4cb4-9bfb-a924b491ab9f","name":"TNLP015007 - Klipgriend 82, Almere","address":"82 Klipgriend","city":"Almere","operatorName":"TotalEnergies","maxPowerKw":13,"isMegawatt":false,"status":"AVAILABLE","source":"ndw"}},{"type":"Feature","geometry":{"type":"Point","coordinates":[5.208245,52.361046]},"properties":{"type":"charge","layer":"passenger","locationId":"8ec63fc1-31a6-4e3b-89c5-d9ffa2093341","name":"PP005539 - Venloweg 34, Almere","address":"34 Venloweg","city":"Almere","operatorName":"TotalEnergies","maxPowerKw":13,"isMegawatt":false,"status":"CHARGING","source":"ndw"}},{"type":"Feature","geometry":{"type":"Point","coordinates":[5.15519,52.34692]},"properties":{"type":"charge","layer":"passenger","locationId":"ef70e6c3-13a6-4db1-95f0-2802bba642ba","name":"Laadplein - TNLP009305 - Moldaviëstraat 92, Almere","address":"92 Moldaviëstraat","city":"Almere","operatorName":"TotalEnergies","maxPowerKw":15,"isMegawatt":false,"status":"AVAILABLE","source":"ndw"}},{"type":"Feature","geometry":{"type":"Point","coordinates":[5.200688,52.366056]},"properties":{"type":"charge","layer":"passenger","locationId":"fa3d4a6e44239a32a3850cb26e89be0b","name":"Mozartweg 13","address":"Mozartweg 13","city":"Almere","operatorName":"Vattenfall InCharge","maxPowerKw":11,"isMegawatt":false,"status":"CHARGING","source":"ndw"}},{"type":"Feature","geometry":{"type":"Point","coordinates":[5.246781,52.37563]},"properties":{"type":"charge","layer":"passenger","locationId":"723b7eaf-4214-47fc-8149-fe8bbf883054","name":"PP005642 - Gleditsiastraat 62, Almere","address":"62 Gleditsiastraat","city":"Almere","operatorName":"TotalEnergies","maxPowerKw":13,"isMegawatt":false,"status":"AVAILABLE","source":"ndw"}},{"type":"Feature","geometry":{"type":"Point","coordinates":[5.26426,52.36648]},"properties":{"type":"charge","layer":"passenger","locationId":"558","name":"Shell Recharge NL Constablestraat 1","address":"Constablestraat 1","city":"Almere","operatorName":"Ubitricity","maxPowerKw":11,"isMegawatt":false,"status":"AVAILABLE","source":"ndw","priceKwh":0.388}},{"type":"Feature","geometry":{"type":"Point","coordinates":[5.247174,52.371]},"properties":{"type":"charge","layer":"passenger","locationId":"146f1d1e-e415-4692-b449-1d6babc82c25","name":"TNLP009273 - Cotoneasterstraat 16, Almere","address":"16 Cotoneasterstraat","city":"Almere","operatorName":"TotalEnergies","maxPowerKw":15,"isMegawatt":false,"status":"AVAILABLE","source":"ndw"}},{"type":"Feature","geometry":{"type":"Point","coordinates":[5.26097,52.36277]},"properties":{"type":"charge","layer":"passenger","locationId":"691","name":"Shell Recharge NL Rudolf Nureyevstraat 2","address":"Rudolf Nureyevstraat 2","city":"Almere","operatorName":"Ubitricity","maxPowerKw":11,"isMegawatt":false,"status":"AVAILABLE","source":"ndw","priceKwh":0.388}},{"type":"Feature","geometry":{"type":"Point","coordinates":[5.218655,52.34287]},"properties":{"type":"charge","layer":"passenger","locationId":"21d1e2c3-3615-40d0-9520-b78c04a96821","name":"TNLP015211 - Groenhof 39, Almere","address":"39 Groenhof","city":"Almere","operatorName":"TotalEnergies","maxPowerKw":13,"isMegawatt":false,"status":"CHARGING","source":"ndw"}},{"type":"Feature","geometry":{"type":"Point","coordinates":[5.281233,52.40189]},"properties":{"type":"charge","layer":"passenger","locationId":"80746441-380d-4800-84b7-cde561057404","name":"TNLP015343 - Novemberstraat 61, Almere","address":"61 Novemberstraat","city":"Almere","operatorName":"TotalEnergies","maxPowerKw":13,"isMegawatt":false,"status":"AVAILABLE","source":"ndw"}},{"type":"Feature","geometry":{"type":"Point","coordinates":[5.197531,52.365201]},"properties":{"type":"charge","layer":"passenger","locationId":"7fed3180-ee5f-460b-ace0-9de8cd5ee274","name":"TNLP034619","address":"Haydnplantsoen 23","city":"Almere","operatorName":"TotalEnergies","maxPowerKw":14,"isMegawatt":false,"status":"AVAILABLE","source":"ndw"}},{"type":"Feature","geometry":{"type":"Point","coordinates":[5.22161,52.37171]},"properties":{"type":"charge","layer":"passenger","locationId":"4ebda467-30a3-4cc3-96fb-1267fbe9fa66","name":"Laadplein - PP002061 - Stadhuisplein 1, Almere","address":"1 Stadhuisplein","city":"Almere","operatorName":"TotalEnergies","maxPowerKw":11,"isMegawatt":false,"status":"AVAILABLE","source":"ndw"}},{"type":"Feature","geometry":{"type":"Point","coordinates":[5.219966,52.341408]},"properties":{"type":"charge","layer":"passenger","locationId":"bbcc227a-bbc9-483a-bfb9-bed02792686f","name":"TNLP009304 - Groenhof 151, Almere","address":"151 Groenhof","city":"Almere","operatorName":"TotalEnergies","maxPowerKw":13,"isMegawatt":false,"status":"AVAILABLE","source":"ndw"}},{"type":"Feature","geometry":{"type":"Point","coordinates":[5.21031,52.38395]},"properties":{"type":"charge","layer":"passenger","locationId":"6a96237b-b98f-4125-aac6-eeaf969e5c18","name":"PP004298 - Schijfmospad 15, Almere","address":"15 Schijfmospad","city":"Almere","operatorName":"TotalEnergies","maxPowerKw":15,"isMegawatt":false,"status":"AVAILABLE","source":"ndw"}},{"type":"Feature","geometry":{"type":"Point","coordinates":[5.321833,52.40662]},"properties":{"type":"charge","layer":"passenger","locationId":"633453db8372b2543c7e975b","name":"Shell Recharge - Van Staveren","address":"De Striptekenaar 83","city":"Almere","operatorName":"E-Flux by Road","maxPowerKw":150,"isMegawatt":false,"status":"AVAILABLE","source":"ndw","priceKwh":0.68}},{"type":"Feature","geometry":{"type":"Point","coordinates":[5.154126,52.345976]},"properties":{"type":"charge","layer":"passenger","locationId":"e092970a3ec05bf5c967e7c640ae1b9b","name":"Servïëplaats 2","address":"Servïëplaats 2","city":"Almere","operatorName":"Vattenfall InCharge","maxPowerKw":11,"isMegawatt":false,"status":"AVAILABLE","source":"ndw"}},{"type":"Feature","geometry":{"type":"Point","coordinates":[5.218456,52.382884]},"properties":{"type":"charge","layer":"passenger","locationId":"633571491767e690aadb25b1","name":"Praxis Almere Stad MEGA","address":"Markerkant 16-01","city":"Almere","operatorName":"Alva Charging Services","maxPowerKw":75,"isMegawatt":false,"status":"AVAILABLE","source":"ndw","priceKwh":0.668}},{"type":"Feature","geometry":{"type":"Point","coordinates":[5.183982,52.366467]},"properties":{"type":"charge","layer":"passenger","locationId":"fb6ce933-7337-4184-8dee-c1b104b42311","name":"TNLP007895 - John Coltranestraat 10, Almere","address":"10 John Coltranestraat","city":"Almere","operatorName":"TotalEnergies","maxPowerKw":15,"isMegawatt":false,"status":"CHARGING","source":"ndw"}},{"type":"Feature","geometry":{"type":"Point","coordinates":[5.152209,52.356694]},"properties":{"type":"charge","layer":"passenger","locationId":"9cff0ea3-fbf6-4c5b-b465-25b53c5e2b4f","name":"TNLP034212","address":"Odysseestraat 1","city":"Almere","operatorName":"TotalEnergies","maxPowerKw":14,"isMegawatt":false,"status":"CHARGING","source":"ndw"}},{"type":"Feature","geometry":{"type":"Point","coordinates":[5.16006,52.355922]},"properties":{"type":"charge","layer":"passenger","locationId":"2a0f9e78fde8f86a32c1d1e9686473bf","name":"Saturnussingel 324","address":"Saturnussingel 324","city":"Almere","operatorName":"Vattenfall InCharge","maxPowerKw":11,"isMegawatt":false,"status":"AVAILABLE","source":"ndw"}},{"type":"Feature","geometry":{"type":"Point","coordinates":[5.258926,52.398674]},"properties":{"type":"charge","layer":"passenger","locationId":"d574b8b7-9810-4c92-857f-af593a42e9e7","name":"TNLP009622 - J.A. Brinkmanstraat 3, Almere","address":"3 J.A. Brinkmanstraat","city":"Almere","operatorName":"TotalEnergies","maxPowerKw":15,"isMegawatt":false,"status":"CHARGING","source":"ndw"}},{"type":"Feature","geometry":{"type":"Point","coordinates":[5.177089,52.383207]},"properties":{"type":"charge","layer":"passenger","locationId":"993777e5-d731-42cd-9a29-bfb47b047630","name":"TNLP034280","address":"Scheepstros 7","city":"Almere","operatorName":"TotalEnergies","maxPowerKw":14,"isMegawatt":false,"status":"AVAILABLE","source":"ndw"}},{"type":"Feature","geometry":{"type":"Point","coordinates":[5.27219,52.3917]},"properties":{"type":"charge","layer":"passenger","locationId":"10add56e36e5c1a269b43b6d4b00bb15","name":"Middachtenlaan 2/F","address":"Middachtenlaan 2/F","city":"Almere","operatorName":"Vattenfall InCharge","maxPowerKw":11,"isMegawatt":false,"status":"AVAILABLE","source":"ndw"}},{"type":"Feature","geometry":{"type":"Point","coordinates":[5.187868,52.3602]},"properties":{"type":"charge","layer":"passenger","locationId":"c977a498-0043-4560-af69-33a4a4b5e3bc","name":"TNLP007519 - E. du Perronstraat 1, Almere","address":"1 E. du Perronstraat","city":"Almere","operatorName":"TotalEnergies","maxPowerKw":13,"isMegawatt":false,"status":"AVAILABLE","source":"ndw"}},{"type":"Feature","geometry":{"type":"Point","coordinates":[5.225563,52.336428]},"properties":{"type":"charge","layer":"passenger","locationId":"036bb42dfc177a6b4765b3beb250c677","name":"Wittewerf 74","address":"Wittewerf 74","city":"Almere","operatorName":"Vattenfall InCharge","maxPowerKw":11,"isMegawatt":false,"status":"AVAILABLE","source":"ndw"}},{"type":"Feature","geometry":{"type":"Point","coordinates":[5.259391,52.373338]},"properties":{"type":"charge","layer":"passenger","locationId":"1571","name":"Shell Recharge NL Max Ernststraat 2","address":"Max Ernststraat 2","city":"Almere","operatorName":"Ubitricity","maxPowerKw":11,"isMegawatt":false,"status":"CHARGING","source":"ndw","priceKwh":0.388}},{"type":"Feature","geometry":{"type":"Point","coordinates":[5.262781,52.367907]},"properties":{"type":"charge","layer":"passenger","locationId":"c2e05f0f54aad0e96aee0439766aed6a","name":"Monetstraat 1","address":"Monetstraat 1","city":"Almere","operatorName":"Vattenfall InCharge","maxPowerKw":11,"isMegawatt":false,"status":"CHARGING","source":"ndw"}},{"type":"Feature","geometry":{"type":"Point","coordinates":[5.22572,52.38496]},"properties":{"type":"charge","layer":"passenger","locationId":"690abb62ce5fb741258859640c4ddc7b","name":"Krammerstraat 37","address":"Krammerstraat 37","city":"Almere","operatorName":"Vattenfall InCharge","maxPowerKw":11,"isMegawatt":false,"status":"AVAILABLE","source":"ndw"}},{"type":"Feature","geometry":{"type":"Point","coordinates":[5.147096,52.357462]},"properties":{"type":"charge","layer":"passenger","locationId":"NLLOC001164","name":"NLD, Almere, Brigantiastraat 16","address":"Brigantiastraat 16","city":"Almere","operatorName":"Allego","maxPowerKw":11,"isMegawatt":false,"status":"AVAILABLE","source":"ndw","priceKwh":0.511}},{"type":"Feature","geometry":{"type":"Point","coordinates":[5.2708169,52.376816]},"properties":{"type":"charge","layer":"passenger","locationId":"2034","name":"Shell Recharge NL Carel Willinklaan 82","address":"Carel Willinklaan 82","city":"Almere","operatorName":"Ubitricity","maxPowerKw":22,"isMegawatt":false,"status":"AVAILABLE","source":"ndw","priceKwh":0.266}},{"type":"Feature","geometry":{"type":"Point","coordinates":[5.21769,52.33368]},"properties":{"type":"charge","layer":"passenger","locationId":"217","name":"Shell Recharge NL Deltrastraat 2","address":"Deltrastraat 2","city":"Almere","operatorName":"Ubitricity","maxPowerKw":11,"isMegawatt":false,"status":"AVAILABLE","source":"ndw","priceKwh":0.388}},{"type":"Feature","geometry":{"type":"Point","coordinates":[5.16243,52.3464]},"properties":{"type":"charge","layer":"passenger","locationId":"2170","name":"Shell Recharge NL Ruslandkade 18","address":"Ruslandkade 18","city":"Almere","operatorName":"Ubitricity","maxPowerKw":22,"isMegawatt":false,"status":"AVAILABLE","source":"ndw","priceKwh":0.266}},{"type":"Feature","geometry":{"type":"Point","coordinates":[5.27359,52.400675]},"properties":{"type":"charge","layer":"passenger","locationId":"7eb17fe85cf6c8114273413d6113b880","name":"Staakmolenstraat 3","address":"Staakmolenstraat 3","city":"Almere","operatorName":"Vattenfall InCharge","maxPowerKw":11,"isMegawatt":false,"status":"AVAILABLE","source":"ndw"}},{"type":"Feature","geometry":{"type":"Point","coordinates":[5.177657,52.357952]},"properties":{"type":"charge","layer":"passenger","locationId":"10d259af-5e6e-458b-8fa5-cc880f7b6bbb","name":"TNLP005758 - Ed Hoornikstraat 13, Almere","address":"13 Ed Hoornikstraat","city":"Almere","operatorName":"TotalEnergies","maxPowerKw":15,"isMegawatt":false,"status":"CHARGING","source":"ndw"}},{"type":"Feature","geometry":{"type":"Point","coordinates":[5.21091,52.37012]},"properties":{"type":"charge","layer":"passenger","locationId":"0a3d340fac07ba8bf80af10c53b887fb","name":"Meppelsingel 22","address":"Meppelsingel 22","city":"Almere","operatorName":"Vattenfall InCharge","maxPowerKw":11,"isMegawatt":false,"status":"AVAILABLE","source":"ndw"}},{"type":"Feature","geometry":{"type":"Point","coordinates":[5.18324,52.3754]},"properties":{"type":"charge","layer":"passenger","locationId":"97b8ec0f31322b9ebb6baf7bf8cc4b05","name":"Ouverture 19","address":"Ouverture 19","city":"Almere","operatorName":"Vattenfall InCharge","maxPowerKw":11,"isMegawatt":false,"status":"AVAILABLE","source":"ndw"}},{"type":"Feature","geometry":{"type":"Point","coordinates":[5.306097,52.368671]},"properties":{"type":"charge","layer":"passenger","locationId":"697c7c0b78d5cae31496b414","name":"Almere/ Carl Jungstraat 38","address":"Carl Jungstraat 38","city":"Almere","operatorName":"E-Flux by Road","maxPowerKw":14,"isMegawatt":false,"status":"AVAILABLE","source":"ndw","priceKwh":0.5217}},{"type":"Feature","geometry":{"type":"Point","coordinates":[5.156033,52.358594]},"properties":{"type":"charge","layer":"passenger","locationId":"8d18bdc3-1bfa-43bb-9cf4-35e4821f6516","name":"TNLP034157","address":"Aurorastraat 11","city":"Almere","operatorName":"TotalEnergies","maxPowerKw":14,"isMegawatt":false,"status":"CHARGING","source":"ndw"}},{"type":"Feature","geometry":{"type":"Point","coordinates":[5.28355,52.40183]},"properties":{"type":"charge","layer":"passenger","locationId":"8cc5ebaa3df260dce246f4aa45cf6089","name":"Jarenweg 10","address":"Jarenweg 10","city":"Almere","operatorName":"Vattenfall InCharge","maxPowerKw":11,"isMegawatt":false,"status":"AVAILABLE","source":"ndw"}},{"type":"Feature","geometry":{"type":"Point","coordinates":[5.307275,52.408945]},"properties":{"type":"charge","layer":"passenger","locationId":"208","name":"Shell Recharge NL Diadeemstraat 8","address":"Diadeemstraat 8","city":"Almere","operatorName":"Ubitricity","maxPowerKw":11,"isMegawatt":false,"status":"AVAILABLE","source":"ndw","priceKwh":0.388}},{"type":"Feature","geometry":{"type":"Point","coordinates":[5.229172,52.38752]},"properties":{"type":"charge","layer":"passenger","locationId":"cd01cb67-c392-4a30-ace9-2973648f9c3d","name":"TNLP009271 - Ladderbaai 40, Almere","address":"40 Ladderbaai","city":"Almere","operatorName":"TotalEnergies","maxPowerKw":13,"isMegawatt":false,"status":"AVAILABLE","source":"ndw"}},{"type":"Feature","geometry":{"type":"Point","coordinates":[5.15593,52.344124]},"properties":{"type":"charge","layer":"passenger","locationId":"cba93117a6b72e4cbe6d637da7a6b699","name":"Griekenlandkade 72","address":"Griekenlandkade 72","city":"Almere","operatorName":"Vattenfall InCharge","maxPowerKw":11,"isMegawatt":false,"status":"AVAILABLE","source":"ndw"}},{"type":"Feature","geometry":{"type":"Point","coordinates":[5.251998,52.36473]},"properties":{"type":"charge","layer":"passenger","locationId":"a1df323f37d841d70fae52959c6621eb","name":"Salsastraat 209","address":"Salsastraat 209","city":"Almere","operatorName":"Vattenfall InCharge","maxPowerKw":11,"isMegawatt":false,"status":"AVAILABLE","source":"ndw"}},{"type":"Feature","geometry":{"type":"Point","coordinates":[5.2420938,52.3804731]},"properties":{"type":"charge","layer":"passenger","locationId":"2158","name":"Shell Recharge NL Johan Westerveldstraat 17","address":"Johan Westerveldstraat 17","city":"Almere","operatorName":"Ubitricity","maxPowerKw":22,"isMegawatt":false,"status":"AVAILABLE","source":"ndw","priceKwh":0.266}},{"type":"Feature","geometry":{"type":"Point","coordinates":[5.142433,52.340405]},"properties":{"type":"charge","layer":"passenger","locationId":"d49d0164-2e0a-4c27-87bc-10e2f340f80d","name":"TNLP006849 - Binnenduinstraat 5, Almere","address":"5 Binnenduinstraat","city":"Almere","operatorName":"TotalEnergies","maxPowerKw":13,"isMegawatt":false,"status":"AVAILABLE","source":"ndw"}},{"type":"Feature","geometry":{"type":"Point","coordinates":[5.28802,52.35881]},"properties":{"type":"charge","layer":"passenger","locationId":"913","name":"Shell Recharge NL C.V. Ramanstraat 27","address":"C.V. Ramanstraat 27","city":"Almere","operatorName":"Ubitricity","maxPowerKw":22,"isMegawatt":false,"status":"AVAILABLE","source":"ndw","priceKwh":0.266}},{"type":"Feature","geometry":{"type":"Point","coordinates":[5.251674,52.363826]},"properties":{"type":"charge","layer":"passenger","locationId":"NLLOC001478","name":"NLD, Almere, Tarantellastraat 2","address":"Tarantellastraat 2","city":"Almere","operatorName":"Allego","maxPowerKw":11,"isMegawatt":false,"status":"AVAILABLE","source":"ndw","priceKwh":0.511}},{"type":"Feature","geometry":{"type":"Point","coordinates":[5.228256,52.379223]},"properties":{"type":"charge","layer":"passenger","locationId":"f32d8034-06ca-4aae-bd38-ca0b6a2351e5","name":"TNLP007109 - Randstad 22 117, Almere","address":"22 117 Randstad","city":"Almere","operatorName":"TotalEnergies","maxPowerKw":15,"isMegawatt":false,"status":"CHARGING","source":"ndw"}},{"type":"Feature","geometry":{"type":"Point","coordinates":[5.197225,52.367906]},"properties":{"type":"charge","layer":"passenger","locationId":"87fd55262faa26d3055449140d47b5ed","name":"Mozartweg 90","address":"Mozartweg 90","city":"Almere","operatorName":"Vattenfall InCharge","maxPowerKw":11,"isMegawatt":false,"status":"AVAILABLE","source":"ndw"}},{"type":"Feature","geometry":{"type":"Point","coordinates":[5.264887,52.399647]},"properties":{"type":"charge","layer":"passenger","locationId":"f49c021d-4bee-4363-bf82-2e2e7234cc7f","name":"PP005514 - Walmolenstraat 40, Almere","address":"40 Walmolenstraat","city":"Almere","operatorName":"TotalEnergies","maxPowerKw":13,"isMegawatt":false,"status":"AVAILABLE","source":"ndw"}},{"type":"Feature","geometry":{"type":"Point","coordinates":[5.3057567,52.3954796]},"properties":{"type":"charge","layer":"passenger","locationId":"1123","name":"Shell Recharge NL Nieuw-Caledoniëstraat 2","address":"Nieuw-Caledoniëstraat 2","city":"Almere","operatorName":"Ubitricity","maxPowerKw":22,"isMegawatt":false,"status":"AVAILABLE","source":"ndw","priceKwh":0.266}},{"type":"Feature","geometry":{"type":"Point","coordinates":[5.219556,52.337856]},"properties":{"type":"charge","layer":"passenger","locationId":"358b151b-54d1-428a-91d6-b037bfce89a0","name":"TNLP009570 - Stadswerf 118, Almere","address":"118 Stadswerf","city":"Almere","operatorName":"TotalEnergies","maxPowerKw":15,"isMegawatt":false,"status":"AVAILABLE","source":"ndw"}},{"type":"Feature","geometry":{"type":"Point","coordinates":[5.227379,52.377684]},"properties":{"type":"charge","layer":"passenger","locationId":"9c42a437f85c4e16a49cf01823d3e391","name":"Almere RVE Vastgoed ","address":"Randstad 229","city":"Almere","operatorName":"Opcharge","maxPowerKw":22,"isMegawatt":false,"status":"AVAILABLE","source":"ndw","priceKwh":0.33}},{"type":"Feature","geometry":{"type":"Point","coordinates":[5.18404,52.35709]},"properties":{"type":"charge","layer":"passenger","locationId":"5270c077d667b1088b281a1c44580302","name":"Prozastraat 54","address":"Prozastraat 54","city":"Almere","operatorName":"Vattenfall InCharge","maxPowerKw":11,"isMegawatt":false,"status":"AVAILABLE","source":"ndw"}},{"type":"Feature","geometry":{"type":"Point","coordinates":[5.169171,52.389763]},"properties":{"type":"charge","layer":"passenger","locationId":"4421c13b-f132-4620-9c20-1dc4258df635","name":"TNLP015061 - Stormzeil 103, Almere","address":"103 Stormzeil","city":"Almere","operatorName":"TotalEnergies","maxPowerKw":13,"isMegawatt":false,"status":"AVAILABLE","source":"ndw"}},{"type":"Feature","geometry":{"type":"Point","coordinates":[5.207406,52.36876]},"properties":{"type":"charge","layer":"passenger","locationId":"0dd21b80-23f0-4138-9ae9-092fb3dd2f0f","name":"TNLP009889 - Amsterdamweg 10, Almere","address":"10 Amsterdamweg","city":"Almere","operatorName":"TotalEnergies","maxPowerKw":13,"isMegawatt":false,"status":"AVAILABLE","source":"ndw"}},{"type":"Feature","geometry":{"type":"Point","coordinates":[5.15426,52.35666]},"properties":{"type":"charge","layer":"passenger","locationId":"610","name":"Shell Recharge NL Trojestraat 3","address":"Trojestraat 3","city":"Almere","operatorName":"Ubitricity","maxPowerKw":11,"isMegawatt":false,"status":"AVAILABLE","source":"ndw","priceKwh":0.388}},{"type":"Feature","geometry":{"type":"Point","coordinates":[5.274471,52.383045]},"properties":{"type":"charge","layer":"passenger","locationId":"f0339979-1562-4d7e-ac71-00a22c428e13","name":"TNLP007225 - Giraffeweg 70, Almere","address":"70 Giraffeweg","city":"Almere","operatorName":"TotalEnergies","maxPowerKw":13,"isMegawatt":false,"status":"AVAILABLE","source":"ndw"}},{"type":"Feature","geometry":{"type":"Point","coordinates":[5.31682,52.40444]},"properties":{"type":"charge","layer":"passenger","locationId":"94f0e61b-63aa-4a7a-900a-c03034eed9f9","name":"PP001836 - Dick Bosstraat 9, Almere","address":"9 Dick Bosstraat","city":"Almere","operatorName":"TotalEnergies","maxPowerKw":11,"isMegawatt":false,"status":"AVAILABLE","source":"ndw"}},{"type":"Feature","geometry":{"type":"Point","coordinates":[5.322628,52.398367]},"properties":{"type":"charge","layer":"passenger","locationId":"c7d04dbd-b54d-4185-9475-4cc89cc5a083","name":"TNLP034669","address":"Jeromstraat 1","city":"Almere","operatorName":"TotalEnergies","maxPowerKw":14,"isMegawatt":false,"status":"CHARGING","source":"ndw"}},{"type":"Feature","geometry":{"type":"Point","coordinates":[5.239632,52.33228]},"properties":{"type":"charge","layer":"passenger","locationId":"c891d1ef-cda2-4b99-9063-c73ae83a917c","name":"TNLP005887 - Terpmeent 75, Almere","address":"75 Terpmeent","city":"Almere","operatorName":"TotalEnergies","maxPowerKw":15,"isMegawatt":false,"status":"AVAILABLE","source":"ndw"}},{"type":"Feature","geometry":{"type":"Point","coordinates":[5.272493,52.385612]},"properties":{"type":"charge","layer":"passenger","locationId":"6dc5fd1f-c163-4ef2-86d1-33ead576027f","name":"TNLP006057 - Leeuwstraat 101, Almere","address":"101 Leeuwstraat","city":"Almere","operatorName":"TotalEnergies","maxPowerKw":13,"isMegawatt":false,"status":"CHARGING","source":"ndw"}},{"type":"Feature","geometry":{"type":"Point","coordinates":[5.311639,52.394441]},"properties":{"type":"charge","layer":"passenger","locationId":"87eed9c7-906f-4111-ba64-fc1189f66e2d","name":"TNLP034230","address":"Antiguastraat 37","city":"Almere","operatorName":"TotalEnergies","maxPowerKw":14,"isMegawatt":false,"status":"AVAILABLE","source":"ndw"}},{"type":"Feature","geometry":{"type":"Point","coordinates":[5.182231,52.376316]},"properties":{"type":"charge","layer":"passenger","locationId":"0138f5a9-7bb9-4f32-b1fc-6bdffa110cb6","name":"TNLP006086 - Preludeweg 99, Almere","address":"99 Preludeweg","city":"Almere","operatorName":"TotalEnergies","maxPowerKw":13,"isMegawatt":false,"status":"AVAILABLE","source":"ndw"}},{"type":"Feature","geometry":{"type":"Point","coordinates":[5.183769,52.368008]},"properties":{"type":"charge","layer":"passenger","locationId":"b8cc3e10-fda9-4915-a75b-481831f91c5e","name":"TNLP006000 - Benny Goodmanstraat 17, Almere","address":"17 Benny Goodmanstraat","city":"Almere","operatorName":"TotalEnergies","maxPowerKw":13,"isMegawatt":false,"status":"AVAILABLE","source":"ndw"}},{"type":"Feature","geometry":{"type":"Point","coordinates":[5.213795,52.370345]},"properties":{"type":"charge","layer":"passenger","locationId":"83af4df36a09d1468c62a6bab74be003","name":"Klokkeluiderstraat 17","address":"Klokkeluiderstraat 17","city":"Almere","operatorName":"Vattenfall InCharge","maxPowerKw":11,"isMegawatt":false,"status":"AVAILABLE","source":"ndw"}},{"type":"Feature","geometry":{"type":"Point","coordinates":[5.280486,52.38584]},"properties":{"type":"charge","layer":"passenger","locationId":"479","name":"Shell Recharge NL Passiebloemweg 23","address":"Passiebloemweg 23","city":"Almere","operatorName":"Ubitricity","maxPowerKw":11,"isMegawatt":false,"status":"AVAILABLE","source":"ndw","priceKwh":0.388}},{"type":"Feature","geometry":{"type":"Point","coordinates":[5.19825,52.36047]},"properties":{"type":"charge","layer":"passenger","locationId":"650","name":"Shell Recharge NL Vlissingenstraat 90","address":"Vlissingenstraat 90","city":"Almere","operatorName":"Ubitricity","maxPowerKw":11,"isMegawatt":false,"status":"AVAILABLE","source":"ndw","priceKwh":0.388}},{"type":"Feature","geometry":{"type":"Point","coordinates":[5.272863,52.375854]},"properties":{"type":"charge","layer":"passenger","locationId":"eadf4573-4b9b-462a-84e6-6441f1c89dd1","name":"TNLP003629 - Edvard Munchweg 123, Almere","address":"123 Edvard Munchweg","city":"Almere","operatorName":"TotalEnergies","maxPowerKw":17,"isMegawatt":false,"status":"CHARGING","source":"ndw"}},{"type":"Feature","geometry":{"type":"Point","coordinates":[5.292815,52.361753]},"properties":{"type":"charge","layer":"passenger","locationId":"3af668af141a0cd263aacd15a93c7eca","name":"Owen Chamberlainstraat 28","address":"Owen Chamberlainstraat 28","city":"Almere","operatorName":"Vattenfall InCharge","maxPowerKw":11,"isMegawatt":false,"status":"AVAILABLE","source":"ndw"}},{"type":"Feature","geometry":{"type":"Point","coordinates":[5.214556,52.372237]},"properties":{"type":"charge","layer":"passenger","locationId":"1f3acc276a8cbe6636d0423ffc1c5e71","name":"Hoogezandstraat 19","address":"Hoogezandstraat 19","city":"Almere","operatorName":"Vattenfall InCharge","maxPowerKw":11,"isMegawatt":false,"status":"AVAILABLE","source":"ndw"}},{"type":"Feature","geometry":{"type":"Point","coordinates":[5.237029,52.333568]},"properties":{"type":"charge","layer":"passenger","locationId":"1fec2af2-6e47-40b7-9642-89a62709b11d","name":"TNLP034106","address":"Schapenmeent 148","city":"Almere","operatorName":"TotalEnergies","maxPowerKw":14,"isMegawatt":false,"status":"AVAILABLE","source":"ndw"}},{"type":"Feature","geometry":{"type":"Point","coordinates":[5.173453,52.39661]},"properties":{"type":"charge","layer":"passenger","locationId":"4f0b5c3a-6be8-4f30-8c8f-9856b64536c2","name":"PP005593 - Boelijn 269, Almere","address":"269 Boelijn","city":"Almere","operatorName":"TotalEnergies","maxPowerKw":13,"isMegawatt":false,"status":"AVAILABLE","source":"ndw"}},{"type":"Feature","geometry":{"type":"Point","coordinates":[5.286273,52.388412]},"properties":{"type":"charge","layer":"passenger","locationId":"2b564dca-3b50-490b-920b-d51b205d38cf","name":"TNLP007261 - Salviapad 14, Almere","address":"14 Salviapad","city":"Almere","operatorName":"TotalEnergies","maxPowerKw":15,"isMegawatt":false,"status":"AVAILABLE","source":"ndw"}},{"type":"Feature","geometry":{"type":"Point","coordinates":[5.254957,52.3841396]},"properties":{"type":"charge","layer":"passenger","locationId":"1258","name":"Shell Recharge NL Hendrick Avercampstraat 40","address":"Hendrick Avercampstraat 40","city":"Almere","operatorName":"Ubitricity","maxPowerKw":22,"isMegawatt":false,"status":"AVAILABLE","source":"ndw","priceKwh":0.266}},{"type":"Feature","geometry":{"type":"Point","coordinates":[5.24507,52.39401]},"properties":{"type":"charge","layer":"passenger","locationId":"609ff797-c642-4c13-8b99-a0daf08a116f","name":"TNLP007637 - Competitieweg 5, Almere","address":"5 Competitieweg","city":"Almere","operatorName":"TotalEnergies","maxPowerKw":15,"isMegawatt":false,"status":"AVAILABLE","source":"ndw"}},{"type":"Feature","geometry":{"type":"Point","coordinates":[5.1785,52.35443]},"properties":{"type":"charge","layer":"passenger","locationId":"169fdecc-f9e1-481e-b0dd-e73153e2e175","name":"TNLP009618 - Cees Buddinghstraat 36, Almere","address":"36 Cees Buddinghstraat","city":"Almere","operatorName":"TotalEnergies","maxPowerKw":13,"isMegawatt":false,"status":"AVAILABLE","source":"ndw"}},{"type":"Feature","geometry":{"type":"Point","coordinates":[5.200262,52.369446]},"properties":{"type":"charge","layer":"passenger","locationId":"71b94d5a-5260-4572-a01c-71af95cf47af","name":"TNLP008783 - J.S. Bachweg 8, Almere","address":"8 J.S. Bachweg","city":"Almere","operatorName":"TotalEnergies","maxPowerKw":14,"isMegawatt":false,"status":"AVAILABLE","source":"ndw"}},{"type":"Feature","geometry":{"type":"Point","coordinates":[5.260961,52.408302]},"properties":{"type":"charge","layer":"passenger","locationId":"4e17d42c-6d96-4e91-9601-1ec3e6e784d1","name":"TNLP007598 - Bolderweg 33, Almere","address":"33 Bolderweg","city":"Almere","operatorName":"TotalEnergies","maxPowerKw":15,"isMegawatt":false,"status":"AVAILABLE","source":"ndw"}},{"type":"Feature","geometry":{"type":"Point","coordinates":[5.285069,52.403843]},"properties":{"type":"charge","layer":"passenger","locationId":"96c326e745fdc1b62a7488f26264dce9","name":"Junistraat 111","address":"Junistraat 111","city":"Almere","operatorName":"Vattenfall InCharge","maxPowerKw":11,"isMegawatt":false,"status":"CHARGING","source":"ndw"}},{"type":"Feature","geometry":{"type":"Point","coordinates":[5.14743,52.34184]},"properties":{"type":"charge","layer":"passenger","locationId":"90632adc-abcc-49dd-be10-73288c972ed8","name":"TNLP034264","address":"Mildred Didriksonstraat 19","city":"Almere","operatorName":"TotalEnergies","maxPowerKw":14,"isMegawatt":false,"status":"AVAILABLE","source":"ndw"}},{"type":"Feature","geometry":{"type":"Point","coordinates":[5.172111,52.400068]},"properties":{"type":"charge","layer":"passenger","locationId":"694434344b0734b21def0b25","name":"Vissersknoop 21 station","address":"Vissersknoop 21","city":"Almere","operatorName":"E-Flux by Road","maxPowerKw":22,"isMegawatt":false,"status":"AVAILABLE","source":"ndw","priceKwh":0.3053}},{"type":"Feature","geometry":{"type":"Point","coordinates":[5.224818,52.370056]},"properties":{"type":"charge","layer":"passenger","locationId":"2c847dea-88aa-4470-91eb-ba4f28b2b089","name":"Laadplein - TNLP006476 - Hospitaaldreef 29, Almere","address":"29 Hospitaaldreef","city":"Almere","operatorName":"TotalEnergies","maxPowerKw":15,"isMegawatt":false,"status":"AVAILABLE","source":"ndw"}},{"type":"Feature","geometry":{"type":"Point","coordinates":[5.14591,52.35725]},"properties":{"type":"charge","layer":"passenger","locationId":"db181658-9f0e-4841-9b08-96b1e59b208b","name":"PP005522 - Rosmertastraat 13, Almere","address":"13 Rosmertastraat","city":"Almere","operatorName":"TotalEnergies","maxPowerKw":13,"isMegawatt":false,"status":"UNAVAILABLE","source":"ndw"}},{"type":"Feature","geometry":{"type":"Point","coordinates":[5.224228,52.34612]},"properties":{"type":"charge","layer":"passenger","locationId":"0e67bb2e-abf5-4b27-b0ee-70092cd88fa0","name":"TNLP034216","address":"Noordmark 55","city":"Almere","operatorName":"TotalEnergies","maxPowerKw":14,"isMegawatt":false,"status":"AVAILABLE","source":"ndw"}},{"type":"Feature","geometry":{"type":"Point","coordinates":[5.166998,52.354593]},"properties":{"type":"charge","layer":"passenger","locationId":"6a19771e733b5cb58c6809cd","name":"Poort Padel Li","address":"Neonweg 62","city":"Almere","operatorName":"E-Flux by Road","maxPowerKw":22,"isMegawatt":false,"status":"AVAILABLE","source":"ndw","priceKwh":0.49}},{"type":"Feature","geometry":{"type":"Point","coordinates":[5.185288,52.357307]},"properties":{"type":"charge","layer":"passenger","locationId":"NLLOC001879","name":"NLD, Almere, Albert Helmanhof 1","address":"Albert Helmanhof 1","city":"Almere","operatorName":"Allego","maxPowerKw":11,"isMegawatt":false,"status":"AVAILABLE","source":"ndw","priceKwh":0.511}},{"type":"Feature","geometry":{"type":"Point","coordinates":[5.241448,52.377048]},"properties":{"type":"charge","layer":"passenger","locationId":"67bc413966c5f90cd8963524","name":"Stichting De Schoor","address":"Haagbeukweg  153","city":"Almere","operatorName":"E-Flux by Road","maxPowerKw":22,"isMegawatt":false,"status":"AVAILABLE","source":"ndw","priceKwh":0.37}},{"type":"Feature","geometry":{"type":"Point","coordinates":[5.21034,52.37519]},"properties":{"type":"charge","layer":"passenger","locationId":"706","name":"Shell Recharge NL Prinsenpad 1","address":"Prinsenpad 1","city":"Almere","operatorName":"Ubitricity","maxPowerKw":11,"isMegawatt":false,"status":"AVAILABLE","source":"ndw","priceKwh":0.388}},{"type":"Feature","geometry":{"type":"Point","coordinates":[5.181677,52.354983]},"properties":{"type":"charge","layer":"passenger","locationId":"NLLOC001197","name":"NLD, Almere, Ida Gerhardtstraat 51","address":"Ida Gerhardtstraat 51","city":"Almere","operatorName":"Allego","maxPowerKw":11,"isMegawatt":false,"status":"AVAILABLE","source":"ndw","priceKwh":0.511}},{"type":"Feature","geometry":{"type":"Point","coordinates":[5.283643,52.36171]},"properties":{"type":"charge","layer":"passenger","locationId":"a8b3eb38-fcfa-452e-a43e-6f295fb1a83a","name":"Laadplein - TNLP007251 - Alfred Kastlerpad 15, Almere","address":"15 Alfred Kastlerpad","city":"Almere","operatorName":"TotalEnergies","maxPowerKw":15,"isMegawatt":false,"status":"AVAILABLE","source":"ndw"}},{"type":"Feature","geometry":{"type":"Point","coordinates":[5.283837,52.3871]},"properties":{"type":"charge","layer":"passenger","locationId":"bfa74ddd-90fa-498e-9d27-bed9ad51364f","name":"TNLP008773 - Seringstraat 47, Almere","address":"47 Seringstraat","city":"Almere","operatorName":"TotalEnergies","maxPowerKw":14,"isMegawatt":false,"status":"CHARGING","source":"ndw"}},{"type":"Feature","geometry":{"type":"Point","coordinates":[5.179191,52.368202]},"properties":{"type":"charge","layer":"passenger","locationId":"d446cb18-223c-471d-ad6e-9b7b5f3c4cab","name":"Laadplein - TNLP006351 - Rogier van Otterloostraat 12, Almere","address":"12 Rogier van Otterloostraat","city":"Almere","operatorName":"TotalEnergies","maxPowerKw":15,"isMegawatt":false,"status":"AVAILABLE","source":"ndw"}},{"type":"Feature","geometry":{"type":"Point","coordinates":[5.246337,52.37918]},"properties":{"type":"charge","layer":"passenger","locationId":"d913ec34-6815-4d73-9e93-830c5b52a66d","name":"TNLP015455 - Verzetslaan 94, Almere","address":"94 Verzetslaan","city":"Almere","operatorName":"TotalEnergies","maxPowerKw":13,"isMegawatt":false,"status":"AVAILABLE","source":"ndw"}},{"type":"Feature","geometry":{"type":"Point","coordinates":[5.281549,52.390038]},"properties":{"type":"charge","layer":"passenger","locationId":"315501eb-3cb1-4354-9b7b-3ea5a2ea58c4","name":"TNLP006256 - Rosarium 50, Almere","address":"50 Rosarium","city":"Almere","operatorName":"TotalEnergies","maxPowerKw":13,"isMegawatt":false,"status":"AVAILABLE","source":"ndw"}},{"type":"Feature","geometry":{"type":"Point","coordinates":[5.154395,52.35422]},"properties":{"type":"charge","layer":"passenger","locationId":"dc7bec1f-8e8b-4080-9726-69d83dbbc4bc","name":"TNLP015315 - Venusstraat 3, Almere","address":"3 Venusstraat","city":"Almere","operatorName":"TotalEnergies","maxPowerKw":13,"isMegawatt":false,"status":"AVAILABLE","source":"ndw"}},{"type":"Feature","geometry":{"type":"Point","coordinates":[5.269318,52.36931]},"properties":{"type":"charge","layer":"passenger","locationId":"NLLOC001360","name":"NLD, Almere, Velazquezstraat 64","address":"Velazquezstraat 64","city":"Almere","operatorName":"Allego","maxPowerKw":11,"isMegawatt":false,"status":"AVAILABLE","source":"ndw","priceKwh":0.511}},{"type":"Feature","geometry":{"type":"Point","coordinates":[5.21965,52.38262]},"properties":{"type":"charge","layer":"passenger","locationId":"5ceaab79-ede1-40e7-afd0-d46186f8498c","name":"TNLP003544 - Spuihof 8, Almere","address":"8 Spuihof","city":"Almere","operatorName":"TotalEnergies","maxPowerKw":17,"isMegawatt":false,"status":"AVAILABLE","source":"ndw"}},{"type":"Feature","geometry":{"type":"Point","coordinates":[5.145121,52.350264]},"properties":{"type":"charge","layer":"passenger","locationId":"NLLOC001169","name":"NLD, Almere, Roald Amundsenstraat 21","address":"Roald Amundsenstraat 21","city":"Almere","operatorName":"Allego","maxPowerKw":11,"isMegawatt":false,"status":"AVAILABLE","source":"ndw","priceKwh":0.511}},{"type":"Feature","geometry":{"type":"Point","coordinates":[5.258353,52.36732]},"properties":{"type":"charge","layer":"passenger","locationId":"120fb399-4826-4b12-a7f7-079edeeb7960","name":"PP001241 - Sambastraat 30, Almere","address":"30 Sambastraat","city":"Almere","operatorName":"TotalEnergies","maxPowerKw":17,"isMegawatt":false,"status":"CHARGING","source":"ndw"}},{"type":"Feature","geometry":{"type":"Point","coordinates":[5.289202,52.404161]},"properties":{"type":"charge","layer":"passenger","locationId":"2e6c738b-d23b-4bd3-af7a-bcc3ad2d7b9e","name":"TNLP034223","address":"Jarenweg 13","city":"Almere","operatorName":"TotalEnergies","maxPowerKw":14,"isMegawatt":false,"status":"AVAILABLE","source":"ndw"}},{"type":"Feature","geometry":{"type":"Point","coordinates":[5.268583,52.38691]},"properties":{"type":"charge","layer":"passenger","locationId":"f5288133-8311-49f9-9c6f-749617dd28ec","name":"TNLP006234 - Nijenrodestraat 36, Almere","address":"36 Nijenrodestraat","city":"Almere","operatorName":"TotalEnergies","maxPowerKw":13,"isMegawatt":false,"status":"AVAILABLE","source":"ndw"}},{"type":"Feature","geometry":{"type":"Point","coordinates":[5.146458,52.34545]},"properties":{"type":"charge","layer":"passenger","locationId":"f8cc2510-c254-4f0f-b5b8-77a12c604147","name":"Laadplein - TNLP006319 - Andorrastraat 41, Almere","address":"41 Andorrastraat","city":"Almere","operatorName":"TotalEnergies","maxPowerKw":15,"isMegawatt":false,"status":"AVAILABLE","source":"ndw"}},{"type":"Feature","geometry":{"type":"Point","coordinates":[5.224444,52.384883]},"properties":{"type":"charge","layer":"passenger","locationId":"NLLOC001345","name":"NLD, Almere, Eemplein 41","address":"Eemplein 41","city":"Almere","operatorName":"Allego","maxPowerKw":11,"isMegawatt":false,"status":"AVAILABLE","source":"ndw","priceKwh":0.511}},{"type":"Feature","geometry":{"type":"Point","coordinates":[5.159763,52.354492]},"properties":{"type":"charge","layer":"passenger","locationId":"4b677eb6-6a13-4a63-bd88-cd6bb04725ee","name":"TNLP008164 - Mazustraat 36, Almere","address":"36 Mazustraat","city":"Almere","operatorName":"TotalEnergies","maxPowerKw":15,"isMegawatt":false,"status":"AVAILABLE","source":"ndw"}},{"type":"Feature","geometry":{"type":"Point","coordinates":[5.199046,52.343323]},"properties":{"type":"charge","layer":"passenger","locationId":"fb99631f-1c40-4ad6-9ca6-0653d2daf5c1","name":"TNLP005775 - Esselaar 4, Almere","address":"4 Esselaar","city":"Almere","operatorName":"TotalEnergies","maxPowerKw":13,"isMegawatt":false,"status":"AVAILABLE","source":"ndw"}},{"type":"Feature","geometry":{"type":"Point","coordinates":[5.255429,52.36977]},"properties":{"type":"charge","layer":"passenger","locationId":"6b895d26-3344-4094-a33b-3f8fe2eaafa5","name":"TNLP007250 - Parkwijklaan 243, Almere","address":"243 Parkwijklaan","city":"Almere","operatorName":"TotalEnergies","maxPowerKw":13,"isMegawatt":false,"status":"AVAILABLE","source":"ndw"}},{"type":"Feature","geometry":{"type":"Point","coordinates":[5.148112,52.353513]},"properties":{"type":"charge","layer":"passenger","locationId":"5fcb7d36-f489-4a6f-8814-de744d9fbc0c","name":"TNLP034606","address":"Vidarstraat 5","city":"Almere","operatorName":"TotalEnergies","maxPowerKw":14,"isMegawatt":false,"status":"AVAILABLE","source":"ndw"}},{"type":"Feature","geometry":{"type":"Point","coordinates":[5.257856,52.39968]},"properties":{"type":"charge","layer":"passenger","locationId":"8b57ccaa-5218-43ae-be98-73c45db75ab4","name":"TNLP007722 - J.A. Brinkmanstraat 75, Almere","address":"75 J.A. Brinkmanstraat","city":"Almere","operatorName":"TotalEnergies","maxPowerKw":15,"isMegawatt":false,"status":"AVAILABLE","source":"ndw"}},{"type":"Feature","geometry":{"type":"Point","coordinates":[5.204692,52.367645]},"properties":{"type":"charge","layer":"passenger","locationId":"775d1164-642a-4297-96bf-337189ce89cf","name":"TNLP006655 - Amstelveenstraat 37, Almere","address":"37 Amstelveenstraat","city":"Almere","operatorName":"TotalEnergies","maxPowerKw":13,"isMegawatt":false,"status":"AVAILABLE","source":"ndw"}},{"type":"Feature","geometry":{"type":"Point","coordinates":[5.285862,52.397492]},"properties":{"type":"charge","layer":"passenger","locationId":"d5dea7cb-ea68-4e90-aee9-780b9bc86768","name":"TNLP034675","address":"Samarindastraat 49","city":"Almere","operatorName":"TotalEnergies","maxPowerKw":14,"isMegawatt":false,"status":"AVAILABLE","source":"ndw"}},{"type":"Feature","geometry":{"type":"Point","coordinates":[5.284307,52.36217]},"properties":{"type":"charge","layer":"passenger","locationId":"454bed95-81ea-4eea-904b-b11e904cc4bc","name":"TNLP006824 - Maria Mayerstraat 13, Almere","address":"13 Maria Mayerstraat","city":"Almere","operatorName":"TotalEnergies","maxPowerKw":13,"isMegawatt":false,"status":"AVAILABLE","source":"ndw"}},{"type":"Feature","geometry":{"type":"Point","coordinates":[5.254165,52.396416]},"properties":{"type":"charge","layer":"passenger","locationId":"10f8e248-85af-4092-a34a-1346da49eecf","name":"TNLP007952 - C. van Eesterenplein 88, Almere","address":"88 C. van Eesterenplein","city":"Almere","operatorName":"TotalEnergies","maxPowerKw":13,"isMegawatt":false,"status":"AVAILABLE","source":"ndw"}},{"type":"Feature","geometry":{"type":"Point","coordinates":[5.287326,52.3612]},"properties":{"type":"charge","layer":"passenger","locationId":"7defc9e4-0ad8-497c-b628-d557e627d7ba","name":"TNLP008967 - Willis Lambstraat 1, Almere","address":"1 Willis Lambstraat","city":"Almere","operatorName":"TotalEnergies","maxPowerKw":14,"isMegawatt":false,"status":"AVAILABLE","source":"ndw"}},{"type":"Feature","geometry":{"type":"Point","coordinates":[5.23747,52.36579]},"properties":{"type":"charge","layer":"passenger","locationId":"81ce7beb-9b7b-4199-8b9f-f05500137423","name":"PP004286 - Max Takstraat 2, Almere","address":"2 Max Takstraat","city":"Almere","operatorName":"TotalEnergies","maxPowerKw":13,"isMegawatt":false,"status":"CHARGING","source":"ndw"}},{"type":"Feature","geometry":{"type":"Point","coordinates":[5.243109,52.359132]},"properties":{"type":"charge","layer":"passenger","locationId":"4c0861ab-4f4d-4849-ba05-d81216fe8c02","name":"TNLP009807","address":"Jim Hensonstraat 2","city":"Almere","operatorName":"TotalEnergies","maxPowerKw":17,"isMegawatt":false,"status":"AVAILABLE","source":"ndw"}},{"type":"Feature","geometry":{"type":"Point","coordinates":[5.230114,52.370247]},"properties":{"type":"charge","layer":"passenger","locationId":"9681e789-ac9f-4a04-b0c5-e83efc353e01","name":"TNLP006207 - Greta Garboplantsoen 11, Almere","address":"11 Greta Garboplantsoen","city":"Almere","operatorName":"TotalEnergies","maxPowerKw":13,"isMegawatt":false,"status":"AVAILABLE","source":"ndw"}},{"type":"Feature","geometry":{"type":"Point","coordinates":[5.146719,52.349403]},"properties":{"type":"charge","layer":"passenger","locationId":"b2eae2ac-4a15-4a45-8bb6-4329719464df","name":"PP005585 - Scandinaviëkade 25, Almere","address":"25 Scandinaviëkade","city":"Almere","operatorName":"TotalEnergies","maxPowerKw":13,"isMegawatt":false,"status":"UNAVAILABLE","source":"ndw"}},{"type":"Feature","geometry":{"type":"Point","coordinates":[5.219041,52.331737]},"properties":{"type":"charge","layer":"passenger","locationId":"c305bc1454a468d52c06e0cd0e7e1668","name":"Havenhoofd  78","address":"Havenhoofd  78","city":"Almere","operatorName":"Vattenfall InCharge","maxPowerKw":11,"isMegawatt":false,"status":"AVAILABLE","source":"ndw"}},{"type":"Feature","geometry":{"type":"Point","coordinates":[5.250462,52.372177]},"properties":{"type":"charge","layer":"passenger","locationId":"5a56b4d9-70ef-45e6-a82e-d9f777cdc469","name":"TNLP006993 - Pereboomweg 51, Almere","address":"51 Pereboomweg","city":"Almere","operatorName":"TotalEnergies","maxPowerKw":13,"isMegawatt":false,"status":"AVAILABLE","source":"ndw"}},{"type":"Feature","geometry":{"type":"Point","coordinates":[5.235734,52.390154]},"properties":{"type":"charge","layer":"passenger","locationId":"08a54af8-d297-48fe-b083-7881c8a16385","name":"TNLP015281","address":"Palingweg 52","city":"Almere","operatorName":"TotalEnergies","maxPowerKw":17,"isMegawatt":false,"status":"AVAILABLE","source":"ndw"}},{"type":"Feature","geometry":{"type":"Point","coordinates":[5.192146,52.36744]},"properties":{"type":"charge","layer":"passenger","locationId":"fd1d594b-d6d7-4fa2-a034-cf5dca16f83a","name":"TNLP009175 - Rachmaninovstraat 2, Almere","address":"2 Rachmaninovstraat","city":"Almere","operatorName":"TotalEnergies","maxPowerKw":13,"isMegawatt":false,"status":"AVAILABLE","source":"ndw"}},{"type":"Feature","geometry":{"type":"Point","coordinates":[5.3001,52.40029]},"properties":{"type":"charge","layer":"passenger","locationId":"2abd7e82-6a44-4ede-bb22-3cb4fdd1f198","name":"PP004161 - Corsicastraat 86, Almere","address":"86 Corsicastraat","city":"Almere","operatorName":"TotalEnergies","maxPowerKw":13,"isMegawatt":false,"status":"UNAVAILABLE","source":"ndw"}},{"type":"Feature","geometry":{"type":"Point","coordinates":[5.146718,52.342686]},"properties":{"type":"charge","layer":"passenger","locationId":"67e1bed5-ef4c-4563-84f1-097947bc3399","name":"TNLP006992 - Mildred Didriksonstraat 22, Almere","address":"22 Mildred Didriksonstraat","city":"Almere","operatorName":"TotalEnergies","maxPowerKw":13,"isMegawatt":false,"status":"AVAILABLE","source":"ndw"}},{"type":"Feature","geometry":{"type":"Point","coordinates":[5.227026,52.372513]},"properties":{"type":"charge","layer":"passenger","locationId":"997a4c84-9426-4ce5-a88a-dafdc22e738e","name":"PP005599 - Cinemadreef 12, Almere","address":"12 Cinemadreef","city":"Almere","operatorName":"TotalEnergies","maxPowerKw":15,"isMegawatt":false,"status":"AVAILABLE","source":"ndw"}},{"type":"Feature","geometry":{"type":"Point","coordinates":[5.221608,52.374577]},"properties":{"type":"charge","layer":"passenger","locationId":"a53103d5f22b04d7ba3f186232ba878f","name":"Metropolestraat 1","address":"Metropolestraat 1","city":"Almere","operatorName":"Vattenfall InCharge","maxPowerKw":11,"isMegawatt":false,"status":"AVAILABLE","source":"ndw"}},{"type":"Feature","geometry":{"type":"Point","coordinates":[5.200246,52.381577]},"properties":{"type":"charge","layer":"passenger","locationId":"c4d64145-fd1d-4ea6-8057-f8cc904b00e1","name":"TNLP007984 - Basilicumweg 248, Almere","address":"248 Basilicumweg","city":"Almere","operatorName":"TotalEnergies","maxPowerKw":13,"isMegawatt":false,"status":"CHARGING","source":"ndw"}},{"type":"Feature","geometry":{"type":"Point","coordinates":[5.1482,52.35538]},"properties":{"type":"charge","layer":"passenger","locationId":"7c2722c5-8e39-485d-8e12-2c28128ad215","name":"PP001680 - Thorstraat 1, Almere","address":"1 Thorstraat","city":"Almere","operatorName":"TotalEnergies","maxPowerKw":11,"isMegawatt":false,"status":"AVAILABLE","source":"ndw"}},{"type":"Feature","geometry":{"type":"Point","coordinates":[5.245877,52.412255]},"properties":{"type":"charge","layer":"passenger","locationId":"66ab41d3a94012001ca39c3a","name":"NL - Almere - Damsluisweg 70","address":"Damsluisweg 70","city":"Almere","operatorName":"E-Flux by Road","maxPowerKw":22,"isMegawatt":false,"status":"AVAILABLE","source":"ndw","priceKwh":0.24}},{"type":"Feature","geometry":{"type":"Point","coordinates":[5.227703,52.36961]},"properties":{"type":"charge","layer":"passenger","locationId":"da33b14c-4b4d-450b-a45d-6013e8daa81c","name":"TNLP006204 - James Stewartstraat 31, Almere","address":"31 James Stewartstraat","city":"Almere","operatorName":"TotalEnergies","maxPowerKw":15,"isMegawatt":false,"status":"AVAILABLE","source":"ndw"}},{"type":"Feature","geometry":{"type":"Point","coordinates":[5.263757,52.364046]},"properties":{"type":"charge","layer":"passenger","locationId":"fadeaa67-3913-4de1-bc08-f27ca5fd8205","name":"Adriana Nozemanstraat","address":"Adriana Nozemanstraat 85","city":"Almere","operatorName":"Vattenfall InCharge","maxPowerKw":11,"isMegawatt":false,"status":"AVAILABLE","source":"ndw"}},{"type":"Feature","geometry":{"type":"Point","coordinates":[5.197614,52.368748]},"properties":{"type":"charge","layer":"passenger","locationId":"3264effa-6dc3-4a3c-b764-35e85164dc19","name":"TNLP006528 - Purcellstraat 92, Almere","address":"92 Purcellstraat","city":"Almere","operatorName":"TotalEnergies","maxPowerKw":15,"isMegawatt":false,"status":"AVAILABLE","source":"ndw"}},{"type":"Feature","geometry":{"type":"Point","coordinates":[5.289523,52.404305]},"properties":{"type":"charge","layer":"passenger","locationId":"6dc45fac-49ec-4eb2-b692-10f714c8da14","name":"TNLP009963 - Jarenweg 11, Almere","address":"11 Jarenweg","city":"Almere","operatorName":"TotalEnergies","maxPowerKw":13,"isMegawatt":false,"status":"AVAILABLE","source":"ndw"}},{"type":"Feature","geometry":{"type":"Point","coordinates":[5.222513,52.387306]},"properties":{"type":"charge","layer":"passenger","locationId":"cb12293e-4e95-4557-8ce3-8f11a3626342","name":"TNLP008927 - Braakmankreek 2, Almere","address":"2 Braakmankreek","city":"Almere","operatorName":"TotalEnergies","maxPowerKw":13,"isMegawatt":false,"status":"AVAILABLE","source":"ndw"}},{"type":"Feature","geometry":{"type":"Point","coordinates":[5.261603,52.37494]},"properties":{"type":"charge","layer":"passenger","locationId":"1717ace2-a148-442f-8427-4135bc588129","name":"TNLP007016 - Marcel Duchampstraat 72, Almere","address":"72 Marcel Duchampstraat","city":"Almere","operatorName":"TotalEnergies","maxPowerKw":15,"isMegawatt":false,"status":"AVAILABLE","source":"ndw"}},{"type":"Feature","geometry":{"type":"Point","coordinates":[5.319141,52.39827]},"properties":{"type":"charge","layer":"passenger","locationId":"4c87bbd1-d143-4085-b641-96b6bcaf1b0f","name":"TNLP006843 - Lambikstraat 1, Almere","address":"1 Lambikstraat","city":"Almere","operatorName":"TotalEnergies","maxPowerKw":13,"isMegawatt":false,"status":"AVAILABLE","source":"ndw"}},{"type":"Feature","geometry":{"type":"Point","coordinates":[5.174528,52.39477]},"properties":{"type":"charge","layer":"passenger","locationId":"92a85f5a-a033-4e02-b1ff-e88efd5b7b5e","name":"TNLP008803 - Spinnakerplantsoen 56, Almere","address":"56 Spinnakerplantsoen","city":"Almere","operatorName":"TotalEnergies","maxPowerKw":14,"isMegawatt":false,"status":"UNAVAILABLE","source":"ndw"}},{"type":"Feature","geometry":{"type":"Point","coordinates":[5.1749,52.36631]},"properties":{"type":"charge","layer":"passenger","locationId":"37045b97-d58b-4559-a2a5-8f2a1c0b9d37","name":"PP004300 - Elvis Presleystraat 2, Almere","address":"2 Elvis Presleystraat","city":"Almere","operatorName":"TotalEnergies","maxPowerKw":13,"isMegawatt":false,"status":"AVAILABLE","source":"ndw"}},{"type":"Feature","geometry":{"type":"Point","coordinates":[5.184367,52.3706]},"properties":{"type":"charge","layer":"passenger","locationId":"51d3af53-627c-4a14-bca5-775bdc047d96","name":"PP005420 - Gitaarstraat 2, Almere","address":"2 Gitaarstraat","city":"Almere","operatorName":"TotalEnergies","maxPowerKw":13,"isMegawatt":false,"status":"AVAILABLE","source":"ndw"}},{"type":"Feature","geometry":{"type":"Point","coordinates":[5.28603,52.365916]},"properties":{"type":"charge","layer":"passenger","locationId":"ebdaf1e1-6e03-4094-9fa9-083cd9ce89e5","name":"TNLP034114","address":"Rosalind Franklinweg 4","city":"Almere","operatorName":"TotalEnergies","maxPowerKw":14,"isMegawatt":false,"status":"AVAILABLE","source":"ndw"}},{"type":"Feature","geometry":{"type":"Point","coordinates":[5.212979,52.33796]},"properties":{"type":"charge","layer":"passenger","locationId":"a57865d5-0fe2-4e0f-86a7-53b903378551","name":"TNLP006612 - Langshof 59, Almere","address":"59 Langshof","city":"Almere","operatorName":"TotalEnergies","maxPowerKw":15,"isMegawatt":false,"status":"AVAILABLE","source":"ndw"}},{"type":"Feature","geometry":{"type":"Point","coordinates":[5.299691,52.394617]},"properties":{"type":"charge","layer":"passenger","locationId":"45b2c0eb-62cc-49df-9c84-60035241ad7d","name":"TNLP009703","address":"Jadeplantsoen 21","city":"Almere","operatorName":"TotalEnergies","maxPowerKw":17,"isMegawatt":false,"status":"CHARGING","source":"ndw"}},{"type":"Feature","geometry":{"type":"Point","coordinates":[5.154937,52.346574]},"properties":{"type":"charge","layer":"passenger","locationId":"77e35586-7c14-48a0-8323-1a1373324314","name":"TNLP009837","address":"Moldaviëstraat 80","city":"Almere","operatorName":"TotalEnergies","maxPowerKw":17,"isMegawatt":false,"status":"CHARGING","source":"ndw"}},{"type":"Feature","geometry":{"type":"Point","coordinates":[5.266409,52.370975]},"properties":{"type":"charge","layer":"passenger","locationId":"f15999fd-dd1b-4ce1-9ccf-e462fe517ba7","name":"TNLP007217 - El Grecostraat 2, Almere","address":"2 El Grecostraat","city":"Almere","operatorName":"TotalEnergies","maxPowerKw":13,"isMegawatt":false,"status":"AVAILABLE","source":"ndw"}},{"type":"Feature","geometry":{"type":"Point","coordinates":[5.269813,52.386843]},"properties":{"type":"charge","layer":"passenger","locationId":"3db85cd8-c5ac-4411-b99a-7edab3b56fbd","name":"TNLP034278","address":"Otterstraat 81","city":"Almere","operatorName":"TotalEnergies","maxPowerKw":14,"isMegawatt":false,"status":"AVAILABLE","source":"ndw"}},{"type":"Feature","geometry":{"type":"Point","coordinates":[5.303625,52.399273]},"properties":{"type":"charge","layer":"passenger","locationId":"4138b67e-f7a4-4386-af8e-820e0d8a8189","name":"TNLP008040 - Azorenweg 79, Almere","address":"79 Azorenweg","city":"Almere","operatorName":"TotalEnergies","maxPowerKw":13,"isMegawatt":false,"status":"AVAILABLE","source":"ndw"}},{"type":"Feature","geometry":{"type":"Point","coordinates":[5.282847,52.36028]},"properties":{"type":"charge","layer":"passenger","locationId":"21250ade-239c-475b-b532-9626a622f638","name":"TNLP007786 - Karl Braunstraat 14, Almere","address":"14 Karl Braunstraat","city":"Almere","operatorName":"TotalEnergies","maxPowerKw":15,"isMegawatt":false,"status":"AVAILABLE","source":"ndw"}},{"type":"Feature","geometry":{"type":"Point","coordinates":[5.179699,52.370361]},"properties":{"type":"charge","layer":"passenger","locationId":"NLLOC000853","name":"NLD, Almere, Wim Kanplein 1","address":"Wim Kanplein 1","city":"Almere","operatorName":"Allego","maxPowerKw":11,"isMegawatt":false,"status":"AVAILABLE","source":"ndw","priceKwh":0.511}},{"type":"Feature","geometry":{"type":"Point","coordinates":[5.26297,52.403172]},"properties":{"type":"charge","layer":"passenger","locationId":"68a466f0bb27c7f5ad97d1f6","name":"Medex FMT 1","address":"Zandzuigerstraat 58","city":"Almere","operatorName":"E-Flux by Road","maxPowerKw":22,"isMegawatt":false,"status":"AVAILABLE","source":"ndw","priceKwh":0.63}},{"type":"Feature","geometry":{"type":"Point","coordinates":[5.155754,52.361237]},"properties":{"type":"charge","layer":"passenger","locationId":"babb98ea-163b-44a2-a9c2-c96a5f6f5d96","name":"TNLP015269","address":"Amaterasuhof 5","city":"Almere","operatorName":"TotalEnergies","maxPowerKw":17,"isMegawatt":false,"status":"AVAILABLE","source":"ndw"}},{"type":"Feature","geometry":{"type":"Point","coordinates":[5.315492,52.401344]},"properties":{"type":"charge","layer":"passenger","locationId":"646773f7-3f09-46a4-af0b-9b9920361797","name":"Laadplein - TNLP005973 - Winonahstraat 11, Almere","address":"11 Winonahstraat","city":"Almere","operatorName":"TotalEnergies","maxPowerKw":15,"isMegawatt":false,"status":"AVAILABLE","source":"ndw"}},{"type":"Feature","geometry":{"type":"Point","coordinates":[5.199819,52.369648]},"properties":{"type":"charge","layer":"passenger","locationId":"cf2aaeea9c6753ee6989c29ab1e44fab","name":"Johann Sebastiaan Bachweg 22","address":"Johann Sebastiaan Bachweg 22","city":"Almere","operatorName":"Vattenfall InCharge","maxPowerKw":11,"isMegawatt":false,"status":"UNAVAILABLE","source":"ndw"}},{"type":"Feature","geometry":{"type":"Point","coordinates":[5.245109,52.379756]},"properties":{"type":"charge","layer":"passenger","locationId":"NLLOC001171","name":"NLD, Almere, Groep Welterhof 24","address":"Groep Welterhof 24","city":"Almere","operatorName":"Allego","maxPowerKw":22,"isMegawatt":false,"status":"AVAILABLE","source":"ndw","priceKwh":0.511}},{"type":"Feature","geometry":{"type":"Point","coordinates":[5.322867,52.327193]},"properties":{"type":"charge","layer":"passenger","locationId":"63773c831acd732a32e833d1","name":"WebastoLive","address":"Reimslaan  112","city":"Almere","operatorName":"E-Flux by Road","maxPowerKw":22,"isMegawatt":false,"status":"AVAILABLE","source":"ndw","priceKwh":0.7}},{"type":"Feature","geometry":{"type":"Point","coordinates":[5.260624,52.37796]},"properties":{"type":"charge","layer":"passenger","locationId":"8f9cfd7c-2ccb-4621-9d21-92618e2bbea7","name":"TNLP009567 - Hendrik Werkmanstraat 70, Almere","address":"70 Hendrik Werkmanstraat","city":"Almere","operatorName":"TotalEnergies","maxPowerKw":15,"isMegawatt":false,"status":"AVAILABLE","source":"ndw"}},{"type":"Feature","geometry":{"type":"Point","coordinates":[5.187684,52.367292]},"properties":{"type":"charge","layer":"passenger","locationId":"688898cc6af3e66b72821d1e","name":"Sportmedisch Centrum Almere","address":".Louis Armstrongweg 110","city":"Almere","operatorName":"E-Flux by Road","maxPowerKw":11,"isMegawatt":false,"status":"AVAILABLE","source":"ndw","priceKwh":0.58}},{"type":"Feature","geometry":{"type":"Point","coordinates":[5.212655,52.33562]},"properties":{"type":"charge","layer":"passenger","locationId":"108f4399-6144-4712-9708-82fa7e3d144c","name":"TNLP008071 - Zandwierde 119, Almere","address":"119 Zandwierde","city":"Almere","operatorName":"TotalEnergies","maxPowerKw":13,"isMegawatt":false,"status":"AVAILABLE","source":"ndw"}},{"type":"Feature","geometry":{"type":"Point","coordinates":[5.303568,52.399315]},"properties":{"type":"charge","layer":"passenger","locationId":"a38002d1fcfb0fcb08581e9207c4c81b","name":"Azorenweg 79","address":"Azorenweg 79","city":"Almere","operatorName":"Vattenfall InCharge","maxPowerKw":11,"isMegawatt":false,"status":"AVAILABLE","source":"ndw"}},{"type":"Feature","geometry":{"type":"Point","coordinates":[5.249411,52.356365]},"properties":{"type":"charge","layer":"passenger","locationId":"617bc0e979a16572b7c58f5a","name":"SAGAX Almere","address":"Veluwezoom 15","city":"Almere","operatorName":"E-Flux by Road","maxPowerKw":22,"isMegawatt":false,"status":"UNAVAILABLE","source":"ndw"}},{"type":"Feature","geometry":{"type":"Point","coordinates":[5.257543,52.395891]},"properties":{"type":"charge","layer":"passenger","locationId":"6f9d0ed4-2565-46c9-a207-fd6f66cea8ef","name":"TNLP034122","address":"C. van Eesterenplein 183","city":"Almere","operatorName":"TotalEnergies","maxPowerKw":14,"isMegawatt":false,"status":"CHARGING","source":"ndw"}},{"type":"Feature","geometry":{"type":"Point","coordinates":[5.273976,52.376387]},"properties":{"type":"charge","layer":"passenger","locationId":"68d24a4b0a5f6651f53c9479","name":"K Harke 's station","address":"Edvard Munchweg  47","city":"Almere","operatorName":"E-Flux by Road","maxPowerKw":11,"isMegawatt":false,"status":"AVAILABLE","source":"ndw","priceKwh":0.43}},{"type":"Feature","geometry":{"type":"Point","coordinates":[5.207786,52.35916]},"properties":{"type":"charge","layer":"passenger","locationId":"0575162a-4f7f-4309-b40d-ea36624f4e6e","name":"TNLP009308 - Geleenstraat 17, Almere","address":"17 Geleenstraat","city":"Almere","operatorName":"TotalEnergies","maxPowerKw":15,"isMegawatt":false,"status":"AVAILABLE","source":"ndw"}},{"type":"Feature","geometry":{"type":"Point","coordinates":[5.202513,52.33727]},"properties":{"type":"charge","layer":"passenger","locationId":"079c70fc-ff5e-4a7a-8a8a-529265e87a21","name":"PP005247 - Kimwierde 209, Almere","address":"209 Kimwierde","city":"Almere","operatorName":"TotalEnergies","maxPowerKw":13,"isMegawatt":false,"status":"AVAILABLE","source":"ndw"}},{"type":"Feature","geometry":{"type":"Point","coordinates":[5.204312,52.33797]},"properties":{"type":"charge","layer":"passenger","locationId":"0fbc1e5f-b37d-49cb-b7b1-bbe28e39c41e","name":"TNLP008102 - Kimwierde 271, Almere","address":"271 Kimwierde","city":"Almere","operatorName":"TotalEnergies","maxPowerKw":15,"isMegawatt":false,"status":"CHARGING","source":"ndw"}},{"type":"Feature","geometry":{"type":"Point","coordinates":[5.284764,52.361176]},"properties":{"type":"charge","layer":"passenger","locationId":"8bfba006-b68f-466f-b6f8-865c228f0b64","name":"TNLP009409 - Nikolaj Basovstraat 18, Almere","address":"18 Nikolaj Basovstraat","city":"Almere","operatorName":"TotalEnergies","maxPowerKw":15,"isMegawatt":false,"status":"AVAILABLE","source":"ndw"}},{"type":"Feature","geometry":{"type":"Point","coordinates":[5.205044,52.345121]},"properties":{"type":"charge","layer":"passenger","locationId":"66436fb32c4d8c001ca9d5b2","name":"Beemdlaar 52","address":"Beemdlaar 52","city":"Almere","operatorName":"E-Flux by Road","maxPowerKw":22,"isMegawatt":false,"status":"AVAILABLE","source":"ndw","priceKwh":0.48}},{"type":"Feature","geometry":{"type":"Point","coordinates":[5.260708,52.36368]},"properties":{"type":"charge","layer":"passenger","locationId":"71a87ab4-35f4-459d-8827-3722d698b01c","name":"TNLP009303 - Isadora Duncanweg 78, Almere","address":"78 Isadora Duncanweg","city":"Almere","operatorName":"TotalEnergies","maxPowerKw":13,"isMegawatt":false,"status":"CHARGING","source":"ndw"}},{"type":"Feature","geometry":{"type":"Point","coordinates":[5.288748,52.403984]},"properties":{"type":"charge","layer":"passenger","locationId":"a15bbbcf-7b7d-49b7-8118-c2bfb1e72743","name":"TNLP007896 - Jarenweg 23, Almere","address":"23 Jarenweg","city":"Almere","operatorName":"TotalEnergies","maxPowerKw":13,"isMegawatt":false,"status":"CHARGING","source":"ndw"}},{"type":"Feature","geometry":{"type":"Point","coordinates":[5.158853,52.353384]},"properties":{"type":"charge","layer":"passenger","locationId":"NLLOC001208","name":"NLD, Almere, Castorstraat 40","address":"Castorstraat 40","city":"Almere","operatorName":"Allego","maxPowerKw":11,"isMegawatt":false,"status":"AVAILABLE","source":"ndw","priceKwh":0.511}},{"type":"Feature","geometry":{"type":"Point","coordinates":[5.153238,52.353982]},"properties":{"type":"charge","layer":"passenger","locationId":"b0add85c422af5d1bdd182fad92a5f6d","name":"Achillesstraat 20","address":"Achillesstraat 20","city":"Almere","operatorName":"Vattenfall InCharge","maxPowerKw":11,"isMegawatt":false,"status":"AVAILABLE","source":"ndw"}},{"type":"Feature","geometry":{"type":"Point","coordinates":[5.208993,52.343525]},"properties":{"type":"charge","layer":"passenger","locationId":"e24f2cab-c751-49f8-af17-00e314a8d144","name":"TNLP015454 - Bosgouw 5, Almere","address":"5 Bosgouw","city":"Almere","operatorName":"TotalEnergies","maxPowerKw":13,"isMegawatt":false,"status":"AVAILABLE","source":"ndw"}},{"type":"Feature","geometry":{"type":"Point","coordinates":[5.22579,52.342385]},"properties":{"type":"charge","layer":"passenger","locationId":"3eb7c2565a1d3a54cbdc812d90e6f027","name":"Ambachtsmark 7","address":"Ambachtsmark 7","city":"Almere","operatorName":"Vattenfall InCharge","maxPowerKw":11,"isMegawatt":false,"status":"AVAILABLE","source":"ndw"}},{"type":"Feature","geometry":{"type":"Point","coordinates":[5.249406,52.38114]},"properties":{"type":"charge","layer":"passenger","locationId":"50344326-3ad3-4054-82a4-988bd896b89e","name":"TNLP007876 - Pieter de Hooghstraat 2, Almere","address":"2 Pieter de Hooghstraat","city":"Almere","operatorName":"TotalEnergies","maxPowerKw":15,"isMegawatt":false,"status":"AVAILABLE","source":"ndw"}},{"type":"Feature","geometry":{"type":"Point","coordinates":[5.223075,52.342197]},"properties":{"type":"charge","layer":"passenger","locationId":"fc5b53b8-78ee-472d-a927-e4b07f5b1367","name":"TNLP007114 - Ambachtsmark 63, Almere","address":"63 Ambachtsmark","city":"Almere","operatorName":"TotalEnergies","maxPowerKw":15,"isMegawatt":false,"status":"AVAILABLE","source":"ndw"}},{"type":"Feature","geometry":{"type":"Point","coordinates":[5.223349,52.377426]},"properties":{"type":"charge","layer":"passenger","locationId":"3549de3d-c3f6-40d8-8f97-9ed3c08c7e3b","name":"TNLP006946 - Randstad 21 30, Almere","address":"21 30 Randstad","city":"Almere","operatorName":"TotalEnergies","maxPowerKw":15,"isMegawatt":false,"status":"AVAILABLE","source":"ndw"}},{"type":"Feature","geometry":{"type":"Point","coordinates":[5.268815,52.389231]},"properties":{"type":"charge","layer":"passenger","locationId":"4b0159ffc24c1dab1014c55314fa6fbc","name":"Drakensteynpad 1","address":"Drakensteynpad 1","city":"Almere","operatorName":"Vattenfall InCharge","maxPowerKw":11,"isMegawatt":false,"status":"CHARGING","source":"ndw"}},{"type":"Feature","geometry":{"type":"Point","coordinates":[5.316275,52.401627]},"properties":{"type":"charge","layer":"passenger","locationId":"a1b3a0a2011cf1f1688e9ae62cd08850","name":"Matho Tongastraat 14","address":"Matho Tongastraat 14","city":"Almere","operatorName":"Vattenfall InCharge","maxPowerKw":11,"isMegawatt":false,"status":"CHARGING","source":"ndw"}},{"type":"Feature","geometry":{"type":"Point","coordinates":[5.226426,52.337696]},"properties":{"type":"charge","layer":"passenger","locationId":"4e606e10-7727-4a47-816a-160610b103e0","name":"TNLP008145 - Wittewerf 1, Almere","address":"1 Wittewerf","city":"Almere","operatorName":"TotalEnergies","maxPowerKw":13,"isMegawatt":false,"status":"AVAILABLE","source":"ndw"}},{"type":"Feature","geometry":{"type":"Point","coordinates":[5.279438,52.384544]},"properties":{"type":"charge","layer":"passenger","locationId":"38807702-9ba3-4e91-b420-0dfd33da737f","name":"TNLP006878 - Giraffeweg 10, Almere","address":"10 Giraffeweg","city":"Almere","operatorName":"TotalEnergies","maxPowerKw":15,"isMegawatt":false,"status":"AVAILABLE","source":"ndw"}},{"type":"Feature","geometry":{"type":"Point","coordinates":[5.220652,52.339622]},"properties":{"type":"charge","layer":"passenger","locationId":"702e37d0-3361-44fe-9950-692ec933f332","name":"TNLP015445 - Parkwerf 64, Almere","address":"64 Parkwerf","city":"Almere","operatorName":"TotalEnergies","maxPowerKw":13,"isMegawatt":false,"status":"AVAILABLE","source":"ndw"}},{"type":"Feature","geometry":{"type":"Point","coordinates":[5.22391,52.3854]},"properties":{"type":"charge","layer":"passenger","locationId":"7615702ee7e97dd1fd21ee856e3d98a0","name":"Geinplein 38","address":"Geinplein 38","city":"Almere","operatorName":"Vattenfall InCharge","maxPowerKw":11,"isMegawatt":false,"status":"AVAILABLE","source":"ndw"}},{"type":"Feature","geometry":{"type":"Point","coordinates":[5.285104,52.402523]},"properties":{"type":"charge","layer":"passenger","locationId":"d0cff546-7d65-452e-857f-1f39400614ec","name":"TNLP009656 - Jarenweg 65, Almere","address":"65 Jarenweg","city":"Almere","operatorName":"TotalEnergies","maxPowerKw":13,"isMegawatt":false,"status":"AVAILABLE","source":"ndw"}},{"type":"Feature","geometry":{"type":"Point","coordinates":[5.187038,52.364175]},"properties":{"type":"charge","layer":"passenger","locationId":"6179101962db22fff424948f","name":"Solar Bouwmarkt","address":"Musicalstraat 7B","city":"Almere","operatorName":"E-Flux by Road","maxPowerKw":11,"isMegawatt":false,"status":"AVAILABLE","source":"ndw","priceKwh":0.72}},{"type":"Feature","geometry":{"type":"Point","coordinates":[5.24911,52.38391]},"properties":{"type":"charge","layer":"passenger","locationId":"36d27395-fd20-4f9f-9230-673bdfc1ed1d","name":"Jeroen Boschplantsoen 36","address":"Jeroen Boschplantsoen 36","city":"Almere","operatorName":"Vattenfall InCharge","maxPowerKw":11,"isMegawatt":false,"status":"AVAILABLE","source":"ndw"}},{"type":"Feature","geometry":{"type":"Point","coordinates":[5.25773,52.37921]},"properties":{"type":"charge","layer":"passenger","locationId":"6b117b75320dff6948635ebf52921806","name":"Thérèse Schwartzestraat 28","address":"Thérèse Schwartzestraat 28","city":"Almere","operatorName":"Vattenfall InCharge","maxPowerKw":11,"isMegawatt":false,"status":"AVAILABLE","source":"ndw"}},{"type":"Feature","geometry":{"type":"Point","coordinates":[5.2084035,52.3733536]},"properties":{"type":"charge","layer":"passenger","locationId":"1741","name":"Shell Recharge NL Dokkumlaan 68","address":"Dokkumlaan 68","city":"Almere","operatorName":"Ubitricity","maxPowerKw":22,"isMegawatt":false,"status":"AVAILABLE","source":"ndw","priceKwh":0.266}},{"type":"Feature","geometry":{"type":"Point","coordinates":[5.182223,52.365805]},"properties":{"type":"charge","layer":"passenger","locationId":"d358325f630db76a85d1bb5a0987d217","name":"Charlie Parkerstraat 2","address":"Charlie Parkerstraat 2","city":"Almere","operatorName":"Vattenfall InCharge","maxPowerKw":11,"isMegawatt":false,"status":"CHARGING","source":"ndw"}},{"type":"Feature","geometry":{"type":"Point","coordinates":[5.244335,52.403384]},"properties":{"type":"charge","layer":"passenger","locationId":"66ab3e70a94012001ca37856","name":"NL - Almere - Hefbrugweg 22","address":"Hefbrugweg 22","city":"Almere","operatorName":"E-Flux by Road","maxPowerKw":17,"isMegawatt":false,"status":"UNAVAILABLE","source":"ndw","priceKwh":0.24}},{"type":"Feature","geometry":{"type":"Point","coordinates":[5.317121,52.407448]},"properties":{"type":"charge","layer":"passenger","locationId":"12ce2ccf16ff88b2f43fa46508ba8e24","name":"Frans Piëtstraat 80","address":"Frans Piëtstraat 80","city":"Almere","operatorName":"Vattenfall InCharge","maxPowerKw":11,"isMegawatt":false,"status":"AVAILABLE","source":"ndw"}},{"type":"Feature","geometry":{"type":"Point","coordinates":[5.24716,52.37393]},"properties":{"type":"charge","layer":"passenger","locationId":"c3b462b90d39554c3763da43e5c06dcd","name":"Gleditsiastraat 2","address":"Gleditsiastraat 2","city":"Almere","operatorName":"Vattenfall InCharge","maxPowerKw":11,"isMegawatt":false,"status":"AVAILABLE","source":"ndw"}},{"type":"Feature","geometry":{"type":"Point","coordinates":[5.139189,52.351665]},"properties":{"type":"charge","layer":"passenger","locationId":"65c0ebb17cdd28001c531cf7","name":"Olivier van Noorstraat - parkeerterrein","address":"Olivier van Noorstraat 32","city":"Almere","operatorName":"E-Flux by Road","maxPowerKw":22,"isMegawatt":false,"status":"UNAVAILABLE","source":"ndw","priceKwh":0.66}},{"type":"Feature","geometry":{"type":"Point","coordinates":[5.170304,52.352455]},"properties":{"type":"charge","layer":"passenger","locationId":"686d16224a5e45bc08a9f6ab","name":"TDN - Cargahora","address":"Argonweg 129","city":"Almere","operatorName":"E-Flux by Road","maxPowerKw":22,"isMegawatt":false,"status":"AVAILABLE","source":"ndw","priceKwh":0.58}},{"type":"Feature","geometry":{"type":"Point","coordinates":[5.171684,52.399951]},"properties":{"type":"charge","layer":"passenger","locationId":"65ef1be127a6ea001c00cc3d","name":"Brinksma 's station","address":"Vissersknoop 29","city":"Almere","operatorName":"E-Flux by Road","maxPowerKw":11,"isMegawatt":false,"status":"AVAILABLE","source":"ndw","priceKwh":0.36}},{"type":"Feature","geometry":{"type":"Point","coordinates":[5.16736,52.354942]},"properties":{"type":"charge","layer":"passenger","locationId":"6a1879ee29d7052a19a3e867","name":"Poort Padel Ri","address":"Neonweg 60","city":"Almere","operatorName":"E-Flux by Road","maxPowerKw":22,"isMegawatt":false,"status":"AVAILABLE","source":"ndw","priceKwh":0.49}},{"type":"Feature","geometry":{"type":"Point","coordinates":[5.212031,52.370293]},"properties":{"type":"charge","layer":"passenger","locationId":"46457546c38d326849bb431e9032cea9","name":"Coevordensingel 28","address":"Coevordensingel 28","city":"Almere","operatorName":"Vattenfall InCharge","maxPowerKw":11,"isMegawatt":false,"status":"AVAILABLE","source":"ndw"}},{"type":"Feature","geometry":{"type":"Point","coordinates":[5.317207,52.40743]},"properties":{"type":"charge","layer":"passenger","locationId":"37bfedee7ca44302c6997323a07f4dca","name":"Frans Piëtstraat 82","address":"Frans Piëtstraat 82","city":"Almere","operatorName":"Vattenfall InCharge","maxPowerKw":11,"isMegawatt":false,"status":"UNAVAILABLE","source":"ndw"}},{"type":"Feature","geometry":{"type":"Point","coordinates":[5.203565,52.358435]},"properties":{"type":"charge","layer":"passenger","locationId":"20f8de752e444616f9942a610742d04d","name":"Boxtelplein 13","address":"Boxtelplein 13","city":"Almere","operatorName":"Vattenfall InCharge","maxPowerKw":11,"isMegawatt":false,"status":"AVAILABLE","source":"ndw"}},{"type":"Feature","geometry":{"type":"Point","coordinates":[5.247768,52.377529]},"properties":{"type":"charge","layer":"passenger","locationId":"bb9e5bfed2c31e245d9beae98b211485","name":"Kapitein de Langestraat 52","address":"Kapitein de Langestraat 52","city":"Almere","operatorName":"Vattenfall InCharge","maxPowerKw":11,"isMegawatt":false,"status":"CHARGING","source":"ndw"}},{"type":"Feature","geometry":{"type":"Point","coordinates":[5.179685,52.393551]},"properties":{"type":"charge","layer":"passenger","locationId":"b0703c2f21780ab53c2c345d0a4096dc","name":"Ploeganker 71","address":"Ploeganker 71","city":"Almere","operatorName":"Vattenfall InCharge","maxPowerKw":11,"isMegawatt":false,"status":"AVAILABLE","source":"ndw"}},{"type":"Feature","geometry":{"type":"Point","coordinates":[5.25682,52.39225]},"properties":{"type":"charge","layer":"passenger","locationId":"1e4b2822141c2aa54ccc38633b561803","name":"Pieter de Swartstraat 56","address":"Pieter de Swartstraat 56","city":"Almere","operatorName":"Vattenfall InCharge","maxPowerKw":11,"isMegawatt":false,"status":"AVAILABLE","source":"ndw"}},{"type":"Feature","geometry":{"type":"Point","coordinates":[5.252899,52.366652]},"properties":{"type":"charge","layer":"passenger","locationId":"5429f2c1de4c4388edf926ecda9f9b9c","name":"Paso Doblesingel 23","address":"Paso Doblesingel 23","city":"Almere","operatorName":"Vattenfall InCharge","maxPowerKw":11,"isMegawatt":false,"status":"AVAILABLE","source":"ndw"}},{"type":"Feature","geometry":{"type":"Point","coordinates":[5.295116,52.396964]},"properties":{"type":"charge","layer":"passenger","locationId":"e440f4485cf595470665274d983d0e8b","name":"Okerstraat 23","address":"Okerstraat 23","city":"Almere","operatorName":"Vattenfall InCharge","maxPowerKw":11,"isMegawatt":false,"status":"CHARGING","source":"ndw"}},{"type":"Feature","geometry":{"type":"Point","coordinates":[5.19678,52.364124]},"properties":{"type":"charge","layer":"passenger","locationId":"1383a045d43a0e498bf3cb221322cf84","name":"Ravelplantsoen 132","address":"Ravelplantsoen 132","city":"Almere","operatorName":"Vattenfall InCharge","maxPowerKw":11,"isMegawatt":false,"status":"AVAILABLE","source":"ndw"}},{"type":"Feature","geometry":{"type":"Point","coordinates":[5.26621,52.390485]},"properties":{"type":"charge","layer":"passenger","locationId":"5ceaaf8a8bfda175cf47ee3281c305a9","name":"Markiezenhofstraat 2","address":"Markiezenhofstraat 2","city":"Almere","operatorName":"Vattenfall InCharge","maxPowerKw":11,"isMegawatt":false,"status":"CHARGING","source":"ndw"}},{"type":"Feature","geometry":{"type":"Point","coordinates":[5.15163,52.34681]},"properties":{"type":"charge","layer":"passenger","locationId":"e222fe45b3543c99e052db18ac9cafec","name":"Duitslandstraat 87","address":"Duitslandstraat 87","city":"Almere","operatorName":"Vattenfall InCharge","maxPowerKw":11,"isMegawatt":false,"status":"UNAVAILABLE","source":"ndw"}},{"type":"Feature","geometry":{"type":"Point","coordinates":[5.288464,52.396848]},"properties":{"type":"charge","layer":"passenger","locationId":"1a623de2289bb22cb70898af53ccd8a4","name":"Palembangweg 90","address":"Palembangweg 90","city":"Almere","operatorName":"Vattenfall InCharge","maxPowerKw":11,"isMegawatt":false,"status":"CHARGING","source":"ndw"}},{"type":"Feature","geometry":{"type":"Point","coordinates":[5.209083,52.340485]},"properties":{"type":"charge","layer":"passenger","locationId":"b1e6e497073f40fae159b3f82fcf99ac","name":"Keiwierde 1","address":"Keiwierde 1","city":"Almere","operatorName":"Vattenfall InCharge","maxPowerKw":11,"isMegawatt":false,"status":"AVAILABLE","source":"ndw"}},{"type":"Feature","geometry":{"type":"Point","coordinates":[5.156234,52.360355]},"properties":{"type":"charge","layer":"passenger","locationId":"3283679d0d08254e319191aa25319f0e","name":"Saturnussingel 10","address":"Saturnussingel 10","city":"Almere","operatorName":"Vattenfall InCharge","maxPowerKw":11,"isMegawatt":false,"status":"UNAVAILABLE","source":"ndw"}},{"type":"Feature","geometry":{"type":"Point","coordinates":[5.19381,52.35784]},"properties":{"type":"charge","layer":"passenger","locationId":"4d795e852481617e439c65d40a4fe76c","name":"Breskensweg 2","address":"Breskensweg 2","city":"Almere","operatorName":"Vattenfall InCharge","maxPowerKw":11,"isMegawatt":false,"status":"AVAILABLE","source":"ndw"}},{"type":"Feature","geometry":{"type":"Point","coordinates":[5.246428,52.376132]},"properties":{"type":"charge","layer":"passenger","locationId":"fad64ad90858ec4a80c479827822671a","name":"Gleditsiastraat 76","address":"Gleditsiastraat 76","city":"Almere","operatorName":"Vattenfall InCharge","maxPowerKw":11,"isMegawatt":false,"status":"AVAILABLE","source":"ndw"}},{"type":"Feature","geometry":{"type":"MultiPolygon","coordinates":[[[[5.2679826450933565,52.427365782398155],[5.275811009838769,52.423317364502765],[5.318861498375497,52.4107102081943],[5.334835730124233,52.405734850439806],[5.343709459916647,52.40124268824276],[5.3495134028750595,52.40146846708406],[5.350771649801278,52.40020919046803],[5.348167611225222,52.397028804310516],[5.346370549922101,52.39611406917607],[5.339352465617606,52.395813222053945],[5.33236901824475,52.393246740766905],[5.332933166374373,52.392773167295886],[5.313516101053461,52.385741702616315],[5.3130385825432525,52.38625306635634],[5.301243577024542,52.38198666525567],[5.337489816341353,52.35037416291413],[5.350544953516233,52.339038760842605],[5.379156279727406,52.31410920576567],[5.354006290180586,52.30940781314157],[5.350497036412221,52.30923223247572],[5.344923420843755,52.30993949850423],[5.333504722088508,52.31427415357678],[5.3329297495613925,52.31388811104325],[5.317161965807171,52.30355919937517],[5.3159883575099265,52.3041475597722],[5.3139031058443065,52.3031013224338],[5.313412627212627,52.30337375944809],[5.315454180804392,52.304409201761175],[5.298845353719922,52.31187148537595],[5.285177361633868,52.317090457489655],[5.26333566141817,52.32386704622989],[5.239827596427774,52.32925800538573],[5.2326359123105055,52.33058740493932],[5.223670348565225,52.332162690280846],[5.2234605955661975,52.33208482548597],[5.223481305012838,52.33205261553439],[5.223416052221388,52.331924409430854],[5.223019442807058,52.33199584906583],[5.221159681618401,52.331307675609835],[5.2207777661648525,52.33132454111368],[5.2212078237984985,52.331768117929954],[5.220811331039178,52.33187003904473],[5.220235072636426,52.332541724670705],[5.221270840291581,52.33237080115795],[5.221602225417421,52.3330711374975],[5.220922786714761,52.33380472438139],[5.220126827250114,52.33394905666363],[5.219391708610995,52.33370074690457],[5.219073542370289,52.33307484616887],[5.220193941738023,52.33189098707323],[5.219175077407538,52.331344095486266],[5.218298683898448,52.33223375844509],[5.215803839270467,52.33129562743574],[5.21682897859152,52.33019893406832],[5.217919624285371,52.330585949954646],[5.218716000370305,52.33031799639167],[5.21971094699488,52.33049158047454],[5.2163725213788785,52.32939099764344],[5.212558527984912,52.329982713009485],[5.212839029820168,52.33145456401239],[5.213521997455465,52.332057615697614],[5.212810644640865,52.33291230713612],[5.210295121829235,52.33379620240221],[5.2094495809481085,52.33304390759786],[5.208483989691057,52.33246140123873],[5.206162090795696,52.33339420222437],[5.206012401909809,52.33434707071315],[5.204768814615028,52.33551041150555],[5.195175865785084,52.33649498162488],[5.184232470660553,52.335318126232245],[5.1668628742940195,52.33183818070137],[5.157481871431009,52.32923670570218],[5.152722830687205,52.329097839971155],[5.151266668580724,52.328220482193316],[5.148656878925176,52.328415568009646],[5.145536267178683,52.32631147254383],[5.14476352437622,52.32401665546847],[5.140932369994944,52.32607087392232],[5.139211858672695,52.32521888316154],[5.138822035202146,52.32551871001216],[5.138440462494203,52.325812185137686],[5.138323824729371,52.32590190034009],[5.14005464373234,52.32677564150315],[5.136961166727298,52.32934422382645],[5.137241812816121,52.3294357818573],[5.139325959364416,52.328025144843345],[5.141411650892391,52.32820277843667],[5.143609568336436,52.32963917387298],[5.144874239299006,52.3314057488585],[5.140494991647114,52.33407319567539],[5.13599079451522,52.3375943450709],[5.134170168816852,52.33788986248474],[5.134447284155917,52.33806770273759],[5.134763228019964,52.338243684687605],[5.13515458030465,52.33866132744417],[5.13593224893903,52.338726132137786],[5.136074425905058,52.33894341653193],[5.1355268166027646,52.339223984542585],[5.1346847613930064,52.33861303511668],[5.132650354583524,52.33793351133597],[5.132873160277558,52.337739471985145],[5.1327951595094525,52.33768940670813],[5.132422990699185,52.33773576918919],[5.132119057995372,52.33747347134686],[5.132158852240029,52.3371041488591],[5.130938537206727,52.33769860384301],[5.130991447572898,52.33822966177833],[5.132154901491574,52.33810966470875],[5.13461808844863,52.34106195585763],[5.1345687347559466,52.34138208430823],[5.131749354757843,52.34245945656166],[5.129712362352247,52.33988902892041],[5.1311682652880855,52.34201261606166],[5.130975682826706,52.34346013290133],[5.132352326614993,52.34373953073456],[5.133918428928155,52.34399098974244],[5.133629494179134,52.34420492183906],[5.134197229111459,52.344735475548354],[5.133460308146977,52.34527322413914],[5.133467336980534,52.34599400628409],[5.133942520240458,52.346502721292936],[5.133139818654746,52.34713021517433],[5.134198098438008,52.34795790439302],[5.132815604219342,52.357083407043994],[5.131244333586368,52.365457508228786],[5.122664938962131,52.37480142395702],[5.122745283864149,52.37886316496726],[5.124298410509379,52.380538120655004],[5.128750506742432,52.382914073084585],[5.156755912084766,52.393107768245606],[5.1583838556623105,52.39489317117679],[5.161923303170399,52.3994487676506],[5.161556607961911,52.3997944825881],[5.169642779449312,52.402770653307215],[5.2059799928317245,52.416045768097334],[5.2271260397948645,52.42363467244172],[5.227144653708679,52.423355362242226],[5.208254908389206,52.416368165715895],[5.2169666545047875,52.41643339971817],[5.220507322714002,52.417718301123266],[5.220105038159836,52.41835632947937],[5.2221136889711754,52.41790007941272],[5.22268456580091,52.418369568628655],[5.223966559022598,52.417801455903316],[5.224586134203022,52.41805737176369],[5.22449913125198,52.4191090863556],[5.228454131862753,52.420658655060166],[5.231765814020442,52.42429210697969],[5.233251234779004,52.425616224376405],[5.229865964672643,52.42469293869342],[5.258422728564746,52.43542591247008],[5.2679826450933565,52.427365782398155]]]]},"properties":{"type":"boundary","gemeente":"Almere","code":"GM0034"}}]}