{"type":"FeatureCollection","metadata":{"gemeente":"Amstelveen","slug":"amstelveen","code":"GM0362","generated_at":"2026-07-06T16:26:11.361Z","total_passenger":371,"total_freight":0,"bounds":[4.794697687931669,52.242013981938335,4.90913472257084,52.33056705415223],"operators":["Allego","E-Flux by Road","Eneco","Laadnet","NXT50Five","Opcharge","Pluq","Q-Park Netherlands","Tango electric","TotalEnergies","Ubitricity","Vattenfall InCharge"]},"features":[{"type":"Feature","geometry":{"type":"Point","coordinates":[4.82311,52.28474]},"properties":{"type":"charge","layer":"passenger","locationId":"1563","name":"Shell Recharge NL Luttickduin 56","address":"Luttickduin 56","city":"Amstelveen","operatorName":"Ubitricity","maxPowerKw":11,"isMegawatt":false,"status":"AVAILABLE","source":"ndw","priceKwh":0.388}},{"type":"Feature","geometry":{"type":"Point","coordinates":[4.863172,52.293085]},"properties":{"type":"charge","layer":"passenger","locationId":"NLLOC000843","name":"NLD, Amstelveen, Maarten Lutherweg 142","address":"Maarten Lutherweg 142","city":"Amstelveen","operatorName":"Allego","maxPowerKw":11,"isMegawatt":false,"status":"CHARGING","source":"ndw","priceKwh":0.511}},{"type":"Feature","geometry":{"type":"Point","coordinates":[4.867591,52.308684]},"properties":{"type":"charge","layer":"passenger","locationId":"NLLOC007230","name":"NL, Burgemeester Haspelslaan 331, 1181 NC, Amstelveen","address":"Burgemeester Haspelslaan 331","city":"Amstelveen","operatorName":"Allego","maxPowerKw":11,"isMegawatt":false,"status":"AVAILABLE","source":"ndw","priceKwh":0.511}},{"type":"Feature","geometry":{"type":"Point","coordinates":[4.844385,52.288849]},"properties":{"type":"charge","layer":"passenger","locationId":"NLLOC020817","name":"NL, Wimbledonpark 2A, 1185 XN Amstelveen","address":"Wimbledonpark 2A","city":"Amstelveen","operatorName":"Allego","maxPowerKw":11,"isMegawatt":false,"status":"AVAILABLE","source":"ndw","priceKwh":0.511}},{"type":"Feature","geometry":{"type":"Point","coordinates":[4.853016,52.311127]},"properties":{"type":"charge","layer":"passenger","locationId":"14fcdbd3-e065-4326-9984-df46d01b2073","name":"TNLP008913 - Charlotte van Montpensierlaan 29, Amstelveen","address":"29 Charlotte van Montpensierlaan","city":"Amstelveen","operatorName":"TotalEnergies","maxPowerKw":14,"isMegawatt":false,"status":"AVAILABLE","source":"ndw"}},{"type":"Feature","geometry":{"type":"Point","coordinates":[4.857641,52.308414]},"properties":{"type":"charge","layer":"passenger","locationId":"NLLOC008560","name":"NL, Graaf Aelbrechtlaan 118, 1181 SX Amstelveen","address":"Graaf Aelbrechtlaan 118","city":"Amstelveen","operatorName":"Allego","maxPowerKw":11,"isMegawatt":false,"status":"AVAILABLE","source":"ndw","priceKwh":0.511}},{"type":"Feature","geometry":{"type":"Point","coordinates":[4.860253,52.27569]},"properties":{"type":"charge","layer":"passenger","locationId":"9763ff9a-c8ba-4a52-80ad-a07985955a96","name":"TNLP008935 - Galjoen 2, Amstelveen","address":"2 Galjoen","city":"Amstelveen","operatorName":"TotalEnergies","maxPowerKw":14,"isMegawatt":false,"status":"AVAILABLE","source":"ndw"}},{"type":"Feature","geometry":{"type":"Point","coordinates":[4.8434,52.29703]},"properties":{"type":"charge","layer":"passenger","locationId":"233d2057-50e6-448b-a766-6038aee91636","name":"TNLP003583 - Handweg 117, Amstelveen","address":"117 Handweg","city":"Amstelveen","operatorName":"TotalEnergies","maxPowerKw":17,"isMegawatt":false,"status":"AVAILABLE","source":"ndw"}},{"type":"Feature","geometry":{"type":"Point","coordinates":[4.827783,52.273682]},"properties":{"type":"charge","layer":"passenger","locationId":"NLLOC001100","name":"NLD, Amstelveen, Herman de Manlaan 1","address":"Herman de Manlaan 1","city":"Amstelveen","operatorName":"Allego","maxPowerKw":11,"isMegawatt":false,"status":"AVAILABLE","source":"ndw","priceKwh":0.511}},{"type":"Feature","geometry":{"type":"Point","coordinates":[4.861656,52.277731]},"properties":{"type":"charge","layer":"passenger","locationId":"NLLOC027863","name":"NL, Voorplecht 20 1186 WR Amstelveen","address":"Voorplecht 20","city":"Amstelveen","operatorName":"Allego","maxPowerKw":11,"isMegawatt":false,"status":"AVAILABLE","source":"ndw","priceKwh":0.511}},{"type":"Feature","geometry":{"type":"Point","coordinates":[4.850978,52.287148]},"properties":{"type":"charge","layer":"passenger","locationId":"dab6cd26-930b-4bb6-8d60-31154df0981d","name":"PP002569 - Startbaan 10, Amstelveen","address":"10 Startbaan","city":"Amstelveen","operatorName":"TotalEnergies","maxPowerKw":13,"isMegawatt":false,"status":"AVAILABLE","source":"ndw"}},{"type":"Feature","geometry":{"type":"Point","coordinates":[4.864999,52.300956]},"properties":{"type":"charge","layer":"passenger","locationId":"B19F84A7-AA15-41D4-9132-3E9437062C59","name":"Q-Park Amstelveen Buitenplein","address":"Buitenplein 101","city":"Amstelveen","operatorName":"Q-Park Netherlands","maxPowerKw":11,"isMegawatt":false,"status":"AVAILABLE","source":"ndw"}},{"type":"Feature","geometry":{"type":"Point","coordinates":[4.865966,52.29026]},"properties":{"type":"charge","layer":"passenger","locationId":"NLLOC019771","name":"NL, Matterhorn 48, 1186 EC Amstelveen","address":"Matterhorn 48","city":"Amstelveen","operatorName":"Allego","maxPowerKw":11,"isMegawatt":false,"status":"AVAILABLE","source":"ndw","priceKwh":0.511}},{"type":"Feature","geometry":{"type":"Point","coordinates":[4.8501223,52.2872772]},"properties":{"type":"charge","layer":"passenger","locationId":"1033","name":"Shell Recharge NL Startbaan 12 A","address":"Startbaan 12 A","city":"Amstelveen","operatorName":"Ubitricity","maxPowerKw":22,"isMegawatt":false,"status":"AVAILABLE","source":"ndw","priceKwh":0.266}},{"type":"Feature","geometry":{"type":"Point","coordinates":[4.872391,52.291166]},"properties":{"type":"charge","layer":"passenger","locationId":"NLLOC007365","name":"NL, Helikon 5, 1186CD, Amstelveen","address":"Helikon 5","city":"Amstelveen","operatorName":"Allego","maxPowerKw":11,"isMegawatt":false,"status":"AVAILABLE","source":"ndw","priceKwh":0.511}},{"type":"Feature","geometry":{"type":"Point","coordinates":[4.86586,52.31453]},"properties":{"type":"charge","layer":"passenger","locationId":"91725196-dd81-4dec-b1a8-0f037a26d29c","name":"TNLP008911 - Duivelandselaan 23, Amstelveen","address":"23 Duivelandselaan","city":"Amstelveen","operatorName":"TotalEnergies","maxPowerKw":14,"isMegawatt":false,"status":"AVAILABLE","source":"ndw"}},{"type":"Feature","geometry":{"type":"Point","coordinates":[4.8247982,52.2804907]},"properties":{"type":"charge","layer":"passenger","locationId":"1414","name":"Shell Recharge NL Zeelandiahoeve 63","address":"Zeelandiahoeve 63","city":"Amstelveen","operatorName":"Ubitricity","maxPowerKw":22,"isMegawatt":false,"status":"AVAILABLE","source":"ndw","priceKwh":0.266}},{"type":"Feature","geometry":{"type":"Point","coordinates":[4.860683,52.280655]},"properties":{"type":"charge","layer":"passenger","locationId":"309a866f-c212-45b3-91ac-058857aa236d","name":"TNLP009073 - Jol 222, Amstelveen","address":"222 Jol","city":"Amstelveen","operatorName":"TotalEnergies","maxPowerKw":17,"isMegawatt":false,"status":"UNAVAILABLE","source":"ndw"}},{"type":"Feature","geometry":{"type":"Point","coordinates":[4.864506,52.287909]},"properties":{"type":"charge","layer":"passenger","locationId":"NLLOC011293","name":"NL, Rupel 18 1186 LC Amstelveen","address":"Rupel 18","city":"Amstelveen","operatorName":"Allego","maxPowerKw":11,"isMegawatt":false,"status":"AVAILABLE","source":"ndw","priceKwh":0.511}},{"type":"Feature","geometry":{"type":"Point","coordinates":[4.867943,52.290451]},"properties":{"type":"charge","layer":"passenger","locationId":"NLLOC001102","name":"NLD, Amstelveen, Alpen Rondweg 102","address":"Alpen Rondweg 102-A","city":"Amstelveen","operatorName":"Allego","maxPowerKw":11,"isMegawatt":false,"status":"AVAILABLE","source":"ndw","priceKwh":0.511}},{"type":"Feature","geometry":{"type":"Point","coordinates":[4.82786,52.2818]},"properties":{"type":"charge","layer":"passenger","locationId":"67221432faed54001ca42f14","name":"NXT 50five - Amstelveen - Asserring 188 - DC","address":"Asserring 188","city":"Amstelveen","operatorName":"NXT50Five","maxPowerKw":300,"isMegawatt":false,"status":"AVAILABLE","source":"ndw","priceKwh":0.6}},{"type":"Feature","geometry":{"type":"Point","coordinates":[4.87287,52.30239]},"properties":{"type":"charge","layer":"passenger","locationId":"58aa61bf-94c7-4e20-a895-bc1ec80a284a","name":"PP002491 - De Parelvisserslaan 1, Amstelveen","address":"1 De Parelvisserslaan","city":"Amstelveen","operatorName":"TotalEnergies","maxPowerKw":13,"isMegawatt":false,"status":"AVAILABLE","source":"ndw"}},{"type":"Feature","geometry":{"type":"Point","coordinates":[4.866134,52.301632]},"properties":{"type":"charge","layer":"passenger","locationId":"159C4BB7-A12E-4AC0-9E0B-76B2A58F6981","name":"Q-Park Amstelveen Handelsplein","address":"Handelsweg 51","city":"Amstelveen","operatorName":"Q-Park Netherlands","maxPowerKw":11,"isMegawatt":false,"status":"AVAILABLE","source":"ndw"}},{"type":"Feature","geometry":{"type":"Point","coordinates":[4.87178,52.28951]},"properties":{"type":"charge","layer":"passenger","locationId":"23493b7a-2245-4ba7-a38f-1d933dac077f","name":"TNLP003585 - In de Wolken 226, Amstelveen","address":"226 In de Wolken","city":"Amstelveen","operatorName":"TotalEnergies","maxPowerKw":17,"isMegawatt":false,"status":"AVAILABLE","source":"ndw"}},{"type":"Feature","geometry":{"type":"Point","coordinates":[4.85265,52.28812]},"properties":{"type":"charge","layer":"passenger","locationId":"b16a4b7c-8909-4dfe-ba28-cee690cd421d","name":"TNLP003608 - Van der Hooplaan 239, Amstelveen","address":"239 Van der Hooplaan","city":"Amstelveen","operatorName":"TotalEnergies","maxPowerKw":17,"isMegawatt":false,"status":"AVAILABLE","source":"ndw"}},{"type":"Feature","geometry":{"type":"Point","coordinates":[4.835786,52.281223]},"properties":{"type":"charge","layer":"passenger","locationId":"1e6d9f27-197f-4ece-a6d7-c910d240d0ff","name":"TNLP015335 - Langs de Werf 10, Amstelveen","address":"10 Langs de Werf","city":"Amstelveen","operatorName":"TotalEnergies","maxPowerKw":17,"isMegawatt":false,"status":"AVAILABLE","source":"ndw"}},{"type":"Feature","geometry":{"type":"Point","coordinates":[4.8407,52.28545]},"properties":{"type":"charge","layer":"passenger","locationId":"5227ADB2-FBBD-4F4E-BBEC-F10A76DEDDBB","name":"Eneco eMobility Canon Europe N.V. - Bovenkerkerweg 59 - Amstelveen","address":"Bovenkerkerweg 59","city":"Amstelveen","operatorName":"Eneco","maxPowerKw":22,"isMegawatt":false,"status":"AVAILABLE","source":"ndw","priceKwh":0.4}},{"type":"Feature","geometry":{"type":"Point","coordinates":[4.827489,52.28235]},"properties":{"type":"charge","layer":"passenger","locationId":"6fed7a10-2d08-4288-8e97-c0a6071ba6e1","name":"Marthahoeve","address":"Marthahoeve 3a","city":"Amstelveen","operatorName":"Vattenfall InCharge","maxPowerKw":11,"isMegawatt":false,"status":"AVAILABLE","source":"ndw"}},{"type":"Feature","geometry":{"type":"Point","coordinates":[4.857805,52.311279]},"properties":{"type":"charge","layer":"passenger","locationId":"NLLOC002646","name":"NL, Van der Veerelaan, 30a, 1181RB, Amstelveen","address":"Van der Veerelaan 30a","city":"Amstelveen","operatorName":"Allego","maxPowerKw":11,"isMegawatt":false,"status":"AVAILABLE","source":"ndw","priceKwh":0.511}},{"type":"Feature","geometry":{"type":"Point","coordinates":[4.848719,52.280547]},"properties":{"type":"charge","layer":"passenger","locationId":"NLLOC012099","name":"NL, Dr. Willem Dreesweg 268, 1188KW Amstelveen","address":"Dr. Willem Dreesweg 268","city":"Amstelveen","operatorName":"Allego","maxPowerKw":11,"isMegawatt":false,"status":"AVAILABLE","source":"ndw","priceKwh":0.511}},{"type":"Feature","geometry":{"type":"Point","coordinates":[4.845279,52.278982]},"properties":{"type":"charge","layer":"passenger","locationId":"NLLOC010970","name":"NL, De hoorn 1, 1188 HG. Amstelveen","address":"De hoorn 1","city":"Amstelveen","operatorName":"Allego","maxPowerKw":11,"isMegawatt":false,"status":"AVAILABLE","source":"ndw","priceKwh":0.511}},{"type":"Feature","geometry":{"type":"Point","coordinates":[4.876258,52.312232]},"properties":{"type":"charge","layer":"passenger","locationId":"NLLOC000832","name":"NLD, Amstelveen, Kostverlorenhof 2","address":"Kostverlorenhof 2-A1","city":"Amstelveen","operatorName":"Allego","maxPowerKw":11,"isMegawatt":false,"status":"AVAILABLE","source":"ndw","priceKwh":0.511}},{"type":"Feature","geometry":{"type":"Point","coordinates":[4.8318446,52.2840812]},"properties":{"type":"charge","layer":"passenger","locationId":"1037","name":"Shell Recharge NL Betsy Perklaan 82","address":"Betsy Perklaan 82","city":"Amstelveen","operatorName":"Ubitricity","maxPowerKw":22,"isMegawatt":false,"status":"AVAILABLE","source":"ndw","priceKwh":0.266}},{"type":"Feature","geometry":{"type":"Point","coordinates":[4.854,52.30585]},"properties":{"type":"charge","layer":"passenger","locationId":"c8bf73b8-3899-4435-858e-3ca9a529cd38","name":"TNLP003530 - De Savornin Lohmanlaan 26, Amstelveen","address":"26 De Savornin Lohmanlaan","city":"Amstelveen","operatorName":"TotalEnergies","maxPowerKw":17,"isMegawatt":false,"status":"AVAILABLE","source":"ndw"}},{"type":"Feature","geometry":{"type":"Point","coordinates":[4.857911,52.283538]},"properties":{"type":"charge","layer":"passenger","locationId":"9bf2950a-0376-4bb3-bebd-31c00356dd5c","name":"TNLP015203","address":"Voerman 14","city":"Amstelveen","operatorName":"TotalEnergies","maxPowerKw":17,"isMegawatt":false,"status":"AVAILABLE","source":"ndw"}},{"type":"Feature","geometry":{"type":"Point","coordinates":[4.836858,52.292526]},"properties":{"type":"charge","layer":"passenger","locationId":"c526719f-333b-47d7-98e0-5706523028a6","name":"Pastoor J.W. Brouwerslaan","address":"Pastoor J.W. Brouwerslaan 2","city":"Amstelveen","operatorName":"Vattenfall InCharge","maxPowerKw":11,"isMegawatt":false,"status":"AVAILABLE","source":"ndw"}},{"type":"Feature","geometry":{"type":"Point","coordinates":[4.84521,52.28754]},"properties":{"type":"charge","layer":"passenger","locationId":"NLENV76","name":"Amstelveen, Startbaan 14-1118, Olympiade E10886 Amvest y","address":"Startbaan 144","city":"Amstelveen","operatorName":"","maxPowerKw":11,"isMegawatt":false,"status":"AVAILABLE","source":"ndw","priceKwh":0.45}},{"type":"Feature","geometry":{"type":"Point","coordinates":[4.873534,52.312749]},"properties":{"type":"charge","layer":"passenger","locationId":"efb8a0b9-605f-49d4-901b-eb16480008d9","name":"Eleanor Rooseveltlaan 1","address":"Eleanor Rooseveltlaan 1","city":"Amstelveen","operatorName":"Vattenfall InCharge","maxPowerKw":11,"isMegawatt":false,"status":"AVAILABLE","source":"ndw"}},{"type":"Feature","geometry":{"type":"Point","coordinates":[4.8193,52.281596]},"properties":{"type":"charge","layer":"passenger","locationId":"NLLOC003118","name":"NLD, Amstelveen, Marshallsingel 26","address":"NLD, Amstelveen, Marshallsingel 26","city":"Amstelveen","operatorName":"Allego","maxPowerKw":11,"isMegawatt":false,"status":"AVAILABLE","source":"ndw","priceKwh":0.511}},{"type":"Feature","geometry":{"type":"Point","coordinates":[4.859643,52.315829]},"properties":{"type":"charge","layer":"passenger","locationId":"NLLOC001096","name":"NLD, Amstelveen, Jan van Avesneslaan 20","address":"Jan van Avesneslaan 20","city":"Amstelveen","operatorName":"Allego","maxPowerKw":11,"isMegawatt":false,"status":"AVAILABLE","source":"ndw","priceKwh":0.511}},{"type":"Feature","geometry":{"type":"Point","coordinates":[4.87107,52.29176]},"properties":{"type":"charge","layer":"passenger","locationId":"87eafb327c0bc40c80760f51a10fa902","name":"In de Wolken 34","address":"In de Wolken 34","city":"Amstelveen","operatorName":"Vattenfall InCharge","maxPowerKw":11,"isMegawatt":false,"status":"CHARGING","source":"ndw"}},{"type":"Feature","geometry":{"type":"Point","coordinates":[4.84461,52.30102]},"properties":{"type":"charge","layer":"passenger","locationId":"e831629c-0ced-4410-a019-41e73f4440b5","name":"TNLP003545 - Laan Nieuwer-Amstel 1, Amstelveen","address":"1 Laan Nieuwer-Amstel","city":"Amstelveen","operatorName":"TotalEnergies","maxPowerKw":17,"isMegawatt":false,"status":"AVAILABLE","source":"ndw"}},{"type":"Feature","geometry":{"type":"Point","coordinates":[4.862081,52.313891]},"properties":{"type":"charge","layer":"passenger","locationId":"613b10548938ad207372ed59","name":"Markerstraat 4 Amsterdam","address":"Markerstraat 4","city":"Amsterdam","operatorName":"E-Flux by Road","maxPowerKw":11,"isMegawatt":false,"status":"AVAILABLE","source":"ndw","priceKwh":0.35}},{"type":"Feature","geometry":{"type":"Point","coordinates":[4.859274,52.291482]},"properties":{"type":"charge","layer":"passenger","locationId":"15f948e87f5c281d4638300caa7337b1","name":"Sportlaan 428","address":"Sportlaan 428","city":"Amstelveen","operatorName":"Vattenfall InCharge","maxPowerKw":11,"isMegawatt":false,"status":"CHARGING","source":"ndw"}},{"type":"Feature","geometry":{"type":"Point","coordinates":[4.870599,52.308079]},"properties":{"type":"charge","layer":"passenger","locationId":"NLLOC004041","name":"NLD, Amstelveen, Van Heuven Goedhartlaan 472","address":"Van Heuven Goedhartlaan 472","city":"Amstelveen","operatorName":"Allego","maxPowerKw":11,"isMegawatt":false,"status":"AVAILABLE","source":"ndw","priceKwh":0.511}},{"type":"Feature","geometry":{"type":"Point","coordinates":[4.864407,52.281197]},"properties":{"type":"charge","layer":"passenger","locationId":"93013bfb-7c34-4cc8-b95e-8ed66eabfd34","name":"TNLP007848 - Punter 295, Amstelveen","address":"295 Punter","city":"Amstelveen","operatorName":"TotalEnergies","maxPowerKw":15,"isMegawatt":false,"status":"AVAILABLE","source":"ndw"}},{"type":"Feature","geometry":{"type":"Point","coordinates":[4.842839,52.285161]},"properties":{"type":"charge","layer":"passenger","locationId":"L_0021381372","name":"Bovenkerkerweg 6-8","address":"Bovenkerkerweg 6-8 6-8","city":"Amstelveen","operatorName":"Tango electric","maxPowerKw":22,"isMegawatt":false,"status":"UNAVAILABLE","source":"ndw","priceKwh":0.4545}},{"type":"Feature","geometry":{"type":"Point","coordinates":[4.85697,52.31147]},"properties":{"type":"charge","layer":"passenger","locationId":"c7f044d3372a01937882971dc1beb029","name":"Charlotte van Montpensierlaan 50","address":"Charlotte van Montpensierlaan 50","city":"Amstelveen","operatorName":"Vattenfall InCharge","maxPowerKw":11,"isMegawatt":false,"status":"AVAILABLE","source":"ndw"}},{"type":"Feature","geometry":{"type":"Point","coordinates":[4.861752,52.295331]},"properties":{"type":"charge","layer":"passenger","locationId":"7e1c613a7d75e7e8f7bc0983944c92a1","name":"Lindenlaan 525","address":"Lindenlaan 525","city":"Amstelveen","operatorName":"Vattenfall InCharge","maxPowerKw":11,"isMegawatt":false,"status":"AVAILABLE","source":"ndw"}},{"type":"Feature","geometry":{"type":"Point","coordinates":[4.869003,52.28837]},"properties":{"type":"charge","layer":"passenger","locationId":"NLLOC007508","name":"NL, Groenhof 285 17, 1186CG Amstelveen","address":"Groenhof 285 17","city":"Amstelveen","operatorName":"Allego","maxPowerKw":11,"isMegawatt":false,"status":"CHARGING","source":"ndw","priceKwh":0.511}},{"type":"Feature","geometry":{"type":"Point","coordinates":[4.860541,52.297251]},"properties":{"type":"charge","layer":"passenger","locationId":"NLLOC000822","name":"NLD, Amstelveen, Vogelkerslaan 8","address":"Vogelkerslaan 8","city":"Amstelveen","operatorName":"Allego","maxPowerKw":11,"isMegawatt":false,"status":"AVAILABLE","source":"ndw","priceKwh":0.511}},{"type":"Feature","geometry":{"type":"Point","coordinates":[4.835435,52.273528]},"properties":{"type":"charge","layer":"passenger","locationId":"NLLOC001126","name":"NLD, Amstelveen, Korenbloemlaan 15","address":"Korenbloemlaan 15","city":"Amstelveen","operatorName":"Allego","maxPowerKw":11,"isMegawatt":false,"status":"AVAILABLE","source":"ndw","priceKwh":0.511}},{"type":"Feature","geometry":{"type":"Point","coordinates":[4.857635,52.279344]},"properties":{"type":"charge","layer":"passenger","locationId":"NLLOC004386","name":"NLD, Praam 144, Amstelveen 1186 TM","address":"Praam 144","city":"Amstelveen","operatorName":"Allego","maxPowerKw":11,"isMegawatt":false,"status":"AVAILABLE","source":"ndw","priceKwh":0.511}},{"type":"Feature","geometry":{"type":"Point","coordinates":[4.844396,52.301612]},"properties":{"type":"charge","layer":"passenger","locationId":"NLLOC007231","name":"NL, Laan Nieuwer Amstel 1, 1182 JR, Amstelveen","address":"Laan Nieuwer Amstel 1","city":"Amstelveen","operatorName":"Allego","maxPowerKw":11,"isMegawatt":false,"status":"AVAILABLE","source":"ndw","priceKwh":0.511}},{"type":"Feature","geometry":{"type":"Point","coordinates":[4.869193,52.308235]},"properties":{"type":"charge","layer":"passenger","locationId":"206e8265-2218-4dc8-a4e8-6391ba1e0f4a","name":"TNLP015071 - Bijdorp 11, Amstelveen","address":"11 Bijdorp","city":"Amstelveen","operatorName":"TotalEnergies","maxPowerKw":17,"isMegawatt":false,"status":"AVAILABLE","source":"ndw"}},{"type":"Feature","geometry":{"type":"Point","coordinates":[4.878365,52.31132]},"properties":{"type":"charge","layer":"passenger","locationId":"1c3ca785-2e8f-412b-89db-270a5fb64821","name":"TNLP008296 - De Bosporus 33, Amstelveen","address":"33 De Bosporus","city":"Amstelveen","operatorName":"TotalEnergies","maxPowerKw":14,"isMegawatt":false,"status":"AVAILABLE","source":"ndw"}},{"type":"Feature","geometry":{"type":"Point","coordinates":[4.83305,52.27289]},"properties":{"type":"charge","layer":"passenger","locationId":"402245c2-ebbe-4cee-9d7b-aa74654d4dab","name":"TNLP003532 - Zonnedauwlaan 32, Amstelveen","address":"32 Zonnedauwlaan","city":"Amstelveen","operatorName":"TotalEnergies","maxPowerKw":17,"isMegawatt":false,"status":"AVAILABLE","source":"ndw"}},{"type":"Feature","geometry":{"type":"Point","coordinates":[4.859619,52.304369]},"properties":{"type":"charge","layer":"passenger","locationId":"NLLOC000819","name":"NLD, Amstelveen, Jonkheer H.A. van Karnebeeklaan 8","address":"Jonkheer H.A. van Karnebeeklaan 8","city":"Amstelveen","operatorName":"Allego","maxPowerKw":11,"isMegawatt":false,"status":"AVAILABLE","source":"ndw","priceKwh":0.511}},{"type":"Feature","geometry":{"type":"Point","coordinates":[4.86236,52.315317]},"properties":{"type":"charge","layer":"passenger","locationId":"NLLOC006170","name":"NL, Texelstraat 78, 1181ES, Amstelveen","address":"Texelstraat 78","city":"Amstelveen","operatorName":"Allego","maxPowerKw":11,"isMegawatt":false,"status":"AVAILABLE","source":"ndw","priceKwh":0.511}},{"type":"Feature","geometry":{"type":"Point","coordinates":[4.863098,52.312555]},"properties":{"type":"charge","layer":"passenger","locationId":"NLLOC001251","name":"NLD, Amstelveen, Rembrandtweg 405","address":"Rembrandtweg 405","city":"Amstelveen","operatorName":"Allego","maxPowerKw":22,"isMegawatt":false,"status":"AVAILABLE","source":"ndw","priceKwh":0.511}},{"type":"Feature","geometry":{"type":"Point","coordinates":[4.816032,52.262699]},"properties":{"type":"charge","layer":"passenger","locationId":"4227475","name":"Laadnet 3. Guest Parking (11kW)","address":"Meerlandenweg 40","city":"Amstelveen","operatorName":"Laadnet","maxPowerKw":22,"isMegawatt":false,"status":"AVAILABLE","source":"ndw"}},{"type":"Feature","geometry":{"type":"Point","coordinates":[4.863453,52.301222]},"properties":{"type":"charge","layer":"passenger","locationId":"NLLOC007257","name":"NL, Meander 683, 1181WN, Amstelveen","address":"Meander 683","city":"Amstelveen","operatorName":"Allego","maxPowerKw":11,"isMegawatt":false,"status":"AVAILABLE","source":"ndw","priceKwh":0.511}},{"type":"Feature","geometry":{"type":"Point","coordinates":[4.873036,52.315063]},"properties":{"type":"charge","layer":"passenger","locationId":"c55ea187-3d43-4e7f-9518-82d3a0dd0151","name":"TNLP008754 - Eleanor Rooseveltlaan 157, Amstelveen","address":"157 Eleanor Rooseveltlaan","city":"Amstelveen","operatorName":"TotalEnergies","maxPowerKw":14,"isMegawatt":false,"status":"UNAVAILABLE","source":"ndw"}},{"type":"Feature","geometry":{"type":"Point","coordinates":[4.882728,52.314493]},"properties":{"type":"charge","layer":"passenger","locationId":"62320922977977460e1fd6d2","name":"Tom Lodewijklaan 10","address":"Tom Lodewijklaan 10","city":"Amstelveen","operatorName":"E-Flux by Road","maxPowerKw":22,"isMegawatt":false,"status":"AVAILABLE","source":"ndw","priceKwh":0.91}},{"type":"Feature","geometry":{"type":"Point","coordinates":[4.87391,52.290293]},"properties":{"type":"charge","layer":"passenger","locationId":"5244a967-5b86-4ec1-b232-2a6856baed8b","name":"TNLP034057","address":"Olympus 16","city":"Amstelveen","operatorName":"TotalEnergies","maxPowerKw":14,"isMegawatt":false,"status":"AVAILABLE","source":"ndw"}},{"type":"Feature","geometry":{"type":"Point","coordinates":[4.852796,52.281107]},"properties":{"type":"charge","layer":"passenger","locationId":"86a9da4f-172d-44d9-9a46-e7bb0e48bc5f","name":"TNLP034366","address":"Melkweg 42","city":"Amstelveen","operatorName":"TotalEnergies","maxPowerKw":14,"isMegawatt":false,"status":"AVAILABLE","source":"ndw"}},{"type":"Feature","geometry":{"type":"Point","coordinates":[4.85431,52.304889]},"properties":{"type":"charge","layer":"passenger","locationId":"NLLOC001128","name":"NLD, Amstelveen, Wibautlaan 45","address":"Wibautlaan 45","city":"Amstelveen","operatorName":"Allego","maxPowerKw":11,"isMegawatt":false,"status":"AVAILABLE","source":"ndw","priceKwh":0.511}},{"type":"Feature","geometry":{"type":"Point","coordinates":[4.859593,52.303135]},"properties":{"type":"charge","layer":"passenger","locationId":"33FA2E5B-C04E-42CE-BD66-F5D45221ABF2","name":"Eneco eMobility Westfield Mall of the Netherlands - Stadshart Amstelveen - Schouwburggarage","address":"Rembrandweg 41 2","city":"Amstelveen","operatorName":"Eneco","maxPowerKw":22,"isMegawatt":false,"status":"AVAILABLE","source":"ndw","priceKwh":0.54}},{"type":"Feature","geometry":{"type":"Point","coordinates":[4.835644,52.271713]},"properties":{"type":"charge","layer":"passenger","locationId":"NLLOC001460","name":"NLD, Amstelveen, Korianderlaan 83","address":"Korianderlaan 83","city":"Amstelveen","operatorName":"Allego","maxPowerKw":22,"isMegawatt":false,"status":"AVAILABLE","source":"ndw","priceKwh":0.511}},{"type":"Feature","geometry":{"type":"Point","coordinates":[4.8477888,52.2984494]},"properties":{"type":"charge","layer":"passenger","locationId":"2155","name":"Shell Recharge NL Lijsterbeslaan 19","address":"Lijsterbeslaan 19","city":"Amstelveen","operatorName":"Ubitricity","maxPowerKw":22,"isMegawatt":false,"status":"AVAILABLE","source":"ndw","priceKwh":0.266}},{"type":"Feature","geometry":{"type":"Point","coordinates":[4.864023,52.30655]},"properties":{"type":"charge","layer":"passenger","locationId":"2ba45d22-b10e-45c1-bba4-65280f666fb3","name":"TNLP015084 - Jan van Goyenlaan 1, Amstelveen","address":"1 Jan van Goyenlaan","city":"Amstelveen","operatorName":"TotalEnergies","maxPowerKw":17,"isMegawatt":false,"status":"UNAVAILABLE","source":"ndw"}},{"type":"Feature","geometry":{"type":"Point","coordinates":[4.813158,52.277384]},"properties":{"type":"charge","layer":"passenger","locationId":"a1599ed7-143a-4825-967d-b13c01207e4e","name":"Jane Addamslaan 118","address":"Jane Addamslaan 118","city":"Amstelveen","operatorName":"Vattenfall InCharge","maxPowerKw":11,"isMegawatt":false,"status":"AVAILABLE","source":"ndw"}},{"type":"Feature","geometry":{"type":"Point","coordinates":[4.854118,52.281483]},"properties":{"type":"charge","layer":"passenger","locationId":"9c7aa122-dc09-4209-8dbe-b2fdc41d87ca","name":"TNLP015338 - Orion 58, Amstelveen","address":"58 Orion","city":"Amstelveen","operatorName":"TotalEnergies","maxPowerKw":17,"isMegawatt":false,"status":"UNAVAILABLE","source":"ndw"}},{"type":"Feature","geometry":{"type":"Point","coordinates":[4.879208,52.303373]},"properties":{"type":"charge","layer":"passenger","locationId":"NLLOC007423","name":"NL, Camera Obscuralaan 12 a, 1183JZ, Amstelveen","address":"Camera Obscuralaan 12 a","city":"Amstelveen","operatorName":"Allego","maxPowerKw":11,"isMegawatt":false,"status":"CHARGING","source":"ndw","priceKwh":0.511}},{"type":"Feature","geometry":{"type":"Point","coordinates":[4.8562,52.30696]},"properties":{"type":"charge","layer":"passenger","locationId":"326","name":"Shell Recharge NL Keizer Karelweg 333","address":"Keizer Karelweg 333","city":"Amstelveen","operatorName":"Ubitricity","maxPowerKw":11,"isMegawatt":false,"status":"AVAILABLE","source":"ndw","priceKwh":0.388}},{"type":"Feature","geometry":{"type":"Point","coordinates":[4.822805,52.273504]},"properties":{"type":"charge","layer":"passenger","locationId":"NLLOC000014","name":"NLD, Amstelveen, Renate Rubinsteinlaan 29","address":"Renate Rubinsteinlaan 29","city":"Amstelveen","operatorName":"Allego","maxPowerKw":11,"isMegawatt":false,"status":"AVAILABLE","source":"ndw","priceKwh":0.511}},{"type":"Feature","geometry":{"type":"Point","coordinates":[4.829812,52.27451]},"properties":{"type":"charge","layer":"passenger","locationId":"29d9711c-7999-4e72-948b-8f992d7b17ed","name":"TNLP015072 - Loethoelilaan 139, Amstelveen","address":"139 Loethoelilaan","city":"Amstelveen","operatorName":"TotalEnergies","maxPowerKw":17,"isMegawatt":false,"status":"AVAILABLE","source":"ndw"}},{"type":"Feature","geometry":{"type":"Point","coordinates":[4.861493,52.316755]},"properties":{"type":"charge","layer":"passenger","locationId":"6aa5f6b9-f4f7-4519-8d42-371c8c9b4d37","name":"Goereesepad","address":"Goereesepad 113","city":"Amstelveen","operatorName":"Vattenfall InCharge","maxPowerKw":11,"isMegawatt":false,"status":"CHARGING","source":"ndw"}},{"type":"Feature","geometry":{"type":"Point","coordinates":[4.880939,52.318488]},"properties":{"type":"charge","layer":"passenger","locationId":"acaa1029755f4a958df9","name":"Fris Vastgoed - Professor W.H. Keesomlaan 1, Amstelveen","address":"Professor W.H. Keesomlaan 1","city":"Amstelveen","operatorName":"Opcharge","maxPowerKw":22,"isMegawatt":false,"status":"AVAILABLE","source":"ndw","priceKwh":0.47}},{"type":"Feature","geometry":{"type":"Point","coordinates":[4.874101,52.311539]},"properties":{"type":"charge","layer":"passenger","locationId":"f7fdf835-0253-46ff-84bb-5b06e80076fc","name":"TNLP034027","address":"Westelijk Halfrond 483","city":"Amstelveen","operatorName":"TotalEnergies","maxPowerKw":14,"isMegawatt":false,"status":"AVAILABLE","source":"ndw"}},{"type":"Feature","geometry":{"type":"Point","coordinates":[4.854267,52.303666]},"properties":{"type":"charge","layer":"passenger","locationId":"NLLOC007530","name":"NL, Thorbeckelaan 108, 1181 VS, Amstelveen","address":"Thorbeckelaan 108","city":"Amstelveen","operatorName":"Allego","maxPowerKw":11,"isMegawatt":false,"status":"AVAILABLE","source":"ndw","priceKwh":0.511}},{"type":"Feature","geometry":{"type":"Point","coordinates":[4.851365,52.311179]},"properties":{"type":"charge","layer":"passenger","locationId":"NLLOC006131","name":"NL, Wolfert van Borsselenweg 91, 1181PH, Amstelveen","address":"Wolfert van Borsselenweg 91","city":"Amstelveen","operatorName":"Allego","maxPowerKw":11,"isMegawatt":false,"status":"CHARGING","source":"ndw","priceKwh":0.511}},{"type":"Feature","geometry":{"type":"Point","coordinates":[4.856938,52.282997]},"properties":{"type":"charge","layer":"passenger","locationId":"NLLOC003026","name":"NLD, Amstelveen, Voerman 7","address":"Voerman 7","city":"Amstelveen","operatorName":"Allego","maxPowerKw":11,"isMegawatt":false,"status":"AVAILABLE","source":"ndw","priceKwh":0.511}},{"type":"Feature","geometry":{"type":"Point","coordinates":[4.851447,52.299163]},"properties":{"type":"charge","layer":"passenger","locationId":"NLLOC000841","name":"NL, Soerlaan 24, 1185 JK, Amstelveen (rechter laadpaal)","address":"Soerlaan 24","city":"Amstelveen","operatorName":"Allego","maxPowerKw":11,"isMegawatt":false,"status":"AVAILABLE","source":"ndw","priceKwh":0.511}},{"type":"Feature","geometry":{"type":"Point","coordinates":[4.83729,52.273154]},"properties":{"type":"charge","layer":"passenger","locationId":"NLLOC006263","name":"NL, Sintjanskruidlaan 88, 1187ED, Amstelveen","address":"Sintjanskruidlaan 88","city":"Amstelveen","operatorName":"Allego","maxPowerKw":11,"isMegawatt":false,"status":"AVAILABLE","source":"ndw","priceKwh":0.511}},{"type":"Feature","geometry":{"type":"Point","coordinates":[4.857378,52.306665]},"properties":{"type":"charge","layer":"passenger","locationId":"7cf7bbf2a953eb5dd28a6647ddd45549","name":"Meester G. Groen van Prinstererlaan 27","address":"Meester G. Groen van Prinstererlaan 27","city":"Amstelveen","operatorName":"Vattenfall InCharge","maxPowerKw":11,"isMegawatt":false,"status":"AVAILABLE","source":"ndw"}},{"type":"Feature","geometry":{"type":"Point","coordinates":[4.870194,52.313684]},"properties":{"type":"charge","layer":"passenger","locationId":"a8bbb710-d5a8-4dc1-965d-b32d9c8a9e1c","name":"TNLP034077","address":"Biesbosch 79","city":"Amstelveen","operatorName":"TotalEnergies","maxPowerKw":14,"isMegawatt":false,"status":"AVAILABLE","source":"ndw"}},{"type":"Feature","geometry":{"type":"Point","coordinates":[4.84274,52.30681]},"properties":{"type":"charge","layer":"passenger","locationId":"8DDEFF3A-FE55-46A8-8565-E804F9007AC0","name":"Eneco eMobility KLM - Hoofdkantoor - gebouw 702 & 712","address":"Amsterdamseweg 55","city":"Amstelveen","operatorName":"Eneco","maxPowerKw":11,"isMegawatt":false,"status":"AVAILABLE","source":"ndw","priceKwh":0.32}},{"type":"Feature","geometry":{"type":"Point","coordinates":[4.852004,52.313243]},"properties":{"type":"charge","layer":"passenger","locationId":"65f158a6f5355c001d229841","name":"Transparent Solutions 3","address":"Amsterdamseweg 206","city":"Amstelveen","operatorName":"E-Flux by Road","maxPowerKw":22,"isMegawatt":false,"status":"AVAILABLE","source":"ndw","priceKwh":0.36}},{"type":"Feature","geometry":{"type":"Point","coordinates":[4.865628,52.310627]},"properties":{"type":"charge","layer":"passenger","locationId":"NLLOC001701","name":"NLD, Amstelveen, Zonnestein 35","address":"Zonnestein 35","city":"Amstelveen","operatorName":"Allego","maxPowerKw":11,"isMegawatt":false,"status":"AVAILABLE","source":"ndw","priceKwh":0.511}},{"type":"Feature","geometry":{"type":"Point","coordinates":[4.842788,52.311496]},"properties":{"type":"charge","layer":"passenger","locationId":"NLLOC009056","name":"NL, Oude Karselaan 82, 1182 CT Amstelveen","address":"Oude Karselaan 82","city":"Amstelveen","operatorName":"Allego","maxPowerKw":11,"isMegawatt":false,"status":"AVAILABLE","source":"ndw","priceKwh":0.511}},{"type":"Feature","geometry":{"type":"Point","coordinates":[4.8517517,52.2912092]},"properties":{"type":"charge","layer":"passenger","locationId":"2066","name":"Shell Recharge NL Acacialaan 38","address":"Acacialaan 38","city":"Amstelveen","operatorName":"Ubitricity","maxPowerKw":22,"isMegawatt":false,"status":"AVAILABLE","source":"ndw","priceKwh":0.266}},{"type":"Feature","geometry":{"type":"Point","coordinates":[4.877721,52.29271]},"properties":{"type":"charge","layer":"passenger","locationId":"37653e30-7d03-45fe-b366-23cc83cc681b","name":"TNLP008799 - Langs de Akker 2, Amstelveen","address":"2 Langs de Akker","city":"Amstelveen","operatorName":"TotalEnergies","maxPowerKw":14,"isMegawatt":false,"status":"AVAILABLE","source":"ndw"}},{"type":"Feature","geometry":{"type":"Point","coordinates":[4.84518,52.3104]},"properties":{"type":"charge","layer":"passenger","locationId":"cd35810f-30da-493d-bf6d-27020dde1305","name":"PP002570 - Da Costalaan 29, Amstelveen","address":"29 Da Costalaan","city":"Amstelveen","operatorName":"TotalEnergies","maxPowerKw":13,"isMegawatt":false,"status":"AVAILABLE","source":"ndw"}},{"type":"Feature","geometry":{"type":"Point","coordinates":[4.89881,52.30154]},"properties":{"type":"charge","layer":"passenger","locationId":"34b3a57c-b215-4a55-9486-09d4afbcc46e","name":"TNLP003553 - Amsteldijk Noord 34, Amstelveen","address":"34 Amsteldijk Noord","city":"Amstelveen","operatorName":"TotalEnergies","maxPowerKw":17,"isMegawatt":false,"status":"AVAILABLE","source":"ndw"}},{"type":"Feature","geometry":{"type":"Point","coordinates":[4.872204,52.293883]},"properties":{"type":"charge","layer":"passenger","locationId":"66827c9475da36001cda1765","name":"Ziekenhuis Amstelland","address":"Laan van de Helende Meesters 8","city":"Amstelveen","operatorName":"Pluq","maxPowerKw":22,"isMegawatt":false,"status":"AVAILABLE","source":"ndw","priceKwh":0.4}},{"type":"Feature","geometry":{"type":"Point","coordinates":[4.874464,52.312661]},"properties":{"type":"charge","layer":"passenger","locationId":"66ffe8bc2f93b3001c4fadb9","name":"NXT 50five - Amstelveen - Eleanor Rooseveltlaan 82 - DC","address":"Eleanor Roosenveltlaan 82","city":"Amstelveen","operatorName":"NXT50Five","maxPowerKw":78,"isMegawatt":false,"status":"AVAILABLE","source":"ndw","priceKwh":0.6}},{"type":"Feature","geometry":{"type":"Point","coordinates":[4.854706,52.315505]},"properties":{"type":"charge","layer":"passenger","locationId":"NLLOC005704","name":"NLD, Amstelveen, Amsterdamseweg 391","address":"Amsterdamseweg 391","city":"Amstelveen","operatorName":"Allego","maxPowerKw":11,"isMegawatt":false,"status":"AVAILABLE","source":"ndw","priceKwh":0.511}},{"type":"Feature","geometry":{"type":"Point","coordinates":[4.860131,52.304716]},"properties":{"type":"charge","layer":"passenger","locationId":"NLLOC013125","name":"NL, Jonkheer H.A. van Karnebeeklaan 20, 1181XH, Amstelveen","address":"Jonkheer H.A. van Karnebeeklaan 20","city":"Amstelveen","operatorName":"Allego","maxPowerKw":11,"isMegawatt":false,"status":"AVAILABLE","source":"ndw","priceKwh":0.511}},{"type":"Feature","geometry":{"type":"Point","coordinates":[4.819942,52.284966]},"properties":{"type":"charge","layer":"passenger","locationId":"1e12ce0660ae7722cc33aaef61a1240a","name":"Schweitzerlaan 79","address":"Schweitzerlaan 79","city":"Amstelveen","operatorName":"Vattenfall InCharge","maxPowerKw":11,"isMegawatt":false,"status":"AVAILABLE","source":"ndw"}},{"type":"Feature","geometry":{"type":"Point","coordinates":[4.815909,52.279625]},"properties":{"type":"charge","layer":"passenger","locationId":"NLLOC001099","name":"NLD, Amstelveen, Duivenvoorde 2","address":"Duivenvoorde 2","city":"Amstelveen","operatorName":"Allego","maxPowerKw":22,"isMegawatt":false,"status":"AVAILABLE","source":"ndw","priceKwh":0.511}},{"type":"Feature","geometry":{"type":"Point","coordinates":[4.856992,52.310851]},"properties":{"type":"charge","layer":"passenger","locationId":"cdb12502-be77-4b14-a128-aa2b6e81ef8c","name":"Keizer Karelweg","address":"Keizer Karelweg 418","city":"Amstelveen","operatorName":"Vattenfall InCharge","maxPowerKw":11,"isMegawatt":false,"status":"CHARGING","source":"ndw"}},{"type":"Feature","geometry":{"type":"Point","coordinates":[4.87825,52.314955]},"properties":{"type":"charge","layer":"passenger","locationId":"00a7d924c483cbdeaa58bbd715ce3f91","name":"Anne Frankstraat 30","address":"Anne Frankstraat 30","city":"Amstelveen","operatorName":"Vattenfall InCharge","maxPowerKw":11,"isMegawatt":false,"status":"AVAILABLE","source":"ndw"}},{"type":"Feature","geometry":{"type":"Point","coordinates":[4.86487,52.278247]},"properties":{"type":"charge","layer":"passenger","locationId":"5824c03befd8d6672284f62bc44b6a1f","name":"Valreep 97","address":"Valreep 97","city":"Amstelveen","operatorName":"Vattenfall InCharge","maxPowerKw":11,"isMegawatt":false,"status":"AVAILABLE","source":"ndw"}},{"type":"Feature","geometry":{"type":"Point","coordinates":[4.841599,52.288695]},"properties":{"type":"charge","layer":"passenger","locationId":"6315c1e6c7d95cd07eca26e5","name":"Splinter Beheer station 3","address":"Binderij 1 a","city":"Amstelveen","operatorName":"E-Flux by Road","maxPowerKw":11,"isMegawatt":false,"status":"AVAILABLE","source":"ndw","priceKwh":0.44}},{"type":"Feature","geometry":{"type":"Point","coordinates":[4.882878,52.305832]},"properties":{"type":"charge","layer":"passenger","locationId":"NLLOC002632","name":"NLD, Amstelveen, Marie Baronlaan 51","address":"Marie Baronlaan 51","city":"Amstelveen","operatorName":"Allego","maxPowerKw":11,"isMegawatt":false,"status":"AVAILABLE","source":"ndw","priceKwh":0.511}},{"type":"Feature","geometry":{"type":"Point","coordinates":[4.846081,52.315339]},"properties":{"type":"charge","layer":"passenger","locationId":"4266595","name":"Laadnet Prinses Beatrixlaan","address":"Prinses Beatrixlaan 1","city":"Amstelveen","operatorName":"Laadnet","maxPowerKw":22,"isMegawatt":false,"status":"AVAILABLE","source":"ndw"}},{"type":"Feature","geometry":{"type":"Point","coordinates":[4.863498,52.308856]},"properties":{"type":"charge","layer":"passenger","locationId":"2863bf2f-d60f-4e76-8514-cb3e5f43715e","name":"Runmoolen","address":"Runmoolen 2","city":"Amstelveen","operatorName":"Vattenfall InCharge","maxPowerKw":11,"isMegawatt":false,"status":"AVAILABLE","source":"ndw"}},{"type":"Feature","geometry":{"type":"Point","coordinates":[4.846948,52.29288]},"properties":{"type":"charge","layer":"passenger","locationId":"NLLOC009355","name":"NL, Abelenlaan 25, 1185 RT, Amstelveen","address":"Abelenlaan 25","city":"Amstelveen","operatorName":"Allego","maxPowerKw":11,"isMegawatt":false,"status":"AVAILABLE","source":"ndw","priceKwh":0.511}},{"type":"Feature","geometry":{"type":"Point","coordinates":[4.874488,52.309455]},"properties":{"type":"charge","layer":"passenger","locationId":"NLLOC002158","name":"NLD, Amstelveen, Westelijk Halfrond 22","address":"Westelijk Halfrond 22","city":"Amstelveen","operatorName":"Allego","maxPowerKw":11,"isMegawatt":false,"status":"AVAILABLE","source":"ndw","priceKwh":0.511}},{"type":"Feature","geometry":{"type":"Point","coordinates":[4.861858,52.321348]},"properties":{"type":"charge","layer":"passenger","locationId":"NLLOC003837","name":"NLD, Amstelveen, Bos en Vaartlaan 1","address":"Bos en Vaartlaan 1","city":"Amstelveen","operatorName":"Allego","maxPowerKw":11,"isMegawatt":false,"status":"AVAILABLE","source":"ndw","priceKwh":0.511}},{"type":"Feature","geometry":{"type":"Point","coordinates":[4.850515,52.295968]},"properties":{"type":"charge","layer":"passenger","locationId":"NLLOC007951","name":"NL, Essenlaan 37, 1185KD, Amstelveen","address":"Essenlaan 37","city":"Amstelveen","operatorName":"Allego","maxPowerKw":11,"isMegawatt":false,"status":"AVAILABLE","source":"ndw","priceKwh":0.511}},{"type":"Feature","geometry":{"type":"Point","coordinates":[4.836246,52.270786]},"properties":{"type":"charge","layer":"passenger","locationId":"d17d9422-f97b-44c5-b185-9b19562643c6","name":"TNLP008768 - Sint Janskruidlaan 394, Amstelveen","address":"394 Sint Janskruidlaan","city":"Amstelveen","operatorName":"TotalEnergies","maxPowerKw":14,"isMegawatt":false,"status":"CHARGING","source":"ndw"}},{"type":"Feature","geometry":{"type":"Point","coordinates":[4.8293,52.29147]},"properties":{"type":"charge","layer":"passenger","locationId":"dfe0e1387d0b93968a7a02799bfbd66f","name":"Vierlingsbeeklaan 84","address":"Vierlingsbeeklaan 84","city":"Amstelveen","operatorName":"Vattenfall InCharge","maxPowerKw":11,"isMegawatt":false,"status":"AVAILABLE","source":"ndw"}},{"type":"Feature","geometry":{"type":"Point","coordinates":[4.82446,52.27874]},"properties":{"type":"charge","layer":"passenger","locationId":"840915cea9ebce3267de117611335dd0","name":"Jan Weilandlaan 18","address":"Jan Weilandlaan 18","city":"Amstelveen","operatorName":"Vattenfall InCharge","maxPowerKw":11,"isMegawatt":false,"status":"AVAILABLE","source":"ndw"}},{"type":"Feature","geometry":{"type":"Point","coordinates":[4.831637,52.28258]},"properties":{"type":"charge","layer":"passenger","locationId":"NLLOC002633","name":"NL, Joke Smitlaan 28a, 1187RD, Amstelveen","address":"Joke Smitlaan 28a","city":"Amstelveen","operatorName":"Allego","maxPowerKw":11,"isMegawatt":false,"status":"AVAILABLE","source":"ndw","priceKwh":0.511}},{"type":"Feature","geometry":{"type":"Point","coordinates":[4.85363,52.31042]},"properties":{"type":"charge","layer":"passenger","locationId":"1523","name":"Shell Recharge NL Jan Benninghstraat 60","address":"Jan Benninghstraat 60","city":"Amstelveen","operatorName":"Ubitricity","maxPowerKw":11,"isMegawatt":false,"status":"AVAILABLE","source":"ndw","priceKwh":0.388}},{"type":"Feature","geometry":{"type":"Point","coordinates":[4.845375,52.279551]},"properties":{"type":"charge","layer":"passenger","locationId":"98f61035-954d-4cce-899c-30aba441ab8a","name":"TNLP034281","address":"Doctor Willem Dreesweg 100","city":"Amstelveen","operatorName":"TotalEnergies","maxPowerKw":14,"isMegawatt":false,"status":"AVAILABLE","source":"ndw"}},{"type":"Feature","geometry":{"type":"Point","coordinates":[4.861187,52.277054]},"properties":{"type":"charge","layer":"passenger","locationId":"c9554eb6-7446-4958-9a5f-79fed79b6125","name":"TNLP009080 - Scheepsbrug 19, Amstelveen","address":"19 Scheepsbrug","city":"Amstelveen","operatorName":"TotalEnergies","maxPowerKw":15,"isMegawatt":false,"status":"AVAILABLE","source":"ndw"}},{"type":"Feature","geometry":{"type":"Point","coordinates":[4.870136,52.31177]},"properties":{"type":"charge","layer":"passenger","locationId":"560c29a6-c5b6-4dcf-8b43-3ab5f14be5ca","name":"TNLP008797 - Van Heuven Goedhartlaan 612, Amstelveen","address":"612 Van Heuven Goedhartlaan","city":"Amstelveen","operatorName":"TotalEnergies","maxPowerKw":14,"isMegawatt":false,"status":"AVAILABLE","source":"ndw"}},{"type":"Feature","geometry":{"type":"Point","coordinates":[4.827495,52.278102]},"properties":{"type":"charge","layer":"passenger","locationId":"NLLOC003389","name":"NLD, Amstelveen, Cia van Boortlaan 30","address":"Cia van Boortlaan 30","city":"Amstelveen","operatorName":"Allego","maxPowerKw":11,"isMegawatt":false,"status":"CHARGING","source":"ndw","priceKwh":0.511}},{"type":"Feature","geometry":{"type":"Point","coordinates":[4.873633,52.30459]},"properties":{"type":"charge","layer":"passenger","locationId":"df156daf-f797-42cb-8869-8471ea55ddb3","name":"TNLP015361","address":"Max Havelaarlaan 87","city":"Amstelveen","operatorName":"TotalEnergies","maxPowerKw":17,"isMegawatt":false,"status":"AVAILABLE","source":"ndw"}},{"type":"Feature","geometry":{"type":"Point","coordinates":[4.859825,52.309565]},"properties":{"type":"charge","layer":"passenger","locationId":"NLLOC001046","name":"NLD, Amstelveen, Floris van Alkemadelaan 18","address":"Floris van Alkemadelaan 18","city":"Amstelveen","operatorName":"Allego","maxPowerKw":11,"isMegawatt":false,"status":"AVAILABLE","source":"ndw","priceKwh":0.511}},{"type":"Feature","geometry":{"type":"Point","coordinates":[4.815734,52.277161]},"properties":{"type":"charge","layer":"passenger","locationId":"3570137","name":"Laadnet Loevestein15","address":"Loevestein 15","city":"Amstelveen","operatorName":"Laadnet","maxPowerKw":11,"isMegawatt":false,"status":"AVAILABLE","source":"ndw"}},{"type":"Feature","geometry":{"type":"Point","coordinates":[4.853614,52.30643]},"properties":{"type":"charge","layer":"passenger","locationId":"1021b633-bacf-46eb-9092-9045ac0063e3","name":"TNLP008837 - Mr. Troelstralaan 31, Amstelveen","address":"31 Mr. Troelstralaan","city":"Amstelveen","operatorName":"TotalEnergies","maxPowerKw":13,"isMegawatt":false,"status":"UNAVAILABLE","source":"ndw"}},{"type":"Feature","geometry":{"type":"Point","coordinates":[4.865923,52.285888]},"properties":{"type":"charge","layer":"passenger","locationId":"NLLOC000817","name":"NLD, Amstelveen, Arno 33","address":"Arno 33","city":"Amstelveen","operatorName":"Allego","maxPowerKw":11,"isMegawatt":false,"status":"AVAILABLE","source":"ndw","priceKwh":0.511}},{"type":"Feature","geometry":{"type":"Point","coordinates":[4.863275,52.295719]},"properties":{"type":"charge","layer":"passenger","locationId":"NLLOC003509","name":"NLD, Amstelveen, Johannes Calvijnlaan 18","address":"Johannes Calvijnlaan 18","city":"Amstelveen","operatorName":"Allego","maxPowerKw":11,"isMegawatt":false,"status":"AVAILABLE","source":"ndw","priceKwh":0.511}},{"type":"Feature","geometry":{"type":"Point","coordinates":[4.8335223,52.2704761]},"properties":{"type":"charge","layer":"passenger","locationId":"918","name":"Shell Recharge NL Korianderlaan 106","address":"Korianderlaan 106","city":"Amstelveen","operatorName":"Ubitricity","maxPowerKw":22,"isMegawatt":false,"status":"AVAILABLE","source":"ndw","priceKwh":0.266}},{"type":"Feature","geometry":{"type":"Point","coordinates":[4.87862,52.299998]},"properties":{"type":"charge","layer":"passenger","locationId":"NLLOC000838","name":"NLD, Amstelveen, Fideliolaan 59","address":"Fideliolaan 59","city":"Amstelveen","operatorName":"Allego","maxPowerKw":11,"isMegawatt":false,"status":"CHARGING","source":"ndw","priceKwh":0.511}},{"type":"Feature","geometry":{"type":"Point","coordinates":[4.878614,52.310386]},"properties":{"type":"charge","layer":"passenger","locationId":"NLLOC000826","name":"NLD, Amstelveen, Straat van Sicilië 27","address":"Straat van Sicilië 27","city":"Amstelveen","operatorName":"Allego","maxPowerKw":11,"isMegawatt":false,"status":"AVAILABLE","source":"ndw","priceKwh":0.511}},{"type":"Feature","geometry":{"type":"Point","coordinates":[4.902219,52.304895]},"properties":{"type":"charge","layer":"passenger","locationId":"4129364","name":"Laadnet Stichting KNGF Geleidehonden","address":"Amsteldijk Noord 42","city":"Amstelveen","operatorName":"Laadnet","maxPowerKw":22,"isMegawatt":false,"status":"AVAILABLE","source":"ndw"}},{"type":"Feature","geometry":{"type":"Point","coordinates":[4.867711,52.321485]},"properties":{"type":"charge","layer":"passenger","locationId":"NLLOC015273","name":"NL, Bos en Vaartlaan, 122H, 1181ag, Amstelveen","address":"Bos en Vaartlaan 122H","city":"Amstelveen","operatorName":"Allego","maxPowerKw":11,"isMegawatt":false,"status":"AVAILABLE","source":"ndw","priceKwh":0.511}},{"type":"Feature","geometry":{"type":"Point","coordinates":[4.825007,52.277845]},"properties":{"type":"charge","layer":"passenger","locationId":"NLLOC012285","name":"NL, Loethoelilaan 12, 1187TC Amstelveen","address":"Loethoelilaan 12","city":"Amstelveen","operatorName":"Allego","maxPowerKw":11,"isMegawatt":false,"status":"AVAILABLE","source":"ndw","priceKwh":0.511}},{"type":"Feature","geometry":{"type":"Point","coordinates":[4.88403,52.30416]},"properties":{"type":"charge","layer":"passenger","locationId":"635b6e30-6d65-415e-994f-c0f2de09a1e9","name":"PP002566 - Escapade 1, Amstelveen","address":"1 Escapade","city":"Amstelveen","operatorName":"TotalEnergies","maxPowerKw":13,"isMegawatt":false,"status":"UNAVAILABLE","source":"ndw"}},{"type":"Feature","geometry":{"type":"Point","coordinates":[4.852092,52.278087]},"properties":{"type":"charge","layer":"passenger","locationId":"NLLOC001348","name":"NLD, Amstelveen, Pallas 1","address":"Pallas 1","city":"Amstelveen","operatorName":"Allego","maxPowerKw":11,"isMegawatt":false,"status":"AVAILABLE","source":"ndw","priceKwh":0.511}},{"type":"Feature","geometry":{"type":"Point","coordinates":[4.818243,52.278765]},"properties":{"type":"charge","layer":"passenger","locationId":"NLLOC001098","name":"NLD, Amstelveen, Middachten 1","address":"Middachten 1","city":"Amstelveen","operatorName":"Allego","maxPowerKw":22,"isMegawatt":false,"status":"AVAILABLE","source":"ndw","priceKwh":0.511}},{"type":"Feature","geometry":{"type":"Point","coordinates":[4.866551,52.3027991]},"properties":{"type":"charge","layer":"passenger","locationId":"2157","name":"Shell Recharge NL Laan van Deshima 35","address":"Laan van Deshima 35","city":"Amstelveen","operatorName":"Ubitricity","maxPowerKw":22,"isMegawatt":false,"status":"AVAILABLE","source":"ndw","priceKwh":0.266}},{"type":"Feature","geometry":{"type":"Point","coordinates":[4.847335,52.302751]},"properties":{"type":"charge","layer":"passenger","locationId":"NLLOC000820","name":"NLD, Amstelveen, Dorpsstraat 32","address":"Dorpsstraat 32","city":"Amstelveen","operatorName":"Allego","maxPowerKw":11,"isMegawatt":false,"status":"AVAILABLE","source":"ndw","priceKwh":0.511}},{"type":"Feature","geometry":{"type":"Point","coordinates":[4.850475,52.281235]},"properties":{"type":"charge","layer":"passenger","locationId":"0d504f56-54af-4bd0-9dab-9b95f18ad92f","name":"TNLP008253 - Brink 1, Amstelveen","address":"1 Brink","city":"Amstelveen","operatorName":"TotalEnergies","maxPowerKw":15,"isMegawatt":false,"status":"AVAILABLE","source":"ndw"}},{"type":"Feature","geometry":{"type":"Point","coordinates":[4.875734,52.315634]},"properties":{"type":"charge","layer":"passenger","locationId":"NLLOC003010","name":"NLD, Lizzy Ansinghhof 15, Amstelveen","address":"Lizzy Ansinghhof 15","city":"Amstelveen","operatorName":"Allego","maxPowerKw":11,"isMegawatt":false,"status":"UNAVAILABLE","source":"ndw","priceKwh":0.511}},{"type":"Feature","geometry":{"type":"Point","coordinates":[4.867642,52.281872]},"properties":{"type":"charge","layer":"passenger","locationId":"281da713-f7af-4e8a-b1ab-44b09fd32715","name":"TNLP015478","address":"Turfschip 48","city":"Amstelveen","operatorName":"TotalEnergies","maxPowerKw":17,"isMegawatt":false,"status":"AVAILABLE","source":"ndw"}},{"type":"Feature","geometry":{"type":"Point","coordinates":[4.844759,52.281474]},"properties":{"type":"charge","layer":"passenger","locationId":"NLLOC001044","name":"NLD, Amstelveen, Kromoord 14","address":"Kromoord 14","city":"Amstelveen","operatorName":"Allego","maxPowerKw":11,"isMegawatt":false,"status":"AVAILABLE","source":"ndw","priceKwh":0.511}},{"type":"Feature","geometry":{"type":"Point","coordinates":[4.860477,52.319763]},"properties":{"type":"charge","layer":"passenger","locationId":"d3244be8-4aa9-4e29-b115-7bd72f5643cc","name":"TNLP008931 - Catharina van Clevelaan 50, Amstelveen","address":"50 Catharina van Clevelaan","city":"Amstelveen","operatorName":"TotalEnergies","maxPowerKw":13,"isMegawatt":false,"status":"UNAVAILABLE","source":"ndw"}},{"type":"Feature","geometry":{"type":"Point","coordinates":[4.829569,52.27722]},"properties":{"type":"charge","layer":"passenger","locationId":"NLLOC007463","name":"NL, Bertha Von Suttnerlaan 71, 1187 ST, Amstelveen","address":"Bertha Von Suttnerlaan 71","city":"Amstelveen","operatorName":"Allego","maxPowerKw":11,"isMegawatt":false,"status":"AVAILABLE","source":"ndw","priceKwh":0.511}},{"type":"Feature","geometry":{"type":"Point","coordinates":[4.847101,52.29997]},"properties":{"type":"charge","layer":"passenger","locationId":"3b571b50-5e53-4ace-adbf-da6f6cf51bb8","name":"TNLP008938 - Kastanjelaan 13, Amstelveen","address":"13 Kastanjelaan","city":"Amstelveen","operatorName":"TotalEnergies","maxPowerKw":14,"isMegawatt":false,"status":"CHARGING","source":"ndw"}},{"type":"Feature","geometry":{"type":"Point","coordinates":[4.840146,52.28907]},"properties":{"type":"charge","layer":"passenger","locationId":"NLLOC005703","name":"NLD, Amstelveen, Maalderij 32","address":"Maalderij 32","city":"Amstelveen","operatorName":"Allego","maxPowerKw":11,"isMegawatt":false,"status":"AVAILABLE","source":"ndw","priceKwh":0.511}},{"type":"Feature","geometry":{"type":"Point","coordinates":[4.826664,52.273979]},"properties":{"type":"charge","layer":"passenger","locationId":"7378ec96-0da1-4ce6-ba92-88b3c4e71127","name":"TNLP015135","address":"Simon Vestdijklaan 1","city":"Amstelveen","operatorName":"TotalEnergies","maxPowerKw":17,"isMegawatt":false,"status":"AVAILABLE","source":"ndw"}},{"type":"Feature","geometry":{"type":"Point","coordinates":[4.852876,52.299323]},"properties":{"type":"charge","layer":"passenger","locationId":"08dbdabd-3b6d-4412-b449-1717e6f76e9c","name":"TNLP015403","address":"Van den Broekelaan 10","city":"Amstelveen","operatorName":"TotalEnergies","maxPowerKw":17,"isMegawatt":false,"status":"AVAILABLE","source":"ndw"}},{"type":"Feature","geometry":{"type":"Point","coordinates":[4.881888,52.308722]},"properties":{"type":"charge","layer":"passenger","locationId":"NLLOC000830","name":"NLD, Amstelveen, Fanny Blankers-Koenlaan 56","address":"Fanny Blankers-Koenlaan 56","city":"Amstelveen","operatorName":"Allego","maxPowerKw":11,"isMegawatt":false,"status":"AVAILABLE","source":"ndw","priceKwh":0.511}},{"type":"Feature","geometry":{"type":"Point","coordinates":[4.866908,52.28602]},"properties":{"type":"charge","layer":"passenger","locationId":"cc0ff8f315bb0dfbf8c2faceb50b7a1e","name":"Watercirkel 682","address":"Watercirkel 682","city":"Amstelveen","operatorName":"Vattenfall InCharge","maxPowerKw":11,"isMegawatt":false,"status":"CHARGING","source":"ndw"}},{"type":"Feature","geometry":{"type":"Point","coordinates":[4.816508,52.2801162]},"properties":{"type":"charge","layer":"passenger","locationId":"2429","name":"Shell Recharge NL Heemstede 47","address":"Heemstede 47","city":"Amstelveen","operatorName":"Ubitricity","maxPowerKw":22,"isMegawatt":false,"status":"CHARGING","source":"ndw","priceKwh":0.266}},{"type":"Feature","geometry":{"type":"Point","coordinates":[4.859126,52.320709]},"properties":{"type":"charge","layer":"passenger","locationId":"NLLOC003443","name":"NLD, Amstelveen, Plantsoen Laanhorn 1","address":"Plantsoen Laanhorn 1","city":"Amstelveen","operatorName":"Allego","maxPowerKw":11,"isMegawatt":false,"status":"CHARGING","source":"ndw","priceKwh":0.511}},{"type":"Feature","geometry":{"type":"Point","coordinates":[4.83358,52.290793]},"properties":{"type":"charge","layer":"passenger","locationId":"NLLOC000840","name":"NLD, Amstelveen, Aagje Dekenlaan 51","address":"Aagje Dekenlaan 51","city":"Amstelveen","operatorName":"Allego","maxPowerKw":22,"isMegawatt":false,"status":"AVAILABLE","source":"ndw","priceKwh":0.511}},{"type":"Feature","geometry":{"type":"Point","coordinates":[4.85104,52.31605]},"properties":{"type":"charge","layer":"passenger","locationId":"9da40bf2-c021-4c5e-95aa-1f2802ee58fa","name":"TNLP003536 - Nassaulaan 2, Amstelveen","address":"2 Nassaulaan","city":"Amstelveen","operatorName":"TotalEnergies","maxPowerKw":17,"isMegawatt":false,"status":"CHARGING","source":"ndw"}},{"type":"Feature","geometry":{"type":"Point","coordinates":[4.866314,52.276669]},"properties":{"type":"charge","layer":"passenger","locationId":"NLLOC000825","name":"NLD, Amstelveen, Stuwdam 15","address":"Stuwdam 15","city":"Amstelveen","operatorName":"Allego","maxPowerKw":11,"isMegawatt":false,"status":"AVAILABLE","source":"ndw","priceKwh":0.511}},{"type":"Feature","geometry":{"type":"Point","coordinates":[4.85363,52.290635]},"properties":{"type":"charge","layer":"passenger","locationId":"2d3775e3-2716-464b-aa6d-d8603a2f82f5","name":"TNLP034308","address":"Fluweelboomlaan 237","city":"Amstelveen","operatorName":"TotalEnergies","maxPowerKw":14,"isMegawatt":false,"status":"AVAILABLE","source":"ndw"}},{"type":"Feature","geometry":{"type":"Point","coordinates":[4.847236,52.315802]},"properties":{"type":"charge","layer":"passenger","locationId":"a6ab342c-e00d-4bec-a410-f48579497072","name":"Prins Bernhardlaan","address":"Prins Bernhardlaan 11","city":"Amstelveen","operatorName":"Vattenfall InCharge","maxPowerKw":11,"isMegawatt":false,"status":"CHARGING","source":"ndw"}},{"type":"Feature","geometry":{"type":"Point","coordinates":[4.819862,52.282441]},"properties":{"type":"charge","layer":"passenger","locationId":"502ab71b-83ad-458a-ba4a-152a0a13ed3c","name":"Boschplaat","address":"Boschplaat 66","city":"Amstelveen","operatorName":"Vattenfall InCharge","maxPowerKw":11,"isMegawatt":false,"status":"AVAILABLE","source":"ndw"}},{"type":"Feature","geometry":{"type":"Point","coordinates":[4.859253,52.318835]},"properties":{"type":"charge","layer":"passenger","locationId":"NLLOC000842","name":"NLD, Amstelveen, Willem van Beijerenlaan 48","address":"Willem van Beijerenlaan 48","city":"Amstelveen","operatorName":"Allego","maxPowerKw":22,"isMegawatt":false,"status":"AVAILABLE","source":"ndw","priceKwh":0.511}},{"type":"Feature","geometry":{"type":"Point","coordinates":[4.85504,52.313438]},"properties":{"type":"charge","layer":"passenger","locationId":"NLLOC007593","name":"NL, Bella Donna 4, 1181 RM, Amstelveen","address":"Bella Donna 4","city":"Amstelveen","operatorName":"Allego","maxPowerKw":11,"isMegawatt":false,"status":"AVAILABLE","source":"ndw","priceKwh":0.511}},{"type":"Feature","geometry":{"type":"Point","coordinates":[4.86901,52.285317]},"properties":{"type":"charge","layer":"passenger","locationId":"NLLOC006068","name":"NL, Ganges 7, 1186 JH, Amstelveen","address":"Ganges 7","city":"Amstelveen","operatorName":"Allego","maxPowerKw":11,"isMegawatt":false,"status":"AVAILABLE","source":"ndw","priceKwh":0.511}},{"type":"Feature","geometry":{"type":"Point","coordinates":[4.850034,52.292172]},"properties":{"type":"charge","layer":"passenger","locationId":"6d84209a-a4b3-44b2-93d6-387bcbd3d23f","name":"TNLP015146","address":"Appellaan 8","city":"Amstelveen","operatorName":"TotalEnergies","maxPowerKw":17,"isMegawatt":false,"status":"AVAILABLE","source":"ndw"}},{"type":"Feature","geometry":{"type":"Point","coordinates":[4.85383,52.298042]},"properties":{"type":"charge","layer":"passenger","locationId":"4ad7dc38-b6e3-4383-aa88-3407ba144334","name":"TNLP015080 - Van Weerden Poelmanlaan 1, Amstelveen","address":"1 Van Weerden Poelmanlaan","city":"Amstelveen","operatorName":"TotalEnergies","maxPowerKw":17,"isMegawatt":false,"status":"UNAVAILABLE","source":"ndw"}},{"type":"Feature","geometry":{"type":"Point","coordinates":[4.847064,52.278676]},"properties":{"type":"charge","layer":"passenger","locationId":"NLLOC000837","name":"NLD, Amstelveen, De Eendracht 72","address":"De Eendracht 72","city":"Amstelveen","operatorName":"Allego","maxPowerKw":11,"isMegawatt":false,"status":"AVAILABLE","source":"ndw","priceKwh":0.511}},{"type":"Feature","geometry":{"type":"Point","coordinates":[4.865784,52.296473]},"properties":{"type":"charge","layer":"passenger","locationId":"NLLOC001697","name":"NLD, Amstelveen, Kierkegaardstraat 51","address":"Kierkegaardstraat 51-K","city":"Amstelveen","operatorName":"Allego","maxPowerKw":11,"isMegawatt":false,"status":"AVAILABLE","source":"ndw","priceKwh":0.511}},{"type":"Feature","geometry":{"type":"Point","coordinates":[4.847798,52.294523]},"properties":{"type":"charge","layer":"passenger","locationId":"NLLOC001045","name":"NLD, Amstelveen, Prunuslaan 61","address":"Prunuslaan 61","city":"Amstelveen","operatorName":"Allego","maxPowerKw":11,"isMegawatt":false,"status":"AVAILABLE","source":"ndw","priceKwh":0.511}},{"type":"Feature","geometry":{"type":"Point","coordinates":[4.863986,52.287099]},"properties":{"type":"charge","layer":"passenger","locationId":"NLLOC005037","name":"NLD, Amstelveen, Wezer 13","address":"Wezer 13","city":"Amstelveen","operatorName":"Allego","maxPowerKw":11,"isMegawatt":false,"status":"AVAILABLE","source":"ndw","priceKwh":0.511}},{"type":"Feature","geometry":{"type":"Point","coordinates":[4.820119,52.279224]},"properties":{"type":"charge","layer":"passenger","locationId":"260e4724-ab64-4c67-b902-207a3c684831","name":"TNLP009818 - Heemstede 6, Amstelveen","address":"6 Heemstede","city":"Amstelveen","operatorName":"TotalEnergies","maxPowerKw":17,"isMegawatt":false,"status":"UNAVAILABLE","source":"ndw"}},{"type":"Feature","geometry":{"type":"Point","coordinates":[4.864314,52.308719]},"properties":{"type":"charge","layer":"passenger","locationId":"NLLOC000823","name":"NL, Runmoolen 1, 1181 NZ Amstelveen","address":"Runmoolen 1-A","city":"Amstelveen","operatorName":"Allego","maxPowerKw":22,"isMegawatt":false,"status":"AVAILABLE","source":"ndw","priceKwh":0.511}},{"type":"Feature","geometry":{"type":"Point","coordinates":[4.860545,52.306842]},"properties":{"type":"charge","layer":"passenger","locationId":"NLLOC002665","name":"NLD, Amstelveen, De Ruyschlaan 151","address":"De Ruyschlaan 151","city":"Amstelveen","operatorName":"Allego","maxPowerKw":11,"isMegawatt":false,"status":"AVAILABLE","source":"ndw","priceKwh":0.511}},{"type":"Feature","geometry":{"type":"Point","coordinates":[4.864943,52.300676]},"properties":{"type":"charge","layer":"passenger","locationId":"6b4f18a7-1ccc-40a9-bb81-d45586cc7d53","name":"TNLP015147","address":"Meander 729","city":"Amstelveen","operatorName":"TotalEnergies","maxPowerKw":17,"isMegawatt":false,"status":"CHARGING","source":"ndw"}},{"type":"Feature","geometry":{"type":"Point","coordinates":[4.864347,52.315701]},"properties":{"type":"charge","layer":"passenger","locationId":"NLLOC001048","name":"NLD, Amstelveen, Vlielandstraat 6","address":"Vlielandstraat 6","city":"Amstelveen","operatorName":"Allego","maxPowerKw":11,"isMegawatt":false,"status":"AVAILABLE","source":"ndw","priceKwh":0.511}},{"type":"Feature","geometry":{"type":"Point","coordinates":[4.868335,52.280262]},"properties":{"type":"charge","layer":"passenger","locationId":"64f0c976-d772-474b-bf45-48d6a59aaf95","name":"TNLP007843 - Turfschip 155, Amstelveen","address":"155 Turfschip","city":"Amstelveen","operatorName":"TotalEnergies","maxPowerKw":17,"isMegawatt":false,"status":"UNAVAILABLE","source":"ndw"}},{"type":"Feature","geometry":{"type":"Point","coordinates":[4.823051,52.27649]},"properties":{"type":"charge","layer":"passenger","locationId":"NLLOC000938","name":"NLD, Amstelveen, Maria Dermoûtlaan 2","address":"Maria Dermoûtlaan 2","city":"Amstelveen","operatorName":"Allego","maxPowerKw":22,"isMegawatt":false,"status":"AVAILABLE","source":"ndw","priceKwh":0.511}},{"type":"Feature","geometry":{"type":"Point","coordinates":[4.878121,52.31399]},"properties":{"type":"charge","layer":"passenger","locationId":"NLLOC002648","name":"NLD, Amstelveen, Belle van Zuylenlaan 31","address":"Belle van Zuylenlaan 31","city":"Amstelveen","operatorName":"Allego","maxPowerKw":11,"isMegawatt":false,"status":"AVAILABLE","source":"ndw","priceKwh":0.511}},{"type":"Feature","geometry":{"type":"Point","coordinates":[4.814798,52.278223]},"properties":{"type":"charge","layer":"passenger","locationId":"NLLOC003390","name":"NLD, Amstelveen, Westhove 170","address":"Westhove 170","city":"Amstelveen","operatorName":"Allego","maxPowerKw":11,"isMegawatt":false,"status":"AVAILABLE","source":"ndw","priceKwh":0.511}},{"type":"Feature","geometry":{"type":"Point","coordinates":[4.867564,52.318687]},"properties":{"type":"charge","layer":"passenger","locationId":"NLLOC000839","name":"NLD, Amstelveen, Flakkeestraat 79","address":"Flakkeestraat 79","city":"Amstelveen","operatorName":"Allego","maxPowerKw":11,"isMegawatt":false,"status":"AVAILABLE","source":"ndw","priceKwh":0.511}},{"type":"Feature","geometry":{"type":"Point","coordinates":[4.830994,52.271401]},"properties":{"type":"charge","layer":"passenger","locationId":"NLLOC007292","name":"NL, Rozemarijnlaan 20, 1187ek, Amstelveen","address":"Rozemarijnlaan 20","city":"Amstelveen","operatorName":"Allego","maxPowerKw":11,"isMegawatt":false,"status":"AVAILABLE","source":"ndw","priceKwh":0.511}},{"type":"Feature","geometry":{"type":"Point","coordinates":[4.864271,52.280243]},"properties":{"type":"charge","layer":"passenger","locationId":"NLLOC003399","name":"NLD, Amstelveen, Punter 401","address":"Punter 401","city":"Amstelveen","operatorName":"Allego","maxPowerKw":11,"isMegawatt":false,"status":"AVAILABLE","source":"ndw","priceKwh":0.511}},{"type":"Feature","geometry":{"type":"Point","coordinates":[4.847472,52.315963]},"properties":{"type":"charge","layer":"passenger","locationId":"NLLOC004697","name":"NLD, Amstelveen, Prins Bernhardlaan 1","address":"Prins Bernhardlaan 1","city":"Amstelveen","operatorName":"Allego","maxPowerKw":11,"isMegawatt":false,"status":"CHARGING","source":"ndw","priceKwh":0.511}},{"type":"Feature","geometry":{"type":"Point","coordinates":[4.879476,52.316816]},"properties":{"type":"charge","layer":"passenger","locationId":"NLLOC007355","name":"NL, Jeanne d'Arclaan 256, 1183 BH, Amstelveen","address":"Jeanne d'Arclaan 256","city":"Amstelveen","operatorName":"Allego","maxPowerKw":11,"isMegawatt":false,"status":"AVAILABLE","source":"ndw","priceKwh":0.511}},{"type":"Feature","geometry":{"type":"Point","coordinates":[4.823995,52.276283]},"properties":{"type":"charge","layer":"passenger","locationId":"069f4b97-4a71-405e-a643-e3ee576e2c31","name":"TNLP009843 - Loethoelilaan 37, Amstelveen","address":"37 Loethoelilaan","city":"Amstelveen","operatorName":"TotalEnergies","maxPowerKw":13,"isMegawatt":false,"status":"UNAVAILABLE","source":"ndw"}},{"type":"Feature","geometry":{"type":"Point","coordinates":[4.826893,52.286863]},"properties":{"type":"charge","layer":"passenger","locationId":"NLLOC000835","name":"NLD, Amstelveen, Groenendaal 29","address":"Groenendaal 29","city":"Amstelveen","operatorName":"Allego","maxPowerKw":11,"isMegawatt":false,"status":"AVAILABLE","source":"ndw","priceKwh":0.511}},{"type":"Feature","geometry":{"type":"Point","coordinates":[4.821326,52.278404]},"properties":{"type":"charge","layer":"passenger","locationId":"0866f654-852a-47d1-b200-a89aca9042fa","name":"TNLP008843 - Cannenburgh 1, Amstelveen","address":"1 Cannenburgh","city":"Amstelveen","operatorName":"TotalEnergies","maxPowerKw":13,"isMegawatt":false,"status":"UNAVAILABLE","source":"ndw"}},{"type":"Feature","geometry":{"type":"Point","coordinates":[4.853237,52.307964]},"properties":{"type":"charge","layer":"passenger","locationId":"e9c3c360-0a75-4b12-8ad9-c118b919c204","name":"TNLP015086 - Graaf Aelbrechtlaan 39, Amstelveen","address":"39 Graaf Aelbrechtlaan","city":"Amstelveen","operatorName":"TotalEnergies","maxPowerKw":17,"isMegawatt":false,"status":"UNAVAILABLE","source":"ndw"}},{"type":"Feature","geometry":{"type":"Point","coordinates":[4.856464,52.303295]},"properties":{"type":"charge","layer":"passenger","locationId":"b831d51f-c1b2-4970-b9ea-a47d05af86f8","name":"TNLP009351 - Mr. F.A. van Hallweg 85, Amstelveen","address":"85 Mr. F.A. van Hallweg","city":"Amstelveen","operatorName":"TotalEnergies","maxPowerKw":17,"isMegawatt":false,"status":"UNAVAILABLE","source":"ndw"}},{"type":"Feature","geometry":{"type":"Point","coordinates":[4.804031,52.263478]},"properties":{"type":"charge","layer":"passenger","locationId":"489F26DD-A88E-4B01-AB88-7DF0DDCC3FDB","name":"Eneco eMobility Transdev - Amstelveen - Veilingmeesterweg 1","address":"Veilmeesterweg 1","city":"Amstelveen","operatorName":"Eneco","maxPowerKw":11,"isMegawatt":false,"status":"AVAILABLE","source":"ndw","priceKwh":0.45}},{"type":"Feature","geometry":{"type":"Point","coordinates":[4.880016,52.313395]},"properties":{"type":"charge","layer":"passenger","locationId":"NLLOC006810","name":"NL, Suze Groeneweglaan 9, 1183EK, Amstelveen","address":"Suze Groeneweglaan 9","city":"Amstelveen","operatorName":"Allego","maxPowerKw":11,"isMegawatt":false,"status":"AVAILABLE","source":"ndw","priceKwh":0.511}},{"type":"Feature","geometry":{"type":"Point","coordinates":[4.868404,52.303998]},"properties":{"type":"charge","layer":"passenger","locationId":"f869489a-2dee-48f9-916a-4fd507b499d5","name":"Mr. G. Groen van Prinstererlaan","address":"Mr. G. Groen van Prinstererlaan 257","city":"Amstelveen","operatorName":"Vattenfall InCharge","maxPowerKw":11,"isMegawatt":false,"status":"AVAILABLE","source":"ndw"}},{"type":"Feature","geometry":{"type":"Point","coordinates":[4.862927,52.31808]},"properties":{"type":"charge","layer":"passenger","locationId":"NLLOC001347","name":"NLD, Amstelveen, Jacob de Graeflaan 24","address":"Jacob de Graeflaan 24","city":"Amstelveen","operatorName":"Allego","maxPowerKw":11,"isMegawatt":false,"status":"AVAILABLE","source":"ndw","priceKwh":0.511}},{"type":"Feature","geometry":{"type":"Point","coordinates":[4.820571,52.278559]},"properties":{"type":"charge","layer":"passenger","locationId":"NLLOC001699","name":"NLD, Amstelveen, Cannenburgh 2","address":"Cannenburgh 2","city":"Amstelveen","operatorName":"Allego","maxPowerKw":22,"isMegawatt":false,"status":"AVAILABLE","source":"ndw","priceKwh":0.511}},{"type":"Feature","geometry":{"type":"Point","coordinates":[4.845837,52.307291]},"properties":{"type":"charge","layer":"passenger","locationId":"68da906b59b78b437599ea52","name":"Rens van der Linden 's station","address":"amsterdamseweg 73","city":"Amstelveen","operatorName":"E-Flux by Road","maxPowerKw":11,"isMegawatt":false,"status":"AVAILABLE","source":"ndw","priceKwh":0.58}},{"type":"Feature","geometry":{"type":"Point","coordinates":[4.865212,52.30909]},"properties":{"type":"charge","layer":"passenger","locationId":"5ab36233-7945-4d6d-8bc0-bab3ddcb1043","name":"TNLP008814 - Runmoolen 177, Amstelveen","address":"177 Runmoolen","city":"Amstelveen","operatorName":"TotalEnergies","maxPowerKw":13,"isMegawatt":false,"status":"UNAVAILABLE","source":"ndw"}},{"type":"Feature","geometry":{"type":"Point","coordinates":[4.860656,52.318969]},"properties":{"type":"charge","layer":"passenger","locationId":"NLLOC007539","name":"NL, Hendrik van Borsselenkade 26, 1181 AX, Amstelveen","address":"Hendrik van Borsselenkade 26","city":"Amstelveen","operatorName":"Allego","maxPowerKw":11,"isMegawatt":false,"status":"AVAILABLE","source":"ndw","priceKwh":0.511}},{"type":"Feature","geometry":{"type":"Point","coordinates":[4.842008,52.309868]},"properties":{"type":"charge","layer":"passenger","locationId":"NLLOC007099","name":"NL, Talmastraat 75, 1182EL, Amstelveen","address":"Talmastraat 75","city":"Amstelveen","operatorName":"Allego","maxPowerKw":11,"isMegawatt":false,"status":"AVAILABLE","source":"ndw","priceKwh":0.511}},{"type":"Feature","geometry":{"type":"Point","coordinates":[4.866983,52.280884]},"properties":{"type":"charge","layer":"passenger","locationId":"NLLOC000827","name":"NLD, Amstelveen, Turfschip 134","address":"Turfschip 134","city":"Amstelveen","operatorName":"Allego","maxPowerKw":11,"isMegawatt":false,"status":"AVAILABLE","source":"ndw","priceKwh":0.511}},{"type":"Feature","geometry":{"type":"Point","coordinates":[4.847414,52.297191]},"properties":{"type":"charge","layer":"passenger","locationId":"NLLOC007938","name":"NL, Kastanjelaan 68, 1185 KC Amstelveen","address":"Kastanjelaan 68","city":"Amstelveen","operatorName":"Allego","maxPowerKw":11,"isMegawatt":false,"status":"CHARGING","source":"ndw","priceKwh":0.511}},{"type":"Feature","geometry":{"type":"Point","coordinates":[4.860027,52.313999]},"properties":{"type":"charge","layer":"passenger","locationId":"NLLOC007436","name":"NL, Graaf Willemlaan 30, 1181EG, Amstelveen","address":"Graaf Willemlaan 30","city":"Amstelveen","operatorName":"Allego","maxPowerKw":11,"isMegawatt":false,"status":"AVAILABLE","source":"ndw","priceKwh":0.511}},{"type":"Feature","geometry":{"type":"Point","coordinates":[4.8654437,52.30273]},"properties":{"type":"charge","layer":"passenger","locationId":"f12a1de5-370c-477f-8395-0a2d03771e1d","name":"EV Hub - Stadstuinen 61, Amstelveen","address":"61 Stadstuinen","city":"Amstelveen","operatorName":"TotalEnergies","maxPowerKw":50,"isMegawatt":false,"status":"AVAILABLE","source":"ndw"}},{"type":"Feature","geometry":{"type":"Point","coordinates":[4.87768,52.31947]},"properties":{"type":"charge","layer":"passenger","locationId":"1df9c05b-eb9f-4c2c-b8c2-5e363e780dbd","name":"TNLP008781 - Uilenstede 475, Amstelveen","address":"475 Uilenstede","city":"Amstelveen","operatorName":"TotalEnergies","maxPowerKw":14,"isMegawatt":false,"status":"AVAILABLE","source":"ndw"}},{"type":"Feature","geometry":{"type":"Point","coordinates":[4.828239,52.290287]},"properties":{"type":"charge","layer":"passenger","locationId":"NLLOC003183","name":"NLD, Amstelveen, Kuifeend 9","address":"Kuifeend 9","city":"Amstelveen","operatorName":"Allego","maxPowerKw":11,"isMegawatt":false,"status":"AVAILABLE","source":"ndw","priceKwh":0.511}},{"type":"Feature","geometry":{"type":"Point","coordinates":[4.848444,52.296115]},"properties":{"type":"charge","layer":"passenger","locationId":"NLLOC003664","name":"NLD, Amstelveen, Magnolialaan 43","address":"Magnolialaan 43","city":"Amstelveen","operatorName":"Allego","maxPowerKw":11,"isMegawatt":false,"status":"AVAILABLE","source":"ndw","priceKwh":0.511}},{"type":"Feature","geometry":{"type":"Point","coordinates":[4.878007,52.303741]},"properties":{"type":"charge","layer":"passenger","locationId":"NLLOC009784","name":"NL, Camera Obscuralaan, 9, 1183JT, Amstelveen","address":"Camera Obscuralaan 9","city":"Amstelveen","operatorName":"Allego","maxPowerKw":11,"isMegawatt":false,"status":"AVAILABLE","source":"ndw","priceKwh":0.511}},{"type":"Feature","geometry":{"type":"Point","coordinates":[4.841599,52.288695]},"properties":{"type":"charge","layer":"passenger","locationId":"6315be59c7d95c045cc933c2","name":"Splinter Beheer station 2","address":"Binderij 1 A","city":"Amstelveen","operatorName":"E-Flux by Road","maxPowerKw":11,"isMegawatt":false,"status":"AVAILABLE","source":"ndw","priceKwh":0.44}},{"type":"Feature","geometry":{"type":"Point","coordinates":[4.852004,52.313243]},"properties":{"type":"charge","layer":"passenger","locationId":"65f157f2f2522a001da1557e","name":"Transparent Solutions 1","address":"Amsterdamseweg 206","city":"Amstelveen","operatorName":"E-Flux by Road","maxPowerKw":22,"isMegawatt":false,"status":"AVAILABLE","source":"ndw","priceKwh":0.36}},{"type":"Feature","geometry":{"type":"Point","coordinates":[4.861271,52.281312]},"properties":{"type":"charge","layer":"passenger","locationId":"NLLOC002634","name":"NLD, Amstelveen, Jol 129","address":"Jol 129","city":"Amstelveen","operatorName":"Allego","maxPowerKw":11,"isMegawatt":false,"status":"AVAILABLE","source":"ndw","priceKwh":0.511}},{"type":"Feature","geometry":{"type":"Point","coordinates":[4.855716,52.284393]},"properties":{"type":"charge","layer":"passenger","locationId":"0c745a24-9ac4-49b1-976c-5740451e1fa7","name":"TNLP008254 - Boogschutter 169, Amstelveen","address":"169 Boogschutter","city":"Amstelveen","operatorName":"TotalEnergies","maxPowerKw":15,"isMegawatt":false,"status":"AVAILABLE","source":"ndw"}},{"type":"Feature","geometry":{"type":"Point","coordinates":[4.859335,52.3179673]},"properties":{"type":"charge","layer":"passenger","locationId":"1901","name":"Shell Recharge NL Koen van Oosterwijklaan 32","address":"Koen van Oosterwijklaan 32","city":"Amstelveen","operatorName":"Ubitricity","maxPowerKw":22,"isMegawatt":false,"status":"AVAILABLE","source":"ndw","priceKwh":0.266}},{"type":"Feature","geometry":{"type":"Point","coordinates":[4.864045,52.296693]},"properties":{"type":"charge","layer":"passenger","locationId":"774ff5b6d603f7eba4d3d1c5c929b469","name":"Erasmuslaan 96","address":"Erasmuslaan 96","city":"Amstelveen","operatorName":"Vattenfall InCharge","maxPowerKw":11,"isMegawatt":false,"status":"AVAILABLE","source":"ndw"}},{"type":"Feature","geometry":{"type":"Point","coordinates":[4.8584841,52.3043539]},"properties":{"type":"charge","layer":"passenger","locationId":"800","name":"Shell Recharge NL Mr. P.J.M. Aalberselaan 13","address":"Mr. P.J.M. Aalberselaan 13","city":"Amstelveen","operatorName":"Ubitricity","maxPowerKw":22,"isMegawatt":false,"status":"AVAILABLE","source":"ndw","priceKwh":0.266}},{"type":"Feature","geometry":{"type":"Point","coordinates":[4.822844,52.275204]},"properties":{"type":"charge","layer":"passenger","locationId":"89fc5f21-9cd9-431b-9b98-a4e2fe14a510","name":"TNLP008898 - Ida Gerhardtlaan 1, Amstelveen","address":"1 Ida Gerhardtlaan","city":"Amstelveen","operatorName":"TotalEnergies","maxPowerKw":14,"isMegawatt":false,"status":"AVAILABLE","source":"ndw"}},{"type":"Feature","geometry":{"type":"Point","coordinates":[4.858584,52.308395]},"properties":{"type":"charge","layer":"passenger","locationId":"NLLOC000828","name":"NLD, Amstelveen, Graaf Aelbrechtlaan 128","address":"Graaf Aelbrechtlaan 128","city":"Amstelveen","operatorName":"Allego","maxPowerKw":11,"isMegawatt":false,"status":"AVAILABLE","source":"ndw","priceKwh":0.511}},{"type":"Feature","geometry":{"type":"Point","coordinates":[4.852745,52.281847]},"properties":{"type":"charge","layer":"passenger","locationId":"NLLOC000821","name":"NLD, Amstelveen, Grote Beer 198","address":"Grote Beer 198-A","city":"Amstelveen","operatorName":"Allego","maxPowerKw":11,"isMegawatt":false,"status":"AVAILABLE","source":"ndw","priceKwh":0.511}},{"type":"Feature","geometry":{"type":"Point","coordinates":[4.835453,52.275732]},"properties":{"type":"charge","layer":"passenger","locationId":"NLLOC000836","name":"NL, Gulderoedelaan 1, 1187 EB Amstelveen","address":"Gulderoedelaan 1","city":"Amstelveen","operatorName":"Allego","maxPowerKw":11,"isMegawatt":false,"status":"AVAILABLE","source":"ndw","priceKwh":0.511}},{"type":"Feature","geometry":{"type":"Point","coordinates":[4.83486,52.28]},"properties":{"type":"charge","layer":"passenger","locationId":"ADF36FBD-7C09-4FD0-A064-D28202466F51","name":"Eneco eMobility Best Western Amstelveen","address":"Grutterij 5","city":"Amstelveen","operatorName":"Eneco","maxPowerKw":35,"isMegawatt":false,"status":"AVAILABLE","source":"ndw","priceKwh":0.32}},{"type":"Feature","geometry":{"type":"Point","coordinates":[4.85902,52.321111]},"properties":{"type":"charge","layer":"passenger","locationId":"a93c6090-74bd-4e17-8e55-4898951558ac","name":"TNLP015417","address":"Plantsoen Laanhorn 12","city":"Amstelveen","operatorName":"TotalEnergies","maxPowerKw":17,"isMegawatt":false,"status":"CHARGING","source":"ndw"}},{"type":"Feature","geometry":{"type":"Point","coordinates":[4.861212,52.289814]},"properties":{"type":"charge","layer":"passenger","locationId":"CBD2508D-55C6-4C25-9735-D52C6B2A8667","name":"Eneco eMobility ISA International School of Amsterdam Amstelveen","address":"Sportlaan 45","city":"Amstelveen","operatorName":"Eneco","maxPowerKw":22,"isMegawatt":false,"status":"AVAILABLE","source":"ndw","priceKwh":0.5}},{"type":"Feature","geometry":{"type":"Point","coordinates":[4.862672,52.305958]},"properties":{"type":"charge","layer":"passenger","locationId":"d1c4c721-2b9c-41c0-b246-61247a75ed30","name":"TNLP015363 - Rembrandtweg 168, Amstelveen","address":"168 Rembrandtweg","city":"Amstelveen","operatorName":"TotalEnergies","maxPowerKw":17,"isMegawatt":false,"status":"UNAVAILABLE","source":"ndw"}},{"type":"Feature","geometry":{"type":"Point","coordinates":[4.8546984,52.3114295]},"properties":{"type":"charge","layer":"passenger","locationId":"983","name":"Shell Recharge NL Charlotte van Montpensierlaan 32","address":"Charlotte van Montpensierlaan 32","city":"Amstelveen","operatorName":"Ubitricity","maxPowerKw":22,"isMegawatt":false,"status":"AVAILABLE","source":"ndw","priceKwh":0.266}},{"type":"Feature","geometry":{"type":"Point","coordinates":[4.859644,52.320568]},"properties":{"type":"charge","layer":"passenger","locationId":"NLLOC000829","name":"NLD, Amstelveen, Schepenenlaan 3","address":"Schepenenlaan 3","city":"Amstelveen","operatorName":"Allego","maxPowerKw":11,"isMegawatt":false,"status":"CHARGING","source":"ndw","priceKwh":0.511}},{"type":"Feature","geometry":{"type":"Point","coordinates":[4.880068,52.305714]},"properties":{"type":"charge","layer":"passenger","locationId":"NLLOC003434","name":"NLD, Amstelveen, Camera Obscuralaan 83","address":"Camera Obscuralaan 83","city":"Amstelveen","operatorName":"Allego","maxPowerKw":11,"isMegawatt":false,"status":"AVAILABLE","source":"ndw","priceKwh":0.511}},{"type":"Feature","geometry":{"type":"Point","coordinates":[4.81858,52.27989]},"properties":{"type":"charge","layer":"passenger","locationId":"1510","name":"Shell Recharge NL Heemstede 242","address":"Heemstede 242","city":"Amstelveen","operatorName":"Ubitricity","maxPowerKw":11,"isMegawatt":false,"status":"UNAVAILABLE","source":"ndw","priceKwh":0.388}},{"type":"Feature","geometry":{"type":"Point","coordinates":[4.882007,52.307866]},"properties":{"type":"charge","layer":"passenger","locationId":"NLLOC007236","name":"NL, Lien Gisolflaan 1, 1183 WT, Amstelveen","address":"Lien Gisolflaan 1","city":"Amstelveen","operatorName":"Allego","maxPowerKw":11,"isMegawatt":false,"status":"AVAILABLE","source":"ndw","priceKwh":0.511}},{"type":"Feature","geometry":{"type":"Point","coordinates":[4.873439,52.2995243]},"properties":{"type":"charge","layer":"passenger","locationId":"1836","name":"Shell Recharge NL Faustlaan 33","address":"Faustlaan 33","city":"Amstelveen","operatorName":"Ubitricity","maxPowerKw":22,"isMegawatt":false,"status":"AVAILABLE","source":"ndw","priceKwh":0.266}},{"type":"Feature","geometry":{"type":"Point","coordinates":[4.853261,52.308041]},"properties":{"type":"charge","layer":"passenger","locationId":"5e2c9dc4-5985-4d02-b0a4-f41d65e080f4","name":"Graaf Aelbrechtlaan","address":"Graaf Aelbrechtlaan 39","city":"Amstelveen","operatorName":"Vattenfall InCharge","maxPowerKw":11,"isMegawatt":false,"status":"CHARGING","source":"ndw"}},{"type":"Feature","geometry":{"type":"Point","coordinates":[4.828039,52.275042]},"properties":{"type":"charge","layer":"passenger","locationId":"NLLOC002666","name":"NLD, Amstelveen, Paul van Ostaijenlaan 1","address":"Paul van Ostaijenlaan 1","city":"Amstelveen","operatorName":"Allego","maxPowerKw":11,"isMegawatt":false,"status":"AVAILABLE","source":"ndw","priceKwh":0.511}},{"type":"Feature","geometry":{"type":"Point","coordinates":[4.860573,52.279159]},"properties":{"type":"charge","layer":"passenger","locationId":"NLLOC010317","name":"NL, Praam 245, 1186TV, Amstelveen","address":"Praam 245","city":"Amstelveen","operatorName":"Allego","maxPowerKw":11,"isMegawatt":false,"status":"AVAILABLE","source":"ndw","priceKwh":0.511}},{"type":"Feature","geometry":{"type":"Point","coordinates":[4.864277,52.309984]},"properties":{"type":"charge","layer":"passenger","locationId":"CF2A3FEB-4A5C-4A2D-8564-A7E2BFDFB818","name":"Eneco eMobility Westfield Mall of the Netherlands - Stadshart Amstelveen - Stadspleingarage -2","address":"Rembrandweg 42 -2","city":"Amstelveen","operatorName":"Eneco","maxPowerKw":22,"isMegawatt":false,"status":"AVAILABLE","source":"ndw","priceKwh":0.54}},{"type":"Feature","geometry":{"type":"Point","coordinates":[4.832245,52.285578]},"properties":{"type":"charge","layer":"passenger","locationId":"NLLOC010083","name":"NL, Boy Edgarlaan 10, 1187 HG, Amstelveen","address":"Boy Edgarlaan 10","city":"Amstelveen","operatorName":"Allego","maxPowerKw":11,"isMegawatt":false,"status":"CHARGING","source":"ndw","priceKwh":0.511}},{"type":"Feature","geometry":{"type":"Point","coordinates":[4.839463,52.290358]},"properties":{"type":"charge","layer":"passenger","locationId":"685564c3015bc4cc6cfdf5b2","name":"RadarVertige","address":"Weverij 7","city":"Amstelveen","operatorName":"Pluq","maxPowerKw":11,"isMegawatt":false,"status":"AVAILABLE","source":"ndw","priceKwh":0.43}},{"type":"Feature","geometry":{"type":"Point","coordinates":[4.84732,52.310291]},"properties":{"type":"charge","layer":"passenger","locationId":"67000076367afb001c8e332c","name":"NXT 50five - Amstelveen - Patrimoniumlaan 2 - DC","address":"Patrimoniumlaan 2","city":"Amstelveen","operatorName":"NXT50Five","maxPowerKw":78,"isMegawatt":false,"status":"AVAILABLE","source":"ndw","priceKwh":0.6}},{"type":"Feature","geometry":{"type":"Point","coordinates":[4.824768,52.286782]},"properties":{"type":"charge","layer":"passenger","locationId":"f36e7d3f-e84c-4add-abe5-a12b54515eb7","name":"TNLP034263","address":"Ockenburgh 44","city":"Amstelveen","operatorName":"TotalEnergies","maxPowerKw":14,"isMegawatt":false,"status":"AVAILABLE","source":"ndw"}},{"type":"Feature","geometry":{"type":"Point","coordinates":[4.863083,52.281357]},"properties":{"type":"charge","layer":"passenger","locationId":"85769512-797c-44b0-a593-8c842ff8da08","name":"TNLP009695 - Punter 116, Amstelveen","address":"116 Punter","city":"Amstelveen","operatorName":"TotalEnergies","maxPowerKw":15,"isMegawatt":false,"status":"AVAILABLE","source":"ndw"}},{"type":"Feature","geometry":{"type":"Point","coordinates":[4.818867,52.277144]},"properties":{"type":"charge","layer":"passenger","locationId":"NLLOC001097","name":"NLD, Amstelveen, Westhove 462","address":"Westhove 462","city":"Amstelveen","operatorName":"Allego","maxPowerKw":22,"isMegawatt":false,"status":"AVAILABLE","source":"ndw","priceKwh":0.511}},{"type":"Feature","geometry":{"type":"Point","coordinates":[4.818682,52.275761]},"properties":{"type":"charge","layer":"passenger","locationId":"NLLOC000834","name":"NLD, Amstelveen, Jane Addamslaan 79","address":"Jane Addamslaan 79","city":"Amstelveen","operatorName":"Allego","maxPowerKw":22,"isMegawatt":false,"status":"AVAILABLE","source":"ndw","priceKwh":0.511}},{"type":"Feature","geometry":{"type":"Point","coordinates":[4.864081,52.279044]},"properties":{"type":"charge","layer":"passenger","locationId":"5c4272ea-592e-45f7-9fb6-57146347da7e","name":"Kotter 14","address":"Kotter 14","city":"Amstelveen","operatorName":"Vattenfall InCharge","maxPowerKw":11,"isMegawatt":false,"status":"AVAILABLE","source":"ndw"}},{"type":"Feature","geometry":{"type":"Point","coordinates":[4.816411,52.277782]},"properties":{"type":"charge","layer":"passenger","locationId":"b4a511e47c6b2093000a57ebfd3b0934","name":"Westhove 248","address":"Westhove 248","city":"Amstelveen","operatorName":"Vattenfall InCharge","maxPowerKw":11,"isMegawatt":false,"status":"AVAILABLE","source":"ndw"}},{"type":"Feature","geometry":{"type":"Point","coordinates":[4.854671,52.312228]},"properties":{"type":"charge","layer":"passenger","locationId":"NLLOC000844","name":"NLD, Amstelveen, van der Hoochlaan 22","address":"van der Hoochlaan 22","city":"Amstelveen","operatorName":"Allego","maxPowerKw":11,"isMegawatt":false,"status":"AVAILABLE","source":"ndw","priceKwh":0.511}},{"type":"Feature","geometry":{"type":"Point","coordinates":[4.847269,52.298317]},"properties":{"type":"charge","layer":"passenger","locationId":"NLLOC001101","name":"NLD, Amstelveen, Kastanjelaan 34","address":"Kastanjelaan 34","city":"Amstelveen","operatorName":"Allego","maxPowerKw":22,"isMegawatt":false,"status":"AVAILABLE","source":"ndw","priceKwh":0.511}},{"type":"Feature","geometry":{"type":"Point","coordinates":[4.870077,52.292427]},"properties":{"type":"charge","layer":"passenger","locationId":"NLLOC006345","name":"NL, Jungfrau 2a 1186CP, Amstelveen","address":"Jungfrau 2","city":"Amstelveen","operatorName":"Allego","maxPowerKw":11,"isMegawatt":false,"status":"AVAILABLE","source":"ndw","priceKwh":0.511}},{"type":"Feature","geometry":{"type":"Point","coordinates":[4.875399,52.31345]},"properties":{"type":"charge","layer":"passenger","locationId":"8c0fadb95866b2bea316f51f0b58c705","name":"Kostverlorenhof 59","address":"Kostverlorenhof 59","city":"Amstelveen","operatorName":"Vattenfall InCharge","maxPowerKw":11,"isMegawatt":false,"status":"AVAILABLE","source":"ndw"}},{"type":"Feature","geometry":{"type":"Point","coordinates":[4.853898,52.291651]},"properties":{"type":"charge","layer":"passenger","locationId":"NLLOC002872","name":"NLD, Amstelveen, Fluweelboomlaan 14 A","address":"Fluweelboomlaan 14 A","city":"Amstelveen","operatorName":"Allego","maxPowerKw":11,"isMegawatt":false,"status":"AVAILABLE","source":"ndw","priceKwh":0.511}},{"type":"Feature","geometry":{"type":"Point","coordinates":[4.872654,52.292807]},"properties":{"type":"charge","layer":"passenger","locationId":"4246368","name":"Laadnet GGZ inGeest","address":"Laan van de Helende Meesters 433","city":"Amstelveen","operatorName":"Laadnet","maxPowerKw":22,"isMegawatt":false,"status":"AVAILABLE","source":"ndw"}},{"type":"Feature","geometry":{"type":"Point","coordinates":[4.830404,52.278511]},"properties":{"type":"charge","layer":"passenger","locationId":"NLLOC002437","name":"NLD, Amstelveen, Frans ter Gastlaan 10, 1187 TN","address":"Frans ter Gastlaan 10","city":"Amstelveen","operatorName":"Allego","maxPowerKw":11,"isMegawatt":false,"status":"AVAILABLE","source":"ndw","priceKwh":0.511}},{"type":"Feature","geometry":{"type":"Point","coordinates":[4.857397,52.319101]},"properties":{"type":"charge","layer":"passenger","locationId":"NLLOC007206","name":"NL, Amsterdamseweg 506, 1181 BX, Amstelveen","address":"Amsterdamseweg 506","city":"Amstelveen","operatorName":"Allego","maxPowerKw":11,"isMegawatt":false,"status":"AVAILABLE","source":"ndw","priceKwh":0.511}},{"type":"Feature","geometry":{"type":"Point","coordinates":[4.85583,52.302228]},"properties":{"type":"charge","layer":"passenger","locationId":"NLLOC002162","name":"NLD, Amstelveen, F.A. van Hallweg 43","address":"F.A. van Hallweg 43","city":"Amstelveen","operatorName":"Allego","maxPowerKw":11,"isMegawatt":false,"status":"AVAILABLE","source":"ndw","priceKwh":0.511}},{"type":"Feature","geometry":{"type":"Point","coordinates":[4.832065,52.27904]},"properties":{"type":"charge","layer":"passenger","locationId":"9a6940f5-625a-4c8d-b44b-3765ab2f6952","name":"TNLP015334 - Jan Teulingslaan 47, Amstelveen","address":"47 Jan Teulingslaan","city":"Amstelveen","operatorName":"TotalEnergies","maxPowerKw":17,"isMegawatt":false,"status":"AVAILABLE","source":"ndw"}},{"type":"Feature","geometry":{"type":"Point","coordinates":[4.86644,52.288794]},"properties":{"type":"charge","layer":"passenger","locationId":"NLLOC002690","name":"NLD, Amstelveen, Wolga 1","address":"Wolga 1","city":"Amstelveen","operatorName":"Allego","maxPowerKw":11,"isMegawatt":false,"status":"AVAILABLE","source":"ndw","priceKwh":0.511}},{"type":"Feature","geometry":{"type":"Point","coordinates":[4.815668,52.27583]},"properties":{"type":"charge","layer":"passenger","locationId":"b1615b7d-4646-4d7e-a3b4-25bf388761a2","name":"TNLP008914 - Weldam 12, Amstelveen","address":"12 Weldam","city":"Amstelveen","operatorName":"TotalEnergies","maxPowerKw":14,"isMegawatt":false,"status":"AVAILABLE","source":"ndw"}},{"type":"Feature","geometry":{"type":"Point","coordinates":[4.865439,52.300553]},"properties":{"type":"charge","layer":"passenger","locationId":"NLLOC002873","name":"NLD, Amstelveen, Meander 787","address":"Meander 787","city":"Amstelveen","operatorName":"Allego","maxPowerKw":11,"isMegawatt":false,"status":"AVAILABLE","source":"ndw","priceKwh":0.511}},{"type":"Feature","geometry":{"type":"Point","coordinates":[4.875787,52.295966]},"properties":{"type":"charge","layer":"passenger","locationId":"68b85099f95f3f684c6105a6","name":"Laan van Langerhuize","address":"Laan van Langerhuize\t 1F","city":"Amstelveen","operatorName":"E-Flux by Road","maxPowerKw":11,"isMegawatt":false,"status":"AVAILABLE","source":"ndw","priceKwh":0.53}},{"type":"Feature","geometry":{"type":"Point","coordinates":[4.874271,52.302006]},"properties":{"type":"charge","layer":"passenger","locationId":"87207207-fd61-49a1-8ad3-5065c4b70e8f","name":"TNLP015026 - Bankrashof 90, Amstelveen","address":"90 Bankrashof","city":"Amstelveen","operatorName":"TotalEnergies","maxPowerKw":17,"isMegawatt":false,"status":"UNAVAILABLE","source":"ndw"}},{"type":"Feature","geometry":{"type":"Point","coordinates":[4.862414,52.280189]},"properties":{"type":"charge","layer":"passenger","locationId":"fe726f73-4dfc-4ff9-b1da-11cd31a5fb34","name":"TNLP034202","address":"Punter 210","city":"Amstelveen","operatorName":"TotalEnergies","maxPowerKw":14,"isMegawatt":false,"status":"AVAILABLE","source":"ndw"}},{"type":"Feature","geometry":{"type":"Point","coordinates":[4.860695,52.294482]},"properties":{"type":"charge","layer":"passenger","locationId":"NLLOC007824","name":"NL, Lindenlaan 585, 01, 1185 LW, Amstelveen","address":"Lindenlaan 585, 01","city":"Amstelveen","operatorName":"Allego","maxPowerKw":11,"isMegawatt":false,"status":"AVAILABLE","source":"ndw","priceKwh":0.511}},{"type":"Feature","geometry":{"type":"Point","coordinates":[4.847939,52.299556]},"properties":{"type":"charge","layer":"passenger","locationId":"NLLOC015056","name":"NL, Kastanjelaan 2, 1185 KA Amstelveen","address":"Kastanjelaan 2","city":"Amstelveen","operatorName":"Allego","maxPowerKw":11,"isMegawatt":false,"status":"AVAILABLE","source":"ndw","priceKwh":0.511}},{"type":"Feature","geometry":{"type":"Point","coordinates":[4.860733,52.31218]},"properties":{"type":"charge","layer":"passenger","locationId":"a0a935f4-4b34-4aba-b3df-e719aaf0fe19","name":"TNLP008817 - De Ruyschlaan 195, Amstelveen","address":"195 De Ruyschlaan","city":"Amstelveen","operatorName":"TotalEnergies","maxPowerKw":14,"isMegawatt":false,"status":"UNAVAILABLE","source":"ndw"}},{"type":"Feature","geometry":{"type":"Point","coordinates":[4.871336,52.310274]},"properties":{"type":"charge","layer":"passenger","locationId":"NLLOC001127","name":"NLD, Amstelveen, Van Heuven Goedhartlaan 739","address":"Van Heuven Goedhartlaan 739","city":"Amstelveen","operatorName":"Allego","maxPowerKw":11,"isMegawatt":false,"status":"AVAILABLE","source":"ndw","priceKwh":0.511}},{"type":"Feature","geometry":{"type":"Point","coordinates":[4.868811,52.305258]},"properties":{"type":"charge","layer":"passenger","locationId":"NLLOC001047","name":"NLD, Amstelveen, Karel Doormanweg 1","address":"Karel Doormanweg 1","city":"Amstelveen","operatorName":"Allego","maxPowerKw":11,"isMegawatt":false,"status":"AVAILABLE","source":"ndw","priceKwh":0.511}},{"type":"Feature","geometry":{"type":"Point","coordinates":[4.848751,52.291441]},"properties":{"type":"charge","layer":"passenger","locationId":"NLLOC002475","name":"NLD, Amstelveen, Notenlaan 18, 1185 RS","address":"Notenlaan 18","city":"Amstelveen","operatorName":"Allego","maxPowerKw":11,"isMegawatt":false,"status":"AVAILABLE","source":"ndw","priceKwh":0.511}},{"type":"Feature","geometry":{"type":"Point","coordinates":[4.83013,52.27284]},"properties":{"type":"charge","layer":"passenger","locationId":"1568","name":"Shell Recharge NL Marjoleinlaan 53","address":"Marjoleinlaan 53","city":"Amstelveen","operatorName":"Ubitricity","maxPowerKw":11,"isMegawatt":false,"status":"AVAILABLE","source":"ndw","priceKwh":0.388}},{"type":"Feature","geometry":{"type":"Point","coordinates":[4.85823,52.27932]},"properties":{"type":"charge","layer":"passenger","locationId":"8032ef7f31318a648f566122609b84a1","name":"Praam 16","address":"Praam 16","city":"Amstelveen","operatorName":"Vattenfall InCharge","maxPowerKw":11,"isMegawatt":false,"status":"CHARGING","source":"ndw"}},{"type":"Feature","geometry":{"type":"Point","coordinates":[4.844512,52.309925]},"properties":{"type":"charge","layer":"passenger","locationId":"NLLOC003665","name":"NLD, Amstelveen, Talmastraat 34","address":"Talmastraat 34","city":"Amstelveen","operatorName":"Allego","maxPowerKw":11,"isMegawatt":false,"status":"AVAILABLE","source":"ndw","priceKwh":0.511}},{"type":"Feature","geometry":{"type":"Point","coordinates":[4.861871,52.297443]},"properties":{"type":"charge","layer":"passenger","locationId":"02a307eb-e014-4326-8fa9-025be33d5c64","name":"TNLP009076 - Parmentierlaan 45, Amstelveen","address":"45 Parmentierlaan","city":"Amstelveen","operatorName":"TotalEnergies","maxPowerKw":17,"isMegawatt":false,"status":"UNAVAILABLE","source":"ndw"}},{"type":"Feature","geometry":{"type":"Point","coordinates":[4.875338,52.316482]},"properties":{"type":"charge","layer":"passenger","locationId":"be76876f-44e5-4309-96c9-90d3f06516f6","name":"Rie Cramerstraat 76","address":"Rie Cramerstraat 76","city":"Amstelveen","operatorName":"Vattenfall InCharge","maxPowerKw":11,"isMegawatt":false,"status":"AVAILABLE","source":"ndw"}},{"type":"Feature","geometry":{"type":"Point","coordinates":[4.867608,52.312178]},"properties":{"type":"charge","layer":"passenger","locationId":"NLLOC000824","name":"NLD, Amstelveen, Brantwijk 88","address":"Brantwijk 88","city":"Amstelveen","operatorName":"Allego","maxPowerKw":11,"isMegawatt":false,"status":"CHARGING","source":"ndw","priceKwh":0.511}},{"type":"Feature","geometry":{"type":"Point","coordinates":[4.825909,52.275805]},"properties":{"type":"charge","layer":"passenger","locationId":"NLLOC000937","name":"NLD, Amstelveen, Clare Lennartlaan 2","address":"Clare Lennartlaan 2","city":"Amstelveen","operatorName":"Allego","maxPowerKw":11,"isMegawatt":false,"status":"AVAILABLE","source":"ndw","priceKwh":0.511}},{"type":"Feature","geometry":{"type":"Point","coordinates":[4.865999,52.317273]},"properties":{"type":"charge","layer":"passenger","locationId":"NLLOC006902","name":"NL, Bourgondischelaan 14-36, 1181DD, Amstelveen","address":"Bourgondischelaan 14-36","city":"Amstelveen","operatorName":"Allego","maxPowerKw":11,"isMegawatt":false,"status":"AVAILABLE","source":"ndw","priceKwh":0.511}},{"type":"Feature","geometry":{"type":"Point","coordinates":[4.847132,52.311211]},"properties":{"type":"charge","layer":"passenger","locationId":"NLLOC007046","name":"NL, Nieuwe Karselaan 4, 1182BR, Amstelveen","address":"Nieuwe Karselaan 4","city":"Amstelveen","operatorName":"Allego","maxPowerKw":11,"isMegawatt":false,"status":"AVAILABLE","source":"ndw","priceKwh":0.511}},{"type":"Feature","geometry":{"type":"Point","coordinates":[4.8233,52.283825]},"properties":{"type":"charge","layer":"passenger","locationId":"NLLOC000831","name":"NLD, Amstelveen, Schweitzerlaan 17","address":"Schweitzerlaan 17","city":"Amstelveen","operatorName":"Allego","maxPowerKw":22,"isMegawatt":false,"status":"AVAILABLE","source":"ndw","priceKwh":0.511}},{"type":"Feature","geometry":{"type":"Point","coordinates":[4.84472,52.30186]},"properties":{"type":"charge","layer":"passenger","locationId":"98c41c22-ada5-4beb-87e4-c6a8ef223752","name":"PP001591 - Laan Nieuwer-Amstel 11, Amstelveen","address":"11 Laan Nieuwer-Amstel","city":"Amstelveen","operatorName":"TotalEnergies","maxPowerKw":11,"isMegawatt":false,"status":"CHARGING","source":"ndw"}},{"type":"Feature","geometry":{"type":"Point","coordinates":[4.859645,52.304376]},"properties":{"type":"charge","layer":"passenger","locationId":"b1e9a2be7f5e125742ac005dd8f6a71e","name":"Jonkheer H.A. van Karnebeeklaan 8","address":"Jonkheer H.A. van Karnebeeklaan 8","city":"Amstelveen","operatorName":"Vattenfall InCharge","maxPowerKw":11,"isMegawatt":false,"status":"CHARGING","source":"ndw"}},{"type":"Feature","geometry":{"type":"Point","coordinates":[4.865406,52.27571]},"properties":{"type":"charge","layer":"passenger","locationId":"NLLOC007153","name":"NL, Schutsluis 25, 1186ZD, Amstelveen","address":"Schutsluis 25","city":"Amstelveen","operatorName":"Allego","maxPowerKw":11,"isMegawatt":false,"status":"AVAILABLE","source":"ndw","priceKwh":0.511}},{"type":"Feature","geometry":{"type":"Point","coordinates":[4.867963,52.283516]},"properties":{"type":"charge","layer":"passenger","locationId":"NLLOC007279","name":"NL, Niagara 1, 1186 JN, Amstelveen","address":"Niagara 1","city":"Amstelveen","operatorName":"Allego","maxPowerKw":11,"isMegawatt":false,"status":"AVAILABLE","source":"ndw","priceKwh":0.511}},{"type":"Feature","geometry":{"type":"Point","coordinates":[4.8165625,52.2761874]},"properties":{"type":"charge","layer":"passenger","locationId":"2169","name":"Shell Recharge NL Jane Addamslaan 105","address":"Jane Addamslaan 105","city":"Amstelveen","operatorName":"Ubitricity","maxPowerKw":22,"isMegawatt":false,"status":"AVAILABLE","source":"ndw","priceKwh":0.266}},{"type":"Feature","geometry":{"type":"Point","coordinates":[4.857719,52.291107]},"properties":{"type":"charge","layer":"passenger","locationId":"NLLOC000833","name":"NLD, Amstelveen, Sportlaan 350","address":"Sportlaan 350","city":"Amstelveen","operatorName":"Allego","maxPowerKw":11,"isMegawatt":false,"status":"AVAILABLE","source":"ndw","priceKwh":0.511}},{"type":"Feature","geometry":{"type":"Point","coordinates":[4.837205,52.272763]},"properties":{"type":"charge","layer":"passenger","locationId":"NLLOC001698","name":"NLD, Amstelveen, Sint Janskruidlaan 140","address":"Sint Janskruidlaan 140","city":"Amstelveen","operatorName":"Allego","maxPowerKw":11,"isMegawatt":false,"status":"AVAILABLE","source":"ndw","priceKwh":0.511}},{"type":"Feature","geometry":{"type":"Point","coordinates":[4.899059,52.301247]},"properties":{"type":"charge","layer":"passenger","locationId":"NLLOC007932","name":"NL, Oostermeerweg 34, 1184 TD Amstelveen","address":"Oostermeerweg 34","city":"Amstelveen","operatorName":"Allego","maxPowerKw":11,"isMegawatt":false,"status":"AVAILABLE","source":"ndw","priceKwh":0.511}},{"type":"Feature","geometry":{"type":"Point","coordinates":[4.858064,52.31645]},"properties":{"type":"charge","layer":"passenger","locationId":"41ff78a9-46f3-4235-a961-07f11a47ac37","name":"TNLP015321 - Graaf Florislaan 13, Amstelveen","address":"13 Graaf Florislaan","city":"Amstelveen","operatorName":"TotalEnergies","maxPowerKw":17,"isMegawatt":false,"status":"UNAVAILABLE","source":"ndw"}},{"type":"Feature","geometry":{"type":"Point","coordinates":[4.878137,52.309304]},"properties":{"type":"charge","layer":"passenger","locationId":"NLLOC008704","name":"NL, Straat van Mozambique 10, 1183 GR Amstelveen","address":"Straat van Mozambique 10","city":"Amstelveen","operatorName":"Allego","maxPowerKw":11,"isMegawatt":false,"status":"AVAILABLE","source":"ndw","priceKwh":0.511}},{"type":"Feature","geometry":{"type":"Point","coordinates":[4.8595733,52.2815396]},"properties":{"type":"charge","layer":"passenger","locationId":"1061","name":"Shell Recharge NL Jol 7","address":"Jol 7","city":"Amstelveen","operatorName":"Ubitricity","maxPowerKw":22,"isMegawatt":false,"status":"CHARGING","source":"ndw","priceKwh":0.266}},{"type":"Feature","geometry":{"type":"Point","coordinates":[4.85763,52.319855]},"properties":{"type":"charge","layer":"passenger","locationId":"c40eebe2-17f6-4718-993b-590e7adf99b7","name":"TNLP015079 - Amsterdamseweg 528, Amstelveen","address":"528 Amsterdamseweg","city":"Amstelveen","operatorName":"TotalEnergies","maxPowerKw":17,"isMegawatt":false,"status":"UNAVAILABLE","source":"ndw"}},{"type":"Feature","geometry":{"type":"Point","coordinates":[4.878097,52.298454]},"properties":{"type":"charge","layer":"passenger","locationId":"e1239b11-12cf-4bf4-b9f0-192db48b2f97","name":"TNLP008844 - Fideliolaan 244, Amstelveen","address":"244 Fideliolaan","city":"Amstelveen","operatorName":"TotalEnergies","maxPowerKw":14,"isMegawatt":false,"status":"AVAILABLE","source":"ndw"}},{"type":"Feature","geometry":{"type":"Point","coordinates":[4.851221,52.282418]},"properties":{"type":"charge","layer":"passenger","locationId":"6cffe8e2-acbd-45b0-b6b1-7ce8349aecfe","name":"Grote Beer","address":"Grote Beer 189","city":"Amstelveen","operatorName":"Vattenfall InCharge","maxPowerKw":11,"isMegawatt":false,"status":"AVAILABLE","source":"ndw"}},{"type":"Feature","geometry":{"type":"Point","coordinates":[4.836463,52.273956]},"properties":{"type":"charge","layer":"passenger","locationId":"NLLOC006374","name":"NL, Korianderlaan 11, 1187EE, Amstelveen","address":"Korianderlaan 11","city":"Amstelveen","operatorName":"Allego","maxPowerKw":11,"isMegawatt":false,"status":"AVAILABLE","source":"ndw","priceKwh":0.511}},{"type":"Feature","geometry":{"type":"Point","coordinates":[4.855135,52.309836]},"properties":{"type":"charge","layer":"passenger","locationId":"NLLOC002318","name":"NLD, Amstelveen, Van der Ghiessenstraat 40","address":"Van der Ghiessenstraat 40","city":"Amstelveen","operatorName":"Allego","maxPowerKw":11,"isMegawatt":false,"status":"CHARGING","source":"ndw","priceKwh":0.511}},{"type":"Feature","geometry":{"type":"Point","coordinates":[4.865326,52.319645]},"properties":{"type":"charge","layer":"passenger","locationId":"NLLOC001696","name":"NLD, Amstelveen, Catharina van Clevepark 67","address":"Catharina van Clevepark 67","city":"Amstelveen","operatorName":"Allego","maxPowerKw":11,"isMegawatt":false,"status":"CHARGING","source":"ndw","priceKwh":0.511}},{"type":"Feature","geometry":{"type":"Point","coordinates":[4.845643,52.30226]},"properties":{"type":"charge","layer":"passenger","locationId":"723b5e3f-9030-4265-8dce-2ee6be39f01b","name":"TNLP008864 - Zetveld 47, Amstelveen","address":"47 Zetveld","city":"Amstelveen","operatorName":"TotalEnergies","maxPowerKw":14,"isMegawatt":false,"status":"AVAILABLE","source":"ndw"}},{"type":"Feature","geometry":{"type":"Point","coordinates":[4.84943,52.30865]},"properties":{"type":"charge","layer":"passenger","locationId":"d2a455bf-a5da-4ca5-9ea2-f24aedb525b5","name":"PP002490 - Amstellandlaan 16, Amstelveen","address":"16 Amstellandlaan","city":"Amstelveen","operatorName":"TotalEnergies","maxPowerKw":13,"isMegawatt":false,"status":"CHARGING","source":"ndw"}},{"type":"Feature","geometry":{"type":"Point","coordinates":[4.851025,52.307515]},"properties":{"type":"charge","layer":"passenger","locationId":"NLLOC007290","name":"NL, Thorbeckelaan 7, 1181 VN, Amstelveen","address":"Thorbeckelaan 7","city":"Amstelveen","operatorName":"Allego","maxPowerKw":11,"isMegawatt":false,"status":"AVAILABLE","source":"ndw","priceKwh":0.511}},{"type":"Feature","geometry":{"type":"Point","coordinates":[4.8298882,52.2769657]},"properties":{"type":"charge","layer":"passenger","locationId":"1095","name":"Shell Recharge NL Bertha von Suttnerlaan 90","address":"Bertha von Suttnerlaan 90","city":"Amstelveen","operatorName":"Ubitricity","maxPowerKw":22,"isMegawatt":false,"status":"AVAILABLE","source":"ndw","priceKwh":0.266}},{"type":"Feature","geometry":{"type":"Point","coordinates":[4.869923,52.29033]},"properties":{"type":"charge","layer":"passenger","locationId":"fe4125de-cef5-4c53-84b5-5d16bcf402b6","name":"TNLP008822 - Etna 5, Amstelveen","address":"5 Etna","city":"Amstelveen","operatorName":"TotalEnergies","maxPowerKw":14,"isMegawatt":false,"status":"CHARGING","source":"ndw"}},{"type":"Feature","geometry":{"type":"Point","coordinates":[4.819844,52.282295]},"properties":{"type":"charge","layer":"passenger","locationId":"NLLOC007356","name":"NL, Boschplaat 66, 1187KX, Amstelveen","address":"Boschplaat 66","city":"Amstelveen","operatorName":"Allego","maxPowerKw":11,"isMegawatt":false,"status":"AVAILABLE","source":"ndw","priceKwh":0.511}},{"type":"Feature","geometry":{"type":"Point","coordinates":[4.84716,52.29212]},"properties":{"type":"charge","layer":"passenger","locationId":"28ee4490-298a-4204-8cba-9fec04e234a3","name":"TNLP009946 - Pruimenlaan 134, Amstelveen","address":"134 Pruimenlaan","city":"Amstelveen","operatorName":"TotalEnergies","maxPowerKw":17,"isMegawatt":false,"status":"UNAVAILABLE","source":"ndw"}},{"type":"Feature","geometry":{"type":"Point","coordinates":[4.824571,52.273007]},"properties":{"type":"charge","layer":"passenger","locationId":"aab7b6df-48dd-497d-afe5-73d5c5e8f40e","name":"TNLP034485","address":"Anton van Duinkerkenlaan 41","city":"Amstelveen","operatorName":"TotalEnergies","maxPowerKw":14,"isMegawatt":false,"status":"UNAVAILABLE","source":"ndw"}},{"type":"Feature","geometry":{"type":"Point","coordinates":[4.845008,52.28016]},"properties":{"type":"charge","layer":"passenger","locationId":"cd5f4fc8-15b9-4597-a66e-3d51ccb8a130","name":"TNLP008407 - Dr. Willem Dreesweg 37, Amstelveen","address":"37 Dr. Willem Dreesweg","city":"Amstelveen","operatorName":"TotalEnergies","maxPowerKw":14,"isMegawatt":false,"status":"AVAILABLE","source":"ndw"}},{"type":"Feature","geometry":{"type":"Point","coordinates":[4.861295,52.310606]},"properties":{"type":"charge","layer":"passenger","locationId":"NLLOC003902","name":"NLD, Amstelveen, Zonnestein 1","address":"Zonnestein 1","city":"Amstelveen","operatorName":"Allego","maxPowerKw":11,"isMegawatt":false,"status":"AVAILABLE","source":"ndw","priceKwh":0.511}},{"type":"Feature","geometry":{"type":"Point","coordinates":[4.857642,52.298345]},"properties":{"type":"charge","layer":"passenger","locationId":"NLLOC016002","name":"NL, Parmentierlaan 1, 1185DP, Amstelveen","address":"Parmentierlaan 1","city":"Amstelveen","operatorName":"Allego","maxPowerKw":11,"isMegawatt":false,"status":"AVAILABLE","source":"ndw","priceKwh":0.511}},{"type":"Feature","geometry":{"type":"Point","coordinates":[4.831322,52.278168]},"properties":{"type":"charge","layer":"passenger","locationId":"NLLOC016305","name":"NL, Guido van Dethlaan 18, 1187TT Amstelveen","address":"Guido van Dethlaan 18","city":"Amstelveen","operatorName":"Allego","maxPowerKw":11,"isMegawatt":false,"status":"AVAILABLE","source":"ndw","priceKwh":0.511}},{"type":"Feature","geometry":{"type":"Point","coordinates":[4.879894,52.314576]},"properties":{"type":"charge","layer":"passenger","locationId":"NLLOC001349","name":"NLD, Amstelveen, Jeanne d'Arclaan 8","address":"Jeanne d'Arclaan 8","city":"Amstelveen","operatorName":"Allego","maxPowerKw":22,"isMegawatt":false,"status":"AVAILABLE","source":"ndw","priceKwh":0.511}},{"type":"Feature","geometry":{"type":"Point","coordinates":[4.8356636,52.274186]},"properties":{"type":"charge","layer":"passenger","locationId":"1432","name":"Shell Recharge NL Korianderlaan 1","address":"Korianderlaan 1","city":"Amstelveen","operatorName":"Ubitricity","maxPowerKw":22,"isMegawatt":false,"status":"CHARGING","source":"ndw","priceKwh":0.266}},{"type":"Feature","geometry":{"type":"Point","coordinates":[4.851876,52.293359]},"properties":{"type":"charge","layer":"passenger","locationId":"NLLOC006281","name":"NL, Acialaan 2, 1185RE, Amstelveen","address":"Acacialaan 2","city":"Amstelveen","operatorName":"Allego","maxPowerKw":11,"isMegawatt":false,"status":"AVAILABLE","source":"ndw","priceKwh":0.511}},{"type":"Feature","geometry":{"type":"Point","coordinates":[4.874558,52.311562]},"properties":{"type":"charge","layer":"passenger","locationId":"NLLOC007562","name":"NL, Westelijk Halfrond 243, 1183 HW, Amstelveen","address":"Westelijk Halfrond 243","city":"Amstelveen","operatorName":"Allego","maxPowerKw":11,"isMegawatt":false,"status":"AVAILABLE","source":"ndw","priceKwh":0.511}},{"type":"Feature","geometry":{"type":"Point","coordinates":[4.860779,52.308008]},"properties":{"type":"charge","layer":"passenger","locationId":"NLLOC001250","name":"NLD, Amstelveen, Graaf Aelbrechtlaan 140","address":"Graaf Aelbrechtlaan 140","city":"Amstelveen","operatorName":"Allego","maxPowerKw":11,"isMegawatt":false,"status":"AVAILABLE","source":"ndw","priceKwh":0.511}},{"type":"Feature","geometry":{"type":"Point","coordinates":[4.837538,52.27504]},"properties":{"type":"charge","layer":"passenger","locationId":"NLLOC009301","name":"NL, Zilverschoonlaan, 132, 1187EC, Amstelveen","address":"Zilverschoonlaan 132","city":"Amstelveen","operatorName":"Allego","maxPowerKw":11,"isMegawatt":false,"status":"AVAILABLE","source":"ndw","priceKwh":0.511}},{"type":"Feature","geometry":{"type":"Point","coordinates":[4.880501,52.310658]},"properties":{"type":"charge","layer":"passenger","locationId":"94abc88e-4b6f-4c4a-9aa4-c6c47d9e781a","name":"TNLP008848 - Oostelijk Halfrond 157, Amstelveen","address":"157 Oostelijk Halfrond","city":"Amstelveen","operatorName":"TotalEnergies","maxPowerKw":14,"isMegawatt":false,"status":"AVAILABLE","source":"ndw"}},{"type":"Feature","geometry":{"type":"Point","coordinates":[4.849491,52.278145]},"properties":{"type":"charge","layer":"passenger","locationId":"d4235c14-539c-40f2-9281-692406f2c816","name":"TNLP015040 - De Vriendschap 1, Amstelveen","address":"1 De Vriendschap","city":"Amstelveen","operatorName":"TotalEnergies","maxPowerKw":17,"isMegawatt":false,"status":"UNAVAILABLE","source":"ndw"}},{"type":"Feature","geometry":{"type":"Point","coordinates":[4.849586,52.297053]},"properties":{"type":"charge","layer":"passenger","locationId":"NLLOC016153","name":"NL, Keizer Karelweg 82, 1185HX, Amstelveen","address":"Keizer Karelweg 82","city":"Amstelveen","operatorName":"Allego","maxPowerKw":11,"isMegawatt":false,"status":"AVAILABLE","source":"ndw","priceKwh":0.511}},{"type":"Feature","geometry":{"type":"Point","coordinates":[4.850501,52.29871]},"properties":{"type":"charge","layer":"passenger","locationId":"1d03b83e-7279-43c1-83fd-3b45ea49743a","name":"Graaf Zeppelinlaan","address":"Graaf Zeppelinlaan 1","city":"Amstelveen","operatorName":"Vattenfall InCharge","maxPowerKw":11,"isMegawatt":false,"status":"AVAILABLE","source":"ndw"}},{"type":"Feature","geometry":{"type":"Point","coordinates":[4.850699,52.299831]},"properties":{"type":"charge","layer":"passenger","locationId":"NLLOC004552","name":"NLD, Amstelveen, Fokkerlaan 19","address":"Fokkerlaan 19","city":"Amstelveen","operatorName":"Allego","maxPowerKw":11,"isMegawatt":false,"status":"AVAILABLE","source":"ndw","priceKwh":0.511}},{"type":"Feature","geometry":{"type":"Point","coordinates":[4.844902,52.284556]},"properties":{"type":"charge","layer":"passenger","locationId":"NLLOC002157","name":"NLD, Amstelveen, Chirurgijn 8","address":"Chirurgijn 8","city":"Amstelveen","operatorName":"Allego","maxPowerKw":11,"isMegawatt":false,"status":"AVAILABLE","source":"ndw","priceKwh":0.511}},{"type":"Feature","geometry":{"type":"Point","coordinates":[4.816374,52.27704]},"properties":{"type":"charge","layer":"passenger","locationId":"e9dd41e3-8f22-4434-b6eb-651f0edfb1d1","name":"Loevestein","address":"Loevestein 13","city":"Amstelveen","operatorName":"Vattenfall InCharge","maxPowerKw":11,"isMegawatt":false,"status":"AVAILABLE","source":"ndw"}},{"type":"Feature","geometry":{"type":"Point","coordinates":[4.860819,52.302076]},"properties":{"type":"charge","layer":"passenger","locationId":"NLLOC006840","name":"NL, Meander 435, 1181 WN, Amstelveen","address":"Meander 435","city":"Amstelveen","operatorName":"Allego","maxPowerKw":11,"isMegawatt":false,"status":"AVAILABLE","source":"ndw","priceKwh":0.511}},{"type":"Feature","geometry":{"type":"Point","coordinates":[4.85312,52.27923]},"properties":{"type":"charge","layer":"passenger","locationId":"1abb1970-a5cf-4eb0-b72f-96745be032e2","name":"PP002571 - Jupiter 81, Amstelveen","address":"81 Jupiter","city":"Amstelveen","operatorName":"TotalEnergies","maxPowerKw":13,"isMegawatt":false,"status":"UNAVAILABLE","source":"ndw"}},{"type":"Feature","geometry":{"type":"Point","coordinates":[4.859266,52.317243]},"properties":{"type":"charge","layer":"passenger","locationId":"6e18e559-4171-4f02-b05d-2adfd5a006dc","name":"Van Spaenstraat","address":"Van Spaenstraat 23","city":"Amstelveen","operatorName":"Vattenfall InCharge","maxPowerKw":11,"isMegawatt":false,"status":"AVAILABLE","source":"ndw"}},{"type":"Feature","geometry":{"type":"Point","coordinates":[4.863704,52.303528]},"properties":{"type":"charge","layer":"passenger","locationId":"NLLOC007220","name":"NL, Govert Flincklaan 1, 1181 XA, Amstelveen","address":"Govert Flincklaan 1","city":"Amstelveen","operatorName":"Allego","maxPowerKw":11,"isMegawatt":false,"status":"AVAILABLE","source":"ndw","priceKwh":0.511}},{"type":"Feature","geometry":{"type":"Point","coordinates":[4.854462,52.296846]},"properties":{"type":"charge","layer":"passenger","locationId":"NLLOC001043","name":"NLD, Amstelveen, Van Maasdijklaan 12","address":"Van Maasdijklaan 12","city":"Amstelveen","operatorName":"Allego","maxPowerKw":11,"isMegawatt":false,"status":"AVAILABLE","source":"ndw","priceKwh":0.511}},{"type":"Feature","geometry":{"type":"Point","coordinates":[4.858031,52.30184]},"properties":{"type":"charge","layer":"passenger","locationId":"34bddff4-f709-459b-a78b-b955a604fc6c","name":"TNLP015314 - Meander 91, Amstelveen","address":"91 Meander","city":"Amstelveen","operatorName":"TotalEnergies","maxPowerKw":17,"isMegawatt":false,"status":"UNAVAILABLE","source":"ndw"}},{"type":"Feature","geometry":{"type":"Point","coordinates":[4.86346,52.30956]},"properties":{"type":"charge","layer":"passenger","locationId":"9f35bbd5876b00a9cb5ba4a6aadc9639","name":"Rembrandtweg 330","address":"Rembrandtweg 330","city":"Amstelveen","operatorName":"Vattenfall InCharge","maxPowerKw":11,"isMegawatt":false,"status":"CHARGING","source":"ndw"}},{"type":"Feature","geometry":{"type":"Point","coordinates":[4.868383,52.314265]},"properties":{"type":"charge","layer":"passenger","locationId":"NLLOC001249","name":"NLD, Amstelveen, Sint Philipsland 23","address":"Sint Philipsland 23","city":"Amstelveen","operatorName":"Allego","maxPowerKw":11,"isMegawatt":false,"status":"AVAILABLE","source":"ndw","priceKwh":0.511}},{"type":"Feature","geometry":{"type":"Point","coordinates":[4.849704,52.284064]},"properties":{"type":"charge","layer":"passenger","locationId":"NLLOC003843","name":"NLD, Amstelveen, Poortwachter 54","address":"Poortwachter 54","city":"Amstelveen","operatorName":"Allego","maxPowerKw":11,"isMegawatt":false,"status":"AVAILABLE","source":"ndw","priceKwh":0.511}},{"type":"Feature","geometry":{"type":"Point","coordinates":[4.865433,52.279186]},"properties":{"type":"charge","layer":"passenger","locationId":"d6066d65-041f-4229-b749-53eb46265801","name":"TNLP008932 - Turfschip 338, Amstelveen","address":"338 Turfschip","city":"Amstelveen","operatorName":"TotalEnergies","maxPowerKw":13,"isMegawatt":false,"status":"UNAVAILABLE","source":"ndw"}},{"type":"Feature","geometry":{"type":"Point","coordinates":[4.843359,52.279183]},"properties":{"type":"charge","layer":"passenger","locationId":"NLLOC002146","name":"NLD, Amstelveen, De Nessermolen 45","address":"De Nessermolen 45","city":"Amstelveen","operatorName":"Allego","maxPowerKw":11,"isMegawatt":false,"status":"AVAILABLE","source":"ndw","priceKwh":0.511}},{"type":"Feature","geometry":{"type":"Point","coordinates":[4.87102,52.286558]},"properties":{"type":"charge","layer":"passenger","locationId":"NLLOC003435","name":"NLD, Amstelveen, Mississippi 29","address":"Mississippi 29","city":"Amstelveen","operatorName":"Allego","maxPowerKw":11,"isMegawatt":false,"status":"AVAILABLE","source":"ndw","priceKwh":0.511}},{"type":"Feature","geometry":{"type":"Point","coordinates":[4.845735,52.293647]},"properties":{"type":"charge","layer":"passenger","locationId":"NLLOC007992","name":"NL, Populierenlaan 133, 1185 SH, Amstelveen","address":"Populierenlaan 133","city":"Amstelveen","operatorName":"Allego","maxPowerKw":11,"isMegawatt":false,"status":"AVAILABLE","source":"ndw","priceKwh":0.511}},{"type":"Feature","geometry":{"type":"Point","coordinates":[4.816371,52.277013]},"properties":{"type":"charge","layer":"passenger","locationId":"NLLOC007374","name":"NL, Loevestein 13, 1187 DL, Amstelveen","address":"Loevestein 13","city":"Amstelveen","operatorName":"Allego","maxPowerKw":11,"isMegawatt":false,"status":"AVAILABLE","source":"ndw","priceKwh":0.511}},{"type":"Feature","geometry":{"type":"Point","coordinates":[4.859609,52.27668]},"properties":{"type":"charge","layer":"passenger","locationId":"NLLOC001103","name":"NLD, Amstelveen, Patrijspoort 36","address":"Patrijspoort 36","city":"Amstelveen","operatorName":"Allego","maxPowerKw":11,"isMegawatt":false,"status":"AVAILABLE","source":"ndw","priceKwh":0.511}},{"type":"Feature","geometry":{"type":"Point","coordinates":[4.827243,52.276474]},"properties":{"type":"charge","layer":"passenger","locationId":"a79e077b-15ea-4871-a66c-42ed8cf64fba","name":"TNLP015074 - Ina Boudier-Bakkerlaan 28, Amstelveen","address":"28 Ina Boudier-Bakkerlaan","city":"Amstelveen","operatorName":"TotalEnergies","maxPowerKw":17,"isMegawatt":false,"status":"AVAILABLE","source":"ndw"}},{"type":"Feature","geometry":{"type":"Point","coordinates":[4.855259,52.292963]},"properties":{"type":"charge","layer":"passenger","locationId":"NLLOC006016","name":"NL, Lindenlaan 173, 1185 LG, Amstelveen","address":"Lindenlaan 173","city":"Amstelveen","operatorName":"Allego","maxPowerKw":11,"isMegawatt":false,"status":"AVAILABLE","source":"ndw","priceKwh":0.511}},{"type":"Feature","geometry":{"type":"Point","coordinates":[4.863429,52.282301]},"properties":{"type":"charge","layer":"passenger","locationId":"88a4337b-3175-4b5d-9457-8f35bca03fe4","name":"TNLP015148","address":"Logger 9","city":"Amstelveen","operatorName":"TotalEnergies","maxPowerKw":17,"isMegawatt":false,"status":"CHARGING","source":"ndw"}},{"type":"Feature","geometry":{"type":"Point","coordinates":[4.869621,52.29394]},"properties":{"type":"charge","layer":"passenger","locationId":"NLLOC001700","name":"NLD, Amstelveen, Laan van de helende meesters 11","address":"Laan van de helende meesters 11","city":"Amstelveen","operatorName":"Allego","maxPowerKw":11,"isMegawatt":false,"status":"AVAILABLE","source":"ndw","priceKwh":0.511}},{"type":"Feature","geometry":{"type":"Point","coordinates":[4.869195,52.315244]},"properties":{"type":"charge","layer":"passenger","locationId":"2652179","name":"Laadnet VVE 8795 Biesbosch Amstelveen","address":"Biesbosch 225","city":"Amstelveen","operatorName":"Laadnet","maxPowerKw":22,"isMegawatt":false,"status":"AVAILABLE","source":"ndw"}},{"type":"Feature","geometry":{"type":"Point","coordinates":[4.83616,52.27565]},"properties":{"type":"charge","layer":"passenger","locationId":"cd7e6ab8a7b72797fd95514b21f3f8e4","name":"Zilverschoonlaan 100","address":"Zilverschoonlaan 100","city":"Amstelveen","operatorName":"Vattenfall InCharge","maxPowerKw":11,"isMegawatt":false,"status":"AVAILABLE","source":"ndw"}},{"type":"Feature","geometry":{"type":"Point","coordinates":[4.813385,52.277998]},"properties":{"type":"charge","layer":"passenger","locationId":"5310b4f1-ff26-4bcb-8dfd-0d85c4c204c2","name":"TNLP015185","address":"Drakensteyn 10","city":"Amstelveen","operatorName":"TotalEnergies","maxPowerKw":17,"isMegawatt":false,"status":"AVAILABLE","source":"ndw"}},{"type":"Feature","geometry":{"type":"Point","coordinates":[4.862135,52.28527]},"properties":{"type":"charge","layer":"passenger","locationId":"NLLOC006269","name":"NL, Marne 43, 1186 PC, Amstelveen","address":"Marne 43","city":"Amstelveen","operatorName":"Allego","maxPowerKw":11,"isMegawatt":false,"status":"AVAILABLE","source":"ndw","priceKwh":0.511}},{"type":"Feature","geometry":{"type":"Point","coordinates":[4.862092,52.307892]},"properties":{"type":"charge","layer":"passenger","locationId":"NLLOC007482","name":"NL, Jan Lievensweg 22, 1181 TJ, Amstelveen","address":"Jan Lievensweg 22","city":"Amstelveen","operatorName":"Allego","maxPowerKw":11,"isMegawatt":false,"status":"AVAILABLE","source":"ndw","priceKwh":0.511}},{"type":"Feature","geometry":{"type":"Point","coordinates":[4.833993,52.293564]},"properties":{"type":"charge","layer":"passenger","locationId":"ff6aaff9-c2ae-4ec6-854e-78cdcb4eec2c","name":"PP002568 - Noorddammerlaan 113, Amstelveen","address":"113 Noorddammerlaan","city":"Amstelveen","operatorName":"TotalEnergies","maxPowerKw":13,"isMegawatt":false,"status":"AVAILABLE","source":"ndw"}},{"type":"Feature","geometry":{"type":"Point","coordinates":[4.82699,52.27375]},"properties":{"type":"charge","layer":"passenger","locationId":"7106c277-1820-4693-915c-3e4649c96aaf","name":"PP002572 - Simon Vestdijklaan 1, Amstelveen","address":"1 Simon Vestdijklaan","city":"Amstelveen","operatorName":"TotalEnergies","maxPowerKw":13,"isMegawatt":false,"status":"UNAVAILABLE","source":"ndw"}},{"type":"Feature","geometry":{"type":"Point","coordinates":[4.875851,52.31098]},"properties":{"type":"charge","layer":"passenger","locationId":"facd57df-40ca-402d-8afd-b560f0432c92","name":"TNLP008861 - Straat van Gibraltar 42, Amstelveen","address":"42 Straat van Gibraltar","city":"Amstelveen","operatorName":"TotalEnergies","maxPowerKw":14,"isMegawatt":false,"status":"AVAILABLE","source":"ndw"}},{"type":"Feature","geometry":{"type":"Point","coordinates":[4.841599,52.288695]},"properties":{"type":"charge","layer":"passenger","locationId":"6315c04f64e4e9ef34fec187","name":"Splinter Beheer station 4","address":"Binderij 1 a","city":"Amstelveen","operatorName":"E-Flux by Road","maxPowerKw":11,"isMegawatt":false,"status":"AVAILABLE","source":"ndw","priceKwh":0.44}},{"type":"Feature","geometry":{"type":"Point","coordinates":[4.875751,52.298552]},"properties":{"type":"charge","layer":"passenger","locationId":"NLLOC003004","name":"NLD, Amstelveen, Fideliolaan 123","address":"Fideliolaan 123","city":"Amstelveen","operatorName":"Allego","maxPowerKw":11,"isMegawatt":false,"status":"AVAILABLE","source":"ndw","priceKwh":0.511}},{"type":"Feature","geometry":{"type":"Point","coordinates":[4.855096,52.280214]},"properties":{"type":"charge","layer":"passenger","locationId":"NLLOC000818","name":"NLD, Amstelveen, Melkweg 2","address":"Melkweg 2","city":"Amstelveen","operatorName":"Allego","maxPowerKw":11,"isMegawatt":false,"status":"AVAILABLE","source":"ndw","priceKwh":0.511}},{"type":"Feature","geometry":{"type":"Point","coordinates":[4.896963,52.297595]},"properties":{"type":"charge","layer":"passenger","locationId":"6603e14d5e22b6001cc5165b","name":"Meander Pension Fund B.V. | Amstel Parking","address":"Amstelzijde 85 A","city":"Amstelveen","operatorName":"Pluq","maxPowerKw":22,"isMegawatt":false,"status":"CHARGING","source":"ndw","priceKwh":0.43}},{"type":"Feature","geometry":{"type":"Point","coordinates":[4.83685,52.290258]},"properties":{"type":"charge","layer":"passenger","locationId":"NLLOC007439","name":"NL, Pastoor Roozenlaan 51, 1187 AM Amstelveen","address":"Pastoor Roozenlaan 51","city":"Amstelveen","operatorName":"Allego","maxPowerKw":11,"isMegawatt":false,"status":"AVAILABLE","source":"ndw","priceKwh":0.511}},{"type":"Feature","geometry":{"type":"Point","coordinates":[4.871652,52.299198]},"properties":{"type":"charge","layer":"passenger","locationId":"NLLOC003433","name":"NLD, Amstelveen, De Parelvisserslaan 77","address":"De Parelvisserslaan 77","city":"Amstelveen","operatorName":"Allego","maxPowerKw":11,"isMegawatt":false,"status":"AVAILABLE","source":"ndw","priceKwh":0.511}},{"type":"Feature","geometry":{"type":"Point","coordinates":[4.867189,52.283781]},"properties":{"type":"charge","layer":"passenger","locationId":"NLLOC003514","name":"NLD, Amstelveen, Missouri 39","address":"Missouri 39","city":"Amstelveen","operatorName":"Allego","maxPowerKw":11,"isMegawatt":false,"status":"AVAILABLE","source":"ndw","priceKwh":0.511}},{"type":"Feature","geometry":{"type":"Point","coordinates":[4.84572,52.292523]},"properties":{"type":"charge","layer":"passenger","locationId":"71ea8d31-84a7-4453-9169-8bd1d5d688d0","name":"TNLP034043","address":"Populierenlaan 335","city":"Amstelveen","operatorName":"TotalEnergies","maxPowerKw":14,"isMegawatt":false,"status":"AVAILABLE","source":"ndw"}},{"type":"Feature","geometry":{"type":"Point","coordinates":[4.865028,52.305206]},"properties":{"type":"charge","layer":"passenger","locationId":"543dff2b-448a-4572-b2c8-11bac6c9234c","name":"TNLP008761 - Judith Leijsterweg 1, Amstelveen","address":"1 Judith Leijsterweg","city":"Amstelveen","operatorName":"TotalEnergies","maxPowerKw":14,"isMegawatt":false,"status":"AVAILABLE","source":"ndw"}},{"type":"Feature","geometry":{"type":"Point","coordinates":[4.839704,52.290223]},"properties":{"type":"charge","layer":"passenger","locationId":"6eb77d81-e3db-4bfb-adec-0b394ea538a0","name":"Weverij","address":"Weverij 7","city":"Amstelveen","operatorName":"Vattenfall InCharge","maxPowerKw":11,"isMegawatt":false,"status":"UNAVAILABLE","source":"ndw"}},{"type":"Feature","geometry":{"type":"Point","coordinates":[4.83268,52.27382]},"properties":{"type":"charge","layer":"passenger","locationId":"7db7a0e7-4e20-4eb0-acdb-623d1470a218","name":"TNLP003504 - Tamarindelaan 18, Amstelveen","address":"18 Tamarindelaan","city":"Amstelveen","operatorName":"TotalEnergies","maxPowerKw":17,"isMegawatt":false,"status":"AVAILABLE","source":"ndw"}},{"type":"Feature","geometry":{"type":"Point","coordinates":[4.819965,52.276675]},"properties":{"type":"charge","layer":"passenger","locationId":"NLLOC011517","name":"NL, Cannenburgh 51, 1187 DC, Amstelveen","address":"Cannenburgh 51","city":"Amstelveen","operatorName":"Allego","maxPowerKw":11,"isMegawatt":false,"status":"CHARGING","source":"ndw","priceKwh":0.511}},{"type":"Feature","geometry":{"type":"Point","coordinates":[4.815481,52.276606]},"properties":{"type":"charge","layer":"passenger","locationId":"NLLOC007386","name":"NL, Jane Addamslaan 135, 1187DA, Amstelveen","address":"Jane Addamslaan 135","city":"Amstelveen","operatorName":"Allego","maxPowerKw":11,"isMegawatt":false,"status":"AVAILABLE","source":"ndw","priceKwh":0.511}},{"type":"Feature","geometry":{"type":"Point","coordinates":[4.856185,52.299571]},"properties":{"type":"charge","layer":"passenger","locationId":"8386c5aa-19b8-4085-949b-69274b3a5a00","name":"Ouderkerkerlaan","address":"Ouderkerkerlaan 50","city":"Amstelveen","operatorName":"Vattenfall InCharge","maxPowerKw":11,"isMegawatt":false,"status":"CHARGING","source":"ndw"}},{"type":"Feature","geometry":{"type":"Point","coordinates":[4.87557,52.30456]},"properties":{"type":"charge","layer":"passenger","locationId":"1caedfe6-5ba6-4e7d-97b3-771056a7a270","name":"TNLP008889 - Sinjeur Semeynsstraat 26, Amstelveen","address":"26 Sinjeur Semeynsstraat","city":"Amstelveen","operatorName":"TotalEnergies","maxPowerKw":14,"isMegawatt":false,"status":"AVAILABLE","source":"ndw"}},{"type":"Feature","geometry":{"type":"Point","coordinates":[4.86996,52.314283]},"properties":{"type":"charge","layer":"passenger","locationId":"ebefd7f3-a7bf-4819-ad94-4052930ea840","name":"Biesbosch","address":"Biesbosch 123","city":"Amstelveen","operatorName":"Vattenfall InCharge","maxPowerKw":11,"isMegawatt":false,"status":"AVAILABLE","source":"ndw"}},{"type":"Feature","geometry":{"type":"Point","coordinates":[4.852004,52.313243]},"properties":{"type":"charge","layer":"passenger","locationId":"65f15878c3345a001c134dd8","name":"Transparent Solutions 2","address":"Amsterdamseweg 206","city":"Amstelveen","operatorName":"E-Flux by Road","maxPowerKw":22,"isMegawatt":false,"status":"AVAILABLE","source":"ndw","priceKwh":0.36}},{"type":"Feature","geometry":{"type":"Point","coordinates":[4.828327,52.290481]},"properties":{"type":"charge","layer":"passenger","locationId":"6a370f41-3b24-43da-8d2d-bdb856d45afb","name":"Kuifeend 5","address":"Kuifeend 5","city":"Amstelveen","operatorName":"Vattenfall InCharge","maxPowerKw":11,"isMegawatt":false,"status":"AVAILABLE","source":"ndw"}},{"type":"Feature","geometry":{"type":"Point","coordinates":[4.867265,52.305216]},"properties":{"type":"charge","layer":"passenger","locationId":"NLLOC003436","name":"NLD, Amstelveen, Burgemeester Haspelslaan 131","address":"Burgemeester Haspelslaan 131","city":"Amstelveen","operatorName":"Allego","maxPowerKw":11,"isMegawatt":false,"status":"AVAILABLE","source":"ndw","priceKwh":0.511}},{"type":"Feature","geometry":{"type":"Point","coordinates":[4.876219,52.280745]},"properties":{"type":"charge","layer":"passenger","locationId":"6744996f52c0a73060d70dbd","name":"Loogman Amstelveen","address":"Afslag  1","city":"Amstelveen","operatorName":"E-Flux by Road","maxPowerKw":6,"isMegawatt":false,"status":"AVAILABLE","source":"ndw","priceKwh":0.58}},{"type":"Feature","geometry":{"type":"Point","coordinates":[4.851026,52.305104]},"properties":{"type":"charge","layer":"passenger","locationId":"0a2ace92-c823-451d-938a-aa5387ce3352","name":"Thorbeckelaan","address":"Thorbeckelaan 30","city":"Amstelveen","operatorName":"Vattenfall InCharge","maxPowerKw":11,"isMegawatt":false,"status":"AVAILABLE","source":"ndw"}},{"type":"Feature","geometry":{"type":"Point","coordinates":[4.848247,52.301501]},"properties":{"type":"charge","layer":"passenger","locationId":"a9306190-4d78-4388-99a1-933d38b329c2","name":"Ouderkerkerlaan","address":"Ouderkerkerlaan 1","city":"Amstelveen","operatorName":"Vattenfall InCharge","maxPowerKw":11,"isMegawatt":false,"status":"AVAILABLE","source":"ndw"}},{"type":"Feature","geometry":{"type":"Point","coordinates":[4.841599,52.288695]},"properties":{"type":"charge","layer":"passenger","locationId":"6315c263f9ac90630ebe7c4a","name":"Splinter Beheer station 1","address":"Binderij 1 a","city":"Amstelveen","operatorName":"E-Flux by Road","maxPowerKw":11,"isMegawatt":false,"status":"AVAILABLE","source":"ndw","priceKwh":0.44}},{"type":"Feature","geometry":{"type":"Point","coordinates":[4.86288,52.30119]},"properties":{"type":"charge","layer":"passenger","locationId":"424438245a94f32df693921ca27a604d","name":"Meander 493","address":"Meander 493","city":"Amstelveen","operatorName":"Vattenfall InCharge","maxPowerKw":11,"isMegawatt":false,"status":"AVAILABLE","source":"ndw"}},{"type":"Feature","geometry":{"type":"Point","coordinates":[4.822837,52.273489]},"properties":{"type":"charge","layer":"passenger","locationId":"262bc9e3d42ccd205e0859c54b722b5a","name":"Renate Rubinsteinlaan 29","address":"Renate Rubinsteinlaan 29","city":"Amstelveen","operatorName":"Vattenfall InCharge","maxPowerKw":11,"isMegawatt":false,"status":"AVAILABLE","source":"ndw"}},{"type":"Feature","geometry":{"type":"Point","coordinates":[4.87943,52.3076]},"properties":{"type":"charge","layer":"passenger","locationId":"1208a728707af5955a7f06712bc9ed45","name":"Den Bloeyenden Wijngaerdt 9","address":"Den Bloeyenden Wijngaerdt 9","city":"Amstelveen","operatorName":"Vattenfall InCharge","maxPowerKw":11,"isMegawatt":false,"status":"CHARGING","source":"ndw"}},{"type":"Feature","geometry":{"type":"Point","coordinates":[4.85368,52.31553]},"properties":{"type":"charge","layer":"passenger","locationId":"c137c5bc-6072-4ddb-8ed8-21d66e36a126","name":"Amsterdamseweg 358","address":"Amsterdamseweg 358","city":"Amstelveen","operatorName":"Vattenfall InCharge","maxPowerKw":22,"isMegawatt":false,"status":"AVAILABLE","source":"ndw"}},{"type":"Feature","geometry":{"type":"Point","coordinates":[4.85949,52.32172]},"properties":{"type":"charge","layer":"passenger","locationId":"441d9f96d71210fcfbeadc8a870df5ea","name":"Kalfjeslaan 25","address":"Kalfjeslaan 25","city":"Amstelveen","operatorName":"Vattenfall InCharge","maxPowerKw":11,"isMegawatt":false,"status":"AVAILABLE","source":"ndw"}},{"type":"Feature","geometry":{"type":"Point","coordinates":[4.862762,52.279502]},"properties":{"type":"charge","layer":"passenger","locationId":"08966a6c-1d28-4694-a74b-ffd913181c0a","name":"Parlevinker","address":"Parlevinker 13","city":"Amstelveen","operatorName":"Vattenfall InCharge","maxPowerKw":11,"isMegawatt":false,"status":"AVAILABLE","source":"ndw"}},{"type":"Feature","geometry":{"type":"Point","coordinates":[4.858898,52.309576]},"properties":{"type":"charge","layer":"passenger","locationId":"f2e05ca20884027ffb3ba93990522ab5","name":"Van IJsselsteinlaan 16","address":"Van IJsselsteinlaan 16","city":"Amstelveen","operatorName":"Vattenfall InCharge","maxPowerKw":11,"isMegawatt":false,"status":"AVAILABLE","source":"ndw"}},{"type":"Feature","geometry":{"type":"Point","coordinates":[4.834489,52.290985]},"properties":{"type":"charge","layer":"passenger","locationId":"6a2af716566595721ae45f6b","name":"KK's station","address":"Betje wolfflaan 15","city":"Amstelveen","operatorName":"E-Flux by Road","maxPowerKw":11,"isMegawatt":false,"status":"AVAILABLE","source":"ndw","priceKwh":0.35}},{"type":"Feature","geometry":{"type":"Point","coordinates":[4.873773,52.314197]},"properties":{"type":"charge","layer":"passenger","locationId":"ee676bbd-7a13-4088-830c-858435652caf","name":"Eleanor Rooseveltlaan","address":"Eleanor Rooseveltlaan 140","city":"Amstelveen","operatorName":"Vattenfall InCharge","maxPowerKw":11,"isMegawatt":false,"status":"AVAILABLE","source":"ndw"}},{"type":"Feature","geometry":{"type":"Point","coordinates":[4.820789,52.282865]},"properties":{"type":"charge","layer":"passenger","locationId":"b8393bbc-3d5b-4533-9cdd-1a6e1fbebc74","name":"Boschplaat","address":"Boschplaat 51","city":"Amstelveen","operatorName":"Vattenfall InCharge","maxPowerKw":11,"isMegawatt":false,"status":"AVAILABLE","source":"ndw"}},{"type":"Feature","geometry":{"type":"MultiPolygon","coordinates":[[[[4.855942089336031,52.33025539600282],[4.856523040095824,52.32941414623517],[4.856390665783193,52.32493052843481],[4.856334027736575,52.321762382530224],[4.856466106942343,52.321765060075634],[4.856754537859513,52.32141348358024],[4.85759982795628,52.32142191588317],[4.857641142592565,52.32173656820602],[4.861485192516031,52.3218028436442],[4.869141732401486,52.32193302377007],[4.869143280993633,52.321933050322166],[4.869354509271267,52.32193684818114],[4.878106870481032,52.32209221603622],[4.878117132838045,52.32209239769438],[4.882176518107963,52.32216419164449],[4.8930078117358,52.322369668626386],[4.894915115418664,52.32242125419541],[4.89515791270785,52.3224065084667],[4.896291139808407,52.322420005096866],[4.898280078924382,52.32164412037654],[4.902531825411115,52.321324500137585],[4.907839989393826,52.31950500193102],[4.90913472257084,52.31825335673702],[4.905411554497441,52.31600545928934],[4.906066107140402,52.313914279125],[4.905254713056143,52.31068447464572],[4.90781143288072,52.30700313688191],[4.904091271982233,52.303713010100154],[4.899605476081922,52.30098128966491],[4.898565800919053,52.29934226944301],[4.901175254729259,52.29698596926924],[4.9010177173103555,52.29607576588964],[4.892971335383201,52.29522420302243],[4.891779274998017,52.294703055231906],[4.891469053242025,52.294466429486775],[4.890913048501974,52.29149429956525],[4.8870743558316825,52.289738743983506],[4.887480834340121,52.28896760623243],[4.889770643325276,52.287918596626724],[4.8886713413358,52.28689878441209],[4.885325877828949,52.286496833436196],[4.884541939820145,52.284179851180426],[4.878783422966585,52.27890289364449],[4.881629586784928,52.27446322987916],[4.881578205602576,52.27208088763468],[4.879470178147436,52.26707601341783],[4.882344846558209,52.26403991971428],[4.879080387292519,52.26171297521875],[4.873273633594822,52.26060028405454],[4.873645710517663,52.25805330425491],[4.870669960070115,52.25485005688648],[4.870121456918425,52.25328261331767],[4.868779368852733,52.25169880849903],[4.866113560127278,52.250988742205365],[4.86062114156089,52.248217285424985],[4.85752204054625,52.247723534052646],[4.8565352528985954,52.24627623772671],[4.855291294790591,52.24555644676876],[4.85493822956994,52.2421461102422],[4.85205362023979,52.242013981938335],[4.843772501581477,52.24566592592451],[4.83476390552052,52.24982444966226],[4.824836081608983,52.25274905402934],[4.8075246669463025,52.25757396545329],[4.795319267589755,52.260984466215426],[4.794697687931669,52.26068221451098],[4.795571802373267,52.261554960084226],[4.800626101265315,52.26605424086833],[4.806862390129236,52.2730959944497],[4.810220693957955,52.27680812304682],[4.8149537326411656,52.28142856622701],[4.8191044653606205,52.285473263711005],[4.823827085738676,52.29001570980026],[4.823842256693048,52.29054023209479],[4.822402283281125,52.29202399267475],[4.809883549285995,52.30577641823565],[4.817075190636203,52.3118208889773],[4.817152433981392,52.31196717331174],[4.816123867609106,52.31349149005807],[4.819061389651349,52.323318583563946],[4.818752187798921,52.32556050286256],[4.825178425742356,52.325731251179135],[4.839404889431591,52.32735956540344],[4.83947608181141,52.32914589608289],[4.840475295502448,52.32957654623587],[4.843960546256077,52.33021867404135],[4.845111586163631,52.32973486258326],[4.847623136468603,52.330071453737126],[4.847987086767925,52.33056705415223],[4.855942089336031,52.33025539600282]]]]},"properties":{"type":"boundary","gemeente":"Amstelveen","code":"GM0362"}}]}