{"type":"FeatureCollection","metadata":{"gemeente":"Amsterdam","slug":"amsterdam","code":"GM0363","generated_at":"2026-07-06T16:26:11.361Z","total_passenger":1783,"total_freight":6,"bounds":[4.728758226044917,52.27797695285002,5.107673843912598,52.431063954001914],"operators":["Allego","Alva Charging Services","Blink Charging","ChargePoint","Company Reseller","DAEN Mobility","E-Flux by Road","EQUANS","Eneco","Fastned","Fleet Charge Services","Greenchoice B.V.","Heijmans","IPCharging","Interparking Netherlands","Kia Nederland B.V.","Laadnet","Lanova Laadpalen","Lidl","MIP BV","Merin","NRG Group","NRG Mobility","NXT50Five","Opcharge","Optiload","Pluq","Porsche Sales & Marketplace","PowerGo","Q-Park Netherlands","Renault","Rockfield Real Estate","Shell Recharge","Smart Grid Monitor","Spirii","Tanx","TotalEnergies","Valk Energy","Vattenfall InCharge","bp pulse","e-VOLTT"]},"features":[{"type":"Feature","geometry":{"type":"Point","coordinates":[4.855134,52.35895]},"properties":{"type":"charge","layer":"passenger","locationId":"19e4f4af-181c-46ee-bd21-5bbf22b76fd5","name":"TNLP011088 - Paramaribostraat 1, Amsterdam","address":"1 Paramaribostraat","city":"Amsterdam","operatorName":"TotalEnergies","maxPowerKw":17,"isMegawatt":false,"status":"CHARGING","source":"ndw"}},{"type":"Feature","geometry":{"type":"Point","coordinates":[4.855232,52.361607]},"properties":{"type":"charge","layer":"passenger","locationId":"a8e0941f-190d-43b4-a002-d60089e19d5e","name":"TNLP010445 - Bonairestraat 61, Amsterdam","address":"61 Bonairestraat","city":"Amsterdam","operatorName":"TotalEnergies","maxPowerKw":17,"isMegawatt":false,"status":"CHARGING","source":"ndw"}},{"type":"Feature","geometry":{"type":"Point","coordinates":[4.799569,52.377872]},"properties":{"type":"charge","layer":"passenger","locationId":"36d245dc-5ad8-4d60-b1b1-4ff45d8fb839","name":"TNLP010264 - Leenhofstraat 11, Amsterdam","address":"11 Leenhofstraat","city":"Amsterdam","operatorName":"TotalEnergies","maxPowerKw":17,"isMegawatt":false,"status":"AVAILABLE","source":"ndw"}},{"type":"Feature","geometry":{"type":"Point","coordinates":[4.861725,52.360134]},"properties":{"type":"charge","layer":"passenger","locationId":"bb5c19b7-eb47-438b-bd5f-aef996136e3e","name":"TNLP010085 - Eerste Helmersstraat 220, Amsterdam","address":"220 Eerste Helmersstraat","city":"Amsterdam","operatorName":"TotalEnergies","maxPowerKw":17,"isMegawatt":false,"status":"AVAILABLE","source":"ndw"}},{"type":"Feature","geometry":{"type":"Point","coordinates":[4.804054,52.357582]},"properties":{"type":"charge","layer":"passenger","locationId":"7df5760f-fa0a-4a1f-8011-709e5dd1e9e3","name":"TNLP010541 - Osdorpplein 522, Amsterdam","address":"522 Osdorpplein","city":"Amsterdam","operatorName":"TotalEnergies","maxPowerKw":17,"isMegawatt":false,"status":"CHARGING","source":"ndw"}},{"type":"Feature","geometry":{"type":"Point","coordinates":[4.901167,52.40586]},"properties":{"type":"charge","layer":"passenger","locationId":"977f2707-e829-43a3-9042-f4b7764008fc","name":"TNLP010326 - Boomgaardlaan 30, Amsterdam","address":"30 Boomgaardlaan","city":"Amsterdam","operatorName":"TotalEnergies","maxPowerKw":17,"isMegawatt":false,"status":"AVAILABLE","source":"ndw"}},{"type":"Feature","geometry":{"type":"Point","coordinates":[5.02478,52.31007]},"properties":{"type":"charge","layer":"passenger","locationId":"e48fd039-d895-42a0-8e1e-c12ef667042c","name":"TNLP011668 - Aquamarin 66, Weesp","address":"66 Aquamarin","city":"Weesp","operatorName":"TotalEnergies","maxPowerKw":17,"isMegawatt":false,"status":"AVAILABLE","source":"ndw"}},{"type":"Feature","geometry":{"type":"Point","coordinates":[4.917931,52.364067]},"properties":{"type":"charge","layer":"passenger","locationId":"e4ba7cf1-070a-4d6f-b67f-2b790f2da9f5","name":"TNLP011332 - Plantage Muidergracht 163, Amsterdam","address":"163 Plantage Muidergracht","city":"Amsterdam","operatorName":"TotalEnergies","maxPowerKw":17,"isMegawatt":false,"status":"AVAILABLE","source":"ndw"}},{"type":"Feature","geometry":{"type":"Point","coordinates":[4.858858,52.345547]},"properties":{"type":"charge","layer":"passenger","locationId":"e5ab07fb-8b8c-45bc-8722-30e7670cff82","name":"TNLP011851 - Stadionweg 324, Amsterdam","address":"324 Stadionweg","city":"Amsterdam","operatorName":"TotalEnergies","maxPowerKw":17,"isMegawatt":false,"status":"AVAILABLE","source":"ndw"}},{"type":"Feature","geometry":{"type":"Point","coordinates":[4.890658,52.381775]},"properties":{"type":"charge","layer":"passenger","locationId":"9fa4333b-ba29-41d2-9ef1-2ea51b510595","name":"TNLP010194 - Haarlemmer Houttuinen 189, Amsterdam","address":"189 Haarlemmer Houttuinen","city":"Amsterdam","operatorName":"TotalEnergies","maxPowerKw":17,"isMegawatt":false,"status":"CHARGING","source":"ndw"}},{"type":"Feature","geometry":{"type":"Point","coordinates":[4.884721,52.4066]},"properties":{"type":"charge","layer":"passenger","locationId":"ef08358a-27f0-469c-9ac1-2e299d2ef5be","name":"Laadplein - TNLP010210 - tt. Melissaweg 47, Amsterdam","address":"47 tt. Melissaweg","city":"Amsterdam","operatorName":"TotalEnergies","maxPowerKw":17,"isMegawatt":false,"status":"AVAILABLE","source":"ndw"}},{"type":"Feature","geometry":{"type":"Point","coordinates":[5.03512,52.30808]},"properties":{"type":"charge","layer":"passenger","locationId":"75617f7e-2788-4676-92d6-ae453c7ad135","name":"TNLP011572 - Buitenveer 35, Weesp","address":"35 Buitenveer","city":"Weesp","operatorName":"TotalEnergies","maxPowerKw":17,"isMegawatt":false,"status":"CHARGING","source":"ndw"}},{"type":"Feature","geometry":{"type":"Point","coordinates":[4.891428,52.383682]},"properties":{"type":"charge","layer":"passenger","locationId":"ef0e7fbe-0a1f-486a-b097-5aa0a44b7691","name":"TNLP011506 - Westerdok 4, Amsterdam","address":"4 Westerdok","city":"Amsterdam","operatorName":"TotalEnergies","maxPowerKw":17,"isMegawatt":false,"status":"AVAILABLE","source":"ndw"}},{"type":"Feature","geometry":{"type":"Point","coordinates":[4.95142,52.399914]},"properties":{"type":"charge","layer":"passenger","locationId":"a1e588c7-ecc1-442d-ad84-35df1a99df9d","name":"TNLP010020 - Jisperveldstraat 504, Amsterdam","address":"504 Jisperveldstraat","city":"Amsterdam","operatorName":"TotalEnergies","maxPowerKw":17,"isMegawatt":false,"status":"AVAILABLE","source":"ndw"}},{"type":"Feature","geometry":{"type":"Point","coordinates":[4.788535,52.357456]},"properties":{"type":"charge","layer":"passenger","locationId":"7bb3db77-4298-46c2-9088-adcfcae19782","name":"TNLP011075 - Langswater 534, Amsterdam","address":"534 Langswater","city":"Amsterdam","operatorName":"TotalEnergies","maxPowerKw":17,"isMegawatt":false,"status":"AVAILABLE","source":"ndw"}},{"type":"Feature","geometry":{"type":"Point","coordinates":[4.906112,52.341015]},"properties":{"type":"charge","layer":"passenger","locationId":"befa018f-c11e-48b9-9450-597f724ad8b6","name":"TNLP011487 - Kuinderstraat 54, Amsterdam","address":"54 Kuinderstraat","city":"Amsterdam","operatorName":"TotalEnergies","maxPowerKw":17,"isMegawatt":false,"status":"CHARGING","source":"ndw"}},{"type":"Feature","geometry":{"type":"Point","coordinates":[4.799536,52.38093]},"properties":{"type":"charge","layer":"passenger","locationId":"ca25e085-aded-4f42-a76b-08969e058903","name":"TNLP011404 - Jan de Greefstraat 31, Amsterdam","address":"31 Jan de Greefstraat","city":"Amsterdam","operatorName":"TotalEnergies","maxPowerKw":17,"isMegawatt":false,"status":"AVAILABLE","source":"ndw"}},{"type":"Feature","geometry":{"type":"Point","coordinates":[4.788988,52.356617]},"properties":{"type":"charge","layer":"passenger","locationId":"03cddaff-ad36-4dea-80df-0e51cd435980","name":"TNLP010058 - Langswater 401, Amsterdam","address":"401 Langswater","city":"Amsterdam","operatorName":"TotalEnergies","maxPowerKw":17,"isMegawatt":false,"status":"AVAILABLE","source":"ndw"}},{"type":"Feature","geometry":{"type":"Point","coordinates":[4.92168,52.41376]},"properties":{"type":"charge","layer":"passenger","locationId":"46a5bbcc-3bd5-4d73-96fe-d26cd9fb2655","name":"Laadplein - TNLP010218 - Vlaggemast 2, Amsterdam","address":"2 Vlaggemast","city":"Amsterdam","operatorName":"TotalEnergies","maxPowerKw":17,"isMegawatt":false,"status":"AVAILABLE","source":"ndw"}},{"type":"Feature","geometry":{"type":"Point","coordinates":[4.85896,52.34943]},"properties":{"type":"charge","layer":"passenger","locationId":"955e0da7-e1f9-4756-8de1-b2e63df04860","name":"TNLP010509 - Bertelmanplein 18, Amsterdam","address":"18 Bertelmanplein","city":"Amsterdam","operatorName":"TotalEnergies","maxPowerKw":17,"isMegawatt":false,"status":"AVAILABLE","source":"ndw"}},{"type":"Feature","geometry":{"type":"Point","coordinates":[4.876781,52.399258]},"properties":{"type":"charge","layer":"passenger","locationId":"OST20P0044_0002_6","name":"OST20P0044_0002_6","address":"Danzigerkade 15","city":"Amsterdam","operatorName":"e-VOLTT","maxPowerKw":21,"isMegawatt":false,"status":"AVAILABLE","source":"ndw","priceKwh":0.32}},{"type":"Feature","geometry":{"type":"Point","coordinates":[4.876813,52.333504]},"properties":{"type":"charge","layer":"passenger","locationId":"a316ec41-a351-44ab-9545-83412f42d3be","name":"TNLP010631 - Frieslandstraat 127, Amsterdam","address":"127 Frieslandstraat","city":"Amsterdam","operatorName":"TotalEnergies","maxPowerKw":17,"isMegawatt":false,"status":"AVAILABLE","source":"ndw"}},{"type":"Feature","geometry":{"type":"Point","coordinates":[4.909587,52.357616]},"properties":{"type":"charge","layer":"passenger","locationId":"9af975a8-4478-4015-8452-3d96d134ac4e","name":"TNLP010112 - Wibautstraat 24, Amsterdam","address":"24 Wibautstraat","city":"Amsterdam","operatorName":"TotalEnergies","maxPowerKw":17,"isMegawatt":false,"status":"CHARGING","source":"ndw"}},{"type":"Feature","geometry":{"type":"Point","coordinates":[4.91948,52.346347]},"properties":{"type":"charge","layer":"passenger","locationId":"59B1E873-E696-4F9F-B556-C8068413EB70","name":"Q-Park Amsterdam Amstel","address":"Julianaplein 1","city":"Amsterdam","operatorName":"Q-Park Netherlands","maxPowerKw":11,"isMegawatt":false,"status":"AVAILABLE","source":"ndw"}},{"type":"Feature","geometry":{"type":"Point","coordinates":[4.86301,52.343678]},"properties":{"type":"charge","layer":"passenger","locationId":"686d9feb-a7cf-4623-8d6d-cfbc5895d9f8","name":"TNLP011021 - Donarstraat 7, Amsterdam","address":"7 Donarstraat","city":"Amsterdam","operatorName":"TotalEnergies","maxPowerKw":17,"isMegawatt":false,"status":"AVAILABLE","source":"ndw"}},{"type":"Feature","geometry":{"type":"Point","coordinates":[4.85254,52.38091]},"properties":{"type":"charge","layer":"passenger","locationId":"9fe8266f-06c0-4d44-8839-84a35d021f7e","name":"TNLP011188 - Hertspieghelweg 36, Amsterdam","address":"36 Hertspieghelweg","city":"Amsterdam","operatorName":"TotalEnergies","maxPowerKw":17,"isMegawatt":false,"status":"AVAILABLE","source":"ndw"}},{"type":"Feature","geometry":{"type":"Point","coordinates":[4.876107,52.349064]},"properties":{"type":"charge","layer":"passenger","locationId":"394273be-69e0-4132-979f-c9969c182e57","name":"TNLP010055 - Gerrit van der Veenstraat 84, Amsterdam","address":"84 Gerrit van der Veenstraat","city":"Amsterdam","operatorName":"TotalEnergies","maxPowerKw":17,"isMegawatt":false,"status":"AVAILABLE","source":"ndw"}},{"type":"Feature","geometry":{"type":"Point","coordinates":[4.782381,52.34819]},"properties":{"type":"charge","layer":"passenger","locationId":"e5f0821e-0d3a-4469-b5d1-8ad6a05ed7d8","name":"TNLP011288 - Balatonmeerlaan 10, Amsterdam","address":"10 Balatonmeerlaan","city":"Amsterdam","operatorName":"TotalEnergies","maxPowerKw":17,"isMegawatt":false,"status":"AVAILABLE","source":"ndw"}},{"type":"Feature","geometry":{"type":"Point","coordinates":[4.847029,52.379436]},"properties":{"type":"charge","layer":"passenger","locationId":"fb5e9083-a33b-41dd-b3f7-bd3e9ff2a154","name":"TNLP010941 - Gulden Winckelplantsoen 42, Amsterdam","address":"42 Gulden Winckelplantsoen","city":"Amsterdam","operatorName":"TotalEnergies","maxPowerKw":17,"isMegawatt":false,"status":"AVAILABLE","source":"ndw"}},{"type":"Feature","geometry":{"type":"Point","coordinates":[4.801055,52.361317]},"properties":{"type":"charge","layer":"passenger","locationId":"1e4c4cc9-e93e-48b8-80e8-a79f6555cc32","name":"TNLP011352 - Beek en Hoff 18, Amsterdam","address":"18 Beek en Hoff","city":"Amsterdam","operatorName":"TotalEnergies","maxPowerKw":17,"isMegawatt":false,"status":"AVAILABLE","source":"ndw"}},{"type":"Feature","geometry":{"type":"Point","coordinates":[4.825881,52.379253]},"properties":{"type":"charge","layer":"passenger","locationId":"01e34aae-a15a-4fb0-928c-50a4ea78cf85","name":"TNLP011460 - Jan de Jonghstraat 11, Amsterdam","address":"11 Jan de Jonghstraat","city":"Amsterdam","operatorName":"TotalEnergies","maxPowerKw":17,"isMegawatt":false,"status":"AVAILABLE","source":"ndw"}},{"type":"Feature","geometry":{"type":"Point","coordinates":[4.778992,52.391817]},"properties":{"type":"charge","layer":"passenger","locationId":"NLLOC002967","name":"Allego - Amsterdam NW Tijnmuiden A5","address":"Tijnmuiden 53","city":"Amsterdam","operatorName":"Allego","maxPowerKw":150,"isMegawatt":false,"status":"AVAILABLE","source":"ndw","priceKwh":0.655}},{"type":"Feature","geometry":{"type":"Point","coordinates":[4.83634,52.35948]},"properties":{"type":"charge","layer":"passenger","locationId":"NLENV306","name":"Amsterdam, Jan Tooropstraat 1-7 E10733 Amvest y","address":"Jan Tooropstraat 1","city":"Amsterdam","operatorName":"","maxPowerKw":11,"isMegawatt":false,"status":"AVAILABLE","source":"ndw","priceKwh":0.5}},{"type":"Feature","geometry":{"type":"Point","coordinates":[4.846731,52.3934]},"properties":{"type":"charge","layer":"passenger","locationId":"NLENV450","name":"Amsterdam, Kabelweg 39 - 47","address":"Kabelweg 39 - 47","city":"Amsterdam","operatorName":"","maxPowerKw":40,"isMegawatt":false,"status":"AVAILABLE","source":"ndw","priceKwh":0.5}},{"type":"Feature","geometry":{"type":"Point","coordinates":[4.860268,52.343685]},"properties":{"type":"charge","layer":"passenger","locationId":"505b12f8-251a-404d-ae17-b66dd5a9532c","name":"TNLP010198 - Jasonstraat 28, Amsterdam","address":"28 Jasonstraat","city":"Amsterdam","operatorName":"TotalEnergies","maxPowerKw":17,"isMegawatt":false,"status":"CHARGING","source":"ndw"}},{"type":"Feature","geometry":{"type":"Point","coordinates":[4.884465,52.384946]},"properties":{"type":"charge","layer":"passenger","locationId":"NLLOC021192","name":"NLD, Amsterdam, Haarlemmer Houttuinen 549","address":"Haarlemmer Houttuinen 549","city":"Amsterdam","operatorName":"Allego","maxPowerKw":22,"isMegawatt":false,"status":"AVAILABLE","source":"ndw","priceKwh":0.495}},{"type":"Feature","geometry":{"type":"Point","coordinates":[4.876781,52.399258]},"properties":{"type":"charge","layer":"passenger","locationId":"OST20P0044_0002_3","name":"OST20P0044_0002_3","address":"Danzigerkade 15","city":"Amsterdam","operatorName":"e-VOLTT","maxPowerKw":21,"isMegawatt":false,"status":"AVAILABLE","source":"ndw","priceKwh":0.32}},{"type":"Feature","geometry":{"type":"Point","coordinates":[4.848565,52.35419]},"properties":{"type":"charge","layer":"passenger","locationId":"679f5d03-30b7-43e6-961b-8797816a46b4","name":"TNLP010128 - Groenendaalstraat 4, Amsterdam","address":"4 Groenendaalstraat","city":"Amsterdam","operatorName":"TotalEnergies","maxPowerKw":17,"isMegawatt":false,"status":"AVAILABLE","source":"ndw"}},{"type":"Feature","geometry":{"type":"Point","coordinates":[4.942717,52.340263]},"properties":{"type":"charge","layer":"passenger","locationId":"d6e2fe4c-4985-4b78-a3dc-917a69fe04bf","name":"TNLP010966 - Brink 24, Amsterdam","address":"24 Brink","city":"Amsterdam","operatorName":"TotalEnergies","maxPowerKw":17,"isMegawatt":false,"status":"CHARGING","source":"ndw"}},{"type":"Feature","geometry":{"type":"Point","coordinates":[4.876359,52.354465]},"properties":{"type":"charge","layer":"passenger","locationId":"3a0e537b-a286-41ec-b969-c349d9f82600","name":"TNLP010235 - Jacob Obrechtstraat 56, Amsterdam","address":"56 Jacob Obrechtstraat","city":"Amsterdam","operatorName":"TotalEnergies","maxPowerKw":17,"isMegawatt":false,"status":"AVAILABLE","source":"ndw"}},{"type":"Feature","geometry":{"type":"Point","coordinates":[4.849719,52.3556]},"properties":{"type":"charge","layer":"passenger","locationId":"63bc68ac-78e1-47d8-a065-00120c2d732a","name":"TNLP011540 - Albert Neuhuysstraat 40, Amsterdam","address":"40 Albert Neuhuysstraat","city":"Amsterdam","operatorName":"TotalEnergies","maxPowerKw":17,"isMegawatt":false,"status":"AVAILABLE","source":"ndw"}},{"type":"Feature","geometry":{"type":"Point","coordinates":[4.94938,52.325775]},"properties":{"type":"charge","layer":"passenger","locationId":"04ff73a5-e677-4015-b555-da474b4956c1","name":"TNLP010551 - Dantestraat 184, Amsterdam","address":"184 Dantestraat","city":"Amsterdam","operatorName":"TotalEnergies","maxPowerKw":17,"isMegawatt":false,"status":"AVAILABLE","source":"ndw"}},{"type":"Feature","geometry":{"type":"Point","coordinates":[4.866162,52.384537]},"properties":{"type":"charge","layer":"passenger","locationId":"AF2E98E7-1B00-46B4-B2D8-4863A855520D","name":"Q-Park Amsterdam Westergasfabriek","address":"Van Bleiswijkstraat 8","city":"Amsterdam","operatorName":"Q-Park Netherlands","maxPowerKw":11,"isMegawatt":false,"status":"AVAILABLE","source":"ndw"}},{"type":"Feature","geometry":{"type":"Point","coordinates":[4.853208,52.36841]},"properties":{"type":"charge","layer":"passenger","locationId":"54902791-97cd-4dd6-a9aa-70424a09a8ed","name":"TNLP010739 - Baffinstraat 28, Amsterdam","address":"28 Baffinstraat","city":"Amsterdam","operatorName":"TotalEnergies","maxPowerKw":17,"isMegawatt":false,"status":"UNAVAILABLE","source":"ndw"}},{"type":"Feature","geometry":{"type":"Point","coordinates":[4.914019,52.408634]},"properties":{"type":"charge","layer":"passenger","locationId":"6ef3d6b4-959d-4af2-9338-57ba925bd9c0","name":"TNLP011018 - Crabschuytstraat 3, Amsterdam","address":"3 Crabschuytstraat","city":"Amsterdam","operatorName":"TotalEnergies","maxPowerKw":17,"isMegawatt":false,"status":"AVAILABLE","source":"ndw"}},{"type":"Feature","geometry":{"type":"Point","coordinates":[4.835919,52.366577]},"properties":{"type":"charge","layer":"passenger","locationId":"2f3548e1-bcb2-410a-a8c6-0faada747c58","name":"TNLP011074 - Karel Klinkenbergstraat 1, Amsterdam","address":"1 Karel Klinkenbergstraat","city":"Amsterdam","operatorName":"TotalEnergies","maxPowerKw":17,"isMegawatt":false,"status":"AVAILABLE","source":"ndw"}},{"type":"Feature","geometry":{"type":"Point","coordinates":[4.918839,52.40684]},"properties":{"type":"charge","layer":"passenger","locationId":"a4571ccd-f6a9-42e8-8f58-81146c0859ef","name":"TNLP010527 - Banneplein 1, Amsterdam","address":"1 Banneplein","city":"Amsterdam","operatorName":"TotalEnergies","maxPowerKw":17,"isMegawatt":false,"status":"AVAILABLE","source":"ndw"}},{"type":"Feature","geometry":{"type":"Point","coordinates":[4.876781,52.399258]},"properties":{"type":"charge","layer":"passenger","locationId":"OST20P0044_0003_4","name":"OST20P0044_0003_4","address":"Danzigerkade 15","city":"Amsterdam","operatorName":"e-VOLTT","maxPowerKw":21,"isMegawatt":false,"status":"AVAILABLE","source":"ndw","priceKwh":0.32}},{"type":"Feature","geometry":{"type":"Point","coordinates":[4.893612,52.376854]},"properties":{"type":"charge","layer":"passenger","locationId":"94374988-39ba-4695-bc84-3f3ea4ef49d7","name":"TNLP010461 - Spuistraat 17, Amsterdam","address":"17 Spuistraat","city":"Amsterdam","operatorName":"TotalEnergies","maxPowerKw":17,"isMegawatt":false,"status":"UNAVAILABLE","source":"ndw"}},{"type":"Feature","geometry":{"type":"Point","coordinates":[4.839677,52.374695]},"properties":{"type":"charge","layer":"passenger","locationId":"4d0d7dec-c8e9-4229-b4be-2a343d1dc01b","name":"TNLP011032 - Fanny Blankers-Koenlaan 18, Amsterdam","address":"18 Fanny Blankers-Koenlaan","city":"Amsterdam","operatorName":"TotalEnergies","maxPowerKw":17,"isMegawatt":false,"status":"AVAILABLE","source":"ndw"}},{"type":"Feature","geometry":{"type":"Point","coordinates":[4.884338,52.386116]},"properties":{"type":"charge","layer":"passenger","locationId":"b420733c-a428-472a-8ade-d0b442efa21d","name":"TNLP010902 - Planciusstraat 63, Amsterdam","address":"63 Planciusstraat","city":"Amsterdam","operatorName":"TotalEnergies","maxPowerKw":17,"isMegawatt":false,"status":"AVAILABLE","source":"ndw"}},{"type":"Feature","geometry":{"type":"Point","coordinates":[4.923935,52.368366]},"properties":{"type":"charge","layer":"passenger","locationId":"eee0dc34-2fa2-47d9-a910-5f2807b47dc7","name":"TNLP010173 - Admiraliteitstraat 25, Amsterdam","address":"25 Admiraliteitstraat","city":"Amsterdam","operatorName":"TotalEnergies","maxPowerKw":17,"isMegawatt":false,"status":"AVAILABLE","source":"ndw"}},{"type":"Feature","geometry":{"type":"Point","coordinates":[4.804121,52.377647]},"properties":{"type":"charge","layer":"passenger","locationId":"c1996486-7808-4fd1-89c2-eb40cab7ce6c","name":"TNLP010636 - Dirk Sonoystraat 171, Amsterdam","address":"171 Dirk Sonoystraat","city":"Amsterdam","operatorName":"TotalEnergies","maxPowerKw":17,"isMegawatt":false,"status":"CHARGING","source":"ndw"}},{"type":"Feature","geometry":{"type":"Point","coordinates":[4.928197,52.395206]},"properties":{"type":"charge","layer":"passenger","locationId":"0b620329-70ed-47ee-b8b5-da320c743a6d","name":"TNLP010992 - Rode Kruisstraat 79, Amsterdam","address":"79 Rode Kruisstraat","city":"Amsterdam","operatorName":"TotalEnergies","maxPowerKw":17,"isMegawatt":false,"status":"AVAILABLE","source":"ndw"}},{"type":"Feature","geometry":{"type":"Point","coordinates":[4.912609,52.35244]},"properties":{"type":"charge","layer":"passenger","locationId":"A1C041ED-2400-49DC-9B55-C62196C79073","name":"TNLP010460","address":"Graaf Florisstraat 16","city":"Amsterdam","operatorName":"TotalEnergies","maxPowerKw":17,"isMegawatt":false,"status":"CHARGING","source":"ndw"}},{"type":"Feature","geometry":{"type":"Point","coordinates":[4.868549,52.381393]},"properties":{"type":"charge","layer":"passenger","locationId":"76fe3282-c2d6-4ce1-bd86-2c3392924710","name":"TNLP011073 - Van Bossestraat 28, Amsterdam","address":"28 Van Bossestraat","city":"Amsterdam","operatorName":"TotalEnergies","maxPowerKw":17,"isMegawatt":false,"status":"AVAILABLE","source":"ndw"}},{"type":"Feature","geometry":{"type":"Point","coordinates":[4.904209,52.356617]},"properties":{"type":"charge","layer":"passenger","locationId":"cdabfdaa-6726-4882-8b5f-bed6a1d1ac09","name":"TNLP011013 - Tweede Jan van der Heijdenstraat 103, Amsterdam","address":"103 Tweede Jan van der Heijdenstraat","city":"Amsterdam","operatorName":"TotalEnergies","maxPowerKw":17,"isMegawatt":false,"status":"CHARGING","source":"ndw"}},{"type":"Feature","geometry":{"type":"Point","coordinates":[4.875365,52.37996]},"properties":{"type":"charge","layer":"passenger","locationId":"3b7909c7-0419-4e25-b306-07400966feea","name":"TNLP010545 - Gerard Schaepstraat 12, Amsterdam","address":"12 Gerard Schaepstraat","city":"Amsterdam","operatorName":"TotalEnergies","maxPowerKw":17,"isMegawatt":false,"status":"CHARGING","source":"ndw"}},{"type":"Feature","geometry":{"type":"Point","coordinates":[4.963141,52.319706]},"properties":{"type":"charge","layer":"passenger","locationId":"c987bcf5-3f66-4e9a-99e3-27546e59e94a","name":"TNLP010376 - Johanna Naberstraat 6, Amsterdam","address":"6 Johanna Naberstraat","city":"Amsterdam","operatorName":"TotalEnergies","maxPowerKw":17,"isMegawatt":false,"status":"AVAILABLE","source":"ndw"}},{"type":"Feature","geometry":{"type":"Point","coordinates":[4.99773,52.35653]},"properties":{"type":"charge","layer":"passenger","locationId":"d9bc58c2-32ce-46d0-8d11-78c20af3ad8e","name":"TNLP010453 - Erich Salomonstraat 332, Amsterdam","address":"332 Erich Salomonstraat","city":"Amsterdam","operatorName":"TotalEnergies","maxPowerKw":17,"isMegawatt":false,"status":"AVAILABLE","source":"ndw"}},{"type":"Feature","geometry":{"type":"Point","coordinates":[4.853241,52.345406]},"properties":{"type":"charge","layer":"passenger","locationId":"6e04b70b-c11b-4c48-8eff-387a8e0e4c7b","name":"TNLP011015 - Artemisstraat 102, Amsterdam","address":"102 Artemisstraat","city":"Amsterdam","operatorName":"TotalEnergies","maxPowerKw":17,"isMegawatt":false,"status":"AVAILABLE","source":"ndw"}},{"type":"Feature","geometry":{"type":"Point","coordinates":[4.788726,52.350727]},"properties":{"type":"charge","layer":"passenger","locationId":"21f75f11-83d1-49d4-b69d-64f29d6c2295","name":"TNLP011178 - Iwan Kantemanplein 18, Amsterdam","address":"18 Iwan Kantemanplein","city":"Amsterdam","operatorName":"TotalEnergies","maxPowerKw":17,"isMegawatt":false,"status":"CHARGING","source":"ndw"}},{"type":"Feature","geometry":{"type":"Point","coordinates":[4.877615,52.360176]},"properties":{"type":"charge","layer":"passenger","locationId":"77e25274-8b14-4bc4-99aa-adb3ec31a034","name":"TNLP011325 - Vossiusstraat 53, Amsterdam","address":"53 Vossiusstraat","city":"Amsterdam","operatorName":"TotalEnergies","maxPowerKw":17,"isMegawatt":false,"status":"AVAILABLE","source":"ndw"}},{"type":"Feature","geometry":{"type":"Point","coordinates":[4.957408,52.320576]},"properties":{"type":"charge","layer":"passenger","locationId":"1d28a1b3-46b8-4142-a222-b0663c26f15e","name":"TNLP011532 - Florijn 30A, Amsterdam","address":"30A Florijn","city":"Amsterdam","operatorName":"TotalEnergies","maxPowerKw":17,"isMegawatt":false,"status":"AVAILABLE","source":"ndw"}},{"type":"Feature","geometry":{"type":"Point","coordinates":[4.880226,52.362231]},"properties":{"type":"charge","layer":"passenger","locationId":"D391C55A-4ED4-41FA-B4AD-CA9F1801C0F7","name":"Q-Park Amsterdam Byzantium","address":"Tesselschadestraat 1G","city":"Amsterdam","operatorName":"Q-Park Netherlands","maxPowerKw":11,"isMegawatt":false,"status":"AVAILABLE","source":"ndw"}},{"type":"Feature","geometry":{"type":"Point","coordinates":[4.888682,52.389503]},"properties":{"type":"charge","layer":"passenger","locationId":"e503160d-ff0c-4b9a-a587-f397b49a76d0","name":"TNLP010324 - Roggeveenstraat 1, Amsterdam","address":"1 Roggeveenstraat","city":"Amsterdam","operatorName":"TotalEnergies","maxPowerKw":17,"isMegawatt":false,"status":"AVAILABLE","source":"ndw"}},{"type":"Feature","geometry":{"type":"Point","coordinates":[4.908227,52.34441]},"properties":{"type":"charge","layer":"passenger","locationId":"7c93c859-3da7-4f23-a847-c8685595822c","name":"TNLP011067 - Gaaspstraat 31, Amsterdam","address":"31 Gaaspstraat","city":"Amsterdam","operatorName":"TotalEnergies","maxPowerKw":17,"isMegawatt":false,"status":"AVAILABLE","source":"ndw"}},{"type":"Feature","geometry":{"type":"Point","coordinates":[4.797131,52.383675]},"properties":{"type":"charge","layer":"passenger","locationId":"bec53138-40c3-4017-8691-e59be16128c8","name":"TNLP010742 - Antoon Keldermansstraat 35, Amsterdam","address":"35 Antoon Keldermansstraat","city":"Amsterdam","operatorName":"TotalEnergies","maxPowerKw":17,"isMegawatt":false,"status":"CHARGING","source":"ndw"}},{"type":"Feature","geometry":{"type":"Point","coordinates":[5.008819,52.351902]},"properties":{"type":"charge","layer":"passenger","locationId":"d721cd34-b672-47ab-a1b1-f6c95f8a1840","name":"TNLP010874 - Marius Meijboomstraat 1, Amsterdam","address":"1 Marius Meijboomstraat","city":"Amsterdam","operatorName":"TotalEnergies","maxPowerKw":17,"isMegawatt":false,"status":"AVAILABLE","source":"ndw"}},{"type":"Feature","geometry":{"type":"Point","coordinates":[4.90083,52.38707]},"properties":{"type":"charge","layer":"passenger","locationId":"5E1AF02F-B3BA-427C-B84A-AF461C9923B7","name":"Eneco eMobility VvE Overhoeksblok B - Spadinalaan 35 Amsterdam","address":"Spadinalaan 35","city":"Amsterdam","operatorName":"Eneco","maxPowerKw":22,"isMegawatt":false,"status":"AVAILABLE","source":"ndw","priceKwh":0.29}},{"type":"Feature","geometry":{"type":"Point","coordinates":[5.042898,52.300087]},"properties":{"type":"charge","layer":"passenger","locationId":"08b0bc2c-8f58-488c-9780-d061194eb690","name":"TNLP011327 - De Hofstee 1, Weesp","address":"1 De Hofstee","city":"Weesp","operatorName":"TotalEnergies","maxPowerKw":17,"isMegawatt":false,"status":"CHARGING","source":"ndw"}},{"type":"Feature","geometry":{"type":"Point","coordinates":[4.945501,52.292076]},"properties":{"type":"charge","layer":"passenger","locationId":"50106","name":"Fastned Tafelbergweg","address":"Tafelbergweg 4","city":"Amsterdam","operatorName":"Fastned","maxPowerKw":300,"isMegawatt":false,"status":"AVAILABLE","source":"ndw","priceKwh":0.6364}},{"type":"Feature","geometry":{"type":"Point","coordinates":[4.902243,52.383803]},"properties":{"type":"charge","layer":"passenger","locationId":"OST24P0014_0074_4","name":"OST24P0014_0074_4","address":"Overhoeksplein 1","city":"Amsterdam","operatorName":"IPCharging","maxPowerKw":19,"isMegawatt":false,"status":"AVAILABLE","source":"ndw","priceKwh":0.45}},{"type":"Feature","geometry":{"type":"Point","coordinates":[4.854584,52.33709]},"properties":{"type":"charge","layer":"passenger","locationId":"OST20P0054_0004_1","name":"OST20P0054_0004_1","address":"Amstelveenseweg 500","city":"Amsterdam","operatorName":"e-VOLTT","maxPowerKw":38,"isMegawatt":false,"status":"AVAILABLE","source":"ndw","priceKwh":0.26}},{"type":"Feature","geometry":{"type":"Point","coordinates":[4.877687,52.34016]},"properties":{"type":"charge","layer":"passenger","locationId":"ceb8915f-ae6f-4287-9684-8e709896f145","name":"Christian Neefestraat 2","address":"Christian Neefestraat 2","city":"Amsterdam","operatorName":"Vattenfall InCharge","maxPowerKw":22,"isMegawatt":false,"status":"AVAILABLE","source":"ndw"}},{"type":"Feature","geometry":{"type":"Point","coordinates":[4.878318,52.352707]},"properties":{"type":"charge","layer":"passenger","locationId":"8d5e20ef-cbaf-4d7e-9132-6e7e21990005","name":"TNLP010294 - Jacob Obrechtplein 9, Amsterdam","address":"9 Jacob Obrechtplein","city":"Amsterdam","operatorName":"TotalEnergies","maxPowerKw":17,"isMegawatt":false,"status":"AVAILABLE","source":"ndw"}},{"type":"Feature","geometry":{"type":"Point","coordinates":[4.927082,52.371249]},"properties":{"type":"charge","layer":"passenger","locationId":"NLLOC027931","name":"NLD, Amsterdam Jacob Bontiusplaats 11","address":"Jacob Bontiusplaats 11","city":"Amsterdam","operatorName":"Allego","maxPowerKw":22,"isMegawatt":false,"status":"AVAILABLE","source":"ndw","priceKwh":0.281}},{"type":"Feature","geometry":{"type":"Point","coordinates":[4.901902,52.368018]},"properties":{"type":"charge","layer":"passenger","locationId":"NLLOC027739","name":"NLD, Amsterdam, Amstel 1 (Buiten)","address":"Amstel 1","city":"Amsterdam","operatorName":"Allego","maxPowerKw":22,"isMegawatt":false,"status":"AVAILABLE","source":"ndw","priceKwh":0.281}},{"type":"Feature","geometry":{"type":"Point","coordinates":[4.90348,52.36905]},"properties":{"type":"charge","layer":"passenger","locationId":"70376178-9CDF-4688-A95A-DCC4CC7F55D2","name":"Q-Park Amsterdam Waterlooplein","address":"Valkenburgerstraat 238","city":"Amsterdam","operatorName":"Q-Park Netherlands","maxPowerKw":11,"isMegawatt":false,"status":"AVAILABLE","source":"ndw"}},{"type":"Feature","geometry":{"type":"Point","coordinates":[4.94462,52.39883]},"properties":{"type":"charge","layer":"passenger","locationId":"c4a5e305-a9f3-47ce-879e-1a100b8191ac","name":"TNLP011465 - Zilverplevierstraat 1, Amsterdam","address":"1 Zilverplevierstraat","city":"Amsterdam","operatorName":"TotalEnergies","maxPowerKw":17,"isMegawatt":false,"status":"AVAILABLE","source":"ndw"}},{"type":"Feature","geometry":{"type":"Point","coordinates":[4.87817,52.348152]},"properties":{"type":"charge","layer":"passenger","locationId":"de8dcd9a-15f6-4fd3-b231-c8e7d839a305","name":"TNLP010591 - Schubertstraat 4, Amsterdam","address":"4 Schubertstraat","city":"Amsterdam","operatorName":"TotalEnergies","maxPowerKw":17,"isMegawatt":false,"status":"CHARGING","source":"ndw"}},{"type":"Feature","geometry":{"type":"Point","coordinates":[4.945974,52.394943]},"properties":{"type":"charge","layer":"passenger","locationId":"0540dfd3-7ee5-437b-af65-b93b6d733d91","name":"TNLP010597 - Schoorlstraat 112, Amsterdam","address":"112 Schoorlstraat","city":"Amsterdam","operatorName":"TotalEnergies","maxPowerKw":17,"isMegawatt":false,"status":"AVAILABLE","source":"ndw"}},{"type":"Feature","geometry":{"type":"Point","coordinates":[4.997755,52.3553]},"properties":{"type":"charge","layer":"passenger","locationId":"e75ff80d-d1df-4d04-a2c6-3b8b39c07cef","name":"TNLP010955 - Maria Austriastraat 618, Amsterdam","address":"618 Maria Austriastraat","city":"Amsterdam","operatorName":"TotalEnergies","maxPowerKw":17,"isMegawatt":false,"status":"CHARGING","source":"ndw"}},{"type":"Feature","geometry":{"type":"Point","coordinates":[4.876781,52.399258]},"properties":{"type":"charge","layer":"passenger","locationId":"OST20P0044_0003_1","name":"OST20P0044_0003_1","address":"Danzigerkade 15","city":"Amsterdam","operatorName":"e-VOLTT","maxPowerKw":21,"isMegawatt":false,"status":"AVAILABLE","source":"ndw","priceKwh":0.32}},{"type":"Feature","geometry":{"type":"Point","coordinates":[4.780187,52.356426]},"properties":{"type":"charge","layer":"passenger","locationId":"c0d472df-935c-4fea-9f4c-66f92e7a5bd8","name":"TNLP011029 - Terpstraat 36, Amsterdam","address":"36 Terpstraat","city":"Amsterdam","operatorName":"TotalEnergies","maxPowerKw":17,"isMegawatt":false,"status":"AVAILABLE","source":"ndw"}},{"type":"Feature","geometry":{"type":"Point","coordinates":[5.04054,52.316681]},"properties":{"type":"charge","layer":"passenger","locationId":"1B13CF8F-4B25-4E82-A1D2-BC44D74A002A","name":"Eneco eMobility Peterburgersingel 55 Weesp","address":"Peterburgersingel 55","city":"Weesp","operatorName":"Eneco","maxPowerKw":22,"isMegawatt":false,"status":"AVAILABLE","source":"ndw","priceKwh":0.32}},{"type":"Feature","geometry":{"type":"Point","coordinates":[4.900448,52.356213]},"properties":{"type":"charge","layer":"passenger","locationId":"56448736-be9d-4427-9008-9238534a0316","name":"TNLP011516 - Van Woustraat 45 HS, Amsterdam","address":"45 HS Van Woustraat","city":"Amsterdam","operatorName":"TotalEnergies","maxPowerKw":17,"isMegawatt":false,"status":"CHARGING","source":"ndw"}},{"type":"Feature","geometry":{"type":"Point","coordinates":[5.038077,52.318027]},"properties":{"type":"charge","layer":"passenger","locationId":"71d4dd7b-0bc0-4845-9025-009766027e5d","name":"TNLP011389 - Hinderdampad 2, Weesp","address":"2 Hinderdampad","city":"Weesp","operatorName":"TotalEnergies","maxPowerKw":17,"isMegawatt":false,"status":"AVAILABLE","source":"ndw"}},{"type":"Feature","geometry":{"type":"Point","coordinates":[4.800188,52.364185]},"properties":{"type":"charge","layer":"passenger","locationId":"2e673738-c4fe-458d-9f30-58eaf1bbfdd4","name":"TNLP011834 - Reinveen 28, Amsterdam","address":"28 Reinveen","city":"Amsterdam","operatorName":"TotalEnergies","maxPowerKw":17,"isMegawatt":false,"status":"AVAILABLE","source":"ndw"}},{"type":"Feature","geometry":{"type":"Point","coordinates":[4.982523,52.319103]},"properties":{"type":"charge","layer":"passenger","locationId":"2fbb56c3-121d-431e-a097-96f4d8cbbd78","name":"TNLP011336 - Dwergpalmstraat 7, Amsterdam","address":"7 Dwergpalmstraat","city":"Amsterdam","operatorName":"TotalEnergies","maxPowerKw":17,"isMegawatt":false,"status":"AVAILABLE","source":"ndw"}},{"type":"Feature","geometry":{"type":"Point","coordinates":[4.884991,52.336504]},"properties":{"type":"charge","layer":"passenger","locationId":"9fa7992d-c3d8-4df9-a5a0-dce1505e8850","name":"EAZYCHARGE - Amsterdam","address":"Barbara Strozzilaan 101","city":"Amsterdam","operatorName":"Blink Charging","maxPowerKw":25,"isMegawatt":false,"status":"AVAILABLE","source":"ndw","priceKwh":0.62}},{"type":"Feature","geometry":{"type":"Point","coordinates":[4.87995,52.349693]},"properties":{"type":"charge","layer":"passenger","locationId":"5fd15d98-515c-4e2d-8652-c14d9a08ec2d","name":"TNLP010053 - Bachstraat 2, Amsterdam","address":"2 Bachstraat","city":"Amsterdam","operatorName":"TotalEnergies","maxPowerKw":17,"isMegawatt":false,"status":"CHARGING","source":"ndw"}},{"type":"Feature","geometry":{"type":"Point","coordinates":[4.875054,52.33348]},"properties":{"type":"charge","layer":"passenger","locationId":"e8009130-226c-4432-82ce-113ea199feb1","name":"TNLP010885 - Schierstins 97, Amsterdam","address":"97 Schierstins","city":"Amsterdam","operatorName":"TotalEnergies","maxPowerKw":17,"isMegawatt":false,"status":"CHARGING","source":"ndw"}},{"type":"Feature","geometry":{"type":"Point","coordinates":[4.902243,52.383803]},"properties":{"type":"charge","layer":"passenger","locationId":"OST24P0014_0074_1","name":"OST24P0014_0074_1","address":"Overhoeksplein 1","city":"Amsterdam","operatorName":"IPCharging","maxPowerKw":30,"isMegawatt":false,"status":"AVAILABLE","source":"ndw","priceKwh":0.45}},{"type":"Feature","geometry":{"type":"Point","coordinates":[4.828465,52.354507]},"properties":{"type":"charge","layer":"passenger","locationId":"558b9cd1-f91a-488d-8197-1a42d3c97262","name":"TNLP010795 - Ward Bingleystraat 85, Amsterdam","address":"85 Ward Bingleystraat","city":"Amsterdam","operatorName":"TotalEnergies","maxPowerKw":17,"isMegawatt":false,"status":"CHARGING","source":"ndw"}},{"type":"Feature","geometry":{"type":"Point","coordinates":[4.893005,52.37163]},"properties":{"type":"charge","layer":"passenger","locationId":"NLLOC019755","name":"NLD, Amsterdam, Rokin 55","address":"Rokin 55","city":"Amsterdam","operatorName":"Allego","maxPowerKw":22,"isMegawatt":false,"status":"AVAILABLE","source":"ndw","priceKwh":0.495}},{"type":"Feature","geometry":{"type":"Point","coordinates":[4.907862,52.365993]},"properties":{"type":"charge","layer":"passenger","locationId":"e87e5e7e-e985-486f-996c-7079bf59419b","name":"TNLP010172 - Hortusplantsoen 17, Amsterdam","address":"17 Hortusplantsoen","city":"Amsterdam","operatorName":"TotalEnergies","maxPowerKw":17,"isMegawatt":false,"status":"AVAILABLE","source":"ndw"}},{"type":"Feature","geometry":{"type":"Point","coordinates":[4.979929,52.313904]},"properties":{"type":"charge","layer":"passenger","locationId":"25bfe35e-d515-4207-8671-c15ed3965c0b","name":"TNLP010090 - 2e Kekerstraat 25, Amsterdam","address":"25 2e Kekerstraat","city":"Amsterdam","operatorName":"TotalEnergies","maxPowerKw":17,"isMegawatt":false,"status":"AVAILABLE","source":"ndw"}},{"type":"Feature","geometry":{"type":"Point","coordinates":[4.875945,52.397799]},"properties":{"type":"charge","layer":"passenger","locationId":"67122af1f713ae001c3dbd1a","name":"Minerva Parking","address":"Koivistokade 36","city":"Amsterdam","operatorName":"E-Flux by Road","maxPowerKw":22,"isMegawatt":false,"status":"AVAILABLE","source":"ndw","priceKwh":0.64}},{"type":"Feature","geometry":{"type":"Point","coordinates":[4.898657,52.366078]},"properties":{"type":"charge","layer":"passenger","locationId":"nl-7731","name":"Interparking The Bank","address":"Amstelstraat 12","city":"Amsterdam","operatorName":"Interparking Netherlands","maxPowerKw":11,"isMegawatt":false,"status":"AVAILABLE","source":"ndw"}},{"type":"Feature","geometry":{"type":"Point","coordinates":[4.949361,52.372303]},"properties":{"type":"charge","layer":"passenger","locationId":"e3879653-e677-4a63-b7fa-67768738e280","name":"TNLP010195, TNLP010296 - Scheepstimmermanstraat 57, Amsterdam","address":"57 Scheepstimmermanstraat","city":"Amsterdam","operatorName":"TotalEnergies","maxPowerKw":17,"isMegawatt":false,"status":"AVAILABLE","source":"ndw"}},{"type":"Feature","geometry":{"type":"Point","coordinates":[4.844929,52.345354]},"properties":{"type":"charge","layer":"passenger","locationId":"NLLOC027924","name":"Allego - Amsterdam Z Anthony Fokkerweg","address":"Anthony Fokkerweg 2","city":"Amsterdam","operatorName":"Allego","maxPowerKw":300,"isMegawatt":false,"status":"AVAILABLE","source":"ndw","priceKwh":0.655}},{"type":"Feature","geometry":{"type":"Point","coordinates":[4.871702,52.326756]},"properties":{"type":"charge","layer":"passenger","locationId":"e68c7d16-d2b7-4bb6-a1b3-34d67ad29c71","name":"TNLP010901 - Zuid Hollandstraat 2, Amsterdam","address":"2 Zuid Hollandstraat","city":"Amsterdam","operatorName":"TotalEnergies","maxPowerKw":17,"isMegawatt":false,"status":"AVAILABLE","source":"ndw"}},{"type":"Feature","geometry":{"type":"Point","coordinates":[4.986065,52.363846]},"properties":{"type":"charge","layer":"passenger","locationId":"438b0289-84fb-4c54-a700-e094b9278749","name":"TNLP010596 - Brigantijnkade 76, Amsterdam","address":"76 Brigantijnkade","city":"Amsterdam","operatorName":"TotalEnergies","maxPowerKw":17,"isMegawatt":false,"status":"AVAILABLE","source":"ndw"}},{"type":"Feature","geometry":{"type":"Point","coordinates":[4.844328,52.339593]},"properties":{"type":"charge","layer":"passenger","locationId":"922583","name":"Sunrock Amsterdam","address":"Pilotenstraat 37","city":"Amsterdam","operatorName":"Optiload","maxPowerKw":11,"isMegawatt":false,"status":"AVAILABLE","source":"ndw","priceKwh":0.428}},{"type":"Feature","geometry":{"type":"Point","coordinates":[4.92407,52.369102]},"properties":{"type":"charge","layer":"passenger","locationId":"9bde5d5d-0ef1-4c14-b9ab-873282b416af","name":"TNLP010010 - Compagniestraat 56, Amsterdam","address":"56 Compagniestraat","city":"Amsterdam","operatorName":"TotalEnergies","maxPowerKw":17,"isMegawatt":false,"status":"AVAILABLE","source":"ndw"}},{"type":"Feature","geometry":{"type":"Point","coordinates":[4.851054,52.365906]},"properties":{"type":"charge","layer":"passenger","locationId":"a86bbf43-84b7-49a8-8864-bc55397ae0f7","name":"TNLP010357 - Orteliusstraat 63, Amsterdam","address":"63 Orteliusstraat","city":"Amsterdam","operatorName":"TotalEnergies","maxPowerKw":17,"isMegawatt":false,"status":"CHARGING","source":"ndw"}},{"type":"Feature","geometry":{"type":"Point","coordinates":[4.841186,52.376083]},"properties":{"type":"charge","layer":"passenger","locationId":"5b207f3e-2dca-491a-b2ef-6a15a8491d60","name":"TNLP010399 - Jacob van Arteveldestraat 5, Amsterdam","address":"5 Jacob van Arteveldestraat","city":"Amsterdam","operatorName":"TotalEnergies","maxPowerKw":17,"isMegawatt":false,"status":"AVAILABLE","source":"ndw"}},{"type":"Feature","geometry":{"type":"Point","coordinates":[4.873957,52.347424]},"properties":{"type":"charge","layer":"passenger","locationId":"9c8e8f57-7d0e-47fe-8813-cf80049a89d2","name":"TNLP011420 - Cliostraat 48, Amsterdam","address":"48 Cliostraat","city":"Amsterdam","operatorName":"TotalEnergies","maxPowerKw":17,"isMegawatt":false,"status":"AVAILABLE","source":"ndw"}},{"type":"Feature","geometry":{"type":"Point","coordinates":[4.913817,52.407417]},"properties":{"type":"charge","layer":"passenger","locationId":"cb59ce3a-c40b-4119-83fb-d7ca8b0a2b87","name":"TNLP011842 - Statenjachtstraat 367, Amsterdam","address":"367 Statenjachtstraat","city":"Amsterdam","operatorName":"TotalEnergies","maxPowerKw":17,"isMegawatt":false,"status":"AVAILABLE","source":"ndw"}},{"type":"Feature","geometry":{"type":"Point","coordinates":[4.909889,52.36146]},"properties":{"type":"charge","layer":"passenger","locationId":"cb646d0f-0961-4fef-8342-32a6ab03bd27","name":"TNLP011897 - Sarphatistraat 80, Amsterdam","address":"80 Sarphatistraat","city":"Amsterdam","operatorName":"TotalEnergies","maxPowerKw":17,"isMegawatt":false,"status":"CHARGING","source":"ndw"}},{"type":"Feature","geometry":{"type":"Point","coordinates":[4.985123,52.29358]},"properties":{"type":"charge","layer":"passenger","locationId":"d5e6772a-b581-4f76-aacd-f69e38c48986","name":"Laadplein - TNLP010216 - Streefkerkstraat 1, Amsterdam","address":"1 Streefkerkstraat","city":"Amsterdam","operatorName":"TotalEnergies","maxPowerKw":17,"isMegawatt":false,"status":"AVAILABLE","source":"ndw"}},{"type":"Feature","geometry":{"type":"Point","coordinates":[4.794903,52.353577]},"properties":{"type":"charge","layer":"passenger","locationId":"08b406a6-37a8-465a-9ef6-0cb67dd7f9d3","name":"TNLP010267 - Plantage Doklaan 6, Amsterdam","address":"6 Plantage Doklaan","city":"Amsterdam","operatorName":"TotalEnergies","maxPowerKw":17,"isMegawatt":false,"status":"AVAILABLE","source":"ndw"}},{"type":"Feature","geometry":{"type":"Point","coordinates":[4.936953,52.351006]},"properties":{"type":"charge","layer":"passenger","locationId":"32eb66ee-2d13-46eb-859e-3920e1c858b4","name":"TNLP010110 - Fraunhoferstraat 22, Amsterdam","address":"22 Fraunhoferstraat","city":"Amsterdam","operatorName":"TotalEnergies","maxPowerKw":17,"isMegawatt":false,"status":"AVAILABLE","source":"ndw"}},{"type":"Feature","geometry":{"type":"Point","coordinates":[4.907489,52.386913]},"properties":{"type":"charge","layer":"passenger","locationId":"27655ff2-c0fb-418d-b703-84bce143e434","name":"TNLP010408 - Ranonkelkade 1, Amsterdam","address":"1 Ranonkelkade","city":"Amsterdam","operatorName":"TotalEnergies","maxPowerKw":17,"isMegawatt":false,"status":"AVAILABLE","source":"ndw"}},{"type":"Feature","geometry":{"type":"Point","coordinates":[4.916245,52.410442]},"properties":{"type":"charge","layer":"passenger","locationId":"8b042630-6701-438b-b055-4e883eb5872e","name":"TNLP010548 - Voorsteven 105, Amsterdam","address":"105 Voorsteven","city":"Amsterdam","operatorName":"TotalEnergies","maxPowerKw":17,"isMegawatt":false,"status":"AVAILABLE","source":"ndw"}},{"type":"Feature","geometry":{"type":"Point","coordinates":[4.800828,52.396346]},"properties":{"type":"charge","layer":"passenger","locationId":"7","name":"Shell Recharge NL7402 - Shell Westpoort","address":"Galwin 6","city":"Amsterdam","operatorName":"Shell Recharge","maxPowerKw":175,"isMegawatt":false,"status":"CHARGING","source":"ndw","priceKwh":0.7025}},{"type":"Feature","geometry":{"type":"Point","coordinates":[4.932982,52.393982]},"properties":{"type":"charge","layer":"passenger","locationId":"a8fa4c48-b863-4ffc-a80b-85079bc7ac3c","name":"TNLP010855 - Florence Nightingalestraat 2, Amsterdam","address":"2 Florence Nightingalestraat","city":"Amsterdam","operatorName":"TotalEnergies","maxPowerKw":17,"isMegawatt":false,"status":"AVAILABLE","source":"ndw"}},{"type":"Feature","geometry":{"type":"Point","coordinates":[5.04432,52.31383]},"properties":{"type":"charge","layer":"passenger","locationId":"adf383ce-8159-41c8-9e7d-f5b719807afb","name":"TNLP011915 - Frederica Zeijdelaarweg 1, Weesp","address":"1 Frederica Zeijdelaarweg","city":"Weesp","operatorName":"TotalEnergies","maxPowerKw":17,"isMegawatt":false,"status":"AVAILABLE","source":"ndw"}},{"type":"Feature","geometry":{"type":"Point","coordinates":[5.028191,52.312733]},"properties":{"type":"charge","layer":"passenger","locationId":"c4a0397c-8f0e-4472-91e3-5b7472a2c9fb","name":"TNLP011529 - Sinnigvelderstraat 421, Weesp","address":"421 Sinnigvelderstraat","city":"Weesp","operatorName":"TotalEnergies","maxPowerKw":17,"isMegawatt":false,"status":"AVAILABLE","source":"ndw"}},{"type":"Feature","geometry":{"type":"Point","coordinates":[4.902603,52.366833]},"properties":{"type":"charge","layer":"passenger","locationId":"709cf9cb-5c5f-4cd5-92b0-b23c330e3ef8","name":"TNLP010316 - Nieuwe Amstelstraat 65, Amsterdam","address":"65 Nieuwe Amstelstraat","city":"Amsterdam","operatorName":"TotalEnergies","maxPowerKw":17,"isMegawatt":false,"status":"AVAILABLE","source":"ndw"}},{"type":"Feature","geometry":{"type":"Point","coordinates":[4.921537,52.334125]},"properties":{"type":"charge","layer":"passenger","locationId":"NLLOC004574","name":"NLD, Postillion Hotel Amsterdam","address":"Paul van Vlissingenstraat 8","city":"Amsterdam","operatorName":"Allego","maxPowerKw":22,"isMegawatt":false,"status":"AVAILABLE","source":"ndw","priceKwh":0.511}},{"type":"Feature","geometry":{"type":"Point","coordinates":[4.907179,52.342823]},"properties":{"type":"charge","layer":"passenger","locationId":"800f6cf5-677c-4bf7-bd20-bbf26282e5ea","name":"TNLP011473 - Bilderdijkkade 44, Amsterdam","address":"44 Bilderdijkkade","city":"Amsterdam","operatorName":"TotalEnergies","maxPowerKw":17,"isMegawatt":false,"status":"CHARGING","source":"ndw"}},{"type":"Feature","geometry":{"type":"Point","coordinates":[4.853204,52.371197]},"properties":{"type":"charge","layer":"passenger","locationId":"ec4a4fcd-8c8e-475e-95ed-2924a8c9a827","name":"TNLP010111 - Jan Maijenstraat 1, Amsterdam","address":"1 Jan Maijenstraat","city":"Amsterdam","operatorName":"TotalEnergies","maxPowerKw":17,"isMegawatt":false,"status":"CHARGING","source":"ndw"}},{"type":"Feature","geometry":{"type":"Point","coordinates":[4.90499,52.34356]},"properties":{"type":"charge","layer":"passenger","locationId":"f5b98078-d94f-44e1-8898-7dcfa9b58a9b","name":"TNLP010254 - Hunzestraat 22, Amsterdam","address":"22 Hunzestraat","city":"Amsterdam","operatorName":"TotalEnergies","maxPowerKw":17,"isMegawatt":false,"status":"CHARGING","source":"ndw"}},{"type":"Feature","geometry":{"type":"Point","coordinates":[4.846291,52.384747]},"properties":{"type":"charge","layer":"passenger","locationId":"31aa2c5e-f35c-48ef-91e1-9df94cb2af36","name":"Laadplein - TNLP010205 - Admiraal de Ruijterweg 545, Amsterdam","address":"545 Admiraal de Ruijterweg","city":"Amsterdam","operatorName":"TotalEnergies","maxPowerKw":17,"isMegawatt":false,"status":"AVAILABLE","source":"ndw"}},{"type":"Feature","geometry":{"type":"Point","coordinates":[5.041248,52.30575]},"properties":{"type":"charge","layer":"passenger","locationId":"ab6c3291-51b6-496b-83b8-5f087cbf6ca1","name":"TNLP011339 - Achtergracht 86 a, Weesp","address":"86 a Achtergracht","city":"Weesp","operatorName":"TotalEnergies","maxPowerKw":17,"isMegawatt":false,"status":"CHARGING","source":"ndw"}},{"type":"Feature","geometry":{"type":"Point","coordinates":[4.983646,52.31407]},"properties":{"type":"charge","layer":"passenger","locationId":"98259161-72f7-4ca2-a380-8a7fcf3e28f2","name":"TNLP010997 - Klieverinkweg 1, Amsterdam","address":"1 Klieverinkweg","city":"Amsterdam","operatorName":"TotalEnergies","maxPowerKw":17,"isMegawatt":false,"status":"AVAILABLE","source":"ndw"}},{"type":"Feature","geometry":{"type":"Point","coordinates":[4.794921,52.38256]},"properties":{"type":"charge","layer":"passenger","locationId":"579436c0-aa5d-4b78-979b-53b33e83f953","name":"TNLP010798 - Adriaan Dorsmanstraat 67, Amsterdam","address":"67 Adriaan Dorsmanstraat","city":"Amsterdam","operatorName":"TotalEnergies","maxPowerKw":17,"isMegawatt":false,"status":"UNAVAILABLE","source":"ndw"}},{"type":"Feature","geometry":{"type":"Point","coordinates":[4.876608,52.37725]},"properties":{"type":"charge","layer":"passenger","locationId":"5ba398a2-8066-4076-a564-657303aa76d6","name":"TNLP010233 - Van Oldenbarneveldtplein 1, Amsterdam","address":"1 Van Oldenbarneveldtplein","city":"Amsterdam","operatorName":"TotalEnergies","maxPowerKw":17,"isMegawatt":false,"status":"AVAILABLE","source":"ndw"}},{"type":"Feature","geometry":{"type":"Point","coordinates":[4.877662,52.377293]},"properties":{"type":"charge","layer":"passenger","locationId":"08283773-7ca7-43e0-95b4-0863a4d37a29","name":"TNLP011391 - Marnixkade 80, Amsterdam","address":"80 Marnixkade","city":"Amsterdam","operatorName":"TotalEnergies","maxPowerKw":17,"isMegawatt":false,"status":"AVAILABLE","source":"ndw"}},{"type":"Feature","geometry":{"type":"Point","coordinates":[5.01615,52.304203]},"properties":{"type":"charge","layer":"passenger","locationId":"427f6baf-fa84-4426-8e95-8f9f50e5018a","name":"TNLP011444 - Burgemeester Bletzstraat 1F, Amsterdam","address":"1F Burgemeester Bletzstraat","city":"Amsterdam","operatorName":"TotalEnergies","maxPowerKw":17,"isMegawatt":false,"status":"UNAVAILABLE","source":"ndw"}},{"type":"Feature","geometry":{"type":"Point","coordinates":[4.838848,52.355486]},"properties":{"type":"charge","layer":"passenger","locationId":"90965758","name":"EQUANS Berghaus","address":"Kon. Wilhelminaplein 4","city":"Amsterdam","operatorName":"EQUANS","maxPowerKw":11,"isMegawatt":false,"status":"AVAILABLE","source":"ndw"}},{"type":"Feature","geometry":{"type":"Point","coordinates":[4.873343,52.35272]},"properties":{"type":"charge","layer":"passenger","locationId":"9039e3fc-cd86-4b39-aaec-94879f6b1909","name":"TNLP010604 - Hacquartstraat 32, Amsterdam","address":"32 Hacquartstraat","city":"Amsterdam","operatorName":"TotalEnergies","maxPowerKw":17,"isMegawatt":false,"status":"AVAILABLE","source":"ndw"}},{"type":"Feature","geometry":{"type":"Point","coordinates":[4.837843,52.385685]},"properties":{"type":"charge","layer":"passenger","locationId":"698d9232-8ae9-409a-90b9-cdea803d0073","name":"TNLP011821 - Arlandaweg 92, Amsterdam","address":"92 Arlandaweg","city":"Amsterdam","operatorName":"TotalEnergies","maxPowerKw":17,"isMegawatt":false,"status":"AVAILABLE","source":"ndw"}},{"type":"Feature","geometry":{"type":"Point","coordinates":[4.912587,52.359165]},"properties":{"type":"charge","layer":"passenger","locationId":"ba35aa7e-7dc6-4b6c-8e1c-e3596df3ceb5","name":"TNLP010468 - Camperstraat 10, Amsterdam","address":"10 Camperstraat","city":"Amsterdam","operatorName":"TotalEnergies","maxPowerKw":17,"isMegawatt":false,"status":"AVAILABLE","source":"ndw"}},{"type":"Feature","geometry":{"type":"Point","coordinates":[4.968722,52.32104]},"properties":{"type":"charge","layer":"passenger","locationId":"2ed0fa82-dd71-4fcd-a2af-ffe4fb402696","name":"TNLP011061 - Bijlmerdreef 1000, Amsterdam","address":"1000 Bijlmerdreef","city":"Amsterdam","operatorName":"TotalEnergies","maxPowerKw":17,"isMegawatt":false,"status":"AVAILABLE","source":"ndw"}},{"type":"Feature","geometry":{"type":"Point","coordinates":[4.915625,52.356068]},"properties":{"type":"charge","layer":"passenger","locationId":"5cff6b61-00ca-4529-a551-455426fdc521","name":"TNLP010364 - Derde Oosterparkstraat 48, Amsterdam","address":"48 Derde Oosterparkstraat","city":"Amsterdam","operatorName":"TotalEnergies","maxPowerKw":17,"isMegawatt":false,"status":"CHARGING","source":"ndw"}},{"type":"Feature","geometry":{"type":"Point","coordinates":[4.995465,52.357735]},"properties":{"type":"charge","layer":"passenger","locationId":"771eaabf-f3bf-48e4-b472-be707d21112e","name":"TNLP010840 - Erich Salomonstraat 239, Amsterdam","address":"239 Erich Salomonstraat","city":"Amsterdam","operatorName":"TotalEnergies","maxPowerKw":17,"isMegawatt":false,"status":"AVAILABLE","source":"ndw"}},{"type":"Feature","geometry":{"type":"Point","coordinates":[4.988172,52.2951]},"properties":{"type":"charge","layer":"passenger","locationId":"b7f101d6-79db-4144-aaac-20fc7e258f4f","name":"TNLP011813 - Westbroekplein 21, Amsterdam","address":"21 Westbroekplein","city":"Amsterdam","operatorName":"TotalEnergies","maxPowerKw":17,"isMegawatt":false,"status":"AVAILABLE","source":"ndw"}},{"type":"Feature","geometry":{"type":"Point","coordinates":[4.980017,52.312702]},"properties":{"type":"charge","layer":"passenger","locationId":"b803864b-0eb1-46e5-972d-fde4eaed5ce7","name":"TNLP010962 - 3e Kekerstraat 63, Amsterdam","address":"63 3e Kekerstraat","city":"Amsterdam","operatorName":"TotalEnergies","maxPowerKw":17,"isMegawatt":false,"status":"AVAILABLE","source":"ndw"}},{"type":"Feature","geometry":{"type":"Point","coordinates":[4.923094,52.407764]},"properties":{"type":"charge","layer":"passenger","locationId":"d7b0de27-85a7-4f7f-813d-bf05216f0db2","name":"TNLP011740 - Oosterlengte 2, Amsterdam","address":"2 Oosterlengte","city":"Amsterdam","operatorName":"TotalEnergies","maxPowerKw":17,"isMegawatt":false,"status":"AVAILABLE","source":"ndw"}},{"type":"Feature","geometry":{"type":"Point","coordinates":[4.999364,52.355312]},"properties":{"type":"charge","layer":"passenger","locationId":"6fd30643-1bc8-44f1-8711-2ce78339299e","name":"TNLP011373 - Kiekstraat 151, Amsterdam","address":"151 Kiekstraat","city":"Amsterdam","operatorName":"TotalEnergies","maxPowerKw":17,"isMegawatt":false,"status":"CHARGING","source":"ndw"}},{"type":"Feature","geometry":{"type":"Point","coordinates":[4.881731,52.378002]},"properties":{"type":"charge","layer":"passenger","locationId":"1b7d3c7b-99f4-4b11-a2be-5960a4f630fb","name":"TNLP010051 - Westerstraat 187, Amsterdam","address":"187 Westerstraat","city":"Amsterdam","operatorName":"TotalEnergies","maxPowerKw":17,"isMegawatt":false,"status":"UNAVAILABLE","source":"ndw"}},{"type":"Feature","geometry":{"type":"Point","coordinates":[4.876788,52.365337]},"properties":{"type":"charge","layer":"passenger","locationId":"eae860d4-1aa6-4062-b143-63eec151fda3","name":"TNLP010812 - De Genestetstraat 9, Amsterdam","address":"9 De Genestetstraat","city":"Amsterdam","operatorName":"TotalEnergies","maxPowerKw":17,"isMegawatt":false,"status":"CHARGING","source":"ndw"}},{"type":"Feature","geometry":{"type":"Point","coordinates":[5.013105,52.34713]},"properties":{"type":"charge","layer":"passenger","locationId":"0e7aed0a-9ed8-4ba5-8a3c-1e43784ce995","name":"TNLP010863 - Eva Besnyöstraat 416, Amsterdam","address":"416 Eva Besnyöstraat","city":"Amsterdam","operatorName":"TotalEnergies","maxPowerKw":17,"isMegawatt":false,"status":"AVAILABLE","source":"ndw"}},{"type":"Feature","geometry":{"type":"Point","coordinates":[4.932655,52.34911]},"properties":{"type":"charge","layer":"passenger","locationId":"17b0232d-abae-48cd-9efa-b2aaf822b6d7","name":"TNLP011353 - Hugo de Vrieslaan 53, Amsterdam","address":"53 Hugo de Vrieslaan","city":"Amsterdam","operatorName":"TotalEnergies","maxPowerKw":17,"isMegawatt":false,"status":"AVAILABLE","source":"ndw"}},{"type":"Feature","geometry":{"type":"Point","coordinates":[4.902831,52.419346]},"properties":{"type":"charge","layer":"passenger","locationId":"ddd566b0-07ae-46b5-b8a8-9f1142fa3c0a","name":"TNLP011009 - Stentorstraat 51 HS, Amsterdam","address":"51 HS Stentorstraat","city":"Amsterdam","operatorName":"TotalEnergies","maxPowerKw":17,"isMegawatt":false,"status":"CHARGING","source":"ndw"}},{"type":"Feature","geometry":{"type":"Point","coordinates":[4.927811,52.357394]},"properties":{"type":"charge","layer":"passenger","locationId":"27B0FA85-C555-4B0D-B462-3439AA7FBA8D","name":"Q-Park Amsterdam Oostpoort","address":"Polderweg 92","city":"Amsterdam","operatorName":"Q-Park Netherlands","maxPowerKw":11,"isMegawatt":false,"status":"AVAILABLE","source":"ndw"}},{"type":"Feature","geometry":{"type":"Point","coordinates":[4.873211,52.37032]},"properties":{"type":"charge","layer":"passenger","locationId":"8fe855dd-d3e5-42e6-82b6-89d798da8d22","name":"TNLP010649 - Da Costaplein 18, Amsterdam","address":"18 Da Costaplein","city":"Amsterdam","operatorName":"TotalEnergies","maxPowerKw":17,"isMegawatt":false,"status":"AVAILABLE","source":"ndw"}},{"type":"Feature","geometry":{"type":"Point","coordinates":[4.858417,52.35139]},"properties":{"type":"charge","layer":"passenger","locationId":"1f57b1a8-8460-4b43-beda-ebe2c1329683","name":"TNLP010472 - Valeriusstraat 233, Amsterdam","address":"233 Valeriusstraat","city":"Amsterdam","operatorName":"TotalEnergies","maxPowerKw":17,"isMegawatt":false,"status":"AVAILABLE","source":"ndw"}},{"type":"Feature","geometry":{"type":"Point","coordinates":[4.89419,52.37675]},"properties":{"type":"charge","layer":"passenger","locationId":"09CDC8AA-15A5-4CA4-B1E6-53387C709AE2","name":"Q-Park Amsterdam Nieuwendijk","address":"Nieuwezijds Kolk 18","city":"Amsterdam","operatorName":"Q-Park Netherlands","maxPowerKw":11,"isMegawatt":false,"status":"AVAILABLE","source":"ndw"}},{"type":"Feature","geometry":{"type":"Point","coordinates":[4.91264,52.36701]},"properties":{"type":"charge","layer":"passenger","locationId":"aa81c8454d1750b7207ee0ca21004615","name":"Plantage Kerklaan 38","address":"Plantage Kerklaan 38","city":"Amsterdam","operatorName":"Vattenfall InCharge","maxPowerKw":11,"isMegawatt":false,"status":"AVAILABLE","source":"ndw"}},{"type":"Feature","geometry":{"type":"Point","coordinates":[4.854566,52.383602]},"properties":{"type":"charge","layer":"passenger","locationId":"a6f81cfd-9d22-4c63-aa5a-72a3de2b704d","name":"TNLP010985 - Solebaystraat 58, Amsterdam","address":"58 Solebaystraat","city":"Amsterdam","operatorName":"TotalEnergies","maxPowerKw":17,"isMegawatt":false,"status":"AVAILABLE","source":"ndw"}},{"type":"Feature","geometry":{"type":"Point","coordinates":[5.039748,52.313915]},"properties":{"type":"charge","layer":"passenger","locationId":"40074879-84b0-4fef-bea4-bfc3a9d23e7d","name":"TNLP011349 - Sportparklaan 93, Weesp","address":"93 Sportparklaan","city":"Weesp","operatorName":"TotalEnergies","maxPowerKw":17,"isMegawatt":false,"status":"AVAILABLE","source":"ndw"}},{"type":"Feature","geometry":{"type":"Point","coordinates":[4.783106,52.35544]},"properties":{"type":"charge","layer":"passenger","locationId":"d6fc92a2-82f5-4b5f-bc61-aeac1c78f6db","name":"TNLP011822 - Oude Meerhof 32, Amsterdam","address":"32 Oude Meerhof","city":"Amsterdam","operatorName":"TotalEnergies","maxPowerKw":17,"isMegawatt":false,"status":"AVAILABLE","source":"ndw"}},{"type":"Feature","geometry":{"type":"Point","coordinates":[4.941812,52.32098]},"properties":{"type":"charge","layer":"passenger","locationId":"0d982f60-bb40-41f1-a0ae-e24bf5660ea2","name":"TNLP010501 - Andersensingel 80, Amsterdam","address":"80 Andersensingel","city":"Amsterdam","operatorName":"TotalEnergies","maxPowerKw":17,"isMegawatt":false,"status":"AVAILABLE","source":"ndw"}},{"type":"Feature","geometry":{"type":"Point","coordinates":[4.890434,52.351276]},"properties":{"type":"charge","layer":"passenger","locationId":"ee254c02-fad2-4b43-83dd-d75809a0d4fa","name":"TNLP010908 - Rustenburgerstraat 405, Amsterdam","address":"405 Rustenburgerstraat","city":"Amsterdam","operatorName":"TotalEnergies","maxPowerKw":14,"isMegawatt":false,"status":"AVAILABLE","source":"ndw"}},{"type":"Feature","geometry":{"type":"Point","coordinates":[4.952152,52.368959]},"properties":{"type":"charge","layer":"passenger","locationId":"NLENV304","name":"Amsterdam, Bottelaarijstraat 293-363 E10324 Amvest y","address":"Bottelarijstraat 293","city":"Amsterdam","operatorName":"","maxPowerKw":11,"isMegawatt":false,"status":"AVAILABLE","source":"ndw","priceKwh":0.45}},{"type":"Feature","geometry":{"type":"Point","coordinates":[4.918782,52.385765]},"properties":{"type":"charge","layer":"passenger","locationId":"4b52e338-9cfb-4de2-87a8-1f4ac0e82c97","name":"TNLP011331 - Ganzenweg 2, Amsterdam","address":"2 Ganzenweg","city":"Amsterdam","operatorName":"TotalEnergies","maxPowerKw":17,"isMegawatt":false,"status":"AVAILABLE","source":"ndw"}},{"type":"Feature","geometry":{"type":"Point","coordinates":[4.9801,52.31365]},"properties":{"type":"charge","layer":"passenger","locationId":"8A125ADE-4E75-4AB8-8702-11BDEB20FFB7","name":"Eneco eMobility ING Bank NV Headquarters, Frankemaheerd 2, Amsterdam-Zuidoost","address":"Frankemaheerd 2","city":"Amsterdam-Zuidoost","operatorName":"Eneco","maxPowerKw":22,"isMegawatt":false,"status":"AVAILABLE","source":"ndw","priceKwh":0.3}},{"type":"Feature","geometry":{"type":"Point","coordinates":[4.943061,52.30736]},"properties":{"type":"charge","layer":"passenger","locationId":"NLLOC020386","name":"NLD, Amsterdam, Herikerbergweg 288,","address":"Herikerbergweg 288","city":"Amsterdam","operatorName":"Allego","maxPowerKw":22,"isMegawatt":false,"status":"AVAILABLE","source":"ndw","priceKwh":0.495}},{"type":"Feature","geometry":{"type":"Point","coordinates":[4.88557,52.391727]},"properties":{"type":"charge","layer":"passenger","locationId":"2b014d8c-73d2-4e9e-aef2-10dab40edd2a","name":"TNLP010791 - Pontsteiger 318, Amsterdam","address":"318 Pontsteiger","city":"Amsterdam","operatorName":"TotalEnergies","maxPowerKw":17,"isMegawatt":false,"status":"AVAILABLE","source":"ndw"}},{"type":"Feature","geometry":{"type":"Point","coordinates":[4.904339,52.352432]},"properties":{"type":"charge","layer":"passenger","locationId":"00b864b6-639c-4216-98ae-55217fcf0443","name":"TNLP010350 - Tolstraat 113, Amsterdam","address":"113 Tolstraat","city":"Amsterdam","operatorName":"TotalEnergies","maxPowerKw":17,"isMegawatt":false,"status":"AVAILABLE","source":"ndw"}},{"type":"Feature","geometry":{"type":"Point","coordinates":[4.80642,52.355846]},"properties":{"type":"charge","layer":"passenger","locationId":"fde9a9e8-b057-4027-bc32-973b5ea5eb25","name":"TNLP011408 - Overleg 21, Amsterdam","address":"21 Overleg","city":"Amsterdam","operatorName":"TotalEnergies","maxPowerKw":17,"isMegawatt":false,"status":"CHARGING","source":"ndw"}},{"type":"Feature","geometry":{"type":"Point","coordinates":[4.870332,52.33491]},"properties":{"type":"charge","layer":"passenger","locationId":"911c1774-ad02-4690-8d4e-700492ae7819","name":"TNLP010751 - De Boelelaan 1065, Amsterdam","address":"1065 De Boelelaan","city":"Amsterdam","operatorName":"TotalEnergies","maxPowerKw":17,"isMegawatt":false,"status":"AVAILABLE","source":"ndw"}},{"type":"Feature","geometry":{"type":"Point","coordinates":[4.870425,52.36502]},"properties":{"type":"charge","layer":"passenger","locationId":"c8308b4c-2839-4aa7-ba88-aef538738fb3","name":"TNLP010760 - Tollensstraat 146, Amsterdam","address":"146 Tollensstraat","city":"Amsterdam","operatorName":"TotalEnergies","maxPowerKw":17,"isMegawatt":false,"status":"AVAILABLE","source":"ndw"}},{"type":"Feature","geometry":{"type":"Point","coordinates":[4.796864,52.392278]},"properties":{"type":"charge","layer":"passenger","locationId":"NLLOC027934","name":"Allego - Hornbach Amsterdam A5","address":"Berchvliet 14","city":"Amsterdam","operatorName":"Allego","maxPowerKw":22,"isMegawatt":false,"status":"AVAILABLE","source":"ndw","priceKwh":0.511}},{"type":"Feature","geometry":{"type":"Point","coordinates":[4.967284,52.37079]},"properties":{"type":"charge","layer":"passenger","locationId":"4c10a135-c49d-4487-969f-753bdcbcb1c0","name":"TNLP011666 - Kees Broekmanstraat 534, Amsterdam","address":"534 Kees Broekmanstraat","city":"Amsterdam","operatorName":"TotalEnergies","maxPowerKw":17,"isMegawatt":false,"status":"AVAILABLE","source":"ndw"}},{"type":"Feature","geometry":{"type":"Point","coordinates":[4.890376,52.4118]},"properties":{"type":"charge","layer":"passenger","locationId":"7a5f2e21-3ffc-405a-bbe1-9de4737290ae","name":"TNLP010594 - Castorplein 19, Amsterdam","address":"19 Castorplein","city":"Amsterdam","operatorName":"TotalEnergies","maxPowerKw":17,"isMegawatt":false,"status":"AVAILABLE","source":"ndw"}},{"type":"Feature","geometry":{"type":"Point","coordinates":[4.863125,52.32877]},"properties":{"type":"charge","layer":"passenger","locationId":"e60b7c8a-f770-4568-b935-4b71398250c9","name":"TNLP011108 - Egelenburg 103, Amsterdam","address":"103 Egelenburg","city":"Amsterdam","operatorName":"TotalEnergies","maxPowerKw":17,"isMegawatt":false,"status":"CHARGING","source":"ndw"}},{"type":"Feature","geometry":{"type":"Point","coordinates":[4.784682,52.354324]},"properties":{"type":"charge","layer":"passenger","locationId":"219c7685-06bd-45de-b65b-9759f4d13954","name":"TNLP011812 - Akerwateringstraat 175, Amsterdam","address":"175 Akerwateringstraat","city":"Amsterdam","operatorName":"TotalEnergies","maxPowerKw":17,"isMegawatt":false,"status":"AVAILABLE","source":"ndw"}},{"type":"Feature","geometry":{"type":"Point","coordinates":[4.832536,52.362907]},"properties":{"type":"charge","layer":"passenger","locationId":"a23e8c48-23b9-415f-8e44-f355feb5e5a1","name":"TNLP010841 - Adriaan Kluitstraat 9, Amsterdam","address":"9 Adriaan Kluitstraat","city":"Amsterdam","operatorName":"TotalEnergies","maxPowerKw":17,"isMegawatt":false,"status":"AVAILABLE","source":"ndw"}},{"type":"Feature","geometry":{"type":"Point","coordinates":[4.871325,52.347263]},"properties":{"type":"charge","layer":"passenger","locationId":"fea23c18-5eb3-4da9-b649-c371cb392d11","name":"TNLP010236 - Michelangelostraat 65, Amsterdam","address":"65 Michelangelostraat","city":"Amsterdam","operatorName":"TotalEnergies","maxPowerKw":17,"isMegawatt":false,"status":"CHARGING","source":"ndw"}},{"type":"Feature","geometry":{"type":"Point","coordinates":[4.829232,52.348297]},"properties":{"type":"charge","layer":"passenger","locationId":"4e4e11ff-95ef-4275-aa84-dd68c81b871a","name":"TNLP010625 - Henri Dunantstraat 127, Amsterdam","address":"127 Henri Dunantstraat","city":"Amsterdam","operatorName":"TotalEnergies","maxPowerKw":17,"isMegawatt":false,"status":"AVAILABLE","source":"ndw"}},{"type":"Feature","geometry":{"type":"Point","coordinates":[4.848766,52.385567]},"properties":{"type":"charge","layer":"passenger","locationId":"NLENV186","name":"Amsterdam, Molenwerf 4","address":"Molenwerf 4","city":"Amsterdam","operatorName":"","maxPowerKw":22,"isMegawatt":false,"status":"AVAILABLE","source":"ndw","priceKwh":0.5}},{"type":"Feature","geometry":{"type":"Point","coordinates":[4.840766,52.37144]},"properties":{"type":"charge","layer":"passenger","locationId":"b2aa1e73f9ac47a8a8cf","name":"Amsterdam OLVG locatie west Labgebouw","address":"Jan Tooropstraat 160","city":"Amsterdam","operatorName":"Opcharge","maxPowerKw":11,"isMegawatt":false,"status":"AVAILABLE","source":"ndw","priceKwh":0.33}},{"type":"Feature","geometry":{"type":"Point","coordinates":[4.85372,52.362125]},"properties":{"type":"charge","layer":"passenger","locationId":"9934e3d8-3599-4bcb-b42e-417782bd05d6","name":"TNLP010535 - Marowijnestraat 13 II, Amsterdam","address":"13 II Marowijnestraat","city":"Amsterdam","operatorName":"TotalEnergies","maxPowerKw":17,"isMegawatt":false,"status":"CHARGING","source":"ndw"}},{"type":"Feature","geometry":{"type":"Point","coordinates":[4.884686,52.407906]},"properties":{"type":"charge","layer":"passenger","locationId":"b723245e-6571-432b-bb9b-891b461691b7","name":"TNLP011347 - tt. Melissaweg 10, Amsterdam","address":"10 tt. Melissaweg","city":"Amsterdam","operatorName":"TotalEnergies","maxPowerKw":17,"isMegawatt":false,"status":"AVAILABLE","source":"ndw"}},{"type":"Feature","geometry":{"type":"Point","coordinates":[4.836624,52.350136]},"properties":{"type":"charge","layer":"passenger","locationId":"88948110-63c0-4614-ba94-2d6337162741","name":"TNLP011372 - Maassluisstraat 152, Amsterdam","address":"152 Maassluisstraat","city":"Amsterdam","operatorName":"TotalEnergies","maxPowerKw":17,"isMegawatt":false,"status":"AVAILABLE","source":"ndw"}},{"type":"Feature","geometry":{"type":"Point","coordinates":[4.857021,52.38028]},"properties":{"type":"charge","layer":"passenger","locationId":"16ee435a-0be6-4ec8-90fe-ecf6f6723124","name":"TNLP010743 - Louise de Colignystraat 55, Amsterdam","address":"55 Louise de Colignystraat","city":"Amsterdam","operatorName":"TotalEnergies","maxPowerKw":17,"isMegawatt":false,"status":"AVAILABLE","source":"ndw"}},{"type":"Feature","geometry":{"type":"Point","coordinates":[4.966202,52.324017]},"properties":{"type":"charge","layer":"passenger","locationId":"b6f4662d-866c-460d-9c54-0d9b10baecb3","name":"TNLP010114 - Ethekwini 45, Amsterdam","address":"45 Ethekwini","city":"Amsterdam","operatorName":"TotalEnergies","maxPowerKw":17,"isMegawatt":false,"status":"AVAILABLE","source":"ndw"}},{"type":"Feature","geometry":{"type":"Point","coordinates":[4.94936,52.31363]},"properties":{"type":"charge","layer":"passenger","locationId":"28D1E943-229F-43EF-8EAD-4A936A1E77BA","name":"Eneco eMobility ING Bank NV Treasury, Foppingadreef 7, Amsterdam","address":"Foppingadreef 7","city":"Amsterdam Zuidoost","operatorName":"Eneco","maxPowerKw":22,"isMegawatt":false,"status":"AVAILABLE","source":"ndw","priceKwh":0.3}},{"type":"Feature","geometry":{"type":"Point","coordinates":[4.864958,52.34593]},"properties":{"type":"charge","layer":"passenger","locationId":"5401d7ce-1ec3-4f06-a51f-f79cb9fa40c7","name":"TNLP011400 - Hectorstraat 2, Amsterdam","address":"2 Hectorstraat","city":"Amsterdam","operatorName":"TotalEnergies","maxPowerKw":17,"isMegawatt":false,"status":"AVAILABLE","source":"ndw"}},{"type":"Feature","geometry":{"type":"Point","coordinates":[5.008421,52.34667]},"properties":{"type":"charge","layer":"passenger","locationId":"053f86b9-4b51-4328-9c7a-96d41adb9200","name":"TNLP011434 - Jan Vrijmanstraat 208, Amsterdam","address":"208 Jan Vrijmanstraat","city":"Amsterdam","operatorName":"TotalEnergies","maxPowerKw":17,"isMegawatt":false,"status":"AVAILABLE","source":"ndw"}},{"type":"Feature","geometry":{"type":"Point","coordinates":[4.884276,52.337008]},"properties":{"type":"charge","layer":"passenger","locationId":"D0C31B14-0654-4AEA-B53B-E350F5CF959C","name":"Q-Park Amsterdam Ravel","address":"Antonio Vivaldistraat 103","city":"Amsterdam","operatorName":"Q-Park Netherlands","maxPowerKw":11,"isMegawatt":false,"status":"AVAILABLE","source":"ndw"}},{"type":"Feature","geometry":{"type":"Point","coordinates":[4.818157,52.337539]},"properties":{"type":"charge","layer":"passenger","locationId":"5acf097f-e0ca-458d-b992-f0e681bd3472","name":"bp pulse charging hub Oude Haagseweg #07","address":"Oude Haagseweg 18","city":"Amsterdam","operatorName":"bp pulse","maxPowerKw":150,"isMegawatt":false,"status":"AVAILABLE","source":"ndw","priceKwh":0.7}},{"type":"Feature","geometry":{"type":"Point","coordinates":[4.862314,52.365273]},"properties":{"type":"charge","layer":"passenger","locationId":"0b9d5ed6-613f-459a-95d2-a894aa9fb6fa","name":"TNLP011089 - Jan Pieter Heijestraat 44, Amsterdam","address":"44 Jan Pieter Heijestraat","city":"Amsterdam","operatorName":"TotalEnergies","maxPowerKw":17,"isMegawatt":false,"status":"CHARGING","source":"ndw"}},{"type":"Feature","geometry":{"type":"Point","coordinates":[4.844616,52.374573]},"properties":{"type":"charge","layer":"passenger","locationId":"0e675ab8-90f7-40cd-bd15-00f842008f27","name":"TNLP011078 - Amundsenweg 12, Amsterdam","address":"12 Amundsenweg","city":"Amsterdam","operatorName":"TotalEnergies","maxPowerKw":17,"isMegawatt":false,"status":"AVAILABLE","source":"ndw"}},{"type":"Feature","geometry":{"type":"Point","coordinates":[4.863533,52.374016]},"properties":{"type":"charge","layer":"passenger","locationId":"f29677df-2ba7-4ac2-8ae9-2c7e6500e8bf","name":"TNLP010893 - Willem de Zwijgerlaan 126, Amsterdam","address":"126 Willem de Zwijgerlaan","city":"Amsterdam","operatorName":"TotalEnergies","maxPowerKw":17,"isMegawatt":false,"status":"AVAILABLE","source":"ndw"}},{"type":"Feature","geometry":{"type":"Point","coordinates":[4.88864,52.346523]},"properties":{"type":"charge","layer":"passenger","locationId":"ce57f499-1975-433f-8999-92f5d992c88c","name":"TNLP010619 - Deurloostraat 90, Amsterdam","address":"90 Deurloostraat","city":"Amsterdam","operatorName":"TotalEnergies","maxPowerKw":17,"isMegawatt":false,"status":"CHARGING","source":"ndw"}},{"type":"Feature","geometry":{"type":"Point","coordinates":[5.00242,52.349075]},"properties":{"type":"charge","layer":"passenger","locationId":"15cff209-0ff9-4b97-a955-68bfb97d83de","name":"TNLP010621 - Nico Jessekade 69, Amsterdam","address":"69 Nico Jessekade","city":"Amsterdam","operatorName":"TotalEnergies","maxPowerKw":17,"isMegawatt":false,"status":"AVAILABLE","source":"ndw"}},{"type":"Feature","geometry":{"type":"Point","coordinates":[4.941994,52.36125]},"properties":{"type":"charge","layer":"passenger","locationId":"78807a38-50a0-4b21-96eb-237c6a2e065d","name":"TNLP010043 - Bataviastraat 18, Amsterdam","address":"18 Bataviastraat","city":"Amsterdam","operatorName":"TotalEnergies","maxPowerKw":17,"isMegawatt":false,"status":"CHARGING","source":"ndw"}},{"type":"Feature","geometry":{"type":"Point","coordinates":[4.835312,52.386847]},"properties":{"type":"charge","layer":"passenger","locationId":"NLENV529","name":"Amsterdam, Barajasweg 78","address":"Barajasweg 78","city":"Amsterdam","operatorName":"","maxPowerKw":22,"isMegawatt":false,"status":"AVAILABLE","source":"ndw","priceKwh":0.5}},{"type":"Feature","geometry":{"type":"Point","coordinates":[4.92,52.34866]},"properties":{"type":"charge","layer":"passenger","locationId":"1fb1ed8a-a5d1-4826-a744-03cec48e8165","name":"TNLP010822 - James Wattstraat 100, Amsterdam","address":"100 James Wattstraat","city":"Amsterdam","operatorName":"TotalEnergies","maxPowerKw":17,"isMegawatt":false,"status":"AVAILABLE","source":"ndw"}},{"type":"Feature","geometry":{"type":"Point","coordinates":[4.915328,52.352875]},"properties":{"type":"charge","layer":"passenger","locationId":"6dbabfd4-d4b7-443e-96f7-a0610d9ae2ab","name":"TNLP010806 - Ben Viljoenstraat 2, Amsterdam","address":"2 Ben Viljoenstraat","city":"Amsterdam","operatorName":"TotalEnergies","maxPowerKw":17,"isMegawatt":false,"status":"AVAILABLE","source":"ndw"}},{"type":"Feature","geometry":{"type":"Point","coordinates":[4.94118,52.310243]},"properties":{"type":"charge","layer":"passenger","locationId":"NLLOC021201","name":"NLD, Amsterdam, De Entree 228","address":"De Entree 228","city":"Amsterdam","operatorName":"Allego","maxPowerKw":22,"isMegawatt":false,"status":"AVAILABLE","source":"ndw","priceKwh":0.495}},{"type":"Feature","geometry":{"type":"Point","coordinates":[4.915556,52.403614]},"properties":{"type":"charge","layer":"passenger","locationId":"95e50e87-b168-4093-90e5-a467e61ca2e2","name":"TNLP010770 - Fluitschipstraat 3, Amsterdam","address":"3 Fluitschipstraat","city":"Amsterdam","operatorName":"TotalEnergies","maxPowerKw":17,"isMegawatt":false,"status":"AVAILABLE","source":"ndw"}},{"type":"Feature","geometry":{"type":"Point","coordinates":[4.83666,52.348618]},"properties":{"type":"charge","layer":"passenger","locationId":"6ca0b5b7-15f7-4cc2-b6a6-91ec72f5f2a4","name":"TNLP011471 - Maassluisstraat 45, Amsterdam","address":"45 Maassluisstraat","city":"Amsterdam","operatorName":"TotalEnergies","maxPowerKw":17,"isMegawatt":false,"status":"AVAILABLE","source":"ndw"}},{"type":"Feature","geometry":{"type":"Point","coordinates":[4.796518,52.34974]},"properties":{"type":"charge","layer":"passenger","locationId":"1f990897-df4d-49d0-b857-35901089678b","name":"TNLP010933 - Klaas Katerstraat 115, Amsterdam","address":"115 Klaas Katerstraat","city":"Amsterdam","operatorName":"TotalEnergies","maxPowerKw":17,"isMegawatt":false,"status":"CHARGING","source":"ndw"}},{"type":"Feature","geometry":{"type":"Point","coordinates":[4.938069,52.371086]},"properties":{"type":"charge","layer":"passenger","locationId":"c95a9c34-0337-40d2-8475-6bc51d00e33b","name":"TNLP010452 - Borneolaan 390, Amsterdam","address":"390 Borneolaan","city":"Amsterdam","operatorName":"TotalEnergies","maxPowerKw":17,"isMegawatt":false,"status":"AVAILABLE","source":"ndw"}},{"type":"Feature","geometry":{"type":"Point","coordinates":[4.856551,52.357843]},"properties":{"type":"charge","layer":"passenger","locationId":"68828520cdb7fc2050b064f4","name":"Conscious Hotel Vondelpark B.V.","address":"Overtoom 519","city":"Amsterdam","operatorName":"Pluq","maxPowerKw":11,"isMegawatt":false,"status":"AVAILABLE","source":"ndw","priceKwh":0.4}},{"type":"Feature","geometry":{"type":"Point","coordinates":[5.036921,52.314045]},"properties":{"type":"charge","layer":"passenger","locationId":"e3b579f3-599b-407b-8cac-4f13829db835","name":"TNLP011620 - Jan Prinsstraat 42, Weesp","address":"42 Jan Prinsstraat","city":"Weesp","operatorName":"TotalEnergies","maxPowerKw":17,"isMegawatt":false,"status":"CHARGING","source":"ndw"}},{"type":"Feature","geometry":{"type":"Point","coordinates":[4.936233,52.354683]},"properties":{"type":"charge","layer":"passenger","locationId":"22ea758a-15de-4419-827d-dab2b1265dab","name":"TNLP011024 - Meester P.N. Arntzeniusweg 71, Amsterdam","address":"71 Meester P.N. Arntzeniusweg","city":"Amsterdam","operatorName":"TotalEnergies","maxPowerKw":17,"isMegawatt":false,"status":"CHARGING","source":"ndw"}},{"type":"Feature","geometry":{"type":"Point","coordinates":[4.88258,52.370834]},"properties":{"type":"charge","layer":"passenger","locationId":"3cf6947a-d7b8-41d8-996a-c6ffd3bfd012","name":"TNLP011244 - Prinsengracht 278, Amsterdam","address":"278 Prinsengracht","city":"Amsterdam","operatorName":"TotalEnergies","maxPowerKw":17,"isMegawatt":false,"status":"AVAILABLE","source":"ndw"}},{"type":"Feature","geometry":{"type":"Point","coordinates":[4.86784,52.34782]},"properties":{"type":"charge","layer":"passenger","locationId":"41a85169-4769-4005-a875-302161c01081","name":"TNLP010744 - Olympiaplein 53, Amsterdam","address":"53 Olympiaplein","city":"Amsterdam","operatorName":"TotalEnergies","maxPowerKw":17,"isMegawatt":false,"status":"AVAILABLE","source":"ndw"}},{"type":"Feature","geometry":{"type":"Point","coordinates":[4.884455,52.417007]},"properties":{"type":"charge","layer":"passenger","locationId":"47361ef5-625a-4aa4-9ad9-e6e30fe9c1db","name":"TNLP010246 - Kermispad 95, Amsterdam","address":"95 Kermispad","city":"Amsterdam","operatorName":"TotalEnergies","maxPowerKw":17,"isMegawatt":false,"status":"AVAILABLE","source":"ndw"}},{"type":"Feature","geometry":{"type":"Point","coordinates":[4.858929,52.3797]},"properties":{"type":"charge","layer":"passenger","locationId":"6b54848b-0b94-4a1c-a033-cbf41838ed13","name":"TNLP011224 - Karel Doormanstraat 132, Amsterdam","address":"132 Karel Doormanstraat","city":"Amsterdam","operatorName":"TotalEnergies","maxPowerKw":17,"isMegawatt":false,"status":"AVAILABLE","source":"ndw"}},{"type":"Feature","geometry":{"type":"Point","coordinates":[4.802684,52.35288]},"properties":{"type":"charge","layer":"passenger","locationId":"e092c960-036a-4341-867f-25998db1f233","name":"TNLP011457 - Hoekenes 90, Amsterdam","address":"90 Hoekenes","city":"Amsterdam","operatorName":"TotalEnergies","maxPowerKw":17,"isMegawatt":false,"status":"AVAILABLE","source":"ndw"}},{"type":"Feature","geometry":{"type":"Point","coordinates":[4.950583,52.319855]},"properties":{"type":"charge","layer":"passenger","locationId":"6a1b7aa4-51a7-404e-9fd2-21dbe49e3dd5","name":"TNLP011344 - Demerarastraat 23, Amsterdam","address":"23 Demerarastraat","city":"Amsterdam","operatorName":"TotalEnergies","maxPowerKw":17,"isMegawatt":false,"status":"AVAILABLE","source":"ndw"}},{"type":"Feature","geometry":{"type":"Point","coordinates":[5.002315,52.352867]},"properties":{"type":"charge","layer":"passenger","locationId":"e5eff70f-e135-43cd-a857-eb18f6c93941","name":"TNLP010989 - Eva Besnyöstraat 6, Amsterdam","address":"6 Eva Besnyöstraat","city":"Amsterdam","operatorName":"TotalEnergies","maxPowerKw":17,"isMegawatt":false,"status":"AVAILABLE","source":"ndw"}},{"type":"Feature","geometry":{"type":"Point","coordinates":[4.881485,52.393738]},"properties":{"type":"charge","layer":"passenger","locationId":"f59f8872-608e-4e32-b131-b0f5ec38d8e9","name":"TNLP011430 - Revaleiland 404, Amsterdam","address":"404 Revaleiland","city":"Amsterdam","operatorName":"TotalEnergies","maxPowerKw":17,"isMegawatt":false,"status":"CHARGING","source":"ndw"}},{"type":"Feature","geometry":{"type":"Point","coordinates":[4.848509,52.34949]},"properties":{"type":"charge","layer":"passenger","locationId":"b4306abc-6ec1-4b02-ae65-1f11b66396ef","name":"TNLP010037 - Rietwijkerstraat 41, Amsterdam","address":"41 Rietwijkerstraat","city":"Amsterdam","operatorName":"TotalEnergies","maxPowerKw":17,"isMegawatt":false,"status":"UNAVAILABLE","source":"ndw"}},{"type":"Feature","geometry":{"type":"Point","coordinates":[4.946343,52.308645]},"properties":{"type":"charge","layer":"passenger","locationId":"ecbed39021154565959c18cd77273a0c","name":"Antartica ","address":"Hoogoorddreef 3","city":"Amsterdam","operatorName":"","maxPowerKw":11,"isMegawatt":false,"status":"AVAILABLE","source":"ndw","priceKwh":0.8}},{"type":"Feature","geometry":{"type":"Point","coordinates":[4.856549,52.361176]},"properties":{"type":"charge","layer":"passenger","locationId":"9e448a23-a601-448e-8a6d-4f9003170b84","name":"TNLP010199 - Nepveustraat 27, Amsterdam","address":"27 Nepveustraat","city":"Amsterdam","operatorName":"TotalEnergies","maxPowerKw":17,"isMegawatt":false,"status":"UNAVAILABLE","source":"ndw"}},{"type":"Feature","geometry":{"type":"Point","coordinates":[4.878699,52.356693]},"properties":{"type":"charge","layer":"passenger","locationId":"a04908e8-12b8-4f68-88a9-27b52572e419","name":"TNLP011106 - Alexander Boersstraat 2, Amsterdam","address":"2 Alexander Boersstraat","city":"Amsterdam","operatorName":"TotalEnergies","maxPowerKw":17,"isMegawatt":false,"status":"CHARGING","source":"ndw"}},{"type":"Feature","geometry":{"type":"Point","coordinates":[4.849794,52.382004]},"properties":{"type":"charge","layer":"passenger","locationId":"b3896e6d-26f5-49f0-9da7-05834fb8ec2f","name":"Laadplein - TNLP010202 - Sara Burgerhartstraat 1, Amsterdam","address":"1 Sara Burgerhartstraat","city":"Amsterdam","operatorName":"TotalEnergies","maxPowerKw":17,"isMegawatt":false,"status":"AVAILABLE","source":"ndw"}},{"type":"Feature","geometry":{"type":"Point","coordinates":[4.9408,52.304337]},"properties":{"type":"charge","layer":"passenger","locationId":"923438","name":"DAE_NL_2000902","address":"Lemelerbergweg 61","city":"Amsterdam","operatorName":"DAEN Mobility","maxPowerKw":11,"isMegawatt":false,"status":"AVAILABLE","source":"ndw","priceKwh":0.29}},{"type":"Feature","geometry":{"type":"Point","coordinates":[4.8657,52.3692]},"properties":{"type":"charge","layer":"passenger","locationId":"64ecd0d9-026b-4729-b893-74809451070e","name":"TNLP011090 - Douwes Dekkerstraat 2, Amsterdam","address":"2 Douwes Dekkerstraat","city":"Amsterdam","operatorName":"TotalEnergies","maxPowerKw":17,"isMegawatt":false,"status":"AVAILABLE","source":"ndw"}},{"type":"Feature","geometry":{"type":"Point","coordinates":[5.038964,52.318203]},"properties":{"type":"charge","layer":"passenger","locationId":"f3f565e4-a6f8-4309-bf86-4c8102c4872a","name":"TNLP011858 - Abcoudepad 2, Weesp","address":"2 Abcoudepad","city":"Weesp","operatorName":"TotalEnergies","maxPowerKw":17,"isMegawatt":false,"status":"AVAILABLE","source":"ndw"}},{"type":"Feature","geometry":{"type":"Point","coordinates":[4.995449,52.35547]},"properties":{"type":"charge","layer":"passenger","locationId":"953b0bdc-bd0f-40c3-baea-821fccbfd7c5","name":"TNLP010954 - Diemerparklaan 15, Amsterdam","address":"15 Diemerparklaan","city":"Amsterdam","operatorName":"TotalEnergies","maxPowerKw":17,"isMegawatt":false,"status":"CHARGING","source":"ndw"}},{"type":"Feature","geometry":{"type":"Point","coordinates":[4.920931,52.373862]},"properties":{"type":"charge","layer":"passenger","locationId":"NLLOC027160","name":"NLD, Amsterdam, Kat­ten­bur­ger­straat 302-304","address":"Kat­ten­bur­ger­straat 302-304","city":"Amsterdam","operatorName":"Allego","maxPowerKw":22,"isMegawatt":false,"status":"UNAVAILABLE","source":"ndw","priceKwh":0.495}},{"type":"Feature","geometry":{"type":"Point","coordinates":[4.874897,52.37938]},"properties":{"type":"charge","layer":"passenger","locationId":"85ff316d-1fad-4eda-8324-4789a7931a01","name":"TNLP010640 - Amaliastraat 2, Amsterdam","address":"2 Amaliastraat","city":"Amsterdam","operatorName":"TotalEnergies","maxPowerKw":17,"isMegawatt":false,"status":"UNAVAILABLE","source":"ndw"}},{"type":"Feature","geometry":{"type":"Point","coordinates":[4.828311,52.356503]},"properties":{"type":"charge","layer":"passenger","locationId":"451770ad-d770-42ef-8077-6976af59b170","name":"TNLP010929 - Fijnje van Salverdastraat 10, Amsterdam","address":"10 Fijnje van Salverdastraat","city":"Amsterdam","operatorName":"TotalEnergies","maxPowerKw":17,"isMegawatt":false,"status":"AVAILABLE","source":"ndw"}},{"type":"Feature","geometry":{"type":"Point","coordinates":[4.87333,52.33597]},"properties":{"type":"charge","layer":"passenger","locationId":"D3A00ED6-790C-4505-92A7-FAB56F17F4E9","name":"Eneco eMobility Maarsen Groep - Gerswin garage - Amsterdam","address":"George Gershwinlaan 67","city":"Amsterdam","operatorName":"Eneco","maxPowerKw":22,"isMegawatt":false,"status":"AVAILABLE","source":"ndw","priceKwh":0.6}},{"type":"Feature","geometry":{"type":"Point","coordinates":[5.039274,52.304337]},"properties":{"type":"charge","layer":"passenger","locationId":"8bcb445c-2b9f-450b-a137-5ce950c82185","name":"TNLP011368 - Hugo de Grootlaan 23, Weesp","address":"23 Hugo de Grootlaan","city":"Weesp","operatorName":"TotalEnergies","maxPowerKw":17,"isMegawatt":false,"status":"AVAILABLE","source":"ndw"}},{"type":"Feature","geometry":{"type":"Point","coordinates":[4.89438,52.37273]},"properties":{"type":"charge","layer":"passenger","locationId":"F9A3EFA7-9D78-43DE-B22F-2786B5563BF4","name":"Eneco eMobility NH Grand Hotel Krasnapolsky - Dam 9 1012JS Amsterdam","address":"Dam 9","city":"Amsterdam","operatorName":"Eneco","maxPowerKw":22,"isMegawatt":false,"status":"AVAILABLE","source":"ndw","priceKwh":0.45}},{"type":"Feature","geometry":{"type":"Point","coordinates":[4.886961,52.35043]},"properties":{"type":"charge","layer":"passenger","locationId":"112aaf95-da73-4864-b309-71f84d261760","name":"TNLP011903 - Cornelis Trooststraat 2, Amsterdam","address":"2 Cornelis Trooststraat","city":"Amsterdam","operatorName":"TotalEnergies","maxPowerKw":17,"isMegawatt":false,"status":"AVAILABLE","source":"ndw"}},{"type":"Feature","geometry":{"type":"Point","coordinates":[4.994536,52.359493]},"properties":{"type":"charge","layer":"passenger","locationId":"d795c687-eb1e-4e2c-a269-f342f3f2588a","name":"TNLP011418 - Jean Desmetstraat 85, Amsterdam","address":"85 Jean Desmetstraat","city":"Amsterdam","operatorName":"TotalEnergies","maxPowerKw":17,"isMegawatt":false,"status":"AVAILABLE","source":"ndw"}},{"type":"Feature","geometry":{"type":"Point","coordinates":[4.912404,52.405445]},"properties":{"type":"charge","layer":"passenger","locationId":"f0ba7ae7-8b09-4e2f-bab4-ef920e9a6979","name":"TNLP011381 - Lichterstraat 69, Amsterdam","address":"69 Lichterstraat","city":"Amsterdam","operatorName":"TotalEnergies","maxPowerKw":17,"isMegawatt":false,"status":"CHARGING","source":"ndw"}},{"type":"Feature","geometry":{"type":"Point","coordinates":[5.047576,52.319219]},"properties":{"type":"charge","layer":"passenger","locationId":"6a27cd58fe530b8f97214b37","name":"Gouwparklaan 16 binnenterrein","address":"Gouwparklaan 16","city":"Weesp","operatorName":"E-Flux by Road","maxPowerKw":17,"isMegawatt":false,"status":"AVAILABLE","source":"ndw","priceKwh":0.73}},{"type":"Feature","geometry":{"type":"Point","coordinates":[4.885828,52.349711]},"properties":{"type":"charge","layer":"passenger","locationId":"862233F2-D4C6-417D-9621-08E45A82323C","name":"TNLP030022","address":"Hobbemakade 121","city":"Amsterdam","operatorName":"TotalEnergies","maxPowerKw":120,"isMegawatt":false,"status":"AVAILABLE","source":"ndw"}},{"type":"Feature","geometry":{"type":"Point","coordinates":[4.936156,52.302728]},"properties":{"type":"charge","layer":"passenger","locationId":"62a08ca435d56b2e44b5c72d","name":"Renault Nieuwendijk Amsterdam DC Snellader2 * 75 KWH","address":"Klokkenbergweg 13","city":"Amsterdam","operatorName":"Renault","maxPowerKw":88,"isMegawatt":false,"status":"AVAILABLE","source":"ndw","priceKwh":0.82}},{"type":"Feature","geometry":{"type":"Point","coordinates":[4.867656,52.326904]},"properties":{"type":"charge","layer":"passenger","locationId":"ee4213b2-4b8b-40b9-819d-bdf8eaa2744b","name":"TNLP010819 - Radboud 20, Amsterdam","address":"20 Radboud","city":"Amsterdam","operatorName":"TotalEnergies","maxPowerKw":17,"isMegawatt":false,"status":"CHARGING","source":"ndw"}},{"type":"Feature","geometry":{"type":"Point","coordinates":[4.838675,52.35915]},"properties":{"type":"charge","layer":"passenger","locationId":"5c648ee6-2240-4d8b-8097-194075647672","name":"TNLP011105 - Johan Jongkindstraat 25, Amsterdam","address":"25 Johan Jongkindstraat","city":"Amsterdam","operatorName":"TotalEnergies","maxPowerKw":17,"isMegawatt":false,"status":"AVAILABLE","source":"ndw"}},{"type":"Feature","geometry":{"type":"Point","coordinates":[4.786851,52.392265]},"properties":{"type":"charge","layer":"passenger","locationId":"1525311b-5b39-428e-9e67-a8dfab316a46","name":"TNLP010935 - Abberdaan 172, Amsterdam","address":"172 Abberdaan","city":"Amsterdam","operatorName":"TotalEnergies","maxPowerKw":17,"isMegawatt":false,"status":"AVAILABLE","source":"ndw"}},{"type":"Feature","geometry":{"type":"Point","coordinates":[4.893108,52.356598]},"properties":{"type":"charge","layer":"passenger","locationId":"04321b17-ca7f-492f-b81b-8ef53294e3f5","name":"TNLP010234 - Quellijnstraat 116, Amsterdam","address":"116 Quellijnstraat","city":"Amsterdam","operatorName":"TotalEnergies","maxPowerKw":17,"isMegawatt":false,"status":"CHARGING","source":"ndw"}},{"type":"Feature","geometry":{"type":"Point","coordinates":[4.910183,52.397745]},"properties":{"type":"charge","layer":"passenger","locationId":"NLENV663","name":"Amsterdam, Klaprozenweg 36B (Ivy Amsterdam)","address":"Klaprozenweg 36B","city":"Amsterdam","operatorName":"","maxPowerKw":11,"isMegawatt":false,"status":"AVAILABLE","source":"ndw","priceKwh":0.3}},{"type":"Feature","geometry":{"type":"Point","coordinates":[4.876596,52.378686]},"properties":{"type":"charge","layer":"passenger","locationId":"NLLOC027825","name":"NLD. Amsterdam Marnixgarage","address":"Frederik Hendrikplantsoen 25","city":"Amsterdam","operatorName":"Allego","maxPowerKw":22,"isMegawatt":false,"status":"AVAILABLE","source":"ndw","priceKwh":0.4}},{"type":"Feature","geometry":{"type":"Point","coordinates":[4.850789,52.369502]},"properties":{"type":"charge","layer":"passenger","locationId":"NLLOC026445","name":"NLD, Amsterdam, Mercatorplein 2","address":"Mercatorplein 2","city":"Amsterdam","operatorName":"Allego","maxPowerKw":22,"isMegawatt":false,"status":"AVAILABLE","source":"ndw","priceKwh":0.495}},{"type":"Feature","geometry":{"type":"Point","coordinates":[4.909612,52.354576]},"properties":{"type":"charge","layer":"passenger","locationId":"dde29747-1eba-4f33-944f-f177faf43113","name":"TNLP010752 - Burmanstraat 8, Amsterdam","address":"8 Burmanstraat","city":"Amsterdam","operatorName":"TotalEnergies","maxPowerKw":17,"isMegawatt":false,"status":"CHARGING","source":"ndw"}},{"type":"Feature","geometry":{"type":"Point","coordinates":[4.867708,52.37546]},"properties":{"type":"charge","layer":"passenger","locationId":"c9325e6f-4446-4853-a5a5-b5a255a60852","name":"TNLP010362 - Marcantilaan 1, Amsterdam","address":"1 Marcantilaan","city":"Amsterdam","operatorName":"TotalEnergies","maxPowerKw":17,"isMegawatt":false,"status":"CHARGING","source":"ndw"}},{"type":"Feature","geometry":{"type":"Point","coordinates":[4.802257,52.358982]},"properties":{"type":"charge","layer":"passenger","locationId":"1ec992ac-cf1a-4f15-92f1-c30e0ec718b3","name":"TNLP011177 - M. Hanenbergstraat 30, Amsterdam","address":"30 M. Hanenbergstraat","city":"Amsterdam","operatorName":"TotalEnergies","maxPowerKw":17,"isMegawatt":false,"status":"AVAILABLE","source":"ndw"}},{"type":"Feature","geometry":{"type":"Point","coordinates":[4.871952,52.374615]},"properties":{"type":"charge","layer":"passenger","locationId":"615C437F-0312-431C-B2C9-892A8444CDDF","name":"TNLP010942","address":"Van Houweningenstraat 3","city":"Amsterdam","operatorName":"TotalEnergies","maxPowerKw":17,"isMegawatt":false,"status":"CHARGING","source":"ndw"}},{"type":"Feature","geometry":{"type":"Point","coordinates":[4.874784,52.384026]},"properties":{"type":"charge","layer":"passenger","locationId":"15960fc0-8f74-4c15-a320-1cda3faa444a","name":"TNLP011361 - Bentinckstraat 11 HS, Amsterdam","address":"11 HS Bentinckstraat","city":"Amsterdam","operatorName":"TotalEnergies","maxPowerKw":17,"isMegawatt":false,"status":"AVAILABLE","source":"ndw"}},{"type":"Feature","geometry":{"type":"Point","coordinates":[4.816135,52.349808]},"properties":{"type":"charge","layer":"passenger","locationId":"99998e18-bc68-41fc-b00b-7e780cb01d3a","name":"TNLP010320 - Laan van Vlaanderen 17, Amsterdam","address":"17 Laan van Vlaanderen","city":"Amsterdam","operatorName":"TotalEnergies","maxPowerKw":17,"isMegawatt":false,"status":"CHARGING","source":"ndw"}},{"type":"Feature","geometry":{"type":"Point","coordinates":[4.793924,52.35435]},"properties":{"type":"charge","layer":"passenger","locationId":"bf59fbf5-27f5-40ce-a12c-b5998dc6570f","name":"TNLP011469 - Rengerskerkestraat 104, Amsterdam","address":"104 Rengerskerkestraat","city":"Amsterdam","operatorName":"TotalEnergies","maxPowerKw":17,"isMegawatt":false,"status":"AVAILABLE","source":"ndw"}},{"type":"Feature","geometry":{"type":"Point","coordinates":[4.869401,52.354298]},"properties":{"type":"charge","layer":"passenger","locationId":"3cec71a2-402e-4f16-b43d-36ef1637539a","name":"TNLP011386 - Valeriusstraat 79, Amsterdam","address":"79 Valeriusstraat","city":"Amsterdam","operatorName":"TotalEnergies","maxPowerKw":17,"isMegawatt":false,"status":"CHARGING","source":"ndw"}},{"type":"Feature","geometry":{"type":"Point","coordinates":[4.885936,52.353867]},"properties":{"type":"charge","layer":"passenger","locationId":"e65b5e13-c5bf-4584-a761-b00d18a4418b","name":"TNLP010388 - Cornelis Anthoniszstraat 70, Amsterdam","address":"70 Cornelis Anthoniszstraat","city":"Amsterdam","operatorName":"TotalEnergies","maxPowerKw":17,"isMegawatt":false,"status":"AVAILABLE","source":"ndw"}},{"type":"Feature","geometry":{"type":"Point","coordinates":[4.792188,52.357067]},"properties":{"type":"charge","layer":"passenger","locationId":"ecd41bd7-5c84-4770-9b12-4b6e05986d9e","name":"TNLP011866 - Pakingehof 32, Amsterdam","address":"32 Pakingehof","city":"Amsterdam","operatorName":"TotalEnergies","maxPowerKw":17,"isMegawatt":false,"status":"CHARGING","source":"ndw"}},{"type":"Feature","geometry":{"type":"Point","coordinates":[4.840342,52.350113]},"properties":{"type":"charge","layer":"passenger","locationId":"ccf1d6ff-305c-45c6-97d4-58b0df3f5a61","name":"TNLP011909 - Rijswijkstraat 9, Amsterdam","address":"9 Rijswijkstraat","city":"Amsterdam","operatorName":"TotalEnergies","maxPowerKw":17,"isMegawatt":false,"status":"AVAILABLE","source":"ndw"}},{"type":"Feature","geometry":{"type":"Point","coordinates":[4.923536,52.343105]},"properties":{"type":"charge","layer":"passenger","locationId":"e59bc91b-2897-4edb-92b9-d830f52bc7ac","name":"TNLP010080 - Torricellistraat 7, Amsterdam","address":"7 Torricellistraat","city":"Amsterdam","operatorName":"TotalEnergies","maxPowerKw":17,"isMegawatt":false,"status":"CHARGING","source":"ndw"}},{"type":"Feature","geometry":{"type":"Point","coordinates":[4.817388,52.381027]},"properties":{"type":"charge","layer":"passenger","locationId":"82aa08ea-4ef8-409d-83e2-5fbdfc62e6fb","name":"TNLP011574 - Jan de Louterstraat 71, Amsterdam","address":"71 Jan de Louterstraat","city":"Amsterdam","operatorName":"TotalEnergies","maxPowerKw":17,"isMegawatt":false,"status":"AVAILABLE","source":"ndw"}},{"type":"Feature","geometry":{"type":"Point","coordinates":[4.93725,52.30403]},"properties":{"type":"charge","layer":"passenger","locationId":"86509945-AE12-48A2-8A05-8AB866DAFDA5","name":"Eneco eMobility Hedin 3F B.V. Oud Stern 3F Ardea Amsterdam","address":"Klokkenbergweg 3-5","city":"Amsterdam","operatorName":"Eneco","maxPowerKw":50,"isMegawatt":false,"status":"AVAILABLE","source":"ndw","priceKwh":0.32}},{"type":"Feature","geometry":{"type":"Point","coordinates":[4.908163,52.37615]},"properties":{"type":"charge","layer":"passenger","locationId":"1C429DF0-042F-4C46-8C1C-BD1BEB746AA2","name":"Eneco eMobility Oosterdoksstraat 140 Amsterdam","address":"Oosterdoksstraat 140","city":"Amsterdam","operatorName":"Eneco","maxPowerKw":22,"isMegawatt":false,"status":"AVAILABLE","source":"ndw","priceKwh":0.45}},{"type":"Feature","geometry":{"type":"Point","coordinates":[4.96203,52.393055]},"properties":{"type":"charge","layer":"passenger","locationId":"7adb1f1e-4f2e-4320-bd11-6223fc73a3d3","name":"TNLP010189 - Waalenburgsingel 190, Amsterdam","address":"190 Waalenburgsingel","city":"Amsterdam","operatorName":"TotalEnergies","maxPowerKw":17,"isMegawatt":false,"status":"CHARGING","source":"ndw"}},{"type":"Feature","geometry":{"type":"Point","coordinates":[4.826854,52.339901]},"properties":{"type":"charge","layer":"passenger","locationId":"5734da4a6f3d417d8e26","name":"Amsterdam | Lotus Cars Europe","address":"Johan Huizingalaan 400a","city":"Amsterdam","operatorName":"Opcharge","maxPowerKw":22,"isMegawatt":false,"status":"AVAILABLE","source":"ndw","priceKwh":0.45}},{"type":"Feature","geometry":{"type":"Point","coordinates":[4.892852,52.343327]},"properties":{"type":"charge","layer":"passenger","locationId":"3ebb7c9a-a36d-400c-a895-49cdaa385d51","name":"TNLP010469 - Zoomstraat 41, Amsterdam","address":"41 Zoomstraat","city":"Amsterdam","operatorName":"TotalEnergies","maxPowerKw":17,"isMegawatt":false,"status":"UNAVAILABLE","source":"ndw"}},{"type":"Feature","geometry":{"type":"Point","coordinates":[4.924616,52.36609]},"properties":{"type":"charge","layer":"passenger","locationId":"7b53451f-4328-415a-8a9d-ca081dd00341","name":"TNLP010171 - Ingenieur Jakoba Mulderplein 59, Amsterdam","address":"59 Ingenieur Jakoba Mulderplein","city":"Amsterdam","operatorName":"TotalEnergies","maxPowerKw":17,"isMegawatt":false,"status":"AVAILABLE","source":"ndw"}},{"type":"Feature","geometry":{"type":"Point","coordinates":[4.880296,52.395767]},"properties":{"type":"charge","layer":"passenger","locationId":"39c6dd8c-d4b2-48c8-9ef6-a413f685c245","name":"TNLP011881 - Houthavenkade 101, Amsterdam","address":"101 Houthavenkade","city":"Amsterdam","operatorName":"TotalEnergies","maxPowerKw":17,"isMegawatt":false,"status":"AVAILABLE","source":"ndw"}},{"type":"Feature","geometry":{"type":"Point","coordinates":[4.927801,52.394188]},"properties":{"type":"charge","layer":"passenger","locationId":"bf7e4252-bee4-4b10-8cd8-c43883077c3b","name":"TNLP011429 - Waddendijk 24, Amsterdam","address":"24 Waddendijk","city":"Amsterdam","operatorName":"TotalEnergies","maxPowerKw":17,"isMegawatt":false,"status":"AVAILABLE","source":"ndw"}},{"type":"Feature","geometry":{"type":"Point","coordinates":[4.908426,52.34699]},"properties":{"type":"charge","layer":"passenger","locationId":"2a7d59fe-8633-4ab9-ad99-e47a18c96427","name":"TNLP010847 - Vrijheidslaan 46, Amsterdam","address":"46 Vrijheidslaan","city":"Amsterdam","operatorName":"TotalEnergies","maxPowerKw":17,"isMegawatt":false,"status":"CHARGING","source":"ndw"}},{"type":"Feature","geometry":{"type":"Point","coordinates":[4.872085,52.348213]},"properties":{"type":"charge","layer":"passenger","locationId":"176d862b-35d3-49ad-9732-a91d6276a17d","name":"TNLP010645 - Minervalaan 44, Amsterdam","address":"44 Minervalaan","city":"Amsterdam","operatorName":"TotalEnergies","maxPowerKw":17,"isMegawatt":false,"status":"AVAILABLE","source":"ndw"}},{"type":"Feature","geometry":{"type":"Point","coordinates":[4.959107,52.356461]},"properties":{"type":"charge","layer":"passenger","locationId":"64ef29adbf470c001da83076","name":"KEN 300 Matrix FIVE","address":"Science Park 406","city":"Amsterdam","operatorName":"E-Flux by Road","maxPowerKw":22,"isMegawatt":false,"status":"AVAILABLE","source":"ndw","priceKwh":0.48}},{"type":"Feature","geometry":{"type":"Point","coordinates":[4.779666,52.383695]},"properties":{"type":"charge","layer":"passenger","locationId":"659d3bea896dbd001c9fb11e","name":"Henk Willem Spruit 's station","address":"Joris van den Berghweg 103","city":"Amsterdam","operatorName":"E-Flux by Road","maxPowerKw":11,"isMegawatt":false,"status":"AVAILABLE","source":"ndw","priceKwh":0.52}},{"type":"Feature","geometry":{"type":"Point","coordinates":[4.954625,52.313428]},"properties":{"type":"charge","layer":"passenger","locationId":"768866B4-EE11-40D0-99F0-2B2351ABFD6B","name":"Q-Park Amsterdam Amsterdamse Poort P","address":"Bijlmerdreef 101","city":"Amsterdam","operatorName":"Q-Park Netherlands","maxPowerKw":11,"isMegawatt":false,"status":"AVAILABLE","source":"ndw"}},{"type":"Feature","geometry":{"type":"Point","coordinates":[4.994725,52.298935]},"properties":{"type":"charge","layer":"passenger","locationId":"4ceb83ab-2a1b-446c-9d5b-c1b8beffc52f","name":"TNLP011491 - Jacob Krüsestraat 71, Amsterdam","address":"71 Jacob Krüsestraat","city":"Amsterdam","operatorName":"TotalEnergies","maxPowerKw":17,"isMegawatt":false,"status":"AVAILABLE","source":"ndw"}},{"type":"Feature","geometry":{"type":"Point","coordinates":[5.004752,52.348427]},"properties":{"type":"charge","layer":"passenger","locationId":"14e7e564-c1ce-4696-80df-a172192d998e","name":"TNLP011231 - Jaap Speyerstraat 167, Amsterdam","address":"167 Jaap Speyerstraat","city":"Amsterdam","operatorName":"TotalEnergies","maxPowerKw":17,"isMegawatt":false,"status":"AVAILABLE","source":"ndw"}},{"type":"Feature","geometry":{"type":"Point","coordinates":[4.82077,52.372658]},"properties":{"type":"charge","layer":"passenger","locationId":"810f604f-8ae7-417e-8168-6545f0c2ef5c","name":"TNLP010335 - H.T. Zwiersplantsoen 35, Amsterdam","address":"35 H.T. Zwiersplantsoen","city":"Amsterdam","operatorName":"TotalEnergies","maxPowerKw":17,"isMegawatt":false,"status":"CHARGING","source":"ndw"}},{"type":"Feature","geometry":{"type":"Point","coordinates":[4.917883,52.406536]},"properties":{"type":"charge","layer":"passenger","locationId":"425f0969-5bca-461d-9d39-9d7ef5531a52","name":"TNLP011318 - Banneplein 120, Amsterdam","address":"120 Banneplein","city":"Amsterdam","operatorName":"TotalEnergies","maxPowerKw":17,"isMegawatt":false,"status":"AVAILABLE","source":"ndw"}},{"type":"Feature","geometry":{"type":"Point","coordinates":[4.853714,52.392561]},"properties":{"type":"charge","layer":"passenger","locationId":"728237EB-DDAA-4C95-BD16-C4950EEBF683","name":"TNLP030021","address":"Transformatorweg 28","city":"Amsterdam","operatorName":"TotalEnergies","maxPowerKw":120,"isMegawatt":false,"status":"AVAILABLE","source":"ndw"}},{"type":"Feature","geometry":{"type":"Point","coordinates":[4.806174,52.366516]},"properties":{"type":"charge","layer":"passenger","locationId":"2776e9f7-2ef6-4f76-ac6c-b264e298eb03","name":"TNLP010314 - President Allendelaan 101, Amsterdam","address":"101 President Allendelaan","city":"Amsterdam","operatorName":"TotalEnergies","maxPowerKw":17,"isMegawatt":false,"status":"CHARGING","source":"ndw"}},{"type":"Feature","geometry":{"type":"Point","coordinates":[4.90193,52.34321]},"properties":{"type":"charge","layer":"passenger","locationId":"e36e2d0c-034e-4b68-b88d-94479ba9172c","name":"TNLP011839 - Waalstraat 118, Amsterdam","address":"118 Waalstraat","city":"Amsterdam","operatorName":"TotalEnergies","maxPowerKw":17,"isMegawatt":false,"status":"AVAILABLE","source":"ndw"}},{"type":"Feature","geometry":{"type":"Point","coordinates":[4.794118,52.360546]},"properties":{"type":"charge","layer":"passenger","locationId":"3aa5a470-57d4-4e89-b9d7-b2868e5ef76f","name":"TNLP010425 - Osdorper Ban 763, Amsterdam","address":"763 Osdorper Ban","city":"Amsterdam","operatorName":"TotalEnergies","maxPowerKw":17,"isMegawatt":false,"status":"CHARGING","source":"ndw"}},{"type":"Feature","geometry":{"type":"Point","coordinates":[4.847176,52.354244]},"properties":{"type":"charge","layer":"passenger","locationId":"98367693-7818-4d31-95af-2eda0c5967c6","name":"TNLP010244 - Vogelenzangstraat 44, Amsterdam","address":"44 Vogelenzangstraat","city":"Amsterdam","operatorName":"TotalEnergies","maxPowerKw":17,"isMegawatt":false,"status":"AVAILABLE","source":"ndw"}},{"type":"Feature","geometry":{"type":"Point","coordinates":[4.868821,52.344704]},"properties":{"type":"charge","layer":"passenger","locationId":"0e927359-ba81-47c1-9797-0f73f85ba0b3","name":"TNLP010039 - Watteaustraat 54, Amsterdam","address":"54 Watteaustraat","city":"Amsterdam","operatorName":"TotalEnergies","maxPowerKw":17,"isMegawatt":false,"status":"AVAILABLE","source":"ndw"}},{"type":"Feature","geometry":{"type":"Point","coordinates":[4.852366,52.353806]},"properties":{"type":"charge","layer":"passenger","locationId":"816432c4-3f44-4a43-8606-0dfb2b9a3661","name":"TNLP010854 - Jacob Marisstraat 3, Amsterdam","address":"3 Jacob Marisstraat","city":"Amsterdam","operatorName":"TotalEnergies","maxPowerKw":17,"isMegawatt":false,"status":"AVAILABLE","source":"ndw"}},{"type":"Feature","geometry":{"type":"Point","coordinates":[4.906691,52.40204]},"properties":{"type":"charge","layer":"passenger","locationId":"d610e123-769b-4213-943a-35fb6d75b1f7","name":"TNLP011778 - Buiksloterbreek 77, Amsterdam","address":"77 Buiksloterbreek","city":"Amsterdam","operatorName":"TotalEnergies","maxPowerKw":17,"isMegawatt":false,"status":"AVAILABLE","source":"ndw"}},{"type":"Feature","geometry":{"type":"Point","coordinates":[4.89025,52.339401]},"properties":{"type":"charge","layer":"passenger","locationId":"630e1a1fc7825353c92aef3b","name":"RAI P1","address":"Europaplein 24","city":"Amsterdam","operatorName":"Heijmans","maxPowerKw":11,"isMegawatt":false,"status":"AVAILABLE","source":"ndw","priceKwh":0.49}},{"type":"Feature","geometry":{"type":"Point","coordinates":[4.837138,52.348564]},"properties":{"type":"charge","layer":"passenger","locationId":"a2141ff0-412c-4137-b2de-f62eb8dd3105","name":"TNLP010607 - Voorburgstraat 374, Amsterdam","address":"374 Voorburgstraat","city":"Amsterdam","operatorName":"TotalEnergies","maxPowerKw":17,"isMegawatt":false,"status":"UNAVAILABLE","source":"ndw"}},{"type":"Feature","geometry":{"type":"Point","coordinates":[4.857188,52.36761]},"properties":{"type":"charge","layer":"passenger","locationId":"5b447076-13e0-47f6-840a-a1142c3d2988","name":"TNLP010372 - Admiralengracht 85, Amsterdam","address":"85 Admiralengracht","city":"Amsterdam","operatorName":"TotalEnergies","maxPowerKw":17,"isMegawatt":false,"status":"AVAILABLE","source":"ndw"}},{"type":"Feature","geometry":{"type":"Point","coordinates":[4.88545,52.3573]},"properties":{"type":"charge","layer":"passenger","locationId":"4DB2DB07-9566-48A1-B0E3-2C34F03BB5B2","name":"Eneco eMobility VvE de Hooch - Amsterdam","address":"Pieter de Hoochstraat 11","city":"Amsterdam","operatorName":"Eneco","maxPowerKw":22,"isMegawatt":false,"status":"AVAILABLE","source":"ndw","priceKwh":0.28}},{"type":"Feature","geometry":{"type":"Point","coordinates":[4.878492,52.3339]},"properties":{"type":"charge","layer":"passenger","locationId":"6480be9b-ed43-4885-a5e2-022e8994f627","name":"TNLP010858 - Crackstate 37, Amsterdam","address":"37 Crackstate","city":"Amsterdam","operatorName":"TotalEnergies","maxPowerKw":17,"isMegawatt":false,"status":"AVAILABLE","source":"ndw"}},{"type":"Feature","geometry":{"type":"Point","coordinates":[4.817529,52.377995]},"properties":{"type":"charge","layer":"passenger","locationId":"c3d65694-ece3-490a-8a19-f2a1482b28d3","name":"TNLP010542 - Van Moerkerkenstraat 23, Amsterdam","address":"23 Van Moerkerkenstraat","city":"Amsterdam","operatorName":"TotalEnergies","maxPowerKw":17,"isMegawatt":false,"status":"CHARGING","source":"ndw"}},{"type":"Feature","geometry":{"type":"Point","coordinates":[4.930442,52.370354]},"properties":{"type":"charge","layer":"passenger","locationId":"7e8b505d-3731-4fa9-b9a2-cd50b7bfa475","name":"TNLP010605 - Tweede Leeghwaterstraat 30, Amsterdam","address":"30 Tweede Leeghwaterstraat","city":"Amsterdam","operatorName":"TotalEnergies","maxPowerKw":17,"isMegawatt":false,"status":"AVAILABLE","source":"ndw"}},{"type":"Feature","geometry":{"type":"Point","coordinates":[4.916746,52.36366]},"properties":{"type":"charge","layer":"passenger","locationId":"2685bb67-6e63-4980-bd83-6214ade8cfbf","name":"TNLP010996 - Plantage Muidergracht 137, Amsterdam","address":"137 Plantage Muidergracht","city":"Amsterdam","operatorName":"TotalEnergies","maxPowerKw":17,"isMegawatt":false,"status":"AVAILABLE","source":"ndw"}},{"type":"Feature","geometry":{"type":"Point","coordinates":[4.914008,52.40579]},"properties":{"type":"charge","layer":"passenger","locationId":"c4ce0f43-4d3b-48ba-8d79-adc22cb94111","name":"TNLP010013 - Dekschuitstraat 138, Amsterdam","address":"138 Dekschuitstraat","city":"Amsterdam","operatorName":"TotalEnergies","maxPowerKw":17,"isMegawatt":false,"status":"AVAILABLE","source":"ndw"}},{"type":"Feature","geometry":{"type":"Point","coordinates":[4.876691,52.380203]},"properties":{"type":"charge","layer":"passenger","locationId":"f1c7b84e-bfdc-4028-970d-b91e2cfe2fdb","name":"TNLP010805 - Lodewijk Tripstraat 8, Amsterdam","address":"8 Lodewijk Tripstraat","city":"Amsterdam","operatorName":"TotalEnergies","maxPowerKw":17,"isMegawatt":false,"status":"CHARGING","source":"ndw"}},{"type":"Feature","geometry":{"type":"Point","coordinates":[4.801934,52.36195]},"properties":{"type":"charge","layer":"passenger","locationId":"8b0895be-3230-4289-afc5-ceb6d118c0b3","name":"TNLP011041 - Notweg 54, Amsterdam","address":"54 Notweg","city":"Amsterdam","operatorName":"TotalEnergies","maxPowerKw":17,"isMegawatt":false,"status":"AVAILABLE","source":"ndw"}},{"type":"Feature","geometry":{"type":"Point","coordinates":[4.877701,52.358074]},"properties":{"type":"charge","layer":"passenger","locationId":"036bd2c8-e407-4fee-b941-34d03a6efa19","name":"TNLP010249 - Alexander Boersstraat 25, Amsterdam","address":"25 Alexander Boersstraat","city":"Amsterdam","operatorName":"TotalEnergies","maxPowerKw":17,"isMegawatt":false,"status":"AVAILABLE","source":"ndw"}},{"type":"Feature","geometry":{"type":"Point","coordinates":[5.045987,52.306957]},"properties":{"type":"charge","layer":"passenger","locationId":"55c474a1-0fa0-449e-826b-8c44bc4bae9d","name":"TNLP011480 - Ossenmarkt 14, Weesp","address":"14 Ossenmarkt","city":"Weesp","operatorName":"TotalEnergies","maxPowerKw":17,"isMegawatt":false,"status":"CHARGING","source":"ndw"}},{"type":"Feature","geometry":{"type":"Point","coordinates":[4.88812,52.40834]},"properties":{"type":"charge","layer":"passenger","locationId":"797901C2-CAAC-4D2C-8546-9617E6DA4005","name":"Eneco eMobility Verfgroothandel Plug BV Oscar Aarden - Computerweg - Amsterdam","address":"Computerweg 51","city":"Amsterdam","operatorName":"Eneco","maxPowerKw":22,"isMegawatt":false,"status":"AVAILABLE","source":"ndw","priceKwh":0.32}},{"type":"Feature","geometry":{"type":"Point","coordinates":[4.858468,52.378105]},"properties":{"type":"charge","layer":"passenger","locationId":"870916c3-d471-4ef0-af04-897ffb7c27ed","name":"TNLP010190 - Bestevaerstraat 167, Amsterdam","address":"167 Bestevaerstraat","city":"Amsterdam","operatorName":"TotalEnergies","maxPowerKw":17,"isMegawatt":false,"status":"AVAILABLE","source":"ndw"}},{"type":"Feature","geometry":{"type":"Point","coordinates":[4.929843,52.405395]},"properties":{"type":"charge","layer":"passenger","locationId":"68e78e7f2fa194be2a408792","name":"Landsdorp Charging Point","address":"N.Lansdorpstraat 1","city":"Amsterdam","operatorName":"E-Flux by Road","maxPowerKw":22,"isMegawatt":false,"status":"AVAILABLE","source":"ndw","priceKwh":0.43}},{"type":"Feature","geometry":{"type":"Point","coordinates":[5.037675,52.318596]},"properties":{"type":"charge","layer":"passenger","locationId":"b6f24e48-9b04-4040-83b9-f8f620080494","name":"TNLP011479 - Fort Hinderdamstraat, 4, Weesp","address":"4 Fort Hinderdamstraat","city":"Weesp","operatorName":"TotalEnergies","maxPowerKw":17,"isMegawatt":false,"status":"UNAVAILABLE","source":"ndw"}},{"type":"Feature","geometry":{"type":"Point","coordinates":[4.888687,52.351704]},"properties":{"type":"charge","layer":"passenger","locationId":"085b0f03-0c13-4e9f-8bac-140c79a4ffa8","name":"TNLP010155 - Van Ostadestraat 58, Amsterdam","address":"58 Van Ostadestraat","city":"Amsterdam","operatorName":"TotalEnergies","maxPowerKw":17,"isMegawatt":false,"status":"UNAVAILABLE","source":"ndw"}},{"type":"Feature","geometry":{"type":"Point","coordinates":[4.905328,52.39284]},"properties":{"type":"charge","layer":"passenger","locationId":"680b88ed-08b7-4403-9bec-dea60ec8c20f","name":"TNLP011513 - Distelweg 85, Amsterdam","address":"85 Distelweg","city":"Amsterdam","operatorName":"TotalEnergies","maxPowerKw":17,"isMegawatt":false,"status":"AVAILABLE","source":"ndw"}},{"type":"Feature","geometry":{"type":"Point","coordinates":[4.871928,52.373848]},"properties":{"type":"charge","layer":"passenger","locationId":"af188098-4e36-4b9b-8d8c-6d6e84543a0f","name":"TNLP011467 - Derde Hugo de Grootstraat 40, Amsterdam","address":"40 Derde Hugo de Grootstraat","city":"Amsterdam","operatorName":"TotalEnergies","maxPowerKw":17,"isMegawatt":false,"status":"AVAILABLE","source":"ndw"}},{"type":"Feature","geometry":{"type":"Point","coordinates":[4.874605,52.349342]},"properties":{"type":"charge","layer":"passenger","locationId":"b4d7d49e-4a91-48a9-b555-1c91d4c5bd6c","name":"TNLP011348 - Memlingstraat 21, Amsterdam","address":"21 Memlingstraat","city":"Amsterdam","operatorName":"TotalEnergies","maxPowerKw":17,"isMegawatt":false,"status":"CHARGING","source":"ndw"}},{"type":"Feature","geometry":{"type":"Point","coordinates":[4.896674,52.364796]},"properties":{"type":"charge","layer":"passenger","locationId":"80f62ef0-4451-465c-9c2a-38ce30950e3b","name":"TNLP010866 - Herengracht 546, Amsterdam","address":"546 Herengracht","city":"Amsterdam","operatorName":"TotalEnergies","maxPowerKw":17,"isMegawatt":false,"status":"AVAILABLE","source":"ndw"}},{"type":"Feature","geometry":{"type":"Point","coordinates":[4.912567,52.36187]},"properties":{"type":"charge","layer":"passenger","locationId":"43cd3668-0f8f-4c42-8991-4e4ecdb5484a","name":"TNLP011426 - Spinozastraat 63, Amsterdam","address":"63 Spinozastraat","city":"Amsterdam","operatorName":"TotalEnergies","maxPowerKw":17,"isMegawatt":false,"status":"AVAILABLE","source":"ndw"}},{"type":"Feature","geometry":{"type":"Point","coordinates":[4.856493,52.366425]},"properties":{"type":"charge","layer":"passenger","locationId":"7101c0ef-c2b5-4327-b36e-00b998e57238","name":"TNLP010127 - Marco Polostraat 45, Amsterdam","address":"45 Marco Polostraat","city":"Amsterdam","operatorName":"TotalEnergies","maxPowerKw":17,"isMegawatt":false,"status":"AVAILABLE","source":"ndw"}},{"type":"Feature","geometry":{"type":"Point","coordinates":[4.941737,52.36506]},"properties":{"type":"charge","layer":"passenger","locationId":"e2045100-e12c-4bcf-af68-02d906289819","name":"TNLP011402 - Niasstraat 37, Amsterdam","address":"37 Niasstraat","city":"Amsterdam","operatorName":"TotalEnergies","maxPowerKw":17,"isMegawatt":false,"status":"AVAILABLE","source":"ndw"}},{"type":"Feature","geometry":{"type":"Point","coordinates":[4.850436,52.359753]},"properties":{"type":"charge","layer":"passenger","locationId":"1b9f29af-47d5-4ac9-ab7a-ad92ca23b83c","name":"TNLP011215 - Antillenstraat 42, Amsterdam","address":"42 Antillenstraat","city":"Amsterdam","operatorName":"TotalEnergies","maxPowerKw":17,"isMegawatt":false,"status":"AVAILABLE","source":"ndw"}},{"type":"Feature","geometry":{"type":"Point","coordinates":[4.971807,52.309406]},"properties":{"type":"charge","layer":"passenger","locationId":"NLENV262","name":"Amsterdam, Gooise Kant 350 - Switi","address":"Gooise Kant 350","city":"Amsterdam","operatorName":"","maxPowerKw":11,"isMegawatt":false,"status":"AVAILABLE","source":"ndw","priceKwh":0.35}},{"type":"Feature","geometry":{"type":"Point","coordinates":[4.796574,52.352654]},"properties":{"type":"charge","layer":"passenger","locationId":"eac58d87-e6fb-4456-8b04-cc196e56a3df","name":"TNLP010454 - J.S. Ruppertstraat 33, Amsterdam","address":"33 J.S. Ruppertstraat","city":"Amsterdam","operatorName":"TotalEnergies","maxPowerKw":17,"isMegawatt":false,"status":"CHARGING","source":"ndw"}},{"type":"Feature","geometry":{"type":"Point","coordinates":[4.899879,52.367658]},"properties":{"type":"charge","layer":"passenger","locationId":"NLLOC020915","name":"NLD, Amsterdam, Amstel 1","address":"Amstel 1","city":"Amsterdam","operatorName":"Allego","maxPowerKw":22,"isMegawatt":false,"status":"AVAILABLE","source":"ndw","priceKwh":0.495}},{"type":"Feature","geometry":{"type":"Point","coordinates":[4.895128,52.373903]},"properties":{"type":"charge","layer":"passenger","locationId":"2573524C-16B2-4E9A-8B3B-C9A596A80F32","name":"Q-Park Amsterdam de Bijenkorf","address":"Beursplein 15","city":"Amsterdam","operatorName":"Q-Park Netherlands","maxPowerKw":11,"isMegawatt":false,"status":"AVAILABLE","source":"ndw"}},{"type":"Feature","geometry":{"type":"Point","coordinates":[4.972333,52.297497]},"properties":{"type":"charge","layer":"passenger","locationId":"4f9cd9af-478e-4625-ac8e-83f48951f9bc","name":"TNLP010582 - Rhenenhof 73, Amsterdam","address":"73 Rhenenhof","city":"Amsterdam","operatorName":"TotalEnergies","maxPowerKw":17,"isMegawatt":false,"status":"AVAILABLE","source":"ndw"}},{"type":"Feature","geometry":{"type":"Point","coordinates":[4.980035,52.29734]},"properties":{"type":"charge","layer":"passenger","locationId":"9cd5bf12-201d-4d23-a5a7-131e1f412d8f","name":"TNLP010764 - Parkhof 47, Amsterdam","address":"47 Parkhof","city":"Amsterdam","operatorName":"TotalEnergies","maxPowerKw":17,"isMegawatt":false,"status":"AVAILABLE","source":"ndw"}},{"type":"Feature","geometry":{"type":"Point","coordinates":[4.823092,52.357033]},"properties":{"type":"charge","layer":"passenger","locationId":"9b692e66-b2a1-4c89-a33e-415c66ae4c3a","name":"TNLP010122 - Anske Lammingastraat 6, Amsterdam","address":"6 Anske Lammingastraat","city":"Amsterdam","operatorName":"TotalEnergies","maxPowerKw":17,"isMegawatt":false,"status":"CHARGING","source":"ndw"}},{"type":"Feature","geometry":{"type":"Point","coordinates":[4.915073,52.408361]},"properties":{"type":"charge","layer":"passenger","locationId":"NLLOC026359","name":"NLD, Amsterdam, Bezaanjachtplein 129","address":"Bezaanjachtplein 129","city":"Amsterdam","operatorName":"Allego","maxPowerKw":22,"isMegawatt":false,"status":"AVAILABLE","source":"ndw","priceKwh":0.495}},{"type":"Feature","geometry":{"type":"Point","coordinates":[4.999394,52.35789]},"properties":{"type":"charge","layer":"passenger","locationId":"db0621f2-4369-4e09-86d5-658f9e4cb3df","name":"TNLP011212 - Bert Haanstrakade 370, Amsterdam","address":"370 Bert Haanstrakade","city":"Amsterdam","operatorName":"TotalEnergies","maxPowerKw":17,"isMegawatt":false,"status":"AVAILABLE","source":"ndw"}},{"type":"Feature","geometry":{"type":"Point","coordinates":[4.87166,52.38379]},"properties":{"type":"charge","layer":"passenger","locationId":"fb34ca7c-b291-4632-898d-9baf40b581bd","name":"TNLP010359 - Cliffordstraat 34, Amsterdam","address":"34 Cliffordstraat","city":"Amsterdam","operatorName":"TotalEnergies","maxPowerKw":17,"isMegawatt":false,"status":"AVAILABLE","source":"ndw"}},{"type":"Feature","geometry":{"type":"Point","coordinates":[5.03632,52.3063]},"properties":{"type":"charge","layer":"passenger","locationId":"67253111-9203-4246-b913-6c03ddf9413b","name":"TNLP011910 - Talmastraat 40, Weesp","address":"40 Talmastraat","city":"Weesp","operatorName":"TotalEnergies","maxPowerKw":17,"isMegawatt":false,"status":"AVAILABLE","source":"ndw"}},{"type":"Feature","geometry":{"type":"Point","coordinates":[4.931308,52.39212]},"properties":{"type":"charge","layer":"passenger","locationId":"f1360b0d-2409-4e5e-858b-062663f17c2d","name":"TNLP010870 - Hoekschewaardweg 182, Amsterdam","address":"182 Hoekschewaardweg","city":"Amsterdam","operatorName":"TotalEnergies","maxPowerKw":17,"isMegawatt":false,"status":"AVAILABLE","source":"ndw"}},{"type":"Feature","geometry":{"type":"Point","coordinates":[4.862833,52.365982]},"properties":{"type":"charge","layer":"passenger","locationId":"3cb83de7-1c48-46b7-883b-6735fb9bb2c9","name":"TNLP010026 - Van Effenstraat 7, Amsterdam","address":"7 Van Effenstraat","city":"Amsterdam","operatorName":"TotalEnergies","maxPowerKw":17,"isMegawatt":false,"status":"AVAILABLE","source":"ndw"}},{"type":"Feature","geometry":{"type":"Point","coordinates":[4.927575,52.365257]},"properties":{"type":"charge","layer":"passenger","locationId":"4e2b62f7-0540-47df-a1ab-efdbaeba51d4","name":"TNLP010981 - Pieter Vlamingstraat 207, Amsterdam","address":"207 Pieter Vlamingstraat","city":"Amsterdam","operatorName":"TotalEnergies","maxPowerKw":17,"isMegawatt":false,"status":"CHARGING","source":"ndw"}},{"type":"Feature","geometry":{"type":"Point","coordinates":[4.860129,52.347363]},"properties":{"type":"charge","layer":"passenger","locationId":"7746420d-7566-4a8a-bfcd-6a11b1f23f27","name":"TNLP010321 - Sportstraat 15, Amsterdam","address":"15 Sportstraat","city":"Amsterdam","operatorName":"TotalEnergies","maxPowerKw":17,"isMegawatt":false,"status":"AVAILABLE","source":"ndw"}},{"type":"Feature","geometry":{"type":"Point","coordinates":[4.86844,52.335909]},"properties":{"type":"charge","layer":"passenger","locationId":"e1dc03c2-b0b4-4b41-a6cf-1ff3906d4d25","name":"bp pulse Parnassusweg","address":"Parnassusweg 850","city":"Amsterdam","operatorName":"bp pulse","maxPowerKw":150,"isMegawatt":false,"status":"AVAILABLE","source":"ndw","priceKwh":0.7}},{"type":"Feature","geometry":{"type":"Point","coordinates":[4.849461,52.371437]},"properties":{"type":"charge","layer":"passenger","locationId":"8d9e945f-c4ef-4119-84e7-e91ffb93732d","name":"TNLP011435 - Hoofdweg 363, Amsterdam","address":"363 Hoofdweg","city":"Amsterdam","operatorName":"TotalEnergies","maxPowerKw":17,"isMegawatt":false,"status":"AVAILABLE","source":"ndw"}},{"type":"Feature","geometry":{"type":"Point","coordinates":[4.858668,52.34917]},"properties":{"type":"charge","layer":"passenger","locationId":"0d0f1be1-af3a-4e9d-80dc-ae2ac29b57c3","name":"TNLP011489 - Bertelmanplein 78, Amsterdam","address":"78 Bertelmanplein","city":"Amsterdam","operatorName":"TotalEnergies","maxPowerKw":17,"isMegawatt":false,"status":"AVAILABLE","source":"ndw"}},{"type":"Feature","geometry":{"type":"Point","coordinates":[4.942543,52.40027]},"properties":{"type":"charge","layer":"passenger","locationId":"bffa6338-d125-4b26-b7c9-9fb678e373bf","name":"TNLP011840 - Zilverberg 68, Amsterdam","address":"68 Zilverberg","city":"Amsterdam","operatorName":"TotalEnergies","maxPowerKw":17,"isMegawatt":false,"status":"AVAILABLE","source":"ndw"}},{"type":"Feature","geometry":{"type":"Point","coordinates":[4.86821,52.367608]},"properties":{"type":"charge","layer":"passenger","locationId":"NLLOC019760","name":"NLD, Amsterdam, Bellamyplein 51","address":"Bellamyplein 51","city":"Amsterdam","operatorName":"Allego","maxPowerKw":22,"isMegawatt":false,"status":"AVAILABLE","source":"ndw","priceKwh":0.495}},{"type":"Feature","geometry":{"type":"Point","coordinates":[4.913662,52.36189]},"properties":{"type":"charge","layer":"passenger","locationId":"c12f4ca1-b66a-4533-9cce-fec547238336","name":"TNLP011135 - Spinozahof 118, Amsterdam","address":"118 Spinozahof","city":"Amsterdam","operatorName":"TotalEnergies","maxPowerKw":17,"isMegawatt":false,"status":"AVAILABLE","source":"ndw"}},{"type":"Feature","geometry":{"type":"Point","coordinates":[4.961741,52.321278]},"properties":{"type":"charge","layer":"passenger","locationId":"00e1b5ab-43b5-4eeb-bb47-fe044765bb39","name":"TNLP010618 - Joke Smitstraat 2, Amsterdam","address":"2 Joke Smitstraat","city":"Amsterdam","operatorName":"TotalEnergies","maxPowerKw":17,"isMegawatt":false,"status":"CHARGING","source":"ndw"}},{"type":"Feature","geometry":{"type":"Point","coordinates":[4.902243,52.383803]},"properties":{"type":"charge","layer":"passenger","locationId":"OST24P0014_0074_3","name":"OST24P0014_0074_3","address":"Overhoeksplein 1","city":"Amsterdam","operatorName":"IPCharging","maxPowerKw":30,"isMegawatt":false,"status":"AVAILABLE","source":"ndw","priceKwh":0.45}},{"type":"Feature","geometry":{"type":"Point","coordinates":[4.879573,52.356825]},"properties":{"type":"charge","layer":"passenger","locationId":"0F1E1985-06C6-440A-991D-38389AB23B15","name":"Q-Park Amsterdam Museumplein","address":"Van Baerlestraat 33B","city":"Amsterdam","operatorName":"Q-Park Netherlands","maxPowerKw":11,"isMegawatt":false,"status":"AVAILABLE","source":"ndw"}},{"type":"Feature","geometry":{"type":"Point","coordinates":[4.944498,52.317932]},"properties":{"type":"charge","layer":"passenger","locationId":"51ed2b6c-bf4a-457d-be1e-de7efa2a6b01","name":"TNLP010862 - Berthold Brechtstraat 693, Amsterdam","address":"693 Berthold Brechtstraat","city":"Amsterdam","operatorName":"TotalEnergies","maxPowerKw":17,"isMegawatt":false,"status":"AVAILABLE","source":"ndw"}},{"type":"Feature","geometry":{"type":"Point","coordinates":[4.902218,52.35103]},"properties":{"type":"charge","layer":"passenger","locationId":"a3b4a1b9-70d8-480f-addc-aebad590611a","name":"TNLP011459 - Mauvestraat 14, Amsterdam","address":"14 Mauvestraat","city":"Amsterdam","operatorName":"TotalEnergies","maxPowerKw":17,"isMegawatt":false,"status":"AVAILABLE","source":"ndw"}},{"type":"Feature","geometry":{"type":"Point","coordinates":[4.859502,52.361187]},"properties":{"type":"charge","layer":"passenger","locationId":"96910831-fcf2-495a-b85a-1d8b685fa1e1","name":"TNLP010821 - Kanaalstraat 157, Amsterdam","address":"157 Kanaalstraat","city":"Amsterdam","operatorName":"TotalEnergies","maxPowerKw":17,"isMegawatt":false,"status":"CHARGING","source":"ndw"}},{"type":"Feature","geometry":{"type":"Point","coordinates":[4.938716,52.35026]},"properties":{"type":"charge","layer":"passenger","locationId":"b4e9a80f-8e87-44fd-ade1-28ff399e884f","name":"TNLP010808 - Helmholtzstraat 32, Amsterdam","address":"32 Helmholtzstraat","city":"Amsterdam","operatorName":"TotalEnergies","maxPowerKw":17,"isMegawatt":false,"status":"CHARGING","source":"ndw"}},{"type":"Feature","geometry":{"type":"Point","coordinates":[4.861154,52.380398]},"properties":{"type":"charge","layer":"passenger","locationId":"9081a18f-785d-472e-b121-ff051fa79d3b","name":"TNLP010371 - Willem de Zwijgerlaan 309, Amsterdam","address":"309 Willem de Zwijgerlaan","city":"Amsterdam","operatorName":"TotalEnergies","maxPowerKw":17,"isMegawatt":false,"status":"UNAVAILABLE","source":"ndw"}},{"type":"Feature","geometry":{"type":"Point","coordinates":[4.83633,52.40426]},"properties":{"type":"charge","layer":"passenger","locationId":"5F2C8EBF-EF66-407C-BDAD-B30CBAABEB86","name":"Eneco eMobility Hedin Automotive 1M B.V. - Radarweg 8 - Amsterdam","address":"Radarweg 8","city":"Amsterdam","operatorName":"Eneco","maxPowerKw":11,"isMegawatt":false,"status":"AVAILABLE","source":"ndw","priceKwh":0.58}},{"type":"Feature","geometry":{"type":"Point","coordinates":[4.863475,52.348873]},"properties":{"type":"charge","layer":"passenger","locationId":"3ef6cdc6-5287-4e62-895a-418fd1f8c1e4","name":"TNLP011049 - Speerstraat 23, Amsterdam","address":"23 Speerstraat","city":"Amsterdam","operatorName":"TotalEnergies","maxPowerKw":17,"isMegawatt":false,"status":"AVAILABLE","source":"ndw"}},{"type":"Feature","geometry":{"type":"Point","coordinates":[4.888106,52.347603]},"properties":{"type":"charge","layer":"passenger","locationId":"3cd14597-9775-435c-9b4b-a50e2dd30804","name":"TNLP010928 - Slaakstraat 12, Amsterdam","address":"12 Slaakstraat","city":"Amsterdam","operatorName":"TotalEnergies","maxPowerKw":17,"isMegawatt":false,"status":"AVAILABLE","source":"ndw"}},{"type":"Feature","geometry":{"type":"Point","coordinates":[4.89728,52.34297]},"properties":{"type":"charge","layer":"passenger","locationId":"4a679517-b5cc-47d3-95aa-f59d7cf55384","name":"TNLP010558 - Rooseveltlaan 181, Amsterdam","address":"181 Rooseveltlaan","city":"Amsterdam","operatorName":"TotalEnergies","maxPowerKw":17,"isMegawatt":false,"status":"AVAILABLE","source":"ndw"}},{"type":"Feature","geometry":{"type":"Point","coordinates":[4.873864,52.348328]},"properties":{"type":"charge","layer":"passenger","locationId":"53eec194-47f1-402f-b7cf-ae0f1c23adbc","name":"TNLP010884 - Anthonie van Dijckstraat 13, Amsterdam","address":"13 Anthonie van Dijckstraat","city":"Amsterdam","operatorName":"TotalEnergies","maxPowerKw":17,"isMegawatt":false,"status":"CHARGING","source":"ndw"}},{"type":"Feature","geometry":{"type":"Point","coordinates":[4.814893,52.377377]},"properties":{"type":"charge","layer":"passenger","locationId":"4b5030a9-c613-4a20-9869-b3e24a46543a","name":"TNLP010416 - Lodewijk van Deysselstraat 55, Amsterdam","address":"55 Lodewijk van Deysselstraat","city":"Amsterdam","operatorName":"TotalEnergies","maxPowerKw":17,"isMegawatt":false,"status":"AVAILABLE","source":"ndw"}},{"type":"Feature","geometry":{"type":"Point","coordinates":[4.827854,52.362106]},"properties":{"type":"charge","layer":"passenger","locationId":"6e345191-0930-4c5b-8688-de71b61d2280","name":"TNLP010778 - Nicolaas Japiksestraat 45, Amsterdam","address":"45 Nicolaas Japiksestraat","city":"Amsterdam","operatorName":"TotalEnergies","maxPowerKw":17,"isMegawatt":false,"status":"UNAVAILABLE","source":"ndw"}},{"type":"Feature","geometry":{"type":"Point","coordinates":[4.913859,52.38588]},"properties":{"type":"charge","layer":"passenger","locationId":"7a13a7cf-0106-4f46-ac19-d73a14a1b76f","name":"TNLP010478 - Adelaarsweg 59, Amsterdam","address":"59 Adelaarsweg","city":"Amsterdam","operatorName":"TotalEnergies","maxPowerKw":17,"isMegawatt":false,"status":"AVAILABLE","source":"ndw"}},{"type":"Feature","geometry":{"type":"Point","coordinates":[4.850243,52.376465]},"properties":{"type":"charge","layer":"passenger","locationId":"1f3bdaed-b3c7-42dd-9cdf-551cd1d604ed","name":"TNLP010946 - Lanseloetstraat 4, Amsterdam","address":"4 Lanseloetstraat","city":"Amsterdam","operatorName":"TotalEnergies","maxPowerKw":17,"isMegawatt":false,"status":"CHARGING","source":"ndw"}},{"type":"Feature","geometry":{"type":"Point","coordinates":[4.876781,52.399258]},"properties":{"type":"charge","layer":"passenger","locationId":"OST20P0044_0003_8","name":"OST20P0044_0003_8","address":"Danzigerkade 15","city":"Amsterdam","operatorName":"e-VOLTT","maxPowerKw":21,"isMegawatt":false,"status":"AVAILABLE","source":"ndw","priceKwh":0.32}},{"type":"Feature","geometry":{"type":"Point","coordinates":[4.869359,52.379807]},"properties":{"type":"charge","layer":"passenger","locationId":"63c2c458-d9d6-4e60-b699-b484ad8e6fd6","name":"TNLP011482 - Schaepmanstraat 220, Amsterdam","address":"220 Schaepmanstraat","city":"Amsterdam","operatorName":"TotalEnergies","maxPowerKw":17,"isMegawatt":false,"status":"AVAILABLE","source":"ndw"}},{"type":"Feature","geometry":{"type":"Point","coordinates":[4.948705,52.324493]},"properties":{"type":"charge","layer":"passenger","locationId":"d805c1b4-b90b-4925-9c6e-5613e8213d99","name":"TNLP010046 - Daniël Defoelaan 204, Amsterdam","address":"204 Daniël Defoelaan","city":"Amsterdam","operatorName":"TotalEnergies","maxPowerKw":17,"isMegawatt":false,"status":"AVAILABLE","source":"ndw"}},{"type":"Feature","geometry":{"type":"Point","coordinates":[4.930282,52.372933]},"properties":{"type":"charge","layer":"passenger","locationId":"20B0E554-73BA-4B5D-BBB5-2D8370A77AFD","name":"Q-park Amsterdam Oostenburgereiland","address":"Dijksgracht 0","city":"Amsterdam","operatorName":"Q-Park Netherlands","maxPowerKw":11,"isMegawatt":false,"status":"AVAILABLE","source":"ndw"}},{"type":"Feature","geometry":{"type":"Point","coordinates":[4.857952,52.321808]},"properties":{"type":"charge","layer":"passenger","locationId":"5db78549-fda9-4f91-b52e-80f4b85abfbe","name":"TNLP011249 - Kalfjeslaan 1, Amsterdam","address":"1 Kalfjeslaan","city":"Amsterdam","operatorName":"TotalEnergies","maxPowerKw":17,"isMegawatt":false,"status":"AVAILABLE","source":"ndw"}},{"type":"Feature","geometry":{"type":"Point","coordinates":[4.867908,52.38219]},"properties":{"type":"charge","layer":"passenger","locationId":"18f56b92-d349-48dc-af16-b5fbcbc15543","name":"TNLP011014 - Waterpoortweg 447, Amsterdam","address":"447 Waterpoortweg","city":"Amsterdam","operatorName":"TotalEnergies","maxPowerKw":17,"isMegawatt":false,"status":"AVAILABLE","source":"ndw"}},{"type":"Feature","geometry":{"type":"Point","coordinates":[4.849703,52.347744]},"properties":{"type":"charge","layer":"passenger","locationId":"5d869648-c53d-43c4-bed9-929b72971f7e","name":"TNLP010889 - Woubruggestraat 41, Amsterdam","address":"41 Woubruggestraat","city":"Amsterdam","operatorName":"TotalEnergies","maxPowerKw":17,"isMegawatt":false,"status":"CHARGING","source":"ndw"}},{"type":"Feature","geometry":{"type":"Point","coordinates":[4.903532,52.347828]},"properties":{"type":"charge","layer":"passenger","locationId":"9a692b1f-1dc7-469e-b850-eb621460c121","name":"TNLP010995 - Berkelstraat 21, Amsterdam","address":"21 Berkelstraat","city":"Amsterdam","operatorName":"TotalEnergies","maxPowerKw":17,"isMegawatt":false,"status":"CHARGING","source":"ndw"}},{"type":"Feature","geometry":{"type":"Point","coordinates":[4.832715,52.356476]},"properties":{"type":"charge","layer":"passenger","locationId":"54665430-7779-4126-88cc-b2a6800427a6","name":"TNLP010850 - Pieter Calandlaan 2, Amsterdam","address":"2 Pieter Calandlaan","city":"Amsterdam","operatorName":"TotalEnergies","maxPowerKw":17,"isMegawatt":false,"status":"AVAILABLE","source":"ndw"}},{"type":"Feature","geometry":{"type":"Point","coordinates":[4.877906,52.34639]},"properties":{"type":"charge","layer":"passenger","locationId":"74c710ef-aba9-442d-b802-1d6294550147","name":"TNLP010555 - Schubertstraat 29, Amsterdam","address":"29 Schubertstraat","city":"Amsterdam","operatorName":"TotalEnergies","maxPowerKw":17,"isMegawatt":false,"status":"CHARGING","source":"ndw"}},{"type":"Feature","geometry":{"type":"Point","coordinates":[4.886026,52.3319]},"properties":{"type":"charge","layer":"passenger","locationId":"e98b841d-655f-4e80-9fb4-6190ec1dbbbb","name":"TNLP011793 - Dikninge 81, Amsterdam","address":"81 Dikninge","city":"Amsterdam","operatorName":"TotalEnergies","maxPowerKw":17,"isMegawatt":false,"status":"AVAILABLE","source":"ndw"}},{"type":"Feature","geometry":{"type":"Point","coordinates":[4.917082,52.35454]},"properties":{"type":"charge","layer":"passenger","locationId":"7f03554d-8a00-4917-9b4d-fa70d98e7793","name":"TNLP010292 - Tugelaweg 91, Amsterdam","address":"91 Tugelaweg","city":"Amsterdam","operatorName":"TotalEnergies","maxPowerKw":17,"isMegawatt":false,"status":"CHARGING","source":"ndw"}},{"type":"Feature","geometry":{"type":"Point","coordinates":[4.891621,52.415405]},"properties":{"type":"charge","layer":"passenger","locationId":"a153d489-7be4-4a4c-a329-a76c30530f19","name":"TNLP010896 - Kometensingel 88, Amsterdam","address":"88 Kometensingel","city":"Amsterdam","operatorName":"TotalEnergies","maxPowerKw":17,"isMegawatt":false,"status":"AVAILABLE","source":"ndw"}},{"type":"Feature","geometry":{"type":"Point","coordinates":[4.914357,52.348626]},"properties":{"type":"charge","layer":"passenger","locationId":"f5fd53ce4d4b41aea8ff","name":"Amsterdam The Cloud Squarefour Meester Treublaan","address":"Ringdijk 7","city":"Amsterdam","operatorName":"Opcharge","maxPowerKw":22,"isMegawatt":false,"status":"AVAILABLE","source":"ndw","priceKwh":0.49}},{"type":"Feature","geometry":{"type":"Point","coordinates":[4.871855,52.34466]},"properties":{"type":"charge","layer":"passenger","locationId":"553bdd80-c9c6-4938-9e9e-5df8f4ae4bcc","name":"TNLP011685 - Stadionkade 20, Amsterdam","address":"20 Stadionkade","city":"Amsterdam","operatorName":"TotalEnergies","maxPowerKw":17,"isMegawatt":false,"status":"UNAVAILABLE","source":"ndw"}},{"type":"Feature","geometry":{"type":"Point","coordinates":[4.896841,52.34517]},"properties":{"type":"charge","layer":"passenger","locationId":"636e51ea-6aa8-4e1e-b798-1faefe53b3a8","name":"TNLP010062 - Biesboschstraat 54, Amsterdam","address":"54 Biesboschstraat","city":"Amsterdam","operatorName":"TotalEnergies","maxPowerKw":17,"isMegawatt":false,"status":"AVAILABLE","source":"ndw"}},{"type":"Feature","geometry":{"type":"Point","coordinates":[4.97011,52.29077]},"properties":{"type":"charge","layer":"passenger","locationId":"5802b5bb-93e9-477b-8f50-46fab2d97b64","name":"TNLP010846 - Silvoldestraat 56, Amsterdam","address":"56 Silvoldestraat","city":"Amsterdam","operatorName":"TotalEnergies","maxPowerKw":17,"isMegawatt":false,"status":"AVAILABLE","source":"ndw"}},{"type":"Feature","geometry":{"type":"Point","coordinates":[4.804267,52.34366]},"properties":{"type":"charge","layer":"passenger","locationId":"d64aac7f-64d7-45ae-ae65-af85e2a4cff4","name":"TNLP011633 - Knokkestraat 41, Amsterdam","address":"41 Knokkestraat","city":"Amsterdam","operatorName":"TotalEnergies","maxPowerKw":17,"isMegawatt":false,"status":"AVAILABLE","source":"ndw"}},{"type":"Feature","geometry":{"type":"Point","coordinates":[4.970874,52.324085]},"properties":{"type":"charge","layer":"passenger","locationId":"2e349161-94af-431b-b4c8-fdf5029cff9e","name":"Laadplein - TNLP010206 - Geldershoofd 727, Amsterdam","address":"727 Geldershoofd","city":"Amsterdam","operatorName":"TotalEnergies","maxPowerKw":17,"isMegawatt":false,"status":"AVAILABLE","source":"ndw"}},{"type":"Feature","geometry":{"type":"Point","coordinates":[4.905334,52.37202]},"properties":{"type":"charge","layer":"passenger","locationId":"d14d9890-b41a-4507-9b91-9a63fae33892","name":"TNLP010014 - Oudeschans 8, Amsterdam","address":"8 Oudeschans","city":"Amsterdam","operatorName":"TotalEnergies","maxPowerKw":17,"isMegawatt":false,"status":"CHARGING","source":"ndw"}},{"type":"Feature","geometry":{"type":"Point","coordinates":[4.894627,52.34364]},"properties":{"type":"charge","layer":"passenger","locationId":"8877a96d-d199-47db-a7a9-175f5e61ac12","name":"TNLP010733 - Molenbeekstraat 35, Amsterdam","address":"35 Molenbeekstraat","city":"Amsterdam","operatorName":"TotalEnergies","maxPowerKw":17,"isMegawatt":false,"status":"AVAILABLE","source":"ndw"}},{"type":"Feature","geometry":{"type":"Point","coordinates":[4.942208,52.409471]},"properties":{"type":"charge","layer":"passenger","locationId":"d529cc345b5b4da48f24bc71e2b7d033","name":"Amsterdam - Golf Service Waterland BV","address":"Buikslotermeerdijk 141,","city":"Amsterdam","operatorName":"Opcharge","maxPowerKw":22,"isMegawatt":false,"status":"AVAILABLE","source":"ndw","priceKwh":0.49}},{"type":"Feature","geometry":{"type":"Point","coordinates":[4.785763,52.38175]},"properties":{"type":"charge","layer":"passenger","locationId":"adbc942e-c64c-4dcb-86f9-dde8454965de","name":"TNLP011522 - Tom Schreursweg 10, Amsterdam","address":"10 Tom Schreursweg","city":"Amsterdam","operatorName":"TotalEnergies","maxPowerKw":17,"isMegawatt":false,"status":"CHARGING","source":"ndw"}},{"type":"Feature","geometry":{"type":"Point","coordinates":[4.891004,52.35621]},"properties":{"type":"charge","layer":"passenger","locationId":"9e6765a2-2658-4e54-a2b4-74361bee5766","name":"TNLP010369 - Daniel Stalperstraat 77, Amsterdam","address":"77 Daniel Stalperstraat","city":"Amsterdam","operatorName":"TotalEnergies","maxPowerKw":17,"isMegawatt":false,"status":"CHARGING","source":"ndw"}},{"type":"Feature","geometry":{"type":"Point","coordinates":[4.940941,52.37303]},"properties":{"type":"charge","layer":"passenger","locationId":"1f5563fa-7e6b-4fa6-9230-aeb5dc263ef3","name":"TNLP010184 - D.L. Hudigstraat 5, Amsterdam","address":"5 D.L. Hudigstraat","city":"Amsterdam","operatorName":"TotalEnergies","maxPowerKw":17,"isMegawatt":false,"status":"AVAILABLE","source":"ndw"}},{"type":"Feature","geometry":{"type":"Point","coordinates":[4.805407,52.34869]},"properties":{"type":"charge","layer":"passenger","locationId":"aff3e6d9-799b-4446-9a0f-8990b232b38a","name":"TNLP010019 - Vorselaarstraat 72, Amsterdam","address":"72 Vorselaarstraat","city":"Amsterdam","operatorName":"TotalEnergies","maxPowerKw":17,"isMegawatt":false,"status":"CHARGING","source":"ndw"}},{"type":"Feature","geometry":{"type":"Point","coordinates":[4.860381,52.37238]},"properties":{"type":"charge","layer":"passenger","locationId":"8a9c0c04-1fa5-43f5-af39-855b33caf9be","name":"TNLP010565 - Bestevâerstraat 2, Amsterdam","address":"2 Bestevâerstraat","city":"Amsterdam","operatorName":"TotalEnergies","maxPowerKw":17,"isMegawatt":false,"status":"UNAVAILABLE","source":"ndw"}},{"type":"Feature","geometry":{"type":"Point","coordinates":[4.965619,52.30391]},"properties":{"type":"charge","layer":"passenger","locationId":"6b04302c-a2e1-4161-92a5-fafd224c1b7d","name":"TNLP011454 - Maldenhof 128, Amsterdam","address":"128 Maldenhof","city":"Amsterdam","operatorName":"TotalEnergies","maxPowerKw":17,"isMegawatt":false,"status":"AVAILABLE","source":"ndw"}},{"type":"Feature","geometry":{"type":"Point","coordinates":[4.880049,52.326667]},"properties":{"type":"charge","layer":"passenger","locationId":"13BFF756-D944-4614-8409-E2C534575A41","name":"Eneco eMobility Hotel NH Amsterdam Zuid","address":"Van Leijenberghlaan 221","city":"Amsterdam","operatorName":"Eneco","maxPowerKw":22,"isMegawatt":false,"status":"AVAILABLE","source":"ndw","priceKwh":0.45}},{"type":"Feature","geometry":{"type":"Point","coordinates":[4.880978,52.35212]},"properties":{"type":"charge","layer":"passenger","locationId":"4bd017c1-1d28-4065-84af-7ee779f1c68e","name":"TNLP010373 - Johan M. Coenenstraat 17, Amsterdam","address":"17 Johan M. Coenenstraat","city":"Amsterdam","operatorName":"TotalEnergies","maxPowerKw":17,"isMegawatt":false,"status":"UNAVAILABLE","source":"ndw"}},{"type":"Feature","geometry":{"type":"Point","coordinates":[4.812757,52.356007]},"properties":{"type":"charge","layer":"passenger","locationId":"0234e129-10af-41e4-ac62-4e8cbd1a12f1","name":"TNLP011257 - S.F. van Ossstraat 159, Amsterdam","address":"159 S.F. van Ossstraat","city":"Amsterdam","operatorName":"TotalEnergies","maxPowerKw":17,"isMegawatt":false,"status":"AVAILABLE","source":"ndw"}},{"type":"Feature","geometry":{"type":"Point","coordinates":[4.854701,52.336466]},"properties":{"type":"charge","layer":"passenger","locationId":"06008852da31415aa578c495c954e7c7","name":"NL Asset Management l Amsterdam | Zuiderhof | Regulier Tarief","address":"Jachthavenweg 109","city":"Amsterdam","operatorName":"Opcharge","maxPowerKw":22,"isMegawatt":false,"status":"AVAILABLE","source":"ndw","priceKwh":0.47}},{"type":"Feature","geometry":{"type":"Point","coordinates":[4.82924,52.382923]},"properties":{"type":"charge","layer":"passenger","locationId":"961f4d83-efc9-4350-8d49-88193a7d88dc","name":"TNLP010121 - Burgemeester Vening Meineszlaan 119, Amsterdam","address":"119 Burgemeester Vening Meineszlaan","city":"Amsterdam","operatorName":"TotalEnergies","maxPowerKw":17,"isMegawatt":false,"status":"AVAILABLE","source":"ndw"}},{"type":"Feature","geometry":{"type":"Point","coordinates":[4.942085,52.314989]},"properties":{"type":"charge","layer":"passenger","locationId":"NLLOC024742","name":"NLD, Amsterdam, Burgemeester Stramanweg 130","address":"Burgemeester Stramanweg 130","city":"Amsterdam","operatorName":"Allego","maxPowerKw":22,"isMegawatt":false,"status":"AVAILABLE","source":"ndw","priceKwh":0.495}},{"type":"Feature","geometry":{"type":"Point","coordinates":[4.945013,52.311763]},"properties":{"type":"charge","layer":"passenger","locationId":"NLLOC025363","name":"NLD, Amsterdam, De Corridor","address":"De Corridor","city":"Amsterdam","operatorName":"Allego","maxPowerKw":22,"isMegawatt":false,"status":"AVAILABLE","source":"ndw","priceKwh":0.495}},{"type":"Feature","geometry":{"type":"Point","coordinates":[4.782309,52.368322]},"properties":{"type":"charge","layer":"passenger","locationId":"6924349b52c5e00f92125055","name":"Osdorperweg 580","address":"Osdorperweg  580","city":"Amsterdam","operatorName":"E-Flux by Road","maxPowerKw":22,"isMegawatt":false,"status":"AVAILABLE","source":"ndw","priceKwh":0.56}},{"type":"Feature","geometry":{"type":"Point","coordinates":[4.938894,52.31447]},"properties":{"type":"charge","layer":"passenger","locationId":"NLLOC027305","name":"NLD, Amsterdam, Passage 88","address":"Passage 88","city":"Amsterdam","operatorName":"Allego","maxPowerKw":22,"isMegawatt":false,"status":"UNAVAILABLE","source":"ndw","priceKwh":0.495}},{"type":"Feature","geometry":{"type":"Point","coordinates":[4.862464,52.35862]},"properties":{"type":"charge","layer":"passenger","locationId":"1d616fa4-d5c0-4bd3-88f3-67c9f1929157","name":"TNLP011098 - Rijtuigenhof 48, Amsterdam","address":"48 Rijtuigenhof","city":"Amsterdam","operatorName":"TotalEnergies","maxPowerKw":17,"isMegawatt":false,"status":"AVAILABLE","source":"ndw"}},{"type":"Feature","geometry":{"type":"Point","coordinates":[4.95207,52.31503]},"properties":{"type":"charge","layer":"passenger","locationId":"D347F1FB-7FD6-473B-B7E2-7D833BDBF2BB","name":"Eneco eMobility ING Bank NV - Maple","address":"Bijlmerdreef 109","city":"Amsterdam","operatorName":"Eneco","maxPowerKw":22,"isMegawatt":false,"status":"AVAILABLE","source":"ndw","priceKwh":0.3}},{"type":"Feature","geometry":{"type":"Point","coordinates":[4.865344,52.341277]},"properties":{"type":"charge","layer":"passenger","locationId":"da6983827aa8419c9b1b392443d44b01","name":"J.P. van Eesteren Fred. Roeskestr","address":"Fred. Roeskestraat 73","city":"Amsterdam","operatorName":"","maxPowerKw":22,"isMegawatt":false,"status":"AVAILABLE","source":"ndw","priceKwh":0.6}},{"type":"Feature","geometry":{"type":"Point","coordinates":[4.879389,52.41581]},"properties":{"type":"charge","layer":"passenger","locationId":"df472c54-659f-4eed-8f96-68aa643d61b3","name":"TNLP010154 - Meteorenweg 250, Amsterdam","address":"250 Meteorenweg","city":"Amsterdam","operatorName":"TotalEnergies","maxPowerKw":17,"isMegawatt":false,"status":"AVAILABLE","source":"ndw"}},{"type":"Feature","geometry":{"type":"Point","coordinates":[4.792908,52.416502]},"properties":{"type":"charge","layer":"passenger","locationId":"907010D6-2C31-4CE3-8C50-34800FD9B9D8","name":"Eneco eMobility Hitachi Construction Machinery NV - Sicilieweg - Amsterdam","address":"Sicilieweg 5","city":"Amsterdam","operatorName":"Eneco","maxPowerKw":11,"isMegawatt":false,"status":"AVAILABLE","source":"ndw","priceKwh":0.4}},{"type":"Feature","geometry":{"type":"Point","coordinates":[4.865754,52.346645]},"properties":{"type":"charge","layer":"passenger","locationId":"1a9317c3-c66e-40fc-bf85-02ae07c07dad","name":"TNLP010767 - Olympiaplein 118, Amsterdam","address":"118 Olympiaplein","city":"Amsterdam","operatorName":"TotalEnergies","maxPowerKw":17,"isMegawatt":false,"status":"AVAILABLE","source":"ndw"}},{"type":"Feature","geometry":{"type":"Point","coordinates":[4.935351,52.347073]},"properties":{"type":"charge","layer":"passenger","locationId":"75df987b-be99-4810-84a5-49407a10f331","name":"TNLP011410 - Ingenhouszhof 4, Amsterdam","address":"4 Ingenhouszhof","city":"Amsterdam","operatorName":"TotalEnergies","maxPowerKw":17,"isMegawatt":false,"status":"AVAILABLE","source":"ndw"}},{"type":"Feature","geometry":{"type":"Point","coordinates":[5.049066,52.311607]},"properties":{"type":"charge","layer":"passenger","locationId":"67a49473fed19f9762ebefca","name":"Amstarr VvE beheer 's station","address":"Nijverheidslaan 3A15","city":"Weesp","operatorName":"E-Flux by Road","maxPowerKw":22,"isMegawatt":false,"status":"AVAILABLE","source":"ndw","priceKwh":1.03}},{"type":"Feature","geometry":{"type":"Point","coordinates":[4.922686,52.357525]},"properties":{"type":"charge","layer":"passenger","locationId":"1ae9531c-7192-4af2-9712-ed38077f9560","name":"TNLP010012 - Vrolikstraat 423, Amsterdam","address":"423 Vrolikstraat","city":"Amsterdam","operatorName":"TotalEnergies","maxPowerKw":17,"isMegawatt":false,"status":"CHARGING","source":"ndw"}},{"type":"Feature","geometry":{"type":"Point","coordinates":[4.89076,52.408974]},"properties":{"type":"charge","layer":"passenger","locationId":"c37d50bd-3ffc-4363-9575-0d34a9d9f8f2","name":"TNLP010438 - Meteorensingel 76, Amsterdam","address":"76 Meteorensingel","city":"Amsterdam","operatorName":"TotalEnergies","maxPowerKw":17,"isMegawatt":false,"status":"AVAILABLE","source":"ndw"}},{"type":"Feature","geometry":{"type":"Point","coordinates":[4.876702,52.398948]},"properties":{"type":"charge","layer":"passenger","locationId":"OST20P0044_0003_9","name":"OST20P0044_0003_9","address":"Danzigerkade 15B","city":"Amsterdam","operatorName":"e-VOLTT","maxPowerKw":21,"isMegawatt":false,"status":"AVAILABLE","source":"ndw","priceKwh":0.32}},{"type":"Feature","geometry":{"type":"Point","coordinates":[4.89474,52.38467]},"properties":{"type":"charge","layer":"passenger","locationId":"012A77A8-1960-4E8C-8C00-5987F7798691","name":"Eneco eMobility Interparking - IJdok","address":"IJdok 33","city":"Amsterdam","operatorName":"Eneco","maxPowerKw":22,"isMegawatt":false,"status":"UNAVAILABLE","source":"ndw","priceKwh":0.48}},{"type":"Feature","geometry":{"type":"Point","coordinates":[4.837333,52.359356]},"properties":{"type":"charge","layer":"passenger","locationId":"22d8b9a0-0760-40d2-b083-c03ea9e6a8ee","name":"TNLP010348 - Johan Jongkindstraat 97, Amsterdam","address":"97 Johan Jongkindstraat","city":"Amsterdam","operatorName":"TotalEnergies","maxPowerKw":17,"isMegawatt":false,"status":"AVAILABLE","source":"ndw"}},{"type":"Feature","geometry":{"type":"Point","coordinates":[4.97927,52.32655]},"properties":{"type":"charge","layer":"passenger","locationId":"37f15cc7-0fc1-47aa-b1e8-02f4cdee343d","name":"TNLP010496 - Geerdinkhof 622, Amsterdam","address":"622 Geerdinkhof","city":"Amsterdam","operatorName":"TotalEnergies","maxPowerKw":17,"isMegawatt":false,"status":"CHARGING","source":"ndw"}},{"type":"Feature","geometry":{"type":"Point","coordinates":[4.92031,52.355488]},"properties":{"type":"charge","layer":"passenger","locationId":"13f1392f-2842-496c-b385-ee5e9742c13c","name":"TNLP010907 - Spitskopstraat 2, Amsterdam","address":"2 Spitskopstraat","city":"Amsterdam","operatorName":"TotalEnergies","maxPowerKw":17,"isMegawatt":false,"status":"AVAILABLE","source":"ndw"}},{"type":"Feature","geometry":{"type":"Point","coordinates":[4.900267,52.389055]},"properties":{"type":"charge","layer":"passenger","locationId":"825","name":"Shell Recharge ETCA Amsterdam","address":"Grasweg 31","city":"Amsterdam","operatorName":"Shell Recharge","maxPowerKw":300,"isMegawatt":false,"status":"AVAILABLE","source":"ndw","priceKwh":0.7025}},{"type":"Feature","geometry":{"type":"Point","coordinates":[4.798892,52.38362]},"properties":{"type":"charge","layer":"passenger","locationId":"59f1b02b-c30f-400b-952f-7d346b8a4158","name":"TNLP010291 - Pieter Postsingel 38, Amsterdam","address":"38 Pieter Postsingel","city":"Amsterdam","operatorName":"TotalEnergies","maxPowerKw":17,"isMegawatt":false,"status":"CHARGING","source":"ndw"}},{"type":"Feature","geometry":{"type":"Point","coordinates":[4.929146,52.408607]},"properties":{"type":"charge","layer":"passenger","locationId":"6342632f-525f-44ed-9971-0cbd33044715","name":"TNLP011052 - Diopter 170, Amsterdam","address":"170 Diopter","city":"Amsterdam","operatorName":"TotalEnergies","maxPowerKw":17,"isMegawatt":false,"status":"AVAILABLE","source":"ndw"}},{"type":"Feature","geometry":{"type":"Point","coordinates":[4.885819,52.377995]},"properties":{"type":"charge","layer":"passenger","locationId":"109c81c1-aa7f-4b51-a3ae-6f0a03b5b1cd","name":"TNLP011142 - Prinsengracht 54, Amsterdam","address":"54 Prinsengracht","city":"Amsterdam","operatorName":"TotalEnergies","maxPowerKw":17,"isMegawatt":false,"status":"CHARGING","source":"ndw"}},{"type":"Feature","geometry":{"type":"Point","coordinates":[4.875841,52.35301]},"properties":{"type":"charge","layer":"passenger","locationId":"f2410be1-77b7-4381-813f-3a0fd3b9aede","name":"TNLP010577 - Frans van Mierisstraat 136, Amsterdam","address":"136 Frans van Mierisstraat","city":"Amsterdam","operatorName":"TotalEnergies","maxPowerKw":17,"isMegawatt":false,"status":"AVAILABLE","source":"ndw"}},{"type":"Feature","geometry":{"type":"Point","coordinates":[5.04315,52.29887]},"properties":{"type":"charge","layer":"passenger","locationId":"c74d6d2c-0aa7-4ca0-af13-ee3692c9dc90","name":"TNLP011831 - Meester C. Kooimancentrum 17, Weesp","address":"17 Meester C. Kooimancentrum","city":"Weesp","operatorName":"TotalEnergies","maxPowerKw":17,"isMegawatt":false,"status":"CHARGING","source":"ndw"}},{"type":"Feature","geometry":{"type":"Point","coordinates":[4.877424,52.366016]},"properties":{"type":"charge","layer":"passenger","locationId":"2e9655ba-6600-4fca-ade5-82987ba8e4e4","name":"TNLP011472 - Bosboom Toussaintstraat 2, Amsterdam","address":"2 Bosboom Toussaintstraat","city":"Amsterdam","operatorName":"TotalEnergies","maxPowerKw":17,"isMegawatt":false,"status":"AVAILABLE","source":"ndw"}},{"type":"Feature","geometry":{"type":"Point","coordinates":[4.891678,52.38536]},"properties":{"type":"charge","layer":"passenger","locationId":"4e86eb24-41de-42c5-80b6-c63ed3335893","name":"TNLP010422 - Westerdok 49, Amsterdam","address":"49 Westerdok","city":"Amsterdam","operatorName":"TotalEnergies","maxPowerKw":17,"isMegawatt":false,"status":"CHARGING","source":"ndw"}},{"type":"Feature","geometry":{"type":"Point","coordinates":[4.989049,52.291203]},"properties":{"type":"charge","layer":"passenger","locationId":"8ddb89be-a183-4926-bdd3-7c6243b49e18","name":"TNLP010365 - Wethouder Tabakstraat 11, Amsterdam","address":"11 Wethouder Tabakstraat","city":"Amsterdam","operatorName":"TotalEnergies","maxPowerKw":17,"isMegawatt":false,"status":"UNAVAILABLE","source":"ndw"}},{"type":"Feature","geometry":{"type":"Point","coordinates":[4.997647,52.298756]},"properties":{"type":"charge","layer":"passenger","locationId":"8fbd484a-1f2f-4183-a96f-70f076b1721a","name":"TNLP011371 - Hendrik Hosstraat 82, Amsterdam","address":"82 Hendrik Hosstraat","city":"Amsterdam","operatorName":"TotalEnergies","maxPowerKw":17,"isMegawatt":false,"status":"AVAILABLE","source":"ndw"}},{"type":"Feature","geometry":{"type":"Point","coordinates":[4.946418,52.311195]},"properties":{"type":"charge","layer":"passenger","locationId":"NLCPIL6537075","name":"CHARGEPOINT AMS CHPT EMPLOYEE","address":"54a Hoogoorddreef","city":"Amsterdam","operatorName":"ChargePoint","maxPowerKw":22,"isMegawatt":false,"status":"AVAILABLE","source":"ndw","priceKwh":0.45}},{"type":"Feature","geometry":{"type":"Point","coordinates":[4.927553,52.353466]},"properties":{"type":"charge","layer":"passenger","locationId":"ae5f769c-b713-4681-99df-9e71691a7de0","name":"TNLP010780 - Wakkerstraat 22, Amsterdam","address":"22 Wakkerstraat","city":"Amsterdam","operatorName":"TotalEnergies","maxPowerKw":17,"isMegawatt":false,"status":"AVAILABLE","source":"ndw"}},{"type":"Feature","geometry":{"type":"Point","coordinates":[4.884926,52.422318]},"properties":{"type":"charge","layer":"passenger","locationId":"a400673c-1ebe-47e7-9ec0-ba9493f4b422","name":"TNLP010900 - Dwergvinvisstraat 13, Amsterdam","address":"13 Dwergvinvisstraat","city":"Amsterdam","operatorName":"TotalEnergies","maxPowerKw":17,"isMegawatt":false,"status":"AVAILABLE","source":"ndw"}},{"type":"Feature","geometry":{"type":"Point","coordinates":[4.886848,52.352737]},"properties":{"type":"charge","layer":"passenger","locationId":"5326626b-ce01-4c6a-bdfa-851f7693e150","name":"TNLP010886 - Ruysdaelkade 173, Amsterdam","address":"173 Ruysdaelkade","city":"Amsterdam","operatorName":"TotalEnergies","maxPowerKw":17,"isMegawatt":false,"status":"CHARGING","source":"ndw"}},{"type":"Feature","geometry":{"type":"Point","coordinates":[5.050838,52.300674]},"properties":{"type":"charge","layer":"passenger","locationId":"5630b1fc-13dc-4425-ad77-c1f390c0c086","name":"TNLP011694 - Meester J.C. Bührmannlaan 31, Weesp","address":"31 Meester J.C. Bührmannlaan","city":"Weesp","operatorName":"TotalEnergies","maxPowerKw":17,"isMegawatt":false,"status":"AVAILABLE","source":"ndw"}},{"type":"Feature","geometry":{"type":"Point","coordinates":[4.796396,52.38095]},"properties":{"type":"charge","layer":"passenger","locationId":"ada20c18-1c3f-4ecd-8ea5-5cdeb78d46b6","name":"TNLP011717 - Abraham van der Hartstraat 15, Amsterdam","address":"15 Abraham van der Hartstraat","city":"Amsterdam","operatorName":"TotalEnergies","maxPowerKw":17,"isMegawatt":false,"status":"AVAILABLE","source":"ndw"}},{"type":"Feature","geometry":{"type":"Point","coordinates":[4.912214,52.38224]},"properties":{"type":"charge","layer":"passenger","locationId":"c2012cd6-5f4e-4368-8af7-fd72760c962c","name":"TNLP011398 - IJplein 225, Amsterdam","address":"225 IJplein","city":"Amsterdam","operatorName":"TotalEnergies","maxPowerKw":17,"isMegawatt":false,"status":"AVAILABLE","source":"ndw"}},{"type":"Feature","geometry":{"type":"Point","coordinates":[4.869553,52.362015]},"properties":{"type":"charge","layer":"passenger","locationId":"9d651bb0-fb46-44c7-b2be-b77c864b058e","name":"TNLP010378 - Eerste Helmersstraat 159, Amsterdam","address":"159 Eerste Helmersstraat","city":"Amsterdam","operatorName":"TotalEnergies","maxPowerKw":17,"isMegawatt":false,"status":"CHARGING","source":"ndw"}},{"type":"Feature","geometry":{"type":"Point","coordinates":[4.92427,52.378872]},"properties":{"type":"charge","layer":"passenger","locationId":"194fcc99-0b20-469e-bb52-0e4b2b9e7aa6","name":"TNLP010028 - Javakade 696, Amsterdam","address":"696 Javakade","city":"Amsterdam","operatorName":"TotalEnergies","maxPowerKw":17,"isMegawatt":false,"status":"AVAILABLE","source":"ndw"}},{"type":"Feature","geometry":{"type":"Point","coordinates":[4.944694,52.36799]},"properties":{"type":"charge","layer":"passenger","locationId":"0e7bd920-72ee-4987-b4cb-3ffdbb710ed8","name":"Laadplein - TNLP010204 - J.M. van der Meylaan 30, Amsterdam","address":"30 J.M. van der Meylaan","city":"Amsterdam","operatorName":"TotalEnergies","maxPowerKw":17,"isMegawatt":false,"status":"UNAVAILABLE","source":"ndw"}},{"type":"Feature","geometry":{"type":"Point","coordinates":[5.037289,52.30927]},"properties":{"type":"charge","layer":"passenger","locationId":"f367ee93-980a-4be5-a2c8-aa847d90576c","name":"TNLP011209 - Achterherengracht 44, Weesp","address":"44 Achterherengracht","city":"Weesp","operatorName":"TotalEnergies","maxPowerKw":17,"isMegawatt":false,"status":"CHARGING","source":"ndw"}},{"type":"Feature","geometry":{"type":"Point","coordinates":[4.874834,52.3363]},"properties":{"type":"charge","layer":"passenger","locationId":"58f00e49-a144-4cfb-ac93-cae2203e466d","name":"Q-Park Amsterdam Symphony","address":"Leo Smitstraat 4","city":"Amsterdam","operatorName":"Q-Park Netherlands","maxPowerKw":11,"isMegawatt":false,"status":"AVAILABLE","source":"ndw"}},{"type":"Feature","geometry":{"type":"Point","coordinates":[4.947262,52.402393]},"properties":{"type":"charge","layer":"passenger","locationId":"e62464db-bbe8-41fc-83b2-e216ed4dd2da","name":"TNLP010569 - Elpermeer 251, Amsterdam","address":"251 Elpermeer","city":"Amsterdam","operatorName":"TotalEnergies","maxPowerKw":17,"isMegawatt":false,"status":"AVAILABLE","source":"ndw"}},{"type":"Feature","geometry":{"type":"Point","coordinates":[5.04538,52.3006]},"properties":{"type":"charge","layer":"passenger","locationId":"cafa3f44-ed92-4d8e-9019-876cb391a1d8","name":"TNLP011904 - Bastionweg 12, Weesp","address":"12 Bastionweg","city":"Weesp","operatorName":"TotalEnergies","maxPowerKw":17,"isMegawatt":false,"status":"CHARGING","source":"ndw"}},{"type":"Feature","geometry":{"type":"Point","coordinates":[4.94674,52.31368]},"properties":{"type":"charge","layer":"passenger","locationId":"004B22E3-10D5-4827-8C74-AFD82A15C601","name":"Eneco eMobility ING Bank NV, Bijlmerdreef 24, Amsterdam","address":"Bijlmerdreef 24","city":"Amsterdam","operatorName":"Eneco","maxPowerKw":22,"isMegawatt":false,"status":"AVAILABLE","source":"ndw","priceKwh":0.3}},{"type":"Feature","geometry":{"type":"Point","coordinates":[4.944093,52.393295]},"properties":{"type":"charge","layer":"passenger","locationId":"bf6d0fb8-4a0b-4822-ab1b-b7a2ba8c5e4a","name":"TNLP011892 - Watergangseweg 25, Amsterdam","address":"25 Watergangseweg","city":"Amsterdam","operatorName":"TotalEnergies","maxPowerKw":17,"isMegawatt":false,"status":"AVAILABLE","source":"ndw"}},{"type":"Feature","geometry":{"type":"Point","coordinates":[4.85524,52.345047]},"properties":{"type":"charge","layer":"passenger","locationId":"bb6c39ff-dd3b-4f9d-9080-d010821fec13","name":"TNLP010887 - Laan der Hesperiden 62, Amsterdam","address":"62 Laan der Hesperiden","city":"Amsterdam","operatorName":"TotalEnergies","maxPowerKw":17,"isMegawatt":false,"status":"AVAILABLE","source":"ndw"}},{"type":"Feature","geometry":{"type":"Point","coordinates":[4.872093,52.337306]},"properties":{"type":"charge","layer":"passenger","locationId":"79858F0D-5164-4C6A-99AB-31E7FFDA4E1C","name":"Q-Park Amsterdam Mahler","address":"Aaron Coplandstraat 8","city":"Amsterdam","operatorName":"Q-Park Netherlands","maxPowerKw":11,"isMegawatt":false,"status":"AVAILABLE","source":"ndw"}},{"type":"Feature","geometry":{"type":"Point","coordinates":[4.854279,52.362328]},"properties":{"type":"charge","layer":"passenger","locationId":"b5cb88ee-ccd8-4c8c-99d6-dfa339f533da","name":"TNLP010283 - Paramaribostraat 137, Amsterdam","address":"137 Paramaribostraat","city":"Amsterdam","operatorName":"TotalEnergies","maxPowerKw":17,"isMegawatt":false,"status":"CHARGING","source":"ndw"}},{"type":"Feature","geometry":{"type":"Point","coordinates":[5.032309,52.315536]},"properties":{"type":"charge","layer":"passenger","locationId":"9e451735-583d-4ba1-a2e7-ad9bb74b79f4","name":"TNLP011591 - Fanny Blankers-Koenstraat 2, Weesp","address":"2 Fanny Blankers-Koenstraat","city":"Weesp","operatorName":"TotalEnergies","maxPowerKw":17,"isMegawatt":false,"status":"AVAILABLE","source":"ndw"}},{"type":"Feature","geometry":{"type":"Point","coordinates":[4.880668,52.38772]},"properties":{"type":"charge","layer":"passenger","locationId":"3345756a-5039-439a-85d0-18665bd9d109","name":"TNLP010746 - Spaarndammerstraat 11, Amsterdam","address":"11 Spaarndammerstraat","city":"Amsterdam","operatorName":"TotalEnergies","maxPowerKw":17,"isMegawatt":false,"status":"AVAILABLE","source":"ndw"}},{"type":"Feature","geometry":{"type":"Point","coordinates":[4.91823,52.36918]},"properties":{"type":"charge","layer":"passenger","locationId":"a693c058-9255-47fd-a78c-2b6240b93b04","name":"TNLP010440 - Nieuwevaart 218, Amsterdam","address":"218 Nieuwevaart","city":"Amsterdam","operatorName":"TotalEnergies","maxPowerKw":17,"isMegawatt":false,"status":"AVAILABLE","source":"ndw"}},{"type":"Feature","geometry":{"type":"Point","coordinates":[4.851268,52.35309]},"properties":{"type":"charge","layer":"passenger","locationId":"a6a696cf-31fb-4806-8cdd-23322af4a2fb","name":"TNLP010139 - Legmeerplein 12, Amsterdam","address":"12 Legmeerplein","city":"Amsterdam","operatorName":"TotalEnergies","maxPowerKw":17,"isMegawatt":false,"status":"CHARGING","source":"ndw"}},{"type":"Feature","geometry":{"type":"Point","coordinates":[4.912282,52.406605]},"properties":{"type":"charge","layer":"passenger","locationId":"acea7bd1-cc44-4613-ac95-8737236baa5f","name":"TNLP010417 - Banne Buikslootlaan 170, Amsterdam","address":"170 Banne Buikslootlaan","city":"Amsterdam","operatorName":"TotalEnergies","maxPowerKw":17,"isMegawatt":false,"status":"CHARGING","source":"ndw"}},{"type":"Feature","geometry":{"type":"Point","coordinates":[4.951743,52.396]},"properties":{"type":"charge","layer":"passenger","locationId":"813cec26-7cfa-4d6e-98ef-639ac694c010","name":"TNLP011010 - Duinlustpad 2, Amsterdam","address":"2 Duinlustpad","city":"Amsterdam","operatorName":"TotalEnergies","maxPowerKw":17,"isMegawatt":false,"status":"AVAILABLE","source":"ndw"}},{"type":"Feature","geometry":{"type":"Point","coordinates":[4.89682,52.3787]},"properties":{"type":"charge","layer":"passenger","locationId":"0751AE37-D30C-4B79-8A6B-8F765F36019F","name":"Q-Park Amsterdam Centrum PAC","address":"Prins Hendrikkade 20 A","city":"Amsterdam","operatorName":"Q-Park Netherlands","maxPowerKw":11,"isMegawatt":false,"status":"UNAVAILABLE","source":"ndw"}},{"type":"Feature","geometry":{"type":"Point","coordinates":[4.894227,52.384732]},"properties":{"type":"charge","layer":"passenger","locationId":"nl-7730","name":"Interparking IJDock","address":"IJdok 33","city":"Amsterdam","operatorName":"Interparking Netherlands","maxPowerKw":11,"isMegawatt":false,"status":"AVAILABLE","source":"ndw"}},{"type":"Feature","geometry":{"type":"Point","coordinates":[4.873944,52.373325]},"properties":{"type":"charge","layer":"passenger","locationId":"a373a4f5-f935-4999-bb53-a25dedb4a80b","name":"TNLP010616 - Hugo de Grootkade 20, Amsterdam","address":"20 Hugo de Grootkade","city":"Amsterdam","operatorName":"TotalEnergies","maxPowerKw":17,"isMegawatt":false,"status":"CHARGING","source":"ndw"}},{"type":"Feature","geometry":{"type":"Point","coordinates":[4.784933,52.34688]},"properties":{"type":"charge","layer":"passenger","locationId":"72d3b34a-4796-4604-9eda-a73759d9a0cb","name":"TNLP011005 - Marksingel 2, Amsterdam","address":"2 Marksingel","city":"Amsterdam","operatorName":"TotalEnergies","maxPowerKw":17,"isMegawatt":false,"status":"AVAILABLE","source":"ndw"}},{"type":"Feature","geometry":{"type":"Point","coordinates":[4.907204,52.360828]},"properties":{"type":"charge","layer":"passenger","locationId":"55480c3513414b8b9c73cac781948aed","name":"NL Asset Management l Amsterdam l Sarphati Plaza l Rhijnspoorplein","address":" Sarphatistraat 44","city":"Amsterdam","operatorName":"Opcharge","maxPowerKw":22,"isMegawatt":false,"status":"AVAILABLE","source":"ndw","priceKwh":0.48}},{"type":"Feature","geometry":{"type":"Point","coordinates":[4.969645,52.37029]},"properties":{"type":"charge","layer":"passenger","locationId":"999b9d4f430a9cbf45d2158e8730d101","name":"Bob Haarmslaan 1","address":"Bob Haarmslaan 1","city":"Amsterdam","operatorName":"Vattenfall InCharge","maxPowerKw":11,"isMegawatt":false,"status":"AVAILABLE","source":"ndw"}},{"type":"Feature","geometry":{"type":"Point","coordinates":[4.871868,52.362617]},"properties":{"type":"charge","layer":"passenger","locationId":"09fa7540-3c41-44ce-abec-b4d35bd91185","name":"TNLP011053 - Eerste Helmersstraat 107, Amsterdam","address":"107 Eerste Helmersstraat","city":"Amsterdam","operatorName":"TotalEnergies","maxPowerKw":17,"isMegawatt":false,"status":"CHARGING","source":"ndw"}},{"type":"Feature","geometry":{"type":"Point","coordinates":[4.921704,52.35258]},"properties":{"type":"charge","layer":"passenger","locationId":"fed7984a-a112-49c4-8471-0a3047c15c1a","name":"TNLP011226 - Transvaalkade 83, Amsterdam","address":"83 Transvaalkade","city":"Amsterdam","operatorName":"TotalEnergies","maxPowerKw":17,"isMegawatt":false,"status":"AVAILABLE","source":"ndw"}},{"type":"Feature","geometry":{"type":"Point","coordinates":[4.961224,52.3943]},"properties":{"type":"charge","layer":"passenger","locationId":"9e4b326f-2eda-4460-86fb-6b1c5578e153","name":"TNLP011497 - Waalenburgsingel 228, Amsterdam","address":"228 Waalenburgsingel","city":"Amsterdam","operatorName":"TotalEnergies","maxPowerKw":17,"isMegawatt":false,"status":"CHARGING","source":"ndw"}},{"type":"Feature","geometry":{"type":"Point","coordinates":[4.866425,52.3642]},"properties":{"type":"charge","layer":"passenger","locationId":"825f3bea-6275-4a05-8a4b-ec6f15e69bd4","name":"TNLP010909 - Nicolaas Beetsstraat 245, Amsterdam","address":"245 Nicolaas Beetsstraat","city":"Amsterdam","operatorName":"TotalEnergies","maxPowerKw":17,"isMegawatt":false,"status":"AVAILABLE","source":"ndw"}},{"type":"Feature","geometry":{"type":"Point","coordinates":[4.867524,52.328285]},"properties":{"type":"charge","layer":"passenger","locationId":"11c139c5-7c88-474e-8e4c-334358dac570","name":"TNLP011893 - Assumburg 73, Amsterdam","address":"73 Assumburg","city":"Amsterdam","operatorName":"TotalEnergies","maxPowerKw":17,"isMegawatt":false,"status":"AVAILABLE","source":"ndw"}},{"type":"Feature","geometry":{"type":"Point","coordinates":[4.877841,52.336849]},"properties":{"type":"charge","layer":"passenger","locationId":"9BA9A0CC-1C5A-44F7-9FC5-9E1914591B28","name":"Q-Park Amsterdam Valley","address":"Beethovenstraat 301","city":"Amsterdam","operatorName":"Q-Park Netherlands","maxPowerKw":11,"isMegawatt":false,"status":"AVAILABLE","source":"ndw"}},{"type":"Feature","geometry":{"type":"Point","coordinates":[4.863617,52.341029]},"properties":{"type":"charge","layer":"passenger","locationId":"76c550b0bf704b6da43666712ac2a89c","name":"MCA Amsterdam","address":"Fred Roeskestraat 73","city":"Amsterdam","operatorName":"","maxPowerKw":11,"isMegawatt":false,"status":"AVAILABLE","source":"ndw","priceKwh":0.55}},{"type":"Feature","geometry":{"type":"Point","coordinates":[5.017353,52.307484]},"properties":{"type":"charge","layer":"passenger","locationId":"fcd147ff-e2b0-4a81-bd7c-0e82341cb474","name":"TNLP011272 - Seizoenenhof 10, Amsterdam","address":"10 Seizoenenhof","city":"Amsterdam","operatorName":"TotalEnergies","maxPowerKw":17,"isMegawatt":false,"status":"AVAILABLE","source":"ndw"}},{"type":"Feature","geometry":{"type":"Point","coordinates":[4.902276,52.407257]},"properties":{"type":"charge","layer":"passenger","locationId":"7a52f9d9-4280-4982-a453-9e24fef638d5","name":"TNLP010518 - Boomgaardlaan 45, Amsterdam","address":"45 Boomgaardlaan","city":"Amsterdam","operatorName":"TotalEnergies","maxPowerKw":17,"isMegawatt":false,"status":"AVAILABLE","source":"ndw"}},{"type":"Feature","geometry":{"type":"Point","coordinates":[4.899248,52.357053]},"properties":{"type":"charge","layer":"passenger","locationId":"44c847fa5c484768b3a16cedd7dfa98d","name":"Albert Cuypstraat - Markt 1072CX 02","address":"Albert Cuypstraat 02","city":"Amsterdam","operatorName":"","maxPowerKw":22,"isMegawatt":false,"status":"AVAILABLE","source":"ndw"}},{"type":"Feature","geometry":{"type":"Point","coordinates":[5.009903,52.348984]},"properties":{"type":"charge","layer":"passenger","locationId":"39fd1ca8-423a-405d-b993-33eedff78658","name":"TNLP010493 - Eva Besnyöstraat 577, Amsterdam","address":"577 Eva Besnyöstraat","city":"Amsterdam","operatorName":"TotalEnergies","maxPowerKw":17,"isMegawatt":false,"status":"CHARGING","source":"ndw"}},{"type":"Feature","geometry":{"type":"Point","coordinates":[4.877028,52.399036]},"properties":{"type":"charge","layer":"passenger","locationId":"OST20P0044_0002_7","name":"OST20P0044_0002_7","address":"Danzigerkade 15","city":"Amsterdam","operatorName":"e-VOLTT","maxPowerKw":21,"isMegawatt":false,"status":"AVAILABLE","source":"ndw","priceKwh":0.32}},{"type":"Feature","geometry":{"type":"Point","coordinates":[4.919963,52.347766]},"properties":{"type":"charge","layer":"passenger","locationId":"797edfb3-3a8d-43f3-a416-3fbc31e63884","name":"Bertrand Russellstraat 13","address":"Bertrand Russellstraat 13","city":"Amsterdam","operatorName":"Vattenfall InCharge","maxPowerKw":22,"isMegawatt":false,"status":"AVAILABLE","source":"ndw"}},{"type":"Feature","geometry":{"type":"Point","coordinates":[4.89066,52.37317]},"properties":{"type":"charge","layer":"passenger","locationId":"64494F72-830A-4312-AE85-657C276CF9E2","name":"Eneco eMobility Broekhuis Opel Peugeot Fiat Citroën Harderwijk","address":"Lorentzstraat 17","city":"Harderwijk","operatorName":"Eneco","maxPowerKw":22,"isMegawatt":false,"status":"AVAILABLE","source":"ndw","priceKwh":0.45}},{"type":"Feature","geometry":{"type":"Point","coordinates":[4.882313,52.381393]},"properties":{"type":"charge","layer":"passenger","locationId":"cbb7eb4a-9d29-471e-8876-37bb5da676f3","name":"TNLP010303 - Palmstraat 91, Amsterdam","address":"91 Palmstraat","city":"Amsterdam","operatorName":"TotalEnergies","maxPowerKw":17,"isMegawatt":false,"status":"AVAILABLE","source":"ndw"}},{"type":"Feature","geometry":{"type":"Point","coordinates":[5.023138,52.310204]},"properties":{"type":"charge","layer":"passenger","locationId":"05c9e5e4-8eed-4242-b518-ff72f0a9dca3","name":"TNLP011267 - Aquamarin 83, Weesp","address":"83 Aquamarin","city":"Weesp","operatorName":"TotalEnergies","maxPowerKw":17,"isMegawatt":false,"status":"CHARGING","source":"ndw"}},{"type":"Feature","geometry":{"type":"Point","coordinates":[4.876148,52.342785]},"properties":{"type":"charge","layer":"passenger","locationId":"60fc84a4-78c9-4a93-86c1-262500077551","name":"TNLP010781 - Catharina van Rennesstraat 1, Amsterdam","address":"1 Catharina van Rennesstraat","city":"Amsterdam","operatorName":"TotalEnergies","maxPowerKw":17,"isMegawatt":false,"status":"AVAILABLE","source":"ndw"}},{"type":"Feature","geometry":{"type":"Point","coordinates":[4.898041,52.37345]},"properties":{"type":"charge","layer":"passenger","locationId":"500da11c-3d01-49b2-b9ec-84131da7baf3","name":"TNLP011385 - Herengracht 502, Amsterdam","address":"502 Herengracht","city":"Amsterdam","operatorName":"TotalEnergies","maxPowerKw":17,"isMegawatt":false,"status":"AVAILABLE","source":"ndw"}},{"type":"Feature","geometry":{"type":"Point","coordinates":[4.832408,52.37934]},"properties":{"type":"charge","layer":"passenger","locationId":"6b653f42-720f-4f46-a9d4-1a91592642b9","name":"TNLP010144 - Theodorus Dobbestraat 70, Amsterdam","address":"70 Theodorus Dobbestraat","city":"Amsterdam","operatorName":"TotalEnergies","maxPowerKw":17,"isMegawatt":false,"status":"AVAILABLE","source":"ndw"}},{"type":"Feature","geometry":{"type":"Point","coordinates":[4.858396,52.35083]},"properties":{"type":"charge","layer":"passenger","locationId":"d82984e3-b3b7-470a-b056-90ea1c85fbc9","name":"TNLP010546 - Lomanstraat 85, Amsterdam","address":"85 Lomanstraat","city":"Amsterdam","operatorName":"TotalEnergies","maxPowerKw":17,"isMegawatt":false,"status":"CHARGING","source":"ndw"}},{"type":"Feature","geometry":{"type":"Point","coordinates":[5.004266,52.34809]},"properties":{"type":"charge","layer":"passenger","locationId":"2abf3ce7-ca67-4a06-99b0-b63e371cd30a","name":"TNLP010881 - Nico Jessekade 99, Amsterdam","address":"99 Nico Jessekade","city":"Amsterdam","operatorName":"TotalEnergies","maxPowerKw":17,"isMegawatt":false,"status":"AVAILABLE","source":"ndw"}},{"type":"Feature","geometry":{"type":"Point","coordinates":[4.877696,52.365456]},"properties":{"type":"charge","layer":"passenger","locationId":"25fab883-e294-4ab8-b25e-b1858b9f8c8f","name":"TNLP010248 - Derde Helmersstraat 12, Amsterdam","address":"12 Derde Helmersstraat","city":"Amsterdam","operatorName":"TotalEnergies","maxPowerKw":17,"isMegawatt":false,"status":"AVAILABLE","source":"ndw"}},{"type":"Feature","geometry":{"type":"Point","coordinates":[4.832378,52.348133]},"properties":{"type":"charge","layer":"passenger","locationId":"5ba7d145-12af-4425-8626-efe44a1a4759","name":"TNLP010385 - Ottho Heldringstraat 37, Amsterdam","address":"37 Ottho Heldringstraat","city":"Amsterdam","operatorName":"TotalEnergies","maxPowerKw":17,"isMegawatt":false,"status":"AVAILABLE","source":"ndw"}},{"type":"Feature","geometry":{"type":"Point","coordinates":[5.038795,52.310223]},"properties":{"type":"charge","layer":"passenger","locationId":"6e9027bb-269f-48ef-88f8-c8ac850effc9","name":"TNLP011703 - Julianastraat 37, Weesp","address":"37 Julianastraat","city":"Weesp","operatorName":"TotalEnergies","maxPowerKw":17,"isMegawatt":false,"status":"AVAILABLE","source":"ndw"}},{"type":"Feature","geometry":{"type":"Point","coordinates":[4.874377,52.35759]},"properties":{"type":"charge","layer":"passenger","locationId":"07e90e00-e10b-4056-ac48-22ac1346d7fb","name":"TNLP010300 - Jacob Obrechtstraat 7, Amsterdam","address":"7 Jacob Obrechtstraat","city":"Amsterdam","operatorName":"TotalEnergies","maxPowerKw":17,"isMegawatt":false,"status":"AVAILABLE","source":"ndw"}},{"type":"Feature","geometry":{"type":"Point","coordinates":[4.849677,52.357265]},"properties":{"type":"charge","layer":"passenger","locationId":"d51b21b6-3acc-4d9e-ae25-4973d619b578","name":"TNLP010829 - Andreas Schelfhoutstraat 65, Amsterdam","address":"65 Andreas Schelfhoutstraat","city":"Amsterdam","operatorName":"TotalEnergies","maxPowerKw":17,"isMegawatt":false,"status":"CHARGING","source":"ndw"}},{"type":"Feature","geometry":{"type":"Point","coordinates":[4.932629,52.407759]},"properties":{"type":"charge","layer":"passenger","locationId":"3588051","name":"Laadnet Aernout Pleket Voice Services","address":"G.J. Scheurleerweg 148","city":"Amsterdam","operatorName":"Laadnet","maxPowerKw":22,"isMegawatt":false,"status":"AVAILABLE","source":"ndw"}},{"type":"Feature","geometry":{"type":"Point","coordinates":[4.801568,52.352016]},"properties":{"type":"charge","layer":"passenger","locationId":"43386d2d-43b2-4e9e-a819-219192405236","name":"TNLP010776 - H. Gerhardstraat 6, Amsterdam","address":"6 H. Gerhardstraat","city":"Amsterdam","operatorName":"TotalEnergies","maxPowerKw":17,"isMegawatt":false,"status":"AVAILABLE","source":"ndw"}},{"type":"Feature","geometry":{"type":"Point","coordinates":[4.83156,52.388296]},"properties":{"type":"charge","layer":"passenger","locationId":"52892821-70EE-4B8B-AA25-ADB73E32E490","name":"Eneco eMobility PCH IFMS - Amsterdam","address":"Naritaweg 12","city":"Amsterdam","operatorName":"Eneco","maxPowerKw":22,"isMegawatt":false,"status":"AVAILABLE","source":"ndw","priceKwh":0.37}},{"type":"Feature","geometry":{"type":"Point","coordinates":[4.875575,52.364956]},"properties":{"type":"charge","layer":"passenger","locationId":"5fb45397-418f-421c-a5cf-7373eb36270d","name":"TNLP010877 - Alberdingk Thijmstraat 9, Amsterdam","address":"9 Alberdingk Thijmstraat","city":"Amsterdam","operatorName":"TotalEnergies","maxPowerKw":17,"isMegawatt":false,"status":"AVAILABLE","source":"ndw"}},{"type":"Feature","geometry":{"type":"Point","coordinates":[4.872887,52.382374]},"properties":{"type":"charge","layer":"passenger","locationId":"8aa6de71-4048-4abd-b72a-0b4f15a0344d","name":"TNLP011314 - Van Boetzelaerstraat 35 II, Amsterdam","address":"35 II Van Boetzelaerstraat","city":"Amsterdam","operatorName":"TotalEnergies","maxPowerKw":17,"isMegawatt":false,"status":"CHARGING","source":"ndw"}},{"type":"Feature","geometry":{"type":"Point","coordinates":[4.804477,52.346462]},"properties":{"type":"charge","layer":"passenger","locationId":"4029d247-eabd-46da-b4e9-4f428eae5034","name":"TNLP011095 - Lokerenstraat 20, Amsterdam","address":"20 Lokerenstraat","city":"Amsterdam","operatorName":"TotalEnergies","maxPowerKw":17,"isMegawatt":false,"status":"AVAILABLE","source":"ndw"}},{"type":"Feature","geometry":{"type":"Point","coordinates":[4.890856,52.36521]},"properties":{"type":"charge","layer":"passenger","locationId":"D768CFA8-D724-442B-BF19-8963E799270F","name":"Eneco eMobility Cocon vastgoed Management B.V.","address":"Herengracht 468","city":"Amsterdam","operatorName":"Eneco","maxPowerKw":11,"isMegawatt":false,"status":"AVAILABLE","source":"ndw","priceKwh":0.25}},{"type":"Feature","geometry":{"type":"Point","coordinates":[4.984422,52.291634]},"properties":{"type":"charge","layer":"passenger","locationId":"d3eec667-67f4-4c52-a964-7aba010de99b","name":"TNLP011448 - Wethouder Driessenstraat 105, Amsterdam","address":"105 Wethouder Driessenstraat","city":"Amsterdam","operatorName":"TotalEnergies","maxPowerKw":17,"isMegawatt":false,"status":"AVAILABLE","source":"ndw"}},{"type":"Feature","geometry":{"type":"Point","coordinates":[4.991124,52.300076]},"properties":{"type":"charge","layer":"passenger","locationId":"cf4f6cd7-1e6c-4aa8-812f-470ab29eeef0","name":"TNLP010982 - Helena Kuipers-Rietberghof 70, Amsterdam","address":"70 Helena Kuipers-Rietberghof","city":"Amsterdam","operatorName":"TotalEnergies","maxPowerKw":17,"isMegawatt":false,"status":"AVAILABLE","source":"ndw"}},{"type":"Feature","geometry":{"type":"Point","coordinates":[4.94854,52.387592]},"properties":{"type":"charge","layer":"passenger","locationId":"e63f4455-4d6c-42fd-8267-3d4e6dd4fe15","name":"TNLP011297 - Wognumerplantsoen 2, Amsterdam","address":"2 Wognumerplantsoen","city":"Amsterdam","operatorName":"TotalEnergies","maxPowerKw":17,"isMegawatt":false,"status":"AVAILABLE","source":"ndw"}},{"type":"Feature","geometry":{"type":"Point","coordinates":[4.908777,52.38932]},"properties":{"type":"charge","layer":"passenger","locationId":"a52b790a-fffa-42ea-945c-a535554bbc44","name":"TNLP011837 - Heimansweg 29, Amsterdam","address":"29 Heimansweg","city":"Amsterdam","operatorName":"TotalEnergies","maxPowerKw":17,"isMegawatt":false,"status":"CHARGING","source":"ndw"}},{"type":"Feature","geometry":{"type":"Point","coordinates":[4.876781,52.399258]},"properties":{"type":"charge","layer":"passenger","locationId":"OST20P0044_0002_8","name":"OST20P0044_0002_8","address":"Danzigerkade 15","city":"Amsterdam","operatorName":"e-VOLTT","maxPowerKw":21,"isMegawatt":false,"status":"AVAILABLE","source":"ndw","priceKwh":0.32}},{"type":"Feature","geometry":{"type":"Point","coordinates":[4.93162,52.35453]},"properties":{"type":"charge","layer":"passenger","locationId":"84be091f-0cf0-47f4-abe8-7ffecca817b7","name":"TNLP010444 - Bredeweg 48, Amsterdam","address":"48 Bredeweg","city":"Amsterdam","operatorName":"TotalEnergies","maxPowerKw":17,"isMegawatt":false,"status":"CHARGING","source":"ndw"}},{"type":"Feature","geometry":{"type":"Point","coordinates":[4.947237,52.390373]},"properties":{"type":"charge","layer":"passenger","locationId":"075ea64f-c48f-44bf-8d09-ce99937acf3f","name":"TNLP011083 - Wijdenesserstraat 24, Amsterdam","address":"24 Wijdenesserstraat","city":"Amsterdam","operatorName":"TotalEnergies","maxPowerKw":17,"isMegawatt":false,"status":"AVAILABLE","source":"ndw"}},{"type":"Feature","geometry":{"type":"Point","coordinates":[4.858454,52.38121]},"properties":{"type":"charge","layer":"passenger","locationId":"fc661f38-0320-4eb1-ab8e-d8075d2fee2d","name":"TNLP011393 - Louise de Colignystraat 9, Amsterdam","address":"9 Louise de Colignystraat","city":"Amsterdam","operatorName":"TotalEnergies","maxPowerKw":17,"isMegawatt":false,"status":"AVAILABLE","source":"ndw"}},{"type":"Feature","geometry":{"type":"Point","coordinates":[4.901853,52.345173]},"properties":{"type":"charge","layer":"passenger","locationId":"218abf70-42c0-4500-857d-a404eb7f2997","name":"TNLP010413 - Rooseveltlaan 30, Amsterdam","address":"30 Rooseveltlaan","city":"Amsterdam","operatorName":"TotalEnergies","maxPowerKw":17,"isMegawatt":false,"status":"UNAVAILABLE","source":"ndw"}},{"type":"Feature","geometry":{"type":"Point","coordinates":[4.887938,52.339461]},"properties":{"type":"charge","layer":"passenger","locationId":"630e1a8246f57b6f4f50cc06","name":"RAI P4","address":"Europaplein 24","city":"Amsterdam","operatorName":"Heijmans","maxPowerKw":11,"isMegawatt":false,"status":"AVAILABLE","source":"ndw","priceKwh":0.49}},{"type":"Feature","geometry":{"type":"Point","coordinates":[4.946003,52.3519]},"properties":{"type":"charge","layer":"passenger","locationId":"7d9fbb39-b3ec-400b-a802-ba37d3e56641","name":"TNLP010072 - Max Planckstraat 23, Amsterdam","address":"23 Max Planckstraat","city":"Amsterdam","operatorName":"TotalEnergies","maxPowerKw":17,"isMegawatt":false,"status":"AVAILABLE","source":"ndw"}},{"type":"Feature","geometry":{"type":"Point","coordinates":[4.840823,52.349494]},"properties":{"type":"charge","layer":"passenger","locationId":"81AD50E6-2F9D-4515-966D-9C128DDD8B14","name":"Eneco eMobility Delflandplein 1A Amsterdam","address":"Delflandplein 1A","city":"Amsterdam","operatorName":"Eneco","maxPowerKw":22,"isMegawatt":false,"status":"UNAVAILABLE","source":"ndw","priceKwh":0.32}},{"type":"Feature","geometry":{"type":"Point","coordinates":[4.90585,52.36054]},"properties":{"type":"charge","layer":"passenger","locationId":"BBAB98E5-BB8F-4D33-919F-1FE78256C15E","name":"Eneco eMobility Sarphatistraat 18 Amsterdam","address":"Sarphatistraat 18","city":"Amsterdam","operatorName":"Eneco","maxPowerKw":22,"isMegawatt":false,"status":"AVAILABLE","source":"ndw","priceKwh":0.32}},{"type":"Feature","geometry":{"type":"Point","coordinates":[4.890625,52.406876]},"properties":{"type":"charge","layer":"passenger","locationId":"3160948","name":"Laadnet Van Dam Machine Europe B.V.","address":"Displaystraat 2","city":"Amsterdam","operatorName":"Laadnet","maxPowerKw":22,"isMegawatt":false,"status":"AVAILABLE","source":"ndw"}},{"type":"Feature","geometry":{"type":"Point","coordinates":[4.944455,52.4004]},"properties":{"type":"charge","layer":"passenger","locationId":"021ec2ab-3275-4ac6-bc6a-5d2756fc1148","name":"TNLP010818 - Savelbos 1, Amsterdam","address":"1 Savelbos","city":"Amsterdam","operatorName":"TotalEnergies","maxPowerKw":17,"isMegawatt":false,"status":"CHARGING","source":"ndw"}},{"type":"Feature","geometry":{"type":"Point","coordinates":[4.821353,52.379808]},"properties":{"type":"charge","layer":"passenger","locationId":"8af77b640bf445acbf91344da4624132","name":"Plein 40 45 Amsterdam Markt 1063KP10","address":"Plein 40-45 10","city":"Amsterdam","operatorName":"","maxPowerKw":22,"isMegawatt":false,"status":"CHARGING","source":"ndw"}},{"type":"Feature","geometry":{"type":"Point","coordinates":[4.786153,52.39111]},"properties":{"type":"charge","layer":"passenger","locationId":"8c40caef-8ba4-44bf-b6fd-73e32714c972","name":"TNLP011210 - Pleimuiden 8 F, Amsterdam","address":"8 F Pleimuiden","city":"Amsterdam","operatorName":"TotalEnergies","maxPowerKw":17,"isMegawatt":false,"status":"AVAILABLE","source":"ndw"}},{"type":"Feature","geometry":{"type":"Point","coordinates":[4.76132,52.35535]},"properties":{"type":"charge","layer":"passenger","locationId":"9B27315F-EDF3-4D30-BAB8-01C66D89A94A","name":"Eneco eMobility Lutkemeerweg 400 Amsterdam","address":"Lutkemeerweg 400","city":"Amsterdam","operatorName":"Eneco","maxPowerKw":22,"isMegawatt":false,"status":"AVAILABLE","source":"ndw","priceKwh":0.32}},{"type":"Feature","geometry":{"type":"Point","coordinates":[4.982251,52.36175]},"properties":{"type":"charge","layer":"passenger","locationId":"af09d140-96f8-4c39-b50e-dbbabf6ee1f4","name":"TNLP010466 - IJburglaan 464, Amsterdam","address":"464 IJburglaan","city":"Amsterdam","operatorName":"TotalEnergies","maxPowerKw":17,"isMegawatt":false,"status":"AVAILABLE","source":"ndw"}},{"type":"Feature","geometry":{"type":"Point","coordinates":[4.906804,52.35903]},"properties":{"type":"charge","layer":"passenger","locationId":"b11252c1-3bda-4d56-bbb3-4f8c81ebe455","name":"TNLP010932 - Mauritsstraat 40, Amsterdam","address":"40 Mauritsstraat","city":"Amsterdam","operatorName":"TotalEnergies","maxPowerKw":17,"isMegawatt":false,"status":"CHARGING","source":"ndw"}},{"type":"Feature","geometry":{"type":"Point","coordinates":[4.880219,52.32736]},"properties":{"type":"charge","layer":"passenger","locationId":"3d8383fa-1284-4648-a003-97ef201f45eb","name":"Laadplein - TNLP010208 - Van Leijenberghlaan 101, Amsterdam","address":"101 Van Leijenberghlaan","city":"Amsterdam","operatorName":"TotalEnergies","maxPowerKw":17,"isMegawatt":false,"status":"AVAILABLE","source":"ndw"}},{"type":"Feature","geometry":{"type":"Point","coordinates":[4.805463,52.38384]},"properties":{"type":"charge","layer":"passenger","locationId":"afef36a4-c7f4-4c72-8162-c8ae8253ed0a","name":"TNLP011823 - Jacob Cabeliaustraat 36, Amsterdam","address":"36 Jacob Cabeliaustraat","city":"Amsterdam","operatorName":"TotalEnergies","maxPowerKw":17,"isMegawatt":false,"status":"CHARGING","source":"ndw"}},{"type":"Feature","geometry":{"type":"Point","coordinates":[4.847927,52.37532]},"properties":{"type":"charge","layer":"passenger","locationId":"b183acf4-0b39-444c-bfe9-8ded8d9b574a","name":"TNLP010810 - Erasmusgracht 11, Amsterdam","address":"11 Erasmusgracht","city":"Amsterdam","operatorName":"TotalEnergies","maxPowerKw":17,"isMegawatt":false,"status":"AVAILABLE","source":"ndw"}},{"type":"Feature","geometry":{"type":"Point","coordinates":[4.857238,52.36984]},"properties":{"type":"charge","layer":"passenger","locationId":"9390437b-6d37-4c2f-a0af-325fafc62d53","name":"TNLP011264 - Admiralengracht 154, Amsterdam","address":"154 Admiralengracht","city":"Amsterdam","operatorName":"TotalEnergies","maxPowerKw":17,"isMegawatt":false,"status":"CHARGING","source":"ndw"}},{"type":"Feature","geometry":{"type":"Point","coordinates":[4.855199,52.36249]},"properties":{"type":"charge","layer":"passenger","locationId":"b3b794ae-dfc1-43a6-88cd-d45ce9ebf475","name":"TNLP010107 - Bonairestraat 91, Amsterdam","address":"91 Bonairestraat","city":"Amsterdam","operatorName":"TotalEnergies","maxPowerKw":17,"isMegawatt":false,"status":"AVAILABLE","source":"ndw"}},{"type":"Feature","geometry":{"type":"Point","coordinates":[4.835853,52.352436]},"properties":{"type":"charge","layer":"passenger","locationId":"7475573c-8da1-4843-8532-df2674ead014","name":"TNLP010167 - Wittgensteinlaan 209, Amsterdam","address":"209 Wittgensteinlaan","city":"Amsterdam","operatorName":"TotalEnergies","maxPowerKw":17,"isMegawatt":false,"status":"AVAILABLE","source":"ndw"}},{"type":"Feature","geometry":{"type":"Point","coordinates":[4.937075,52.40303]},"properties":{"type":"charge","layer":"passenger","locationId":"8eca336e-b3c4-4d28-a29b-dca58ce19b70","name":"TNLP010295 - H. Cleyndertweg 423, Amsterdam","address":"423 H. Cleyndertweg","city":"Amsterdam","operatorName":"TotalEnergies","maxPowerKw":17,"isMegawatt":false,"status":"AVAILABLE","source":"ndw"}},{"type":"Feature","geometry":{"type":"Point","coordinates":[4.903642,52.374786]},"properties":{"type":"charge","layer":"passenger","locationId":"ab5c53a1-7de3-4db4-b1d3-f1165d150542","name":"TNLP010257 - Binnenkant 1, Amsterdam","address":"1 Binnenkant","city":"Amsterdam","operatorName":"TotalEnergies","maxPowerKw":17,"isMegawatt":false,"status":"CHARGING","source":"ndw"}},{"type":"Feature","geometry":{"type":"Point","coordinates":[4.901041,52.360523]},"properties":{"type":"charge","layer":"passenger","locationId":"b329937d-f482-4100-93ba-9a0b19b0ed20","name":"TNLP010042 - Frederiksplein 45, Amsterdam","address":"45 Frederiksplein","city":"Amsterdam","operatorName":"TotalEnergies","maxPowerKw":17,"isMegawatt":false,"status":"AVAILABLE","source":"ndw"}},{"type":"Feature","geometry":{"type":"Point","coordinates":[4.839871,52.347997]},"properties":{"type":"charge","layer":"passenger","locationId":"4246369","name":"Laadnet GGZ inGeest","address":"Overschiestraat 57","city":"Amsterdam","operatorName":"Laadnet","maxPowerKw":11,"isMegawatt":false,"status":"AVAILABLE","source":"ndw"}},{"type":"Feature","geometry":{"type":"Point","coordinates":[4.939226,52.36324]},"properties":{"type":"charge","layer":"passenger","locationId":"d36c9d8c-30ec-4ac1-aca2-5908d55831d7","name":"TNLP011359 - Balistraat 141, Amsterdam","address":"141 Balistraat","city":"Amsterdam","operatorName":"TotalEnergies","maxPowerKw":17,"isMegawatt":false,"status":"AVAILABLE","source":"ndw"}},{"type":"Feature","geometry":{"type":"Point","coordinates":[4.874706,52.384968]},"properties":{"type":"charge","layer":"passenger","locationId":"3c9f5840-e798-4ae1-b146-23a77301ed9e","name":"TNLP010488 - Joan Melchior Kemperstraat 38, Amsterdam","address":"38 Joan Melchior Kemperstraat","city":"Amsterdam","operatorName":"TotalEnergies","maxPowerKw":17,"isMegawatt":false,"status":"AVAILABLE","source":"ndw"}},{"type":"Feature","geometry":{"type":"Point","coordinates":[4.847542,52.35175]},"properties":{"type":"charge","layer":"passenger","locationId":"d16380a7-e8ce-42e9-970a-ae2979427a4f","name":"TNLP010799 - Woestduinstraat 88, Amsterdam","address":"88 Woestduinstraat","city":"Amsterdam","operatorName":"TotalEnergies","maxPowerKw":17,"isMegawatt":false,"status":"CHARGING","source":"ndw"}},{"type":"Feature","geometry":{"type":"Point","coordinates":[4.779662,52.391125]},"properties":{"type":"charge","layer":"passenger","locationId":"6d9155e0-21b5-470b-ac86-5eb0213ea3cc","name":"TNLP011292 - Tijnmuiden 18, Amsterdam","address":"18 Tijnmuiden","city":"Amsterdam","operatorName":"TotalEnergies","maxPowerKw":17,"isMegawatt":false,"status":"AVAILABLE","source":"ndw"}},{"type":"Feature","geometry":{"type":"Point","coordinates":[4.833014,52.37911]},"properties":{"type":"charge","layer":"passenger","locationId":"ed4f091e-4978-44e4-8509-f32169f32a69","name":"TNLP010317 - Reina Prinsen Geerligsstraat 2, Amsterdam","address":"2 Reina Prinsen Geerligsstraat","city":"Amsterdam","operatorName":"TotalEnergies","maxPowerKw":17,"isMegawatt":false,"status":"AVAILABLE","source":"ndw"}},{"type":"Feature","geometry":{"type":"Point","coordinates":[5.037962,52.304401]},"properties":{"type":"charge","layer":"passenger","locationId":"614c356c94280a99f144b223","name":"Thuis","address":"C.J.van Houtenlaan 9","city":"Weesp","operatorName":"E-Flux by Road","maxPowerKw":17,"isMegawatt":false,"status":"AVAILABLE","source":"ndw","priceKwh":0.33}},{"type":"Feature","geometry":{"type":"Point","coordinates":[4.836142,52.397572]},"properties":{"type":"charge","layer":"passenger","locationId":"3604064","name":"Laadnet Spliethoff","address":"Radarweg 36","city":"Amsterdam","operatorName":"Laadnet","maxPowerKw":22,"isMegawatt":false,"status":"AVAILABLE","source":"ndw"}},{"type":"Feature","geometry":{"type":"Point","coordinates":[4.794425,52.401276]},"properties":{"type":"charge","layer":"passenger","locationId":"651fda6e9eff7100208bd5ff","name":"AEB (Hoofdkantoor) - Amsterdam","address":"Australiëhavenweg 21","city":"Amsterdam","operatorName":"Fleet Charge Services","maxPowerKw":11,"isMegawatt":false,"status":"AVAILABLE","source":"ndw","priceKwh":0.33}},{"type":"Feature","geometry":{"type":"Point","coordinates":[4.970723,52.370935]},"properties":{"type":"charge","layer":"passenger","locationId":"43ca4dc49b7220e6d2db6ff1d1ad6003","name":"Bob Haarmslaan 1","address":"Bob Haarmslaan 1","city":"Amsterdam","operatorName":"Vattenfall InCharge","maxPowerKw":11,"isMegawatt":false,"status":"AVAILABLE","source":"ndw"}},{"type":"Feature","geometry":{"type":"Point","coordinates":[4.868926,52.392685]},"properties":{"type":"charge","layer":"passenger","locationId":"692d99d2173fce4dc0c55d72","name":"Westcord Art Hotel","address":"parkeergarage -1 Spaarndammerdijk 302","city":"Amsterdam","operatorName":"E-Flux by Road","maxPowerKw":22,"isMegawatt":false,"status":"AVAILABLE","source":"ndw","priceKwh":0.53}},{"type":"Feature","geometry":{"type":"Point","coordinates":[4.841346,52.367462]},"properties":{"type":"charge","layer":"passenger","locationId":"6567673c-78ce-4da4-95de-9ba86e78f2c6","name":"TNLP010311 - Alma Tademastraat 62, Amsterdam","address":"62 Alma Tademastraat","city":"Amsterdam","operatorName":"TotalEnergies","maxPowerKw":17,"isMegawatt":false,"status":"AVAILABLE","source":"ndw"}},{"type":"Feature","geometry":{"type":"Point","coordinates":[4.864937,52.384177]},"properties":{"type":"charge","layer":"passenger","locationId":"18","name":"Shell Recharge NL1654 - Shell Slingelandtstraat","address":"Van Slingelandtstraat 45","city":"Amsterdam","operatorName":"Shell Recharge","maxPowerKw":175,"isMegawatt":false,"status":"AVAILABLE","source":"ndw","priceKwh":0.7025}},{"type":"Feature","geometry":{"type":"Point","coordinates":[4.957999,52.392277]},"properties":{"type":"charge","layer":"passenger","locationId":"08bb4e48-e3c6-4570-8b9d-89dbdd408a64","name":"TNLP011500 - Volendammerweg 172, Amsterdam","address":"172 Volendammerweg","city":"Amsterdam","operatorName":"TotalEnergies","maxPowerKw":17,"isMegawatt":false,"status":"AVAILABLE","source":"ndw"}},{"type":"Feature","geometry":{"type":"Point","coordinates":[4.926247,52.353374]},"properties":{"type":"charge","layer":"passenger","locationId":"414cdc76-3be3-46f4-ae8f-f4ee0cacb950","name":"TNLP010583 - Simon Stevinstraat 40, Amsterdam","address":"40 Simon Stevinstraat","city":"Amsterdam","operatorName":"TotalEnergies","maxPowerKw":17,"isMegawatt":false,"status":"CHARGING","source":"ndw"}},{"type":"Feature","geometry":{"type":"Point","coordinates":[4.898924,52.356438]},"properties":{"type":"charge","layer":"passenger","locationId":"89686ac5-ea9c-4cf3-8d0b-db8d3c1d5818","name":"TNLP011369 - Govert Flinckstraat 314, Amsterdam","address":"314 Govert Flinckstraat","city":"Amsterdam","operatorName":"TotalEnergies","maxPowerKw":17,"isMegawatt":false,"status":"CHARGING","source":"ndw"}},{"type":"Feature","geometry":{"type":"Point","coordinates":[4.902243,52.383803]},"properties":{"type":"charge","layer":"passenger","locationId":"OST24P0014_0074_2","name":"OST24P0014_0074_2","address":"Overhoeksplein 1","city":"Amsterdam","operatorName":"IPCharging","maxPowerKw":30,"isMegawatt":false,"status":"AVAILABLE","source":"ndw","priceKwh":0.45}},{"type":"Feature","geometry":{"type":"Point","coordinates":[4.900938,52.420437]},"properties":{"type":"charge","layer":"passenger","locationId":"39f9b0df-2dc0-4121-b81c-83da25930637","name":"TNLP011789 - Keratellastraat 24, Amsterdam","address":"24 Keratellastraat","city":"Amsterdam","operatorName":"TotalEnergies","maxPowerKw":17,"isMegawatt":false,"status":"AVAILABLE","source":"ndw"}},{"type":"Feature","geometry":{"type":"Point","coordinates":[4.968139,52.297497]},"properties":{"type":"charge","layer":"passenger","locationId":"52d87bb4-378c-4488-83c9-acac9dd3fa7e","name":"TNLP011333 - Millingenhof 32, Amsterdam","address":"32 Millingenhof","city":"Amsterdam","operatorName":"TotalEnergies","maxPowerKw":17,"isMegawatt":false,"status":"AVAILABLE","source":"ndw"}},{"type":"Feature","geometry":{"type":"Point","coordinates":[4.872397,52.323406]},"properties":{"type":"charge","layer":"passenger","locationId":"636ca4b6-8796-42bf-aaee-299a3d7e278d","name":"TNLP011504 - Bongart 9, Amsterdam","address":"9 Bongart","city":"Amsterdam","operatorName":"TotalEnergies","maxPowerKw":17,"isMegawatt":false,"status":"AVAILABLE","source":"ndw"}},{"type":"Feature","geometry":{"type":"Point","coordinates":[4.95373,52.30272]},"properties":{"type":"charge","layer":"passenger","locationId":"4E57E6A9-C64C-43C0-BD44-000EA7637EEF","name":"Eneco eMobility ING Bank HBP - Amsterdam","address":"Haarlerbergweg 13-19","city":"Amsterdam","operatorName":"Eneco","maxPowerKw":22,"isMegawatt":false,"status":"AVAILABLE","source":"ndw","priceKwh":0.3}},{"type":"Feature","geometry":{"type":"Point","coordinates":[4.952058,52.304612]},"properties":{"type":"charge","layer":"passenger","locationId":"EDDD49FC-AF71-423E-B954-C85C92A0D90A","name":"Eneco eMobility Hullenbergweg 250 Amsterdam","address":"Hullenbergweg 250","city":"Amsterdam","operatorName":"Eneco","maxPowerKw":22,"isMegawatt":false,"status":"AVAILABLE","source":"ndw","priceKwh":0.32}},{"type":"Feature","geometry":{"type":"Point","coordinates":[4.910365,52.404976]},"properties":{"type":"charge","layer":"passenger","locationId":"97525a3d-336f-4eb2-8fa5-2fc47dcadaf8","name":"TNLP010947 - Banne Buikslootlaan 72, Amsterdam","address":"72 Banne Buikslootlaan","city":"Amsterdam","operatorName":"TotalEnergies","maxPowerKw":17,"isMegawatt":false,"status":"CHARGING","source":"ndw"}},{"type":"Feature","geometry":{"type":"Point","coordinates":[4.852665,52.408825]},"properties":{"type":"charge","layer":"passenger","locationId":"c7f78edc63a24c7daf52063e5ececdbc","name":"Twin Gis hal 24098-eu303","address":"Petroleumhavenweg 1","city":"Amsterdam","operatorName":"","maxPowerKw":11,"isMegawatt":false,"status":"AVAILABLE","source":"ndw","priceKwh":0.55}},{"type":"Feature","geometry":{"type":"Point","coordinates":[4.95423,52.37004]},"properties":{"type":"charge","layer":"passenger","locationId":"9338d9debdde4679b5de","name":"Carhartt - Amsterdam","address":"Cruquiusweg 109-D","city":"Amsterdam","operatorName":"Opcharge","maxPowerKw":22,"isMegawatt":false,"status":"AVAILABLE","source":"ndw","priceKwh":0.49}},{"type":"Feature","geometry":{"type":"Point","coordinates":[4.815986,52.37311]},"properties":{"type":"charge","layer":"passenger","locationId":"6c663e69-be2f-4283-ae56-7c8b5d761aae","name":"TNLP011070 - Plutarchusstraat 29, Amsterdam","address":"29 Plutarchusstraat","city":"Amsterdam","operatorName":"TotalEnergies","maxPowerKw":17,"isMegawatt":false,"status":"AVAILABLE","source":"ndw"}},{"type":"Feature","geometry":{"type":"Point","coordinates":[4.917148,52.345003]},"properties":{"type":"charge","layer":"passenger","locationId":"6448c7ab8883000012be498d","name":"Rembrandt Tower","address":"Amstelplein 1","city":"Amsterdam","operatorName":"E-Flux by Road","maxPowerKw":11,"isMegawatt":false,"status":"AVAILABLE","source":"ndw","priceKwh":0.53}},{"type":"Feature","geometry":{"type":"Point","coordinates":[4.948388,52.304747]},"properties":{"type":"charge","layer":"passenger","locationId":"63201a4cc8ed738afc7aa5bf","name":"Karsp laadpaal 1","address":"Karspeldreef 4","city":"Amsterdam","operatorName":"E-Flux by Road","maxPowerKw":11,"isMegawatt":false,"status":"UNAVAILABLE","source":"ndw"}},{"type":"Feature","geometry":{"type":"Point","coordinates":[4.905691,52.35202]},"properties":{"type":"charge","layer":"passenger","locationId":"cb310d04-2236-4299-abc7-4cf98310f4b4","name":"TNLP011008 - Diamantstraat 15, Amsterdam","address":"15 Diamantstraat","city":"Amsterdam","operatorName":"TotalEnergies","maxPowerKw":17,"isMegawatt":false,"status":"AVAILABLE","source":"ndw"}},{"type":"Feature","geometry":{"type":"Point","coordinates":[4.935042,52.305764]},"properties":{"type":"charge","layer":"passenger","locationId":"8997285D-3038-4016-9B49-6F0ACDB67EC3","name":"Eneco eMobility A-Point B.V. - Kollenbergweg 11 - Amsterdam","address":"Kollenbergweg 11","city":"Amsterdam","operatorName":"Eneco","maxPowerKw":150,"isMegawatt":false,"status":"AVAILABLE","source":"ndw","priceKwh":0.32}},{"type":"Feature","geometry":{"type":"Point","coordinates":[4.911101,52.347458]},"properties":{"type":"charge","layer":"passenger","locationId":"d1f804fa-e2ab-43af-9b43-295f692ae2c3","name":"TNLP011782 - Amsteldijk 133 IV, Amsterdam","address":"133 IV Amsteldijk","city":"Amsterdam","operatorName":"TotalEnergies","maxPowerKw":17,"isMegawatt":false,"status":"AVAILABLE","source":"ndw"}},{"type":"Feature","geometry":{"type":"Point","coordinates":[4.785604,52.395698]},"properties":{"type":"charge","layer":"passenger","locationId":"3290429","name":"Laadnet Scharenburg laadpaal 1","address":"Scharenburg 14","city":"Amsterdam","operatorName":"Laadnet","maxPowerKw":22,"isMegawatt":false,"status":"AVAILABLE","source":"ndw"}},{"type":"Feature","geometry":{"type":"Point","coordinates":[4.932695,52.396107]},"properties":{"type":"charge","layer":"passenger","locationId":"c37b527a-9283-4d0a-a894-aa49f1edded9","name":"TNLP010349 - Bovenover 2, Amsterdam","address":"2 Bovenover","city":"Amsterdam","operatorName":"TotalEnergies","maxPowerKw":17,"isMegawatt":false,"status":"AVAILABLE","source":"ndw"}},{"type":"Feature","geometry":{"type":"Point","coordinates":[4.946753,52.301772]},"properties":{"type":"charge","layer":"passenger","locationId":"6878f62257368559524dd97a","name":"White Point Amsterdam","address":"Laarderhoogtweg 25","city":"Amsterdam","operatorName":"Pluq","maxPowerKw":22,"isMegawatt":false,"status":"AVAILABLE","source":"ndw","priceKwh":0.45}},{"type":"Feature","geometry":{"type":"Point","coordinates":[4.785462,52.35567]},"properties":{"type":"charge","layer":"passenger","locationId":"4ed638d1-d188-436f-8c56-f841b3dd83c3","name":"TNLP010076 - Dijkgraafplein 363, Amsterdam","address":"363 Dijkgraafplein","city":"Amsterdam","operatorName":"TotalEnergies","maxPowerKw":17,"isMegawatt":false,"status":"CHARGING","source":"ndw"}},{"type":"Feature","geometry":{"type":"Point","coordinates":[4.884249,52.368217]},"properties":{"type":"charge","layer":"passenger","locationId":"2afa8615-95c2-42a2-a242-858d3fc6dd61","name":"TNLP011270 - Keizersgracht 430, Amsterdam","address":"430 Keizersgracht","city":"Amsterdam","operatorName":"TotalEnergies","maxPowerKw":17,"isMegawatt":false,"status":"AVAILABLE","source":"ndw"}},{"type":"Feature","geometry":{"type":"Point","coordinates":[4.895214,52.352676]},"properties":{"type":"charge","layer":"passenger","locationId":"7c0dac38-2d86-4ea8-bea3-3bdbaaf58b7e","name":"TNLP010347 - Van Ostadestraat 149, Amsterdam","address":"149 Van Ostadestraat","city":"Amsterdam","operatorName":"TotalEnergies","maxPowerKw":17,"isMegawatt":false,"status":"CHARGING","source":"ndw"}},{"type":"Feature","geometry":{"type":"Point","coordinates":[4.902425,52.356777]},"properties":{"type":"charge","layer":"passenger","locationId":"b92c9cb4-33ae-4fbb-976e-3ac92110b422","name":"TNLP010273 - Tweede Jan Steenstraat 91B, Amsterdam","address":"91B Tweede Jan Steenstraat","city":"Amsterdam","operatorName":"TotalEnergies","maxPowerKw":17,"isMegawatt":false,"status":"AVAILABLE","source":"ndw"}},{"type":"Feature","geometry":{"type":"Point","coordinates":[4.89547,52.36317]},"properties":{"type":"charge","layer":"passenger","locationId":"83c0db7e-7bb6-442e-93f2-c0a7d38443f0","name":"TNLP011682 - Keizersgracht 708, Amsterdam","address":"708 Keizersgracht","city":"Amsterdam","operatorName":"TotalEnergies","maxPowerKw":17,"isMegawatt":false,"status":"AVAILABLE","source":"ndw"}},{"type":"Feature","geometry":{"type":"Point","coordinates":[4.78737,52.348423]},"properties":{"type":"charge","layer":"passenger","locationId":"6e966816-af57-48a3-8464-99da53c8b1ae","name":"TNLP010157 - Valutaboulevard 4, Amsterdam","address":"4 Valutaboulevard","city":"Amsterdam","operatorName":"TotalEnergies","maxPowerKw":17,"isMegawatt":false,"status":"AVAILABLE","source":"ndw"}},{"type":"Feature","geometry":{"type":"Point","coordinates":[4.901217,52.35411]},"properties":{"type":"charge","layer":"passenger","locationId":"7d1389bb-05cf-4872-a26e-409487f79ba0","name":"TNLP011862 - Sint Willibrordusstraat 71, Amsterdam","address":"71 Sint Willibrordusstraat","city":"Amsterdam","operatorName":"TotalEnergies","maxPowerKw":17,"isMegawatt":false,"status":"AVAILABLE","source":"ndw"}},{"type":"Feature","geometry":{"type":"Point","coordinates":[4.916959,52.364304]},"properties":{"type":"charge","layer":"passenger","locationId":"ab53407e-2824-4526-a5d3-33ab928b1f58","name":"TNLP010459 - Plantage Badlaan 24, Amsterdam","address":"24 Plantage Badlaan","city":"Amsterdam","operatorName":"TotalEnergies","maxPowerKw":17,"isMegawatt":false,"status":"AVAILABLE","source":"ndw"}},{"type":"Feature","geometry":{"type":"Point","coordinates":[4.884233,52.33061]},"properties":{"type":"charge","layer":"passenger","locationId":"a714ea1a-7561-4e67-a5f5-cc8f7ebebfa9","name":"TNLP010952 - Sijpestein 1, Amsterdam","address":"1 Sijpestein","city":"Amsterdam","operatorName":"TotalEnergies","maxPowerKw":17,"isMegawatt":false,"status":"AVAILABLE","source":"ndw"}},{"type":"Feature","geometry":{"type":"Point","coordinates":[4.93909,52.36254]},"properties":{"type":"charge","layer":"passenger","locationId":"008cad5b-a23d-4599-9acb-c2e18f30f87a","name":"TNLP011192 - Eerste Atjehstraat 170, Amsterdam","address":"170 Eerste Atjehstraat","city":"Amsterdam","operatorName":"TotalEnergies","maxPowerKw":17,"isMegawatt":false,"status":"AVAILABLE","source":"ndw"}},{"type":"Feature","geometry":{"type":"Point","coordinates":[4.901298,52.34639]},"properties":{"type":"charge","layer":"passenger","locationId":"cc82e348-2376-45df-b9b4-2d5bc4db7b75","name":"TNLP010022 - Churchill-laan 23, Amsterdam","address":"23 Churchill-laan","city":"Amsterdam","operatorName":"TotalEnergies","maxPowerKw":17,"isMegawatt":false,"status":"CHARGING","source":"ndw"}},{"type":"Feature","geometry":{"type":"Point","coordinates":[4.855417,52.36506]},"properties":{"type":"charge","layer":"passenger","locationId":"b3a0e58c-7cfe-4c3a-8015-1a550938ac21","name":"TNLP010116 - Columbusplein 41, Amsterdam","address":"41 Columbusplein","city":"Amsterdam","operatorName":"TotalEnergies","maxPowerKw":17,"isMegawatt":false,"status":"AVAILABLE","source":"ndw"}},{"type":"Feature","geometry":{"type":"Point","coordinates":[4.779461,52.399734]},"properties":{"type":"charge","layer":"passenger","locationId":"50CD57DB-BAE5-4209-B2CA-D769A1B3C981","name":"Eneco eMobility KWS Amsterdam Utrecht - Aziëhavenweg 21 - Amsterdam","address":"Aziëhavenweg 21","city":"Amsterdam","operatorName":"Eneco","maxPowerKw":150,"isMegawatt":false,"status":"UNAVAILABLE","source":"ndw","priceKwh":0.33}},{"type":"Feature","geometry":{"type":"Point","coordinates":[4.94722,52.30342]},"properties":{"type":"charge","layer":"passenger","locationId":"8EB32A58-AE42-4D3E-8901-F1ADB451B85E","name":"Eneco eMobility Hettenheuvelweg 8 Amsterdam","address":"Hettenheuvelweg 8","city":"Amsterdam","operatorName":"Eneco","maxPowerKw":22,"isMegawatt":false,"status":"AVAILABLE","source":"ndw","priceKwh":0.32}},{"type":"Feature","geometry":{"type":"Point","coordinates":[4.956473,52.299528]},"properties":{"type":"charge","layer":"passenger","locationId":"60b4d96bead98cb065094c47","name":"Trinity Buildings - Amsterdam","address":"Pietersbergweg 1","city":"Amsterdam","operatorName":"Fleet Charge Services","maxPowerKw":22,"isMegawatt":false,"status":"AVAILABLE","source":"ndw","priceKwh":0.52}},{"type":"Feature","geometry":{"type":"Point","coordinates":[4.832671,52.351173]},"properties":{"type":"charge","layer":"passenger","locationId":"63935E61-1199-4DBE-80F6-1E5C841812C2","name":"Eneco eMobility ASR Dutch Core Residential Fund - Plesman Plaza","address":"Plesmanlaan 1","city":"Amsterdam","operatorName":"Eneco","maxPowerKw":11,"isMegawatt":false,"status":"AVAILABLE","source":"ndw","priceKwh":0.32}},{"type":"Feature","geometry":{"type":"Point","coordinates":[4.938716,52.354527]},"properties":{"type":"charge","layer":"passenger","locationId":"bab07c3b-92e8-4b56-8fe0-77cfbbbc565a","name":"TNLP011433 - Johann Keplerstraat 61, Amsterdam","address":"61 Johann Keplerstraat","city":"Amsterdam","operatorName":"TotalEnergies","maxPowerKw":17,"isMegawatt":false,"status":"AVAILABLE","source":"ndw"}},{"type":"Feature","geometry":{"type":"Point","coordinates":[4.973969,52.292904]},"properties":{"type":"charge","layer":"passenger","locationId":"94610ff6-6481-4320-9897-d1e0150235d6","name":"TNLP011647 - Terletstraat 58, Amsterdam","address":"58 Terletstraat","city":"Amsterdam","operatorName":"TotalEnergies","maxPowerKw":17,"isMegawatt":false,"status":"AVAILABLE","source":"ndw"}},{"type":"Feature","geometry":{"type":"Point","coordinates":[4.857374,52.357998]},"properties":{"type":"charge","layer":"passenger","locationId":"cdfafd2a-0d27-485a-830f-174b63ceefda","name":"TNLP011279 - Zocherstraat 2, Amsterdam","address":"2 Zocherstraat","city":"Amsterdam","operatorName":"TotalEnergies","maxPowerKw":17,"isMegawatt":false,"status":"CHARGING","source":"ndw"}},{"type":"Feature","geometry":{"type":"Point","coordinates":[4.819632,52.343884]},"properties":{"type":"charge","layer":"passenger","locationId":"0a12665c-f765-4af3-9140-1e3b1544b78d","name":"TNLP011787 - Bastenakenstraat 120, Amsterdam","address":"120 Bastenakenstraat","city":"Amsterdam","operatorName":"TotalEnergies","maxPowerKw":17,"isMegawatt":false,"status":"AVAILABLE","source":"ndw"}},{"type":"Feature","geometry":{"type":"Point","coordinates":[4.875317,52.38375]},"properties":{"type":"charge","layer":"passenger","locationId":"1dd97150-4daa-4bab-9dad-4125c886237e","name":"TNLP011520 - Van Hogendorpstraat 56, Amsterdam","address":"56 Van Hogendorpstraat","city":"Amsterdam","operatorName":"TotalEnergies","maxPowerKw":17,"isMegawatt":false,"status":"CHARGING","source":"ndw"}},{"type":"Feature","geometry":{"type":"Point","coordinates":[4.875095,52.3761]},"properties":{"type":"charge","layer":"passenger","locationId":"52db6c41-1375-42bb-bacf-b920cfca9c0a","name":"TNLP011294 - Van Oldenbarneveldtstraat 41, Amsterdam","address":"41 Van Oldenbarneveldtstraat","city":"Amsterdam","operatorName":"TotalEnergies","maxPowerKw":17,"isMegawatt":false,"status":"CHARGING","source":"ndw"}},{"type":"Feature","geometry":{"type":"Point","coordinates":[4.95549,52.3128]},"properties":{"type":"charge","layer":"passenger","locationId":"7e36bd46-10c4-4380-b8f6-c2bfc3ae86eb","name":"TNLP011879 - Hoogoord 3, Amsterdam","address":"3 Hoogoord","city":"Amsterdam","operatorName":"TotalEnergies","maxPowerKw":17,"isMegawatt":false,"status":"CHARGING","source":"ndw"}},{"type":"Feature","geometry":{"type":"Point","coordinates":[4.813427,52.349575]},"properties":{"type":"charge","layer":"passenger","locationId":"364ee80b-a709-4334-b1e6-316cd71d4212","name":"TNLP010568 - Houthalenstraat 73, Amsterdam","address":"73 Houthalenstraat","city":"Amsterdam","operatorName":"TotalEnergies","maxPowerKw":17,"isMegawatt":false,"status":"AVAILABLE","source":"ndw"}},{"type":"Feature","geometry":{"type":"Point","coordinates":[4.941932,52.40471]},"properties":{"type":"charge","layer":"passenger","locationId":"78cc65ca-e6f0-40db-97ad-9dfd22a4a384","name":"TNLP011030 - Amerbos 459, Amsterdam","address":"459 Amerbos","city":"Amsterdam","operatorName":"TotalEnergies","maxPowerKw":17,"isMegawatt":false,"status":"AVAILABLE","source":"ndw"}},{"type":"Feature","geometry":{"type":"Point","coordinates":[4.935429,52.364124]},"properties":{"type":"charge","layer":"passenger","locationId":"3b083354-0aa6-49f2-8f4b-81e945f5d0a8","name":"TNLP010047 - Sumatrastraat 21, Amsterdam","address":"21 Sumatrastraat","city":"Amsterdam","operatorName":"TotalEnergies","maxPowerKw":17,"isMegawatt":false,"status":"UNAVAILABLE","source":"ndw"}},{"type":"Feature","geometry":{"type":"Point","coordinates":[4.886754,52.370865]},"properties":{"type":"charge","layer":"passenger","locationId":"ba21af86-8fc7-47bc-8cbc-22da75c57123","name":"TNLP010785 - Herengracht 278, Amsterdam","address":"278 Herengracht","city":"Amsterdam","operatorName":"TotalEnergies","maxPowerKw":17,"isMegawatt":false,"status":"CHARGING","source":"ndw"}},{"type":"Feature","geometry":{"type":"Point","coordinates":[4.896229,52.358906]},"properties":{"type":"charge","layer":"passenger","locationId":"415036a7-8e84-441b-bcf0-444b1c71b208","name":"TNLP011077 - Nicolaas Witsenstraat 10, Amsterdam","address":"10 Nicolaas Witsenstraat","city":"Amsterdam","operatorName":"TotalEnergies","maxPowerKw":17,"isMegawatt":false,"status":"CHARGING","source":"ndw"}},{"type":"Feature","geometry":{"type":"Point","coordinates":[4.913735,52.35618]},"properties":{"type":"charge","layer":"passenger","locationId":"8a053983-8643-45a8-a4a6-1f2a89aee9e3","name":"TNLP010141 - Tweede Oosterparkstraat 44, Amsterdam","address":"44 Tweede Oosterparkstraat","city":"Amsterdam","operatorName":"TotalEnergies","maxPowerKw":17,"isMegawatt":false,"status":"AVAILABLE","source":"ndw"}},{"type":"Feature","geometry":{"type":"Point","coordinates":[4.811148,52.383682]},"properties":{"type":"charge","layer":"passenger","locationId":"5eebe0fd-00ef-40c5-bbcc-c62df8448ea0","name":"TNLP011869 - Suze Groenewegplantsoen 10, Amsterdam","address":"10 Suze Groenewegplantsoen","city":"Amsterdam","operatorName":"TotalEnergies","maxPowerKw":17,"isMegawatt":false,"status":"AVAILABLE","source":"ndw"}},{"type":"Feature","geometry":{"type":"Point","coordinates":[4.90645,52.35153]},"properties":{"type":"charge","layer":"passenger","locationId":"1bc5e9ca-2245-4584-8bfb-0750f5de8c6f","name":"TNLP010918 - Saffierstraat 31, Amsterdam","address":"31 Saffierstraat","city":"Amsterdam","operatorName":"TotalEnergies","maxPowerKw":17,"isMegawatt":false,"status":"CHARGING","source":"ndw"}},{"type":"Feature","geometry":{"type":"Point","coordinates":[4.910437,52.35618]},"properties":{"type":"charge","layer":"passenger","locationId":"b9b7d0fb-cc9d-4263-8450-f15553acfbd2","name":"TNLP010757 - Eerste Oosterparkstraat 105, Amsterdam","address":"105 Eerste Oosterparkstraat","city":"Amsterdam","operatorName":"TotalEnergies","maxPowerKw":17,"isMegawatt":false,"status":"AVAILABLE","source":"ndw"}},{"type":"Feature","geometry":{"type":"Point","coordinates":[4.855346,52.407498]},"properties":{"type":"charge","layer":"passenger","locationId":"a49bb8bd943c45fda648","name":"Road Maintenance Support Coentunnel","address":"Petroleumhavenweg 4","city":"Amsterdam","operatorName":"NRG Mobility","maxPowerKw":11,"isMegawatt":false,"status":"AVAILABLE","source":"ndw","priceKwh":0.4}},{"type":"Feature","geometry":{"type":"Point","coordinates":[4.872586,52.356453]},"properties":{"type":"charge","layer":"passenger","locationId":"e1e1e44e-9675-40fe-968e-ce919e6b77e0","name":"TNLP010367 - Willemsparkweg 125, Amsterdam","address":"125 Willemsparkweg","city":"Amsterdam","operatorName":"TotalEnergies","maxPowerKw":17,"isMegawatt":false,"status":"AVAILABLE","source":"ndw"}},{"type":"Feature","geometry":{"type":"Point","coordinates":[4.848025,52.379982]},"properties":{"type":"charge","layer":"passenger","locationId":"c50037db-f8e5-4949-b2d3-5cb65dde984f","name":"TNLP010306 - Granidastraat 1, Amsterdam","address":"1 Granidastraat","city":"Amsterdam","operatorName":"TotalEnergies","maxPowerKw":17,"isMegawatt":false,"status":"AVAILABLE","source":"ndw"}},{"type":"Feature","geometry":{"type":"Point","coordinates":[4.924738,52.373356]},"properties":{"type":"charge","layer":"passenger","locationId":"1b127076-930a-45f7-b637-06cac524254b","name":"TNLP010450 - Windroosplein 77, Amsterdam","address":"77 Windroosplein","city":"Amsterdam","operatorName":"TotalEnergies","maxPowerKw":17,"isMegawatt":false,"status":"AVAILABLE","source":"ndw"}},{"type":"Feature","geometry":{"type":"Point","coordinates":[4.876781,52.399258]},"properties":{"type":"charge","layer":"passenger","locationId":"OST20P0044_0014_7","name":"OST20P0044_0014_7","address":"Danzigerkade 15","city":"Amsterdam","operatorName":"e-VOLTT","maxPowerKw":21,"isMegawatt":false,"status":"AVAILABLE","source":"ndw","priceKwh":0.32}},{"type":"Feature","geometry":{"type":"Point","coordinates":[4.854701,52.336466]},"properties":{"type":"charge","layer":"passenger","locationId":"947e7e81291e41f8b3ddbf65dbb08ab8","name":"NL Asset Management l Amsterdam | Zuiderhof | Cofra Tarief","address":"Jachthavenweg 109","city":"Amsterdam","operatorName":"Opcharge","maxPowerKw":22,"isMegawatt":false,"status":"AVAILABLE","source":"ndw","priceKwh":0.21}},{"type":"Feature","geometry":{"type":"Point","coordinates":[4.852814,52.38362]},"properties":{"type":"charge","layer":"passenger","locationId":"2845617a-430f-480a-8ce3-61ec8b4c45f1","name":"TNLP010059 - Gibraltarstraat 22, Amsterdam","address":"22 Gibraltarstraat","city":"Amsterdam","operatorName":"TotalEnergies","maxPowerKw":17,"isMegawatt":false,"status":"AVAILABLE","source":"ndw"}},{"type":"Feature","geometry":{"type":"Point","coordinates":[4.859545,52.377403]},"properties":{"type":"charge","layer":"passenger","locationId":"9912aa38-939d-45d5-8cd2-b1c40fc37098","name":"TNLP010286 - De Rijpgracht 38, Amsterdam","address":"38 De Rijpgracht","city":"Amsterdam","operatorName":"TotalEnergies","maxPowerKw":17,"isMegawatt":false,"status":"AVAILABLE","source":"ndw"}},{"type":"Feature","geometry":{"type":"Point","coordinates":[4.83954,52.349785]},"properties":{"type":"charge","layer":"passenger","locationId":"aa88e730-52ef-4ff7-bdee-baca682ca5c5","name":"TNLP010748 - Overschiestraat 2, Amsterdam","address":"2 Overschiestraat","city":"Amsterdam","operatorName":"TotalEnergies","maxPowerKw":17,"isMegawatt":false,"status":"AVAILABLE","source":"ndw"}},{"type":"Feature","geometry":{"type":"Point","coordinates":[4.801898,52.365513]},"properties":{"type":"charge","layer":"passenger","locationId":"78615046-6a3f-4bb2-92a2-e2aac06d82b2","name":"TNLP011185 - Ookmeerweg 55, Amsterdam","address":"55 Ookmeerweg","city":"Amsterdam","operatorName":"TotalEnergies","maxPowerKw":17,"isMegawatt":false,"status":"AVAILABLE","source":"ndw"}},{"type":"Feature","geometry":{"type":"Point","coordinates":[4.873062,52.391495]},"properties":{"type":"charge","layer":"passenger","locationId":"348c0068-df16-4676-be1a-41d2bf31454a","name":"TNLP010253 - Oostzaanstraat 125, Amsterdam","address":"125 Oostzaanstraat","city":"Amsterdam","operatorName":"TotalEnergies","maxPowerKw":17,"isMegawatt":false,"status":"AVAILABLE","source":"ndw"}},{"type":"Feature","geometry":{"type":"Point","coordinates":[4.959945,52.393787]},"properties":{"type":"charge","layer":"passenger","locationId":"892ad317-9bcd-4a1f-a280-74ea56134ea3","name":"TNLP011788 - Markengouw 175, Amsterdam","address":"175 Markengouw","city":"Amsterdam","operatorName":"TotalEnergies","maxPowerKw":17,"isMegawatt":false,"status":"AVAILABLE","source":"ndw"}},{"type":"Feature","geometry":{"type":"Point","coordinates":[4.895269,52.34222]},"properties":{"type":"charge","layer":"passenger","locationId":"461bd439-e7fb-437a-b014-81176564d6d1","name":"TNLP011186 - Rooseveltlaan 213, Amsterdam","address":"213 Rooseveltlaan","city":"Amsterdam","operatorName":"TotalEnergies","maxPowerKw":17,"isMegawatt":false,"status":"CHARGING","source":"ndw"}},{"type":"Feature","geometry":{"type":"Point","coordinates":[4.897855,52.35181]},"properties":{"type":"charge","layer":"passenger","locationId":"cc6e2eaf-d005-44d1-82ba-8a0460eec176","name":"TNLP010563 - Henrick de Keijserplein 5, Amsterdam","address":"5 Henrick de Keijserplein","city":"Amsterdam","operatorName":"TotalEnergies","maxPowerKw":17,"isMegawatt":false,"status":"CHARGING","source":"ndw"}},{"type":"Feature","geometry":{"type":"Point","coordinates":[4.853478,52.3595]},"properties":{"type":"charge","layer":"passenger","locationId":"b7d793e3-4d37-423d-9d0c-07854d1e7ed1","name":"TNLP010132 - Hoofdweg 12, Amsterdam","address":"12 Hoofdweg","city":"Amsterdam","operatorName":"TotalEnergies","maxPowerKw":17,"isMegawatt":false,"status":"CHARGING","source":"ndw"}},{"type":"Feature","geometry":{"type":"Point","coordinates":[4.929517,52.355644]},"properties":{"type":"charge","layer":"passenger","locationId":"149f7be7-6e7c-4b4b-aacf-5b051a7f7c55","name":"TNLP011248 - Linnaeuskade 12, Amsterdam","address":"12 Linnaeuskade","city":"Amsterdam","operatorName":"TotalEnergies","maxPowerKw":17,"isMegawatt":false,"status":"CHARGING","source":"ndw"}},{"type":"Feature","geometry":{"type":"Point","coordinates":[4.923992,52.379723]},"properties":{"type":"charge","layer":"passenger","locationId":"b318fb28-b7d9-418a-98fa-59d010e7727b","name":"TNLP010125 - Sumatrakade 1435, Amsterdam","address":"1435 Sumatrakade","city":"Amsterdam","operatorName":"TotalEnergies","maxPowerKw":17,"isMegawatt":false,"status":"AVAILABLE","source":"ndw"}},{"type":"Feature","geometry":{"type":"Point","coordinates":[4.95771,52.294839]},"properties":{"type":"charge","layer":"passenger","locationId":"6729fe0c5b10c99a5c0d84ae","name":"Laadpunten P1 - Locatie AMC","address":"Meibergdreef 9","city":"Amsterdam","operatorName":"E-Flux by Road","maxPowerKw":11,"isMegawatt":false,"status":"AVAILABLE","source":"ndw","priceKwh":0.62}},{"type":"Feature","geometry":{"type":"Point","coordinates":[4.949483,52.312484]},"properties":{"type":"charge","layer":"passenger","locationId":"2F8000BA-42E5-4FC8-B121-14D39A3EC6D7","name":"Eneco eMobility Hoekenrode 8 81102BR Amsterdam","address":"Hoekenrode 8","city":"Amsterdam","operatorName":"Eneco","maxPowerKw":22,"isMegawatt":false,"status":"UNAVAILABLE","source":"ndw","priceKwh":0.33}},{"type":"Feature","geometry":{"type":"Point","coordinates":[4.918601,52.372658]},"properties":{"type":"charge","layer":"passenger","locationId":"ec71a17a-a18c-47b5-9bba-f361fb230f93","name":"TNLP010175 - Kattenburgerstraat 144, Amsterdam","address":"144 Kattenburgerstraat","city":"Amsterdam","operatorName":"TotalEnergies","maxPowerKw":17,"isMegawatt":false,"status":"AVAILABLE","source":"ndw"}},{"type":"Feature","geometry":{"type":"Point","coordinates":[4.857388,52.344476]},"properties":{"type":"charge","layer":"passenger","locationId":"68e6380374df921abdf75245","name":"FH Super V.O.F. AH4107","address":"Stadionplein  115","city":"Amsterdam","operatorName":"E-Flux by Road","maxPowerKw":11,"isMegawatt":false,"status":"CHARGING","source":"ndw","priceKwh":0.58}},{"type":"Feature","geometry":{"type":"Point","coordinates":[4.870644,52.3739]},"properties":{"type":"charge","layer":"passenger","locationId":"0eb6f652-a45b-4db8-8546-7399533b2e43","name":"TNLP010880 - Van Reigersbergenstraat 39, Amsterdam","address":"39 Van Reigersbergenstraat","city":"Amsterdam","operatorName":"TotalEnergies","maxPowerKw":17,"isMegawatt":false,"status":"AVAILABLE","source":"ndw"}},{"type":"Feature","geometry":{"type":"Point","coordinates":[4.987465,52.31626]},"properties":{"type":"charge","layer":"passenger","locationId":"197b4465-e1b2-4181-a876-bba4d07fe8c6","name":"TNLP010258 - Kouwenoordweg 27, Amsterdam","address":"27 Kouwenoordweg","city":"Amsterdam","operatorName":"TotalEnergies","maxPowerKw":17,"isMegawatt":false,"status":"AVAILABLE","source":"ndw"}},{"type":"Feature","geometry":{"type":"Point","coordinates":[4.78784,52.347347]},"properties":{"type":"charge","layer":"passenger","locationId":"f98b7061-6d82-441b-9504-7f7734ce2c25","name":"TNLP011262 - Pond Sterlinglaan 64, Amsterdam","address":"64 Pond Sterlinglaan","city":"Amsterdam","operatorName":"TotalEnergies","maxPowerKw":17,"isMegawatt":false,"status":"CHARGING","source":"ndw"}},{"type":"Feature","geometry":{"type":"Point","coordinates":[4.935152,52.360214]},"properties":{"type":"charge","layer":"passenger","locationId":"733b3102-b2e0-4d2c-bdf5-12d6ad0e054f","name":"TNLP010048 - Palembangstraat 20, Amsterdam","address":"20 Palembangstraat","city":"Amsterdam","operatorName":"TotalEnergies","maxPowerKw":17,"isMegawatt":false,"status":"AVAILABLE","source":"ndw"}},{"type":"Feature","geometry":{"type":"Point","coordinates":[4.92418,52.408604]},"properties":{"type":"charge","layer":"passenger","locationId":"4ff79d5d-66bf-4cea-8ffd-8db8b51b4c22","name":"TNLP010572 - Voordewind 50, Amsterdam","address":"50 Voordewind","city":"Amsterdam","operatorName":"TotalEnergies","maxPowerKw":17,"isMegawatt":false,"status":"AVAILABLE","source":"ndw"}},{"type":"Feature","geometry":{"type":"Point","coordinates":[4.875645,52.35729]},"properties":{"type":"charge","layer":"passenger","locationId":"958619cd-0b77-4662-a6a4-6ef920f4084b","name":"TNLP010356 - Willemsparkweg 59, Amsterdam","address":"59 Willemsparkweg","city":"Amsterdam","operatorName":"TotalEnergies","maxPowerKw":17,"isMegawatt":false,"status":"AVAILABLE","source":"ndw"}},{"type":"Feature","geometry":{"type":"Point","coordinates":[4.893204,52.35897]},"properties":{"type":"charge","layer":"passenger","locationId":"987b9e0f-5572-4208-b91a-ed6faa5e50b9","name":"TNLP010920 - Den Texstraat 1, Amsterdam","address":"1 Den Texstraat","city":"Amsterdam","operatorName":"TotalEnergies","maxPowerKw":17,"isMegawatt":false,"status":"AVAILABLE","source":"ndw"}},{"type":"Feature","geometry":{"type":"Point","coordinates":[4.868262,52.375572]},"properties":{"type":"charge","layer":"passenger","locationId":"b6245036-731a-4b38-9707-0daa9592b661","name":"TNLP010109 - Marcantilaan 25, Amsterdam","address":"25 Marcantilaan","city":"Amsterdam","operatorName":"TotalEnergies","maxPowerKw":17,"isMegawatt":false,"status":"AVAILABLE","source":"ndw"}},{"type":"Feature","geometry":{"type":"Point","coordinates":[4.897563,52.356576]},"properties":{"type":"charge","layer":"passenger","locationId":"530765fb74c246c5ab444a573fa62985","name":"Albert Cuypstraat - Markt 1072EA 10","address":"Albert Cuypstraat 10","city":"Amsterdam","operatorName":"","maxPowerKw":22,"isMegawatt":false,"status":"AVAILABLE","source":"ndw"}},{"type":"Feature","geometry":{"type":"Point","coordinates":[4.898905,52.357086]},"properties":{"type":"charge","layer":"passenger","locationId":"afcbda2635c244d29aefb62b9ce50bef","name":"Albert Cuypstraat - Markt 1072CP 03","address":"Albert Cuypstraat 03","city":"Amsterdam","operatorName":"","maxPowerKw":22,"isMegawatt":false,"status":"CHARGING","source":"ndw"}},{"type":"Feature","geometry":{"type":"Point","coordinates":[4.837021,52.374555]},"properties":{"type":"charge","layer":"passenger","locationId":"69e73f2d4117e9f97117626e","name":"StuNest Spartaan","address":"Wim van Estlaan","city":"Amsterdam","operatorName":"Rockfield Real Estate","maxPowerKw":22,"isMegawatt":false,"status":"AVAILABLE","source":"ndw","priceKwh":0.39}},{"type":"Feature","geometry":{"type":"Point","coordinates":[4.832337,52.392644]},"properties":{"type":"charge","layer":"passenger","locationId":"66bdcf18283d89001c3527c8","name":"APF-International - Disctrict West","address":"Basisweg 30-32","city":"Amsterdam","operatorName":"Pluq","maxPowerKw":22,"isMegawatt":false,"status":"AVAILABLE","source":"ndw","priceKwh":0.38}},{"type":"Feature","geometry":{"type":"Point","coordinates":[4.877026,52.361412]},"properties":{"type":"charge","layer":"passenger","locationId":"e23529a9-a46f-46eb-a38c-4f4567e1f7f0","name":"TNLP010538 - Roemer Visscherstraat 30, Amsterdam","address":"30 Roemer Visscherstraat","city":"Amsterdam","operatorName":"TotalEnergies","maxPowerKw":17,"isMegawatt":false,"status":"AVAILABLE","source":"ndw"}},{"type":"Feature","geometry":{"type":"Point","coordinates":[4.91358,52.391884]},"properties":{"type":"charge","layer":"passenger","locationId":"d734828e-8fcf-4fd0-aaa9-f79d421d7592","name":"TNLP010974 - Mosveld 90, Amsterdam","address":"90 Mosveld","city":"Amsterdam","operatorName":"TotalEnergies","maxPowerKw":17,"isMegawatt":false,"status":"CHARGING","source":"ndw"}},{"type":"Feature","geometry":{"type":"Point","coordinates":[4.923002,52.40498]},"properties":{"type":"charge","layer":"passenger","locationId":"6661885082b2b2001c813d06","name":"Stichting BovenIJ Personeel","address":"Statenjachtstraat 1","city":"Amsterdam","operatorName":"Pluq","maxPowerKw":22,"isMegawatt":false,"status":"AVAILABLE","source":"ndw","priceKwh":0.4}},{"type":"Feature","geometry":{"type":"Point","coordinates":[4.91468,52.377764]},"properties":{"type":"charge","layer":"passenger","locationId":"NLLOC025964","name":"NLD, Amsterdam, Piet Heinkade 59","address":"Piet Heinkade 59","city":"Amsterdam","operatorName":"Allego","maxPowerKw":22,"isMegawatt":false,"status":"AVAILABLE","source":"ndw","priceKwh":0.495}},{"type":"Feature","geometry":{"type":"Point","coordinates":[4.913363,52.39133]},"properties":{"type":"charge","layer":"passenger","locationId":"NLLOC025716","name":"NLD, Parkeerterrein Volewijkshof Amsterdam, 1031 AH","address":"Volewijkshof","city":"Amsterdam","operatorName":"Allego","maxPowerKw":22,"isMegawatt":false,"status":"AVAILABLE","source":"ndw","priceKwh":0.511}},{"type":"Feature","geometry":{"type":"Point","coordinates":[4.840572,52.370192]},"properties":{"type":"charge","layer":"passenger","locationId":"d84983550b9a456da6ff","name":"Amsterdam OLVG locatie west Parkeerterrein","address":"Jan Tooropstraat 160","city":"Amsterdam","operatorName":"Opcharge","maxPowerKw":11,"isMegawatt":false,"status":"AVAILABLE","source":"ndw","priceKwh":0.33}},{"type":"Feature","geometry":{"type":"Point","coordinates":[4.852971,52.36013]},"properties":{"type":"charge","layer":"passenger","locationId":"f94d2c9e-303d-44cc-9600-a0366533af46","name":"TNLP010149 - Hoofdweg 27, Amsterdam","address":"27 Hoofdweg","city":"Amsterdam","operatorName":"TotalEnergies","maxPowerKw":17,"isMegawatt":false,"status":"AVAILABLE","source":"ndw"}},{"type":"Feature","geometry":{"type":"Point","coordinates":[4.82585,52.34047]},"properties":{"type":"charge","layer":"passenger","locationId":"a5e0077b9e2744b7bd58","name":"NL Asset Management l Amsterdam l Johan Huizingalaan 400 l Deel 1","address":"David Ricardostraat 1","city":"Amsterdam","operatorName":"Opcharge","maxPowerKw":22,"isMegawatt":false,"status":"UNAVAILABLE","source":"ndw","priceKwh":0.49}},{"type":"Feature","geometry":{"type":"Point","coordinates":[4.876295,52.400114]},"properties":{"type":"charge","layer":"passenger","locationId":"OST22P0060_0011_0","name":"OST22P0060_0011_0","address":"Danzigerkade 23","city":"Amsterdam","operatorName":"e-VOLTT","maxPowerKw":19,"isMegawatt":false,"status":"AVAILABLE","source":"ndw","priceKwh":0.6}},{"type":"Feature","geometry":{"type":"Point","coordinates":[4.905902,52.347477]},"properties":{"type":"charge","layer":"passenger","locationId":"430a6b11-8d8d-4810-b798-ac80e74bf74c","name":"TNLP010635 - Vechtstraat 49, Amsterdam","address":"49 Vechtstraat","city":"Amsterdam","operatorName":"TotalEnergies","maxPowerKw":17,"isMegawatt":false,"status":"CHARGING","source":"ndw"}},{"type":"Feature","geometry":{"type":"Point","coordinates":[4.944009,52.351753]},"properties":{"type":"charge","layer":"passenger","locationId":"a1319ec7-4eb7-445b-8bd0-2139c849ccde","name":"TNLP010166 - Marconistraat 9, Amsterdam","address":"9 Marconistraat","city":"Amsterdam","operatorName":"TotalEnergies","maxPowerKw":17,"isMegawatt":false,"status":"AVAILABLE","source":"ndw"}},{"type":"Feature","geometry":{"type":"Point","coordinates":[4.779462,52.379827]},"properties":{"type":"charge","layer":"passenger","locationId":"80a22adeca454d10817ed011fb58bd7e","name":"Tuinen van West NW-1067HR-02","address":"Pieter Moeskopspad 1","city":"Amsterdam","operatorName":"","maxPowerKw":22,"isMegawatt":false,"status":"CHARGING","source":"ndw","priceKwh":0.62}},{"type":"Feature","geometry":{"type":"Point","coordinates":[4.924504,52.344234]},"properties":{"type":"charge","layer":"passenger","locationId":"6101fa66-9cd1-40e4-952b-38cbb412fc28","name":"TNLP010159 - Fahrenheitsingel 70, Amsterdam","address":"70 Fahrenheitsingel","city":"Amsterdam","operatorName":"TotalEnergies","maxPowerKw":17,"isMegawatt":false,"status":"AVAILABLE","source":"ndw"}},{"type":"Feature","geometry":{"type":"Point","coordinates":[4.818122,52.37639]},"properties":{"type":"charge","layer":"passenger","locationId":"1b670870-f960-4248-af88-129383b7b2b2","name":"TNLP011269 - Jacques Perkstraat 11, Amsterdam","address":"11 Jacques Perkstraat","city":"Amsterdam","operatorName":"TotalEnergies","maxPowerKw":17,"isMegawatt":false,"status":"UNAVAILABLE","source":"ndw"}},{"type":"Feature","geometry":{"type":"Point","coordinates":[4.852665,52.408825]},"properties":{"type":"charge","layer":"passenger","locationId":"d9d20ef55cf047959782d44872540d7f","name":"Twin Gis hal 24098-eu303","address":"Petroleumhavenweg 1","city":"Amsterdam","operatorName":"","maxPowerKw":11,"isMegawatt":false,"status":"AVAILABLE","source":"ndw","priceKwh":0.55}},{"type":"Feature","geometry":{"type":"Point","coordinates":[4.867157,52.415744]},"properties":{"type":"charge","layer":"passenger","locationId":"2e253a9e66784321a0692c5c69197bb3","name":"Coentunnel DC-lader","address":"Meteorenweg","city":"Amsterdam","operatorName":"","maxPowerKw":50,"isMegawatt":false,"status":"AVAILABLE","source":"ndw","priceKwh":0.78}},{"type":"Feature","geometry":{"type":"Point","coordinates":[4.95534,52.3183]},"properties":{"type":"charge","layer":"passenger","locationId":"8f1f1324-a136-4c42-b099-cfdfab56eb2e","name":"TNLP010562 - Raoul Wallenbergstraat 37, Amsterdam","address":"37 Raoul Wallenbergstraat","city":"Amsterdam","operatorName":"TotalEnergies","maxPowerKw":17,"isMegawatt":false,"status":"AVAILABLE","source":"ndw"}},{"type":"Feature","geometry":{"type":"Point","coordinates":[4.941874,52.352047]},"properties":{"type":"charge","layer":"passenger","locationId":"9f9ac605-418f-4cc8-a74d-cac71bc5abf7","name":"TNLP010857 - Johannes van der Waalsstraat 42, Amsterdam","address":"42 Johannes van der Waalsstraat","city":"Amsterdam","operatorName":"TotalEnergies","maxPowerKw":17,"isMegawatt":false,"status":"CHARGING","source":"ndw"}},{"type":"Feature","geometry":{"type":"Point","coordinates":[4.832126,52.35265]},"properties":{"type":"charge","layer":"passenger","locationId":"413a0c5b-2a9e-4776-8c6b-0ce72c27dd3e","name":"TNLP010824 - Louis Bouwmeesterstraat 214, Amsterdam","address":"214 Louis Bouwmeesterstraat","city":"Amsterdam","operatorName":"TotalEnergies","maxPowerKw":17,"isMegawatt":false,"status":"AVAILABLE","source":"ndw"}},{"type":"Feature","geometry":{"type":"Point","coordinates":[4.92081,52.34669]},"properties":{"type":"charge","layer":"passenger","locationId":"60C8FF4F-6409-4F01-A0B9-CB770E5C1AD6","name":"Q-Park Amsterdam AMST","address":"Bertrand Russellstraat 1 E","city":"Amsterdam","operatorName":"Q-Park Netherlands","maxPowerKw":11,"isMegawatt":false,"status":"AVAILABLE","source":"ndw"}},{"type":"Feature","geometry":{"type":"Point","coordinates":[4.958245,52.395702]},"properties":{"type":"charge","layer":"passenger","locationId":"8af4fa2f-b272-488f-bf65-b3e420115161","name":"TNLP010800 - Wieringerwaardstraat 50, Amsterdam","address":"50 Wieringerwaardstraat","city":"Amsterdam","operatorName":"TotalEnergies","maxPowerKw":17,"isMegawatt":false,"status":"AVAILABLE","source":"ndw"}},{"type":"Feature","geometry":{"type":"Point","coordinates":[4.897393,52.345886]},"properties":{"type":"charge","layer":"passenger","locationId":"eacb3a3f-767a-4884-8fe8-843fc1971a14","name":"TNLP010005 - Jekerstraat 45, Amsterdam","address":"45 Jekerstraat","city":"Amsterdam","operatorName":"TotalEnergies","maxPowerKw":17,"isMegawatt":false,"status":"AVAILABLE","source":"ndw"}},{"type":"Feature","geometry":{"type":"Point","coordinates":[4.797278,52.37969]},"properties":{"type":"charge","layer":"passenger","locationId":"44095c80-da62-4372-a33a-707acb226958","name":"TNLP010485 - Marchanthof 48, Amsterdam","address":"48 Marchanthof","city":"Amsterdam","operatorName":"TotalEnergies","maxPowerKw":17,"isMegawatt":false,"status":"AVAILABLE","source":"ndw"}},{"type":"Feature","geometry":{"type":"Point","coordinates":[4.850579,52.38395]},"properties":{"type":"charge","layer":"passenger","locationId":"efe8319d-35fe-45fc-9671-12fa4d892c0f","name":"TNLP010412 - Doggersbankstraat 2, Amsterdam","address":"2 Doggersbankstraat","city":"Amsterdam","operatorName":"TotalEnergies","maxPowerKw":17,"isMegawatt":false,"status":"AVAILABLE","source":"ndw"}},{"type":"Feature","geometry":{"type":"Point","coordinates":[4.807473,52.411369]},"properties":{"type":"charge","layer":"passenger","locationId":"4265115","name":"Laadnet Timber Products Amsterdam","address":"Lipariweg 6","city":"Amsterdam","operatorName":"Laadnet","maxPowerKw":22,"isMegawatt":false,"status":"AVAILABLE","source":"ndw"}},{"type":"Feature","geometry":{"type":"Point","coordinates":[4.860391,52.372166]},"properties":{"type":"charge","layer":"passenger","locationId":"7d7d3644-06af-443a-9524-740318679fff","name":"TNLP010018 - Maarten Harpertszoon Trompstraat 11, Amsterdam","address":"11 Maarten Harpertszoon Trompstraat","city":"Amsterdam","operatorName":"TotalEnergies","maxPowerKw":17,"isMegawatt":false,"status":"CHARGING","source":"ndw"}},{"type":"Feature","geometry":{"type":"Point","coordinates":[4.868441,52.369694]},"properties":{"type":"charge","layer":"passenger","locationId":"7ae144ac-fadb-48d8-8ab5-3998d3c266c7","name":"TNLP010143 - Bilderdijkkade 30, Amsterdam","address":"30 Bilderdijkkade","city":"Amsterdam","operatorName":"TotalEnergies","maxPowerKw":17,"isMegawatt":false,"status":"CHARGING","source":"ndw"}},{"type":"Feature","geometry":{"type":"Point","coordinates":[5.035788,52.309692]},"properties":{"type":"charge","layer":"passenger","locationId":"8c3757f7-4830-4ce6-a2f9-59c0823ddeb1","name":"TNLP011539 - Meidoornlaan 10, Weesp","address":"10 Meidoornlaan","city":"Weesp","operatorName":"TotalEnergies","maxPowerKw":17,"isMegawatt":false,"status":"UNAVAILABLE","source":"ndw"}},{"type":"Feature","geometry":{"type":"Point","coordinates":[4.964989,52.31606]},"properties":{"type":"charge","layer":"passenger","locationId":"727d6377-a805-479f-be7e-aa5c505e688a","name":"TNLP010231 - Gooise Kant 14, Amsterdam","address":"14 Gooise Kant","city":"Amsterdam","operatorName":"TotalEnergies","maxPowerKw":17,"isMegawatt":false,"status":"AVAILABLE","source":"ndw"}},{"type":"Feature","geometry":{"type":"Point","coordinates":[4.920672,52.358807]},"properties":{"type":"charge","layer":"passenger","locationId":"b3b374c3-4668-42f2-8181-27423b79ceca","name":"TNLP011080 - Oosterpark 46, Amsterdam","address":"46 Oosterpark","city":"Amsterdam","operatorName":"TotalEnergies","maxPowerKw":17,"isMegawatt":false,"status":"CHARGING","source":"ndw"}},{"type":"Feature","geometry":{"type":"Point","coordinates":[4.888465,52.335378]},"properties":{"type":"charge","layer":"passenger","locationId":"9B504290-D59B-4638-A2C5-9092FF281C17","name":"Q-Park Amsterdam Eurocenter","address":"Barbara Strozzilaan 342","city":"Amsterdam","operatorName":"Q-Park Netherlands","maxPowerKw":11,"isMegawatt":false,"status":"AVAILABLE","source":"ndw"}},{"type":"Feature","geometry":{"type":"Point","coordinates":[4.897074,52.340214]},"properties":{"type":"charge","layer":"passenger","locationId":"63ece9e6c100c3001285430b","name":"Douwes & Van der Sluis Beheer B.V.","address":"Baroniestraat, hoek veluwelaan 2","city":"Amsterdam","operatorName":"E-Flux by Road","maxPowerKw":121,"isMegawatt":false,"status":"AVAILABLE","source":"ndw","priceKwh":0.53}},{"type":"Feature","geometry":{"type":"Point","coordinates":[4.875366,52.355404]},"properties":{"type":"charge","layer":"passenger","locationId":"45503a91-bf8b-4f6c-b42a-ab4b92ed9824","name":"TNLP010602 - Johannes Verhulststraat 34, Amsterdam","address":"34 Johannes Verhulststraat","city":"Amsterdam","operatorName":"TotalEnergies","maxPowerKw":17,"isMegawatt":false,"status":"AVAILABLE","source":"ndw"}},{"type":"Feature","geometry":{"type":"Point","coordinates":[4.950627,52.39358]},"properties":{"type":"charge","layer":"passenger","locationId":"9dceead8-e7b5-4302-bd24-9bf5442ab288","name":"TNLP011263 - Groetstraat 110, Amsterdam","address":"110 Groetstraat","city":"Amsterdam","operatorName":"TotalEnergies","maxPowerKw":17,"isMegawatt":false,"status":"AVAILABLE","source":"ndw"}},{"type":"Feature","geometry":{"type":"Point","coordinates":[4.915113,52.386158]},"properties":{"type":"charge","layer":"passenger","locationId":"cf9b3eb1-9cfc-4504-b37e-6f1a989f5485","name":"TNLP011768 - Kraaienplein 28, Amsterdam","address":"28 Kraaienplein","city":"Amsterdam","operatorName":"TotalEnergies","maxPowerKw":17,"isMegawatt":false,"status":"AVAILABLE","source":"ndw"}},{"type":"Feature","geometry":{"type":"Point","coordinates":[4.902991,52.40586]},"properties":{"type":"charge","layer":"passenger","locationId":"d5413476-17bb-4c3b-b8c4-df9d66277583","name":"TNLP011047 - Tuinderijlaan 47, Amsterdam","address":"47 Tuinderijlaan","city":"Amsterdam","operatorName":"TotalEnergies","maxPowerKw":17,"isMegawatt":false,"status":"AVAILABLE","source":"ndw"}},{"type":"Feature","geometry":{"type":"Point","coordinates":[4.795879,52.379707]},"properties":{"type":"charge","layer":"passenger","locationId":"b769aa9e-fdbf-49b2-a58b-d4a43f5d34a6","name":"TNLP011806 - Marchanthof 98, Amsterdam","address":"98 Marchanthof","city":"Amsterdam","operatorName":"TotalEnergies","maxPowerKw":17,"isMegawatt":false,"status":"AVAILABLE","source":"ndw"}},{"type":"Feature","geometry":{"type":"Point","coordinates":[4.959597,52.376183]},"properties":{"type":"charge","layer":"passenger","locationId":"3289390","name":"Laadnet Hogeschool Inholland Amsterdam","address":"Pina Bauschplein 4","city":"Amsterdam","operatorName":"Laadnet","maxPowerKw":22,"isMegawatt":false,"status":"AVAILABLE","source":"ndw"}},{"type":"Feature","geometry":{"type":"Point","coordinates":[4.934654,52.364338]},"properties":{"type":"charge","layer":"passenger","locationId":"bedd8117-b772-41d9-967a-b8ad83d2f252","name":"TNLP010763 - Madurastraat 71, Amsterdam","address":"71 Madurastraat","city":"Amsterdam","operatorName":"TotalEnergies","maxPowerKw":17,"isMegawatt":false,"status":"UNAVAILABLE","source":"ndw"}},{"type":"Feature","geometry":{"type":"Point","coordinates":[4.911201,52.387295]},"properties":{"type":"charge","layer":"passenger","locationId":"ea517500-7333-4d52-8699-5690d939095a","name":"TNLP010384 - Meidoornweg 36, Amsterdam","address":"36 Meidoornweg","city":"Amsterdam","operatorName":"TotalEnergies","maxPowerKw":17,"isMegawatt":false,"status":"AVAILABLE","source":"ndw"}},{"type":"Feature","geometry":{"type":"Point","coordinates":[4.942156,52.370647]},"properties":{"type":"charge","layer":"passenger","locationId":"7d31587d-b5db-4c89-9a55-966c197fc0f7","name":"TNLP010853 - Borneokade 163, Amsterdam","address":"163 Borneokade","city":"Amsterdam","operatorName":"TotalEnergies","maxPowerKw":17,"isMegawatt":false,"status":"AVAILABLE","source":"ndw"}},{"type":"Feature","geometry":{"type":"Point","coordinates":[4.941693,52.319824]},"properties":{"type":"charge","layer":"passenger","locationId":"481bd238-e2a2-446b-aa5d-82b015c84ef1","name":"TNLP010240 - Boris Pasternakstraat 107, Amsterdam","address":"107 Boris Pasternakstraat","city":"Amsterdam","operatorName":"TotalEnergies","maxPowerKw":17,"isMegawatt":false,"status":"UNAVAILABLE","source":"ndw"}},{"type":"Feature","geometry":{"type":"Point","coordinates":[5.031439,52.309296]},"properties":{"type":"charge","layer":"passenger","locationId":"9087dcb1-bf81-4aa0-9068-e0c93aa30b5c","name":"TNLP011659 - Diemerdijkstraat 13, Weesp","address":"13 Diemerdijkstraat","city":"Weesp","operatorName":"TotalEnergies","maxPowerKw":17,"isMegawatt":false,"status":"AVAILABLE","source":"ndw"}},{"type":"Feature","geometry":{"type":"Point","coordinates":[4.912325,52.39978]},"properties":{"type":"charge","layer":"passenger","locationId":"98339f3b-ef88-4f29-90c2-d738c7b7c571","name":"TNLP010095 - Floraweg 167, Amsterdam","address":"167 Floraweg","city":"Amsterdam","operatorName":"TotalEnergies","maxPowerKw":17,"isMegawatt":false,"status":"AVAILABLE","source":"ndw"}},{"type":"Feature","geometry":{"type":"Point","coordinates":[4.79929,52.39602]},"properties":{"type":"charge","layer":"passenger","locationId":"10E747C0-88F7-46CA-BA6E-A7F50F228B8F","name":"Eneco eMobility Galwin 3 Amsterdam","address":"Galwin 3","city":"Amsterdam","operatorName":"Eneco","maxPowerKw":22,"isMegawatt":false,"status":"AVAILABLE","source":"ndw","priceKwh":0.32}},{"type":"Feature","geometry":{"type":"Point","coordinates":[4.876921,52.35838]},"properties":{"type":"charge","layer":"passenger","locationId":"beccb2e6-3c5c-4156-83ca-640cfdea9340","name":"TNLP010100 - van Eeghenstraat 8, Amsterdam","address":"8 van Eeghenstraat","city":"Amsterdam","operatorName":"TotalEnergies","maxPowerKw":17,"isMegawatt":false,"status":"AVAILABLE","source":"ndw"}},{"type":"Feature","geometry":{"type":"Point","coordinates":[4.983706,52.31983]},"properties":{"type":"charge","layer":"passenger","locationId":"d84a54fb-02ca-4b3f-96cc-5eddab2e170b","name":"TNLP010579 - s-Gravendijkdreef 317, Amsterdam","address":"317 s-Gravendijkdreef","city":"Amsterdam","operatorName":"TotalEnergies","maxPowerKw":17,"isMegawatt":false,"status":"AVAILABLE","source":"ndw"}},{"type":"Feature","geometry":{"type":"Point","coordinates":[4.906568,52.35773]},"properties":{"type":"charge","layer":"passenger","locationId":"d9538516-143f-4e90-81c3-e3f0fefd124a","name":"TNLP010614 - Weesperzijde 19, Amsterdam","address":"19 Weesperzijde","city":"Amsterdam","operatorName":"TotalEnergies","maxPowerKw":17,"isMegawatt":false,"status":"CHARGING","source":"ndw"}},{"type":"Feature","geometry":{"type":"Point","coordinates":[4.837503,52.363074]},"properties":{"type":"charge","layer":"passenger","locationId":"66321d6fd4505d001d4a2f24","name":"August Allebeplein laadpaal 4","address":"August Allebeplein 265","city":"Amsterdam","operatorName":"E-Flux by Road","maxPowerKw":22,"isMegawatt":false,"status":"UNAVAILABLE","source":"ndw","priceKwh":0.33}},{"type":"Feature","geometry":{"type":"Point","coordinates":[5.028556,52.31641]},"properties":{"type":"charge","layer":"passenger","locationId":"e06ea7c5-710d-446e-895b-7513ebb5e110","name":"TNLP011222 - Heemraadweg 122, Weesp","address":"122 Heemraadweg","city":"Weesp","operatorName":"TotalEnergies","maxPowerKw":17,"isMegawatt":false,"status":"AVAILABLE","source":"ndw"}},{"type":"Feature","geometry":{"type":"Point","coordinates":[4.921662,52.367172]},"properties":{"type":"charge","layer":"passenger","locationId":"e484c7f2-f915-4537-b639-b554e6afe819","name":"TNLP010827 - Hoogte Kadijk 195, Amsterdam","address":"195 Hoogte Kadijk","city":"Amsterdam","operatorName":"TotalEnergies","maxPowerKw":17,"isMegawatt":false,"status":"AVAILABLE","source":"ndw"}},{"type":"Feature","geometry":{"type":"Point","coordinates":[4.934658,52.3631]},"properties":{"type":"charge","layer":"passenger","locationId":"ffaecf23-1133-4abd-84b0-f865423246e1","name":"TNLP011036 - Balistraat 56, Amsterdam","address":"56 Balistraat","city":"Amsterdam","operatorName":"TotalEnergies","maxPowerKw":17,"isMegawatt":false,"status":"AVAILABLE","source":"ndw"}},{"type":"Feature","geometry":{"type":"Point","coordinates":[4.970541,52.302483]},"properties":{"type":"charge","layer":"passenger","locationId":"95c92478-ef86-4866-a36e-62c1c5b67a1d","name":"TNLP010165 - Mijehof 61, Amsterdam","address":"61 Mijehof","city":"Amsterdam","operatorName":"TotalEnergies","maxPowerKw":17,"isMegawatt":false,"status":"AVAILABLE","source":"ndw"}},{"type":"Feature","geometry":{"type":"Point","coordinates":[4.872706,52.33492]},"properties":{"type":"charge","layer":"passenger","locationId":"501a30ac-7a3f-4644-9923-f44df07dd162","name":"TNLP010623 - De Boelelaan 849, Amsterdam","address":"849 De Boelelaan","city":"Amsterdam","operatorName":"TotalEnergies","maxPowerKw":17,"isMegawatt":false,"status":"AVAILABLE","source":"ndw"}},{"type":"Feature","geometry":{"type":"Point","coordinates":[4.857023,52.39031]},"properties":{"type":"charge","layer":"passenger","locationId":"31672651-1257-4B48-A274-942B9AC8EC45","name":"Eneco eMobility ProCoatings - Amsterdam","address":"Contactweg 30 D","city":"Amsterdam","operatorName":"Eneco","maxPowerKw":22,"isMegawatt":false,"status":"AVAILABLE","source":"ndw","priceKwh":0.32}},{"type":"Feature","geometry":{"type":"Point","coordinates":[4.876846,52.379944]},"properties":{"type":"charge","layer":"passenger","locationId":"64eb0381-f533-444b-aec7-d3c0515e1981","name":"TNLP010397 - Lodewijk Tripstraat 4, Amsterdam","address":"4 Lodewijk Tripstraat","city":"Amsterdam","operatorName":"TotalEnergies","maxPowerKw":17,"isMegawatt":false,"status":"AVAILABLE","source":"ndw"}},{"type":"Feature","geometry":{"type":"Point","coordinates":[4.956268,52.39325]},"properties":{"type":"charge","layer":"passenger","locationId":"7e80aeb9-f8a2-429b-a699-d55353fd3e89","name":"TNLP010344 - IJdoornlaan 261, Amsterdam","address":"261 IJdoornlaan","city":"Amsterdam","operatorName":"TotalEnergies","maxPowerKw":17,"isMegawatt":false,"status":"AVAILABLE","source":"ndw"}},{"type":"Feature","geometry":{"type":"Point","coordinates":[4.944665,52.300097]},"properties":{"type":"charge","layer":"passenger","locationId":"323822b0606c17e20c5f4cb6e501f880","name":"Muntbergweg 16-18","address":"Muntbergweg 16-18","city":"Amsterdam","operatorName":"Vattenfall InCharge","maxPowerKw":50,"isMegawatt":false,"status":"AVAILABLE","source":"ndw"}},{"type":"Feature","geometry":{"type":"Point","coordinates":[4.853276,52.335909]},"properties":{"type":"charge","layer":"passenger","locationId":"4753924","name":"Laadnet AlpInvest Partners B.V.","address":"Jachthavenweg 118","city":"Amsterdam","operatorName":"Laadnet","maxPowerKw":22,"isMegawatt":false,"status":"AVAILABLE","source":"ndw"}},{"type":"Feature","geometry":{"type":"Point","coordinates":[4.804882,52.34153]},"properties":{"type":"charge","layer":"passenger","locationId":"6a0c5d52a9a101460847dc3f","name":"Top Valet","address":"Sloterweg  1052","city":"Amsterdam","operatorName":"E-Flux by Road","maxPowerKw":14,"isMegawatt":false,"status":"UNAVAILABLE","source":"ndw","priceKwh":0.42}},{"type":"Feature","geometry":{"type":"Point","coordinates":[4.897176,52.37278]},"properties":{"type":"charge","layer":"passenger","locationId":"f621156f-c460-4e33-8eca-8db52c4014bc","name":"TNLP011131 - Oudezijds Voorburgwal 131, Amsterdam","address":"131 Oudezijds Voorburgwal","city":"Amsterdam","operatorName":"TotalEnergies","maxPowerKw":17,"isMegawatt":false,"status":"AVAILABLE","source":"ndw"}},{"type":"Feature","geometry":{"type":"Point","coordinates":[4.870051,52.368412]},"properties":{"type":"charge","layer":"passenger","locationId":"fe5b2622-06e3-4300-9238-075e4937ae8a","name":"TNLP011189 - Bilderdijkkade 27, Amsterdam","address":"27 Bilderdijkkade","city":"Amsterdam","operatorName":"TotalEnergies","maxPowerKw":17,"isMegawatt":false,"status":"AVAILABLE","source":"ndw"}},{"type":"Feature","geometry":{"type":"Point","coordinates":[4.937204,52.34842]},"properties":{"type":"charge","layer":"passenger","locationId":"ec888efc-97fb-495d-bb8f-343525ed4942","name":"TNLP010096 - Pasteurstraat 44, Amsterdam","address":"44 Pasteurstraat","city":"Amsterdam","operatorName":"TotalEnergies","maxPowerKw":17,"isMegawatt":false,"status":"CHARGING","source":"ndw"}},{"type":"Feature","geometry":{"type":"Point","coordinates":[4.889486,52.334268]},"properties":{"type":"charge","layer":"passenger","locationId":"NLLOC003242","name":"Allego - Amsterdam Z Europaboulevard A10","address":"Europaboulevard 10","city":"Amsterdam","operatorName":"Allego","maxPowerKw":150,"isMegawatt":false,"status":"AVAILABLE","source":"ndw","priceKwh":0.655}},{"type":"Feature","geometry":{"type":"Point","coordinates":[4.851572,52.36715]},"properties":{"type":"charge","layer":"passenger","locationId":"717b2f84-32dc-46bd-bb3d-ae1859176a41","name":"TNLP010119 - Van Spilbergenstraat 98, Amsterdam","address":"98 Van Spilbergenstraat","city":"Amsterdam","operatorName":"TotalEnergies","maxPowerKw":17,"isMegawatt":false,"status":"AVAILABLE","source":"ndw"}},{"type":"Feature","geometry":{"type":"Point","coordinates":[4.996554,52.356243]},"properties":{"type":"charge","layer":"passenger","locationId":"8174de83-2740-4fe6-a689-90de11b0733f","name":"TNLP010363 - Diemerparklaan 27, Amsterdam","address":"27 Diemerparklaan","city":"Amsterdam","operatorName":"TotalEnergies","maxPowerKw":17,"isMegawatt":false,"status":"AVAILABLE","source":"ndw"}},{"type":"Feature","geometry":{"type":"Point","coordinates":[4.917801,52.371951]},"properties":{"type":"charge","layer":"passenger","locationId":"NLLOC027161","name":"NLD, Amsterdam, Kat­ten­bur­ger­straat 50-52","address":"Kat­ten­bur­ger­straat 50-52","city":"Amsterdam","operatorName":"Allego","maxPowerKw":22,"isMegawatt":false,"status":"AVAILABLE","source":"ndw","priceKwh":0.495}},{"type":"Feature","geometry":{"type":"Point","coordinates":[4.992655,52.358162]},"properties":{"type":"charge","layer":"passenger","locationId":"305fdb63-b5bf-46d5-b20a-c9c27686ecc2","name":"TNLP011203 - Maria Austriastraat 1, Amsterdam","address":"1 Maria Austriastraat","city":"Amsterdam","operatorName":"TotalEnergies","maxPowerKw":17,"isMegawatt":false,"status":"AVAILABLE","source":"ndw"}},{"type":"Feature","geometry":{"type":"Point","coordinates":[4.946811,52.39391]},"properties":{"type":"charge","layer":"passenger","locationId":"550ba4bb-7ca0-4655-8061-d8fb1f98cc6c","name":"TNLP011610 - De Egmondenstraat 90, Amsterdam","address":"90 De Egmondenstraat","city":"Amsterdam","operatorName":"TotalEnergies","maxPowerKw":17,"isMegawatt":false,"status":"AVAILABLE","source":"ndw"}},{"type":"Feature","geometry":{"type":"Point","coordinates":[4.905005,52.406826]},"properties":{"type":"charge","layer":"passenger","locationId":"95fb2416-40d6-4d3b-8866-c8d8be4fea51","name":"TNLP011208 - Jonathanhof 1, Amsterdam","address":"1 Jonathanhof","city":"Amsterdam","operatorName":"TotalEnergies","maxPowerKw":17,"isMegawatt":false,"status":"CHARGING","source":"ndw"}},{"type":"Feature","geometry":{"type":"Point","coordinates":[5.038487,52.313]},"properties":{"type":"charge","layer":"passenger","locationId":"a862637f-404d-4050-a7f4-cb3ebab3e2c0","name":"TNLP011807 - Willem de Mérodestraat 2, Weesp","address":"2 Willem de Mérodestraat","city":"Weesp","operatorName":"TotalEnergies","maxPowerKw":17,"isMegawatt":false,"status":"AVAILABLE","source":"ndw"}},{"type":"Feature","geometry":{"type":"Point","coordinates":[4.994948,52.30039]},"properties":{"type":"charge","layer":"passenger","locationId":"eeabfeb8-a726-4583-9747-dc8e424e230b","name":"TNLP010262 - Jacob Krüsestraat 19, Amsterdam","address":"19 Jacob Krüsestraat","city":"Amsterdam","operatorName":"TotalEnergies","maxPowerKw":17,"isMegawatt":false,"status":"AVAILABLE","source":"ndw"}},{"type":"Feature","geometry":{"type":"Point","coordinates":[4.862802,52.351856]},"properties":{"type":"charge","layer":"passenger","locationId":"a56fdf22-4079-4dea-af45-692d51dfa04d","name":"TNLP011407 - Okeghemstraat 16, Amsterdam","address":"16 Okeghemstraat","city":"Amsterdam","operatorName":"TotalEnergies","maxPowerKw":17,"isMegawatt":false,"status":"AVAILABLE","source":"ndw"}},{"type":"Feature","geometry":{"type":"Point","coordinates":[4.857933,52.354233]},"properties":{"type":"charge","layer":"passenger","locationId":"b991eec3-dd03-46dd-ae64-95b27c66c4e2","name":"TNLP010017 - Oranje Nassaulaan 48, Amsterdam","address":"48 Oranje Nassaulaan","city":"Amsterdam","operatorName":"TotalEnergies","maxPowerKw":17,"isMegawatt":false,"status":"AVAILABLE","source":"ndw"}},{"type":"Feature","geometry":{"type":"Point","coordinates":[4.958079,52.31965]},"properties":{"type":"charge","layer":"passenger","locationId":"e0eef883-d410-49cd-b373-a93c89630159","name":"TNLP010340 - Janusz Korczakstraat 30, Amsterdam","address":"30 Janusz Korczakstraat","city":"Amsterdam","operatorName":"TotalEnergies","maxPowerKw":17,"isMegawatt":false,"status":"AVAILABLE","source":"ndw"}},{"type":"Feature","geometry":{"type":"Point","coordinates":[4.888424,52.378365]},"properties":{"type":"charge","layer":"passenger","locationId":"3673dd1c-ed30-481d-9cbc-7cbcabda2a6a","name":"TNLP011845 - Keizersgracht 52, Amsterdam","address":"52 Keizersgracht","city":"Amsterdam","operatorName":"TotalEnergies","maxPowerKw":17,"isMegawatt":false,"status":"CHARGING","source":"ndw"}},{"type":"Feature","geometry":{"type":"Point","coordinates":[4.864972,52.393661]},"properties":{"type":"charge","layer":"passenger","locationId":"2aeb7adc-d072-419c-87ed-731a2846e963","name":"bp pulse charging hub Nieuwe Hemweg #05","address":"Nieuwe Hemweg 11","city":"Amsterdam","operatorName":"bp pulse","maxPowerKw":150,"isMegawatt":false,"status":"AVAILABLE","source":"ndw","priceKwh":0.7}},{"type":"Feature","geometry":{"type":"Point","coordinates":[4.847542,52.351418]},"properties":{"type":"charge","layer":"passenger","locationId":"667f8b1d-32a5-4155-9b08-fc1d1e014cea","name":"TNLP011456 - Woestduinstraat 92, Amsterdam","address":"92 Woestduinstraat","city":"Amsterdam","operatorName":"TotalEnergies","maxPowerKw":17,"isMegawatt":false,"status":"CHARGING","source":"ndw"}},{"type":"Feature","geometry":{"type":"Point","coordinates":[4.803804,52.355385]},"properties":{"type":"charge","layer":"passenger","locationId":"ec576f02-db78-4cfd-ac77-dd0f41351e9b","name":"TNLP010633 - Inzet 29, Amsterdam","address":"29 Inzet","city":"Amsterdam","operatorName":"TotalEnergies","maxPowerKw":17,"isMegawatt":false,"status":"AVAILABLE","source":"ndw"}},{"type":"Feature","geometry":{"type":"Point","coordinates":[4.911116,52.370296]},"properties":{"type":"charge","layer":"passenger","locationId":"f80aab60-0b1f-44f5-b120-f3c95031452a","name":"TNLP011379 - Rapenburgerplein 2, Amsterdam","address":"2 Rapenburgerplein","city":"Amsterdam","operatorName":"TotalEnergies","maxPowerKw":17,"isMegawatt":false,"status":"CHARGING","source":"ndw"}},{"type":"Feature","geometry":{"type":"Point","coordinates":[4.971986,52.301266]},"properties":{"type":"charge","layer":"passenger","locationId":"b4b0b84c-67dd-492e-b49e-7c27c4d73ec8","name":"TNLP011370 - Mijehof 339, Amsterdam","address":"339 Mijehof","city":"Amsterdam","operatorName":"TotalEnergies","maxPowerKw":17,"isMegawatt":false,"status":"UNAVAILABLE","source":"ndw"}},{"type":"Feature","geometry":{"type":"Point","coordinates":[4.931845,52.36485]},"properties":{"type":"charge","layer":"passenger","locationId":"3e4f5266-4112-4374-9948-7c8af5c7daaa","name":"TNLP011355 - Bankastraat 1, Amsterdam","address":"1 Bankastraat","city":"Amsterdam","operatorName":"TotalEnergies","maxPowerKw":17,"isMegawatt":false,"status":"AVAILABLE","source":"ndw"}},{"type":"Feature","geometry":{"type":"Point","coordinates":[4.938208,52.398197]},"properties":{"type":"charge","layer":"passenger","locationId":"NLLOC026357","name":"NLD, Amsterdam, Buikslotermeerplein 226","address":"Buikslotermeerplein 226","city":"Amsterdam","operatorName":"Allego","maxPowerKw":22,"isMegawatt":false,"status":"AVAILABLE","source":"ndw","priceKwh":0.495}},{"type":"Feature","geometry":{"type":"Point","coordinates":[4.804388,52.39068]},"properties":{"type":"charge","layer":"passenger","locationId":"a7ad6819-fc1a-474a-a2b3-ffb4c75bcd24","name":"TNLP011466 - Sierenborch 10, Amsterdam","address":"10 Sierenborch","city":"Amsterdam","operatorName":"TotalEnergies","maxPowerKw":17,"isMegawatt":false,"status":"AVAILABLE","source":"ndw"}},{"type":"Feature","geometry":{"type":"Point","coordinates":[4.914493,52.334092]},"properties":{"type":"charge","layer":"passenger","locationId":"66cc93b2972639001c2800df","name":"Office - Roaming Tariff (Essentials)","address":"Joan Muyskensweg 14","city":"Amsterdam","operatorName":"E-Flux by Road","maxPowerKw":22,"isMegawatt":false,"status":"UNAVAILABLE","source":"ndw","priceKwh":0.53}},{"type":"Feature","geometry":{"type":"Point","coordinates":[4.888987,52.37018]},"properties":{"type":"charge","layer":"passenger","locationId":"ce6aa93c-bc94-41cf-bd3e-bcbcff440dbc","name":"TNLP011240 - Spuistraat 274 III, Amsterdam","address":"274 III Spuistraat","city":"Amsterdam","operatorName":"TotalEnergies","maxPowerKw":17,"isMegawatt":false,"status":"CHARGING","source":"ndw"}},{"type":"Feature","geometry":{"type":"Point","coordinates":[5.048497,52.313423]},"properties":{"type":"charge","layer":"passenger","locationId":"fd06a5af-58bf-4075-8bc4-d36c3c9e0939","name":"TNLP011679 - Korte Muiderweg 25, Weesp","address":"25 Korte Muiderweg","city":"Weesp","operatorName":"TotalEnergies","maxPowerKw":17,"isMegawatt":false,"status":"AVAILABLE","source":"ndw"}},{"type":"Feature","geometry":{"type":"Point","coordinates":[4.866199,52.365005]},"properties":{"type":"charge","layer":"passenger","locationId":"5e9f9f0e-8d3e-43cb-b799-a48e247112cd","name":"TNLP010574 - Borgerstraat 103, Amsterdam","address":"103 Borgerstraat","city":"Amsterdam","operatorName":"TotalEnergies","maxPowerKw":17,"isMegawatt":false,"status":"AVAILABLE","source":"ndw"}},{"type":"Feature","geometry":{"type":"Point","coordinates":[4.856763,52.382744]},"properties":{"type":"charge","layer":"passenger","locationId":"7db73c8f-5526-49ab-b33e-3f7fda0dff9d","name":"TNLP011113 - Willem de Zwijgerlaan 360, Amsterdam","address":"360 Willem de Zwijgerlaan","city":"Amsterdam","operatorName":"TotalEnergies","maxPowerKw":17,"isMegawatt":false,"status":"CHARGING","source":"ndw"}},{"type":"Feature","geometry":{"type":"Point","coordinates":[4.980133,52.322533]},"properties":{"type":"charge","layer":"passenger","locationId":"cf6700de-9b24-4b20-9d56-b5d736e22ab7","name":"TNLP010030 - Gaandeweg 71, Amsterdam","address":"71 Gaandeweg","city":"Amsterdam","operatorName":"TotalEnergies","maxPowerKw":17,"isMegawatt":false,"status":"CHARGING","source":"ndw"}},{"type":"Feature","geometry":{"type":"Point","coordinates":[4.880459,52.329823]},"properties":{"type":"charge","layer":"passenger","locationId":"72ef668d-8bd8-4ec4-91a9-d73f4474e76e","name":"TNLP010270 - Geervliet 235, Amsterdam","address":"235 Geervliet","city":"Amsterdam","operatorName":"TotalEnergies","maxPowerKw":17,"isMegawatt":false,"status":"CHARGING","source":"ndw"}},{"type":"Feature","geometry":{"type":"Point","coordinates":[4.85446,52.369198]},"properties":{"type":"charge","layer":"passenger","locationId":"0a39f9b6-cca8-4857-8f9d-552d110fa133","name":"TNLP010783 - Vespuccistraat 1, Amsterdam","address":"1 Vespuccistraat","city":"Amsterdam","operatorName":"TotalEnergies","maxPowerKw":17,"isMegawatt":false,"status":"AVAILABLE","source":"ndw"}},{"type":"Feature","geometry":{"type":"Point","coordinates":[4.790041,52.406205]},"properties":{"type":"charge","layer":"passenger","locationId":"021DA7C9-B591-4399-969C-E3F7F72A2921","name":"Eneco eMobility CRH - Struyk Verwo Infra - Amsterdam","address":"Amerikahavenweg 20","city":"Amsterdam","operatorName":"Eneco","maxPowerKw":22,"isMegawatt":false,"status":"AVAILABLE","source":"ndw","priceKwh":0.32}},{"type":"Feature","geometry":{"type":"Point","coordinates":[4.850424,52.372517]},"properties":{"type":"charge","layer":"passenger","locationId":"f5fe1706-d1e0-4df8-bf95-a16bb46611b4","name":"TNLP011508 - Shackletonstraat 48, Amsterdam","address":"48 Shackletonstraat","city":"Amsterdam","operatorName":"TotalEnergies","maxPowerKw":17,"isMegawatt":false,"status":"AVAILABLE","source":"ndw"}},{"type":"Feature","geometry":{"type":"Point","coordinates":[4.895288,52.343384]},"properties":{"type":"charge","layer":"passenger","locationId":"b5b16cd0-3f97-46c6-806d-43e3b99d4301","name":"TNLP011548 - Niersstraat 7, Amsterdam","address":"7 Niersstraat","city":"Amsterdam","operatorName":"TotalEnergies","maxPowerKw":17,"isMegawatt":false,"status":"CHARGING","source":"ndw"}},{"type":"Feature","geometry":{"type":"Point","coordinates":[4.938763,52.376926]},"properties":{"type":"charge","layer":"passenger","locationId":"6bcfe879-6588-4807-af5a-5effe1e09647","name":"TNLP011220 - KNSM-Laan 204, Amsterdam","address":"204 KNSM-Laan","city":"Amsterdam","operatorName":"TotalEnergies","maxPowerKw":17,"isMegawatt":false,"status":"CHARGING","source":"ndw"}},{"type":"Feature","geometry":{"type":"Point","coordinates":[4.876249,52.347443]},"properties":{"type":"charge","layer":"passenger","locationId":"88ddeef7-14f6-4cc4-b70e-a0c0067fd92b","name":"TNLP010290 - Cliostraat 9, Amsterdam","address":"9 Cliostraat","city":"Amsterdam","operatorName":"TotalEnergies","maxPowerKw":17,"isMegawatt":false,"status":"AVAILABLE","source":"ndw"}},{"type":"Feature","geometry":{"type":"Point","coordinates":[4.94211,52.35947]},"properties":{"type":"charge","layer":"passenger","locationId":"b767ba3f-9b9d-4d52-841f-19eddea54519","name":"Laadplein - TNLP011329 - Sumatraplantsoen 38, Amsterdam","address":"38 Sumatraplantsoen","city":"Amsterdam","operatorName":"TotalEnergies","maxPowerKw":17,"isMegawatt":false,"status":"AVAILABLE","source":"ndw"}},{"type":"Feature","geometry":{"type":"Point","coordinates":[4.919229,52.377027]},"properties":{"type":"charge","layer":"passenger","locationId":"691b1f8303bd0ac031a832cc","name":"Funda Real Estate B.V.","address":"Piet Heinkade 167","city":"Amsterdam","operatorName":"E-Flux by Road","maxPowerKw":22,"isMegawatt":false,"status":"AVAILABLE","source":"ndw","priceKwh":0.53}},{"type":"Feature","geometry":{"type":"Point","coordinates":[4.876781,52.399258]},"properties":{"type":"charge","layer":"passenger","locationId":"OST20P0044_0003_5","name":"OST20P0044_0003_5","address":"Danzigerkade 15","city":"Amsterdam","operatorName":"e-VOLTT","maxPowerKw":21,"isMegawatt":false,"status":"AVAILABLE","source":"ndw","priceKwh":0.32}},{"type":"Feature","geometry":{"type":"Point","coordinates":[4.861498,52.349377]},"properties":{"type":"charge","layer":"passenger","locationId":"be03a32e-48ee-4bf7-9a3d-6cf1c022578e","name":"TNLP010400 - Olympiakade 19, Amsterdam","address":"19 Olympiakade","city":"Amsterdam","operatorName":"TotalEnergies","maxPowerKw":17,"isMegawatt":false,"status":"AVAILABLE","source":"ndw"}},{"type":"Feature","geometry":{"type":"Point","coordinates":[4.886739,52.349144]},"properties":{"type":"charge","layer":"passenger","locationId":"0412a148-d159-4330-89cc-80b378d64163","name":"TNLP010136 - Ruysdaelkade 265, Amsterdam","address":"265 Ruysdaelkade","city":"Amsterdam","operatorName":"TotalEnergies","maxPowerKw":17,"isMegawatt":false,"status":"AVAILABLE","source":"ndw"}},{"type":"Feature","geometry":{"type":"Point","coordinates":[4.945451,52.362247]},"properties":{"type":"charge","layer":"passenger","locationId":"d33ba58b-6d5f-4909-880f-b5cbc790868e","name":"TNLP010520 - Insulindeweg 920, Amsterdam","address":"920 Insulindeweg","city":"Amsterdam","operatorName":"TotalEnergies","maxPowerKw":17,"isMegawatt":false,"status":"AVAILABLE","source":"ndw"}},{"type":"Feature","geometry":{"type":"Point","coordinates":[4.89052,52.338525]},"properties":{"type":"charge","layer":"passenger","locationId":"630e1bc74ebb135cbae1e2fd","name":"Parkeergarage nhow hotel RAI","address":"Europaboulevard 2b","city":"Amsterdam","operatorName":"Heijmans","maxPowerKw":22,"isMegawatt":false,"status":"AVAILABLE","source":"ndw","priceKwh":0.49}},{"type":"Feature","geometry":{"type":"Point","coordinates":[4.854351,52.350372]},"properties":{"type":"charge","layer":"passenger","locationId":"5d4531c5-388d-48b2-b887-e3fb9197f368","name":"TNLP010859 - Baarsstraat 12, Amsterdam","address":"12 Baarsstraat","city":"Amsterdam","operatorName":"TotalEnergies","maxPowerKw":17,"isMegawatt":false,"status":"CHARGING","source":"ndw"}},{"type":"Feature","geometry":{"type":"Point","coordinates":[4.948388,52.304747]},"properties":{"type":"charge","layer":"passenger","locationId":"63087f881830b9fd5a172981","name":"Karsp laadpaal 2","address":"Karspeldreef  4","city":"Amsterdam","operatorName":"E-Flux by Road","maxPowerKw":22,"isMegawatt":false,"status":"AVAILABLE","source":"ndw","priceKwh":0.48}},{"type":"Feature","geometry":{"type":"Point","coordinates":[4.931309,52.354218]},"properties":{"type":"charge","layer":"passenger","locationId":"2669db16-8c25-4879-90c0-f65bb22de923","name":"TNLP010899 - Hogeweg 9, Amsterdam","address":"9 Hogeweg","city":"Amsterdam","operatorName":"TotalEnergies","maxPowerKw":17,"isMegawatt":false,"status":"AVAILABLE","source":"ndw"}},{"type":"Feature","geometry":{"type":"Point","coordinates":[4.85469,52.39615]},"properties":{"type":"charge","layer":"passenger","locationId":"68668bf50c7994678dc4df99","name":"Anders-IT POWER STATION","address":"zekeringstraat 17a","city":"amsterdam","operatorName":"E-Flux by Road","maxPowerKw":14,"isMegawatt":false,"status":"AVAILABLE","source":"ndw","priceKwh":0.83}},{"type":"Feature","geometry":{"type":"Point","coordinates":[4.94475,52.338802]},"properties":{"type":"charge","layer":"passenger","locationId":"39b9ee2c-3711-4ff5-a564-2b1a9fb66626","name":"TNLP010068 - Oogststraat 1, Amsterdam","address":"1 Oogststraat","city":"Amsterdam","operatorName":"TotalEnergies","maxPowerKw":17,"isMegawatt":false,"status":"AVAILABLE","source":"ndw"}},{"type":"Feature","geometry":{"type":"Point","coordinates":[4.94216,52.376675]},"properties":{"type":"charge","layer":"passenger","locationId":"6a7a5013-2c77-4197-9c62-eb171c5ea63c","name":"TNLP011345 - Levantplein 1, Amsterdam","address":"1 Levantplein","city":"Amsterdam","operatorName":"TotalEnergies","maxPowerKw":17,"isMegawatt":false,"status":"AVAILABLE","source":"ndw"}},{"type":"Feature","geometry":{"type":"Point","coordinates":[4.896339,52.42179]},"properties":{"type":"charge","layer":"passenger","locationId":"159fe84a-6ffc-4e13-b006-827e71a9ae39","name":"TNLP011107 - Lange Vonder 211, Amsterdam","address":"211 Lange Vonder","city":"Amsterdam","operatorName":"TotalEnergies","maxPowerKw":17,"isMegawatt":false,"status":"AVAILABLE","source":"ndw"}},{"type":"Feature","geometry":{"type":"Point","coordinates":[4.941815,52.302711]},"properties":{"type":"charge","layer":"passenger","locationId":"673b226158130869309fd9bc","name":"Stadium Capital Startwell users","address":"Lemelerbergweg 31-2","city":"Amsterdam","operatorName":"Pluq","maxPowerKw":22,"isMegawatt":false,"status":"AVAILABLE","source":"ndw","priceKwh":0.4}},{"type":"Feature","geometry":{"type":"Point","coordinates":[4.880744,52.396606]},"properties":{"type":"charge","layer":"passenger","locationId":"7736923c-d748-4c63-8967-13b47f9e8dd8","name":"TNLP011406 - Haparandadam 7, Amsterdam","address":"7 Haparandadam","city":"Amsterdam","operatorName":"TotalEnergies","maxPowerKw":17,"isMegawatt":false,"status":"CHARGING","source":"ndw"}},{"type":"Feature","geometry":{"type":"Point","coordinates":[4.845362,52.379247]},"properties":{"type":"charge","layer":"passenger","locationId":"EA65FB16-C677-41CF-A7E4-3433E87692D6","name":"Q-Park Amsterdam Bos en Lommer","address":"Leeuwendalersweg 23B","city":"Amsterdam","operatorName":"Q-Park Netherlands","maxPowerKw":11,"isMegawatt":false,"status":"AVAILABLE","source":"ndw"}},{"type":"Feature","geometry":{"type":"Point","coordinates":[4.859953,52.341994]},"properties":{"type":"charge","layer":"passenger","locationId":"2675469","name":"Laadnet Gerrit Rietveld Academie","address":"Fred. Roeskestraat 96","city":"Amsterdam","operatorName":"Laadnet","maxPowerKw":22,"isMegawatt":false,"status":"AVAILABLE","source":"ndw"}},{"type":"Feature","geometry":{"type":"Point","coordinates":[4.856957,52.358932]},"properties":{"type":"charge","layer":"passenger","locationId":"e86a495a-ba87-498b-b82c-f76bf0efed5a","name":"TNLP010891 - Busken Huetstraat 4, Amsterdam","address":"4 Busken Huetstraat","city":"Amsterdam","operatorName":"TotalEnergies","maxPowerKw":17,"isMegawatt":false,"status":"AVAILABLE","source":"ndw"}},{"type":"Feature","geometry":{"type":"Point","coordinates":[4.887532,52.361423]},"properties":{"type":"charge","layer":"passenger","locationId":"31a716dc-994e-4148-9429-96a1e2e1d9fa","name":"TNLP011138 - Lijnbaansgracht 289, Amsterdam","address":"289 Lijnbaansgracht","city":"Amsterdam","operatorName":"TotalEnergies","maxPowerKw":17,"isMegawatt":false,"status":"CHARGING","source":"ndw"}},{"type":"Feature","geometry":{"type":"Point","coordinates":[4.838475,52.355156]},"properties":{"type":"charge","layer":"passenger","locationId":"NLENV224a","name":"Amsterdam, Kon. Wilhelminapln 10 - OKU House Achmea","address":"Koningin Wilhelminaplein 10","city":"Amsterdam","operatorName":"","maxPowerKw":11,"isMegawatt":false,"status":"AVAILABLE","source":"ndw","priceKwh":0.5}},{"type":"Feature","geometry":{"type":"Point","coordinates":[4.924689,52.39155]},"properties":{"type":"charge","layer":"passenger","locationId":"5094246e-378d-40ab-a063-4c12a2916e2d","name":"TNLP010617 - Leeuwarderweg 26, Amsterdam","address":"26 Leeuwarderweg","city":"Amsterdam","operatorName":"TotalEnergies","maxPowerKw":17,"isMegawatt":false,"status":"AVAILABLE","source":"ndw"}},{"type":"Feature","geometry":{"type":"Point","coordinates":[4.944712,52.340675]},"properties":{"type":"charge","layer":"passenger","locationId":"533aad5a-3b12-4c36-b328-487ae0db5112","name":"TNLP010006 - Veeteeltstraat 104, Amsterdam","address":"104 Veeteeltstraat","city":"Amsterdam","operatorName":"TotalEnergies","maxPowerKw":17,"isMegawatt":false,"status":"AVAILABLE","source":"ndw"}},{"type":"Feature","geometry":{"type":"Point","coordinates":[4.862987,52.344543]},"properties":{"type":"charge","layer":"passenger","locationId":"ab620352-4e0e-43e9-85cd-dba95413e531","name":"TNLP010098 - Van Tuyll van Serooskerkenweg 27, Amsterdam","address":"27 Van Tuyll van Serooskerkenweg","city":"Amsterdam","operatorName":"TotalEnergies","maxPowerKw":17,"isMegawatt":false,"status":"UNAVAILABLE","source":"ndw"}},{"type":"Feature","geometry":{"type":"Point","coordinates":[4.867323,52.330685]},"properties":{"type":"charge","layer":"passenger","locationId":"9a381296-739c-4d41-b981-abbcc05f80e1","name":"TNLP011258 - Cannenburg 13, Amsterdam","address":"13 Cannenburg","city":"Amsterdam","operatorName":"TotalEnergies","maxPowerKw":17,"isMegawatt":false,"status":"AVAILABLE","source":"ndw"}},{"type":"Feature","geometry":{"type":"Point","coordinates":[4.916215,52.40451]},"properties":{"type":"charge","layer":"passenger","locationId":"d8bf0230-5dc4-4f78-8980-d080b17ef8c7","name":"TNLP010578 - Fregatstraat 3, Amsterdam","address":"3 Fregatstraat","city":"Amsterdam","operatorName":"TotalEnergies","maxPowerKw":17,"isMegawatt":false,"status":"UNAVAILABLE","source":"ndw"}},{"type":"Feature","geometry":{"type":"Point","coordinates":[4.874096,52.36555]},"properties":{"type":"charge","layer":"passenger","locationId":"cc2dc331-ab6c-4eb5-bf55-9f581c03b6f7","name":"TNLP010405 - Jacob van Lennepkade 65, Amsterdam","address":"65 Jacob van Lennepkade","city":"Amsterdam","operatorName":"TotalEnergies","maxPowerKw":17,"isMegawatt":false,"status":"CHARGING","source":"ndw"}},{"type":"Feature","geometry":{"type":"Point","coordinates":[4.904728,52.364887]},"properties":{"type":"charge","layer":"passenger","locationId":"26fca05a-687a-4197-8644-4da8f228dbab","name":"TNLP010825 - Nieuwe Keizersgracht 58, Amsterdam","address":"58 Nieuwe Keizersgracht","city":"Amsterdam","operatorName":"TotalEnergies","maxPowerKw":17,"isMegawatt":false,"status":"CHARGING","source":"ndw"}},{"type":"Feature","geometry":{"type":"Point","coordinates":[4.830239,52.349037]},"properties":{"type":"charge","layer":"passenger","locationId":"3783dcc2-95b9-468e-892e-bc49dc4e2ac3","name":"TNLP010811 - Elisabeth Boddaertstraat 40, Amsterdam","address":"40 Elisabeth Boddaertstraat","city":"Amsterdam","operatorName":"TotalEnergies","maxPowerKw":17,"isMegawatt":false,"status":"CHARGING","source":"ndw"}},{"type":"Feature","geometry":{"type":"Point","coordinates":[4.834361,52.37355]},"properties":{"type":"charge","layer":"passenger","locationId":"8b2ddd2d-3aa9-4403-a355-f2b2c6ed5b02","name":"TNLP010774 - Burgemeester Röellstraat 18, Amsterdam","address":"18 Burgemeester Röellstraat","city":"Amsterdam","operatorName":"TotalEnergies","maxPowerKw":17,"isMegawatt":false,"status":"CHARGING","source":"ndw"}},{"type":"Feature","geometry":{"type":"Point","coordinates":[5.0382953,52.316803]},"properties":{"type":"charge","layer":"passenger","locationId":"9441beec-0829-4a39-a9ba-b73bb71b8d75","name":"TNLP010839 - Landscronerlaan 38, Weesp","address":"38 Landscronerlaan","city":"Weesp","operatorName":"TotalEnergies","maxPowerKw":17,"isMegawatt":false,"status":"UNAVAILABLE","source":"ndw"}},{"type":"Feature","geometry":{"type":"Point","coordinates":[4.854584,52.33709]},"properties":{"type":"charge","layer":"passenger","locationId":"OST20P0054_0004_4","name":"OST20P0054_0004_4","address":"Amstelveenseweg 500","city":"Amsterdam","operatorName":"e-VOLTT","maxPowerKw":38,"isMegawatt":false,"status":"AVAILABLE","source":"ndw","priceKwh":0.26}},{"type":"Feature","geometry":{"type":"Point","coordinates":[4.893478,52.35169]},"properties":{"type":"charge","layer":"passenger","locationId":"f43bd1e6-a9c0-426b-8ea1-602807f2f474","name":"TNLP010515 - Rustenburgerstraat 343, Amsterdam","address":"343 Rustenburgerstraat","city":"Amsterdam","operatorName":"TotalEnergies","maxPowerKw":17,"isMegawatt":false,"status":"CHARGING","source":"ndw"}},{"type":"Feature","geometry":{"type":"Point","coordinates":[4.941869,52.363937]},"properties":{"type":"charge","layer":"passenger","locationId":"c33aaa25-9289-42de-8d02-c1a9da7e104b","name":"TNLP010867 - Gorontalostraat 211, Amsterdam","address":"211 Gorontalostraat","city":"Amsterdam","operatorName":"TotalEnergies","maxPowerKw":17,"isMegawatt":false,"status":"AVAILABLE","source":"ndw"}},{"type":"Feature","geometry":{"type":"Point","coordinates":[4.779946,52.390104]},"properties":{"type":"charge","layer":"passenger","locationId":"643f97624a0f07001234b24f","name":"Blom  Amsterdam 02","address":"Tijnmuiden 24","city":"Amsterdam","operatorName":"Lanova Laadpalen","maxPowerKw":11,"isMegawatt":false,"status":"AVAILABLE","source":"ndw","priceKwh":1.03}},{"type":"Feature","geometry":{"type":"Point","coordinates":[4.897666,52.419262]},"properties":{"type":"charge","layer":"passenger","locationId":"de125b75-6232-4af6-b15d-a1d114b62059","name":"TNLP010629 - Roseboom 2, Amsterdam","address":"2 Roseboom","city":"Amsterdam","operatorName":"TotalEnergies","maxPowerKw":17,"isMegawatt":false,"status":"AVAILABLE","source":"ndw"}},{"type":"Feature","geometry":{"type":"Point","coordinates":[4.879725,52.385273]},"properties":{"type":"charge","layer":"passenger","locationId":"3835f001-8829-4f2e-9bcb-4bea7a1fe1cb","name":"TNLP011439 - Haarlemmerweg 1, Amsterdam","address":"1 Haarlemmerweg","city":"Amsterdam","operatorName":"TotalEnergies","maxPowerKw":17,"isMegawatt":false,"status":"AVAILABLE","source":"ndw"}},{"type":"Feature","geometry":{"type":"Point","coordinates":[4.978932,52.362644]},"properties":{"type":"charge","layer":"passenger","locationId":"3cb246fa-be87-44c1-88ac-079ce277c8a6","name":"TNLP010455 - Francisco Faleirostraat 10, Amsterdam","address":"10 Francisco Faleirostraat","city":"Amsterdam","operatorName":"TotalEnergies","maxPowerKw":17,"isMegawatt":false,"status":"AVAILABLE","source":"ndw"}},{"type":"Feature","geometry":{"type":"Point","coordinates":[4.853515,52.365665]},"properties":{"type":"charge","layer":"passenger","locationId":"363ce7b7-f04f-4753-909f-6a475a3aff09","name":"TNLP010421 - Davisstraat 171, Amsterdam","address":"171 Davisstraat","city":"Amsterdam","operatorName":"TotalEnergies","maxPowerKw":17,"isMegawatt":false,"status":"CHARGING","source":"ndw"}},{"type":"Feature","geometry":{"type":"Point","coordinates":[4.867245,52.349457]},"properties":{"type":"charge","layer":"passenger","locationId":"fc1b53ab-2653-4808-a18c-6ff6a2a968cf","name":"TNLP010972 - Olympiaplein 11, Amsterdam","address":"11 Olympiaplein","city":"Amsterdam","operatorName":"TotalEnergies","maxPowerKw":17,"isMegawatt":false,"status":"AVAILABLE","source":"ndw"}},{"type":"Feature","geometry":{"type":"Point","coordinates":[4.935157,52.407597]},"properties":{"type":"charge","layer":"passenger","locationId":"4a60d59f-d84a-4d9f-97a9-eb39f3e90ed6","name":"TNLP010333 - H. Stolleplantsoen 25, Amsterdam","address":"25 H. Stolleplantsoen","city":"Amsterdam","operatorName":"TotalEnergies","maxPowerKw":17,"isMegawatt":false,"status":"AVAILABLE","source":"ndw"}},{"type":"Feature","geometry":{"type":"Point","coordinates":[4.870833,52.346077]},"properties":{"type":"charge","layer":"passenger","locationId":"08f07d94-a20a-481a-bf33-fe55fd654523","name":"TNLP010027 - Milletstraat 10, Amsterdam","address":"10 Milletstraat","city":"Amsterdam","operatorName":"TotalEnergies","maxPowerKw":17,"isMegawatt":false,"status":"AVAILABLE","source":"ndw"}},{"type":"Feature","geometry":{"type":"Point","coordinates":[4.852919,52.353832]},"properties":{"type":"charge","layer":"passenger","locationId":"4c7e7f0f-bd04-4be5-8e48-d9fd783e82c2","name":"TNLP010537 - Sloterkade 79, Amsterdam","address":"79 Sloterkade","city":"Amsterdam","operatorName":"TotalEnergies","maxPowerKw":17,"isMegawatt":false,"status":"AVAILABLE","source":"ndw"}},{"type":"Feature","geometry":{"type":"Point","coordinates":[5.020765,52.316313]},"properties":{"type":"charge","layer":"passenger","locationId":"651fc5e850b53a002028709d","name":"Pako","address":"Flevolaan 25A","city":"Weesp","operatorName":"E-Flux by Road","maxPowerKw":22,"isMegawatt":false,"status":"AVAILABLE","source":"ndw","priceKwh":0.33}},{"type":"Feature","geometry":{"type":"Point","coordinates":[4.861396,52.352154]},"properties":{"type":"charge","layer":"passenger","locationId":"4303e909-0a6c-4a78-bcde-f395460d445b","name":"TNLP010576 - Valeriusstraat 171, Amsterdam","address":"171 Valeriusstraat","city":"Amsterdam","operatorName":"TotalEnergies","maxPowerKw":17,"isMegawatt":false,"status":"AVAILABLE","source":"ndw"}},{"type":"Feature","geometry":{"type":"Point","coordinates":[4.878078,52.354668]},"properties":{"type":"charge","layer":"passenger","locationId":"75874e92-3856-46bb-a576-105e7e55bbdf","name":"TNLP010598 - Hondecoeterstraat 8, Amsterdam","address":"8 Hondecoeterstraat","city":"Amsterdam","operatorName":"TotalEnergies","maxPowerKw":17,"isMegawatt":false,"status":"UNAVAILABLE","source":"ndw"}},{"type":"Feature","geometry":{"type":"Point","coordinates":[4.851371,52.36478]},"properties":{"type":"charge","layer":"passenger","locationId":"33653d9f-f83d-4ff4-9728-d937b53ff705","name":"TNLP010375 - Orteliusstraat 10, Amsterdam","address":"10 Orteliusstraat","city":"Amsterdam","operatorName":"TotalEnergies","maxPowerKw":17,"isMegawatt":false,"status":"AVAILABLE","source":"ndw"}},{"type":"Feature","geometry":{"type":"Point","coordinates":[4.900103,52.347984]},"properties":{"type":"charge","layer":"passenger","locationId":"b0900cf0-8f11-4e1d-bc7b-881731159d69","name":"TNLP011413 - Waalstraat 7, Amsterdam","address":"7 Waalstraat","city":"Amsterdam","operatorName":"TotalEnergies","maxPowerKw":17,"isMegawatt":false,"status":"AVAILABLE","source":"ndw"}},{"type":"Feature","geometry":{"type":"Point","coordinates":[4.812949,52.346573]},"properties":{"type":"charge","layer":"passenger","locationId":"b7b43232-7388-4382-8f54-ba4189772b33","name":"TNLP010148 - Bocholtstraat 130, Amsterdam","address":"130 Bocholtstraat","city":"Amsterdam","operatorName":"TotalEnergies","maxPowerKw":17,"isMegawatt":false,"status":"AVAILABLE","source":"ndw"}},{"type":"Feature","geometry":{"type":"Point","coordinates":[5.000375,52.354057]},"properties":{"type":"charge","layer":"passenger","locationId":"5dc8557f-40f7-4729-879a-653a5d75ebba","name":"TNLP011507 - Maria Austriastraat 961, Amsterdam","address":"961 Maria Austriastraat","city":"Amsterdam","operatorName":"TotalEnergies","maxPowerKw":17,"isMegawatt":false,"status":"UNAVAILABLE","source":"ndw"}},{"type":"Feature","geometry":{"type":"Point","coordinates":[4.851128,52.354824]},"properties":{"type":"charge","layer":"passenger","locationId":"c3c2fab9-6864-45f5-b2bd-850408bb9c11","name":"TNLP011401 - Theophile de Bockstraat 13, Amsterdam","address":"13 Theophile de Bockstraat","city":"Amsterdam","operatorName":"TotalEnergies","maxPowerKw":17,"isMegawatt":false,"status":"UNAVAILABLE","source":"ndw"}},{"type":"Feature","geometry":{"type":"Point","coordinates":[4.964473,52.32476]},"properties":{"type":"charge","layer":"passenger","locationId":"e92b7ad1-a14f-4940-bbc8-9b8b4b51ee1c","name":"TNLP010410 - Emanzana 11, Amsterdam","address":"11 Emanzana","city":"Amsterdam","operatorName":"TotalEnergies","maxPowerKw":17,"isMegawatt":false,"status":"AVAILABLE","source":"ndw"}},{"type":"Feature","geometry":{"type":"Point","coordinates":[4.886641,52.38619]},"properties":{"type":"charge","layer":"passenger","locationId":"b78a8af1-6953-4aea-a13b-ba7ed767dd86","name":"TNLP011303 - Prinseneiland 65, Amsterdam","address":"65 Prinseneiland","city":"Amsterdam","operatorName":"TotalEnergies","maxPowerKw":17,"isMegawatt":false,"status":"CHARGING","source":"ndw"}},{"type":"Feature","geometry":{"type":"Point","coordinates":[4.901544,52.345627]},"properties":{"type":"charge","layer":"passenger","locationId":"5a19bf13-5f06-4022-a6b9-14659f7db7b2","name":"TNLP010074 - Merwedeplein 11, Amsterdam","address":"11 Merwedeplein","city":"Amsterdam","operatorName":"TotalEnergies","maxPowerKw":17,"isMegawatt":false,"status":"AVAILABLE","source":"ndw"}},{"type":"Feature","geometry":{"type":"Point","coordinates":[4.993476,52.39244]},"properties":{"type":"charge","layer":"passenger","locationId":"c9529ff1-b5d1-4c05-805d-e357745b3bad","name":"TNLP010293 - Dorpsweg Ransdorp 45, Amsterdam","address":"45 Dorpsweg Ransdorp","city":"Amsterdam","operatorName":"TotalEnergies","maxPowerKw":17,"isMegawatt":false,"status":"AVAILABLE","source":"ndw"}},{"type":"Feature","geometry":{"type":"Point","coordinates":[5.037228,52.30834]},"properties":{"type":"charge","layer":"passenger","locationId":"ef960356-d9fe-4b7a-83d3-d3263a9034ef","name":"TNLP011478 - Buitenveer 52, Weesp","address":"52 Buitenveer","city":"Weesp","operatorName":"TotalEnergies","maxPowerKw":17,"isMegawatt":false,"status":"AVAILABLE","source":"ndw"}},{"type":"Feature","geometry":{"type":"Point","coordinates":[4.872819,52.32581]},"properties":{"type":"charge","layer":"passenger","locationId":"44529eca-b4cf-423c-b94d-bb0599f65f7f","name":"TNLP010302 - Kastelenstraat 219, Amsterdam","address":"219 Kastelenstraat","city":"Amsterdam","operatorName":"TotalEnergies","maxPowerKw":17,"isMegawatt":false,"status":"AVAILABLE","source":"ndw"}},{"type":"Feature","geometry":{"type":"Point","coordinates":[4.791618,52.343784]},"properties":{"type":"charge","layer":"passenger","locationId":"7c9280e8-ba11-456c-ae88-d6443f0e299a","name":"TNLP010077 - Sporadenlaan 91, Amsterdam","address":"91 Sporadenlaan","city":"Amsterdam","operatorName":"TotalEnergies","maxPowerKw":17,"isMegawatt":false,"status":"AVAILABLE","source":"ndw"}},{"type":"Feature","geometry":{"type":"Point","coordinates":[4.788945,52.348408]},"properties":{"type":"charge","layer":"passenger","locationId":"04633a58-ace9-4694-9c91-5fa88136eea1","name":"TNLP010852 - Pond Sterlinglaan 40, Amsterdam","address":"40 Pond Sterlinglaan","city":"Amsterdam","operatorName":"TotalEnergies","maxPowerKw":17,"isMegawatt":false,"status":"CHARGING","source":"ndw"}},{"type":"Feature","geometry":{"type":"Point","coordinates":[4.874287,52.325157]},"properties":{"type":"charge","layer":"passenger","locationId":"115130d5-519d-4628-b275-e1df98a70d20","name":"TNLP011475 - Sijlhoff 1, Amsterdam","address":"1 Sijlhoff","city":"Amsterdam","operatorName":"TotalEnergies","maxPowerKw":17,"isMegawatt":false,"status":"AVAILABLE","source":"ndw"}},{"type":"Feature","geometry":{"type":"Point","coordinates":[4.991697,52.361008]},"properties":{"type":"charge","layer":"passenger","locationId":"bf9aba33-f1b4-4936-b28f-f7484cd36295","name":"TNLP011499 - Jean Desmetstraat 1, Amsterdam","address":"1 Jean Desmetstraat","city":"Amsterdam","operatorName":"TotalEnergies","maxPowerKw":17,"isMegawatt":false,"status":"AVAILABLE","source":"ndw"}},{"type":"Feature","geometry":{"type":"Point","coordinates":[4.88877,52.3663]},"properties":{"type":"charge","layer":"passenger","locationId":"4d61e80d-034e-4ec8-8f1e-fdfa464ae9a4","name":"TNLP011423 - Herengracht 442, Amsterdam","address":"442 Herengracht","city":"Amsterdam","operatorName":"TotalEnergies","maxPowerKw":17,"isMegawatt":false,"status":"UNAVAILABLE","source":"ndw"}},{"type":"Feature","geometry":{"type":"Point","coordinates":[4.917468,52.348442]},"properties":{"type":"charge","layer":"passenger","locationId":"4174848","name":"Laadnet Het Financieele Dagblad","address":"Prins Bernhardplein 173","city":"Amsterdam","operatorName":"Laadnet","maxPowerKw":22,"isMegawatt":false,"status":"UNAVAILABLE","source":"ndw"}},{"type":"Feature","geometry":{"type":"Point","coordinates":[4.898958,52.356974]},"properties":{"type":"charge","layer":"passenger","locationId":"3584cc41f8ab4049a196e90c0fb29fa7","name":"Albert Cuypstraat - Markt 1072VX 04","address":"Albert Cuypstraat 04","city":"Amsterdam","operatorName":"","maxPowerKw":22,"isMegawatt":false,"status":"CHARGING","source":"ndw"}},{"type":"Feature","geometry":{"type":"Point","coordinates":[4.918021,52.369984]},"properties":{"type":"charge","layer":"passenger","locationId":"d7ee80e8-9a36-48dd-a311-fb60d1007ec1","name":"TNLP010170 - Wittenburgergracht 6, Amsterdam","address":"6 Wittenburgergracht","city":"Amsterdam","operatorName":"TotalEnergies","maxPowerKw":17,"isMegawatt":false,"status":"AVAILABLE","source":"ndw"}},{"type":"Feature","geometry":{"type":"Point","coordinates":[4.88326,52.420273]},"properties":{"type":"charge","layer":"passenger","locationId":"ddf800f6-0795-4711-850f-e02152ec731e","name":"TNLP010741 - Marskramerstraat 1, Amsterdam","address":"1 Marskramerstraat","city":"Amsterdam","operatorName":"TotalEnergies","maxPowerKw":17,"isMegawatt":false,"status":"AVAILABLE","source":"ndw"}},{"type":"Feature","geometry":{"type":"Point","coordinates":[4.863549,52.323753]},"properties":{"type":"charge","layer":"passenger","locationId":"35b05f2a-2ec3-42a5-bbbd-c40db511d31e","name":"TNLP010736 - Soetendaal 77, Amsterdam","address":"77 Soetendaal","city":"Amsterdam","operatorName":"TotalEnergies","maxPowerKw":17,"isMegawatt":false,"status":"AVAILABLE","source":"ndw"}},{"type":"Feature","geometry":{"type":"Point","coordinates":[4.892247,52.389015]},"properties":{"type":"charge","layer":"passenger","locationId":"1d94433cdb6a4435873b4ce5ac86e65f","name":"Westerdoksdijk W-1013BX-01","address":"Westerdoksdijk 705","city":"Amsterdam","operatorName":"","maxPowerKw":22,"isMegawatt":false,"status":"CHARGING","source":"ndw","priceKwh":0.62}},{"type":"Feature","geometry":{"type":"Point","coordinates":[4.95949,52.295578]},"properties":{"type":"charge","layer":"passenger","locationId":"66d58891b1f83e001c8d8748","name":"Ronald McDonald Huis Emma Amsterdam","address":"Meibergdreef 11-A","city":"Amsterdam","operatorName":"Pluq","maxPowerKw":17,"isMegawatt":false,"status":"AVAILABLE","source":"ndw","priceKwh":0.45}},{"type":"Feature","geometry":{"type":"Point","coordinates":[4.794575,52.359062]},"properties":{"type":"charge","layer":"passenger","locationId":"c2665463-cba3-47c3-8bea-10fc60d6ab26","name":"TNLP010570 - Brisselkerkstraat 1, Amsterdam","address":"1 Brisselkerkstraat","city":"Amsterdam","operatorName":"TotalEnergies","maxPowerKw":17,"isMegawatt":false,"status":"AVAILABLE","source":"ndw"}},{"type":"Feature","geometry":{"type":"Point","coordinates":[4.854003,52.368706]},"properties":{"type":"charge","layer":"passenger","locationId":"8f68da33-9ec6-45fd-b44f-884dfa18da65","name":"TNLP010382 - Baffinstraat 10, Amsterdam","address":"10 Baffinstraat","city":"Amsterdam","operatorName":"TotalEnergies","maxPowerKw":17,"isMegawatt":false,"status":"CHARGING","source":"ndw"}},{"type":"Feature","geometry":{"type":"Point","coordinates":[4.802009,52.406723]},"properties":{"type":"charge","layer":"passenger","locationId":"EC76B068-90D1-4EBE-9D4C-5532F370F88E","name":"Eneco eMobility Nieuw Zeelandweg 10 Amsterdam","address":"Nieuw Zeelandweg 10","city":"Amsterdam","operatorName":"Eneco","maxPowerKw":22,"isMegawatt":false,"status":"CHARGING","source":"ndw","priceKwh":0.32}},{"type":"Feature","geometry":{"type":"Point","coordinates":[4.79859,52.362343]},"properties":{"type":"charge","layer":"passenger","locationId":"aa903018-c059-4c4f-9042-c24993d63fe8","name":"TNLP010990 - Nieuwe Laan 127, Amsterdam","address":"127 Nieuwe Laan","city":"Amsterdam","operatorName":"TotalEnergies","maxPowerKw":17,"isMegawatt":false,"status":"CHARGING","source":"ndw"}},{"type":"Feature","geometry":{"type":"Point","coordinates":[4.927065,52.35559]},"properties":{"type":"charge","layer":"passenger","locationId":"1b056e0c-4ad0-4bf8-8f4c-c0463a57fa8b","name":"TNLP010009 - Transvaalstraat 18, Amsterdam","address":"18 Transvaalstraat","city":"Amsterdam","operatorName":"TotalEnergies","maxPowerKw":17,"isMegawatt":false,"status":"AVAILABLE","source":"ndw"}},{"type":"Feature","geometry":{"type":"Point","coordinates":[4.787017,52.34636]},"properties":{"type":"charge","layer":"passenger","locationId":"f6697ada-2abd-4704-b141-60db84059e1c","name":"TNLP011304 - Centimehof 7, Amsterdam","address":"7 Centimehof","city":"Amsterdam","operatorName":"TotalEnergies","maxPowerKw":17,"isMegawatt":false,"status":"AVAILABLE","source":"ndw"}},{"type":"Feature","geometry":{"type":"Point","coordinates":[4.867955,52.368332]},"properties":{"type":"charge","layer":"passenger","locationId":"64f1821c-5554-40f6-8408-95548e349b05","name":"TNLP010439 - Bellamyplein 2, Amsterdam","address":"2 Bellamyplein","city":"Amsterdam","operatorName":"TotalEnergies","maxPowerKw":17,"isMegawatt":false,"status":"AVAILABLE","source":"ndw"}},{"type":"Feature","geometry":{"type":"Point","coordinates":[4.91062,52.35599]},"properties":{"type":"charge","layer":"passenger","locationId":"5502B612-3069-405B-AD77-5A42AD277DB8","name":"Eneco eMobility Wibautstraat 64 Amsterdam","address":"Wibautstraat 64","city":"Amsterdam","operatorName":"Eneco","maxPowerKw":22,"isMegawatt":false,"status":"AVAILABLE","source":"ndw","priceKwh":0.32}},{"type":"Feature","geometry":{"type":"Point","coordinates":[4.920544,52.333863]},"properties":{"type":"charge","layer":"passenger","locationId":"ca34f55271ba48c2a2de85fe4214dc97","name":"Amsterdam- Nijkerk Dudok van Heelstraat 2 Kantoor","address":" Abram Dudok van Heelstraat 2","city":"Amsterdam","operatorName":"Opcharge","maxPowerKw":22,"isMegawatt":false,"status":"AVAILABLE","source":"ndw","priceKwh":0.49}},{"type":"Feature","geometry":{"type":"Point","coordinates":[4.969698,52.321533]},"properties":{"type":"charge","layer":"passenger","locationId":"ade9f042-9c74-445a-8556-23ebe389c56b","name":"Laadplein - TNLP011571 - Bijlmerdreef 1134, Amsterdam","address":"1134 Bijlmerdreef","city":"Amsterdam","operatorName":"TotalEnergies","maxPowerKw":17,"isMegawatt":false,"status":"UNAVAILABLE","source":"ndw"}},{"type":"Feature","geometry":{"type":"Point","coordinates":[4.904323,52.354687]},"properties":{"type":"charge","layer":"passenger","locationId":"89a7f484-a746-411e-8251-2ddf86413921","name":"TNLP010510 - Sint Willibrordusdwarsstraat 6, Amsterdam","address":"6 Sint Willibrordusdwarsstraat","city":"Amsterdam","operatorName":"TotalEnergies","maxPowerKw":17,"isMegawatt":false,"status":"CHARGING","source":"ndw"}},{"type":"Feature","geometry":{"type":"Point","coordinates":[4.851103,52.36161]},"properties":{"type":"charge","layer":"passenger","locationId":"d445e5b1-9a3b-45a1-8252-b6187daed86a","name":"TNLP010389 - Van Walbeeckstraat 62, Amsterdam","address":"62 Van Walbeeckstraat","city":"Amsterdam","operatorName":"TotalEnergies","maxPowerKw":17,"isMegawatt":false,"status":"AVAILABLE","source":"ndw"}},{"type":"Feature","geometry":{"type":"Point","coordinates":[5.026667,52.311938]},"properties":{"type":"charge","layer":"passenger","locationId":"62347ec90ef989526bed24de","name":"Nodema BV","address":"Hogeweyselaan 77","city":"Weesp","operatorName":"E-Flux by Road","maxPowerKw":11,"isMegawatt":false,"status":"AVAILABLE","source":"ndw","priceKwh":0.48}},{"type":"Feature","geometry":{"type":"Point","coordinates":[4.801051,52.356106]},"properties":{"type":"charge","layer":"passenger","locationId":"3d37696f-ac5d-4be9-9b44-afe72c7256d9","name":"TNLP010888 - Hoekenes 51B, Amsterdam","address":"51B Hoekenes","city":"Amsterdam","operatorName":"TotalEnergies","maxPowerKw":17,"isMegawatt":false,"status":"AVAILABLE","source":"ndw"}},{"type":"Feature","geometry":{"type":"Point","coordinates":[4.850329,52.36542]},"properties":{"type":"charge","layer":"passenger","locationId":"a0495bb8-6a4d-4b7d-bf9f-37d71090a26e","name":"TNLP011017 - Orteliuskade 6 III, Amsterdam","address":"6 III Orteliuskade","city":"Amsterdam","operatorName":"TotalEnergies","maxPowerKw":17,"isMegawatt":false,"status":"CHARGING","source":"ndw"}},{"type":"Feature","geometry":{"type":"Point","coordinates":[4.814117,52.353996]},"properties":{"type":"charge","layer":"passenger","locationId":"51f48bb7-4605-477d-ac13-ed8ff03e2ccf","name":"TNLP011498 - Boas en Judelshof 21, Amsterdam","address":"21 Boas en Judelshof","city":"Amsterdam","operatorName":"TotalEnergies","maxPowerKw":17,"isMegawatt":false,"status":"AVAILABLE","source":"ndw"}},{"type":"Feature","geometry":{"type":"Point","coordinates":[4.917013,52.411083]},"properties":{"type":"charge","layer":"passenger","locationId":"9f9a0e6a-b4ea-4f60-97d9-81375196944e","name":"TNLP011419 - Westerlengte 65, Amsterdam","address":"65 Westerlengte","city":"Amsterdam","operatorName":"TotalEnergies","maxPowerKw":17,"isMegawatt":false,"status":"AVAILABLE","source":"ndw"}},{"type":"Feature","geometry":{"type":"Point","coordinates":[4.910349,52.348763]},"properties":{"type":"charge","layer":"passenger","locationId":"30a0ec6a-ee3d-44c3-bbb2-0f7dc05b9b45","name":"TNLP011865 - Amsteldijk 805, Amsterdam","address":"805 Amsteldijk","city":"Amsterdam","operatorName":"TotalEnergies","maxPowerKw":17,"isMegawatt":false,"status":"AVAILABLE","source":"ndw"}},{"type":"Feature","geometry":{"type":"Point","coordinates":[4.866525,52.36627]},"properties":{"type":"charge","layer":"passenger","locationId":"ea0fccb4-843c-4807-87da-e1c49285c3f0","name":"TNLP010024 - Hasebroekstraat 15, Amsterdam","address":"15 Hasebroekstraat","city":"Amsterdam","operatorName":"TotalEnergies","maxPowerKw":17,"isMegawatt":false,"status":"AVAILABLE","source":"ndw"}},{"type":"Feature","geometry":{"type":"Point","coordinates":[4.79498,52.400076]},"properties":{"type":"charge","layer":"passenger","locationId":"6756f907fd4fcd58c455c5a1","name":"Australiehavenweg 116, Amsterdam","address":"Australiehavenweg 116","city":"Amsterdam","operatorName":"Alva Charging Services","maxPowerKw":50,"isMegawatt":false,"status":"AVAILABLE","source":"ndw","priceKwh":0.66}},{"type":"Feature","geometry":{"type":"Point","coordinates":[4.910412,52.343246]},"properties":{"type":"charge","layer":"passenger","locationId":"1828ac10-0e6c-4c2e-9e0c-0828e5fe2776","name":"TNLP011035 - Reitdiepstraat 12 II, Amsterdam","address":"12 II Reitdiepstraat","city":"Amsterdam","operatorName":"TotalEnergies","maxPowerKw":17,"isMegawatt":false,"status":"AVAILABLE","source":"ndw"}},{"type":"Feature","geometry":{"type":"Point","coordinates":[4.928829,52.360172]},"properties":{"type":"charge","layer":"passenger","locationId":"4cc67803-ddeb-422f-a17f-9f0dc34f09d3","name":"TNLP010958 - Domselaerstraat 126, Amsterdam","address":"126 Domselaerstraat","city":"Amsterdam","operatorName":"TotalEnergies","maxPowerKw":17,"isMegawatt":false,"status":"CHARGING","source":"ndw"}},{"type":"Feature","geometry":{"type":"Point","coordinates":[4.943599,52.35136]},"properties":{"type":"charge","layer":"passenger","locationId":"b45551b9-b14a-441b-bcfc-d5f876baecea","name":"TNLP011537 - Ohmstraat 12, Amsterdam","address":"12 Ohmstraat","city":"Amsterdam","operatorName":"TotalEnergies","maxPowerKw":17,"isMegawatt":false,"status":"AVAILABLE","source":"ndw"}},{"type":"Feature","geometry":{"type":"Point","coordinates":[4.84076,52.356842]},"properties":{"type":"charge","layer":"passenger","locationId":"d3d6ceb1-140e-46fb-b23d-d5e9fbd85f2f","name":"TNLP011387 - Delflandlaan 4, Amsterdam","address":"4 Delflandlaan","city":"Amsterdam","operatorName":"TotalEnergies","maxPowerKw":17,"isMegawatt":false,"status":"AVAILABLE","source":"ndw"}},{"type":"Feature","geometry":{"type":"Point","coordinates":[4.863204,52.34486]},"properties":{"type":"charge","layer":"passenger","locationId":"4acfadc1-0f2a-4d9a-94b9-267f30422fbe","name":"TNLP010092 - Van Tuyll van Serooskerkenweg 16, Amsterdam","address":"16 Van Tuyll van Serooskerkenweg","city":"Amsterdam","operatorName":"TotalEnergies","maxPowerKw":17,"isMegawatt":false,"status":"AVAILABLE","source":"ndw"}},{"type":"Feature","geometry":{"type":"Point","coordinates":[4.776571,52.352882]},"properties":{"type":"charge","layer":"passenger","locationId":"33ea8ae9-aa09-4826-9213-8a17ea9df2cd","name":"TNLP011065 - Akersingel 107, Amsterdam","address":"107 Akersingel","city":"Amsterdam","operatorName":"TotalEnergies","maxPowerKw":17,"isMegawatt":false,"status":"CHARGING","source":"ndw"}},{"type":"Feature","geometry":{"type":"Point","coordinates":[4.930685,52.398254]},"properties":{"type":"charge","layer":"passenger","locationId":"d2421faa-5e2a-41af-a5d7-d6003bb28d8c","name":"TNLP011411 - Loenermark 884, Amsterdam","address":"884 Loenermark","city":"Amsterdam","operatorName":"TotalEnergies","maxPowerKw":17,"isMegawatt":false,"status":"AVAILABLE","source":"ndw"}},{"type":"Feature","geometry":{"type":"Point","coordinates":[4.905426,52.419746]},"properties":{"type":"charge","layer":"passenger","locationId":"e409b9d0-ab63-45e2-af8d-e674a5662066","name":"TNLP011028 - Stentorstraat 36, Amsterdam","address":"36 Stentorstraat","city":"Amsterdam","operatorName":"TotalEnergies","maxPowerKw":17,"isMegawatt":false,"status":"AVAILABLE","source":"ndw"}},{"type":"Feature","geometry":{"type":"Point","coordinates":[4.872166,52.39115]},"properties":{"type":"charge","layer":"passenger","locationId":"dcdad652-5bdf-4c85-b00b-0ebd80409959","name":"TNLP011082 - Zaanhof 52, Amsterdam","address":"52 Zaanhof","city":"Amsterdam","operatorName":"TotalEnergies","maxPowerKw":17,"isMegawatt":false,"status":"AVAILABLE","source":"ndw"}},{"type":"Feature","geometry":{"type":"Point","coordinates":[4.86215,52.366062]},"properties":{"type":"charge","layer":"passenger","locationId":"6c2df1d5-88fe-43b7-81de-a554f3b5ba16","name":"TNLP010777 - Bellamystraat 133, Amsterdam","address":"133 Bellamystraat","city":"Amsterdam","operatorName":"TotalEnergies","maxPowerKw":17,"isMegawatt":false,"status":"AVAILABLE","source":"ndw"}},{"type":"Feature","geometry":{"type":"Point","coordinates":[4.977547,52.31266]},"properties":{"type":"charge","layer":"passenger","locationId":"2e98b232-1e94-48f8-ac69-5efbfd6c3ce6","name":"TNLP010816 - Krombekstraat 214, Amsterdam","address":"214 Krombekstraat","city":"Amsterdam","operatorName":"TotalEnergies","maxPowerKw":17,"isMegawatt":false,"status":"AVAILABLE","source":"ndw"}},{"type":"Feature","geometry":{"type":"Point","coordinates":[4.876224,52.355484]},"properties":{"type":"charge","layer":"passenger","locationId":"adcf2831-bfdf-4f53-b383-527648bb6884","name":"TNLP011535 - Johannes Verhulststraat 29, Amsterdam","address":"29 Johannes Verhulststraat","city":"Amsterdam","operatorName":"TotalEnergies","maxPowerKw":17,"isMegawatt":false,"status":"AVAILABLE","source":"ndw"}},{"type":"Feature","geometry":{"type":"Point","coordinates":[4.881261,52.359695]},"properties":{"type":"charge","layer":"passenger","locationId":"b1064c1e-3d99-4d39-8813-34b83d79a14f","name":"TNLP010082 - Jan Luijkenstraat 11, Amsterdam","address":"11 Jan Luijkenstraat","city":"Amsterdam","operatorName":"TotalEnergies","maxPowerKw":17,"isMegawatt":false,"status":"CHARGING","source":"ndw"}},{"type":"Feature","geometry":{"type":"Point","coordinates":[4.976833,52.362678]},"properties":{"type":"charge","layer":"passenger","locationId":"66b5e619092681001cdaf23d","name":"S. Tekker 's station","address":"Pedro de Medinalaan 51","city":"Amsterdam","operatorName":"Company Reseller","maxPowerKw":22,"isMegawatt":false,"status":"UNAVAILABLE","source":"ndw"}},{"type":"Feature","geometry":{"type":"Point","coordinates":[4.859499,52.404763]},"properties":{"type":"charge","layer":"passenger","locationId":"4174769","name":"Laadnet Eggerding BV","address":"Coenhavenweg 22","city":"Amsterdam","operatorName":"Laadnet","maxPowerKw":22,"isMegawatt":false,"status":"AVAILABLE","source":"ndw"}},{"type":"Feature","geometry":{"type":"Point","coordinates":[4.906446,52.353152]},"properties":{"type":"charge","layer":"passenger","locationId":"670932a1c456c5001c43329f","name":"Amsteldijk Hotel Ontwikkeling B.V.","address":"Amsteldijk 67","city":"Amsterdam","operatorName":"Pluq","maxPowerKw":22,"isMegawatt":false,"status":"AVAILABLE","source":"ndw","priceKwh":0.42}},{"type":"Feature","geometry":{"type":"Point","coordinates":[4.772189,52.355404]},"properties":{"type":"charge","layer":"passenger","locationId":"65c4cfdcec1a69001ca6dd5f","name":"Hotel Fogo","address":"Fogostraat 10","city":"Amsterdam","operatorName":"E-Flux by Road","maxPowerKw":6,"isMegawatt":false,"status":"AVAILABLE","source":"ndw","priceKwh":0.68}},{"type":"Feature","geometry":{"type":"Point","coordinates":[4.837503,52.363074]},"properties":{"type":"charge","layer":"passenger","locationId":"66321dc4fd924b001c0c9f46","name":"August Allebeplein laadpaal 5","address":"August Allebeplein 265","city":"Amsterdam","operatorName":"E-Flux by Road","maxPowerKw":22,"isMegawatt":false,"status":"UNAVAILABLE","source":"ndw","priceKwh":0.33}},{"type":"Feature","geometry":{"type":"Point","coordinates":[4.818836,52.343666]},"properties":{"type":"charge","layer":"passenger","locationId":"6cefa796-606b-4bbc-bd5b-b84e12a1eba4","name":"TNLP010620 - Demerhof 2, Amsterdam","address":"2 Demerhof","city":"Amsterdam","operatorName":"TotalEnergies","maxPowerKw":17,"isMegawatt":false,"status":"AVAILABLE","source":"ndw"}},{"type":"Feature","geometry":{"type":"Point","coordinates":[4.792624,52.34809]},"properties":{"type":"charge","layer":"passenger","locationId":"9952d8a9-4a4c-419a-8e94-9c486c58243d","name":"TNLP010646 - Cycladenlaan 4, Amsterdam","address":"4 Cycladenlaan","city":"Amsterdam","operatorName":"TotalEnergies","maxPowerKw":17,"isMegawatt":false,"status":"AVAILABLE","source":"ndw"}},{"type":"Feature","geometry":{"type":"Point","coordinates":[4.839807,52.370223]},"properties":{"type":"charge","layer":"passenger","locationId":"b911cd0e3b8a418b95db","name":"Amsterdam OLVG locatie west Ambulancepost","address":"Jan Tooropstraat 160","city":"Amsterdam","operatorName":"Opcharge","maxPowerKw":11,"isMegawatt":false,"status":"CHARGING","source":"ndw","priceKwh":0.33}},{"type":"Feature","geometry":{"type":"Point","coordinates":[4.924835,52.388226]},"properties":{"type":"charge","layer":"passenger","locationId":"f5c0d743-c4d6-4c37-8d66-4e23a8507316","name":"TNLP011795 - Meeuwenlaan 273 273, Amsterdam","address":"273 273 Meeuwenlaan","city":"Amsterdam","operatorName":"TotalEnergies","maxPowerKw":17,"isMegawatt":false,"status":"AVAILABLE","source":"ndw"}},{"type":"Feature","geometry":{"type":"Point","coordinates":[4.835966,52.367535]},"properties":{"type":"charge","layer":"passenger","locationId":"44d328bb-a2bb-4e4d-9668-f7841c927c74","name":"TNLP011293 - Karel Klinkenbergstraat 38, Amsterdam","address":"38 Karel Klinkenbergstraat","city":"Amsterdam","operatorName":"TotalEnergies","maxPowerKw":17,"isMegawatt":false,"status":"AVAILABLE","source":"ndw"}},{"type":"Feature","geometry":{"type":"Point","coordinates":[4.936017,52.365635]},"properties":{"type":"charge","layer":"passenger","locationId":"c15fa051-fd1d-4bfb-9c3c-6e03ba93ce05","name":"TNLP010794 - Timorstraat 5, Amsterdam","address":"5 Timorstraat","city":"Amsterdam","operatorName":"TotalEnergies","maxPowerKw":17,"isMegawatt":false,"status":"AVAILABLE","source":"ndw"}},{"type":"Feature","geometry":{"type":"Point","coordinates":[4.891334,52.381393]},"properties":{"type":"charge","layer":"passenger","locationId":"f8a5472c-a248-45b3-9a6a-5bc03a09a47f","name":"TNLP010626 - Haarlemmer Houttuinen 43, Amsterdam","address":"43 Haarlemmer Houttuinen","city":"Amsterdam","operatorName":"TotalEnergies","maxPowerKw":17,"isMegawatt":false,"status":"UNAVAILABLE","source":"ndw"}},{"type":"Feature","geometry":{"type":"Point","coordinates":[4.883751,52.356064]},"properties":{"type":"charge","layer":"passenger","locationId":"a10043c4-6e6a-4956-a8f4-3b38469a5a5f","name":"TNLP010360 - Johannes Vermeerstraat 26, Amsterdam","address":"26 Johannes Vermeerstraat","city":"Amsterdam","operatorName":"TotalEnergies","maxPowerKw":17,"isMegawatt":false,"status":"AVAILABLE","source":"ndw"}},{"type":"Feature","geometry":{"type":"Point","coordinates":[4.849357,52.354923]},"properties":{"type":"charge","layer":"passenger","locationId":"c560b6ef-0a8a-4bd9-bee2-84a8e123cde8","name":"TNLP010414 - Theophile de Bockstraat 37, Amsterdam","address":"37 Theophile de Bockstraat","city":"Amsterdam","operatorName":"TotalEnergies","maxPowerKw":17,"isMegawatt":false,"status":"UNAVAILABLE","source":"ndw"}},{"type":"Feature","geometry":{"type":"Point","coordinates":[4.89873,52.356896]},"properties":{"type":"charge","layer":"passenger","locationId":"167edc4fde5c4bfa859925ece63d9798","name":"Albert Cuypstraat - Markt 1072CZ 06","address":"Albert Cuypstraat 06","city":"Amsterdam","operatorName":"","maxPowerKw":22,"isMegawatt":false,"status":"CHARGING","source":"ndw"}},{"type":"Feature","geometry":{"type":"Point","coordinates":[4.897801,52.347137]},"properties":{"type":"charge","layer":"passenger","locationId":"10f760d1-914f-44ff-b052-b716f91e4b63","name":"TNLP010242 - Schipbeekstraat 40, Amsterdam","address":"40 Schipbeekstraat","city":"Amsterdam","operatorName":"TotalEnergies","maxPowerKw":17,"isMegawatt":false,"status":"UNAVAILABLE","source":"ndw"}},{"type":"Feature","geometry":{"type":"Point","coordinates":[4.921083,52.364456]},"properties":{"type":"charge","layer":"passenger","locationId":"9de4cf4b-dca9-4100-9ffb-c6af43b36b0d","name":"TNLP010315 - Kazernestraat 2, Amsterdam","address":"2 Kazernestraat","city":"Amsterdam","operatorName":"TotalEnergies","maxPowerKw":17,"isMegawatt":false,"status":"AVAILABLE","source":"ndw"}},{"type":"Feature","geometry":{"type":"Point","coordinates":[4.906914,52.364254]},"properties":{"type":"charge","layer":"passenger","locationId":"6968c5407a2ca56b07ef6332","name":"Zoku Amsterdam parking","address":"Weesperstraat 105","city":"Amsterdam","operatorName":"E-Flux by Road","maxPowerKw":11,"isMegawatt":false,"status":"AVAILABLE","source":"ndw","priceKwh":0.43}},{"type":"Feature","geometry":{"type":"Point","coordinates":[4.870655,52.345135]},"properties":{"type":"charge","layer":"passenger","locationId":"0da22d69-5ae4-4601-947c-d9a040e57dfa","name":"TNLP010837 - Courbetstraat 9, Amsterdam","address":"9 Courbetstraat","city":"Amsterdam","operatorName":"TotalEnergies","maxPowerKw":17,"isMegawatt":false,"status":"AVAILABLE","source":"ndw"}},{"type":"Feature","geometry":{"type":"Point","coordinates":[4.795836,52.375313]},"properties":{"type":"charge","layer":"passenger","locationId":"a11246fa-24b6-40f9-a6c0-65f979c7a214","name":"TNLP010976 - Willem Kromhoutstraat 18, Amsterdam","address":"18 Willem Kromhoutstraat","city":"Amsterdam","operatorName":"TotalEnergies","maxPowerKw":17,"isMegawatt":false,"status":"CHARGING","source":"ndw"}},{"type":"Feature","geometry":{"type":"Point","coordinates":[4.943509,52.310464]},"properties":{"type":"charge","layer":"passenger","locationId":"691732094cddee498ad10fbc","name":"The Sharing Tower","address":"Haaksbergweg 4","city":"Amsterdam","operatorName":"E-Flux by Road","maxPowerKw":22,"isMegawatt":false,"status":"AVAILABLE","source":"ndw","priceKwh":0.53}},{"type":"Feature","geometry":{"type":"Point","coordinates":[4.890763,52.41327]},"properties":{"type":"charge","layer":"passenger","locationId":"45137d94-dd81-446a-b2cd-17ea8f031109","name":"TNLP011012 - Zonneplein 21, Amsterdam","address":"21 Zonneplein","city":"Amsterdam","operatorName":"TotalEnergies","maxPowerKw":17,"isMegawatt":false,"status":"AVAILABLE","source":"ndw"}},{"type":"Feature","geometry":{"type":"Point","coordinates":[4.891982,52.35147]},"properties":{"type":"charge","layer":"passenger","locationId":"8db7ea42-339a-4e3d-ad74-faa50bf3e844","name":"TNLP011549 - Rustenburgerstraat 383, Amsterdam","address":"383 Rustenburgerstraat","city":"Amsterdam","operatorName":"TotalEnergies","maxPowerKw":17,"isMegawatt":false,"status":"AVAILABLE","source":"ndw"}},{"type":"Feature","geometry":{"type":"Point","coordinates":[4.817419,52.375237]},"properties":{"type":"charge","layer":"passenger","locationId":"3685d295-0f81-40af-868e-37a7dc549d35","name":"TNLP011483 - Immanuel Kanthof 1, Amsterdam","address":"1 Immanuel Kanthof","city":"Amsterdam","operatorName":"TotalEnergies","maxPowerKw":17,"isMegawatt":false,"status":"UNAVAILABLE","source":"ndw"}},{"type":"Feature","geometry":{"type":"Point","coordinates":[4.808716,52.354996]},"properties":{"type":"charge","layer":"passenger","locationId":"f5d3de05-9057-448f-8364-f19dbfd630da","name":"Laadplein - TNLP011103 - Opmerkzaam 93, Amsterdam","address":"93 Opmerkzaam","city":"Amsterdam","operatorName":"TotalEnergies","maxPowerKw":17,"isMegawatt":false,"status":"AVAILABLE","source":"ndw"}},{"type":"Feature","geometry":{"type":"Point","coordinates":[4.858083,52.352615]},"properties":{"type":"charge","layer":"passenger","locationId":"37ebcae8-2e18-4dd3-bac6-daf680fb1e2d","name":"TNLP010766 - Sophialaan 22, Amsterdam","address":"22 Sophialaan","city":"Amsterdam","operatorName":"TotalEnergies","maxPowerKw":17,"isMegawatt":false,"status":"AVAILABLE","source":"ndw"}},{"type":"Feature","geometry":{"type":"Point","coordinates":[4.894833,52.347157]},"properties":{"type":"charge","layer":"passenger","locationId":"4a81a337-4a3f-4aa5-84ee-bd52bc720341","name":"TNLP011542 - Churchill-laan 136 III, Amsterdam","address":"136 III Churchill-laan","city":"Amsterdam","operatorName":"TotalEnergies","maxPowerKw":17,"isMegawatt":false,"status":"AVAILABLE","source":"ndw"}},{"type":"Feature","geometry":{"type":"Point","coordinates":[4.804622,52.382763]},"properties":{"type":"charge","layer":"passenger","locationId":"6133d0de-f058-4117-8586-7ea763ada09c","name":"TNLP010238 - Cornelis Roobolstraat 8, Amsterdam","address":"8 Cornelis Roobolstraat","city":"Amsterdam","operatorName":"TotalEnergies","maxPowerKw":17,"isMegawatt":false,"status":"CHARGING","source":"ndw"}},{"type":"Feature","geometry":{"type":"Point","coordinates":[4.857655,52.351196]},"properties":{"type":"charge","layer":"passenger","locationId":"26157413-d550-49c6-840b-b3f713863e7e","name":"TNLP010180 - Valeriusstraat 249, Amsterdam","address":"249 Valeriusstraat","city":"Amsterdam","operatorName":"TotalEnergies","maxPowerKw":17,"isMegawatt":false,"status":"AVAILABLE","source":"ndw"}},{"type":"Feature","geometry":{"type":"Point","coordinates":[4.850534,52.350723]},"properties":{"type":"charge","layer":"passenger","locationId":"32939f2e-12b4-48d5-8b31-9bc1c098fabf","name":"TNLP010368 - Leimuidenstraat 5, Amsterdam","address":"5 Leimuidenstraat","city":"Amsterdam","operatorName":"TotalEnergies","maxPowerKw":17,"isMegawatt":false,"status":"CHARGING","source":"ndw"}},{"type":"Feature","geometry":{"type":"Point","coordinates":[4.887798,52.34754]},"properties":{"type":"charge","layer":"passenger","locationId":"25a71c2b-22e8-466d-8d48-0d00dfa90ad1","name":"TNLP010915 - Churchill-laan 284, Amsterdam","address":"284 Churchill-laan","city":"Amsterdam","operatorName":"TotalEnergies","maxPowerKw":17,"isMegawatt":false,"status":"CHARGING","source":"ndw"}},{"type":"Feature","geometry":{"type":"Point","coordinates":[4.839743,52.356797]},"properties":{"type":"charge","layer":"passenger","locationId":"6138afee6e6fbe03aec59a86","name":"Schipluidenlaan (Amsterdam)","address":"Schipluidenlaan 4","city":"Amsterdam","operatorName":"E-Flux by Road","maxPowerKw":22,"isMegawatt":false,"status":"UNAVAILABLE","source":"ndw"}},{"type":"Feature","geometry":{"type":"Point","coordinates":[4.901381,52.400776]},"properties":{"type":"charge","layer":"passenger","locationId":"59de83b7-d00d-4e73-b7f0-cb8de9ea3cbc","name":"TNLP011217 - Klaprozenweg 73, Amsterdam","address":"73 Klaprozenweg","city":"Amsterdam","operatorName":"TotalEnergies","maxPowerKw":17,"isMegawatt":false,"status":"AVAILABLE","source":"ndw"}},{"type":"Feature","geometry":{"type":"Point","coordinates":[5.039138,52.317314]},"properties":{"type":"charge","layer":"passenger","locationId":"bcec37a1-fee3-4c0c-8a40-aeea4badd10a","name":"TNLP011706 - Fort Abcoudestraat 30, Weesp","address":"30 Fort Abcoudestraat","city":"Weesp","operatorName":"TotalEnergies","maxPowerKw":17,"isMegawatt":false,"status":"AVAILABLE","source":"ndw"}},{"type":"Feature","geometry":{"type":"Point","coordinates":[4.852454,52.37318]},"properties":{"type":"charge","layer":"passenger","locationId":"00c10e56-7295-474e-a4fd-7851e8862fee","name":"TNLP010949 - Vespuccistraat 117, Amsterdam","address":"117 Vespuccistraat","city":"Amsterdam","operatorName":"TotalEnergies","maxPowerKw":17,"isMegawatt":false,"status":"CHARGING","source":"ndw"}},{"type":"Feature","geometry":{"type":"Point","coordinates":[4.90895,52.37641]},"properties":{"type":"charge","layer":"passenger","locationId":"36410286-9BF4-4A63-AD14-C0F24DF17EE4","name":"Eneco eMobility Garage Oosterdok","address":"Oosterdokstraat 150","city":"Amsterdam","operatorName":"Eneco","maxPowerKw":11,"isMegawatt":false,"status":"AVAILABLE","source":"ndw","priceKwh":0.45}},{"type":"Feature","geometry":{"type":"Point","coordinates":[5.00854,52.34822]},"properties":{"type":"charge","layer":"passenger","locationId":"2542e366-9597-42db-9e57-b347c1980366","name":"TNLP010178 - Fritz Dietrich Kahlenbergstraat 52, Amsterdam","address":"52 Fritz Dietrich Kahlenbergstraat","city":"Amsterdam","operatorName":"TotalEnergies","maxPowerKw":17,"isMegawatt":false,"status":"CHARGING","source":"ndw"}},{"type":"Feature","geometry":{"type":"Point","coordinates":[4.936114,52.362762]},"properties":{"type":"charge","layer":"passenger","locationId":"e8bf5cdb-3635-42e2-a703-a0c2de70f98d","name":"TNLP011493 - Sumatrastraat 61, Amsterdam","address":"61 Sumatrastraat","city":"Amsterdam","operatorName":"TotalEnergies","maxPowerKw":17,"isMegawatt":false,"status":"CHARGING","source":"ndw"}},{"type":"Feature","geometry":{"type":"Point","coordinates":[4.874078,52.378304]},"properties":{"type":"charge","layer":"passenger","locationId":"409627d7-76f4-4ab3-97cc-4fa5b30c19d3","name":"TNLP010868 - Rombout Hogerbeetsstraat 10, Amsterdam","address":"10 Rombout Hogerbeetsstraat","city":"Amsterdam","operatorName":"TotalEnergies","maxPowerKw":17,"isMegawatt":false,"status":"AVAILABLE","source":"ndw"}},{"type":"Feature","geometry":{"type":"Point","coordinates":[4.893598,52.36494]},"properties":{"type":"charge","layer":"passenger","locationId":"93238790-7d4e-4584-b191-cf6ec6600647","name":"TNLP011512 - Oudezijds Voorburgwal 99, Amsterdam","address":"99 Oudezijds Voorburgwal","city":"Amsterdam","operatorName":"TotalEnergies","maxPowerKw":17,"isMegawatt":false,"status":"AVAILABLE","source":"ndw"}},{"type":"Feature","geometry":{"type":"Point","coordinates":[4.903335,52.352245]},"properties":{"type":"charge","layer":"passenger","locationId":"df0b08b2-cf62-447e-b868-1cbba54e3022","name":"TNLP010060 - Tolstraat 91, Amsterdam","address":"91 Tolstraat","city":"Amsterdam","operatorName":"TotalEnergies","maxPowerKw":17,"isMegawatt":false,"status":"AVAILABLE","source":"ndw"}},{"type":"Feature","geometry":{"type":"Point","coordinates":[4.90967,52.38232]},"properties":{"type":"charge","layer":"passenger","locationId":"011e005a-2b2d-45e5-8d2b-e90d77208c86","name":"TNLP010456 - IJplein 90, Amsterdam","address":"90 IJplein","city":"Amsterdam","operatorName":"TotalEnergies","maxPowerKw":17,"isMegawatt":false,"status":"AVAILABLE","source":"ndw"}},{"type":"Feature","geometry":{"type":"Point","coordinates":[4.76989,52.351566]},"properties":{"type":"charge","layer":"passenger","locationId":"ec7e6b9f-a4cc-4a7e-9098-db3de07e90db","name":"TNLP010830 - Schotse Hooglanden 78, Amsterdam","address":"78 Schotse Hooglanden","city":"Amsterdam","operatorName":"TotalEnergies","maxPowerKw":17,"isMegawatt":false,"status":"AVAILABLE","source":"ndw"}},{"type":"Feature","geometry":{"type":"Point","coordinates":[4.815885,52.343178]},"properties":{"type":"charge","layer":"passenger","locationId":"f0b13ab1-e5d2-475d-a564-8df64e5539b1","name":"TNLP010892 - Kortenakenstraat 40, Amsterdam","address":"40 Kortenakenstraat","city":"Amsterdam","operatorName":"TotalEnergies","maxPowerKw":17,"isMegawatt":false,"status":"AVAILABLE","source":"ndw"}},{"type":"Feature","geometry":{"type":"Point","coordinates":[4.949354,52.391743]},"properties":{"type":"charge","layer":"passenger","locationId":"8fcee5a2-872d-4c23-98d7-e740dadd9d2a","name":"TNLP011907 - Watergangseweg 50, Amsterdam","address":"50 Watergangseweg","city":"Amsterdam","operatorName":"TotalEnergies","maxPowerKw":17,"isMegawatt":false,"status":"AVAILABLE","source":"ndw"}},{"type":"Feature","geometry":{"type":"Point","coordinates":[4.860335,52.3619]},"properties":{"type":"charge","layer":"passenger","locationId":"cbbab6e9-5c1d-4b60-921c-5b507824f4eb","name":"TNLP011020 - Pieter Langendijkstraat 1, Amsterdam","address":"1 Pieter Langendijkstraat","city":"Amsterdam","operatorName":"TotalEnergies","maxPowerKw":17,"isMegawatt":false,"status":"CHARGING","source":"ndw"}},{"type":"Feature","geometry":{"type":"Point","coordinates":[4.941162,52.311654]},"properties":{"type":"charge","layer":"passenger","locationId":"NLLOC027790","name":"NLD, P5 Villa Arena Amsterdam","address":"De Entree 7","city":"Amsterdam","operatorName":"Allego","maxPowerKw":22,"isMegawatt":false,"status":"AVAILABLE","source":"ndw","priceKwh":0.495}},{"type":"Feature","geometry":{"type":"Point","coordinates":[4.894035,52.422256]},"properties":{"type":"charge","layer":"passenger","locationId":"05b94cf2-78e0-4a66-b262-4e793a23516c","name":"TNLP010230 - Schelvisch Hoofd 50, Amsterdam","address":"50 Schelvisch Hoofd","city":"Amsterdam","operatorName":"TotalEnergies","maxPowerKw":17,"isMegawatt":false,"status":"AVAILABLE","source":"ndw"}},{"type":"Feature","geometry":{"type":"Point","coordinates":[4.957646,52.394535]},"properties":{"type":"charge","layer":"passenger","locationId":"74923e78-4b61-49e1-bc30-65e405659ea4","name":"TNLP010613 - Balgzandstraat 125, Amsterdam","address":"125 Balgzandstraat","city":"Amsterdam","operatorName":"TotalEnergies","maxPowerKw":17,"isMegawatt":false,"status":"AVAILABLE","source":"ndw"}},{"type":"Feature","geometry":{"type":"Point","coordinates":[5.037273,52.313084]},"properties":{"type":"charge","layer":"passenger","locationId":"2f31ba47-dcf4-4c1c-9d65-3143b91e983a","name":"TNLP011180 - Jan Campertplein 2, Amsterdam","address":"2 Jan Campertplein","city":"Amsterdam","operatorName":"TotalEnergies","maxPowerKw":17,"isMegawatt":false,"status":"CHARGING","source":"ndw"}},{"type":"Feature","geometry":{"type":"Point","coordinates":[4.886411,52.327343]},"properties":{"type":"charge","layer":"passenger","locationId":"a79ff3bc-19ba-406e-b3f1-ed52a890f8b2","name":"TNLP010353 - Wamberg 85, Amsterdam","address":"85 Wamberg","city":"Amsterdam","operatorName":"TotalEnergies","maxPowerKw":17,"isMegawatt":false,"status":"AVAILABLE","source":"ndw"}},{"type":"Feature","geometry":{"type":"Point","coordinates":[4.766989,52.356156]},"properties":{"type":"charge","layer":"passenger","locationId":"4175054","name":"Laadnet van As Print & Sign","address":"Maroastraat 8","city":"Amsterdam","operatorName":"Laadnet","maxPowerKw":22,"isMegawatt":false,"status":"AVAILABLE","source":"ndw"}},{"type":"Feature","geometry":{"type":"Point","coordinates":[4.904815,52.37465]},"properties":{"type":"charge","layer":"passenger","locationId":"bc07f61e-1983-4a95-94ff-063eedad76c7","name":"TNLP010599 - Prins Hendrikkade 510 A, Amsterdam","address":"510 A Prins Hendrikkade","city":"Amsterdam","operatorName":"TotalEnergies","maxPowerKw":17,"isMegawatt":false,"status":"AVAILABLE","source":"ndw"}},{"type":"Feature","geometry":{"type":"Point","coordinates":[4.889684,52.423347]},"properties":{"type":"charge","layer":"passenger","locationId":"33e7ebee-8b40-4865-95e9-b5729bdb4764","name":"Lidl Amsterdam- Zuideinde","address":"Zuideinde","city":"Amsterdam","operatorName":"Lidl","maxPowerKw":22,"isMegawatt":false,"status":"UNAVAILABLE","source":"ndw"}},{"type":"Feature","geometry":{"type":"Point","coordinates":[4.969862,52.295128]},"properties":{"type":"charge","layer":"passenger","locationId":"c6122ddf-999f-468a-a69c-83aa597e8803","name":"TNLP010521 - Randwijkhof 69, Amsterdam","address":"69 Randwijkhof","city":"Amsterdam","operatorName":"TotalEnergies","maxPowerKw":17,"isMegawatt":false,"status":"UNAVAILABLE","source":"ndw"}},{"type":"Feature","geometry":{"type":"Point","coordinates":[4.920345,52.38739]},"properties":{"type":"charge","layer":"passenger","locationId":"76071ce1-b730-4b4e-b961-4bd6110cce8b","name":"TNLP011079 - Kwartelstraat 6, Amsterdam","address":"6 Kwartelstraat","city":"Amsterdam","operatorName":"TotalEnergies","maxPowerKw":17,"isMegawatt":false,"status":"AVAILABLE","source":"ndw"}},{"type":"Feature","geometry":{"type":"Point","coordinates":[4.861728,52.368526]},"properties":{"type":"charge","layer":"passenger","locationId":"c26f8be0-136f-4e89-89ef-5d748cfd032c","name":"TNLP010140 - Chasséstraat 42, Amsterdam","address":"42 Chasséstraat","city":"Amsterdam","operatorName":"TotalEnergies","maxPowerKw":17,"isMegawatt":false,"status":"AVAILABLE","source":"ndw"}},{"type":"Feature","geometry":{"type":"Point","coordinates":[4.876781,52.399258]},"properties":{"type":"charge","layer":"passenger","locationId":"OST20P0044_0002_9","name":"OST20P0044_0002_9","address":"Danzigerkade 15","city":"Amsterdam","operatorName":"e-VOLTT","maxPowerKw":21,"isMegawatt":false,"status":"AVAILABLE","source":"ndw","priceKwh":0.32}},{"type":"Feature","geometry":{"type":"Point","coordinates":[4.81984,52.3497]},"properties":{"type":"charge","layer":"passenger","locationId":"a2ca206a-c49e-4477-8331-adecba559a5f","name":"TNLP011704 - Dilsenstraat 18, Amsterdam","address":"18 Dilsenstraat","city":"Amsterdam","operatorName":"TotalEnergies","maxPowerKw":17,"isMegawatt":false,"status":"AVAILABLE","source":"ndw"}},{"type":"Feature","geometry":{"type":"Point","coordinates":[4.899052,52.35442]},"properties":{"type":"charge","layer":"passenger","locationId":"afc95310-f9d7-4128-9501-d189a0e16671","name":"TNLP011066 - Sarphatipark 135, Amsterdam","address":"135 Sarphatipark","city":"Amsterdam","operatorName":"TotalEnergies","maxPowerKw":17,"isMegawatt":false,"status":"AVAILABLE","source":"ndw"}},{"type":"Feature","geometry":{"type":"Point","coordinates":[4.863311,52.354248]},"properties":{"type":"charge","layer":"passenger","locationId":"8eb644be-fb26-46a8-ae05-0776844aba46","name":"Laadplein - TNLP011350 - Emmaplein 3, Amsterdam","address":"3 Emmaplein","city":"Amsterdam","operatorName":"TotalEnergies","maxPowerKw":17,"isMegawatt":false,"status":"AVAILABLE","source":"ndw"}},{"type":"Feature","geometry":{"type":"Point","coordinates":[4.839962,52.366444]},"properties":{"type":"charge","layer":"passenger","locationId":"c35b4ff2-23ce-43f7-9d07-5bf1b4010f8f","name":"TNLP010514 - Johannes Hilverdinkstraat 2, Amsterdam","address":"2 Johannes Hilverdinkstraat","city":"Amsterdam","operatorName":"TotalEnergies","maxPowerKw":17,"isMegawatt":false,"status":"AVAILABLE","source":"ndw"}},{"type":"Feature","geometry":{"type":"Point","coordinates":[4.907657,52.343025]},"properties":{"type":"charge","layer":"passenger","locationId":"950bd1e2-a918-4521-a650-54ed7cd600e5","name":"TNLP010345 - Uiterwaardenstraat 98, Amsterdam","address":"98 Uiterwaardenstraat","city":"Amsterdam","operatorName":"TotalEnergies","maxPowerKw":17,"isMegawatt":false,"status":"CHARGING","source":"ndw"}},{"type":"Feature","geometry":{"type":"Point","coordinates":[4.916702,52.356472]},"properties":{"type":"charge","layer":"passenger","locationId":"ed41f792-8df5-486b-adfa-b9a6e459ec12","name":"TNLP010396 - Derde Oosterparkstraat 82, Amsterdam","address":"82 Derde Oosterparkstraat","city":"Amsterdam","operatorName":"TotalEnergies","maxPowerKw":17,"isMegawatt":false,"status":"AVAILABLE","source":"ndw"}},{"type":"Feature","geometry":{"type":"Point","coordinates":[4.917548,52.352592]},"properties":{"type":"charge","layer":"passenger","locationId":"bff503b8-3ab4-43f9-94c6-6968133b9db5","name":"TNLP010131 - Afrikanerplein 17, Amsterdam","address":"17 Afrikanerplein","city":"Amsterdam","operatorName":"TotalEnergies","maxPowerKw":17,"isMegawatt":false,"status":"CHARGING","source":"ndw"}},{"type":"Feature","geometry":{"type":"Point","coordinates":[4.889255,52.331135]},"properties":{"type":"charge","layer":"passenger","locationId":"d9d3b247-9f23-4d01-97f5-d9ff8fc90c94","name":"TNLP011731 - Weerdestein 19, Amsterdam","address":"19 Weerdestein","city":"Amsterdam","operatorName":"TotalEnergies","maxPowerKw":17,"isMegawatt":false,"status":"AVAILABLE","source":"ndw"}},{"type":"Feature","geometry":{"type":"Point","coordinates":[4.98985,52.298832]},"properties":{"type":"charge","layer":"passenger","locationId":"246b0ffb-885f-4f6c-a4e0-379c11b6390c","name":"TNLP011847 - Willem Gertenbachstraat 118, Amsterdam","address":"118 Willem Gertenbachstraat","city":"Amsterdam","operatorName":"TotalEnergies","maxPowerKw":17,"isMegawatt":false,"status":"AVAILABLE","source":"ndw"}},{"type":"Feature","geometry":{"type":"Point","coordinates":[4.790718,52.39101]},"properties":{"type":"charge","layer":"passenger","locationId":"e7c63ebd-b83f-4fa4-a15d-6d7696755912","name":"TNLP010566 - Jarmuiden 54, Amsterdam","address":"54 Jarmuiden","city":"Amsterdam","operatorName":"TotalEnergies","maxPowerKw":17,"isMegawatt":false,"status":"AVAILABLE","source":"ndw"}},{"type":"Feature","geometry":{"type":"Point","coordinates":[5.043356,52.3079]},"properties":{"type":"charge","layer":"passenger","locationId":"07466f5f-fd14-4243-90aa-730bc76f3dcb","name":"TNLP011252 - Hoogstraat 22, Weesp","address":"22 Hoogstraat","city":"Weesp","operatorName":"TotalEnergies","maxPowerKw":17,"isMegawatt":false,"status":"AVAILABLE","source":"ndw"}},{"type":"Feature","geometry":{"type":"Point","coordinates":[4.890163,52.388996]},"properties":{"type":"charge","layer":"passenger","locationId":"e56eea3a-4044-49ab-a546-ead6ca8ef4ad","name":"TNLP011296 - Barentszplein 77, Amsterdam","address":"77 Barentszplein","city":"Amsterdam","operatorName":"TotalEnergies","maxPowerKw":17,"isMegawatt":false,"status":"AVAILABLE","source":"ndw"}},{"type":"Feature","geometry":{"type":"Point","coordinates":[5.038543,52.314533]},"properties":{"type":"charge","layer":"passenger","locationId":"7adca933-4f63-4eb3-be0a-4c48dacd9f3b","name":"TNLP011882 - Sportparklaan 169, Weesp","address":"169 Sportparklaan","city":"Weesp","operatorName":"TotalEnergies","maxPowerKw":17,"isMegawatt":false,"status":"AVAILABLE","source":"ndw"}},{"type":"Feature","geometry":{"type":"Point","coordinates":[4.848074,52.37242]},"properties":{"type":"charge","layer":"passenger","locationId":"d3705a17-3cf7-4e1e-9a7f-ab0fd1e1c4fb","name":"TNLP011060 - Orteliusstraat 282, Amsterdam","address":"282 Orteliusstraat","city":"Amsterdam","operatorName":"TotalEnergies","maxPowerKw":17,"isMegawatt":false,"status":"AVAILABLE","source":"ndw"}},{"type":"Feature","geometry":{"type":"Point","coordinates":[4.820868,52.35729]},"properties":{"type":"charge","layer":"passenger","locationId":"1e16b5b0-2923-4273-8e13-51159c8ea45f","name":"TNLP011199 - Aaf Bouberstraat 20, Amsterdam","address":"20 Aaf Bouberstraat","city":"Amsterdam","operatorName":"TotalEnergies","maxPowerKw":17,"isMegawatt":false,"status":"AVAILABLE","source":"ndw"}},{"type":"Feature","geometry":{"type":"Point","coordinates":[5.037337,52.30793]},"properties":{"type":"charge","layer":"passenger","locationId":"75f1c890-58f3-495b-8d4e-4f2e4b2aa416","name":"TNLP011914 - Singel 1, Weesp","address":"1 Singel","city":"Weesp","operatorName":"TotalEnergies","maxPowerKw":17,"isMegawatt":false,"status":"AVAILABLE","source":"ndw"}},{"type":"Feature","geometry":{"type":"Point","coordinates":[4.875782,52.327038]},"properties":{"type":"charge","layer":"passenger","locationId":"e355bee9-c28a-46fe-996e-7af3f5ff5ca2","name":"TNLP010782 - Zeelandstraat 2, Amsterdam","address":"2 Zeelandstraat","city":"Amsterdam","operatorName":"TotalEnergies","maxPowerKw":17,"isMegawatt":false,"status":"AVAILABLE","source":"ndw"}},{"type":"Feature","geometry":{"type":"Point","coordinates":[4.809972,52.377865]},"properties":{"type":"charge","layer":"passenger","locationId":"3e43f233-18d5-4aad-acf3-291f21500914","name":"TNLP010269 - Lodewijk van Deysselstraat 107, Amsterdam","address":"107 Lodewijk van Deysselstraat","city":"Amsterdam","operatorName":"TotalEnergies","maxPowerKw":17,"isMegawatt":false,"status":"AVAILABLE","source":"ndw"}},{"type":"Feature","geometry":{"type":"Point","coordinates":[4.96705,52.301575]},"properties":{"type":"charge","layer":"passenger","locationId":"44263f3f-d5cf-4b38-bc85-90cd0c6efa21","name":"TNLP010318 - Mijehof 114, Amsterdam","address":"114 Mijehof","city":"Amsterdam","operatorName":"TotalEnergies","maxPowerKw":17,"isMegawatt":false,"status":"AVAILABLE","source":"ndw"}},{"type":"Feature","geometry":{"type":"Point","coordinates":[4.82883,52.36569]},"properties":{"type":"charge","layer":"passenger","locationId":"746d4cc4-8deb-4cfa-88ad-b1b659964952","name":"TNLP011006 - Bonnefantenstraat 4, Amsterdam","address":"4 Bonnefantenstraat","city":"Amsterdam","operatorName":"TotalEnergies","maxPowerKw":17,"isMegawatt":false,"status":"AVAILABLE","source":"ndw"}},{"type":"Feature","geometry":{"type":"Point","coordinates":[4.967196,52.3202]},"properties":{"type":"charge","layer":"passenger","locationId":"a747735a-5b6f-435a-9ad0-872ae6899fc6","name":"TNLP010265 - Bijlmerdreef 887, Amsterdam","address":"887 Bijlmerdreef","city":"Amsterdam","operatorName":"TotalEnergies","maxPowerKw":17,"isMegawatt":false,"status":"AVAILABLE","source":"ndw"}},{"type":"Feature","geometry":{"type":"Point","coordinates":[4.874092,52.374584]},"properties":{"type":"charge","layer":"passenger","locationId":"bc1e3f9c-fbc7-41d7-9405-16e045597f73","name":"TNLP010969 - Van Oldenbarneveldtstraat 76, Amsterdam","address":"76 Van Oldenbarneveldtstraat","city":"Amsterdam","operatorName":"TotalEnergies","maxPowerKw":17,"isMegawatt":false,"status":"AVAILABLE","source":"ndw"}},{"type":"Feature","geometry":{"type":"Point","coordinates":[4.806525,52.344383]},"properties":{"type":"charge","layer":"passenger","locationId":"ed7b660f-3fb5-4345-88bc-46085f4df0cb","name":"TNLP011204 - Willebroekstraat 17, Amsterdam","address":"17 Willebroekstraat","city":"Amsterdam","operatorName":"TotalEnergies","maxPowerKw":17,"isMegawatt":false,"status":"AVAILABLE","source":"ndw"}},{"type":"Feature","geometry":{"type":"Point","coordinates":[5.042582,52.306244]},"properties":{"type":"charge","layer":"passenger","locationId":"c5d2555a-a84c-4aeb-84a7-00ee71e3ba7e","name":"TNLP011023 - Oudegracht 65, Weesp","address":"65 Oudegracht","city":"Weesp","operatorName":"TotalEnergies","maxPowerKw":17,"isMegawatt":false,"status":"AVAILABLE","source":"ndw"}},{"type":"Feature","geometry":{"type":"Point","coordinates":[4.849115,52.380234]},"properties":{"type":"charge","layer":"passenger","locationId":"725bff96-9e4d-4ef6-b93e-135fc5de3819","name":"TNLP010948 - Leeuwendalersweg 18, Amsterdam","address":"18 Leeuwendalersweg","city":"Amsterdam","operatorName":"TotalEnergies","maxPowerKw":17,"isMegawatt":false,"status":"AVAILABLE","source":"ndw"}},{"type":"Feature","geometry":{"type":"Point","coordinates":[4.96087,52.39253]},"properties":{"type":"charge","layer":"passenger","locationId":"cbb3e8e4-de73-481b-8a2a-ad05a2be6478","name":"TNLP010436 - Markengouw 127, Amsterdam","address":"127 Markengouw","city":"Amsterdam","operatorName":"TotalEnergies","maxPowerKw":17,"isMegawatt":false,"status":"AVAILABLE","source":"ndw"}},{"type":"Feature","geometry":{"type":"Point","coordinates":[4.864463,52.367725]},"properties":{"type":"charge","layer":"passenger","locationId":"0615a7d9-8d88-45a3-b5b0-4e8499c9117a","name":"TNLP010187 - Jan Hanzenstraat 106, Amsterdam","address":"106 Jan Hanzenstraat","city":"Amsterdam","operatorName":"TotalEnergies","maxPowerKw":17,"isMegawatt":false,"status":"AVAILABLE","source":"ndw"}},{"type":"Feature","geometry":{"type":"Point","coordinates":[4.787598,52.35051]},"properties":{"type":"charge","layer":"passenger","locationId":"11c1ca0d-2943-4796-b1ac-30bc23b304d1","name":"TNLP010341 - Iwan Kantemanplein 60, Amsterdam","address":"60 Iwan Kantemanplein","city":"Amsterdam","operatorName":"TotalEnergies","maxPowerKw":17,"isMegawatt":false,"status":"CHARGING","source":"ndw"}},{"type":"Feature","geometry":{"type":"Point","coordinates":[4.881151,52.3553]},"properties":{"type":"charge","layer":"passenger","locationId":"d887c6cc-f40b-45b2-86cb-b25fc749137f","name":"TNLP011868 - Moreelsestraat 2, Amsterdam","address":"2 Moreelsestraat","city":"Amsterdam","operatorName":"TotalEnergies","maxPowerKw":17,"isMegawatt":false,"status":"AVAILABLE","source":"ndw"}},{"type":"Feature","geometry":{"type":"Point","coordinates":[4.90012,52.38694]},"properties":{"type":"charge","layer":"passenger","locationId":"4ACC5273-9457-47C7-9041-EE3D55B5DC6D","name":"Eneco eMobility VvE Overhoeksblok B - Overhoeksparklaan 168 Amsterdam","address":"Overhoeksparklaan 168","city":"Amsterdam","operatorName":"Eneco","maxPowerKw":22,"isMegawatt":false,"status":"AVAILABLE","source":"ndw","priceKwh":0.29}},{"type":"Feature","geometry":{"type":"Point","coordinates":[5.009343,52.3505]},"properties":{"type":"charge","layer":"passenger","locationId":"ca701e7f-71a7-49bf-bfff-a47c4c801819","name":"TNLP011285 - Ben Meerendonkstraat 113, Amsterdam","address":"113 Ben Meerendonkstraat","city":"Amsterdam","operatorName":"TotalEnergies","maxPowerKw":17,"isMegawatt":false,"status":"AVAILABLE","source":"ndw"}},{"type":"Feature","geometry":{"type":"Point","coordinates":[4.795821,52.350883]},"properties":{"type":"charge","layer":"passenger","locationId":"9ec28e0b-88fd-4c37-918b-40cf04e7d443","name":"TNLP011543 - Pieter Calandlaan 1073, Amsterdam","address":"1073 Pieter Calandlaan","city":"Amsterdam","operatorName":"TotalEnergies","maxPowerKw":17,"isMegawatt":false,"status":"CHARGING","source":"ndw"}},{"type":"Feature","geometry":{"type":"Point","coordinates":[4.821593,52.378964]},"properties":{"type":"charge","layer":"passenger","locationId":"NLLOC027880","name":"NLD, Amsterdam, Plein '40-45","address":"Plein 40-45 1","city":"Amsterdam","operatorName":"Allego","maxPowerKw":22,"isMegawatt":false,"status":"AVAILABLE","source":"ndw","priceKwh":0.281}},{"type":"Feature","geometry":{"type":"Point","coordinates":[4.965612,52.374397]},"properties":{"type":"charge","layer":"passenger","locationId":"065028fd-eaf8-41e0-a1d6-587c2da9279c","name":"TNLP010911 - Faas Wilkesstraat 101, Amsterdam","address":"101 Faas Wilkesstraat","city":"Amsterdam","operatorName":"TotalEnergies","maxPowerKw":17,"isMegawatt":false,"status":"AVAILABLE","source":"ndw"}},{"type":"Feature","geometry":{"type":"Point","coordinates":[4.837466,52.363064]},"properties":{"type":"charge","layer":"passenger","locationId":"66321cfb1d3119001ccd926c","name":"August Allebeplein laadpaal 3","address":"August Allebeplein 51","city":"AB","operatorName":"E-Flux by Road","maxPowerKw":22,"isMegawatt":false,"status":"UNAVAILABLE","source":"ndw","priceKwh":0.33}},{"type":"Feature","geometry":{"type":"Point","coordinates":[4.829656,52.37885]},"properties":{"type":"charge","layer":"passenger","locationId":"ab954f3b-df45-4557-8857-2e03b71720c1","name":"TNLP010423 - Lex Althoffstraat 27, Amsterdam","address":"27 Lex Althoffstraat","city":"Amsterdam","operatorName":"TotalEnergies","maxPowerKw":17,"isMegawatt":false,"status":"AVAILABLE","source":"ndw"}},{"type":"Feature","geometry":{"type":"Point","coordinates":[4.954084,52.411379]},"properties":{"type":"charge","layer":"passenger","locationId":"1591067","name":"Laadnet BnB Zunderdorp","address":"Termietergouw 10","city":"Amsterdam","operatorName":"Laadnet","maxPowerKw":22,"isMegawatt":false,"status":"AVAILABLE","source":"ndw"}},{"type":"Feature","geometry":{"type":"Point","coordinates":[4.970136,52.299576]},"properties":{"type":"charge","layer":"passenger","locationId":"23758c06-673e-4ce5-b346-3147c5ac92fd","name":"TNLP011654 - Mijndenhof 72, Amsterdam","address":"72 Mijndenhof","city":"Amsterdam","operatorName":"TotalEnergies","maxPowerKw":17,"isMegawatt":false,"status":"AVAILABLE","source":"ndw"}},{"type":"Feature","geometry":{"type":"Point","coordinates":[5.032334,52.31238]},"properties":{"type":"charge","layer":"passenger","locationId":"5a32cc8a-759a-49fd-8392-e4964bf90304","name":"TNLP011441 - Lageweyselaan 2E, Weesp","address":"2E Lageweyselaan","city":"Weesp","operatorName":"TotalEnergies","maxPowerKw":17,"isMegawatt":false,"status":"CHARGING","source":"ndw"}},{"type":"Feature","geometry":{"type":"Point","coordinates":[4.851164,52.370078]},"properties":{"type":"charge","layer":"passenger","locationId":"52b192876a23430c90d0001e728e9577","name":"Mercatorplein 02","address":"Mercatorplein 1","city":"Amsterdam","operatorName":"","maxPowerKw":22,"isMegawatt":false,"status":"UNAVAILABLE","source":"ndw","priceKwh":0.62}},{"type":"Feature","geometry":{"type":"Point","coordinates":[4.892051,52.377254]},"properties":{"type":"charge","layer":"passenger","locationId":"8be0fcf4-2ec3-4211-9ca4-62a1b493481d","name":"TNLP011841 - Singel 76, Amsterdam","address":"76 Singel","city":"Amsterdam","operatorName":"TotalEnergies","maxPowerKw":17,"isMegawatt":false,"status":"CHARGING","source":"ndw"}},{"type":"Feature","geometry":{"type":"Point","coordinates":[4.87576,52.33267]},"properties":{"type":"charge","layer":"passenger","locationId":"5c4aa153-6339-4f3d-9acf-b3a1d78cd18e","name":"TNLP010994 - Willem van Weldammelaan 5, Amsterdam","address":"5 Willem van Weldammelaan","city":"Amsterdam","operatorName":"TotalEnergies","maxPowerKw":17,"isMegawatt":false,"status":"AVAILABLE","source":"ndw"}},{"type":"Feature","geometry":{"type":"Point","coordinates":[4.9141102,52.3354302]},"properties":{"type":"charge","layer":"passenger","locationId":"42262","name":"Mercure Hotel Amsterdam City (PowerGo)","address":"Joan Muyskensweg 10","city":"Amsterdam","operatorName":"PowerGo","maxPowerKw":22,"isMegawatt":false,"status":"AVAILABLE","source":"ndw","priceKwh":0.68}},{"type":"Feature","geometry":{"type":"Point","coordinates":[4.8201,52.34554]},"properties":{"type":"charge","layer":"passenger","locationId":"68164701-833d-487e-98cb-8dc484b5437e","name":"TNLP010434 - Borgloonstraat 20, Amsterdam","address":"20 Borgloonstraat","city":"Amsterdam","operatorName":"TotalEnergies","maxPowerKw":17,"isMegawatt":false,"status":"AVAILABLE","source":"ndw"}},{"type":"Feature","geometry":{"type":"Point","coordinates":[4.915042,52.39734]},"properties":{"type":"charge","layer":"passenger","locationId":"1890fd42-aaf0-40c9-99ed-5337c98bc660","name":"TNLP010483 - Sneeuwbalstraat 15, Amsterdam","address":"15 Sneeuwbalstraat","city":"Amsterdam","operatorName":"TotalEnergies","maxPowerKw":17,"isMegawatt":false,"status":"CHARGING","source":"ndw"}},{"type":"Feature","geometry":{"type":"Point","coordinates":[4.861733,52.369526]},"properties":{"type":"charge","layer":"passenger","locationId":"2a91a413-349d-4eba-a772-3f636e6def0d","name":"TNLP010934 - Chasséstraat 60, Amsterdam","address":"60 Chasséstraat","city":"Amsterdam","operatorName":"TotalEnergies","maxPowerKw":17,"isMegawatt":false,"status":"UNAVAILABLE","source":"ndw"}},{"type":"Feature","geometry":{"type":"Point","coordinates":[4.965944,52.321064]},"properties":{"type":"charge","layer":"passenger","locationId":"30ed8f11-97b7-418a-a8a5-7ce2dd26f816","name":"TNLP010876 - Nilda Pintostraat 8, Amsterdam","address":"8 Nilda Pintostraat","city":"Amsterdam","operatorName":"TotalEnergies","maxPowerKw":17,"isMegawatt":false,"status":"AVAILABLE","source":"ndw"}},{"type":"Feature","geometry":{"type":"Point","coordinates":[4.815921,52.353985]},"properties":{"type":"charge","layer":"passenger","locationId":"f9cd6fa0-7c5e-42a0-8ac4-c76cbd191998","name":"TNLP010278 - Dirk Wittehof 1, Amsterdam","address":"1 Dirk Wittehof","city":"Amsterdam","operatorName":"TotalEnergies","maxPowerKw":17,"isMegawatt":false,"status":"AVAILABLE","source":"ndw"}},{"type":"Feature","geometry":{"type":"Point","coordinates":[4.964462,52.295036]},"properties":{"type":"charge","layer":"passenger","locationId":"4fdc3b3d-2edc-4e0e-8f92-5654dd08b752","name":"TNLP011100 - Ophemerthof 162, Amsterdam","address":"162 Ophemerthof","city":"Amsterdam","operatorName":"TotalEnergies","maxPowerKw":17,"isMegawatt":false,"status":"AVAILABLE","source":"ndw"}},{"type":"Feature","geometry":{"type":"Point","coordinates":[4.923797,52.35554]},"properties":{"type":"charge","layer":"passenger","locationId":"c80a96cb-d9ac-4c74-9ec0-b770160ebb50","name":"TNLP010078 - Steve Bikoplein 7, Amsterdam","address":"7 Steve Bikoplein","city":"Amsterdam","operatorName":"TotalEnergies","maxPowerKw":17,"isMegawatt":false,"status":"AVAILABLE","source":"ndw"}},{"type":"Feature","geometry":{"type":"Point","coordinates":[5.021942,52.307932]},"properties":{"type":"charge","layer":"passenger","locationId":"69046deaadb819d5e9e03804","name":"JUMO Nederland B.V.","address":"Rijnkade 18","city":"Weesp","operatorName":"E-Flux by Road","maxPowerKw":22,"isMegawatt":false,"status":"AVAILABLE","source":"ndw","priceKwh":0.38}},{"type":"Feature","geometry":{"type":"Point","coordinates":[4.878564,52.411277]},"properties":{"type":"charge","layer":"passenger","locationId":"3705358","name":"Laadnet Vista Norte B.V.","address":"Tt. Vasumweg 170","city":"Amsterdam","operatorName":"Laadnet","maxPowerKw":22,"isMegawatt":false,"status":"AVAILABLE","source":"ndw"}},{"type":"Feature","geometry":{"type":"Point","coordinates":[4.871346,52.399734]},"properties":{"type":"charge","layer":"passenger","locationId":"4248188","name":"Laadnet Rijnboutt","address":"Moermanskkade 317","city":"Amsterdam","operatorName":"Laadnet","maxPowerKw":22,"isMegawatt":false,"status":"UNAVAILABLE","source":"ndw"}},{"type":"Feature","geometry":{"type":"Point","coordinates":[4.853503,52.39279]},"properties":{"type":"charge","layer":"passenger","locationId":"d699a200-73e8-4e73-ad76-5199115aa176","name":"TNLP010856 - Elektronstraat 12, Amsterdam","address":"12 Elektronstraat","city":"Amsterdam","operatorName":"TotalEnergies","maxPowerKw":17,"isMegawatt":false,"status":"AVAILABLE","source":"ndw"}},{"type":"Feature","geometry":{"type":"Point","coordinates":[4.78393,52.394874]},"properties":{"type":"charge","layer":"passenger","locationId":"4350730","name":"Laadnet Karhof Carr. Amsterdam BV","address":"Scharenburg 14b","city":"Amsterdam","operatorName":"Laadnet","maxPowerKw":22,"isMegawatt":false,"status":"UNAVAILABLE","source":"ndw"}},{"type":"Feature","geometry":{"type":"Point","coordinates":[4.873105,52.32679]},"properties":{"type":"charge","layer":"passenger","locationId":"2b5dc7cc-dbb6-46c6-b3b3-dddbc051943a","name":"TNLP010513 - Koxhorn 1, Amsterdam","address":"1 Koxhorn","city":"Amsterdam","operatorName":"TotalEnergies","maxPowerKw":17,"isMegawatt":false,"status":"AVAILABLE","source":"ndw"}},{"type":"Feature","geometry":{"type":"Point","coordinates":[4.798196,52.352226]},"properties":{"type":"charge","layer":"passenger","locationId":"4d41350a-0f8c-4496-9056-517218b736fc","name":"Laadplein - TNLP010219 - Willem Heselaarsstraat 22, Amsterdam","address":"22 Willem Heselaarsstraat","city":"Amsterdam","operatorName":"TotalEnergies","maxPowerKw":17,"isMegawatt":false,"status":"AVAILABLE","source":"ndw"}},{"type":"Feature","geometry":{"type":"Point","coordinates":[4.881598,52.38849]},"properties":{"type":"charge","layer":"passenger","locationId":"59061a54-7fec-40c8-ab23-5b6f6cce58c8","name":"TNLP010553 - Martin Vlaarkade 123, Amsterdam","address":"123 Martin Vlaarkade","city":"Amsterdam","operatorName":"TotalEnergies","maxPowerKw":17,"isMegawatt":false,"status":"AVAILABLE","source":"ndw"}},{"type":"Feature","geometry":{"type":"Point","coordinates":[4.902279,52.383745]},"properties":{"type":"charge","layer":"passenger","locationId":"91193655","name":"EQUANS Eye Filmmuseum","address":"Ijpromenade 1","city":"Amsterdam","operatorName":"EQUANS","maxPowerKw":11,"isMegawatt":false,"status":"AVAILABLE","source":"ndw"}},{"type":"Feature","geometry":{"type":"Point","coordinates":[4.946112,52.318672]},"properties":{"type":"charge","layer":"passenger","locationId":"218f12ec-f224-4572-8f20-06cdebf3f567","name":"TNLP010544 - Barbusselaan 407, Amsterdam","address":"407 Barbusselaan","city":"Amsterdam","operatorName":"TotalEnergies","maxPowerKw":17,"isMegawatt":false,"status":"AVAILABLE","source":"ndw"}},{"type":"Feature","geometry":{"type":"Point","coordinates":[4.974392,52.29794]},"properties":{"type":"charge","layer":"passenger","locationId":"6407e31b-c3cd-4522-a378-b02c36f8096e","name":"TNLP011054 - Remmerdenplein 43, Amsterdam","address":"43 Remmerdenplein","city":"Amsterdam","operatorName":"TotalEnergies","maxPowerKw":17,"isMegawatt":false,"status":"CHARGING","source":"ndw"}},{"type":"Feature","geometry":{"type":"Point","coordinates":[4.900201,52.36246]},"properties":{"type":"charge","layer":"passenger","locationId":"24818fb7-ad4f-4b5e-9004-dd6e5747650c","name":"TNLP010554 - Prinsengracht 1091, Amsterdam","address":"1091 Prinsengracht","city":"Amsterdam","operatorName":"TotalEnergies","maxPowerKw":17,"isMegawatt":false,"status":"CHARGING","source":"ndw"}},{"type":"Feature","geometry":{"type":"Point","coordinates":[4.871512,52.354248]},"properties":{"type":"charge","layer":"passenger","locationId":"28c54102-e021-45dc-b51b-e1012a1dbd33","name":"TNLP010309 - Johannes Verhulststraat 107, Amsterdam","address":"107 Johannes Verhulststraat","city":"Amsterdam","operatorName":"TotalEnergies","maxPowerKw":17,"isMegawatt":false,"status":"CHARGING","source":"ndw"}},{"type":"Feature","geometry":{"type":"Point","coordinates":[4.936529,52.303326]},"properties":{"type":"charge","layer":"passenger","locationId":"301730C3-CBA8-46EE-A64F-D15C8CE2E052","name":"Eneco eMobility A-Point - Klokkenbergweg 11 - Amsterdam","address":"Klokkenbergweg 11","city":"Amsterdam","operatorName":"Eneco","maxPowerKw":22,"isMegawatt":false,"status":"AVAILABLE","source":"ndw","priceKwh":0.32}},{"type":"Feature","geometry":{"type":"Point","coordinates":[4.847241,52.352894]},"properties":{"type":"charge","layer":"passenger","locationId":"644b8b69-95ed-4f65-84fd-14cc13314e1a","name":"TNLP010243 - Bennebroekstraat 32, Amsterdam","address":"32 Bennebroekstraat","city":"Amsterdam","operatorName":"TotalEnergies","maxPowerKw":17,"isMegawatt":false,"status":"AVAILABLE","source":"ndw"}},{"type":"Feature","geometry":{"type":"Point","coordinates":[4.903278,52.356228]},"properties":{"type":"charge","layer":"passenger","locationId":"6bfaa093-fd79-4b2f-86b8-c11af79df131","name":"TNLP010383 - Tweede Jan van der Heijdenstraat 72, Amsterdam","address":"72 Tweede Jan van der Heijdenstraat","city":"Amsterdam","operatorName":"TotalEnergies","maxPowerKw":17,"isMegawatt":false,"status":"AVAILABLE","source":"ndw"}},{"type":"Feature","geometry":{"type":"Point","coordinates":[4.845916,52.380096]},"properties":{"type":"charge","layer":"passenger","locationId":"90e70ad9-47ad-480c-8586-a6f066b21533","name":"TNLP011007 - Jephtastraat 32, Amsterdam","address":"32 Jephtastraat","city":"Amsterdam","operatorName":"TotalEnergies","maxPowerKw":17,"isMegawatt":false,"status":"AVAILABLE","source":"ndw"}},{"type":"Feature","geometry":{"type":"Point","coordinates":[4.86202,52.34826]},"properties":{"type":"charge","layer":"passenger","locationId":"6c02084a-d134-4e73-961e-f8fcb4276336","name":"TNLP011001 - Olympiaweg 48, Amsterdam","address":"48 Olympiaweg","city":"Amsterdam","operatorName":"TotalEnergies","maxPowerKw":17,"isMegawatt":false,"status":"CHARGING","source":"ndw"}},{"type":"Feature","geometry":{"type":"Point","coordinates":[4.85265,52.37814]},"properties":{"type":"charge","layer":"passenger","locationId":"d8d321ab-ad37-423a-ae3f-475a8ff8bd06","name":"TNLP011201 - Egidiusstraat 10, Amsterdam","address":"10 Egidiusstraat","city":"Amsterdam","operatorName":"TotalEnergies","maxPowerKw":17,"isMegawatt":false,"status":"UNAVAILABLE","source":"ndw"}},{"type":"Feature","geometry":{"type":"Point","coordinates":[4.886565,52.345924]},"properties":{"type":"charge","layer":"passenger","locationId":"0530522c-22e4-401b-a589-8e212fc463ea","name":"TNLP011425 - Haringvlietstraat 16, Amsterdam","address":"16 Haringvlietstraat","city":"Amsterdam","operatorName":"TotalEnergies","maxPowerKw":17,"isMegawatt":false,"status":"CHARGING","source":"ndw"}},{"type":"Feature","geometry":{"type":"Point","coordinates":[4.86336,52.360203]},"properties":{"type":"charge","layer":"passenger","locationId":"3c80f06a-9287-4c03-beda-a988f2e909b5","name":"TNLP010844 - Staringstraat 46, Amsterdam","address":"46 Staringstraat","city":"Amsterdam","operatorName":"TotalEnergies","maxPowerKw":17,"isMegawatt":false,"status":"AVAILABLE","source":"ndw"}},{"type":"Feature","geometry":{"type":"Point","coordinates":[4.915178,52.369434]},"properties":{"type":"charge","layer":"passenger","locationId":"6fa85525-80d2-4c0f-a77f-288181ace204","name":"TNLP010898 - Hoogte Kadijk 86, Amsterdam","address":"86 Hoogte Kadijk","city":"Amsterdam","operatorName":"TotalEnergies","maxPowerKw":17,"isMegawatt":false,"status":"UNAVAILABLE","source":"ndw"}},{"type":"Feature","geometry":{"type":"Point","coordinates":[4.851645,52.384712]},"properties":{"type":"charge","layer":"passenger","locationId":"8a0d7dbc-2e15-46db-b6f9-6daad2e0f247","name":"TNLP010823 - Van Gentstraat 62, Amsterdam","address":"62 Van Gentstraat","city":"Amsterdam","operatorName":"TotalEnergies","maxPowerKw":17,"isMegawatt":false,"status":"AVAILABLE","source":"ndw"}},{"type":"Feature","geometry":{"type":"Point","coordinates":[4.920958,52.404666]},"properties":{"type":"charge","layer":"passenger","locationId":"666187ff72acb4001c3f1930","name":"Stichting BovenIJ bezoekerslocatie","address":"Statenjachtstraat 1","city":"Amsterdam","operatorName":"Pluq","maxPowerKw":22,"isMegawatt":false,"status":"AVAILABLE","source":"ndw","priceKwh":0.4}},{"type":"Feature","geometry":{"type":"Point","coordinates":[4.80733,52.345375]},"properties":{"type":"charge","layer":"passenger","locationId":"413091fa-a2eb-4810-b113-61155fcdd312","name":"TNLP010272 - Kempenlaan 22, Amsterdam","address":"22 Kempenlaan","city":"Amsterdam","operatorName":"TotalEnergies","maxPowerKw":17,"isMegawatt":false,"status":"AVAILABLE","source":"ndw"}},{"type":"Feature","geometry":{"type":"Point","coordinates":[4.851611,52.35347]},"properties":{"type":"charge","layer":"passenger","locationId":"7ef77214-e552-455c-8aea-f11a017eaea2","name":"TNLP011181 - Weissenbruchstraat 1, Amsterdam","address":"1 Weissenbruchstraat","city":"Amsterdam","operatorName":"TotalEnergies","maxPowerKw":17,"isMegawatt":false,"status":"AVAILABLE","source":"ndw"}},{"type":"Feature","geometry":{"type":"Point","coordinates":[4.822581,52.354156]},"properties":{"type":"charge","layer":"passenger","locationId":"3ad3ae87-bd0f-4586-9c12-739371bddc20","name":"TNLP010608 - Louis Bouwmeesterstraat 50, Amsterdam","address":"50 Louis Bouwmeesterstraat","city":"Amsterdam","operatorName":"TotalEnergies","maxPowerKw":17,"isMegawatt":false,"status":"AVAILABLE","source":"ndw"}},{"type":"Feature","geometry":{"type":"Point","coordinates":[4.868243,52.36375]},"properties":{"type":"charge","layer":"passenger","locationId":"d786446f-5bc7-4da2-8fc7-98af7c13e943","name":"TNLP011176 - Arie Biemondstraat 103, Amsterdam","address":"103 Arie Biemondstraat","city":"Amsterdam","operatorName":"TotalEnergies","maxPowerKw":17,"isMegawatt":false,"status":"AVAILABLE","source":"ndw"}},{"type":"Feature","geometry":{"type":"Point","coordinates":[4.828583,52.350018]},"properties":{"type":"charge","layer":"passenger","locationId":"ddc21bab-41d9-4c30-b64c-fb62344ffa26","name":"TNLP011820 - Wilhelmina Druckerstraat 27, Amsterdam","address":"27 Wilhelmina Druckerstraat","city":"Amsterdam","operatorName":"TotalEnergies","maxPowerKw":17,"isMegawatt":false,"status":"CHARGING","source":"ndw"}},{"type":"Feature","geometry":{"type":"Point","coordinates":[4.894679,52.34517]},"properties":{"type":"charge","layer":"passenger","locationId":"6a678bab-c648-4778-98a1-537cb76c4f31","name":"TNLP010473 - Geulstraat 4, Amsterdam","address":"4 Geulstraat","city":"Amsterdam","operatorName":"TotalEnergies","maxPowerKw":17,"isMegawatt":false,"status":"CHARGING","source":"ndw"}},{"type":"Feature","geometry":{"type":"Point","coordinates":[4.900261,52.386505]},"properties":{"type":"charge","layer":"passenger","locationId":"9bb2fca1-c9ba-4953-bb16-8dd1119cd36f","name":"TNLP010135 - Spadinalaan 30, Amsterdam","address":"30 Spadinalaan","city":"Amsterdam","operatorName":"TotalEnergies","maxPowerKw":17,"isMegawatt":false,"status":"AVAILABLE","source":"ndw"}},{"type":"Feature","geometry":{"type":"Point","coordinates":[4.861806,52.374836]},"properties":{"type":"charge","layer":"passenger","locationId":"8dbcd5af-ca54-4c1d-b0bf-ca30160cdba5","name":"TNLP010471 - Reinier Claeszenstraat 118, Amsterdam","address":"118 Reinier Claeszenstraat","city":"Amsterdam","operatorName":"TotalEnergies","maxPowerKw":17,"isMegawatt":false,"status":"AVAILABLE","source":"ndw"}},{"type":"Feature","geometry":{"type":"Point","coordinates":[4.933604,52.365364]},"properties":{"type":"charge","layer":"passenger","locationId":"ae7a4981-d6cd-419b-9d50-4ee70126927b","name":"TNLP010056 - Delistraat 46, Amsterdam","address":"46 Delistraat","city":"Amsterdam","operatorName":"TotalEnergies","maxPowerKw":17,"isMegawatt":false,"status":"AVAILABLE","source":"ndw"}},{"type":"Feature","geometry":{"type":"Point","coordinates":[4.968419,52.3127]},"properties":{"type":"charge","layer":"passenger","locationId":"9625df2f-c64c-4dd1-bd4f-29e63d3c896f","name":"TNLP011409 - Gooise Kant 163, Amsterdam","address":"163 Gooise Kant","city":"Amsterdam","operatorName":"TotalEnergies","maxPowerKw":17,"isMegawatt":false,"status":"AVAILABLE","source":"ndw"}},{"type":"Feature","geometry":{"type":"Point","coordinates":[4.966604,52.374035]},"properties":{"type":"charge","layer":"passenger","locationId":"b4363ab6-5e48-4453-bdb9-6ae4d97d98fa","name":"TNLP010346 - Faas Wilkesstraat 123a, Amsterdam","address":"123a Faas Wilkesstraat","city":"Amsterdam","operatorName":"TotalEnergies","maxPowerKw":17,"isMegawatt":false,"status":"CHARGING","source":"ndw"}},{"type":"Feature","geometry":{"type":"Point","coordinates":[4.849898,52.368412]},"properties":{"type":"charge","layer":"passenger","locationId":"3f140752-23fc-48b4-a7f0-a97dc88268fc","name":"TNLP010391 - Orteliusstraat 149, Amsterdam","address":"149 Orteliusstraat","city":"Amsterdam","operatorName":"TotalEnergies","maxPowerKw":17,"isMegawatt":false,"status":"AVAILABLE","source":"ndw"}},{"type":"Feature","geometry":{"type":"Point","coordinates":[4.909199,52.34819]},"properties":{"type":"charge","layer":"passenger","locationId":"fa3a206b-f70b-43c4-a746-2eb361394750","name":"TNLP010769 - Holendrechtstraat 40, Amsterdam","address":"40 Holendrechtstraat","city":"Amsterdam","operatorName":"TotalEnergies","maxPowerKw":17,"isMegawatt":false,"status":"AVAILABLE","source":"ndw"}},{"type":"Feature","geometry":{"type":"Point","coordinates":[4.802071,52.355137]},"properties":{"type":"charge","layer":"passenger","locationId":"eb338a1f-3218-4ad8-8c67-e9f5b8793833","name":"TNLP010276 - Vertrouwen 12, Amsterdam","address":"12 Vertrouwen","city":"Amsterdam","operatorName":"TotalEnergies","maxPowerKw":17,"isMegawatt":false,"status":"AVAILABLE","source":"ndw"}},{"type":"Feature","geometry":{"type":"Point","coordinates":[4.79693,52.357204]},"properties":{"type":"charge","layer":"passenger","locationId":"5e4c7174-24eb-4ea3-86e0-9e329009fcdf","name":"TNLP010176 - Evertsweertstraat 2, Amsterdam","address":"2 Evertsweertstraat","city":"Amsterdam","operatorName":"TotalEnergies","maxPowerKw":17,"isMegawatt":false,"status":"AVAILABLE","source":"ndw"}},{"type":"Feature","geometry":{"type":"Point","coordinates":[4.908811,52.356533]},"properties":{"type":"charge","layer":"passenger","locationId":"b74ef8b9-88dd-4a65-8dca-9e96a07776e1","name":"TNLP010547 - Blasiusstraat 35, Amsterdam","address":"35 Blasiusstraat","city":"Amsterdam","operatorName":"TotalEnergies","maxPowerKw":17,"isMegawatt":false,"status":"AVAILABLE","source":"ndw"}},{"type":"Feature","geometry":{"type":"Point","coordinates":[5.04,52.30198]},"properties":{"type":"charge","layer":"passenger","locationId":"ddbef51b-806c-4ae6-8c88-3c5ab25ef8e1","name":"TNLP011362 - De Vennen 22, Weesp","address":"22 De Vennen","city":"Weesp","operatorName":"TotalEnergies","maxPowerKw":17,"isMegawatt":false,"status":"AVAILABLE","source":"ndw"}},{"type":"Feature","geometry":{"type":"Point","coordinates":[4.858794,52.35156]},"properties":{"type":"charge","layer":"passenger","locationId":"cdbadf39-216a-4992-807a-dad82fbc95aa","name":"TNLP010015 - Valeriusstraat 266, Amsterdam","address":"266 Valeriusstraat","city":"Amsterdam","operatorName":"TotalEnergies","maxPowerKw":17,"isMegawatt":false,"status":"AVAILABLE","source":"ndw"}},{"type":"Feature","geometry":{"type":"Point","coordinates":[4.8054,52.37318]},"properties":{"type":"charge","layer":"passenger","locationId":"293bdf61-9d5a-4bdb-bf91-8e72a56e6037","name":"TNLP011453 - Jacob Tilstraat 8, Amsterdam","address":"8 Jacob Tilstraat","city":"Amsterdam","operatorName":"TotalEnergies","maxPowerKw":17,"isMegawatt":false,"status":"CHARGING","source":"ndw"}},{"type":"Feature","geometry":{"type":"Point","coordinates":[4.87865,52.354218]},"properties":{"type":"charge","layer":"passenger","locationId":"c9a5ff15-38e5-4c6c-991d-af5fb02b1930","name":"TNLP010285 - Nicolaas Maesstraat 109, Amsterdam","address":"109 Nicolaas Maesstraat","city":"Amsterdam","operatorName":"TotalEnergies","maxPowerKw":17,"isMegawatt":false,"status":"AVAILABLE","source":"ndw"}},{"type":"Feature","geometry":{"type":"Point","coordinates":[5.044968,52.31109]},"properties":{"type":"charge","layer":"passenger","locationId":"54635486-6894-4ba4-afb4-f1ea395189ac","name":"TNLP011705 - Stationsplein 5, Weesp","address":"5 Stationsplein","city":"Weesp","operatorName":"TotalEnergies","maxPowerKw":17,"isMegawatt":false,"status":"AVAILABLE","source":"ndw"}},{"type":"Feature","geometry":{"type":"Point","coordinates":[4.870862,52.38111]},"properties":{"type":"charge","layer":"passenger","locationId":"NLLOC026447","name":"NLD, Amsterdam, Van Beuningenplein 17","address":"Van Beuningenplein 17","city":"Amsterdam","operatorName":"Allego","maxPowerKw":22,"isMegawatt":false,"status":"AVAILABLE","source":"ndw","priceKwh":0.495}},{"type":"Feature","geometry":{"type":"Point","coordinates":[4.933652,52.365597]},"properties":{"type":"charge","layer":"passenger","locationId":"adf8f0a4-d624-4343-ad12-0c006a5dd30a","name":"TNLP010161 - Borneostraat 1, Amsterdam","address":"1 Borneostraat","city":"Amsterdam","operatorName":"TotalEnergies","maxPowerKw":17,"isMegawatt":false,"status":"AVAILABLE","source":"ndw"}},{"type":"Feature","geometry":{"type":"Point","coordinates":[4.880843,52.348686]},"properties":{"type":"charge","layer":"passenger","locationId":"35f05995-5ed9-43f3-9076-2ca12a2c12c1","name":"TNLP011112 - Händelstraat 21, Amsterdam","address":"21 Händelstraat","city":"Amsterdam","operatorName":"TotalEnergies","maxPowerKw":17,"isMegawatt":false,"status":"CHARGING","source":"ndw"}},{"type":"Feature","geometry":{"type":"Point","coordinates":[4.946645,52.297032]},"properties":{"type":"charge","layer":"passenger","locationId":"64ba2642c1201a001cee707d","name":"Praxis Amsterdam Zuid Oost","address":"Stekkenbergweg 1","city":"Amsterdam","operatorName":"Alva Charging Services","maxPowerKw":75,"isMegawatt":false,"status":"AVAILABLE","source":"ndw","priceKwh":0.668}},{"type":"Feature","geometry":{"type":"Point","coordinates":[4.890718,52.34635]},"properties":{"type":"charge","layer":"passenger","locationId":"78e2e956-d796-4d54-b89c-59a1a83d0605","name":"TNLP010931 - Deurloostraat 45, Amsterdam","address":"45 Deurloostraat","city":"Amsterdam","operatorName":"TotalEnergies","maxPowerKw":17,"isMegawatt":false,"status":"CHARGING","source":"ndw"}},{"type":"Feature","geometry":{"type":"Point","coordinates":[4.915177,52.332752]},"properties":{"type":"charge","layer":"passenger","locationId":"39437C89-7126-4CD8-9E96-E5FC57B524BB","name":"Eneco eMobility Joan Muyskenweg 22 Amsterdam","address":"Joan Muyskenweg 22","city":"Amsterdam","operatorName":"Eneco","maxPowerKw":22,"isMegawatt":false,"status":"UNAVAILABLE","source":"ndw","priceKwh":0.32}},{"type":"Feature","geometry":{"type":"Point","coordinates":[5.043511,52.301777]},"properties":{"type":"charge","layer":"passenger","locationId":"98378be7-ec83-46fe-a66e-72a53a47bcb5","name":"TNLP011338 - De Kleine Weer 17, Weesp","address":"17 De Kleine Weer","city":"Weesp","operatorName":"TotalEnergies","maxPowerKw":17,"isMegawatt":false,"status":"AVAILABLE","source":"ndw"}},{"type":"Feature","geometry":{"type":"Point","coordinates":[4.88881,52.36991]},"properties":{"type":"charge","layer":"passenger","locationId":"E2A1871E-2DE9-453F-BC3B-4EA6A09D955D","name":"Eneco eMobility Hotel NH City Centre Amsterdam","address":"Spuistraat 288-292","city":"Amsterdam","operatorName":"Eneco","maxPowerKw":22,"isMegawatt":false,"status":"AVAILABLE","source":"ndw","priceKwh":0.45}},{"type":"Feature","geometry":{"type":"Point","coordinates":[4.876781,52.399258]},"properties":{"type":"charge","layer":"passenger","locationId":"OST20P0044_0002_0","name":"OST20P0044_0002_0","address":"Danzigerkade 15","city":"Amsterdam","operatorName":"e-VOLTT","maxPowerKw":21,"isMegawatt":false,"status":"AVAILABLE","source":"ndw","priceKwh":0.32}},{"type":"Feature","geometry":{"type":"Point","coordinates":[4.989868,52.297092]},"properties":{"type":"charge","layer":"passenger","locationId":"d4c651a5-b654-418f-bedf-f8778d3f3f43","name":"TNLP010512 - Siebren van der Baanhof 36, Amsterdam","address":"36 Siebren van der Baanhof","city":"Amsterdam","operatorName":"TotalEnergies","maxPowerKw":17,"isMegawatt":false,"status":"AVAILABLE","source":"ndw"}},{"type":"Feature","geometry":{"type":"Point","coordinates":[4.94301,52.39115]},"properties":{"type":"charge","layer":"passenger","locationId":"d14c11b6-d8db-42d9-b67e-af6f1c451819","name":"TNLP011363 - Purmerplein 2, Amsterdam","address":"2 Purmerplein","city":"Amsterdam","operatorName":"TotalEnergies","maxPowerKw":17,"isMegawatt":false,"status":"AVAILABLE","source":"ndw"}},{"type":"Feature","geometry":{"type":"Point","coordinates":[4.940983,52.33948]},"properties":{"type":"charge","layer":"passenger","locationId":"220a6115-9666-41cd-a329-7302eb505628","name":"TNLP010912 - Graanstraat 49, Amsterdam","address":"49 Graanstraat","city":"Amsterdam","operatorName":"TotalEnergies","maxPowerKw":17,"isMegawatt":false,"status":"AVAILABLE","source":"ndw"}},{"type":"Feature","geometry":{"type":"Point","coordinates":[4.857097,52.360134]},"properties":{"type":"charge","layer":"passenger","locationId":"8fd04630-9832-4fc9-80f2-de3780bd3651","name":"TNLP011096 - Derde Kostverlorenkade 18, Amsterdam","address":"18 Derde Kostverlorenkade","city":"Amsterdam","operatorName":"TotalEnergies","maxPowerKw":17,"isMegawatt":false,"status":"CHARGING","source":"ndw"}},{"type":"Feature","geometry":{"type":"Point","coordinates":[4.852572,52.408338]},"properties":{"type":"charge","layer":"passenger","locationId":"C6BCD023-0BF4-4931-9CAD-7042599E25B0","name":"Eneco eMobility KWS Infra Riebeeckhavenweg","address":"Jan van Riebeeckhavenweg 5-7","city":"Amsterdam","operatorName":"Eneco","maxPowerKw":22,"isMegawatt":false,"status":"AVAILABLE","source":"ndw","priceKwh":0.33}},{"type":"Feature","geometry":{"type":"Point","coordinates":[4.8766,52.399707]},"properties":{"type":"charge","layer":"passenger","locationId":"C8CF8053-3C56-4528-89DF-316C59808C5C","name":"Eneco eMobility Cocon Vastgoed Management B.V. - Amsterdam","address":"Danzigerkade 17","city":"Amsterdam","operatorName":"Eneco","maxPowerKw":11,"isMegawatt":false,"status":"AVAILABLE","source":"ndw","priceKwh":0.25}},{"type":"Feature","geometry":{"type":"Point","coordinates":[4.8744,52.346725]},"properties":{"type":"charge","layer":"passenger","locationId":"53425c4b-bc84-4b10-94c1-b92ff5c6f74b","name":"TNLP010045 - Stadionweg 71, Amsterdam","address":"71 Stadionweg","city":"Amsterdam","operatorName":"TotalEnergies","maxPowerKw":17,"isMegawatt":false,"status":"AVAILABLE","source":"ndw"}},{"type":"Feature","geometry":{"type":"Point","coordinates":[4.90284,52.408546]},"properties":{"type":"charge","layer":"passenger","locationId":"e2aca14e-da94-49bc-a794-a6ad9b527bb7","name":"TNLP011087 - Vijgepeerpad 1, Amsterdam","address":"1 Vijgepeerpad","city":"Amsterdam","operatorName":"TotalEnergies","maxPowerKw":17,"isMegawatt":false,"status":"AVAILABLE","source":"ndw"}},{"type":"Feature","geometry":{"type":"Point","coordinates":[4.872982,52.383938]},"properties":{"type":"charge","layer":"passenger","locationId":"340058b5-1241-47c0-839c-8b95689840ad","name":"TNLP010138 - Cliffordstraat 7, Amsterdam","address":"7 Cliffordstraat","city":"Amsterdam","operatorName":"TotalEnergies","maxPowerKw":17,"isMegawatt":false,"status":"AVAILABLE","source":"ndw"}},{"type":"Feature","geometry":{"type":"Point","coordinates":[4.94,52.3532]},"properties":{"type":"charge","layer":"passenger","locationId":"03558155-dbff-4474-9e88-b8056dfa81c6","name":"TNLP011760 - Radioweg 9, Amsterdam","address":"9 Radioweg","city":"Amsterdam","operatorName":"TotalEnergies","maxPowerKw":17,"isMegawatt":false,"status":"AVAILABLE","source":"ndw"}},{"type":"Feature","geometry":{"type":"Point","coordinates":[4.917488,52.394627]},"properties":{"type":"charge","layer":"passenger","locationId":"110669b6-59fe-43e6-9766-2815657e046e","name":"TNLP010727 - Hortensiastraat 4, Amsterdam","address":"4 Hortensiastraat","city":"Amsterdam","operatorName":"TotalEnergies","maxPowerKw":17,"isMegawatt":false,"status":"AVAILABLE","source":"ndw"}},{"type":"Feature","geometry":{"type":"Point","coordinates":[4.88096,52.35416]},"properties":{"type":"charge","layer":"passenger","locationId":"5801dbd8-e566-4cdb-871d-a21ea8b41fcc","name":"TNLP010004 - Frans van Mierisstraat 71, Amsterdam","address":"71 Frans van Mierisstraat","city":"Amsterdam","operatorName":"TotalEnergies","maxPowerKw":17,"isMegawatt":false,"status":"UNAVAILABLE","source":"ndw"}},{"type":"Feature","geometry":{"type":"Point","coordinates":[4.910749,52.343952]},"properties":{"type":"charge","layer":"passenger","locationId":"5a9f7d2b-8202-4d6c-b342-ecde26c92c68","name":"TNLP010875 - Trompenburgstraat 51, Amsterdam","address":"51 Trompenburgstraat","city":"Amsterdam","operatorName":"TotalEnergies","maxPowerKw":17,"isMegawatt":false,"status":"AVAILABLE","source":"ndw"}},{"type":"Feature","geometry":{"type":"Point","coordinates":[4.961658,52.298153]},"properties":{"type":"charge","layer":"passenger","locationId":"66b6de20-31b8-46bf-be2d-319b6a63ce57","name":"TNLP010491 - Ochtenhof 95, Amsterdam","address":"95 Ochtenhof","city":"Amsterdam","operatorName":"TotalEnergies","maxPowerKw":17,"isMegawatt":false,"status":"CHARGING","source":"ndw"}},{"type":"Feature","geometry":{"type":"Point","coordinates":[5.072279,52.286498]},"properties":{"type":"charge","layer":"passenger","locationId":"4174702","name":"Laadnet Koe-company","address":"Dammerweg 5C","city":"Weesp","operatorName":"Laadnet","maxPowerKw":22,"isMegawatt":false,"status":"AVAILABLE","source":"ndw"}},{"type":"Feature","geometry":{"type":"Point","coordinates":[4.860901,52.349697]},"properties":{"type":"charge","layer":"passenger","locationId":"18fd7fd6-d2e0-4bc0-a81a-df90b492b042","name":"TNLP011295 - Pieter Lastmankade 43, Amsterdam","address":"43 Pieter Lastmankade","city":"Amsterdam","operatorName":"TotalEnergies","maxPowerKw":17,"isMegawatt":false,"status":"CHARGING","source":"ndw"}},{"type":"Feature","geometry":{"type":"Point","coordinates":[5.014126,52.349831]},"properties":{"type":"charge","layer":"passenger","locationId":"NLENV636","name":"Amsterdam, Nydia Ecurystraat 6C","address":"Nydia Ecurystraat 6C","city":"Amsterdam","operatorName":"","maxPowerKw":11,"isMegawatt":false,"status":"AVAILABLE","source":"ndw","priceKwh":0.5}},{"type":"Feature","geometry":{"type":"Point","coordinates":[4.94035,52.349854]},"properties":{"type":"charge","layer":"passenger","locationId":"deb30085-81de-4b6c-b8ab-3649629f34c4","name":"TNLP010813 - Curiestraat 2, Amsterdam","address":"2 Curiestraat","city":"Amsterdam","operatorName":"TotalEnergies","maxPowerKw":17,"isMegawatt":false,"status":"UNAVAILABLE","source":"ndw"}},{"type":"Feature","geometry":{"type":"Point","coordinates":[4.855033,52.37826]},"properties":{"type":"charge","layer":"passenger","locationId":"128aac0b-9b05-4990-863d-ec398f1459f9","name":"TNLP011196 - Ferguutstraat 20, Amsterdam","address":"20 Ferguutstraat","city":"Amsterdam","operatorName":"TotalEnergies","maxPowerKw":17,"isMegawatt":false,"status":"AVAILABLE","source":"ndw"}},{"type":"Feature","geometry":{"type":"Point","coordinates":[4.801918,52.37363]},"properties":{"type":"charge","layer":"passenger","locationId":"027b4170-00e6-46d0-9450-1ed42146f24d","name":"TNLP010940 - Jacob Tilstraat 47, Amsterdam","address":"47 Jacob Tilstraat","city":"Amsterdam","operatorName":"TotalEnergies","maxPowerKw":17,"isMegawatt":false,"status":"AVAILABLE","source":"ndw"}},{"type":"Feature","geometry":{"type":"Point","coordinates":[4.922601,52.369076]},"properties":{"type":"charge","layer":"passenger","locationId":"3a87de25-2eec-49f1-84e8-5ee39d79ab11","name":"Laadplein - TNLP010207 - Oostenburgervoorstraat 2, Amsterdam","address":"2 Oostenburgervoorstraat","city":"Amsterdam","operatorName":"TotalEnergies","maxPowerKw":17,"isMegawatt":false,"status":"AVAILABLE","source":"ndw"}},{"type":"Feature","geometry":{"type":"Point","coordinates":[4.920391,52.373787]},"properties":{"type":"charge","layer":"passenger","locationId":"7411b041-4f34-46dd-bc23-0b13693449da","name":"TNLP011337 - Kattenburgerstraat 198, Amsterdam","address":"198 Kattenburgerstraat","city":"Amsterdam","operatorName":"TotalEnergies","maxPowerKw":17,"isMegawatt":false,"status":"AVAILABLE","source":"ndw"}},{"type":"Feature","geometry":{"type":"Point","coordinates":[4.88242,52.326096]},"properties":{"type":"charge","layer":"passenger","locationId":"70ae87be-13e4-48e1-9940-901056fa04e0","name":"TNLP010162 - Kastelenstraat 73, Amsterdam","address":"73 Kastelenstraat","city":"Amsterdam","operatorName":"TotalEnergies","maxPowerKw":17,"isMegawatt":false,"status":"AVAILABLE","source":"ndw"}},{"type":"Feature","geometry":{"type":"Point","coordinates":[4.829635,52.361843]},"properties":{"type":"charge","layer":"passenger","locationId":"51980546-4493-4388-9841-071f82a6964b","name":"TNLP010630 - Justus Halbertsmastraat 10, Amsterdam","address":"10 Justus Halbertsmastraat","city":"Amsterdam","operatorName":"TotalEnergies","maxPowerKw":17,"isMegawatt":false,"status":"AVAILABLE","source":"ndw"}},{"type":"Feature","geometry":{"type":"Point","coordinates":[4.824593,52.417815]},"properties":{"type":"charge","layer":"passenger","locationId":"64591098da2896001285c8fc","name":"Dukdalf","address":"Dukdalfweg 60","city":"Amsterdam","operatorName":"E-Flux by Road","maxPowerKw":11,"isMegawatt":false,"status":"AVAILABLE","source":"ndw","priceKwh":0.38}},{"type":"Feature","geometry":{"type":"Point","coordinates":[5.035638,52.31908]},"properties":{"type":"charge","layer":"passenger","locationId":"e3331106-280b-46a8-a7a8-122894ab2369","name":"TNLP011533 - Fort Hinderdamstraat 26, Weesp","address":"26 Fort Hinderdamstraat","city":"Weesp","operatorName":"TotalEnergies","maxPowerKw":17,"isMegawatt":false,"status":"AVAILABLE","source":"ndw"}},{"type":"Feature","geometry":{"type":"Point","coordinates":[4.933679,52.35559]},"properties":{"type":"charge","layer":"passenger","locationId":"e0d5398a-962a-4f8e-b3c4-e59137b413e1","name":"TNLP010843 - Hogeweg 47, Amsterdam","address":"47 Hogeweg","city":"Amsterdam","operatorName":"TotalEnergies","maxPowerKw":17,"isMegawatt":false,"status":"AVAILABLE","source":"ndw"}},{"type":"Feature","geometry":{"type":"Point","coordinates":[4.873971,52.32394]},"properties":{"type":"charge","layer":"passenger","locationId":"0d280500-5e91-4aa2-8308-3fe02d06b912","name":"TNLP011193 - Walborg 2, Amsterdam","address":"2 Walborg","city":"Amsterdam","operatorName":"TotalEnergies","maxPowerKw":17,"isMegawatt":false,"status":"AVAILABLE","source":"ndw"}},{"type":"Feature","geometry":{"type":"Point","coordinates":[4.831236,52.353966]},"properties":{"type":"charge","layer":"passenger","locationId":"fb95236c-8f8b-44fd-94d4-9ca8565bae9f","name":"TNLP010872 - Theodorus Majofskistraat 21, Amsterdam","address":"21 Theodorus Majofskistraat","city":"Amsterdam","operatorName":"TotalEnergies","maxPowerKw":17,"isMegawatt":false,"status":"AVAILABLE","source":"ndw"}},{"type":"Feature","geometry":{"type":"Point","coordinates":[4.902742,52.371235]},"properties":{"type":"charge","layer":"passenger","locationId":"aa4df47d-d1dc-4aea-ba3c-ffa815d9b221","name":"TNLP010801 - Korte Keizersstraat 10, Amsterdam","address":"10 Korte Keizersstraat","city":"Amsterdam","operatorName":"TotalEnergies","maxPowerKw":17,"isMegawatt":false,"status":"CHARGING","source":"ndw"}},{"type":"Feature","geometry":{"type":"Point","coordinates":[4.923843,52.363274]},"properties":{"type":"charge","layer":"passenger","locationId":"b1f3d781-ba96-4c0d-8830-1e88fc98cc89","name":"TNLP010118 - Commelinstraat 1, Amsterdam","address":"1 Commelinstraat","city":"Amsterdam","operatorName":"TotalEnergies","maxPowerKw":17,"isMegawatt":false,"status":"UNAVAILABLE","source":"ndw"}},{"type":"Feature","geometry":{"type":"Point","coordinates":[4.86908,52.35372]},"properties":{"type":"charge","layer":"passenger","locationId":"5f800af1-e054-44f1-b7e7-5bdb1ffc5455","name":"TNLP010797 - Johannes Verhulststraat 156, Amsterdam","address":"156 Johannes Verhulststraat","city":"Amsterdam","operatorName":"TotalEnergies","maxPowerKw":17,"isMegawatt":false,"status":"AVAILABLE","source":"ndw"}},{"type":"Feature","geometry":{"type":"Point","coordinates":[4.922052,52.346558]},"properties":{"type":"charge","layer":"passenger","locationId":"3a65318e-c593-4b99-b1ae-bd26953f3f55","name":"TNLP011428 - Bart de Ligtstraat 64, Amsterdam","address":"64 Bart de Ligtstraat","city":"Amsterdam","operatorName":"TotalEnergies","maxPowerKw":17,"isMegawatt":false,"status":"AVAILABLE","source":"ndw"}},{"type":"Feature","geometry":{"type":"Point","coordinates":[4.83883,52.346118]},"properties":{"type":"charge","layer":"passenger","locationId":"3B38EF4D-7FAF-4712-B7C0-2CC928FE223E","name":"TNLP030014","address":"Overschiestraat 172","city":"Amsterdam","operatorName":"TotalEnergies","maxPowerKw":120,"isMegawatt":false,"status":"AVAILABLE","source":"ndw"}},{"type":"Feature","geometry":{"type":"Point","coordinates":[4.908583,52.369768]},"properties":{"type":"charge","layer":"passenger","locationId":"NLLOC021198","name":"NLD, Amsterdam, Anne Frankstraat 220","address":"Anne Frankstraat 220","city":"Amsterdam","operatorName":"Allego","maxPowerKw":22,"isMegawatt":false,"status":"CHARGING","source":"ndw","priceKwh":0.495}},{"type":"Feature","geometry":{"type":"Point","coordinates":[5.033506,52.319805]},"properties":{"type":"charge","layer":"passenger","locationId":"f9f27919-8e92-4f92-8937-746b7a0b512f","name":"TNLP011414 - Fort Uithoornstraat 15, Weesp","address":"15 Fort Uithoornstraat","city":"Weesp","operatorName":"TotalEnergies","maxPowerKw":17,"isMegawatt":false,"status":"AVAILABLE","source":"ndw"}},{"type":"Feature","geometry":{"type":"Point","coordinates":[4.776893,52.390668]},"properties":{"type":"charge","layer":"passenger","locationId":"647dbd2afe6464001c6745c6","name":"Consolidated Links","address":"Vaalmuiden  6","city":"Amsterdam","operatorName":"E-Flux by Road","maxPowerKw":22,"isMegawatt":false,"status":"AVAILABLE","source":"ndw","priceKwh":0.58}},{"type":"Feature","geometry":{"type":"Point","coordinates":[4.916962,52.357067]},"properties":{"type":"charge","layer":"passenger","locationId":"4600f497-445e-4428-9d30-390ede519bc3","name":"TNLP011063 - Tweede Oosterparkstraat 102, Amsterdam","address":"102 Tweede Oosterparkstraat","city":"Amsterdam","operatorName":"TotalEnergies","maxPowerKw":17,"isMegawatt":false,"status":"CHARGING","source":"ndw"}},{"type":"Feature","geometry":{"type":"Point","coordinates":[4.870853,52.378536]},"properties":{"type":"charge","layer":"passenger","locationId":"0bc50f0b-6b4a-452f-a1b8-ee3054c2f5ed","name":"TNLP010266 - Van Rappardstraat 1, Amsterdam","address":"1 Van Rappardstraat","city":"Amsterdam","operatorName":"TotalEnergies","maxPowerKw":17,"isMegawatt":false,"status":"CHARGING","source":"ndw"}},{"type":"Feature","geometry":{"type":"Point","coordinates":[4.878956,52.38539]},"properties":{"type":"charge","layer":"passenger","locationId":"f6a6e46d-2795-439a-bb79-a2c7257bdfdf","name":"TNLP010328 - Van Beuningenstraat 1, Amsterdam","address":"1 Van Beuningenstraat","city":"Amsterdam","operatorName":"TotalEnergies","maxPowerKw":17,"isMegawatt":false,"status":"AVAILABLE","source":"ndw"}},{"type":"Feature","geometry":{"type":"Point","coordinates":[4.902243,52.383803]},"properties":{"type":"charge","layer":"passenger","locationId":"OST24P0014_0074_0","name":"OST24P0014_0074_0","address":"Overhoeksplein 1","city":"Amsterdam","operatorName":"IPCharging","maxPowerKw":30,"isMegawatt":false,"status":"AVAILABLE","source":"ndw","priceKwh":0.45}},{"type":"Feature","geometry":{"type":"Point","coordinates":[4.907696,52.372402]},"properties":{"type":"charge","layer":"passenger","locationId":"22d52c85-c86a-44e7-8e03-e657f00d0fe7","name":"TNLP011486 - s-Gravenhekje 1, Amsterdam","address":"1 s-Gravenhekje","city":"Amsterdam","operatorName":"TotalEnergies","maxPowerKw":17,"isMegawatt":false,"status":"AVAILABLE","source":"ndw"}},{"type":"Feature","geometry":{"type":"Point","coordinates":[4.876781,52.399258]},"properties":{"type":"charge","layer":"passenger","locationId":"OST20P0044_0003_0","name":"OST20P0044_0003_0","address":"Danzigerkade 15","city":"Amsterdam","operatorName":"e-VOLTT","maxPowerKw":21,"isMegawatt":false,"status":"AVAILABLE","source":"ndw","priceKwh":0.32}},{"type":"Feature","geometry":{"type":"Point","coordinates":[4.876781,52.399258]},"properties":{"type":"charge","layer":"passenger","locationId":"OST20P0044_0003_2","name":"OST20P0044_0003_2","address":"Danzigerkade 15","city":"Amsterdam","operatorName":"e-VOLTT","maxPowerKw":21,"isMegawatt":false,"status":"AVAILABLE","source":"ndw","priceKwh":0.32}},{"type":"Feature","geometry":{"type":"Point","coordinates":[4.8594,52.324326]},"properties":{"type":"charge","layer":"passenger","locationId":"76111de3-e8c2-4435-ac3e-344e4396935c","name":"TNLP010288 - Bolestein 718, Amsterdam","address":"718 Bolestein","city":"Amsterdam","operatorName":"TotalEnergies","maxPowerKw":17,"isMegawatt":false,"status":"CHARGING","source":"ndw"}},{"type":"Feature","geometry":{"type":"Point","coordinates":[4.892689,52.34255]},"properties":{"type":"charge","layer":"passenger","locationId":"920e9bd5-8ee3-4a2c-b24c-992faf45a94f","name":"TNLP011170 - Niersstraat 64, Amsterdam","address":"64 Niersstraat","city":"Amsterdam","operatorName":"TotalEnergies","maxPowerKw":17,"isMegawatt":false,"status":"AVAILABLE","source":"ndw"}},{"type":"Feature","geometry":{"type":"Point","coordinates":[4.840317,52.36561]},"properties":{"type":"charge","layer":"passenger","locationId":"e2272b0a-bb22-4496-be78-f1cb6d726886","name":"TNLP011092 - Derkinderenstraat 77, Amsterdam","address":"77 Derkinderenstraat","city":"Amsterdam","operatorName":"TotalEnergies","maxPowerKw":17,"isMegawatt":false,"status":"AVAILABLE","source":"ndw"}},{"type":"Feature","geometry":{"type":"Point","coordinates":[4.886006,52.377617]},"properties":{"type":"charge","layer":"passenger","locationId":"5ef7d8b8-8f8d-4c97-b5e7-29ae547196b5","name":"TNLP010923 - Prinsengracht 193, Amsterdam","address":"193 Prinsengracht","city":"Amsterdam","operatorName":"TotalEnergies","maxPowerKw":17,"isMegawatt":false,"status":"CHARGING","source":"ndw"}},{"type":"Feature","geometry":{"type":"Point","coordinates":[4.781663,52.351303]},"properties":{"type":"charge","layer":"passenger","locationId":"b553f9cf-da23-4dad-9e0e-ff911e2fafff","name":"TNLP011511 - Ernst Cahnsingel 14, Amsterdam","address":"14 Ernst Cahnsingel","city":"Amsterdam","operatorName":"TotalEnergies","maxPowerKw":17,"isMegawatt":false,"status":"AVAILABLE","source":"ndw"}},{"type":"Feature","geometry":{"type":"Point","coordinates":[4.889257,52.330276]},"properties":{"type":"charge","layer":"passenger","locationId":"be7f9b72-c48a-4f5e-a832-ce8feaa3b2fb","name":"TNLP011502 - Weerdestein 116, Amsterdam","address":"116 Weerdestein","city":"Amsterdam","operatorName":"TotalEnergies","maxPowerKw":17,"isMegawatt":false,"status":"AVAILABLE","source":"ndw"}},{"type":"Feature","geometry":{"type":"Point","coordinates":[4.922439,52.35212]},"properties":{"type":"charge","layer":"passenger","locationId":"8e0cf044-0a6a-40fb-9f8e-1e66d028080c","name":"TNLP010921 - Nobelweg 1, Amsterdam","address":"1 Nobelweg","city":"Amsterdam","operatorName":"TotalEnergies","maxPowerKw":17,"isMegawatt":false,"status":"AVAILABLE","source":"ndw"}},{"type":"Feature","geometry":{"type":"Point","coordinates":[4.874436,52.35452]},"properties":{"type":"charge","layer":"passenger","locationId":"3789e285-5571-4410-83fe-b1a1af666fed","name":"TNLP011085 - Banstraat 30, Amsterdam","address":"30 Banstraat","city":"Amsterdam","operatorName":"TotalEnergies","maxPowerKw":17,"isMegawatt":false,"status":"UNAVAILABLE","source":"ndw"}},{"type":"Feature","geometry":{"type":"Point","coordinates":[4.984025,52.295902]},"properties":{"type":"charge","layer":"passenger","locationId":"9f50d6eb-fece-4c2c-aba2-b3a7093314f9","name":"TNLP010319 - Westbroekstraat 24, Amsterdam","address":"24 Westbroekstraat","city":"Amsterdam","operatorName":"TotalEnergies","maxPowerKw":17,"isMegawatt":false,"status":"AVAILABLE","source":"ndw"}},{"type":"Feature","geometry":{"type":"Point","coordinates":[4.77619,52.38974]},"properties":{"type":"charge","layer":"passenger","locationId":"ALF-0006688","name":"ALF-0006688","address":"Banterij 2","city":"Amsterdam","operatorName":"e-VOLTT","maxPowerKw":38,"isMegawatt":false,"status":"AVAILABLE","source":"ndw","priceKwh":0.4321}},{"type":"Feature","geometry":{"type":"Point","coordinates":[4.863593,52.325333]},"properties":{"type":"charge","layer":"passenger","locationId":"1482e28a-d60c-457f-85e4-5ae48a698482","name":"TNLP010142 - Soetendaal 102, Amsterdam","address":"102 Soetendaal","city":"Amsterdam","operatorName":"TotalEnergies","maxPowerKw":17,"isMegawatt":false,"status":"AVAILABLE","source":"ndw"}},{"type":"Feature","geometry":{"type":"Point","coordinates":[4.911222,52.346367]},"properties":{"type":"charge","layer":"passenger","locationId":"ba218531-9d88-4f6a-be4f-f7ba0266c96a","name":"TNLP011219 - Waverstraat 2, Amsterdam","address":"2 Waverstraat","city":"Amsterdam","operatorName":"TotalEnergies","maxPowerKw":17,"isMegawatt":false,"status":"AVAILABLE","source":"ndw"}},{"type":"Feature","geometry":{"type":"Point","coordinates":[4.906875,52.3409]},"properties":{"type":"charge","layer":"passenger","locationId":"f3d91e27-e3f8-4a3d-a997-5a4d98bff0ba","name":"TNLP010937 - President Kennedylaan 132, Amsterdam","address":"132 President Kennedylaan","city":"Amsterdam","operatorName":"TotalEnergies","maxPowerKw":17,"isMegawatt":false,"status":"AVAILABLE","source":"ndw"}},{"type":"Feature","geometry":{"type":"Point","coordinates":[4.876781,52.399258]},"properties":{"type":"charge","layer":"passenger","locationId":"OST20P0044_0014_1","name":"OST20P0044_0014_1","address":"Danzigerkade 15","city":"Amsterdam","operatorName":"e-VOLTT","maxPowerKw":21,"isMegawatt":false,"status":"AVAILABLE","source":"ndw","priceKwh":0.32}},{"type":"Feature","geometry":{"type":"Point","coordinates":[5.007894,52.351276]},"properties":{"type":"charge","layer":"passenger","locationId":"b8ea0a8b-ee9b-41a1-8f6b-a1ec32c8f02d","name":"TNLP011374 - Ben van Meerendonkstraat 65, Amsterdam","address":"65 Ben van Meerendonkstraat","city":"Amsterdam","operatorName":"TotalEnergies","maxPowerKw":17,"isMegawatt":false,"status":"AVAILABLE","source":"ndw"}},{"type":"Feature","geometry":{"type":"Point","coordinates":[4.88692,52.330395]},"properties":{"type":"charge","layer":"passenger","locationId":"cc59ea2b-8466-446a-abc7-e17d294e71f0","name":"TNLP011877 - Drakenstein 2, Amsterdam","address":"2 Drakenstein","city":"Amsterdam","operatorName":"TotalEnergies","maxPowerKw":17,"isMegawatt":false,"status":"AVAILABLE","source":"ndw"}},{"type":"Feature","geometry":{"type":"Point","coordinates":[4.937566,52.35873]},"properties":{"type":"charge","layer":"passenger","locationId":"587d7f8a-c0f1-48f3-8271-2cb7bfdf2a6a","name":"TNLP011815 - Sumatrastraat 149, Amsterdam","address":"149 Sumatrastraat","city":"Amsterdam","operatorName":"TotalEnergies","maxPowerKw":17,"isMegawatt":false,"status":"AVAILABLE","source":"ndw"}},{"type":"Feature","geometry":{"type":"Point","coordinates":[4.925369,52.386511]},"properties":{"type":"charge","layer":"passenger","locationId":"1504742","name":"Laadnet Isero Amsterdam Hamerkwartier","address":"Johan van Hasseltweg 59","city":"Amsterdam","operatorName":"Laadnet","maxPowerKw":22,"isMegawatt":false,"status":"AVAILABLE","source":"ndw"}},{"type":"Feature","geometry":{"type":"Point","coordinates":[4.846907,52.35084]},"properties":{"type":"charge","layer":"passenger","locationId":"f07d2a57-e702-4188-b8ff-7f8cac1682d6","name":"TNLP010126 - Piet Gijzenbrugstraat 5, Amsterdam","address":"5 Piet Gijzenbrugstraat","city":"Amsterdam","operatorName":"TotalEnergies","maxPowerKw":17,"isMegawatt":false,"status":"CHARGING","source":"ndw"}},{"type":"Feature","geometry":{"type":"Point","coordinates":[4.968804,52.371063]},"properties":{"type":"charge","layer":"passenger","locationId":"82074809-eaa3-4582-921d-b41c30929f14","name":"TNLP010967 - Geertje Wielemaplein 1, Amsterdam","address":"1 Geertje Wielemaplein","city":"Amsterdam","operatorName":"TotalEnergies","maxPowerKw":17,"isMegawatt":false,"status":"AVAILABLE","source":"ndw"}},{"type":"Feature","geometry":{"type":"Point","coordinates":[4.870387,52.325764]},"properties":{"type":"charge","layer":"passenger","locationId":"c47bede7-7c41-4fc7-ac28-b27cfa9db793","name":"TNLP010865 - Kastelenstraat 273, Amsterdam","address":"273 Kastelenstraat","city":"Amsterdam","operatorName":"TotalEnergies","maxPowerKw":17,"isMegawatt":false,"status":"CHARGING","source":"ndw"}},{"type":"Feature","geometry":{"type":"Point","coordinates":[4.879153,52.348347]},"properties":{"type":"charge","layer":"passenger","locationId":"0b5e8d4c-7375-41af-a911-1a3d69a53ce5","name":"TNLP010327 - Brahmsstraat 4, Amsterdam","address":"4 Brahmsstraat","city":"Amsterdam","operatorName":"TotalEnergies","maxPowerKw":17,"isMegawatt":false,"status":"CHARGING","source":"ndw"}},{"type":"Feature","geometry":{"type":"Point","coordinates":[4.846379,52.38355]},"properties":{"type":"charge","layer":"passenger","locationId":"6266b73c-ef9f-4189-b525-d9554b5bd7c2","name":"TNLP010611 - Krelis Louwenstraat 23, Amsterdam","address":"23 Krelis Louwenstraat","city":"Amsterdam","operatorName":"TotalEnergies","maxPowerKw":17,"isMegawatt":false,"status":"AVAILABLE","source":"ndw"}},{"type":"Feature","geometry":{"type":"Point","coordinates":[4.933264,52.355484]},"properties":{"type":"charge","layer":"passenger","locationId":"67fc16bc-db3c-48b4-aba4-7c42391289bc","name":"TNLP011313 - Pythagorasstraat 32, Amsterdam","address":"32 Pythagorasstraat","city":"Amsterdam","operatorName":"TotalEnergies","maxPowerKw":17,"isMegawatt":false,"status":"AVAILABLE","source":"ndw"}},{"type":"Feature","geometry":{"type":"Point","coordinates":[4.868084,52.360466]},"properties":{"type":"charge","layer":"passenger","locationId":"796b88bc-afd5-4985-bb1c-f407a822ab8c","name":"TNLP010032 - Gerard Brandtstraat 8, Amsterdam","address":"8 Gerard Brandtstraat","city":"Amsterdam","operatorName":"TotalEnergies","maxPowerKw":17,"isMegawatt":false,"status":"AVAILABLE","source":"ndw"}},{"type":"Feature","geometry":{"type":"Point","coordinates":[4.790456,52.35477]},"properties":{"type":"charge","layer":"passenger","locationId":"299f545e-95c5-4e1f-97ed-cff9797a77a0","name":"TNLP010983 - Langswater 136, Amsterdam","address":"136 Langswater","city":"Amsterdam","operatorName":"TotalEnergies","maxPowerKw":17,"isMegawatt":false,"status":"CHARGING","source":"ndw"}},{"type":"Feature","geometry":{"type":"Point","coordinates":[4.802184,52.350887]},"properties":{"type":"charge","layer":"passenger","locationId":"38971047-abf0-47ad-8935-4e60afbb4445","name":"TNLP010289 - H. Gerhardstraat 58, Amsterdam","address":"58 H. Gerhardstraat","city":"Amsterdam","operatorName":"TotalEnergies","maxPowerKw":17,"isMegawatt":false,"status":"AVAILABLE","source":"ndw"}},{"type":"Feature","geometry":{"type":"Point","coordinates":[4.960641,52.39198]},"properties":{"type":"charge","layer":"passenger","locationId":"70eb5f77-8355-47d6-9616-7dd3a7d15f18","name":"TNLP010277 - Corversbosstraat 20, Amsterdam","address":"20 Corversbosstraat","city":"Amsterdam","operatorName":"TotalEnergies","maxPowerKw":17,"isMegawatt":false,"status":"AVAILABLE","source":"ndw"}},{"type":"Feature","geometry":{"type":"Point","coordinates":[4.93359,52.36797]},"properties":{"type":"charge","layer":"passenger","locationId":"694aa8d6c292b87415137dcb","name":"The Cohesion Fibonacci","address":"Panamalaan 11","city":"Amsterdam","operatorName":"Rockfield Real Estate","maxPowerKw":22,"isMegawatt":false,"status":"AVAILABLE","source":"ndw","priceKwh":0.39}},{"type":"Feature","geometry":{"type":"Point","coordinates":[4.795576,52.37483]},"properties":{"type":"charge","layer":"passenger","locationId":"1ef83c2c-9b16-45f3-9601-9aa9a45e6e50","name":"TNLP011375 - Van Karnebeekstraat 75, Amsterdam","address":"75 Van Karnebeekstraat","city":"Amsterdam","operatorName":"TotalEnergies","maxPowerKw":17,"isMegawatt":false,"status":"CHARGING","source":"ndw"}},{"type":"Feature","geometry":{"type":"Point","coordinates":[4.880377,52.37468]},"properties":{"type":"charge","layer":"passenger","locationId":"89dff277-4ea8-4957-9153-8566f392d661","name":"TNLP011129 - Bloemgracht 96, Amsterdam","address":"96 Bloemgracht","city":"Amsterdam","operatorName":"TotalEnergies","maxPowerKw":17,"isMegawatt":false,"status":"CHARGING","source":"ndw"}},{"type":"Feature","geometry":{"type":"Point","coordinates":[4.82638,52.3635]},"properties":{"type":"charge","layer":"passenger","locationId":"9141a800-5f61-42b5-8c48-973f55d92170","name":"TNLP011038 - Ubbo Emmiushof 16, Amsterdam","address":"16 Ubbo Emmiushof","city":"Amsterdam","operatorName":"TotalEnergies","maxPowerKw":17,"isMegawatt":false,"status":"AVAILABLE","source":"ndw"}},{"type":"Feature","geometry":{"type":"Point","coordinates":[4.817245,52.37415]},"properties":{"type":"charge","layer":"passenger","locationId":"9f7d9d69-64bb-4889-ae51-eb91591876db","name":"TNLP011792 - Socratesstraat 7, Amsterdam","address":"7 Socratesstraat","city":"Amsterdam","operatorName":"TotalEnergies","maxPowerKw":17,"isMegawatt":false,"status":"AVAILABLE","source":"ndw"}},{"type":"Feature","geometry":{"type":"Point","coordinates":[4.84766,52.373116]},"properties":{"type":"charge","layer":"passenger","locationId":"84069f4f-345b-44f6-9b0a-aeeacb89b239","name":"TNLP010228 - Orteliusstraat 302, Amsterdam","address":"302 Orteliusstraat","city":"Amsterdam","operatorName":"TotalEnergies","maxPowerKw":17,"isMegawatt":false,"status":"AVAILABLE","source":"ndw"}},{"type":"Feature","geometry":{"type":"Point","coordinates":[4.949196,52.401318]},"properties":{"type":"charge","layer":"passenger","locationId":"7cc724ec-560c-409d-b916-24c2853026aa","name":"TNLP010522 - Elpermeer 6, Amsterdam","address":"6 Elpermeer","city":"Amsterdam","operatorName":"TotalEnergies","maxPowerKw":17,"isMegawatt":false,"status":"AVAILABLE","source":"ndw"}},{"type":"Feature","geometry":{"type":"Point","coordinates":[4.839367,52.368645]},"properties":{"type":"charge","layer":"passenger","locationId":"eabeab88-cb27-48d6-8421-be18dbdc9864","name":"TNLP010755 - Jan Voermanstraat 60, Amsterdam","address":"60 Jan Voermanstraat","city":"Amsterdam","operatorName":"TotalEnergies","maxPowerKw":17,"isMegawatt":false,"status":"CHARGING","source":"ndw"}},{"type":"Feature","geometry":{"type":"Point","coordinates":[4.873739,52.355324]},"properties":{"type":"charge","layer":"passenger","locationId":"57b18adb-bc27-4783-801a-02ca32d95d98","name":"TNLP011173 - Banstraat 18, Amsterdam","address":"18 Banstraat","city":"Amsterdam","operatorName":"TotalEnergies","maxPowerKw":17,"isMegawatt":false,"status":"CHARGING","source":"ndw"}},{"type":"Feature","geometry":{"type":"Point","coordinates":[4.866708,52.370804]},"properties":{"type":"charge","layer":"passenger","locationId":"89b6aa12-062b-4cce-ab96-fd584b673e8f","name":"TNLP010185 - Elisabeth Wolffstraat 19, Amsterdam","address":"19 Elisabeth Wolffstraat","city":"Amsterdam","operatorName":"TotalEnergies","maxPowerKw":17,"isMegawatt":false,"status":"AVAILABLE","source":"ndw"}},{"type":"Feature","geometry":{"type":"Point","coordinates":[4.843911,52.351154]},"properties":{"type":"charge","layer":"passenger","locationId":"cb33b7e5-3c89-4e38-9bd6-63c872989530","name":"TNLP011811 - Poeldijkstraat 4, Amsterdam","address":"4 Poeldijkstraat","city":"Amsterdam","operatorName":"TotalEnergies","maxPowerKw":17,"isMegawatt":false,"status":"AVAILABLE","source":"ndw"}},{"type":"Feature","geometry":{"type":"Point","coordinates":[4.936911,52.341605]},"properties":{"type":"charge","layer":"passenger","locationId":"6502c6cf86e86d001c8bd60c","name":"De Nieuwe Ooster, begraafplaats en crematorium","address":"Rozenburglaan  5","city":"Amsterdam","operatorName":"E-Flux by Road","maxPowerKw":21,"isMegawatt":false,"status":"AVAILABLE","source":"ndw","priceKwh":0.38}},{"type":"Feature","geometry":{"type":"Point","coordinates":[4.874685,52.413235]},"properties":{"type":"charge","layer":"passenger","locationId":"2653818","name":"Laadnet Flex office laadpaal 2","address":"Disketteweg 14","city":"Amsterdam","operatorName":"Laadnet","maxPowerKw":22,"isMegawatt":false,"status":"UNAVAILABLE","source":"ndw"}},{"type":"Feature","geometry":{"type":"Point","coordinates":[4.913472,52.399143]},"properties":{"type":"charge","layer":"passenger","locationId":"7a658fb6-154b-4d27-9260-1b01daf6decd","name":"TNLP011034 - Korenbloemstraat 46, Amsterdam","address":"46 Korenbloemstraat","city":"Amsterdam","operatorName":"TotalEnergies","maxPowerKw":17,"isMegawatt":false,"status":"AVAILABLE","source":"ndw"}},{"type":"Feature","geometry":{"type":"Point","coordinates":[4.873692,52.335628]},"properties":{"type":"charge","layer":"passenger","locationId":"116160d724234d0287f13a34e9e39cfa","name":"Zuidas Markt Amsterdam","address":"George Gershwinlaan 1","city":"Amsterdam","operatorName":"","maxPowerKw":22,"isMegawatt":false,"status":"CHARGING","source":"ndw"}},{"type":"Feature","geometry":{"type":"Point","coordinates":[4.839785,52.37676]},"properties":{"type":"charge","layer":"passenger","locationId":"8697e55d-978f-4bbb-88a0-20d3997b5ef5","name":"TNLP010726 - Ernest Staesstraat 45, Amsterdam","address":"45 Ernest Staesstraat","city":"Amsterdam","operatorName":"TotalEnergies","maxPowerKw":17,"isMegawatt":false,"status":"AVAILABLE","source":"ndw"}},{"type":"Feature","geometry":{"type":"Point","coordinates":[4.878248,52.3624]},"properties":{"type":"charge","layer":"passenger","locationId":"1a8fc3ad-1314-45a1-8465-0448427dbc21","name":"TNLP011867 - Vondelstraat 13, Amsterdam","address":"13 Vondelstraat","city":"Amsterdam","operatorName":"TotalEnergies","maxPowerKw":17,"isMegawatt":false,"status":"CHARGING","source":"ndw"}},{"type":"Feature","geometry":{"type":"Point","coordinates":[4.877002,52.388905]},"properties":{"type":"charge","layer":"passenger","locationId":"0ca486f1-d9c7-45ef-b3ae-c5bb88317229","name":"TNLP011058 - Wormerveerstraat 3, Amsterdam","address":"3 Wormerveerstraat","city":"Amsterdam","operatorName":"TotalEnergies","maxPowerKw":17,"isMegawatt":false,"status":"AVAILABLE","source":"ndw"}},{"type":"Feature","geometry":{"type":"Point","coordinates":[4.920663,52.335297]},"properties":{"type":"charge","layer":"passenger","locationId":"6e1007e4-7ac5-49f4-8b96-a4e7ca483963","name":"TNLP010487 - Daniël Goedkoopstraat 7, Amsterdam","address":"7 Daniël Goedkoopstraat","city":"Amsterdam","operatorName":"TotalEnergies","maxPowerKw":17,"isMegawatt":false,"status":"AVAILABLE","source":"ndw"}},{"type":"Feature","geometry":{"type":"Point","coordinates":[4.813811,52.354694]},"properties":{"type":"charge","layer":"passenger","locationId":"0fa906b8-de95-437c-8646-ef068221f36f","name":"TNLP010358 - Pieter Calandlaan 191, Amsterdam","address":"191 Pieter Calandlaan","city":"Amsterdam","operatorName":"TotalEnergies","maxPowerKw":17,"isMegawatt":false,"status":"AVAILABLE","source":"ndw"}},{"type":"Feature","geometry":{"type":"Point","coordinates":[4.797423,52.354122]},"properties":{"type":"charge","layer":"passenger","locationId":"13297120-4a42-4f24-8cfc-4c805f887a60","name":"TNLP010878 - Roosje Vosstraat 55, Amsterdam","address":"55 Roosje Vosstraat","city":"Amsterdam","operatorName":"TotalEnergies","maxPowerKw":17,"isMegawatt":false,"status":"AVAILABLE","source":"ndw"}},{"type":"Feature","geometry":{"type":"Point","coordinates":[4.814962,52.34783]},"properties":{"type":"charge","layer":"passenger","locationId":"13523a0b-f522-4228-a2b7-e51b14395987","name":"TNLP011850 - Zutendaalstraat 48, Amsterdam","address":"48 Zutendaalstraat","city":"Amsterdam","operatorName":"TotalEnergies","maxPowerKw":17,"isMegawatt":false,"status":"AVAILABLE","source":"ndw"}},{"type":"Feature","geometry":{"type":"Point","coordinates":[4.912237,52.344833]},"properties":{"type":"charge","layer":"passenger","locationId":"15b5e21b-383a-4c6f-b7d8-b93b98b0dee3","name":"TNLP010007 - Kromme Mijdrechtstraat 99, Amsterdam","address":"99 Kromme Mijdrechtstraat","city":"Amsterdam","operatorName":"TotalEnergies","maxPowerKw":17,"isMegawatt":false,"status":"AVAILABLE","source":"ndw"}},{"type":"Feature","geometry":{"type":"Point","coordinates":[4.82716,52.38385]},"properties":{"type":"charge","layer":"passenger","locationId":"b413e1aa-cd29-4893-8796-a432b7f317e0","name":"TNLP011283 - Burgemeester Eliasstraat 76, Amsterdam","address":"76 Burgemeester Eliasstraat","city":"Amsterdam","operatorName":"TotalEnergies","maxPowerKw":17,"isMegawatt":false,"status":"AVAILABLE","source":"ndw"}},{"type":"Feature","geometry":{"type":"Point","coordinates":[4.986258,52.311353]},"properties":{"type":"charge","layer":"passenger","locationId":"a84a21a376164bc4b35a","name":"Campanile Hotel Amsterdam","address":"Loosdrechtdreef 3","city":"Amsterdam","operatorName":"Opcharge","maxPowerKw":11,"isMegawatt":false,"status":"AVAILABLE","source":"ndw","priceKwh":0.49}},{"type":"Feature","geometry":{"type":"Point","coordinates":[4.94861,52.305987]},"properties":{"type":"charge","layer":"passenger","locationId":"E0ADF479-CDB3-43DA-BDC6-65146A0309FD","name":"Eneco eMobility YER Nederland B.V. Amsterdam","address":"Hogehilweg 16","city":"Amsterdam","operatorName":"Eneco","maxPowerKw":22,"isMegawatt":false,"status":"AVAILABLE","source":"ndw","priceKwh":0.32}},{"type":"Feature","geometry":{"type":"Point","coordinates":[4.847616,52.354244]},"properties":{"type":"charge","layer":"passenger","locationId":"a6ef3a85-117f-4bc7-a296-c7de611dbbb1","name":"TNLP010156 - Vogelenzangstraat 34, Amsterdam","address":"34 Vogelenzangstraat","city":"Amsterdam","operatorName":"TotalEnergies","maxPowerKw":17,"isMegawatt":false,"status":"AVAILABLE","source":"ndw"}},{"type":"Feature","geometry":{"type":"Point","coordinates":[4.977723,52.29246]},"properties":{"type":"charge","layer":"passenger","locationId":"bb53e247-fbea-4d74-b65a-640ab2695a32","name":"TNLP011894 - Sommelsdijkstraat 1, Amsterdam","address":"1 Sommelsdijkstraat","city":"Amsterdam","operatorName":"TotalEnergies","maxPowerKw":17,"isMegawatt":false,"status":"CHARGING","source":"ndw"}},{"type":"Feature","geometry":{"type":"Point","coordinates":[4.79302,52.345417]},"properties":{"type":"charge","layer":"passenger","locationId":"38d7e6c2-40e2-40ad-9683-9c6aca270da9","name":"TNLP010873 - Sporadenlaan 42, Amsterdam","address":"42 Sporadenlaan","city":"Amsterdam","operatorName":"TotalEnergies","maxPowerKw":17,"isMegawatt":false,"status":"CHARGING","source":"ndw"}},{"type":"Feature","geometry":{"type":"Point","coordinates":[4.8922,52.35224]},"properties":{"type":"charge","layer":"passenger","locationId":"e2ce9aa2-ed64-4d17-9a86-b57eba6c59ca","name":"TNLP011541 - Van Ostadestraat 130, Amsterdam","address":"130 Van Ostadestraat","city":"Amsterdam","operatorName":"TotalEnergies","maxPowerKw":17,"isMegawatt":false,"status":"AVAILABLE","source":"ndw"}},{"type":"Feature","geometry":{"type":"Point","coordinates":[4.969662,52.322068]},"properties":{"type":"charge","layer":"passenger","locationId":"f0f254d2bbbd47449bc15e7e5619be7b","name":"Annie Romeinplein 1103JL08","address":"Annie Romeinplein 08","city":"Amsterdam","operatorName":"","maxPowerKw":22,"isMegawatt":false,"status":"CHARGING","source":"ndw"}},{"type":"Feature","geometry":{"type":"Point","coordinates":[4.942567,52.37126]},"properties":{"type":"charge","layer":"passenger","locationId":"cfacc52b-ca22-4992-b2e2-4b161078d138","name":"TNLP011317 - Feike de Boerlaan 150, Amsterdam","address":"150 Feike de Boerlaan","city":"Amsterdam","operatorName":"TotalEnergies","maxPowerKw":17,"isMegawatt":false,"status":"CHARGING","source":"ndw"}},{"type":"Feature","geometry":{"type":"Point","coordinates":[4.8981,52.346558]},"properties":{"type":"charge","layer":"passenger","locationId":"e00d2e7d-dae5-467e-a49a-8fb83e131a1d","name":"TNLP011849 - Churchill-laan 63, Amsterdam","address":"63 Churchill-laan","city":"Amsterdam","operatorName":"TotalEnergies","maxPowerKw":17,"isMegawatt":false,"status":"AVAILABLE","source":"ndw"}},{"type":"Feature","geometry":{"type":"Point","coordinates":[4.867157,52.415744]},"properties":{"type":"charge","layer":"passenger","locationId":"34df95f297134aad94b90fdf87fa81d1","name":"CoenTunnel ","address":"Meteorenweg","city":"Amsterdam","operatorName":"NRG Mobility","maxPowerKw":11,"isMegawatt":false,"status":"AVAILABLE","source":"ndw","priceKwh":0.65}},{"type":"Feature","geometry":{"type":"Point","coordinates":[4.898626,52.35697]},"properties":{"type":"charge","layer":"passenger","locationId":"5c5eb42b2a6c4e5db0635c6a8e5415f4","name":"Albert Cuypstraat - Markt 1072CR 05","address":"Albert Cuypstraat 05","city":"Amsterdam","operatorName":"","maxPowerKw":22,"isMegawatt":false,"status":"CHARGING","source":"ndw"}},{"type":"Feature","geometry":{"type":"Point","coordinates":[4.878188,52.364353]},"properties":{"type":"charge","layer":"passenger","locationId":"1a6b8717-7e35-4b5b-9963-d38c1a7b7ec5","name":"TNLP011057 - Eerste Helmersstraat 2, Amsterdam","address":"2 Eerste Helmersstraat","city":"Amsterdam","operatorName":"TotalEnergies","maxPowerKw":17,"isMegawatt":false,"status":"CHARGING","source":"ndw"}},{"type":"Feature","geometry":{"type":"Point","coordinates":[4.781414,52.35882]},"properties":{"type":"charge","layer":"passenger","locationId":"2211476f-f8ed-4557-b8a2-59557541ff5c","name":"TNLP011042 - Hoogheemraadweg 2, Amsterdam","address":"2 Hoogheemraadweg","city":"Amsterdam","operatorName":"TotalEnergies","maxPowerKw":17,"isMegawatt":false,"status":"CHARGING","source":"ndw"}},{"type":"Feature","geometry":{"type":"Point","coordinates":[4.884697,52.376194]},"properties":{"type":"charge","layer":"passenger","locationId":"2e973130-cc87-4fb0-83bf-1f4aefabbd41","name":"TNLP011126 - Prinsengracht 241, Amsterdam","address":"241 Prinsengracht","city":"Amsterdam","operatorName":"TotalEnergies","maxPowerKw":17,"isMegawatt":false,"status":"CHARGING","source":"ndw"}},{"type":"Feature","geometry":{"type":"Point","coordinates":[4.871909,52.332333]},"properties":{"type":"charge","layer":"passenger","locationId":"617039ab-c9ad-4902-97b2-1eadc2103f68","name":"TNLP011195 - Wijenburg 90, Amsterdam","address":"90 Wijenburg","city":"Amsterdam","operatorName":"TotalEnergies","maxPowerKw":17,"isMegawatt":false,"status":"AVAILABLE","source":"ndw"}},{"type":"Feature","geometry":{"type":"Point","coordinates":[4.938783,52.377125]},"properties":{"type":"charge","layer":"passenger","locationId":"848ba28c-7a65-47f7-bb0a-d7a61f90ed38","name":"TNLP010129 - KNSM-Laan 109, Amsterdam","address":"109 KNSM-Laan","city":"Amsterdam","operatorName":"TotalEnergies","maxPowerKw":17,"isMegawatt":false,"status":"AVAILABLE","source":"ndw"}},{"type":"Feature","geometry":{"type":"Point","coordinates":[4.804301,52.353645]},"properties":{"type":"charge","layer":"passenger","locationId":"8cd34077-e5e2-4a9c-9269-3e207fa59a1d","name":"TNLP010585 - Professor J.H. Gunningstraat 53, Amsterdam","address":"53 Professor J.H. Gunningstraat","city":"Amsterdam","operatorName":"TotalEnergies","maxPowerKw":17,"isMegawatt":false,"status":"AVAILABLE","source":"ndw"}},{"type":"Feature","geometry":{"type":"Point","coordinates":[4.847325,52.35713]},"properties":{"type":"charge","layer":"passenger","locationId":"f40895e7-9ea1-4328-8652-9b1a419d3df3","name":"TNLP010728 - Saskia van Uijlenburgkade 170, Amsterdam","address":"170 Saskia van Uijlenburgkade","city":"Amsterdam","operatorName":"TotalEnergies","maxPowerKw":17,"isMegawatt":false,"status":"AVAILABLE","source":"ndw"}},{"type":"Feature","geometry":{"type":"Point","coordinates":[4.877496,52.35873]},"properties":{"type":"charge","layer":"passenger","locationId":"f6dde21b-21ac-4d97-b6e9-60ea5457bdb5","name":"TNLP011235 - Alexander Boersstraat 54, Amsterdam","address":"54 Alexander Boersstraat","city":"Amsterdam","operatorName":"TotalEnergies","maxPowerKw":17,"isMegawatt":false,"status":"AVAILABLE","source":"ndw"}},{"type":"Feature","geometry":{"type":"Point","coordinates":[4.812433,52.39995]},"properties":{"type":"charge","layer":"passenger","locationId":"3966435","name":"Laadnet Renewi Organics","address":"Sardiniëweg 3","city":"Amsterdam","operatorName":"Laadnet","maxPowerKw":22,"isMegawatt":false,"status":"AVAILABLE","source":"ndw"}},{"type":"Feature","geometry":{"type":"Point","coordinates":[5.047303,52.319302]},"properties":{"type":"charge","layer":"passenger","locationId":"69931e1b6b4f347928b4941d","name":"GPRL","address":"Gouwparklaan 12","city":"Weesp","operatorName":"E-Flux by Road","maxPowerKw":11,"isMegawatt":false,"status":"AVAILABLE","source":"ndw","priceKwh":0.58}},{"type":"Feature","geometry":{"type":"Point","coordinates":[4.903844,52.391963]},"properties":{"type":"charge","layer":"passenger","locationId":"91193659","name":"EQUANS Eye Filmmuseum","address":"Asterweg 26","city":"Amsterdam","operatorName":"EQUANS","maxPowerKw":11,"isMegawatt":false,"status":"AVAILABLE","source":"ndw"}},{"type":"Feature","geometry":{"type":"Point","coordinates":[4.91435,52.39692]},"properties":{"type":"charge","layer":"passenger","locationId":"70710016-eb7d-4147-bb7b-be858b498a68","name":"TNLP011076 - Sneeuwbalstraat 3, Amsterdam","address":"3 Sneeuwbalstraat","city":"Amsterdam","operatorName":"TotalEnergies","maxPowerKw":17,"isMegawatt":false,"status":"AVAILABLE","source":"ndw"}},{"type":"Feature","geometry":{"type":"Point","coordinates":[4.877164,52.351174]},"properties":{"type":"charge","layer":"passenger","locationId":"15d6f5c0bb994d979e736a42383a8516","name":"Giedo van der Garde - Thuis","address":"Apollolaan 96","city":"Amsterdam","operatorName":"","maxPowerKw":22,"isMegawatt":false,"status":"AVAILABLE","source":"ndw"}},{"type":"Feature","geometry":{"type":"Point","coordinates":[4.896103,52.40564]},"properties":{"type":"charge","layer":"passenger","locationId":"ce4704a4-119c-441c-9821-ce704f3c2036","name":"TNLP010916 - Krasseurstraat 193, Amsterdam","address":"193 Krasseurstraat","city":"Amsterdam","operatorName":"TotalEnergies","maxPowerKw":17,"isMegawatt":false,"status":"AVAILABLE","source":"ndw"}},{"type":"Feature","geometry":{"type":"Point","coordinates":[4.868547,52.355503]},"properties":{"type":"charge","layer":"passenger","locationId":"8dccaa65-cd9f-41d6-a092-110f3a191314","name":"TNLP010008 - Willemsparkweg 210, Amsterdam","address":"210 Willemsparkweg","city":"Amsterdam","operatorName":"TotalEnergies","maxPowerKw":17,"isMegawatt":false,"status":"UNAVAILABLE","source":"ndw"}},{"type":"Feature","geometry":{"type":"Point","coordinates":[4.940699,52.362415]},"properties":{"type":"charge","layer":"passenger","locationId":"caeb04f3-a434-4ce7-8c7d-55a940238a0e","name":"TNLP011225 - Ceramplein 36, Amsterdam","address":"36 Ceramplein","city":"Amsterdam","operatorName":"TotalEnergies","maxPowerKw":17,"isMegawatt":false,"status":"AVAILABLE","source":"ndw"}},{"type":"Feature","geometry":{"type":"Point","coordinates":[4.883257,52.413864]},"properties":{"type":"charge","layer":"passenger","locationId":"7239071a-98b2-4f00-b3b2-c8f24621ab39","name":"TNLP010312 - Meteorenweg 221, Amsterdam","address":"221 Meteorenweg","city":"Amsterdam","operatorName":"TotalEnergies","maxPowerKw":17,"isMegawatt":false,"status":"AVAILABLE","source":"ndw"}},{"type":"Feature","geometry":{"type":"Point","coordinates":[4.885556,52.38923]},"properties":{"type":"charge","layer":"passenger","locationId":"7c9bc807-3af0-4abc-8dc8-7c2d9c198f17","name":"TNLP010984 - Van Heemskerckstraat 37, Amsterdam","address":"37 Van Heemskerckstraat","city":"Amsterdam","operatorName":"TotalEnergies","maxPowerKw":17,"isMegawatt":false,"status":"AVAILABLE","source":"ndw"}},{"type":"Feature","geometry":{"type":"Point","coordinates":[4.943418,52.31794]},"properties":{"type":"charge","layer":"passenger","locationId":"9651d2f9-494c-4a8b-8ccd-39f51aae0737","name":"TNLP010433 - Boris Pasternakstraat 379, Amsterdam","address":"379 Boris Pasternakstraat","city":"Amsterdam","operatorName":"TotalEnergies","maxPowerKw":17,"isMegawatt":false,"status":"CHARGING","source":"ndw"}},{"type":"Feature","geometry":{"type":"Point","coordinates":[4.963415,52.32355]},"properties":{"type":"charge","layer":"passenger","locationId":"effaed7f-fe2a-46ab-b349-4d98f3d8e95f","name":"TNLP010146 - Emfuleni 26, Amsterdam","address":"26 Emfuleni","city":"Amsterdam","operatorName":"TotalEnergies","maxPowerKw":17,"isMegawatt":false,"status":"AVAILABLE","source":"ndw"}},{"type":"Feature","geometry":{"type":"Point","coordinates":[4.892928,52.35076]},"properties":{"type":"charge","layer":"passenger","locationId":"81ec1350-dbbd-49f3-b87e-83a31abc302d","name":"TNLP010280 - Karel du Jardinstraat 4, Amsterdam","address":"4 Karel du Jardinstraat","city":"Amsterdam","operatorName":"TotalEnergies","maxPowerKw":17,"isMegawatt":false,"status":"CHARGING","source":"ndw"}},{"type":"Feature","geometry":{"type":"Point","coordinates":[4.95723,52.391094]},"properties":{"type":"charge","layer":"passenger","locationId":"f561738f-723d-45d2-b088-dc458a252c7d","name":"TNLP010835 - Spanderswoudstraat 111, Amsterdam","address":"111 Spanderswoudstraat","city":"Amsterdam","operatorName":"TotalEnergies","maxPowerKw":17,"isMegawatt":false,"status":"AVAILABLE","source":"ndw"}},{"type":"Feature","geometry":{"type":"Point","coordinates":[4.864385,52.372353]},"properties":{"type":"charge","layer":"passenger","locationId":"93349918-1a80-4a1f-bba9-cee7bb163dc4","name":"TNLP011559 - Adriaan van Bergenstraat 1, Amsterdam","address":"1 Adriaan van Bergenstraat","city":"Amsterdam","operatorName":"TotalEnergies","maxPowerKw":17,"isMegawatt":false,"status":"AVAILABLE","source":"ndw"}},{"type":"Feature","geometry":{"type":"Point","coordinates":[4.940334,52.306667]},"properties":{"type":"charge","layer":"passenger","locationId":"69f9f9580278b5c39371471d","name":"Sunshower BV","address":"Hoogoorddreef 63","city":"Amsterdam","operatorName":"E-Flux by Road","maxPowerKw":11,"isMegawatt":false,"status":"AVAILABLE","source":"ndw","priceKwh":0.53}},{"type":"Feature","geometry":{"type":"Point","coordinates":[4.897156,52.356534]},"properties":{"type":"charge","layer":"passenger","locationId":"6f29c0770d874889a255f949405d265e","name":"Albert Cuypstraat - Markt 1072CP 01","address":"Albert Cuypstraat 01","city":"Amsterdam","operatorName":"","maxPowerKw":22,"isMegawatt":false,"status":"CHARGING","source":"ndw"}},{"type":"Feature","geometry":{"type":"Point","coordinates":[4.944241,52.320717]},"properties":{"type":"charge","layer":"passenger","locationId":"02b58930-46b5-4c0a-9ce0-b831ffceecbf","name":"TNLP010409 - Barbusselaan 143, Amsterdam","address":"143 Barbusselaan","city":"Amsterdam","operatorName":"TotalEnergies","maxPowerKw":17,"isMegawatt":false,"status":"UNAVAILABLE","source":"ndw"}},{"type":"Feature","geometry":{"type":"Point","coordinates":[4.946337,52.311024]},"properties":{"type":"charge","layer":"passenger","locationId":"NLCPIL6537055","name":"EUROPLAZA LAADPAAL 2","address":"56 Hoogoorddreef","city":"Amsterdam","operatorName":"ChargePoint","maxPowerKw":22,"isMegawatt":false,"status":"AVAILABLE","source":"ndw","priceKwh":0.57}},{"type":"Feature","geometry":{"type":"Point","coordinates":[4.952076,52.368767]},"properties":{"type":"charge","layer":"passenger","locationId":"1001704e-9d7d-4f73-bda8-91341da8f097","name":"TNLP010331 - Bottelarijstraat 291, Amsterdam","address":"291 Bottelarijstraat","city":"Amsterdam","operatorName":"TotalEnergies","maxPowerKw":17,"isMegawatt":false,"status":"CHARGING","source":"ndw"}},{"type":"Feature","geometry":{"type":"Point","coordinates":[4.949887,52.386944]},"properties":{"type":"charge","layer":"passenger","locationId":"3b0b9a63-be82-44e8-a70b-692b64969b61","name":"TNLP010864 - Monnikendammerweg 21, Amsterdam","address":"21 Monnikendammerweg","city":"Amsterdam","operatorName":"TotalEnergies","maxPowerKw":17,"isMegawatt":false,"status":"AVAILABLE","source":"ndw"}},{"type":"Feature","geometry":{"type":"Point","coordinates":[4.868039,52.347275]},"properties":{"type":"charge","layer":"passenger","locationId":"3b5a20ad-963d-4117-a411-824d8be176b5","name":"TNLP010836 - Olympiaplein 71, Amsterdam","address":"71 Olympiaplein","city":"Amsterdam","operatorName":"TotalEnergies","maxPowerKw":17,"isMegawatt":false,"status":"AVAILABLE","source":"ndw"}},{"type":"Feature","geometry":{"type":"Point","coordinates":[4.877091,52.370071]},"properties":{"type":"charge","layer":"passenger","locationId":"B8E3221F-19D8-4353-8BD4-5FDE5AEF487F","name":"Q-Park Amsterdam Europarking","address":"Marnixstraat 250","city":"Amsterdam","operatorName":"Q-Park Netherlands","maxPowerKw":11,"isMegawatt":false,"status":"AVAILABLE","source":"ndw"}},{"type":"Feature","geometry":{"type":"Point","coordinates":[4.871342,52.374813]},"properties":{"type":"charge","layer":"passenger","locationId":"58d40a76-b613-40bf-81a0-ce87630f9137","name":"TNLP010745 - Van Reigersbergenstraat 3, Amsterdam","address":"3 Van Reigersbergenstraat","city":"Amsterdam","operatorName":"TotalEnergies","maxPowerKw":17,"isMegawatt":false,"status":"AVAILABLE","source":"ndw"}},{"type":"Feature","geometry":{"type":"Point","coordinates":[4.898273,52.35957]},"properties":{"type":"charge","layer":"passenger","locationId":"68fce813-1bbf-4674-8b7d-ab74205fe201","name":"TNLP010338 - Weteringschans 275, Amsterdam","address":"275 Weteringschans","city":"Amsterdam","operatorName":"TotalEnergies","maxPowerKw":17,"isMegawatt":false,"status":"AVAILABLE","source":"ndw"}},{"type":"Feature","geometry":{"type":"Point","coordinates":[4.873458,52.36274]},"properties":{"type":"charge","layer":"passenger","locationId":"8524e9a1-d114-46a8-b1f8-bf0b0c7499fa","name":"TNLP010152 - Tweede Constantijn Huygensstraat 61, Amsterdam","address":"61 Tweede Constantijn Huygensstraat","city":"Amsterdam","operatorName":"TotalEnergies","maxPowerKw":17,"isMegawatt":false,"status":"CHARGING","source":"ndw"}},{"type":"Feature","geometry":{"type":"Point","coordinates":[4.944458,52.292481]},"properties":{"type":"charge","layer":"passenger","locationId":"89880720","name":"EQUANS Fletcher 89880720","address":"Schepenbergweg 50","city":"Amsterdam Zuidoost","operatorName":"EQUANS","maxPowerKw":22,"isMegawatt":false,"status":"AVAILABLE","source":"ndw"}},{"type":"Feature","geometry":{"type":"Point","coordinates":[4.805784,52.39652]},"properties":{"type":"charge","layer":"passenger","locationId":"4174919","name":"Laadnet Dynalogic Amsterdam","address":"Hornweg 64","city":"Amsterdam","operatorName":"Laadnet","maxPowerKw":22,"isMegawatt":false,"status":"AVAILABLE","source":"ndw"}},{"type":"Feature","geometry":{"type":"Point","coordinates":[4.86182,52.36873]},"properties":{"type":"charge","layer":"passenger","locationId":"a3cc69b9-0cfd-45fd-9614-36c5fc830072","name":"TNLP011422 - Van Kinsbergenstraat 26, Amsterdam","address":"26 Van Kinsbergenstraat","city":"Amsterdam","operatorName":"TotalEnergies","maxPowerKw":17,"isMegawatt":false,"status":"CHARGING","source":"ndw"}},{"type":"Feature","geometry":{"type":"Point","coordinates":[4.931371,52.363594]},"properties":{"type":"charge","layer":"passenger","locationId":"a557946c-3ffe-4046-ae64-271315817f85","name":"TNLP011458 - Celebesstraat 38, Amsterdam","address":"38 Celebesstraat","city":"Amsterdam","operatorName":"TotalEnergies","maxPowerKw":17,"isMegawatt":false,"status":"AVAILABLE","source":"ndw"}},{"type":"Feature","geometry":{"type":"Point","coordinates":[4.812441,52.343086]},"properties":{"type":"charge","layer":"passenger","locationId":"aa1b01c5-9273-4185-a489-1d7645a1dd5b","name":"TNLP011130 - Sint-Truidenstraat 49, Amsterdam","address":"49 Sint-Truidenstraat","city":"Amsterdam","operatorName":"TotalEnergies","maxPowerKw":17,"isMegawatt":false,"status":"CHARGING","source":"ndw"}},{"type":"Feature","geometry":{"type":"Point","coordinates":[4.911249,52.403244]},"properties":{"type":"charge","layer":"passenger","locationId":"addb08e2-591b-4d6d-a650-54a736e2fd4b","name":"TNLP011056 - Schoenerstraat 30, Amsterdam","address":"30 Schoenerstraat","city":"Amsterdam","operatorName":"TotalEnergies","maxPowerKw":17,"isMegawatt":false,"status":"AVAILABLE","source":"ndw"}},{"type":"Feature","geometry":{"type":"Point","coordinates":[4.874713,52.364582]},"properties":{"type":"charge","layer":"passenger","locationId":"a34fc6ce-dcc2-4732-8288-631af2250ac6","name":"TNLP011437 - Derde Helmersstraat 88, Amsterdam","address":"88 Derde Helmersstraat","city":"Amsterdam","operatorName":"TotalEnergies","maxPowerKw":17,"isMegawatt":false,"status":"AVAILABLE","source":"ndw"}},{"type":"Feature","geometry":{"type":"Point","coordinates":[4.867482,52.361347]},"properties":{"type":"charge","layer":"passenger","locationId":"d2c085b1-77c4-4f30-9363-945980bdb3b0","name":"TNLP011449 - Gerard Brandtstraat 2, Amsterdam","address":"2 Gerard Brandtstraat","city":"Amsterdam","operatorName":"TotalEnergies","maxPowerKw":17,"isMegawatt":false,"status":"CHARGING","source":"ndw"}},{"type":"Feature","geometry":{"type":"Point","coordinates":[4.925129,52.34239]},"properties":{"type":"charge","layer":"passenger","locationId":"a44c9277-8bb0-4a82-a8a0-b18f69e6ab44","name":"TNLP010957 - Celsiusstraat 21, Amsterdam","address":"21 Celsiusstraat","city":"Amsterdam","operatorName":"TotalEnergies","maxPowerKw":17,"isMegawatt":false,"status":"AVAILABLE","source":"ndw"}},{"type":"Feature","geometry":{"type":"Point","coordinates":[4.803179,52.35608]},"properties":{"type":"charge","layer":"passenger","locationId":"cddec729-e428-476e-a6db-715b6a4bc70a","name":"TNLP010897 - Nieuwe Osdorpergracht 251, Amsterdam","address":"251 Nieuwe Osdorpergracht","city":"Amsterdam","operatorName":"TotalEnergies","maxPowerKw":17,"isMegawatt":false,"status":"AVAILABLE","source":"ndw"}},{"type":"Feature","geometry":{"type":"Point","coordinates":[5.040416,52.29994]},"properties":{"type":"charge","layer":"passenger","locationId":"db25813b-932c-4a95-b200-b10204087bca","name":"TNLP011378 - G.J. Wiefferingdreef 11, Weesp","address":"11 G.J. Wiefferingdreef","city":"Weesp","operatorName":"TotalEnergies","maxPowerKw":17,"isMegawatt":false,"status":"CHARGING","source":"ndw"}},{"type":"Feature","geometry":{"type":"Point","coordinates":[4.819385,52.379826]},"properties":{"type":"charge","layer":"passenger","locationId":"f13826ad-3bd2-4902-b776-b6cb973f91cd","name":"Laadplein - TNLP011384 - Cornelis van Vollenhovenstraat 2, Amsterdam","address":"2 Cornelis van Vollenhovenstraat","city":"Amsterdam","operatorName":"TotalEnergies","maxPowerKw":17,"isMegawatt":false,"status":"AVAILABLE","source":"ndw"}},{"type":"Feature","geometry":{"type":"Point","coordinates":[4.869404,52.380688]},"properties":{"type":"charge","layer":"passenger","locationId":"fe64ed17-002a-4322-92a9-2da4a297b1a1","name":"TNLP010986 - Tweede Keucheniusstraat 4, Amsterdam","address":"4 Tweede Keucheniusstraat","city":"Amsterdam","operatorName":"TotalEnergies","maxPowerKw":17,"isMegawatt":false,"status":"UNAVAILABLE","source":"ndw"}},{"type":"Feature","geometry":{"type":"Point","coordinates":[4.941895,52.363686]},"properties":{"type":"charge","layer":"passenger","locationId":"f1eabf28-43fe-4fea-9d34-b9555e601ef2","name":"TNLP011247 - Gorontalostraat 233, Amsterdam","address":"233 Gorontalostraat","city":"Amsterdam","operatorName":"TotalEnergies","maxPowerKw":17,"isMegawatt":false,"status":"AVAILABLE","source":"ndw"}},{"type":"Feature","geometry":{"type":"Point","coordinates":[4.867229,52.392917]},"properties":{"type":"charge","layer":"passenger","locationId":"58b0034916dd4f71ad7dd7a728946502","name":"KWS Depotlocatie Transformatorweg Amsterdam","address":"Transformatorweg TO 1","city":"Amsterdam","operatorName":"NRG Mobility","maxPowerKw":11,"isMegawatt":false,"status":"AVAILABLE","source":"ndw","priceKwh":0.45}},{"type":"Feature","geometry":{"type":"Point","coordinates":[4.861961,52.36407]},"properties":{"type":"charge","layer":"passenger","locationId":"2d792953-ce0d-482d-983e-d4dae9f5f24b","name":"TNLP010329 - Borgerstraat 212, Amsterdam","address":"212 Borgerstraat","city":"Amsterdam","operatorName":"TotalEnergies","maxPowerKw":17,"isMegawatt":false,"status":"CHARGING","source":"ndw"}},{"type":"Feature","geometry":{"type":"Point","coordinates":[4.852092,52.361706]},"properties":{"type":"charge","layer":"passenger","locationId":"40eb7209-1f5d-44a6-87a4-093ed3d36b38","name":"TNLP011214 - Curaçaostraat 88, Amsterdam","address":"88 Curaçaostraat","city":"Amsterdam","operatorName":"TotalEnergies","maxPowerKw":17,"isMegawatt":false,"status":"AVAILABLE","source":"ndw"}},{"type":"Feature","geometry":{"type":"Point","coordinates":[4.808727,52.3485]},"properties":{"type":"charge","layer":"passenger","locationId":"9696f4d8-cadd-4477-90b6-62ecdd0bf29d","name":"TNLP011299 - Turnhoutplantsoen 168, Amsterdam","address":"168 Turnhoutplantsoen","city":"Amsterdam","operatorName":"TotalEnergies","maxPowerKw":17,"isMegawatt":false,"status":"AVAILABLE","source":"ndw"}},{"type":"Feature","geometry":{"type":"Point","coordinates":[4.968239,52.315964]},"properties":{"type":"charge","layer":"passenger","locationId":"ebb352fe-8a88-47c9-939a-67e4f7fb26be","name":"TNLP010323 - Kolfschotenstraat 290, Amsterdam","address":"290 Kolfschotenstraat","city":"Amsterdam","operatorName":"TotalEnergies","maxPowerKw":17,"isMegawatt":false,"status":"AVAILABLE","source":"ndw"}},{"type":"Feature","geometry":{"type":"Point","coordinates":[4.859714,52.3508]},"properties":{"type":"charge","layer":"passenger","locationId":"f292c95c-b54b-4da8-af31-a69777ec90bd","name":"TNLP010914 - Des Présstraat 8, Amsterdam","address":"8 Des Présstraat","city":"Amsterdam","operatorName":"TotalEnergies","maxPowerKw":17,"isMegawatt":false,"status":"AVAILABLE","source":"ndw"}},{"type":"Feature","geometry":{"type":"Point","coordinates":[4.93834,52.352688]},"properties":{"type":"charge","layer":"passenger","locationId":"44b2881c-28d7-443d-b426-828150839108","name":"TNLP010073 - Galileïplantsoen 20, Amsterdam","address":"20 Galileïplantsoen","city":"Amsterdam","operatorName":"TotalEnergies","maxPowerKw":17,"isMegawatt":false,"status":"UNAVAILABLE","source":"ndw"}},{"type":"Feature","geometry":{"type":"Point","coordinates":[4.863092,52.350494]},"properties":{"type":"charge","layer":"passenger","locationId":"0c1a99d4-11d0-4d41-87a2-4f279a870ead","name":"TNLP010117 - Pieter Lastmankade 29, Amsterdam","address":"29 Pieter Lastmankade","city":"Amsterdam","operatorName":"TotalEnergies","maxPowerKw":17,"isMegawatt":false,"status":"AVAILABLE","source":"ndw"}},{"type":"Feature","geometry":{"type":"Point","coordinates":[4.800154,52.375576]},"properties":{"type":"charge","layer":"passenger","locationId":"8d552404-4acd-41c0-846e-ffe62336ff6b","name":"TNLP011197 - Nolensstraat 5, Amsterdam","address":"5 Nolensstraat","city":"Amsterdam","operatorName":"TotalEnergies","maxPowerKw":17,"isMegawatt":false,"status":"CHARGING","source":"ndw"}},{"type":"Feature","geometry":{"type":"Point","coordinates":[4.951728,52.305097]},"properties":{"type":"charge","layer":"passenger","locationId":"68d25204994d2d471694b6e1","name":"Motta Vogelstruys Amsterdam B.V","address":"Hullenbergweg 278-308","city":"Amsterdam","operatorName":"Merin","maxPowerKw":22,"isMegawatt":false,"status":"AVAILABLE","source":"ndw","priceKwh":0.53}},{"type":"Feature","geometry":{"type":"Point","coordinates":[4.936477,52.356243]},"properties":{"type":"charge","layer":"passenger","locationId":"4d5915fa-d833-4c19-b267-b0a2e3be4976","name":"TNLP010401 - Newtonstraat 54, Amsterdam","address":"54 Newtonstraat","city":"Amsterdam","operatorName":"TotalEnergies","maxPowerKw":17,"isMegawatt":false,"status":"AVAILABLE","source":"ndw"}},{"type":"Feature","geometry":{"type":"Point","coordinates":[4.899042,52.405956]},"properties":{"type":"charge","layer":"passenger","locationId":"6932120e-1c82-413a-b175-afb237d12ba8","name":"TNLP010104 - Tuigerstraat 1, Amsterdam","address":"1 Tuigerstraat","city":"Amsterdam","operatorName":"TotalEnergies","maxPowerKw":17,"isMegawatt":false,"status":"CHARGING","source":"ndw"}},{"type":"Feature","geometry":{"type":"Point","coordinates":[4.94672,52.310842]},"properties":{"type":"charge","layer":"passenger","locationId":"NLCPIL6810265","name":"EUROPLAZA CP6000","address":"56 Hoogoorddreef","city":"Amsterdam","operatorName":"ChargePoint","maxPowerKw":22,"isMegawatt":false,"status":"CHARGING","source":"ndw","priceKwh":0.57}},{"type":"Feature","geometry":{"type":"Point","coordinates":[4.969147,52.370686]},"properties":{"type":"charge","layer":"passenger","locationId":"5f95eedd-99e6-476e-bf36-b66020ae3586","name":"TNLP011011 - Leo Hornstraat 23, Amsterdam","address":"23 Leo Hornstraat","city":"Amsterdam","operatorName":"TotalEnergies","maxPowerKw":17,"isMegawatt":false,"status":"CHARGING","source":"ndw"}},{"type":"Feature","geometry":{"type":"Point","coordinates":[4.952818,52.297648]},"properties":{"type":"charge","layer":"passenger","locationId":"OST19P0084_0029_0","name":"OST19P0084_0029_0","address":"Paasheuvelweg 29","city":"Amsterdam","operatorName":"e-VOLTT","maxPowerKw":12,"isMegawatt":false,"status":"AVAILABLE","source":"ndw"}},{"type":"Feature","geometry":{"type":"Point","coordinates":[4.843391,52.364624]},"properties":{"type":"charge","layer":"passenger","locationId":"696c9f58-8fa1-4774-8d8d-3aefa4e025db","name":"Laadplein - TNLP010215 - Staalmeesterslaan 85, Amsterdam","address":"85 Staalmeesterslaan","city":"Amsterdam","operatorName":"TotalEnergies","maxPowerKw":17,"isMegawatt":false,"status":"AVAILABLE","source":"ndw"}},{"type":"Feature","geometry":{"type":"Point","coordinates":[4.958024,52.392612]},"properties":{"type":"charge","layer":"passenger","locationId":"769f60f0-fa1e-43ae-a6dd-b07cf0629107","name":"TNLP010730 - Krabbendamstraat 57, Amsterdam","address":"57 Krabbendamstraat","city":"Amsterdam","operatorName":"TotalEnergies","maxPowerKw":17,"isMegawatt":false,"status":"CHARGING","source":"ndw"}},{"type":"Feature","geometry":{"type":"Point","coordinates":[4.840784,52.360184]},"properties":{"type":"charge","layer":"passenger","locationId":"32f7d36d-a418-4635-9bab-75a710648188","name":"TNLP011759 - Charles Leickertstraat 1 2, Amsterdam","address":"1 2 Charles Leickertstraat","city":"Amsterdam","operatorName":"TotalEnergies","maxPowerKw":17,"isMegawatt":false,"status":"UNAVAILABLE","source":"ndw"}},{"type":"Feature","geometry":{"type":"Point","coordinates":[4.836956,52.368245]},"properties":{"type":"charge","layer":"passenger","locationId":"466FC245-215D-4C22-A150-00328124AC6A","name":"Eneco eMobility EVB-P1446103","address":"Jan Tooropstraat 138","city":"Amsterdam","operatorName":"Eneco","maxPowerKw":22,"isMegawatt":false,"status":"AVAILABLE","source":"ndw","priceKwh":0.32}},{"type":"Feature","geometry":{"type":"Point","coordinates":[4.910622,52.34282]},"properties":{"type":"charge","layer":"passenger","locationId":"5f23b7be-673b-4432-86ed-2b9ad216a1f0","name":"TNLP011255 - Reitdiepstraat 15, Amsterdam","address":"15 Reitdiepstraat","city":"Amsterdam","operatorName":"TotalEnergies","maxPowerKw":17,"isMegawatt":false,"status":"CHARGING","source":"ndw"}},{"type":"Feature","geometry":{"type":"Point","coordinates":[4.841336,52.381638]},"properties":{"type":"charge","layer":"passenger","locationId":"4923867c-36cb-41ff-b3c7-295165a7165b","name":"TNLP011875 - Wiltzanghlaan 85, Amsterdam","address":"85 Wiltzanghlaan","city":"Amsterdam","operatorName":"TotalEnergies","maxPowerKw":17,"isMegawatt":false,"status":"AVAILABLE","source":"ndw"}},{"type":"Feature","geometry":{"type":"Point","coordinates":[4.946934,52.32628]},"properties":{"type":"charge","layer":"passenger","locationId":"7eecbec6-7f5f-44d1-9d84-9148001b822b","name":"TNLP010415 - Dalsteindreef 328, Amsterdam","address":"328 Dalsteindreef","city":"Amsterdam","operatorName":"TotalEnergies","maxPowerKw":17,"isMegawatt":false,"status":"AVAILABLE","source":"ndw"}},{"type":"Feature","geometry":{"type":"Point","coordinates":[4.897929,52.350365]},"properties":{"type":"charge","layer":"passenger","locationId":"cbc93e76-4ba2-4965-977d-8920b4a62f76","name":"TNLP011256 - Willem Passtoorsstraat 139, Amsterdam","address":"139 Willem Passtoorsstraat","city":"Amsterdam","operatorName":"TotalEnergies","maxPowerKw":17,"isMegawatt":false,"status":"AVAILABLE","source":"ndw"}},{"type":"Feature","geometry":{"type":"Point","coordinates":[4.801397,52.374565]},"properties":{"type":"charge","layer":"passenger","locationId":"9a6add31-784e-4beb-869b-514ab2136935","name":"TNLP011045 - Troelstralaan 287, Amsterdam","address":"287 Troelstralaan","city":"Amsterdam","operatorName":"TotalEnergies","maxPowerKw":17,"isMegawatt":false,"status":"AVAILABLE","source":"ndw"}},{"type":"Feature","geometry":{"type":"Point","coordinates":[5.0445476,52.312824]},"properties":{"type":"charge","layer":"passenger","locationId":"cbfcafbc-2981-4fb4-93bb-d7481826ebe9","name":"Laadplein - Leeuwenveldseweg 5, Weesp","address":"5 Leeuwenveldseweg","city":"Weesp","operatorName":"TotalEnergies","maxPowerKw":17,"isMegawatt":false,"status":"UNAVAILABLE","source":"ndw"}},{"type":"Feature","geometry":{"type":"Point","coordinates":[4.88524,52.378845]},"properties":{"type":"charge","layer":"passenger","locationId":"ed460f96-27af-4b2e-a39c-a7b37c4d411e","name":"TNLP010814 - Westerstraat 36, Amsterdam","address":"36 Westerstraat","city":"Amsterdam","operatorName":"TotalEnergies","maxPowerKw":17,"isMegawatt":false,"status":"AVAILABLE","source":"ndw"}},{"type":"Feature","geometry":{"type":"Point","coordinates":[4.801438,52.383278]},"properties":{"type":"charge","layer":"passenger","locationId":"f1b74217-3bc3-421e-a02f-ea3551d91685","name":"TNLP010192 - Abraham Kuyperstraat 1, Amsterdam","address":"1 Abraham Kuyperstraat","city":"Amsterdam","operatorName":"TotalEnergies","maxPowerKw":17,"isMegawatt":false,"status":"CHARGING","source":"ndw"}},{"type":"Feature","geometry":{"type":"Point","coordinates":[4.93027,52.353231]},"properties":{"type":"charge","layer":"passenger","locationId":"EE2B9891-AD0A-43F9-A1E8-D825747E085E","name":"Eneco eMobility AHAM Vastgoed","address":"Middenweg 56 V","city":"Amsterdam","operatorName":"Eneco","maxPowerKw":11,"isMegawatt":false,"status":"AVAILABLE","source":"ndw","priceKwh":0.5}},{"type":"Feature","geometry":{"type":"Point","coordinates":[4.897489,52.342506]},"properties":{"type":"charge","layer":"passenger","locationId":"2e0fb104-30d0-42bc-9b00-b47c864ba9e0","name":"TNLP011016 - Uiterwaardenstraat 284, Amsterdam","address":"284 Uiterwaardenstraat","city":"Amsterdam","operatorName":"TotalEnergies","maxPowerKw":17,"isMegawatt":false,"status":"CHARGING","source":"ndw"}},{"type":"Feature","geometry":{"type":"Point","coordinates":[4.903782,52.357166]},"properties":{"type":"charge","layer":"passenger","locationId":"04cf6967-6c8e-4b76-bd39-eec8c8a61bad","name":"TNLP010420 - Tweede Jan Steenstraat 115 IV, Amsterdam","address":"115 IV Tweede Jan Steenstraat","city":"Amsterdam","operatorName":"TotalEnergies","maxPowerKw":17,"isMegawatt":false,"status":"CHARGING","source":"ndw"}},{"type":"Feature","geometry":{"type":"Point","coordinates":[4.946727,52.34245]},"properties":{"type":"charge","layer":"passenger","locationId":"66b14140-a1a1-4cff-9a6f-e11f416db9fd","name":"TNLP011351 - Brinkstraat 11, Amsterdam","address":"11 Brinkstraat","city":"Amsterdam","operatorName":"TotalEnergies","maxPowerKw":17,"isMegawatt":false,"status":"AVAILABLE","source":"ndw"}},{"type":"Feature","geometry":{"type":"Point","coordinates":[4.839518,52.386846]},"properties":{"type":"charge","layer":"passenger","locationId":"65a8fbe5a7a21c001cf4cbee","name":"Hotel2Stay - Amsterdam","address":"Tempelhofstraat 2","city":"Amsterdam","operatorName":"Fleet Charge Services","maxPowerKw":11,"isMegawatt":false,"status":"AVAILABLE","source":"ndw","priceKwh":0.48}},{"type":"Feature","geometry":{"type":"Point","coordinates":[4.92445,52.393784]},"properties":{"type":"charge","layer":"passenger","locationId":"0ae7d5bc-105b-483b-813d-4a8db5bab613","name":"TNLP010970 - Texelweg 93, Amsterdam","address":"93 Texelweg","city":"Amsterdam","operatorName":"TotalEnergies","maxPowerKw":17,"isMegawatt":false,"status":"AVAILABLE","source":"ndw"}},{"type":"Feature","geometry":{"type":"Point","coordinates":[4.878544,52.361988]},"properties":{"type":"charge","layer":"passenger","locationId":"186f0bcc-d2b4-42d4-ac54-ede5522cec7c","name":"TNLP011243 - Tesselschadestraat 15, Amsterdam","address":"15 Tesselschadestraat","city":"Amsterdam","operatorName":"TotalEnergies","maxPowerKw":17,"isMegawatt":false,"status":"AVAILABLE","source":"ndw"}},{"type":"Feature","geometry":{"type":"Point","coordinates":[4.88973,52.35437]},"properties":{"type":"charge","layer":"passenger","locationId":"7f5bcb0e-787f-43a6-a4a6-22751ad9bf92","name":"TNLP010403 - Govert Flinckstraat 106, Amsterdam","address":"106 Govert Flinckstraat","city":"Amsterdam","operatorName":"TotalEnergies","maxPowerKw":17,"isMegawatt":false,"status":"AVAILABLE","source":"ndw"}},{"type":"Feature","geometry":{"type":"Point","coordinates":[5.029201,52.31515]},"properties":{"type":"charge","layer":"passenger","locationId":"8c11451a-f679-445a-b467-4e7b307b48a6","name":"TNLP011774 - Heemraadweg 101, Weesp","address":"101 Heemraadweg","city":"Weesp","operatorName":"TotalEnergies","maxPowerKw":17,"isMegawatt":false,"status":"CHARGING","source":"ndw"}},{"type":"Feature","geometry":{"type":"Point","coordinates":[4.859378,52.357677]},"properties":{"type":"charge","layer":"passenger","locationId":"3df2022b-f890-4eff-aa40-9bd427f78800","name":"TNLP010379 - Frederiksstraat 142, Amsterdam","address":"142 Frederiksstraat","city":"Amsterdam","operatorName":"TotalEnergies","maxPowerKw":17,"isMegawatt":false,"status":"AVAILABLE","source":"ndw"}},{"type":"Feature","geometry":{"type":"Point","coordinates":[4.973147,52.292175]},"properties":{"type":"charge","layer":"passenger","locationId":"388727eb-7975-4cb4-abf8-50e9567b4c26","name":"TNLP010951 - Slikkerveerstraat 5, Amsterdam","address":"5 Slikkerveerstraat","city":"Amsterdam","operatorName":"TotalEnergies","maxPowerKw":17,"isMegawatt":false,"status":"AVAILABLE","source":"ndw"}},{"type":"Feature","geometry":{"type":"Point","coordinates":[4.862311,52.34948]},"properties":{"type":"charge","layer":"passenger","locationId":"47106821-92dd-4742-b4df-e23944147646","name":"TNLP011780 - Speerstraat 1, Amsterdam","address":"1 Speerstraat","city":"Amsterdam","operatorName":"TotalEnergies","maxPowerKw":17,"isMegawatt":false,"status":"AVAILABLE","source":"ndw"}},{"type":"Feature","geometry":{"type":"Point","coordinates":[4.875985,52.390167]},"properties":{"type":"charge","layer":"passenger","locationId":"51e0c036-13a9-435c-b936-7d054f8e76d3","name":"TNLP011238 - Spaarndammerplantsoen 8, Amsterdam","address":"8 Spaarndammerplantsoen","city":"Amsterdam","operatorName":"TotalEnergies","maxPowerKw":17,"isMegawatt":false,"status":"CHARGING","source":"ndw"}},{"type":"Feature","geometry":{"type":"Point","coordinates":[4.845737,52.374825]},"properties":{"type":"charge","layer":"passenger","locationId":"8a4689bb-1e1e-4d1f-a8a0-bcf39bfe4694","name":"TNLP010427 - Robert Scottstraat 50, Amsterdam","address":"50 Robert Scottstraat","city":"Amsterdam","operatorName":"TotalEnergies","maxPowerKw":17,"isMegawatt":false,"status":"AVAILABLE","source":"ndw"}},{"type":"Feature","geometry":{"type":"Point","coordinates":[4.978851,52.3201]},"properties":{"type":"charge","layer":"passenger","locationId":"f2c41cd9-37ca-422f-b68d-a77d4a7c38d4","name":"TNLP011031 - Kleiburg 1, Amsterdam","address":"1 Kleiburg","city":"Amsterdam","operatorName":"TotalEnergies","maxPowerKw":17,"isMegawatt":false,"status":"AVAILABLE","source":"ndw"}},{"type":"Feature","geometry":{"type":"Point","coordinates":[4.930074,52.40132]},"properties":{"type":"charge","layer":"passenger","locationId":"6D15B720-E99F-4CF2-9BBF-7C9815E2EEF0","name":"Eneco eMobility De Sociale Maatschap - Amsterdam","address":"Elzenhagensingel 757","city":"Amsterdam","operatorName":"Eneco","maxPowerKw":11,"isMegawatt":false,"status":"AVAILABLE","source":"ndw","priceKwh":0.24}},{"type":"Feature","geometry":{"type":"Point","coordinates":[4.871832,52.38102]},"properties":{"type":"charge","layer":"passenger","locationId":"6511138d-fdee-4a25-8454-dcaadbf64ad6","name":"TNLP010093 - Eerste Keucheniusstraat 167, Amsterdam","address":"167 Eerste Keucheniusstraat","city":"Amsterdam","operatorName":"TotalEnergies","maxPowerKw":17,"isMegawatt":false,"status":"AVAILABLE","source":"ndw"}},{"type":"Feature","geometry":{"type":"Point","coordinates":[4.915269,52.390751]},"properties":{"type":"charge","layer":"passenger","locationId":"NLLOC019670","name":"Allego - Amsterdam NO Winkelcentrum Mosveld","address":"Volewijkshof 1","city":"Amsterdam","operatorName":"Allego","maxPowerKw":150,"isMegawatt":false,"status":"AVAILABLE","source":"ndw","priceKwh":0.655}},{"type":"Feature","geometry":{"type":"Point","coordinates":[4.872912,52.363274]},"properties":{"type":"charge","layer":"passenger","locationId":"7f90dd64-fe9f-416b-88bf-9b376ac30af1","name":"TNLP010641 - Tweede Constantijn Huygensstraat 34, Amsterdam","address":"34 Tweede Constantijn Huygensstraat","city":"Amsterdam","operatorName":"TotalEnergies","maxPowerKw":17,"isMegawatt":false,"status":"AVAILABLE","source":"ndw"}},{"type":"Feature","geometry":{"type":"Point","coordinates":[4.893661,52.353218]},"properties":{"type":"charge","layer":"passenger","locationId":"b96a3b1e-65c7-4594-a2df-d65b960bdd7c","name":"TNLP011175 - Ceintuurbaan 147, Amsterdam","address":"147 Ceintuurbaan","city":"Amsterdam","operatorName":"TotalEnergies","maxPowerKw":17,"isMegawatt":false,"status":"AVAILABLE","source":"ndw"}},{"type":"Feature","geometry":{"type":"Point","coordinates":[4.878371,52.32713]},"properties":{"type":"charge","layer":"passenger","locationId":"06077801-c821-4a3d-916c-a70409f1b783","name":"TNLP010648 - Zeelandstraat 52, Amsterdam","address":"52 Zeelandstraat","city":"Amsterdam","operatorName":"TotalEnergies","maxPowerKw":17,"isMegawatt":false,"status":"CHARGING","source":"ndw"}},{"type":"Feature","geometry":{"type":"Point","coordinates":[4.915891,52.403152]},"properties":{"type":"charge","layer":"passenger","locationId":"d127e06b-ad34-4645-bfab-23a690dc20c1","name":"TNLP011213 - Schepenlaan 15, Amsterdam","address":"15 Schepenlaan","city":"Amsterdam","operatorName":"TotalEnergies","maxPowerKw":17,"isMegawatt":false,"status":"AVAILABLE","source":"ndw"}},{"type":"Feature","geometry":{"type":"Point","coordinates":[4.79384,52.353836]},"properties":{"type":"charge","layer":"passenger","locationId":"39342a5e-f90e-4d72-ae97-565d8b351310","name":"TNLP011438 - Nierkerkestraat 45, Amsterdam","address":"45 Nierkerkestraat","city":"Amsterdam","operatorName":"TotalEnergies","maxPowerKw":17,"isMegawatt":false,"status":"AVAILABLE","source":"ndw"}},{"type":"Feature","geometry":{"type":"Point","coordinates":[4.847688,52.349777]},"properties":{"type":"charge","layer":"passenger","locationId":"531b6da2-20c3-4912-bb2e-5734883b7b3e","name":"TNLP010250 - Woestduinstraat 151 HS, Amsterdam","address":"151 HS Woestduinstraat","city":"Amsterdam","operatorName":"TotalEnergies","maxPowerKw":17,"isMegawatt":false,"status":"CHARGING","source":"ndw"}},{"type":"Feature","geometry":{"type":"Point","coordinates":[4.926798,52.352818]},"properties":{"type":"charge","layer":"passenger","locationId":"66c60e19-4254-4bce-821c-dc31cc4ff2ad","name":"TNLP010227 - Willem Beukelsstraat 24, Amsterdam","address":"24 Willem Beukelsstraat","city":"Amsterdam","operatorName":"TotalEnergies","maxPowerKw":17,"isMegawatt":false,"status":"CHARGING","source":"ndw"}},{"type":"Feature","geometry":{"type":"Point","coordinates":[4.917013,52.39311]},"properties":{"type":"charge","layer":"passenger","locationId":"690bca05-7570-44d6-88ea-5fc403e8e90b","name":"TNLP010499 - Ribesstraat 2, Amsterdam","address":"2 Ribesstraat","city":"Amsterdam","operatorName":"TotalEnergies","maxPowerKw":17,"isMegawatt":false,"status":"AVAILABLE","source":"ndw"}},{"type":"Feature","geometry":{"type":"Point","coordinates":[4.941987,52.309652]},"properties":{"type":"charge","layer":"passenger","locationId":"60e6c5c85cd294a23850506b","name":"Hoogoordreef 66A, Amsterdam (Holiday Inn)","address":"Hoogoorddreef 66A","city":"Amsterdam","operatorName":"E-Flux by Road","maxPowerKw":22,"isMegawatt":false,"status":"AVAILABLE","source":"ndw","priceKwh":0.43}},{"type":"Feature","geometry":{"type":"Point","coordinates":[4.965904,52.32611]},"properties":{"type":"charge","layer":"passenger","locationId":"92e9f3a2-efc6-4264-97a2-21f4c839d0c1","name":"TNLP011027 - Eerstegeluk 68, Amsterdam","address":"68 Eerstegeluk","city":"Amsterdam","operatorName":"TotalEnergies","maxPowerKw":17,"isMegawatt":false,"status":"AVAILABLE","source":"ndw"}},{"type":"Feature","geometry":{"type":"Point","coordinates":[4.901006,52.34104]},"properties":{"type":"charge","layer":"passenger","locationId":"ddfec1d1-5750-47e3-94a8-f480701ab46b","name":"TNLP010765 - Moerdijkstraat 56, Amsterdam","address":"56 Moerdijkstraat","city":"Amsterdam","operatorName":"TotalEnergies","maxPowerKw":17,"isMegawatt":false,"status":"AVAILABLE","source":"ndw"}},{"type":"Feature","geometry":{"type":"Point","coordinates":[4.907152,52.377114]},"properties":{"type":"charge","layer":"passenger","locationId":"3ee30f843f6b47d19eb8294b1a8c5d63","name":"TomTom BV","address":"De Ruiijterkade 154","city":"Amsterdam","operatorName":"MIP BV","maxPowerKw":22,"isMegawatt":false,"status":"AVAILABLE","source":"ndw","priceKwh":0.29}},{"type":"Feature","geometry":{"type":"Point","coordinates":[4.906699,52.37125]},"properties":{"type":"charge","layer":"passenger","locationId":"729b2de7-6410-4ef0-a054-139b93a0d5ba","name":"TNLP011221 - Nieuwe Uilenburgerstraat 10, Amsterdam","address":"10 Nieuwe Uilenburgerstraat","city":"Amsterdam","operatorName":"TotalEnergies","maxPowerKw":17,"isMegawatt":false,"status":"AVAILABLE","source":"ndw"}},{"type":"Feature","geometry":{"type":"Point","coordinates":[4.854673,52.394272]},"properties":{"type":"charge","layer":"passenger","locationId":"E40A4586-0024-41B0-865F-5D4FAC613E3B","name":"Eneco eMobility Royal HaskoningDHV Amsterdam","address":"Contactweg 47","city":"Amsterdam","operatorName":"Eneco","maxPowerKw":11,"isMegawatt":false,"status":"AVAILABLE","source":"ndw","priceKwh":0.3}},{"type":"Feature","geometry":{"type":"Point","coordinates":[4.856865,52.383892]},"properties":{"type":"charge","layer":"passenger","locationId":"b1a7501c-7a73-4429-a315-3d4a48b8cf77","name":"TNLP011521 - Adolf van Nassaustraat 41, Amsterdam","address":"41 Adolf van Nassaustraat","city":"Amsterdam","operatorName":"TotalEnergies","maxPowerKw":17,"isMegawatt":false,"status":"AVAILABLE","source":"ndw"}},{"type":"Feature","geometry":{"type":"Point","coordinates":[4.869027,52.38217]},"properties":{"type":"charge","layer":"passenger","locationId":"d5742510-059f-4d45-b7b2-1c3e4f3f6e79","name":"TNLP010494 - De Kempenaerstraat 2, Amsterdam","address":"2 De Kempenaerstraat","city":"Amsterdam","operatorName":"TotalEnergies","maxPowerKw":17,"isMegawatt":false,"status":"AVAILABLE","source":"ndw"}},{"type":"Feature","geometry":{"type":"Point","coordinates":[4.916855,52.349401]},"properties":{"type":"charge","layer":"passenger","locationId":"NLLOC027922","name":"Allego - Amsterdam O Pauwenpad","address":"Pauwenpad 1","city":"Amsterdam","operatorName":"Allego","maxPowerKw":200,"isMegawatt":false,"status":"AVAILABLE","source":"ndw","priceKwh":0.655}},{"type":"Feature","geometry":{"type":"Point","coordinates":[4.882473,52.363208]},"properties":{"type":"charge","layer":"passenger","locationId":"6925a0d5a74cdf3668ca11df","name":"Hirsch & Cie","address":"Leidsekade  107","city":"Amsterdam","operatorName":"E-Flux by Road","maxPowerKw":22,"isMegawatt":false,"status":"AVAILABLE","source":"ndw","priceKwh":0.58}},{"type":"Feature","geometry":{"type":"Point","coordinates":[4.94473,52.2941]},"properties":{"type":"charge","layer":"passenger","locationId":"NL9110000448_CPN02","name":"Porsche Sales & Marketplace PC Amsterdam Charge Point 2","address":"Sijsjesbergweg 50","city":"Amsterdam","operatorName":"Porsche Sales & Marketplace","maxPowerKw":320,"isMegawatt":false,"status":"UNAVAILABLE","source":"ndw","priceKwh":0.82}},{"type":"Feature","geometry":{"type":"Point","coordinates":[4.992284,52.355446]},"properties":{"type":"charge","layer":"passenger","locationId":"c0640865-7c7c-4a61-969e-6e673c9a0f0c","name":"TNLP010033 - Zwanebloemlaan 72, Amsterdam","address":"72 Zwanebloemlaan","city":"Amsterdam","operatorName":"TotalEnergies","maxPowerKw":17,"isMegawatt":false,"status":"AVAILABLE","source":"ndw"}},{"type":"Feature","geometry":{"type":"Point","coordinates":[5.044047,52.300964]},"properties":{"type":"charge","layer":"passenger","locationId":"ffecc7b6-a107-4088-b365-0ae111d5d7a2","name":"TNLP011569 - Rondeel 2, Weesp","address":"2 Rondeel","city":"Weesp","operatorName":"TotalEnergies","maxPowerKw":17,"isMegawatt":false,"status":"AVAILABLE","source":"ndw"}},{"type":"Feature","geometry":{"type":"Point","coordinates":[4.949948,52.322956]},"properties":{"type":"charge","layer":"passenger","locationId":"a0dc5dd5-fa07-4b44-a148-58a871104f10","name":"TNLP010081 - Dubbelink 11, Amsterdam","address":"11 Dubbelink","city":"Amsterdam","operatorName":"TotalEnergies","maxPowerKw":17,"isMegawatt":false,"status":"AVAILABLE","source":"ndw"}},{"type":"Feature","geometry":{"type":"Point","coordinates":[4.828207,52.3756]},"properties":{"type":"charge","layer":"passenger","locationId":"11c0b494-2720-44db-b9b0-c2a5d32062ec","name":"TNLP010115 - Louis Couperusstraat 87, Amsterdam","address":"87 Louis Couperusstraat","city":"Amsterdam","operatorName":"TotalEnergies","maxPowerKw":17,"isMegawatt":false,"status":"UNAVAILABLE","source":"ndw"}},{"type":"Feature","geometry":{"type":"Point","coordinates":[4.849565,52.352493]},"properties":{"type":"charge","layer":"passenger","locationId":"2b5e193c-c679-47ce-b719-e7e0579531e9","name":"TNLP010102 - Warmondstraat 175, Amsterdam","address":"175 Warmondstraat","city":"Amsterdam","operatorName":"TotalEnergies","maxPowerKw":17,"isMegawatt":false,"status":"CHARGING","source":"ndw"}},{"type":"Feature","geometry":{"type":"Point","coordinates":[4.91344,52.357624]},"properties":{"type":"charge","layer":"passenger","locationId":"cf225fad-f223-436d-b92c-e3e453fcd6c3","name":"TNLP010988 - Blasiusstraat 174, Amsterdam","address":"174 Blasiusstraat","city":"Amsterdam","operatorName":"TotalEnergies","maxPowerKw":17,"isMegawatt":false,"status":"AVAILABLE","source":"ndw"}},{"type":"Feature","geometry":{"type":"Point","coordinates":[4.93822,52.30671]},"properties":{"type":"charge","layer":"passenger","locationId":"0EAB47F1-069A-4E35-A110-0D86F5A46B49","name":"Eneco eMobility Decoratelier Nationale Opera & Ballet","address":"Kollenbergweg 1","city":"Amsterdam","operatorName":"Eneco","maxPowerKw":22,"isMegawatt":false,"status":"AVAILABLE","source":"ndw","priceKwh":0.32}},{"type":"Feature","geometry":{"type":"Point","coordinates":[4.863073,52.350994]},"properties":{"type":"charge","layer":"passenger","locationId":"123ea9c2-a71f-49cf-a96a-55e97f73585d","name":"TNLP010386 - Okeghemstraat 28, Amsterdam","address":"28 Okeghemstraat","city":"Amsterdam","operatorName":"TotalEnergies","maxPowerKw":17,"isMegawatt":false,"status":"AVAILABLE","source":"ndw"}},{"type":"Feature","geometry":{"type":"Point","coordinates":[4.979859,52.362766]},"properties":{"type":"charge","layer":"passenger","locationId":"219f89f0-82d7-4f1b-a8f7-3464b65199bc","name":"TNLP010734 - Jan Olphert Vaillantlaan 1, Amsterdam","address":"1 Jan Olphert Vaillantlaan","city":"Amsterdam","operatorName":"TotalEnergies","maxPowerKw":17,"isMegawatt":false,"status":"CHARGING","source":"ndw"}},{"type":"Feature","geometry":{"type":"Point","coordinates":[4.899564,52.403187]},"properties":{"type":"charge","layer":"passenger","locationId":"351d50a4-5c32-4ccf-9d3d-e6af437a561f","name":"TNLP010332 - Ponserstraat 1, Amsterdam","address":"1 Ponserstraat","city":"Amsterdam","operatorName":"TotalEnergies","maxPowerKw":17,"isMegawatt":false,"status":"CHARGING","source":"ndw"}},{"type":"Feature","geometry":{"type":"Point","coordinates":[4.948388,52.304747]},"properties":{"type":"charge","layer":"passenger","locationId":"633e961df5393b37bda0b34b","name":"Karsp: Leaseplan","address":"Karspeldreef  4","city":"Amsterdam","operatorName":"E-Flux by Road","maxPowerKw":22,"isMegawatt":false,"status":"AVAILABLE","source":"ndw","priceKwh":0.48}},{"type":"Feature","geometry":{"type":"Point","coordinates":[4.839116,52.36199]},"properties":{"type":"charge","layer":"passenger","locationId":"6c49e4af-5921-4fbd-ab09-535b2d1e4b5e","name":"TNLP010895 - Suze Robertsonstraat 115, Amsterdam","address":"115 Suze Robertsonstraat","city":"Amsterdam","operatorName":"TotalEnergies","maxPowerKw":17,"isMegawatt":false,"status":"AVAILABLE","source":"ndw"}},{"type":"Feature","geometry":{"type":"Point","coordinates":[4.950243,52.398415]},"properties":{"type":"charge","layer":"passenger","locationId":"d251cfdb-07bd-46fc-9a1c-0b2c1f47edb0","name":"TNLP011305 - Jisperveldstraat 288, Amsterdam","address":"288 Jisperveldstraat","city":"Amsterdam","operatorName":"TotalEnergies","maxPowerKw":17,"isMegawatt":false,"status":"CHARGING","source":"ndw"}},{"type":"Feature","geometry":{"type":"Point","coordinates":[4.889203,52.348076]},"properties":{"type":"charge","layer":"passenger","locationId":"ca42fc1a-d9b1-4cdc-9327-b0621b8335ee","name":"TNLP011110 - Amstelkade 166, Amsterdam","address":"166 Amstelkade","city":"Amsterdam","operatorName":"TotalEnergies","maxPowerKw":17,"isMegawatt":false,"status":"AVAILABLE","source":"ndw"}},{"type":"Feature","geometry":{"type":"Point","coordinates":[4.94696,52.374016]},"properties":{"type":"charge","layer":"passenger","locationId":"89da0caa-52f5-4180-8938-756c37bdeffb","name":"TNLP010226 - Seinwachterstraat 59, Amsterdam","address":"59 Seinwachterstraat","city":"Amsterdam","operatorName":"TotalEnergies","maxPowerKw":17,"isMegawatt":false,"status":"AVAILABLE","source":"ndw"}},{"type":"Feature","geometry":{"type":"Point","coordinates":[4.846462,52.385843]},"properties":{"type":"charge","layer":"passenger","locationId":"1276968","name":"Laadnet XO Hotels Park West","address":"Molenwerf 1","city":"Amsterdam","operatorName":"Laadnet","maxPowerKw":22,"isMegawatt":false,"status":"AVAILABLE","source":"ndw"}},{"type":"Feature","geometry":{"type":"Point","coordinates":[4.889989,52.349655]},"properties":{"type":"charge","layer":"passenger","locationId":"f705d7d5-9d7e-4c46-b4cc-a925b58674ca","name":"TNLP011555 - Van Hilligaertstraat 208, Amsterdam","address":"208 Van Hilligaertstraat","city":"Amsterdam","operatorName":"TotalEnergies","maxPowerKw":17,"isMegawatt":false,"status":"CHARGING","source":"ndw"}},{"type":"Feature","geometry":{"type":"Point","coordinates":[4.927302,52.39979]},"properties":{"type":"charge","layer":"passenger","locationId":"2bc5b7db-964a-4e90-b6da-d0fe5a8de984","name":"TNLP010130 - J.H. Hisgenpad 261, Amsterdam","address":"261 J.H. Hisgenpad","city":"Amsterdam","operatorName":"TotalEnergies","maxPowerKw":17,"isMegawatt":false,"status":"AVAILABLE","source":"ndw"}},{"type":"Feature","geometry":{"type":"Point","coordinates":[4.903468,52.399216]},"properties":{"type":"charge","layer":"passenger","locationId":"d8fc0675-c9c9-445c-a4b0-2a90bf34e4a4","name":"TNLP010975 - Maagdenpalmstraat 6, Amsterdam","address":"6 Maagdenpalmstraat","city":"Amsterdam","operatorName":"TotalEnergies","maxPowerKw":17,"isMegawatt":false,"status":"AVAILABLE","source":"ndw"}},{"type":"Feature","geometry":{"type":"Point","coordinates":[4.914189,52.357018]},"properties":{"type":"charge","layer":"passenger","locationId":"677bb97d-cd53-4df2-87a2-e787184a0837","name":"TNLP011319 - Iepenweg 19, Amsterdam","address":"19 Iepenweg","city":"Amsterdam","operatorName":"TotalEnergies","maxPowerKw":17,"isMegawatt":false,"status":"AVAILABLE","source":"ndw"}},{"type":"Feature","geometry":{"type":"Point","coordinates":[4.8644,52.367424]},"properties":{"type":"charge","layer":"passenger","locationId":"d9c7a474-dc1f-4da2-9474-1481f43f6867","name":"TNLP011093 - Bellamydwarsstraat 10, Amsterdam","address":"10 Bellamydwarsstraat","city":"Amsterdam","operatorName":"TotalEnergies","maxPowerKw":17,"isMegawatt":false,"status":"AVAILABLE","source":"ndw"}},{"type":"Feature","geometry":{"type":"Point","coordinates":[4.946369,52.33976]},"properties":{"type":"charge","layer":"passenger","locationId":"696508ab-83b8-4e86-b870-294e866d4d49","name":"TNLP010229 - Zuivelplein 9, Amsterdam","address":"9 Zuivelplein","city":"Amsterdam","operatorName":"TotalEnergies","maxPowerKw":17,"isMegawatt":false,"status":"AVAILABLE","source":"ndw"}},{"type":"Feature","geometry":{"type":"Point","coordinates":[4.804805,52.37476]},"properties":{"type":"charge","layer":"passenger","locationId":"8ec03f28-382d-4755-a3a0-c16c45920b74","name":"TNLP010606 - Gillis Steltmanstraat 11, Amsterdam","address":"11 Gillis Steltmanstraat","city":"Amsterdam","operatorName":"TotalEnergies","maxPowerKw":17,"isMegawatt":false,"status":"AVAILABLE","source":"ndw"}},{"type":"Feature","geometry":{"type":"Point","coordinates":[4.959029,52.356548]},"properties":{"type":"charge","layer":"passenger","locationId":"6537b930609582001c1e805d","name":"KEN 301 Matrix FIVE","address":"Science Park 406","city":"Amsterdam","operatorName":"E-Flux by Road","maxPowerKw":11,"isMegawatt":false,"status":"AVAILABLE","source":"ndw","priceKwh":0.48}},{"type":"Feature","geometry":{"type":"Point","coordinates":[4.869263,52.332554]},"properties":{"type":"charge","layer":"passenger","locationId":"156b90c1-e0f0-405b-a292-1dc65ac47aae","name":"TNLP010584 - Buitenveldertselaan 27, Amsterdam","address":"27 Buitenveldertselaan","city":"Amsterdam","operatorName":"TotalEnergies","maxPowerKw":17,"isMegawatt":false,"status":"AVAILABLE","source":"ndw"}},{"type":"Feature","geometry":{"type":"Point","coordinates":[4.952818,52.297648]},"properties":{"type":"charge","layer":"passenger","locationId":"OST19P0084_0029_1","name":"OST19P0084_0029_1","address":"Paasheuvelweg 29","city":"Amsterdam","operatorName":"e-VOLTT","maxPowerKw":19,"isMegawatt":false,"status":"AVAILABLE","source":"ndw"}},{"type":"Feature","geometry":{"type":"Point","coordinates":[4.850083,52.361916]},"properties":{"type":"charge","layer":"passenger","locationId":"1b72b985-0f6e-4df8-99c0-26895be3d82b","name":"TNLP011102 - Postjeskade 141, Amsterdam","address":"141 Postjeskade","city":"Amsterdam","operatorName":"TotalEnergies","maxPowerKw":17,"isMegawatt":false,"status":"AVAILABLE","source":"ndw"}},{"type":"Feature","geometry":{"type":"Point","coordinates":[4.810315,52.354027]},"properties":{"type":"charge","layer":"passenger","locationId":"3a4204ac-92f0-4d09-89f0-2ec08ece06bb","name":"TNLP010465 - Pieter Calandlaan 353, Amsterdam","address":"353 Pieter Calandlaan","city":"Amsterdam","operatorName":"TotalEnergies","maxPowerKw":17,"isMegawatt":false,"status":"AVAILABLE","source":"ndw"}},{"type":"Feature","geometry":{"type":"Point","coordinates":[4.895873,52.341553]},"properties":{"type":"charge","layer":"passenger","locationId":"cc5d76a0-854a-4e17-aec0-a920431599f5","name":"TNLP011481 - Uiterwaardenstraat 275, Amsterdam","address":"275 Uiterwaardenstraat","city":"Amsterdam","operatorName":"TotalEnergies","maxPowerKw":17,"isMegawatt":false,"status":"CHARGING","source":"ndw"}},{"type":"Feature","geometry":{"type":"Point","coordinates":[4.854584,52.33709]},"properties":{"type":"charge","layer":"passenger","locationId":"OST20P0054_0004_0","name":"OST20P0054_0004_0","address":"Amstelveenseweg 500","city":"Amsterdam","operatorName":"e-VOLTT","maxPowerKw":38,"isMegawatt":false,"status":"AVAILABLE","source":"ndw","priceKwh":0.26}},{"type":"Feature","geometry":{"type":"Point","coordinates":[4.915853,52.3627]},"properties":{"type":"charge","layer":"passenger","locationId":"672e0f96-177b-4535-9667-96801cfa5379","name":"TNLP011172 - Sarphatistraat 213, Amsterdam","address":"213 Sarphatistraat","city":"Amsterdam","operatorName":"TotalEnergies","maxPowerKw":17,"isMegawatt":false,"status":"AVAILABLE","source":"ndw"}},{"type":"Feature","geometry":{"type":"Point","coordinates":[4.806334,52.382034]},"properties":{"type":"charge","layer":"passenger","locationId":"4a306896-1eea-4f38-b4b7-bac717b14225","name":"TNLP011133 - Doctor H. Colijnstraat 806, Amsterdam","address":"806 Doctor H. Colijnstraat","city":"Amsterdam","operatorName":"TotalEnergies","maxPowerKw":17,"isMegawatt":false,"status":"UNAVAILABLE","source":"ndw"}},{"type":"Feature","geometry":{"type":"Point","coordinates":[5.014322,52.306202]},"properties":{"type":"charge","layer":"passenger","locationId":"7de04e83-a26f-42b2-8048-0ce04237f7aa","name":"TNLP011033 - Burgemeester Kasteleinstraat 38, Amsterdam","address":"38 Burgemeester Kasteleinstraat","city":"Amsterdam","operatorName":"TotalEnergies","maxPowerKw":17,"isMegawatt":false,"status":"AVAILABLE","source":"ndw"}},{"type":"Feature","geometry":{"type":"Point","coordinates":[4.886865,52.355496]},"properties":{"type":"charge","layer":"passenger","locationId":"68da8db5b954b41febf22e17","name":"Albert Cuyp Parkeergarage","address":"Ruysdealkade 100","city":"Amsterdam","operatorName":"E-Flux by Road","maxPowerKw":11,"isMegawatt":false,"status":"AVAILABLE","source":"ndw","priceKwh":0.493}},{"type":"Feature","geometry":{"type":"Point","coordinates":[4.929654,52.353916]},"properties":{"type":"charge","layer":"passenger","locationId":"3799466b-8592-438e-b48c-1ebe9fc69ae7","name":"TNLP010793 - Zacharias Jansestraat 1, Amsterdam","address":"1 Zacharias Jansestraat","city":"Amsterdam","operatorName":"TotalEnergies","maxPowerKw":17,"isMegawatt":false,"status":"CHARGING","source":"ndw"}},{"type":"Feature","geometry":{"type":"Point","coordinates":[4.88279,52.37984]},"properties":{"type":"charge","layer":"passenger","locationId":"5af957c4-897f-436a-b1bf-b904764eb0ff","name":"TNLP010325 - Lindengracht 191, Amsterdam","address":"191 Lindengracht","city":"Amsterdam","operatorName":"TotalEnergies","maxPowerKw":17,"isMegawatt":false,"status":"AVAILABLE","source":"ndw"}},{"type":"Feature","geometry":{"type":"Point","coordinates":[4.86169,52.377609]},"properties":{"type":"charge","layer":"passenger","locationId":"DFB74BCB-0353-4C57-A9D7-5C1BB6ED7804","name":"TNLP011650","address":"De Rijpgracht 12","city":"Amsterdam","operatorName":"TotalEnergies","maxPowerKw":17,"isMegawatt":false,"status":"AVAILABLE","source":"ndw"}},{"type":"Feature","geometry":{"type":"Point","coordinates":[4.91415,52.381294]},"properties":{"type":"charge","layer":"passenger","locationId":"acb764d1-3f85-4db4-816d-75d0e60c4a7d","name":"TNLP010753 - Gieterij 6, Amsterdam","address":"6 Gieterij","city":"Amsterdam","operatorName":"TotalEnergies","maxPowerKw":17,"isMegawatt":false,"status":"AVAILABLE","source":"ndw"}},{"type":"Feature","geometry":{"type":"Point","coordinates":[4.788611,52.349342]},"properties":{"type":"charge","layer":"passenger","locationId":"fa86d3d8-2b48-4ebb-aca0-eccf620a10d3","name":"TNLP010879 - Kroonweg 2, Amsterdam","address":"2 Kroonweg","city":"Amsterdam","operatorName":"TotalEnergies","maxPowerKw":17,"isMegawatt":false,"status":"AVAILABLE","source":"ndw"}},{"type":"Feature","geometry":{"type":"Point","coordinates":[4.925694,52.361668]},"properties":{"type":"charge","layer":"passenger","locationId":"afb4c9ec-7db1-4f87-b4a6-564bb3eaf788","name":"TNLP011190 - Tweede van Swindenstraat 17, Amsterdam","address":"17 Tweede van Swindenstraat","city":"Amsterdam","operatorName":"TotalEnergies","maxPowerKw":17,"isMegawatt":false,"status":"UNAVAILABLE","source":"ndw"}},{"type":"Feature","geometry":{"type":"Point","coordinates":[4.907215,52.358093]},"properties":{"type":"charge","layer":"passenger","locationId":"d584ed58-1ef4-4f77-bf77-5e42f633edc6","name":"TNLP010786 - Eerste Boerhaavestraat 14, Amsterdam","address":"14 Eerste Boerhaavestraat","city":"Amsterdam","operatorName":"TotalEnergies","maxPowerKw":17,"isMegawatt":false,"status":"AVAILABLE","source":"ndw"}},{"type":"Feature","geometry":{"type":"Point","coordinates":[4.755148,52.427316]},"properties":{"type":"charge","layer":"passenger","locationId":"4251393","name":"Laadnet Commodity Centre Netherlands B.V.","address":"Ruijgoordweg 140","city":"Amsterdam","operatorName":"Laadnet","maxPowerKw":22,"isMegawatt":false,"status":"AVAILABLE","source":"ndw"}},{"type":"Feature","geometry":{"type":"Point","coordinates":[4.873625,52.3341]},"properties":{"type":"charge","layer":"passenger","locationId":"4d7a4f7d-faeb-4375-b9d8-d68de77b6c18","name":"TNLP011302 - Wedderborg 17, Amsterdam","address":"17 Wedderborg","city":"Amsterdam","operatorName":"TotalEnergies","maxPowerKw":17,"isMegawatt":false,"status":"AVAILABLE","source":"ndw"}},{"type":"Feature","geometry":{"type":"Point","coordinates":[4.824758,52.359524]},"properties":{"type":"charge","layer":"passenger","locationId":"7b3b5f84-e97c-4138-928b-2ce97ad6b2cb","name":"TNLP011902 - Everard van Reijdhof 2, Amsterdam","address":"2 Everard van Reijdhof","city":"Amsterdam","operatorName":"TotalEnergies","maxPowerKw":17,"isMegawatt":false,"status":"AVAILABLE","source":"ndw"}},{"type":"Feature","geometry":{"type":"Point","coordinates":[4.971694,52.316288]},"properties":{"type":"charge","layer":"passenger","locationId":"0495a22c-0364-47ad-8f01-8c168a9e0528","name":"TNLP010232 - Kormelinkweg 16, Amsterdam","address":"16 Kormelinkweg","city":"Amsterdam","operatorName":"TotalEnergies","maxPowerKw":17,"isMegawatt":false,"status":"AVAILABLE","source":"ndw"}},{"type":"Feature","geometry":{"type":"Point","coordinates":[4.856785,52.362293]},"properties":{"type":"charge","layer":"passenger","locationId":"371fa8e8-d50f-4e73-85ac-f70fb06a860b","name":"TNLP011519 - Van Rensselaerstraat 8, Amsterdam","address":"8 Van Rensselaerstraat","city":"Amsterdam","operatorName":"TotalEnergies","maxPowerKw":17,"isMegawatt":false,"status":"AVAILABLE","source":"ndw"}},{"type":"Feature","geometry":{"type":"Point","coordinates":[4.999182,52.29955]},"properties":{"type":"charge","layer":"passenger","locationId":"ebe40a40-ff3c-4e2d-8a63-d6fb5d6536b3","name":"TNLP010463 - Lambert Rimastraat 66, Amsterdam","address":"66 Lambert Rimastraat","city":"Amsterdam","operatorName":"TotalEnergies","maxPowerKw":17,"isMegawatt":false,"status":"AVAILABLE","source":"ndw"}},{"type":"Feature","geometry":{"type":"Point","coordinates":[4.96791,52.29165]},"properties":{"type":"charge","layer":"passenger","locationId":"66442061-9922-42ad-bedd-a733c2c22ac3","name":"TNLP011388 - Tielstraat 1, Amsterdam","address":"1 Tielstraat","city":"Amsterdam","operatorName":"TotalEnergies","maxPowerKw":17,"isMegawatt":false,"status":"AVAILABLE","source":"ndw"}},{"type":"Feature","geometry":{"type":"Point","coordinates":[4.88601,52.330765]},"properties":{"type":"charge","layer":"passenger","locationId":"670c357a-4220-4f1a-a364-bcc88a77c693","name":"TNLP011253 - Nedersticht 39, Amsterdam","address":"39 Nedersticht","city":"Amsterdam","operatorName":"TotalEnergies","maxPowerKw":17,"isMegawatt":false,"status":"AVAILABLE","source":"ndw"}},{"type":"Feature","geometry":{"type":"Point","coordinates":[4.867516,52.355854]},"properties":{"type":"charge","layer":"passenger","locationId":"6d67e814-fe99-410f-acc2-0658d90fe3ef","name":"TNLP010647 - Koninginneweg 4, Amsterdam","address":"4 Koninginneweg","city":"Amsterdam","operatorName":"TotalEnergies","maxPowerKw":17,"isMegawatt":false,"status":"AVAILABLE","source":"ndw"}},{"type":"Feature","geometry":{"type":"Point","coordinates":[4.800372,52.352726]},"properties":{"type":"charge","layer":"passenger","locationId":"82629f94-d2d9-4e6d-82af-e2864888e7f9","name":"TNLP011237 - Koos Vorrinkweg 43, Amsterdam","address":"43 Koos Vorrinkweg","city":"Amsterdam","operatorName":"TotalEnergies","maxPowerKw":17,"isMegawatt":false,"status":"AVAILABLE","source":"ndw"}},{"type":"Feature","geometry":{"type":"Point","coordinates":[4.876781,52.399258]},"properties":{"type":"charge","layer":"passenger","locationId":"OST20P0044_0002_4","name":"OST20P0044_0002_4","address":"Danzigerkade 15","city":"Amsterdam","operatorName":"e-VOLTT","maxPowerKw":21,"isMegawatt":false,"status":"AVAILABLE","source":"ndw","priceKwh":0.32}},{"type":"Feature","geometry":{"type":"Point","coordinates":[4.788082,52.358295]},"properties":{"type":"charge","layer":"passenger","locationId":"f107128c-8323-4c30-b95e-b7e53146f26f","name":"TNLP011059 - Langswater 667, Amsterdam","address":"667 Langswater","city":"Amsterdam","operatorName":"TotalEnergies","maxPowerKw":17,"isMegawatt":false,"status":"CHARGING","source":"ndw"}},{"type":"Feature","geometry":{"type":"Point","coordinates":[4.870055,52.370255]},"properties":{"type":"charge","layer":"passenger","locationId":"0b0a20f3-930d-4d17-8459-ef28aeedc054","name":"TNLP010145 - Ter Haarstraat 12, Amsterdam","address":"12 Ter Haarstraat","city":"Amsterdam","operatorName":"TotalEnergies","maxPowerKw":17,"isMegawatt":false,"status":"AVAILABLE","source":"ndw"}},{"type":"Feature","geometry":{"type":"Point","coordinates":[4.907599,52.358036]},"properties":{"type":"charge","layer":"passenger","locationId":"3082a85a-4d70-4ef6-b6c7-d03261bf194b","name":"TNLP011324 - Swammerdamstraat 33, Amsterdam","address":"33 Swammerdamstraat","city":"Amsterdam","operatorName":"TotalEnergies","maxPowerKw":17,"isMegawatt":false,"status":"AVAILABLE","source":"ndw"}},{"type":"Feature","geometry":{"type":"Point","coordinates":[4.837896,52.364727]},"properties":{"type":"charge","layer":"passenger","locationId":"6459ee29-b9f0-4386-8ba0-f99064dce6c5","name":"TNLP010343 - Jan Mankesstraat 16, Amsterdam","address":"16 Jan Mankesstraat","city":"Amsterdam","operatorName":"TotalEnergies","maxPowerKw":17,"isMegawatt":false,"status":"AVAILABLE","source":"ndw"}},{"type":"Feature","geometry":{"type":"Point","coordinates":[4.941251,52.398677]},"properties":{"type":"charge","layer":"passenger","locationId":"NLLOC027665","name":"Allego - Slufter 151 Amsterdam","address":"Slufter 151","city":"Amsterdam","operatorName":"Allego","maxPowerKw":50,"isMegawatt":false,"status":"AVAILABLE","source":"ndw","priceKwh":0.655}},{"type":"Feature","geometry":{"type":"Point","coordinates":[4.87289,52.367996]},"properties":{"type":"charge","layer":"passenger","locationId":"b3408214-cf36-4390-b401-b39d9b537af4","name":"TNLP010807 - Da Costakade 160, Amsterdam","address":"160 Da Costakade","city":"Amsterdam","operatorName":"TotalEnergies","maxPowerKw":17,"isMegawatt":false,"status":"AVAILABLE","source":"ndw"}},{"type":"Feature","geometry":{"type":"Point","coordinates":[4.955854,52.32028]},"properties":{"type":"charge","layer":"passenger","locationId":"3965982a-f4a9-415e-8b2e-4e1a1f7dee4c","name":"TNLP011228 - Nadezjda Mandelstamstraat 34, Amsterdam","address":"34 Nadezjda Mandelstamstraat","city":"Amsterdam","operatorName":"TotalEnergies","maxPowerKw":17,"isMegawatt":false,"status":"AVAILABLE","source":"ndw"}},{"type":"Feature","geometry":{"type":"Point","coordinates":[4.868818,52.34963]},"properties":{"type":"charge","layer":"passenger","locationId":"674ad09e-8fe0-460c-a6ba-beca78ee6965","name":"TNLP010987 - Titiaanstraat 23, Amsterdam","address":"23 Titiaanstraat","city":"Amsterdam","operatorName":"TotalEnergies","maxPowerKw":17,"isMegawatt":false,"status":"CHARGING","source":"ndw"}},{"type":"Feature","geometry":{"type":"Point","coordinates":[4.878484,52.347668]},"properties":{"type":"charge","layer":"passenger","locationId":"82c1affb-4048-46bf-9f8b-c9aa9d27a8b6","name":"TNLP011206 - Chopinstraat 29, Amsterdam","address":"29 Chopinstraat","city":"Amsterdam","operatorName":"TotalEnergies","maxPowerKw":17,"isMegawatt":false,"status":"CHARGING","source":"ndw"}},{"type":"Feature","geometry":{"type":"Point","coordinates":[4.877235,52.325874]},"properties":{"type":"charge","layer":"passenger","locationId":"9eb6754e-4d52-4d13-a2b4-0d0d7b4baab6","name":"TNLP010869 - Kastelenstraat 137, Amsterdam","address":"137 Kastelenstraat","city":"Amsterdam","operatorName":"TotalEnergies","maxPowerKw":17,"isMegawatt":false,"status":"CHARGING","source":"ndw"}},{"type":"Feature","geometry":{"type":"Point","coordinates":[4.802245,52.360924]},"properties":{"type":"charge","layer":"passenger","locationId":"1009d378-4133-45cb-a4c5-0d37c82dd68f","name":"TNLP011365 - Blomwijckerpad 9, Amsterdam","address":"9 Blomwijckerpad","city":"Amsterdam","operatorName":"TotalEnergies","maxPowerKw":17,"isMegawatt":false,"status":"AVAILABLE","source":"ndw"}},{"type":"Feature","geometry":{"type":"Point","coordinates":[4.998327,52.35223]},"properties":{"type":"charge","layer":"passenger","locationId":"7622cccb-acb4-4d4a-ba23-cec862c9e255","name":"TNLP010430 - Zwanebloemlaan 304, Amsterdam","address":"304 Zwanebloemlaan","city":"Amsterdam","operatorName":"TotalEnergies","maxPowerKw":17,"isMegawatt":false,"status":"AVAILABLE","source":"ndw"}},{"type":"Feature","geometry":{"type":"Point","coordinates":[4.949185,52.34084]},"properties":{"type":"charge","layer":"passenger","locationId":"3dd934c9-1459-4f2b-b7eb-84789cec57ab","name":"TNLP010442 - Sikkelstraat 7A, Amsterdam","address":"7A Sikkelstraat","city":"Amsterdam","operatorName":"TotalEnergies","maxPowerKw":17,"isMegawatt":false,"status":"CHARGING","source":"ndw"}},{"type":"Feature","geometry":{"type":"Point","coordinates":[4.809228,52.39002]},"properties":{"type":"charge","layer":"passenger","locationId":"NLLOC027843","name":"NLD, Amsterdam, Theemsweg 28","address":"Theemsweg 28","city":"Amsterdam","operatorName":"Allego","maxPowerKw":22,"isMegawatt":false,"status":"AVAILABLE","source":"ndw","priceKwh":0.281}},{"type":"Feature","geometry":{"type":"Point","coordinates":[4.868311,52.36226]},"properties":{"type":"charge","layer":"passenger","locationId":"8f2fcf53-fcff-497b-a8ee-3b017c1aaf50","name":"TNLP011758 - Jeltje de Bosch Kemperpad 202, Amsterdam","address":"202 Jeltje de Bosch Kemperpad","city":"Amsterdam","operatorName":"TotalEnergies","maxPowerKw":17,"isMegawatt":false,"status":"AVAILABLE","source":"ndw"}},{"type":"Feature","geometry":{"type":"Point","coordinates":[4.945832,52.377052]},"properties":{"type":"charge","layer":"passenger","locationId":"1b7b9d75-0b5f-4d9a-938a-48847bc2c50e","name":"TNLP011022 - KNSM-Laan 708, Amsterdam","address":"708 KNSM-Laan","city":"Amsterdam","operatorName":"TotalEnergies","maxPowerKw":17,"isMegawatt":false,"status":"AVAILABLE","source":"ndw"}},{"type":"Feature","geometry":{"type":"Point","coordinates":[4.851844,52.3726]},"properties":{"type":"charge","layer":"passenger","locationId":"48943bcd-d580-43e8-90f6-dc7d1b45a4da","name":"TNLP010097 - James Cookstraat 41, Amsterdam","address":"41 James Cookstraat","city":"Amsterdam","operatorName":"TotalEnergies","maxPowerKw":17,"isMegawatt":false,"status":"UNAVAILABLE","source":"ndw"}},{"type":"Feature","geometry":{"type":"Point","coordinates":[4.921328,52.370148]},"properties":{"type":"charge","layer":"passenger","locationId":"5a6f3d13-28a4-456d-98dd-86d1c9a8b4e9","name":"TNLP010041 - Waaigat 36, Amsterdam","address":"36 Waaigat","city":"Amsterdam","operatorName":"TotalEnergies","maxPowerKw":17,"isMegawatt":false,"status":"AVAILABLE","source":"ndw"}},{"type":"Feature","geometry":{"type":"Point","coordinates":[4.893964,52.348799]},"properties":{"type":"charge","layer":"passenger","locationId":"f5a5f56c-2da0-4865-be6a-13f62aab3684","name":"Ferdinand Bolstraat 333","address":"Ferdinand Bolstraat 333","city":"Amsterdam","operatorName":"Vattenfall InCharge","maxPowerKw":22,"isMegawatt":false,"status":"AVAILABLE","source":"ndw"}},{"type":"Feature","geometry":{"type":"Point","coordinates":[4.939188,52.37315]},"properties":{"type":"charge","layer":"passenger","locationId":"0c555e30-2217-4e3f-b385-29c9db030e40","name":"TNLP010169 - C.J.K Van Aalststraat 49, Amsterdam","address":"49 C.J.K Van Aalststraat","city":"Amsterdam","operatorName":"TotalEnergies","maxPowerKw":17,"isMegawatt":false,"status":"UNAVAILABLE","source":"ndw"}},{"type":"Feature","geometry":{"type":"Point","coordinates":[4.837466,52.363064]},"properties":{"type":"charge","layer":"passenger","locationId":"66321ca48e3b8d001c857ff6","name":"August Allebeplein laadpaal 2","address":"August Allebeplein 51","city":"Amsterdam","operatorName":"E-Flux by Road","maxPowerKw":22,"isMegawatt":false,"status":"UNAVAILABLE","source":"ndw","priceKwh":0.33}},{"type":"Feature","geometry":{"type":"Point","coordinates":[4.95771,52.294839]},"properties":{"type":"charge","layer":"passenger","locationId":"6729ff18e4118e25f85db0d7","name":"Laadpunt P2B - Locatie AMC","address":"Meibergdreef 9","city":"Amsterdam","operatorName":"E-Flux by Road","maxPowerKw":11,"isMegawatt":false,"status":"CHARGING","source":"ndw","priceKwh":0.62}},{"type":"Feature","geometry":{"type":"Point","coordinates":[4.907743,52.383098]},"properties":{"type":"charge","layer":"passenger","locationId":"62591f9e45eecf0bfc70fd6f","name":"W.V.D.S. Sixhaven","address":"Sixhavenweg 15","city":"Amsterdam","operatorName":"E-Flux by Road","maxPowerKw":22,"isMegawatt":false,"status":"AVAILABLE","source":"ndw","priceKwh":0.43}},{"type":"Feature","geometry":{"type":"Point","coordinates":[4.894692,52.349243]},"properties":{"type":"charge","layer":"passenger","locationId":"32425","name":"XN001826 Amsterdam De Pijp","address":"2e V.d Helststraat 70","city":"Amsterdam","operatorName":"Spirii","maxPowerKw":38,"isMegawatt":false,"status":"AVAILABLE","source":"ndw","priceKwh":0.4}},{"type":"Feature","geometry":{"type":"Point","coordinates":[4.921877,52.371628]},"properties":{"type":"charge","layer":"passenger","locationId":"bee5af2e-b64b-481d-8acc-624196f55409","name":"TNLP010732 - Tweede Wittenburgerdwarsstraat 133, Amsterdam","address":"133 Tweede Wittenburgerdwarsstraat","city":"Amsterdam","operatorName":"TotalEnergies","maxPowerKw":17,"isMegawatt":false,"status":"AVAILABLE","source":"ndw"}},{"type":"Feature","geometry":{"type":"Point","coordinates":[4.875843,52.395403]},"properties":{"type":"charge","layer":"passenger","locationId":"648c31a9df2f5f001c816b5f","name":"Rigakade #1","address":"Rigakade 10","city":"Amsterdam","operatorName":"E-Flux by Road","maxPowerKw":22,"isMegawatt":false,"status":"AVAILABLE","source":"ndw","priceKwh":0.48}},{"type":"Feature","geometry":{"type":"Point","coordinates":[4.81067,52.372616]},"properties":{"type":"charge","layer":"passenger","locationId":"f82833fb-635c-4af7-8bae-9d0f6b42300d","name":"TNLP010910 - Wessel Gansfortstraat 20, Amsterdam","address":"20 Wessel Gansfortstraat","city":"Amsterdam","operatorName":"TotalEnergies","maxPowerKw":17,"isMegawatt":false,"status":"CHARGING","source":"ndw"}},{"type":"Feature","geometry":{"type":"Point","coordinates":[4.889632,52.359264]},"properties":{"type":"charge","layer":"passenger","locationId":"5ae44e08-158c-4185-bb1b-cce46b019684","name":"TNLP010750 - Eerste Weteringplantsoen 40, Amsterdam","address":"40 Eerste Weteringplantsoen","city":"Amsterdam","operatorName":"TotalEnergies","maxPowerKw":17,"isMegawatt":false,"status":"AVAILABLE","source":"ndw"}},{"type":"Feature","geometry":{"type":"Point","coordinates":[4.862737,52.362072]},"properties":{"type":"charge","layer":"passenger","locationId":"5f46b17f-fa97-4a29-b90e-e719fb8b6a36","name":"TNLP010950 - Kanaalstraat 102, Amsterdam","address":"102 Kanaalstraat","city":"Amsterdam","operatorName":"TotalEnergies","maxPowerKw":17,"isMegawatt":false,"status":"CHARGING","source":"ndw"}},{"type":"Feature","geometry":{"type":"Point","coordinates":[4.948179,52.368747]},"properties":{"type":"charge","layer":"passenger","locationId":"614af774ffa08627fe14bb00","name":"ParkingYou Zeeburgerkade","address":"Wijnsilostraat 2","city":"Amsterdam","operatorName":"E-Flux by Road","maxPowerKw":22,"isMegawatt":false,"status":"AVAILABLE","source":"ndw","priceKwh":0.37}},{"type":"Feature","geometry":{"type":"Point","coordinates":[4.883606,52.381134]},"properties":{"type":"charge","layer":"passenger","locationId":"b91d1e24-b59e-42ea-8bd6-5b58878b8d4f","name":"TNLP010610 - Willemsstraat 162, Amsterdam","address":"162 Willemsstraat","city":"Amsterdam","operatorName":"TotalEnergies","maxPowerKw":17,"isMegawatt":false,"status":"UNAVAILABLE","source":"ndw"}},{"type":"Feature","geometry":{"type":"Point","coordinates":[4.861305,52.36391]},"properties":{"type":"charge","layer":"passenger","locationId":"8b177f43-5b9a-4c23-8c4e-74f4ee5b9b7f","name":"TNLP010977 - Borgerstraat 226, Amsterdam","address":"226 Borgerstraat","city":"Amsterdam","operatorName":"TotalEnergies","maxPowerKw":17,"isMegawatt":false,"status":"UNAVAILABLE","source":"ndw"}},{"type":"Feature","geometry":{"type":"Point","coordinates":[4.867798,52.35542]},"properties":{"type":"charge","layer":"passenger","locationId":"98bae07b-82eb-454c-94ab-c9b37b0387c2","name":"TNLP010848 - Koningslaan 2, Amsterdam","address":"2 Koningslaan","city":"Amsterdam","operatorName":"TotalEnergies","maxPowerKw":17,"isMegawatt":false,"status":"AVAILABLE","source":"ndw"}},{"type":"Feature","geometry":{"type":"Point","coordinates":[4.801755,52.347588]},"properties":{"type":"charge","layer":"passenger","locationId":"02818d79-06da-4065-8855-d3a25b10bf98","name":"TNLP011648 - Blankenbergestraat 3, Amsterdam","address":"3 Blankenbergestraat","city":"Amsterdam","operatorName":"TotalEnergies","maxPowerKw":17,"isMegawatt":false,"status":"AVAILABLE","source":"ndw"}},{"type":"Feature","geometry":{"type":"Point","coordinates":[4.946813,52.326379]},"properties":{"type":"charge","layer":"passenger","locationId":"NLLOC027929","name":"Allego - Amsterdam ZO Dalsteindreef","address":"Dalsteindreef 328","city":"Amsterdam","operatorName":"Allego","maxPowerKw":150,"isMegawatt":false,"status":"AVAILABLE","source":"ndw","priceKwh":0.655}},{"type":"Feature","geometry":{"type":"Point","coordinates":[4.862546,52.35233]},"properties":{"type":"charge","layer":"passenger","locationId":"02d9dbf6-9453-48f8-a519-879f55e43799","name":"TNLP011509 - Okeghemstraat 2 III, Amsterdam","address":"2 III Okeghemstraat","city":"Amsterdam","operatorName":"TotalEnergies","maxPowerKw":17,"isMegawatt":false,"status":"CHARGING","source":"ndw"}},{"type":"Feature","geometry":{"type":"Point","coordinates":[4.977281,52.299774]},"properties":{"type":"charge","layer":"passenger","locationId":"542a301a-270b-4253-bab2-21411e3cda2e","name":"Laadplein - TNLP010213 - Pannerdenstraat 1, Amsterdam","address":"1 Pannerdenstraat","city":"Amsterdam","operatorName":"TotalEnergies","maxPowerKw":17,"isMegawatt":false,"status":"AVAILABLE","source":"ndw"}},{"type":"Feature","geometry":{"type":"Point","coordinates":[4.88792,52.336698]},"properties":{"type":"charge","layer":"passenger","locationId":"69afbdd5a59b7c858b2efef7","name":"Van der Valk - Zuidas Amsterdam - Charging Stations","address":"Tommaso Albinonistraat 200","city":"Amsterdam","operatorName":"Valk Energy","maxPowerKw":11,"isMegawatt":false,"status":"AVAILABLE","source":"ndw","priceKwh":0.59}},{"type":"Feature","geometry":{"type":"Point","coordinates":[4.988368,52.299458]},"properties":{"type":"charge","layer":"passenger","locationId":"1ce7a74c-55ea-4e38-850c-534681f6f5e9","name":"Laadplein - TNLP010203 - Wamelplein 161, Amsterdam","address":"161 Wamelplein","city":"Amsterdam","operatorName":"TotalEnergies","maxPowerKw":17,"isMegawatt":false,"status":"AVAILABLE","source":"ndw"}},{"type":"Feature","geometry":{"type":"Point","coordinates":[4.874449,52.365658]},"properties":{"type":"charge","layer":"passenger","locationId":"19621b51-35a0-442d-94e9-f589be876222","name":"TNLP010044 - Jacob van Lennepkade 55, Amsterdam","address":"55 Jacob van Lennepkade","city":"Amsterdam","operatorName":"TotalEnergies","maxPowerKw":17,"isMegawatt":false,"status":"CHARGING","source":"ndw"}},{"type":"Feature","geometry":{"type":"Point","coordinates":[4.814433,52.343025]},"properties":{"type":"charge","layer":"passenger","locationId":"2423e2c5-2b3f-49e0-a9a6-fe4b5bc48c49","name":"TNLP011484 - Luiksingel 43, Amsterdam","address":"43 Luiksingel","city":"Amsterdam","operatorName":"TotalEnergies","maxPowerKw":17,"isMegawatt":false,"status":"AVAILABLE","source":"ndw"}},{"type":"Feature","geometry":{"type":"Point","coordinates":[4.881419,52.353077]},"properties":{"type":"charge","layer":"passenger","locationId":"3682956a-12e7-4309-aca0-6e5e770b4dad","name":"TNLP011040 - Bronckhorststraat 1, Amsterdam","address":"1 Bronckhorststraat","city":"Amsterdam","operatorName":"TotalEnergies","maxPowerKw":17,"isMegawatt":false,"status":"CHARGING","source":"ndw"}},{"type":"Feature","geometry":{"type":"Point","coordinates":[4.926219,52.363045]},"properties":{"type":"charge","layer":"passenger","locationId":"558967af-fa8c-4ec6-a289-b9c645e38787","name":"TNLP011510 - Wagenaarstraat 222, Amsterdam","address":"222 Wagenaarstraat","city":"Amsterdam","operatorName":"TotalEnergies","maxPowerKw":17,"isMegawatt":false,"status":"UNAVAILABLE","source":"ndw"}},{"type":"Feature","geometry":{"type":"Point","coordinates":[4.871408,52.355453]},"properties":{"type":"charge","layer":"passenger","locationId":"dd338fca-9f96-40c5-8b46-14aba07902e1","name":"TNLP011901 - Van Breestraat 149, Amsterdam","address":"149 Van Breestraat","city":"Amsterdam","operatorName":"TotalEnergies","maxPowerKw":17,"isMegawatt":false,"status":"AVAILABLE","source":"ndw"}},{"type":"Feature","geometry":{"type":"Point","coordinates":[4.734358,52.405178]},"properties":{"type":"charge","layer":"passenger","locationId":"91292926","name":"EQUANS Expeditors - Kaapstadweg","address":"Kaapstadweg 38 E/F","city":"Amsterdam","operatorName":"EQUANS","maxPowerKw":11,"isMegawatt":false,"status":"AVAILABLE","source":"ndw"}},{"type":"Feature","geometry":{"type":"Point","coordinates":[4.828666,52.384163]},"properties":{"type":"charge","layer":"passenger","locationId":"099f200c-0515-470a-85bb-de5715abcde9","name":"TNLP011843 - Louis Naarstigstraat 20, Amsterdam","address":"20 Louis Naarstigstraat","city":"Amsterdam","operatorName":"TotalEnergies","maxPowerKw":17,"isMegawatt":false,"status":"UNAVAILABLE","source":"ndw"}},{"type":"Feature","geometry":{"type":"Point","coordinates":[4.921127,52.35396]},"properties":{"type":"charge","layer":"passenger","locationId":"6e554cf3-0ce7-45b3-b551-a8137dd2dba9","name":"TNLP011399 - Majubastraat 26, Amsterdam","address":"26 Majubastraat","city":"Amsterdam","operatorName":"TotalEnergies","maxPowerKw":17,"isMegawatt":false,"status":"AVAILABLE","source":"ndw"}},{"type":"Feature","geometry":{"type":"Point","coordinates":[4.869146,52.36867]},"properties":{"type":"charge","layer":"passenger","locationId":"0adc9bd1-ff45-4137-b7c4-a3309cd531cf","name":"TNLP010965 - Bilderdijkkade 48, Amsterdam","address":"48 Bilderdijkkade","city":"Amsterdam","operatorName":"TotalEnergies","maxPowerKw":17,"isMegawatt":false,"status":"AVAILABLE","source":"ndw"}},{"type":"Feature","geometry":{"type":"Point","coordinates":[4.80251,52.364418]},"properties":{"type":"charge","layer":"passenger","locationId":"66fb8821-589e-4357-b51b-eb2727346dd6","name":"Laadplein - TNLP010212 - Boutenburg 2, Amsterdam","address":"2 Boutenburg","city":"Amsterdam","operatorName":"TotalEnergies","maxPowerKw":17,"isMegawatt":false,"status":"AVAILABLE","source":"ndw"}},{"type":"Feature","geometry":{"type":"Point","coordinates":[4.952431,52.2979]},"properties":{"type":"charge","layer":"passenger","locationId":"BBEE937B-2068-4B00-81F3-EAF7524AE305","name":"Eneco eMobility VWS Verbindingen & Netwerken B.V.","address":"Paasheuvelweg 31","city":"Amsterdam","operatorName":"Eneco","maxPowerKw":11,"isMegawatt":false,"status":"UNAVAILABLE","source":"ndw","priceKwh":0.33}},{"type":"Feature","geometry":{"type":"Point","coordinates":[4.872077,52.383453]},"properties":{"type":"charge","layer":"passenger","locationId":"c026e731-40ba-4105-8c8a-cd2e23ab0a89","name":"TNLP010151 - Groen van Prinstererstraat 46, Amsterdam","address":"46 Groen van Prinstererstraat","city":"Amsterdam","operatorName":"TotalEnergies","maxPowerKw":17,"isMegawatt":false,"status":"AVAILABLE","source":"ndw"}},{"type":"Feature","geometry":{"type":"Point","coordinates":[4.84766,52.348682]},"properties":{"type":"charge","layer":"passenger","locationId":"c0449589-54c0-49fe-aa0a-35e594b9932c","name":"TNLP010832 - Sassenheimstraat 45, Amsterdam","address":"45 Sassenheimstraat","city":"Amsterdam","operatorName":"TotalEnergies","maxPowerKw":17,"isMegawatt":false,"status":"UNAVAILABLE","source":"ndw"}},{"type":"Feature","geometry":{"type":"Point","coordinates":[4.821437,52.392774]},"properties":{"type":"charge","layer":"passenger","locationId":"682c854dcf3af297d6fd41fc","name":"Vakwijs - Amsterdam","address":"Basisweg 50A","city":"Amsterdam","operatorName":"Alva Charging Services","maxPowerKw":22,"isMegawatt":false,"status":"AVAILABLE","source":"ndw","priceKwh":0.44}},{"type":"Feature","geometry":{"type":"Point","coordinates":[4.866347,52.405722]},"properties":{"type":"charge","layer":"passenger","locationId":"6669657d98b5b2001caa40ef","name":"Maja Stuwadoors Pier Azie 10","address":"Pier Azie  10","city":"Amsterdam","operatorName":"E-Flux by Road","maxPowerKw":11,"isMegawatt":false,"status":"AVAILABLE","source":"ndw","priceKwh":0.48}},{"type":"Feature","geometry":{"type":"Point","coordinates":[4.850157,52.359997]},"properties":{"type":"charge","layer":"passenger","locationId":"be556f02-a1c2-4970-b093-3a741b99e8bf","name":"TNLP010101 - Postjeskade 199, Amsterdam","address":"199 Postjeskade","city":"Amsterdam","operatorName":"TotalEnergies","maxPowerKw":17,"isMegawatt":false,"status":"AVAILABLE","source":"ndw"}},{"type":"Feature","geometry":{"type":"Point","coordinates":[4.872477,52.348675]},"properties":{"type":"charge","layer":"passenger","locationId":"d9a74277-a7db-47ab-b0aa-b2ac8bce48a0","name":"TNLP010756 - Minervalaan 33, Amsterdam","address":"33 Minervalaan","city":"Amsterdam","operatorName":"TotalEnergies","maxPowerKw":17,"isMegawatt":false,"status":"AVAILABLE","source":"ndw"}},{"type":"Feature","geometry":{"type":"Point","coordinates":[4.85827,52.366142]},"properties":{"type":"charge","layer":"passenger","locationId":"7074dcbb-4eb8-4849-a6de-6bd409312c31","name":"TNLP010245 - Admiralengracht 38, Amsterdam","address":"38 Admiralengracht","city":"Amsterdam","operatorName":"TotalEnergies","maxPowerKw":17,"isMegawatt":false,"status":"AVAILABLE","source":"ndw"}},{"type":"Feature","geometry":{"type":"Point","coordinates":[4.875874,52.391434]},"properties":{"type":"charge","layer":"passenger","locationId":"01ef6878-0052-441c-a1ae-d8c3387e5c70","name":"TNLP010497 - Polanenstraat 331, Amsterdam","address":"331 Polanenstraat","city":"Amsterdam","operatorName":"TotalEnergies","maxPowerKw":17,"isMegawatt":false,"status":"AVAILABLE","source":"ndw"}},{"type":"Feature","geometry":{"type":"Point","coordinates":[4.855848,52.36949]},"properties":{"type":"charge","layer":"passenger","locationId":"0d9c54a4-9251-4221-ac77-a776cda75c29","name":"TNLP011039 - Marco Polostraat 184, Amsterdam","address":"184 Marco Polostraat","city":"Amsterdam","operatorName":"TotalEnergies","maxPowerKw":17,"isMegawatt":false,"status":"AVAILABLE","source":"ndw"}},{"type":"Feature","geometry":{"type":"Point","coordinates":[4.910746,52.352917]},"properties":{"type":"charge","layer":"passenger","locationId":"5164106b-1856-48b6-b07d-48bceab6c9ae","name":"TNLP010489 - Arubastraat 7, Amsterdam","address":"7 Arubastraat","city":"Amsterdam","operatorName":"TotalEnergies","maxPowerKw":17,"isMegawatt":false,"status":"AVAILABLE","source":"ndw"}},{"type":"Feature","geometry":{"type":"Point","coordinates":[4.849818,52.37121]},"properties":{"type":"charge","layer":"passenger","locationId":"2ddbf3f1-d389-459c-bc54-d809820d62a1","name":"TNLP011205 - Hoofdweg 336, Amsterdam","address":"336 Hoofdweg","city":"Amsterdam","operatorName":"TotalEnergies","maxPowerKw":17,"isMegawatt":false,"status":"AVAILABLE","source":"ndw"}},{"type":"Feature","geometry":{"type":"Point","coordinates":[4.956744,52.314854]},"properties":{"type":"charge","layer":"passenger","locationId":"d240252b70074019b72ab431bd1a1224","name":"Bouwplaats Dura Vermeer Anton de Komplein 190","address":"Anton de Komplein 190","city":"Amsterdam","operatorName":"NRG Group","maxPowerKw":22,"isMegawatt":false,"status":"AVAILABLE","source":"ndw","priceKwh":0.35}},{"type":"Feature","geometry":{"type":"Point","coordinates":[4.865958,52.371857]},"properties":{"type":"charge","layer":"passenger","locationId":"70d08550-cede-45f7-9712-6f33c1e8dac4","name":"TNLP011739 - Geuzenkade 21, Amsterdam","address":"21 Geuzenkade","city":"Amsterdam","operatorName":"TotalEnergies","maxPowerKw":17,"isMegawatt":false,"status":"AVAILABLE","source":"ndw"}},{"type":"Feature","geometry":{"type":"Point","coordinates":[4.995896,52.29721]},"properties":{"type":"charge","layer":"passenger","locationId":"7b9e4050-d465-4615-b325-a5c4488c2cb9","name":"TNLP010945 - Jan Nautahof 2, Amsterdam","address":"2 Jan Nautahof","city":"Amsterdam","operatorName":"TotalEnergies","maxPowerKw":17,"isMegawatt":false,"status":"AVAILABLE","source":"ndw"}},{"type":"Feature","geometry":{"type":"Point","coordinates":[4.876781,52.399258]},"properties":{"type":"charge","layer":"passenger","locationId":"OST20P0044_0003_6","name":"OST20P0044_0003_6","address":"Danzigerkade 15","city":"Amsterdam","operatorName":"e-VOLTT","maxPowerKw":21,"isMegawatt":false,"status":"AVAILABLE","source":"ndw","priceKwh":0.32}},{"type":"Feature","geometry":{"type":"Point","coordinates":[4.802542,52.35725]},"properties":{"type":"charge","layer":"passenger","locationId":"ed609c33-e4d8-41f0-bbf7-592850e8b69f","name":"TNLP011026 - Martini van Geffenstraat 28, Amsterdam","address":"28 Martini van Geffenstraat","city":"Amsterdam","operatorName":"TotalEnergies","maxPowerKw":17,"isMegawatt":false,"status":"CHARGING","source":"ndw"}},{"type":"Feature","geometry":{"type":"Point","coordinates":[5.028699,52.31218]},"properties":{"type":"charge","layer":"passenger","locationId":"8363607d-a4ca-4614-a492-efb254dc2b87","name":"TNLP011830 - Sinnigvelderstraat 385, Weesp","address":"385 Sinnigvelderstraat","city":"Weesp","operatorName":"TotalEnergies","maxPowerKw":17,"isMegawatt":false,"status":"AVAILABLE","source":"ndw"}},{"type":"Feature","geometry":{"type":"Point","coordinates":[4.914437,52.333321]},"properties":{"type":"charge","layer":"passenger","locationId":"NLLOC003182","name":"NLD, Joan Muyskenweg 20, 1096 CJ Amsterdam","address":"Joan Muyskenweg 20","city":"Amsterdam","operatorName":"Allego","maxPowerKw":22,"isMegawatt":false,"status":"AVAILABLE","source":"ndw","priceKwh":0.511}},{"type":"Feature","geometry":{"type":"Point","coordinates":[4.876781,52.399258]},"properties":{"type":"charge","layer":"passenger","locationId":"OST20P0044_0014_4","name":"OST20P0044_0014_4","address":"Danzigerkade 15","city":"Amsterdam","operatorName":"e-VOLTT","maxPowerKw":21,"isMegawatt":false,"status":"AVAILABLE","source":"ndw","priceKwh":0.32}},{"type":"Feature","geometry":{"type":"Point","coordinates":[4.83009,52.4113]},"properties":{"type":"charge","layer":"passenger","locationId":"1A15D452-2430-4112-A76B-7BCFB5E9ED4A","name":"Eneco eMobility Koole Terminals B.V. - KTA - Amsterdam","address":"Octaanweg 8","city":"Amsterdam","operatorName":"Eneco","maxPowerKw":11,"isMegawatt":false,"status":"AVAILABLE","source":"ndw","priceKwh":0.32}},{"type":"Feature","geometry":{"type":"Point","coordinates":[4.87393,52.3556]},"properties":{"type":"charge","layer":"passenger","locationId":"1FEFBCEF-3B75-4114-9D81-E781BCD9069E","name":"Eneco eMobility Banstraat 5 D Amsterdam","address":"Banstraat 5 D","city":"Amsterdam","operatorName":"Eneco","maxPowerKw":22,"isMegawatt":false,"status":"AVAILABLE","source":"ndw","priceKwh":0.32}},{"type":"Feature","geometry":{"type":"Point","coordinates":[4.882832,52.359761]},"properties":{"type":"charge","layer":"passenger","locationId":"2084993","name":"Laadnet Royal Coster Diamonds","address":"Paulus Potterstraat 2","city":"Amsterdam","operatorName":"Laadnet","maxPowerKw":22,"isMegawatt":false,"status":"AVAILABLE","source":"ndw"}},{"type":"Feature","geometry":{"type":"Point","coordinates":[4.905651,52.363194]},"properties":{"type":"charge","layer":"passenger","locationId":"bb4ab65d-bf95-4c2a-9d96-4cf953109923","name":"TNLP011335 - Nieuwe Prinsengracht 20, Amsterdam","address":"20 Nieuwe Prinsengracht","city":"Amsterdam","operatorName":"TotalEnergies","maxPowerKw":17,"isMegawatt":false,"status":"AVAILABLE","source":"ndw"}},{"type":"Feature","geometry":{"type":"Point","coordinates":[4.853203,52.37932]},"properties":{"type":"charge","layer":"passenger","locationId":"5eb5fc31-305b-4924-be67-26639dbbc5d2","name":"TNLP011342 - Gloriantstraat 19 III, Amsterdam","address":"19 III Gloriantstraat","city":"Amsterdam","operatorName":"TotalEnergies","maxPowerKw":17,"isMegawatt":false,"status":"AVAILABLE","source":"ndw"}},{"type":"Feature","geometry":{"type":"Point","coordinates":[4.898962,52.3475]},"properties":{"type":"charge","layer":"passenger","locationId":"c3941b2e-6529-4ca8-a70a-47fc8965ea8e","name":"TNLP011817 - IJselstraat 91, Amsterdam","address":"91 IJselstraat","city":"Amsterdam","operatorName":"TotalEnergies","maxPowerKw":17,"isMegawatt":false,"status":"CHARGING","source":"ndw"}},{"type":"Feature","geometry":{"type":"Point","coordinates":[4.897271,52.346107]},"properties":{"type":"charge","layer":"passenger","locationId":"7d2093e4-6e08-425e-bb7b-dcc0e4284ef7","name":"TNLP010395 - Jekerstraat 66, Amsterdam","address":"66 Jekerstraat","city":"Amsterdam","operatorName":"TotalEnergies","maxPowerKw":17,"isMegawatt":false,"status":"AVAILABLE","source":"ndw"}},{"type":"Feature","geometry":{"type":"Point","coordinates":[4.956909,52.39798]},"properties":{"type":"charge","layer":"passenger","locationId":"71444fd9-9c29-4055-b1d7-4540145509cf","name":"TNLP010486 - Markengouw 430, Amsterdam","address":"430 Markengouw","city":"Amsterdam","operatorName":"TotalEnergies","maxPowerKw":17,"isMegawatt":false,"status":"CHARGING","source":"ndw"}},{"type":"Feature","geometry":{"type":"Point","coordinates":[4.800518,52.382008]},"properties":{"type":"charge","layer":"passenger","locationId":"a02acca8-447a-4cde-9a75-d29425005cb7","name":"TNLP011846 - Steven Vennecoolstraat 36, Amsterdam","address":"36 Steven Vennecoolstraat","city":"Amsterdam","operatorName":"TotalEnergies","maxPowerKw":17,"isMegawatt":false,"status":"AVAILABLE","source":"ndw"}},{"type":"Feature","geometry":{"type":"Point","coordinates":[4.863533,52.32748]},"properties":{"type":"charge","layer":"passenger","locationId":"97d2a90f-7ddc-4a6e-8910-ea83d10e1f95","name":"TNLP011360 - Soetendaal 2, Amsterdam","address":"2 Soetendaal","city":"Amsterdam","operatorName":"TotalEnergies","maxPowerKw":17,"isMegawatt":false,"status":"CHARGING","source":"ndw"}},{"type":"Feature","geometry":{"type":"Point","coordinates":[4.855796,52.357341]},"properties":{"type":"charge","layer":"passenger","locationId":"688284cb7f59b49b8163cd31","name":"The Tire Station B.V.","address":"Amstelveenseweg 5","city":"Amsterdam","operatorName":"Pluq","maxPowerKw":11,"isMegawatt":false,"status":"AVAILABLE","source":"ndw","priceKwh":0.4}},{"type":"Feature","geometry":{"type":"Point","coordinates":[4.898633,52.369747]},"properties":{"type":"charge","layer":"passenger","locationId":"3cce8a9a-2c8c-439d-800e-3f159f7ba3c7","name":"TNLP011259 - Raamgracht 10, Amsterdam","address":"10 Raamgracht","city":"Amsterdam","operatorName":"TotalEnergies","maxPowerKw":17,"isMegawatt":false,"status":"AVAILABLE","source":"ndw"}},{"type":"Feature","geometry":{"type":"Point","coordinates":[4.855035,52.371582]},"properties":{"type":"charge","layer":"passenger","locationId":"c22f7a88-d466-408e-bc03-e444c3d59f64","name":"TNLP010609 - Marco Polostraat 239, Amsterdam","address":"239 Marco Polostraat","city":"Amsterdam","operatorName":"TotalEnergies","maxPowerKw":17,"isMegawatt":false,"status":"CHARGING","source":"ndw"}},{"type":"Feature","geometry":{"type":"Point","coordinates":[4.926372,52.37948]},"properties":{"type":"charge","layer":"passenger","locationId":"79eca1ab-6fed-410f-a3a2-c765ef5a0b1f","name":"TNLP011390 - Sumatrakade 1163, Amsterdam","address":"1163 Sumatrakade","city":"Amsterdam","operatorName":"TotalEnergies","maxPowerKw":17,"isMegawatt":false,"status":"CHARGING","source":"ndw"}},{"type":"Feature","geometry":{"type":"Point","coordinates":[4.877861,52.32444]},"properties":{"type":"charge","layer":"passenger","locationId":"035bf7cf-d8ce-46cc-87b6-7a110249548f","name":"TNLP011118 - Reimersbeek 1, Amsterdam","address":"1 Reimersbeek","city":"Amsterdam","operatorName":"TotalEnergies","maxPowerKw":17,"isMegawatt":false,"status":"AVAILABLE","source":"ndw"}},{"type":"Feature","geometry":{"type":"Point","coordinates":[4.873145,52.3818]},"properties":{"type":"charge","layer":"passenger","locationId":"4a9f4e63-c59b-4314-a994-a78f27ca9b96","name":"TNLP011485 - Van Beuningenstraat 177, Amsterdam","address":"177 Van Beuningenstraat","city":"Amsterdam","operatorName":"TotalEnergies","maxPowerKw":17,"isMegawatt":false,"status":"AVAILABLE","source":"ndw"}},{"type":"Feature","geometry":{"type":"Point","coordinates":[4.8883543,52.3343163]},"properties":{"type":"charge","layer":"passenger","locationId":"42322","name":"Novotel Amsterdam City (PowerGo)","address":"Europaboulevard 10","city":"Amsterdam","operatorName":"PowerGo","maxPowerKw":150,"isMegawatt":false,"status":"AVAILABLE","source":"ndw","priceKwh":0.68}},{"type":"Feature","geometry":{"type":"Point","coordinates":[4.897444,52.422836]},"properties":{"type":"charge","layer":"passenger","locationId":"6dbe4945-8809-4913-84ee-be02cbbc5ea8","name":"TNLP010809 - Couhornerhoek 31, Amsterdam","address":"31 Couhornerhoek","city":"Amsterdam","operatorName":"TotalEnergies","maxPowerKw":17,"isMegawatt":false,"status":"AVAILABLE","source":"ndw"}},{"type":"Feature","geometry":{"type":"Point","coordinates":[4.815806,52.34605]},"properties":{"type":"charge","layer":"passenger","locationId":"00eb5c11-80ce-4e67-aa83-695a34a6d861","name":"TNLP011653 - Laan van Vlaanderen 134, Amsterdam","address":"134 Laan van Vlaanderen","city":"Amsterdam","operatorName":"TotalEnergies","maxPowerKw":17,"isMegawatt":false,"status":"AVAILABLE","source":"ndw"}},{"type":"Feature","geometry":{"type":"Point","coordinates":[4.88063,52.393889]},"properties":{"type":"charge","layer":"passenger","locationId":"91313489","name":"EQUANS Lieven de Stad","address":"Revaleiland 284A","city":"Amsterdam","operatorName":"EQUANS","maxPowerKw":11,"isMegawatt":false,"status":"AVAILABLE","source":"ndw"}},{"type":"Feature","geometry":{"type":"Point","coordinates":[4.862854,52.36125]},"properties":{"type":"charge","layer":"passenger","locationId":"b0aacc3c-4520-4300-af25-76e03d4dc7b6","name":"TNLP010179 - Staringstraat 17, Amsterdam","address":"17 Staringstraat","city":"Amsterdam","operatorName":"TotalEnergies","maxPowerKw":17,"isMegawatt":false,"status":"AVAILABLE","source":"ndw"}},{"type":"Feature","geometry":{"type":"Point","coordinates":[4.915251,52.39361]},"properties":{"type":"charge","layer":"passenger","locationId":"4ed61ead-d939-4c13-af09-5d8e22f56950","name":"TNLP010519 - Ribesstraat 22, Amsterdam","address":"22 Ribesstraat","city":"Amsterdam","operatorName":"TotalEnergies","maxPowerKw":17,"isMegawatt":false,"status":"CHARGING","source":"ndw"}},{"type":"Feature","geometry":{"type":"Point","coordinates":[4.858007,52.367626]},"properties":{"type":"charge","layer":"passenger","locationId":"53008fa2-a49f-4c64-ad45-9a52f023a275","name":"TNLP011071 - Admiralengracht 84, Amsterdam","address":"84 Admiralengracht","city":"Amsterdam","operatorName":"TotalEnergies","maxPowerKw":17,"isMegawatt":false,"status":"AVAILABLE","source":"ndw"}},{"type":"Feature","geometry":{"type":"Point","coordinates":[4.936436,52.354282]},"properties":{"type":"charge","layer":"passenger","locationId":"00f130b2-37f8-4c8f-8753-e8b6af10a676","name":"TNLP011000 - Copernicusstraat 23, Amsterdam","address":"23 Copernicusstraat","city":"Amsterdam","operatorName":"TotalEnergies","maxPowerKw":17,"isMegawatt":false,"status":"UNAVAILABLE","source":"ndw"}},{"type":"Feature","geometry":{"type":"Point","coordinates":[4.7881,52.3915]},"properties":{"type":"charge","layer":"passenger","locationId":"E92C4B29-1E58-4D07-AFFC-D64062C1A88B","name":"Eneco eMobility Verfgroothandel Plug B.V. - Bolstoen","address":"Bolstoen 8","city":"Amsterdam","operatorName":"Eneco","maxPowerKw":22,"isMegawatt":false,"status":"AVAILABLE","source":"ndw","priceKwh":0.32}},{"type":"Feature","geometry":{"type":"Point","coordinates":[4.857327,52.382442]},"properties":{"type":"charge","layer":"passenger","locationId":"1323ffd9-323f-4f5b-8214-f768947a420b","name":"TNLP010516 - Willem de Zwijgerlaan 351, Amsterdam","address":"351 Willem de Zwijgerlaan","city":"Amsterdam","operatorName":"TotalEnergies","maxPowerKw":17,"isMegawatt":false,"status":"AVAILABLE","source":"ndw"}},{"type":"Feature","geometry":{"type":"Point","coordinates":[4.928573,52.369064]},"properties":{"type":"charge","layer":"passenger","locationId":"2e69b710-e3c3-4d36-ae1f-aac78e63322e","name":"TNLP010481 - Blankenstraat 67, Amsterdam","address":"67 Blankenstraat","city":"Amsterdam","operatorName":"TotalEnergies","maxPowerKw":17,"isMegawatt":false,"status":"AVAILABLE","source":"ndw"}},{"type":"Feature","geometry":{"type":"Point","coordinates":[4.970885,52.289715]},"properties":{"type":"charge","layer":"passenger","locationId":"9619aa3a-8472-4e6a-8e59-7f8f3c810bf3","name":"TNLP011266 - Sinderenstraat 65, Amsterdam","address":"65 Sinderenstraat","city":"Amsterdam","operatorName":"TotalEnergies","maxPowerKw":17,"isMegawatt":false,"status":"AVAILABLE","source":"ndw"}},{"type":"Feature","geometry":{"type":"Point","coordinates":[4.87553,52.36178]},"properties":{"type":"charge","layer":"passenger","locationId":"57a0c3a4-422a-46b9-83c4-29841a295b93","name":"TNLP011202 - Vondelstraat 74, Amsterdam","address":"74 Vondelstraat","city":"Amsterdam","operatorName":"TotalEnergies","maxPowerKw":17,"isMegawatt":false,"status":"AVAILABLE","source":"ndw"}},{"type":"Feature","geometry":{"type":"Point","coordinates":[4.937652,52.312638]},"properties":{"type":"charge","layer":"passenger","locationId":"NLLOC027789","name":"NLD, P4 Villa Arena Amsterdam","address":"De Entree 7","city":"Amsterdam","operatorName":"Allego","maxPowerKw":22,"isMegawatt":false,"status":"AVAILABLE","source":"ndw","priceKwh":0.495}},{"type":"Feature","geometry":{"type":"Point","coordinates":[4.948831,52.306644]},"properties":{"type":"charge","layer":"passenger","locationId":"697218676b14d2cddf2deb4c","name":"Hogehilweg 24","address":"Hogehilweg 24","city":"Amsterdam","operatorName":"Merin","maxPowerKw":22,"isMegawatt":false,"status":"UNAVAILABLE","source":"ndw","priceKwh":0.53}},{"type":"Feature","geometry":{"type":"Point","coordinates":[4.988708,52.321148]},"properties":{"type":"charge","layer":"passenger","locationId":"9b5bb4f9-f263-4c8d-82c1-2d5a7ffe0765","name":"TNLP011545 - Kantershof 141, Amsterdam","address":"141 Kantershof","city":"Amsterdam","operatorName":"TotalEnergies","maxPowerKw":17,"isMegawatt":false,"status":"AVAILABLE","source":"ndw"}},{"type":"Feature","geometry":{"type":"Point","coordinates":[4.979728,52.315166]},"properties":{"type":"charge","layer":"passenger","locationId":"0791ad70-3c22-4fa7-8d55-b534f2662570","name":"TNLP010251 - 1e Kekerstraat 2, Amsterdam","address":"2 1e Kekerstraat","city":"Amsterdam","operatorName":"TotalEnergies","maxPowerKw":17,"isMegawatt":false,"status":"AVAILABLE","source":"ndw"}},{"type":"Feature","geometry":{"type":"Point","coordinates":[4.841421,52.37869]},"properties":{"type":"charge","layer":"passenger","locationId":"11ec39bd-9f8f-44bd-bc80-79777c41807b","name":"TNLP010624 - Akbarstraat 8, Amsterdam","address":"8 Akbarstraat","city":"Amsterdam","operatorName":"TotalEnergies","maxPowerKw":17,"isMegawatt":false,"status":"UNAVAILABLE","source":"ndw"}},{"type":"Feature","geometry":{"type":"Point","coordinates":[4.87121,52.348373]},"properties":{"type":"charge","layer":"passenger","locationId":"9d8f7eb1-4c5b-45e7-ae5c-1571516353f5","name":"TNLP010182 - Michelangelostraat 37, Amsterdam","address":"37 Michelangelostraat","city":"Amsterdam","operatorName":"TotalEnergies","maxPowerKw":17,"isMegawatt":false,"status":"AVAILABLE","source":"ndw"}},{"type":"Feature","geometry":{"type":"Point","coordinates":[4.939444,52.353115]},"properties":{"type":"charge","layer":"passenger","locationId":"91140c25-9b59-40df-a2d2-5ad64ed34771","name":"TNLP011501 - Radioweg 2, Amsterdam","address":"2 Radioweg","city":"Amsterdam","operatorName":"TotalEnergies","maxPowerKw":17,"isMegawatt":false,"status":"AVAILABLE","source":"ndw"}},{"type":"Feature","geometry":{"type":"Point","coordinates":[4.868723,52.36571]},"properties":{"type":"charge","layer":"passenger","locationId":"d1d998e4-b3ce-40d0-8c39-cb4fc97313b5","name":"TNLP010181 - Borgerstraat 24, Amsterdam","address":"24 Borgerstraat","city":"Amsterdam","operatorName":"TotalEnergies","maxPowerKw":17,"isMegawatt":false,"status":"AVAILABLE","source":"ndw"}},{"type":"Feature","geometry":{"type":"Point","coordinates":[4.858137,52.360207]},"properties":{"type":"charge","layer":"passenger","locationId":"3033076d-f88a-4fcb-985d-2329db53c6c5","name":"TNLP010820 - Wilhelminastraat 213, Amsterdam","address":"213 Wilhelminastraat","city":"Amsterdam","operatorName":"TotalEnergies","maxPowerKw":17,"isMegawatt":false,"status":"AVAILABLE","source":"ndw"}},{"type":"Feature","geometry":{"type":"Point","coordinates":[4.894219,52.363747]},"properties":{"type":"charge","layer":"passenger","locationId":"3dac59e9-9aa0-4da1-bf4f-92accaba6b5a","name":"TNLP011649 - Keizersgracht 631, Amsterdam","address":"631 Keizersgracht","city":"Amsterdam","operatorName":"TotalEnergies","maxPowerKw":17,"isMegawatt":false,"status":"CHARGING","source":"ndw"}},{"type":"Feature","geometry":{"type":"Point","coordinates":[4.858083,52.373447]},"properties":{"type":"charge","layer":"passenger","locationId":"b63165dd-3464-4a5d-a3bf-9e6a2e7be1ea","name":"TNLP010443 - Pieter van der Doesstraat 70, Amsterdam","address":"70 Pieter van der Doesstraat","city":"Amsterdam","operatorName":"TotalEnergies","maxPowerKw":17,"isMegawatt":false,"status":"AVAILABLE","source":"ndw"}},{"type":"Feature","geometry":{"type":"Point","coordinates":[4.805774,52.36456]},"properties":{"type":"charge","layer":"passenger","locationId":"50ea7836-86e3-4d21-bc51-7c73ba24c58a","name":"Laadplein - TNLP010209 - Oeverpad 281, Amsterdam","address":"281 Oeverpad","city":"Amsterdam","operatorName":"TotalEnergies","maxPowerKw":17,"isMegawatt":false,"status":"AVAILABLE","source":"ndw"}},{"type":"Feature","geometry":{"type":"Point","coordinates":[4.95629,52.390694]},"properties":{"type":"charge","layer":"passenger","locationId":"b63a33db-8a01-43a0-a195-0220f8f2db03","name":"TNLP011785 - Naardermeerstraat 51, Amsterdam","address":"51 Naardermeerstraat","city":"Amsterdam","operatorName":"TotalEnergies","maxPowerKw":17,"isMegawatt":false,"status":"CHARGING","source":"ndw"}},{"type":"Feature","geometry":{"type":"Point","coordinates":[4.910787,52.355704]},"properties":{"type":"charge","layer":"passenger","locationId":"09AB270F-2A6E-4E09-B866-C6E032C6435D","name":"Eneco eMobility Wibautstraat 80-86 Amsterdam","address":"Wibautstraat 80-86","city":"Amsterdam","operatorName":"Eneco","maxPowerKw":22,"isMegawatt":false,"status":"AVAILABLE","source":"ndw","priceKwh":0.32}},{"type":"Feature","geometry":{"type":"Point","coordinates":[4.948575,52.306944]},"properties":{"type":"charge","layer":"passenger","locationId":"65fac913691e04001c2aed0d","name":"Bullewijck","address":"Hogehilweg 20","city":"Amsterdam","operatorName":"Pluq","maxPowerKw":22,"isMegawatt":false,"status":"AVAILABLE","source":"ndw","priceKwh":0.31}},{"type":"Feature","geometry":{"type":"Point","coordinates":[4.870318,52.382435]},"properties":{"type":"charge","layer":"passenger","locationId":"5e451026-d0da-43ca-bbce-b2e4cb9f3de7","name":"TNLP010792 - Van Hogendorpstraat 767, Amsterdam","address":"767 Van Hogendorpstraat","city":"Amsterdam","operatorName":"TotalEnergies","maxPowerKw":17,"isMegawatt":false,"status":"UNAVAILABLE","source":"ndw"}},{"type":"Feature","geometry":{"type":"Point","coordinates":[4.837466,52.363064]},"properties":{"type":"charge","layer":"passenger","locationId":"6632129dc47f3b001cbe5130","name":"August Allebeplein laadpaal 1","address":"August Allebeplein  51","city":"Amsterdam","operatorName":"E-Flux by Road","maxPowerKw":22,"isMegawatt":false,"status":"UNAVAILABLE","source":"ndw","priceKwh":0.33}},{"type":"Feature","geometry":{"type":"Point","coordinates":[4.86105,52.3766]},"properties":{"type":"charge","layer":"passenger","locationId":"211cea18-c442-428b-8a98-af11e007e612","name":"TNLP010926 - Jan Haringstraat 15, Amsterdam","address":"15 Jan Haringstraat","city":"Amsterdam","operatorName":"TotalEnergies","maxPowerKw":17,"isMegawatt":false,"status":"AVAILABLE","source":"ndw"}},{"type":"Feature","geometry":{"type":"Point","coordinates":[4.969751,52.370281]},"properties":{"type":"charge","layer":"passenger","locationId":"a4fde435-24c0-4a91-a40b-3db6cac6584a","name":"Bob Haarmslaan 1","address":"Bob Haarmslaan 1","city":"Amsterdam","operatorName":"Vattenfall InCharge","maxPowerKw":11,"isMegawatt":false,"status":"AVAILABLE","source":"ndw"}},{"type":"Feature","geometry":{"type":"Point","coordinates":[4.772837,52.35124]},"properties":{"type":"charge","layer":"passenger","locationId":"b17fd84a-b6ed-4b17-9eab-7677f8c58e68","name":"TNLP011064 - Le Tourmalet 38, Amsterdam","address":"38 Le Tourmalet","city":"Amsterdam","operatorName":"TotalEnergies","maxPowerKw":17,"isMegawatt":false,"status":"AVAILABLE","source":"ndw"}},{"type":"Feature","geometry":{"type":"Point","coordinates":[4.84509,52.40049]},"properties":{"type":"charge","layer":"passenger","locationId":"10A54F53-62DC-4BAB-985A-563BBC57066A","name":"Eneco eMobility Gyroscoopweg 90-92 Amsterdam","address":"Gyroscoopweg 90-92","city":"Amsterdam","operatorName":"Eneco","maxPowerKw":22,"isMegawatt":false,"status":"UNAVAILABLE","source":"ndw","priceKwh":0.57}},{"type":"Feature","geometry":{"type":"Point","coordinates":[4.90124,52.352085]},"properties":{"type":"charge","layer":"passenger","locationId":"cca208a6-4ea6-423d-b394-3286b529d433","name":"TNLP011290 - Toldwarsstraat 7V, Amsterdam","address":"7V Toldwarsstraat","city":"Amsterdam","operatorName":"TotalEnergies","maxPowerKw":17,"isMegawatt":false,"status":"CHARGING","source":"ndw"}},{"type":"Feature","geometry":{"type":"Point","coordinates":[4.923668,52.379684]},"properties":{"type":"charge","layer":"passenger","locationId":"49730507-2a36-4b6d-ba4e-d8dd3e57d7a2","name":"TNLP010390 - Sumatrakade 1437, Amsterdam","address":"1437 Sumatrakade","city":"Amsterdam","operatorName":"TotalEnergies","maxPowerKw":17,"isMegawatt":false,"status":"AVAILABLE","source":"ndw"}},{"type":"Feature","geometry":{"type":"Point","coordinates":[4.966991,52.32654]},"properties":{"type":"charge","layer":"passenger","locationId":"38003b20-8bec-4c9d-a05a-ce7bcbdda086","name":"TNLP010113 - Eensgevonden 40, Amsterdam","address":"40 Eensgevonden","city":"Amsterdam","operatorName":"TotalEnergies","maxPowerKw":17,"isMegawatt":false,"status":"AVAILABLE","source":"ndw"}},{"type":"Feature","geometry":{"type":"Point","coordinates":[4.903119,52.352757]},"properties":{"type":"charge","layer":"passenger","locationId":"5caf0275-d5a8-4085-b2be-b6a97b488b81","name":"TNLP010377 - Pieter Aertszstraat 2, Amsterdam","address":"2 Pieter Aertszstraat","city":"Amsterdam","operatorName":"TotalEnergies","maxPowerKw":17,"isMegawatt":false,"status":"CHARGING","source":"ndw"}},{"type":"Feature","geometry":{"type":"Point","coordinates":[5.039639,52.297287]},"properties":{"type":"charge","layer":"passenger","locationId":"316dea9e-88b2-4233-b470-86c0e7a0948a","name":"TNLP011474 - Mouterspad 246, Weesp","address":"246 Mouterspad","city":"Weesp","operatorName":"TotalEnergies","maxPowerKw":17,"isMegawatt":false,"status":"AVAILABLE","source":"ndw"}},{"type":"Feature","geometry":{"type":"Point","coordinates":[4.788334,52.35534]},"properties":{"type":"charge","layer":"passenger","locationId":"60142cb0-0523-4381-a133-702fc18d2af5","name":"TNLP010351 - Meentstraat 1, Amsterdam","address":"1 Meentstraat","city":"Amsterdam","operatorName":"TotalEnergies","maxPowerKw":17,"isMegawatt":false,"status":"AVAILABLE","source":"ndw"}},{"type":"Feature","geometry":{"type":"Point","coordinates":[4.997181,52.298744]},"properties":{"type":"charge","layer":"passenger","locationId":"42f6ad69-10f4-466d-a925-4c72f1477f4c","name":"TNLP010571 - Hendrik Hosstraat 171, Amsterdam","address":"171 Hendrik Hosstraat","city":"Amsterdam","operatorName":"TotalEnergies","maxPowerKw":17,"isMegawatt":false,"status":"AVAILABLE","source":"ndw"}},{"type":"Feature","geometry":{"type":"Point","coordinates":[4.916752,52.368996]},"properties":{"type":"charge","layer":"passenger","locationId":"d36c5295-95d4-40e3-84de-31c14264b787","name":"TNLP011198 - Buiten Kadijken 2, Amsterdam","address":"2 Buiten Kadijken","city":"Amsterdam","operatorName":"TotalEnergies","maxPowerKw":17,"isMegawatt":false,"status":"CHARGING","source":"ndw"}},{"type":"Feature","geometry":{"type":"Point","coordinates":[4.872154,52.33453]},"properties":{"type":"charge","layer":"passenger","locationId":"6587eb37-d033-4365-a6c1-d9d45d194f2b","name":"Laadplein - TNLP011514 - Ennemaborg 1, Amsterdam","address":"1 Ennemaborg","city":"Amsterdam","operatorName":"TotalEnergies","maxPowerKw":17,"isMegawatt":false,"status":"AVAILABLE","source":"ndw"}},{"type":"Feature","geometry":{"type":"Point","coordinates":[4.899568,52.34018]},"properties":{"type":"charge","layer":"passenger","locationId":"d48e80b7-f0f0-4a70-8a00-6ea5243f2acd","name":"TNLP010930 - President Kennedylaan 681, Amsterdam","address":"681 President Kennedylaan","city":"Amsterdam","operatorName":"TotalEnergies","maxPowerKw":17,"isMegawatt":false,"status":"AVAILABLE","source":"ndw"}},{"type":"Feature","geometry":{"type":"Point","coordinates":[4.968667,52.304849]},"properties":{"type":"charge","layer":"passenger","locationId":"90A58AEF-B60C-48A1-942B-86A68909EB82","name":"TNLP010590","address":"Maldenhof 209","city":"Amsterdam","operatorName":"TotalEnergies","maxPowerKw":17,"isMegawatt":false,"status":"AVAILABLE","source":"ndw"}},{"type":"Feature","geometry":{"type":"Point","coordinates":[4.893642,52.413456]},"properties":{"type":"charge","layer":"passenger","locationId":"96a6c72a-68a7-4bb5-b1d6-c656d7762292","name":"TNLP010968 - Kometensingel 23, Amsterdam","address":"23 Kometensingel","city":"Amsterdam","operatorName":"TotalEnergies","maxPowerKw":17,"isMegawatt":false,"status":"AVAILABLE","source":"ndw"}},{"type":"Feature","geometry":{"type":"Point","coordinates":[4.783661,52.346584]},"properties":{"type":"charge","layer":"passenger","locationId":"7f4b838b-3e34-481f-8327-79f00c8a88af","name":"TNLP010271 - Dinarpromenade 9, Amsterdam","address":"9 Dinarpromenade","city":"Amsterdam","operatorName":"TotalEnergies","maxPowerKw":17,"isMegawatt":false,"status":"CHARGING","source":"ndw"}},{"type":"Feature","geometry":{"type":"Point","coordinates":[4.894497,52.41546]},"properties":{"type":"charge","layer":"passenger","locationId":"d8bdab9d-e41f-4803-9bec-646346721c1e","name":"TNLP010861 - Kometensingel 52, Amsterdam","address":"52 Kometensingel","city":"Amsterdam","operatorName":"TotalEnergies","maxPowerKw":17,"isMegawatt":false,"status":"AVAILABLE","source":"ndw"}},{"type":"Feature","geometry":{"type":"Point","coordinates":[4.993112,52.359303]},"properties":{"type":"charge","layer":"passenger","locationId":"f6ddc1eb-9d51-4467-bcbb-79085a39c3c8","name":"TNLP010402 - Daguerrestraat 113, Amsterdam","address":"113 Daguerrestraat","city":"Amsterdam","operatorName":"TotalEnergies","maxPowerKw":17,"isMegawatt":false,"status":"AVAILABLE","source":"ndw"}},{"type":"Feature","geometry":{"type":"Point","coordinates":[4.970451,52.298992]},"properties":{"type":"charge","layer":"passenger","locationId":"c1e02b58-85de-4b2f-9ceb-75f2d50ee257","name":"TNLP010298 - Mijndenhof 144, Amsterdam","address":"144 Mijndenhof","city":"Amsterdam","operatorName":"TotalEnergies","maxPowerKw":17,"isMegawatt":false,"status":"AVAILABLE","source":"ndw"}},{"type":"Feature","geometry":{"type":"Point","coordinates":[4.836293,52.36763]},"properties":{"type":"charge","layer":"passenger","locationId":"1be61c26-5dae-4e80-ae91-35697c607210","name":"TNLP010337 - Karel Klinkenbergstraat 40, Amsterdam","address":"40 Karel Klinkenbergstraat","city":"Amsterdam","operatorName":"TotalEnergies","maxPowerKw":17,"isMegawatt":false,"status":"AVAILABLE","source":"ndw"}},{"type":"Feature","geometry":{"type":"Point","coordinates":[4.791369,52.38189]},"properties":{"type":"charge","layer":"passenger","locationId":"86cf2d92-9eb0-4350-b458-402b0dfa3889","name":"TNLP010441 - L.J.M. Beelstraat 1, Amsterdam","address":"1 L.J.M. Beelstraat","city":"Amsterdam","operatorName":"TotalEnergies","maxPowerKw":17,"isMegawatt":false,"status":"CHARGING","source":"ndw"}},{"type":"Feature","geometry":{"type":"Point","coordinates":[5.033677,52.311115]},"properties":{"type":"charge","layer":"passenger","locationId":"fc25c900-bdcd-461e-8ec2-5e497b07670a","name":"TNLP011593 - Kostverlorenstraat 887, Amsterdam","address":"887 Kostverlorenstraat","city":"Amsterdam","operatorName":"TotalEnergies","maxPowerKw":17,"isMegawatt":false,"status":"AVAILABLE","source":"ndw"}},{"type":"Feature","geometry":{"type":"Point","coordinates":[4.939249,52.35084]},"properties":{"type":"charge","layer":"passenger","locationId":"d6406d0d-0e44-4fac-a0c7-436a85fd39ff","name":"TNLP010735 - Linnaeusparkweg 189, Amsterdam","address":"189 Linnaeusparkweg","city":"Amsterdam","operatorName":"TotalEnergies","maxPowerKw":17,"isMegawatt":false,"status":"AVAILABLE","source":"ndw"}},{"type":"Feature","geometry":{"type":"Point","coordinates":[5.026949,52.30871]},"properties":{"type":"charge","layer":"passenger","locationId":"ba43eb0e-3656-4708-a2f8-72269f845231","name":"TNLP011367 - Aquamarin 18, Weesp","address":"18 Aquamarin","city":"Weesp","operatorName":"TotalEnergies","maxPowerKw":17,"isMegawatt":false,"status":"AVAILABLE","source":"ndw"}},{"type":"Feature","geometry":{"type":"Point","coordinates":[4.854691,52.33639]},"properties":{"type":"charge","layer":"passenger","locationId":"1773391","name":"Laadnet Zuiderhof - Tribes","address":"Jachthavenweg 109","city":"Amsterdam","operatorName":"Laadnet","maxPowerKw":22,"isMegawatt":false,"status":"UNAVAILABLE","source":"ndw"}},{"type":"Feature","geometry":{"type":"Point","coordinates":[4.900193,52.341187]},"properties":{"type":"charge","layer":"passenger","locationId":"c7148859-185f-490c-9836-636056391145","name":"TNLP011187 - Griftstraat 53, Amsterdam","address":"53 Griftstraat","city":"Amsterdam","operatorName":"TotalEnergies","maxPowerKw":17,"isMegawatt":false,"status":"AVAILABLE","source":"ndw"}},{"type":"Feature","geometry":{"type":"Point","coordinates":[4.969662,52.370278]},"properties":{"type":"charge","layer":"passenger","locationId":"ec8f45e606a98ede10b4b37e6fad783c","name":"Bob Haarmslaan","address":"Bob Haarmslaan","city":"Amsterdam","operatorName":"Vattenfall InCharge","maxPowerKw":11,"isMegawatt":false,"status":"AVAILABLE","source":"ndw"}},{"type":"Feature","geometry":{"type":"Point","coordinates":[4.914713,52.387897]},"properties":{"type":"charge","layer":"passenger","locationId":"18cc1509-d2a2-403e-82ab-d98f3fa21b48","name":"TNLP010458 - Buiksloterweg 95, Amsterdam","address":"95 Buiksloterweg","city":"Amsterdam","operatorName":"TotalEnergies","maxPowerKw":17,"isMegawatt":false,"status":"CHARGING","source":"ndw"}},{"type":"Feature","geometry":{"type":"Point","coordinates":[4.901472,52.36374]},"properties":{"type":"charge","layer":"passenger","locationId":"14ac56cb-71b5-4601-aa98-ba104103b50e","name":"TNLP011281 - Amstel 252, Amsterdam","address":"252 Amstel","city":"Amsterdam","operatorName":"TotalEnergies","maxPowerKw":17,"isMegawatt":false,"status":"CHARGING","source":"ndw"}},{"type":"Feature","geometry":{"type":"Point","coordinates":[4.865751,52.328278]},"properties":{"type":"charge","layer":"passenger","locationId":"8e1c3ddf-e187-4b5f-bae1-1ec0dba1771c","name":"TNLP011675 - Nijenburg 2, Amsterdam","address":"2 Nijenburg","city":"Amsterdam","operatorName":"TotalEnergies","maxPowerKw":17,"isMegawatt":false,"status":"CHARGING","source":"ndw"}},{"type":"Feature","geometry":{"type":"Point","coordinates":[5.039886,52.316494]},"properties":{"type":"charge","layer":"passenger","locationId":"8f95c0b7-5581-4f43-8a7f-05acb34627bd","name":"TNLP011776 - Landscronerlaan 24, Weesp","address":"24 Landscronerlaan","city":"Weesp","operatorName":"TotalEnergies","maxPowerKw":17,"isMegawatt":false,"status":"CHARGING","source":"ndw"}},{"type":"Feature","geometry":{"type":"Point","coordinates":[4.875407,52.36517]},"properties":{"type":"charge","layer":"passenger","locationId":"f2e9cfdd-5e63-4591-b8d4-57eddc884737","name":"TNLP010906 - Alberdingk Thijmstraat 5, Amsterdam","address":"5 Alberdingk Thijmstraat","city":"Amsterdam","operatorName":"TotalEnergies","maxPowerKw":17,"isMegawatt":false,"status":"CHARGING","source":"ndw"}},{"type":"Feature","geometry":{"type":"Point","coordinates":[4.941913,52.376396]},"properties":{"type":"charge","layer":"passenger","locationId":"f04ff4c3-4834-4e29-8371-0cd48ec64dd5","name":"TNLP011048 - Levantkade 167, Amsterdam","address":"167 Levantkade","city":"Amsterdam","operatorName":"TotalEnergies","maxPowerKw":17,"isMegawatt":false,"status":"AVAILABLE","source":"ndw"}},{"type":"Feature","geometry":{"type":"Point","coordinates":[4.902164,52.357777]},"properties":{"type":"charge","layer":"passenger","locationId":"0dfd8261-77f6-42cb-8649-297f6abd95f9","name":"TNLP010069 - Hemonystraat 13, Amsterdam","address":"13 Hemonystraat","city":"Amsterdam","operatorName":"TotalEnergies","maxPowerKw":17,"isMegawatt":false,"status":"AVAILABLE","source":"ndw"}},{"type":"Feature","geometry":{"type":"Point","coordinates":[5.053002,52.321805]},"properties":{"type":"charge","layer":"passenger","locationId":"3214878","name":"Laadnet Swaen4","address":"Swaenenvechtstraat 4","city":"Weesp","operatorName":"Laadnet","maxPowerKw":11,"isMegawatt":false,"status":"UNAVAILABLE","source":"ndw"}},{"type":"Feature","geometry":{"type":"Point","coordinates":[4.87411,52.34071]},"properties":{"type":"charge","layer":"passenger","locationId":"26BF0F7F-E5EB-4FA1-AD46-F86B10E7FC11","name":"TNLP030015","address":"Strawinskylaan 2","city":"Amsterdam","operatorName":"TotalEnergies","maxPowerKw":120,"isMegawatt":false,"status":"AVAILABLE","source":"ndw"}},{"type":"Feature","geometry":{"type":"Point","coordinates":[4.872275,52.36421]},"properties":{"type":"charge","layer":"passenger","locationId":"b0463c5e-2741-459c-9d40-d7a967484754","name":"TNLP010749 - Tweede Constantijn Huygensstraat 4, Amsterdam","address":"4 Tweede Constantijn Huygensstraat","city":"Amsterdam","operatorName":"TotalEnergies","maxPowerKw":17,"isMegawatt":false,"status":"CHARGING","source":"ndw"}},{"type":"Feature","geometry":{"type":"Point","coordinates":[4.927027,52.35305]},"properties":{"type":"charge","layer":"passenger","locationId":"4e1f8215-de8b-486e-80f4-33b6dddb056c","name":"TNLP010557 - Willem Beukelsstraat 35, Amsterdam","address":"35 Willem Beukelsstraat","city":"Amsterdam","operatorName":"TotalEnergies","maxPowerKw":17,"isMegawatt":false,"status":"AVAILABLE","source":"ndw"}},{"type":"Feature","geometry":{"type":"Point","coordinates":[4.875442,52.32752]},"properties":{"type":"charge","layer":"passenger","locationId":"5c5e8f79-b61a-4845-bd6b-2928526ac893","name":"TNLP011044 - Backershagen 1, Amsterdam","address":"1 Backershagen","city":"Amsterdam","operatorName":"TotalEnergies","maxPowerKw":17,"isMegawatt":false,"status":"AVAILABLE","source":"ndw"}},{"type":"Feature","geometry":{"type":"Point","coordinates":[4.889262,52.351315]},"properties":{"type":"charge","layer":"passenger","locationId":"fd59f13f-07cc-4441-b21e-2ef1984e02de","name":"TNLP010330 - Dusartstraat 52, Amsterdam","address":"52 Dusartstraat","city":"Amsterdam","operatorName":"TotalEnergies","maxPowerKw":17,"isMegawatt":false,"status":"CHARGING","source":"ndw"}},{"type":"Feature","geometry":{"type":"Point","coordinates":[4.866894,52.385063]},"properties":{"type":"charge","layer":"passenger","locationId":"61b07b5d-da95-451c-b22a-479dfa52ac61","name":"TNLP010628 - Haarlemmerweg 313, Amsterdam","address":"313 Haarlemmerweg","city":"Amsterdam","operatorName":"TotalEnergies","maxPowerKw":17,"isMegawatt":false,"status":"AVAILABLE","source":"ndw"}},{"type":"Feature","geometry":{"type":"Point","coordinates":[4.903335,52.358192]},"properties":{"type":"charge","layer":"passenger","locationId":"3966876","name":"Laadnet GF367","address":"Govert Flinckstraat 367","city":"Amsterdam","operatorName":"Laadnet","maxPowerKw":22,"isMegawatt":false,"status":"AVAILABLE","source":"ndw"}},{"type":"Feature","geometry":{"type":"Point","coordinates":[4.935509,52.356014]},"properties":{"type":"charge","layer":"passenger","locationId":"67069496-2e04-4b84-b220-580c3c276007","name":"TNLP011109 - Ptolemaeusstraat 10, Amsterdam","address":"10 Ptolemaeusstraat","city":"Amsterdam","operatorName":"TotalEnergies","maxPowerKw":17,"isMegawatt":false,"status":"AVAILABLE","source":"ndw"}},{"type":"Feature","geometry":{"type":"Point","coordinates":[4.907628,52.41482]},"properties":{"type":"charge","layer":"passenger","locationId":"b4e6dbee-60f7-4036-984a-290f537d126e","name":"TNLP011099 - Kadoelenweg 292, Amsterdam","address":"292 Kadoelenweg","city":"Amsterdam","operatorName":"TotalEnergies","maxPowerKw":17,"isMegawatt":false,"status":"CHARGING","source":"ndw"}},{"type":"Feature","geometry":{"type":"Point","coordinates":[4.854584,52.33709]},"properties":{"type":"charge","layer":"passenger","locationId":"OST20P0054_0004_3","name":"OST20P0054_0004_3","address":"Amstelveenseweg 500","city":"Amsterdam","operatorName":"e-VOLTT","maxPowerKw":38,"isMegawatt":false,"status":"AVAILABLE","source":"ndw","priceKwh":0.26}},{"type":"Feature","geometry":{"type":"Point","coordinates":[4.800562,52.35131]},"properties":{"type":"charge","layer":"passenger","locationId":"7bd1b58e-1c47-464f-8e52-97e4aa82a234","name":"TNLP010904 - Jan Smitstraat 15, Amsterdam","address":"15 Jan Smitstraat","city":"Amsterdam","operatorName":"TotalEnergies","maxPowerKw":17,"isMegawatt":false,"status":"AVAILABLE","source":"ndw"}},{"type":"Feature","geometry":{"type":"Point","coordinates":[4.932084,52.370903]},"properties":{"type":"charge","layer":"passenger","locationId":"4200754","name":"Laadnet Gemeentelijk Vastgoed, gemeente Amsterdam","address":"Blankenstraat 402","city":"Amsterdam","operatorName":"Laadnet","maxPowerKw":22,"isMegawatt":false,"status":"AVAILABLE","source":"ndw"}},{"type":"Feature","geometry":{"type":"Point","coordinates":[4.862132,52.372868]},"properties":{"type":"charge","layer":"passenger","locationId":"b1a48d9e-78bf-42d0-b3c6-3f0f143b445e","name":"TNLP011330 - Reinier Claeszenstraat 27, Amsterdam","address":"27 Reinier Claeszenstraat","city":"Amsterdam","operatorName":"TotalEnergies","maxPowerKw":17,"isMegawatt":false,"status":"CHARGING","source":"ndw"}},{"type":"Feature","geometry":{"type":"Point","coordinates":[4.829846,52.340746]},"properties":{"type":"charge","layer":"passenger","locationId":"4227373","name":"Laadnet IBM Nederland BV","address":"Johan Huizingalaan 765","city":"Amsterdam","operatorName":"Laadnet","maxPowerKw":22,"isMegawatt":false,"status":"AVAILABLE","source":"ndw"}},{"type":"Feature","geometry":{"type":"Point","coordinates":[4.886865,52.355496]},"properties":{"type":"charge","layer":"passenger","locationId":"68da8db200924e3fee9e8323","name":"Albert Cuyp Parkeergarage","address":"Ruysdealkade 100","city":"Amsterdam","operatorName":"E-Flux by Road","maxPowerKw":11,"isMegawatt":false,"status":"AVAILABLE","source":"ndw"}},{"type":"Feature","geometry":{"type":"Point","coordinates":[4.774605,52.425]},"properties":{"type":"charge","layer":"passenger","locationId":"48b81a68b326485c868e0b86f07ce7c2","name":"Voorbij Prefab BV","address":"Siciliëweg 61","city":"Amsterdam","operatorName":"Smart Grid Monitor","maxPowerKw":22,"isMegawatt":false,"status":"AVAILABLE","source":"ndw","priceKwh":0.58}},{"type":"Feature","geometry":{"type":"Point","coordinates":[4.865894,52.361717]},"properties":{"type":"charge","layer":"passenger","locationId":"75851f86-5b34-47df-84e5-a40815fcbc77","name":"TNLP010959 - Brederodestraat 44, Amsterdam","address":"44 Brederodestraat","city":"Amsterdam","operatorName":"TotalEnergies","maxPowerKw":17,"isMegawatt":false,"status":"CHARGING","source":"ndw"}},{"type":"Feature","geometry":{"type":"Point","coordinates":[4.919404,52.355194]},"properties":{"type":"charge","layer":"passenger","locationId":"8db5fce2-5dfb-492f-b8d3-5975652471bb","name":"TNLP011236 - Maritzstraat 2, Amsterdam","address":"2 Maritzstraat","city":"Amsterdam","operatorName":"TotalEnergies","maxPowerKw":17,"isMegawatt":false,"status":"CHARGING","source":"ndw"}},{"type":"Feature","geometry":{"type":"Point","coordinates":[4.912661,52.38476]},"properties":{"type":"charge","layer":"passenger","locationId":"8fa4b91b-5361-4f79-a5a9-413a4fbd8c7c","name":"TNLP010913 - Reigerweg 1, Amsterdam","address":"1 Reigerweg","city":"Amsterdam","operatorName":"TotalEnergies","maxPowerKw":17,"isMegawatt":false,"status":"AVAILABLE","source":"ndw"}},{"type":"Feature","geometry":{"type":"Point","coordinates":[4.91228,52.367317]},"properties":{"type":"charge","layer":"passenger","locationId":"590de1e4-3664-4bf4-9c57-633473e3bd3a","name":"TNLP011784 - Henri Polaklaan 42, Amsterdam","address":"42 Henri Polaklaan","city":"Amsterdam","operatorName":"TotalEnergies","maxPowerKw":17,"isMegawatt":false,"status":"AVAILABLE","source":"ndw"}},{"type":"Feature","geometry":{"type":"Point","coordinates":[4.921751,52.358463]},"properties":{"type":"charge","layer":"passenger","locationId":"5fdd0cc0-dfa4-4c4d-bab2-cdb49d6f763b","name":"TNLP010361 - Tweede Oosterparkstraat 209, Amsterdam","address":"209 Tweede Oosterparkstraat","city":"Amsterdam","operatorName":"TotalEnergies","maxPowerKw":17,"isMegawatt":false,"status":"CHARGING","source":"ndw"}},{"type":"Feature","geometry":{"type":"Point","coordinates":[4.920915,52.35063]},"properties":{"type":"charge","layer":"passenger","locationId":"6645d378-9e94-4382-8f2e-9cb5c8b07392","name":"TNLP010099 - George Westinghousestraat 2, Amsterdam","address":"2 George Westinghousestraat","city":"Amsterdam","operatorName":"TotalEnergies","maxPowerKw":17,"isMegawatt":false,"status":"AVAILABLE","source":"ndw"}},{"type":"Feature","geometry":{"type":"Point","coordinates":[4.893644,52.407894]},"properties":{"type":"charge","layer":"passenger","locationId":"74f1a420-0f49-407b-84c2-47ddbe78e4f1","name":"TNLP010815 - Gutserstraat 29, Amsterdam","address":"29 Gutserstraat","city":"Amsterdam","operatorName":"TotalEnergies","maxPowerKw":17,"isMegawatt":false,"status":"AVAILABLE","source":"ndw"}},{"type":"Feature","geometry":{"type":"Point","coordinates":[4.962473,52.297005]},"properties":{"type":"charge","layer":"passenger","locationId":"f1eb43ab-0fa6-4e2f-91c9-f14d37e2b513","name":"TNLP010894 - Opheusdenhof 171, Amsterdam","address":"171 Opheusdenhof","city":"Amsterdam","operatorName":"TotalEnergies","maxPowerKw":17,"isMegawatt":false,"status":"AVAILABLE","source":"ndw"}},{"type":"Feature","geometry":{"type":"Point","coordinates":[4.871874,52.384167]},"properties":{"type":"charge","layer":"passenger","locationId":"6c49583f-b86d-472a-83ca-4046ae1dc4d2","name":"TNLP010067 - Groen van Prinstererstraat 15, Amsterdam","address":"15 Groen van Prinstererstraat","city":"Amsterdam","operatorName":"TotalEnergies","maxPowerKw":17,"isMegawatt":false,"status":"AVAILABLE","source":"ndw"}},{"type":"Feature","geometry":{"type":"Point","coordinates":[4.861633,52.359962]},"properties":{"type":"charge","layer":"passenger","locationId":"ad96c3f6-76e2-49a6-ae1c-328b85da54c2","name":"TNLP010917 - Pieter Langendijkstraat 47, Amsterdam","address":"47 Pieter Langendijkstraat","city":"Amsterdam","operatorName":"TotalEnergies","maxPowerKw":17,"isMegawatt":false,"status":"AVAILABLE","source":"ndw"}},{"type":"Feature","geometry":{"type":"Point","coordinates":[4.885281,52.41151]},"properties":{"type":"charge","layer":"passenger","locationId":"5191bda1-5a85-44ac-bf3d-edb2881ff3f9","name":"TNLP010532 - Pegasusstraat 2, Amsterdam","address":"2 Pegasusstraat","city":"Amsterdam","operatorName":"TotalEnergies","maxPowerKw":17,"isMegawatt":false,"status":"AVAILABLE","source":"ndw"}},{"type":"Feature","geometry":{"type":"Point","coordinates":[5.045835,52.298584]},"properties":{"type":"charge","layer":"passenger","locationId":"30a3e3b2-5995-4328-abbc-a7de0c0fe570","name":"TNLP011916 - Reigersweide 11, Weesp","address":"11 Reigersweide","city":"Weesp","operatorName":"TotalEnergies","maxPowerKw":17,"isMegawatt":false,"status":"AVAILABLE","source":"ndw"}},{"type":"Feature","geometry":{"type":"Point","coordinates":[4.980696,52.361996]},"properties":{"type":"charge","layer":"passenger","locationId":"0382ae79-ec60-447e-ab04-49c383339ee8","name":"TNLP010284 - Cornelis Zillesenlaan 64, Amsterdam","address":"64 Cornelis Zillesenlaan","city":"Amsterdam","operatorName":"TotalEnergies","maxPowerKw":17,"isMegawatt":false,"status":"UNAVAILABLE","source":"ndw"}},{"type":"Feature","geometry":{"type":"Point","coordinates":[5.037141,52.31521]},"properties":{"type":"charge","layer":"passenger","locationId":"168daef3-2548-4d48-9fdd-8265e6c974d6","name":"TNLP011870 - Sportparklaan 261, Amsterdam","address":"261 Sportparklaan","city":"Amsterdam","operatorName":"TotalEnergies","maxPowerKw":17,"isMegawatt":false,"status":"CHARGING","source":"ndw"}},{"type":"Feature","geometry":{"type":"Point","coordinates":[4.86335,52.374798]},"properties":{"type":"charge","layer":"passenger","locationId":"a649d909-f49f-4f63-b552-79d6ebd888e6","name":"TNLP011242 - Geuzenkade 87, Amsterdam","address":"87 Geuzenkade","city":"Amsterdam","operatorName":"TotalEnergies","maxPowerKw":17,"isMegawatt":false,"status":"AVAILABLE","source":"ndw"}},{"type":"Feature","geometry":{"type":"Point","coordinates":[4.915363,52.34406]},"properties":{"type":"charge","layer":"passenger","locationId":"3d536671-b00d-4d0b-933e-1950b4d61280","name":"TNLP010573 - Omval 168, Amsterdam","address":"168 Omval","city":"Amsterdam","operatorName":"TotalEnergies","maxPowerKw":17,"isMegawatt":false,"status":"AVAILABLE","source":"ndw"}},{"type":"Feature","geometry":{"type":"Point","coordinates":[4.913612,52.37]},"properties":{"type":"charge","layer":"passenger","locationId":"38c1765c-33b6-46ce-bf73-ac80964d1e01","name":"TNLP011818 - Hoogte Kadijk 15, Amsterdam","address":"15 Hoogte Kadijk","city":"Amsterdam","operatorName":"TotalEnergies","maxPowerKw":17,"isMegawatt":false,"status":"AVAILABLE","source":"ndw"}},{"type":"Feature","geometry":{"type":"Point","coordinates":[5.045149,52.307846]},"properties":{"type":"charge","layer":"passenger","locationId":"ef625834-e955-40e9-bd07-a6a6d6865677","name":"TNLP011309 - Ossenmarkt 43, Weesp","address":"43 Ossenmarkt","city":"Weesp","operatorName":"TotalEnergies","maxPowerKw":17,"isMegawatt":false,"status":"UNAVAILABLE","source":"ndw"}},{"type":"Feature","geometry":{"type":"Point","coordinates":[4.948388,52.304747]},"properties":{"type":"charge","layer":"passenger","locationId":"63087eb472705749ecd6a9c9","name":"Karsp laadpaal 3","address":"Karspeldreef 4","city":"Amsterdam","operatorName":"E-Flux by Road","maxPowerKw":22,"isMegawatt":false,"status":"CHARGING","source":"ndw","priceKwh":0.48}},{"type":"Feature","geometry":{"type":"Point","coordinates":[5.048681,52.30374]},"properties":{"type":"charge","layer":"passenger","locationId":"5d86e548-5b33-4b21-bc02-bd9e7dce62b7","name":"TNLP011885 - H.J. Hoflandlaan 1, Weesp","address":"1 H.J. Hoflandlaan","city":"Weesp","operatorName":"TotalEnergies","maxPowerKw":17,"isMegawatt":false,"status":"AVAILABLE","source":"ndw"}},{"type":"Feature","geometry":{"type":"Point","coordinates":[4.850675,52.371506]},"properties":{"type":"charge","layer":"passenger","locationId":"761a2347-9e3c-4521-a50e-7054eeb60a02","name":"TNLP010523 - Mercatorstraat 34, Amsterdam","address":"34 Mercatorstraat","city":"Amsterdam","operatorName":"TotalEnergies","maxPowerKw":17,"isMegawatt":false,"status":"CHARGING","source":"ndw"}},{"type":"Feature","geometry":{"type":"Point","coordinates":[5.038004,52.29984]},"properties":{"type":"charge","layer":"passenger","locationId":"255e5040-7135-480d-8bd5-06e4cafaf57c","name":"TNLP011796 - Waardijnstraat 25, Weesp","address":"25 Waardijnstraat","city":"Weesp","operatorName":"TotalEnergies","maxPowerKw":17,"isMegawatt":false,"status":"AVAILABLE","source":"ndw"}},{"type":"Feature","geometry":{"type":"Point","coordinates":[5.041236,52.316853]},"properties":{"type":"charge","layer":"passenger","locationId":"da182a51-5a24-4101-a495-7533579b2b53","name":"TNLP011854 - Fort Abcoudestraat 8, Weesp","address":"8 Fort Abcoudestraat","city":"Weesp","operatorName":"TotalEnergies","maxPowerKw":17,"isMegawatt":false,"status":"AVAILABLE","source":"ndw"}},{"type":"Feature","geometry":{"type":"Point","coordinates":[4.869368,52.32766]},"properties":{"type":"charge","layer":"passenger","locationId":"a0be9d66-b0ef-4e7c-a7d3-f5425e208be3","name":"TNLP011405 - Van Nijenrodeweg 864, Amsterdam","address":"864 Van Nijenrodeweg","city":"Amsterdam","operatorName":"TotalEnergies","maxPowerKw":17,"isMegawatt":false,"status":"AVAILABLE","source":"ndw"}},{"type":"Feature","geometry":{"type":"Point","coordinates":[4.875655,52.32577]},"properties":{"type":"charge","layer":"passenger","locationId":"e78b151b-0238-4631-950e-c2a21d6db675","name":"TNLP011117 - Kastelenstraat 163, Amsterdam","address":"163 Kastelenstraat","city":"Amsterdam","operatorName":"TotalEnergies","maxPowerKw":17,"isMegawatt":false,"status":"AVAILABLE","source":"ndw"}},{"type":"Feature","geometry":{"type":"Point","coordinates":[4.932787,52.336217]},"properties":{"type":"charge","layer":"passenger","locationId":"670cc2fd24e796001c2e163f","name":"PPC Amsterdam","address":"H.J.E Wenckebachweg 131","city":"Amsterdam","operatorName":"E-Flux by Road","maxPowerKw":44,"isMegawatt":false,"status":"AVAILABLE","source":"ndw","priceKwh":0.54}},{"type":"Feature","geometry":{"type":"Point","coordinates":[4.830219,52.38185]},"properties":{"type":"charge","layer":"passenger","locationId":"92069fa5-4730-45bf-a26f-5292c93239d6","name":"TNLP010255 - Nico Snijdersstraat 19, Amsterdam","address":"19 Nico Snijdersstraat","city":"Amsterdam","operatorName":"TotalEnergies","maxPowerKw":17,"isMegawatt":false,"status":"AVAILABLE","source":"ndw"}},{"type":"Feature","geometry":{"type":"Point","coordinates":[5.033558,52.318913]},"properties":{"type":"charge","layer":"passenger","locationId":"a60275b1-ac82-4406-80a0-0672a9772e73","name":"TNLP011358 - Fort Heemstedestraat 5, Weesp","address":"5 Fort Heemstedestraat","city":"Weesp","operatorName":"TotalEnergies","maxPowerKw":17,"isMegawatt":false,"status":"AVAILABLE","source":"ndw"}},{"type":"Feature","geometry":{"type":"Point","coordinates":[4.954109,52.369885]},"properties":{"type":"charge","layer":"passenger","locationId":"68c131786cdfd2465813b583","name":"Dennenheuvel Cruquiusweg 109 Amsterdam","address":"Cruquiusweg 109","city":"Amstedam","operatorName":"Greenchoice B.V.","maxPowerKw":11,"isMegawatt":false,"status":"AVAILABLE","source":"ndw","priceKwh":0.53}},{"type":"Feature","geometry":{"type":"Point","coordinates":[4.924775,52.35454]},"properties":{"type":"charge","layer":"passenger","locationId":"07347165-cd02-4bd7-8561-bac6d9a6d9ad","name":"TNLP011874 - Transvaalstraat 87, Amsterdam","address":"87 Transvaalstraat","city":"Amsterdam","operatorName":"TotalEnergies","maxPowerKw":17,"isMegawatt":false,"status":"AVAILABLE","source":"ndw"}},{"type":"Feature","geometry":{"type":"Point","coordinates":[4.811375,52.37773]},"properties":{"type":"charge","layer":"passenger","locationId":"f5b6c423-c2b3-4a77-a760-97437b121d33","name":"TNLP010953 - Lodewijk van Deysselstraat 91, Amsterdam","address":"91 Lodewijk van Deysselstraat","city":"Amsterdam","operatorName":"TotalEnergies","maxPowerKw":17,"isMegawatt":false,"status":"UNAVAILABLE","source":"ndw"}},{"type":"Feature","geometry":{"type":"Point","coordinates":[5.040046,52.321574]},"properties":{"type":"charge","layer":"passenger","locationId":"69d942d2114eaac000aa7e28","name":"Lolo2","address":"Fort rhijnaunwenstraat  84","city":"Weesp","operatorName":"E-Flux by Road","maxPowerKw":22,"isMegawatt":false,"status":"CHARGING","source":"ndw","priceKwh":1.01}},{"type":"Feature","geometry":{"type":"Point","coordinates":[4.873451,52.361435]},"properties":{"type":"charge","layer":"passenger","locationId":"878c7025-d89f-445f-b45b-85588de862d7","name":"TNLP010580 - Vondelstraat 112, Amsterdam","address":"112 Vondelstraat","city":"Amsterdam","operatorName":"TotalEnergies","maxPowerKw":17,"isMegawatt":false,"status":"AVAILABLE","source":"ndw"}},{"type":"Feature","geometry":{"type":"Point","coordinates":[4.852066,52.359966]},"properties":{"type":"charge","layer":"passenger","locationId":"4f8661e0-53db-4485-8613-77f7dc26fdcf","name":"TNLP010638 - Curacaostraat 33, Amsterdam","address":"33 Curacaostraat","city":"Amsterdam","operatorName":"TotalEnergies","maxPowerKw":17,"isMegawatt":false,"status":"AVAILABLE","source":"ndw"}},{"type":"Feature","geometry":{"type":"Point","coordinates":[4.785887,52.356155]},"properties":{"type":"charge","layer":"passenger","locationId":"4393ca69-bab1-4415-a2d5-7454950a1629","name":"TNLP010834 - Dijkgraafplein 44, Amsterdam","address":"44 Dijkgraafplein","city":"Amsterdam","operatorName":"TotalEnergies","maxPowerKw":17,"isMegawatt":false,"status":"AVAILABLE","source":"ndw"}},{"type":"Feature","geometry":{"type":"Point","coordinates":[4.905521,52.4081]},"properties":{"type":"charge","layer":"passenger","locationId":"57aa792d-11ad-4576-8345-d2fbe54eb549","name":"TNLP010771 - Sterappelstraat 41, Amsterdam","address":"41 Sterappelstraat","city":"Amsterdam","operatorName":"TotalEnergies","maxPowerKw":17,"isMegawatt":false,"status":"CHARGING","source":"ndw"}},{"type":"Feature","geometry":{"type":"Point","coordinates":[4.878705,52.415826]},"properties":{"type":"charge","layer":"passenger","locationId":"c77ee06e-5486-43c3-b9b1-e0963720f1ec","name":"TNLP010342","address":"Eenhoornhof 17","city":"Amsterdam","operatorName":"TotalEnergies","maxPowerKw":17,"isMegawatt":false,"status":"AVAILABLE","source":"ndw"}},{"type":"Feature","geometry":{"type":"Point","coordinates":[4.874772,52.36675]},"properties":{"type":"charge","layer":"passenger","locationId":"cd82ef13-a3d9-48de-82e3-0c2ee277c099","name":"TNLP010087 - Jacob van Lennepstraat 40, Amsterdam","address":"40 Jacob van Lennepstraat","city":"Amsterdam","operatorName":"TotalEnergies","maxPowerKw":17,"isMegawatt":false,"status":"AVAILABLE","source":"ndw"}},{"type":"Feature","geometry":{"type":"Point","coordinates":[4.863636,52.374863]},"properties":{"type":"charge","layer":"passenger","locationId":"e14728d4-d42c-4a77-bd60-9f4b00052701","name":"TNLP010023 - Geuzenkade 84, Amsterdam","address":"84 Geuzenkade","city":"Amsterdam","operatorName":"TotalEnergies","maxPowerKw":17,"isMegawatt":false,"status":"AVAILABLE","source":"ndw"}},{"type":"Feature","geometry":{"type":"Point","coordinates":[4.928232,52.353317]},"properties":{"type":"charge","layer":"passenger","locationId":"73a0bd7b-3524-4ce3-94d2-0924934def34","name":"TNLP011750 - Cornelis Drebbelstraat 25, Amsterdam","address":"25 Cornelis Drebbelstraat","city":"Amsterdam","operatorName":"TotalEnergies","maxPowerKw":17,"isMegawatt":false,"status":"CHARGING","source":"ndw"}},{"type":"Feature","geometry":{"type":"Point","coordinates":[4.868689,52.34519]},"properties":{"type":"charge","layer":"passenger","locationId":"a9a2719e-5545-4602-b7b7-937e3171aa1e","name":"TNLP011276 - Watteaustraat 44, Amsterdam","address":"44 Watteaustraat","city":"Amsterdam","operatorName":"TotalEnergies","maxPowerKw":17,"isMegawatt":false,"status":"CHARGING","source":"ndw"}},{"type":"Feature","geometry":{"type":"Point","coordinates":[4.915027,52.35539]},"properties":{"type":"charge","layer":"passenger","locationId":"c49f56f9-bc57-4be6-b8b1-f0ae1bd11482","name":"TNLP010089 - Vrolikstraat 217, Amsterdam","address":"217 Vrolikstraat","city":"Amsterdam","operatorName":"TotalEnergies","maxPowerKw":17,"isMegawatt":false,"status":"CHARGING","source":"ndw"}},{"type":"Feature","geometry":{"type":"Point","coordinates":[4.785199,52.35586]},"properties":{"type":"charge","layer":"passenger","locationId":"cbbe2254-3499-41e9-bf8d-49bdface75bb","name":"TNLP011174 - Dijkgraafplein 407, Amsterdam","address":"407 Dijkgraafplein","city":"Amsterdam","operatorName":"TotalEnergies","maxPowerKw":17,"isMegawatt":false,"status":"AVAILABLE","source":"ndw"}},{"type":"Feature","geometry":{"type":"Point","coordinates":[4.929173,52.404274]},"properties":{"type":"charge","layer":"passenger","locationId":"c78c1b22-0acf-412b-a52f-a5d48913fa76","name":"Laadplein - TNLP010217 - G.J. Scheurleerweg 15, Amsterdam","address":"15 G.J. Scheurleerweg","city":"Amsterdam","operatorName":"TotalEnergies","maxPowerKw":17,"isMegawatt":false,"status":"AVAILABLE","source":"ndw"}},{"type":"Feature","geometry":{"type":"Point","coordinates":[4.896783,52.418297]},"properties":{"type":"charge","layer":"passenger","locationId":"37a08d39-915d-4c6d-9d9c-3b72d9654ae5","name":"TNLP011377 - Cornelis Roosstraat 27, Amsterdam","address":"27 Cornelis Roosstraat","city":"Amsterdam","operatorName":"TotalEnergies","maxPowerKw":17,"isMegawatt":false,"status":"AVAILABLE","source":"ndw"}},{"type":"Feature","geometry":{"type":"Point","coordinates":[4.948716,52.394543]},"properties":{"type":"charge","layer":"passenger","locationId":"bcb831b7-0194-4706-a961-c9f09ce08f49","name":"TNLP010088 - De Egmondenstraat 165, Amsterdam","address":"165 De Egmondenstraat","city":"Amsterdam","operatorName":"TotalEnergies","maxPowerKw":17,"isMegawatt":false,"status":"AVAILABLE","source":"ndw"}},{"type":"Feature","geometry":{"type":"Point","coordinates":[4.884618,52.381287]},"properties":{"type":"charge","layer":"passenger","locationId":"da9e9caa-ba79-48f0-9c9e-10f9e97dd989","name":"TNLP010352 - Willemsstraat 30, Amsterdam","address":"30 Willemsstraat","city":"Amsterdam","operatorName":"TotalEnergies","maxPowerKw":17,"isMegawatt":false,"status":"AVAILABLE","source":"ndw"}},{"type":"Feature","geometry":{"type":"Point","coordinates":[4.799843,52.37441]},"properties":{"type":"charge","layer":"passenger","locationId":"e783afcc-9e9a-4de3-a1e1-9d23328183f6","name":"TNLP011194 - Van Karnebeekstraat 3, Amsterdam","address":"3 Van Karnebeekstraat","city":"Amsterdam","operatorName":"TotalEnergies","maxPowerKw":17,"isMegawatt":false,"status":"AVAILABLE","source":"ndw"}},{"type":"Feature","geometry":{"type":"Point","coordinates":[5.040807,52.300583]},"properties":{"type":"charge","layer":"passenger","locationId":"fb9f303a-988a-4e57-aba1-27edb637b71d","name":"TNLP011857 - Gasthuisland 13, Weesp","address":"13 Gasthuisland","city":"Weesp","operatorName":"TotalEnergies","maxPowerKw":17,"isMegawatt":false,"status":"AVAILABLE","source":"ndw"}},{"type":"Feature","geometry":{"type":"Point","coordinates":[4.871177,52.35702]},"properties":{"type":"charge","layer":"passenger","locationId":"3c85799d-fe89-4963-bf4b-92d5f9146c0f","name":"TNLP010393 - Van Eeghenstraat 86, Amsterdam","address":"86 Van Eeghenstraat","city":"Amsterdam","operatorName":"TotalEnergies","maxPowerKw":17,"isMegawatt":false,"status":"CHARGING","source":"ndw"}},{"type":"Feature","geometry":{"type":"Point","coordinates":[5.040298,52.309418]},"properties":{"type":"charge","layer":"passenger","locationId":"73611bae-3583-4ff5-8c0e-5948b4c85b10","name":"TNLP011661 - Kerklaan 9, Weesp","address":"9 Kerklaan","city":"Weesp","operatorName":"TotalEnergies","maxPowerKw":17,"isMegawatt":false,"status":"AVAILABLE","source":"ndw"}},{"type":"Feature","geometry":{"type":"Point","coordinates":[4.898282,52.356765]},"properties":{"type":"charge","layer":"passenger","locationId":"a82369cc5e46449a8c98520e05a9c600","name":"Albert Cuypstraat - Markt 1072CZ 08","address":"Albert Cuypstraat 8","city":"Amsterdam","operatorName":"","maxPowerKw":22,"isMegawatt":false,"status":"AVAILABLE","source":"ndw"}},{"type":"Feature","geometry":{"type":"Point","coordinates":[4.958777,52.388363]},"properties":{"type":"charge","layer":"passenger","locationId":"1c787024-33eb-468f-bb62-752c65c2d72a","name":"TNLP011050 - Zuiderzeepark 64, Amsterdam","address":"64 Zuiderzeepark","city":"Amsterdam","operatorName":"TotalEnergies","maxPowerKw":17,"isMegawatt":false,"status":"UNAVAILABLE","source":"ndw"}},{"type":"Feature","geometry":{"type":"Point","coordinates":[4.880841,52.325752]},"properties":{"type":"charge","layer":"passenger","locationId":"6152eceb-796e-4746-b985-add08e0874d0","name":"TNLP011250 - Kanteel 104, Amsterdam","address":"104 Kanteel","city":"Amsterdam","operatorName":"TotalEnergies","maxPowerKw":17,"isMegawatt":false,"status":"AVAILABLE","source":"ndw"}},{"type":"Feature","geometry":{"type":"Point","coordinates":[4.874594,52.338446]},"properties":{"type":"charge","layer":"passenger","locationId":"b890569c9bb2493bbe956440c322b337","name":"Bouwcombinatie Nieuw Zuid","address":"Beethovenstraat 335","city":"Amsterdam","operatorName":"NRG Mobility","maxPowerKw":11,"isMegawatt":false,"status":"UNAVAILABLE","source":"ndw","priceKwh":0.44}},{"type":"Feature","geometry":{"type":"Point","coordinates":[4.898307,52.405563]},"properties":{"type":"charge","layer":"passenger","locationId":"64150d19-afc9-46f9-a6f0-681a099cafc0","name":"TNLP010833 - Nageljongenstraat 199, Amsterdam","address":"199 Nageljongenstraat","city":"Amsterdam","operatorName":"TotalEnergies","maxPowerKw":17,"isMegawatt":false,"status":"AVAILABLE","source":"ndw"}},{"type":"Feature","geometry":{"type":"Point","coordinates":[4.937238,52.360073]},"properties":{"type":"charge","layer":"passenger","locationId":"56bcb8a8-0566-458f-85d9-d4876f716a84","name":"TNLP010313 - Ambonplein 3, Amsterdam","address":"3 Ambonplein","city":"Amsterdam","operatorName":"TotalEnergies","maxPowerKw":17,"isMegawatt":false,"status":"CHARGING","source":"ndw"}},{"type":"Feature","geometry":{"type":"Point","coordinates":[4.941728,52.302619]},"properties":{"type":"charge","layer":"passenger","locationId":"672e0f258e940b023377ef4f","name":"Stadium Capital Lemelerbergweg","address":"Lemelerbergweg 31-1","city":"Amsterdam","operatorName":"Pluq","maxPowerKw":22,"isMegawatt":false,"status":"AVAILABLE","source":"ndw","priceKwh":0.36}},{"type":"Feature","geometry":{"type":"Point","coordinates":[4.870007,52.37994]},"properties":{"type":"charge","layer":"passenger","locationId":"3cad49b7-ff29-421d-8598-03469556e0ab","name":"TNLP010938 - De Kempenaerstraat 44, Amsterdam","address":"44 De Kempenaerstraat","city":"Amsterdam","operatorName":"TotalEnergies","maxPowerKw":17,"isMegawatt":false,"status":"AVAILABLE","source":"ndw"}},{"type":"Feature","geometry":{"type":"Point","coordinates":[4.929516,52.392784]},"properties":{"type":"charge","layer":"passenger","locationId":"4a6b2fb6-ff31-42bd-ae64-717116e24a7d","name":"TNLP010826 - Voornestraat 23, Amsterdam","address":"23 Voornestraat","city":"Amsterdam","operatorName":"TotalEnergies","maxPowerKw":17,"isMegawatt":false,"status":"AVAILABLE","source":"ndw"}},{"type":"Feature","geometry":{"type":"Point","coordinates":[4.888857,52.350655]},"properties":{"type":"charge","layer":"passenger","locationId":"51dbdadf-1c09-4722-987c-165aba5764ce","name":"TNLP011550 - Dusartstraat 64 III, Amsterdam","address":"64 III Dusartstraat","city":"Amsterdam","operatorName":"TotalEnergies","maxPowerKw":17,"isMegawatt":false,"status":"AVAILABLE","source":"ndw"}},{"type":"Feature","geometry":{"type":"Point","coordinates":[4.910398,52.3889]},"properties":{"type":"charge","layer":"passenger","locationId":"f498fd28-1dba-4332-bbf2-4f8e8d6c2d38","name":"TNLP010978 - Jac. P. Thijsseplein 25, Amsterdam","address":"25 Jac. P. Thijsseplein","city":"Amsterdam","operatorName":"TotalEnergies","maxPowerKw":17,"isMegawatt":false,"status":"AVAILABLE","source":"ndw"}},{"type":"Feature","geometry":{"type":"Point","coordinates":[4.91169,52.342426]},"properties":{"type":"charge","layer":"passenger","locationId":"9599d383-11fd-46fb-8877-659d492e2f67","name":"TNLP010737 - Uiterwaardenstraat 17, Amsterdam","address":"17 Uiterwaardenstraat","city":"Amsterdam","operatorName":"TotalEnergies","maxPowerKw":17,"isMegawatt":false,"status":"UNAVAILABLE","source":"ndw"}},{"type":"Feature","geometry":{"type":"Point","coordinates":[4.910331,52.368217]},"properties":{"type":"charge","layer":"passenger","locationId":"48c8cce4-c634-47f9-b21d-974fd0cd5154","name":"TNLP011051 - Plantage Parklaan 21, Amsterdam","address":"21 Plantage Parklaan","city":"Amsterdam","operatorName":"TotalEnergies","maxPowerKw":17,"isMegawatt":false,"status":"CHARGING","source":"ndw"}},{"type":"Feature","geometry":{"type":"Point","coordinates":[4.896947,52.348946]},"properties":{"type":"charge","layer":"passenger","locationId":"d0adc68a-f0c2-4f17-a86f-03c575fe22d4","name":"TNLP010612 - Van Helt Stocadestraat 35, Amsterdam","address":"35 Van Helt Stocadestraat","city":"Amsterdam","operatorName":"TotalEnergies","maxPowerKw":17,"isMegawatt":false,"status":"AVAILABLE","source":"ndw"}},{"type":"Feature","geometry":{"type":"Point","coordinates":[4.893478,52.343742]},"properties":{"type":"charge","layer":"passenger","locationId":"a7715e35-aee8-4d96-85e0-808e85223ddd","name":"TNLP010490 - Dintelstraat 41, Amsterdam","address":"41 Dintelstraat","city":"Amsterdam","operatorName":"TotalEnergies","maxPowerKw":17,"isMegawatt":false,"status":"AVAILABLE","source":"ndw"}},{"type":"Feature","geometry":{"type":"Point","coordinates":[4.911373,52.392222]},"properties":{"type":"charge","layer":"passenger","locationId":"028AC12F-4408-4827-A262-910604781248","name":"Eneco eMobility Hotel NH Amsterdam Noord","address":"Distelkade 21","city":"Amsterdam","operatorName":"Eneco","maxPowerKw":22,"isMegawatt":false,"status":"AVAILABLE","source":"ndw","priceKwh":0.45}},{"type":"Feature","geometry":{"type":"Point","coordinates":[4.975296,52.323698]},"properties":{"type":"charge","layer":"passenger","locationId":"NLLOC027034","name":"NLD, Amsterdam, Gouden Leeuw 100","address":"Gouden Leeuw 100","city":"Amsterdam","operatorName":"Allego","maxPowerKw":22,"isMegawatt":false,"status":"CHARGING","source":"ndw","priceKwh":0.495}},{"type":"Feature","geometry":{"type":"Point","coordinates":[4.881986,52.388855]},"properties":{"type":"charge","layer":"passenger","locationId":"c7e676be-3c69-4073-87e0-c1071bf05ed6","name":"TNLP011556 - Van Noordtkade 136, Amsterdam","address":"136 Van Noordtkade","city":"Amsterdam","operatorName":"TotalEnergies","maxPowerKw":17,"isMegawatt":false,"status":"CHARGING","source":"ndw"}},{"type":"Feature","geometry":{"type":"Point","coordinates":[4.850249,52.349045]},"properties":{"type":"charge","layer":"passenger","locationId":"dbaeee93-cd62-411f-b9d3-7d5f11d0314d","name":"TNLP011241 - Kromme Leimuidenstraat 2, Amsterdam","address":"2 Kromme Leimuidenstraat","city":"Amsterdam","operatorName":"TotalEnergies","maxPowerKw":17,"isMegawatt":false,"status":"UNAVAILABLE","source":"ndw"}},{"type":"Feature","geometry":{"type":"Point","coordinates":[4.865344,52.341277]},"properties":{"type":"charge","layer":"passenger","locationId":"11f0fc800b9c4482a55ef81fa0b4a702","name":"J.P. van Eesteren Fred. Roeskestr","address":"Fred. Roeskestraat 73","city":"Amsterdam","operatorName":"NRG Mobility","maxPowerKw":11,"isMegawatt":false,"status":"UNAVAILABLE","source":"ndw","priceKwh":0.6}},{"type":"Feature","geometry":{"type":"Point","coordinates":[4.926233,52.411625]},"properties":{"type":"charge","layer":"passenger","locationId":"e0013905-666e-4e8b-965e-34284b5584f5","name":"TNLP010747 - Masthof 2, Amsterdam","address":"2 Masthof","city":"Amsterdam","operatorName":"TotalEnergies","maxPowerKw":17,"isMegawatt":false,"status":"CHARGING","source":"ndw"}},{"type":"Feature","geometry":{"type":"Point","coordinates":[4.943237,52.376648]},"properties":{"type":"charge","layer":"passenger","locationId":"33a72234-a2f2-480b-b1fa-dbbce941c3a9","name":"TNLP011232 - Levantplein 56, Amsterdam","address":"56 Levantplein","city":"Amsterdam","operatorName":"TotalEnergies","maxPowerKw":17,"isMegawatt":false,"status":"AVAILABLE","source":"ndw"}},{"type":"Feature","geometry":{"type":"Point","coordinates":[4.862148,52.36225]},"properties":{"type":"charge","layer":"passenger","locationId":"e1fbabaa-598d-4149-a70b-448798355dc6","name":"TNLP010939 - Staringstraat 1, Amsterdam","address":"1 Staringstraat","city":"Amsterdam","operatorName":"TotalEnergies","maxPowerKw":17,"isMegawatt":false,"status":"CHARGING","source":"ndw"}},{"type":"Feature","geometry":{"type":"Point","coordinates":[4.796418,52.355415]},"properties":{"type":"charge","layer":"passenger","locationId":"180c97a1-23a3-4a9e-aeb6-321d1aa8ab47","name":"TNLP010381 - Hertingenstraat 84, Amsterdam","address":"84 Hertingenstraat","city":"Amsterdam","operatorName":"TotalEnergies","maxPowerKw":17,"isMegawatt":false,"status":"UNAVAILABLE","source":"ndw"}},{"type":"Feature","geometry":{"type":"Point","coordinates":[4.972942,52.31564]},"properties":{"type":"charge","layer":"passenger","locationId":"51b2d012-1114-49c2-8843-d3b28249e5fe","name":"TNLP010871 - Krommehoekstraat 12, Amsterdam","address":"12 Krommehoekstraat","city":"Amsterdam","operatorName":"TotalEnergies","maxPowerKw":17,"isMegawatt":false,"status":"UNAVAILABLE","source":"ndw"}},{"type":"Feature","geometry":{"type":"Point","coordinates":[4.794045,52.353977]},"properties":{"type":"charge","layer":"passenger","locationId":"535efec3-4d0c-4276-b0cd-0b776d3d0b24","name":"TNLP011421 - Rengerskerkestraat 122, Amsterdam","address":"122 Rengerskerkestraat","city":"Amsterdam","operatorName":"TotalEnergies","maxPowerKw":17,"isMegawatt":false,"status":"AVAILABLE","source":"ndw"}},{"type":"Feature","geometry":{"type":"Point","coordinates":[4.878125,52.382942]},"properties":{"type":"charge","layer":"passenger","locationId":"7c4c15f9-3373-4e39-9345-2c4559b15d37","name":"TNLP010758 - De Wittenstraat 100, Amsterdam","address":"100 De Wittenstraat","city":"Amsterdam","operatorName":"TotalEnergies","maxPowerKw":17,"isMegawatt":false,"status":"AVAILABLE","source":"ndw"}},{"type":"Feature","geometry":{"type":"Point","coordinates":[4.916677,52.353287]},"properties":{"type":"charge","layer":"passenger","locationId":"6a9ee909-cd34-4901-9acb-1a1d98fddb7a","name":"TNLP011436 - President Brandstraat 326, Amsterdam","address":"326 President Brandstraat","city":"Amsterdam","operatorName":"TotalEnergies","maxPowerKw":17,"isMegawatt":false,"status":"CHARGING","source":"ndw"}},{"type":"Feature","geometry":{"type":"Point","coordinates":[4.975788,52.312325]},"properties":{"type":"charge","layer":"passenger","locationId":"0bcec8d7-8d5f-4039-ae6b-049dbc483960","name":"TNLP011432 - Kelbergen 124, Amsterdam","address":"124 Kelbergen","city":"Amsterdam","operatorName":"TotalEnergies","maxPowerKw":17,"isMegawatt":false,"status":"AVAILABLE","source":"ndw"}},{"type":"Feature","geometry":{"type":"Point","coordinates":[4.807716,52.35324]},"properties":{"type":"charge","layer":"passenger","locationId":"48bfcb92-0ce5-4370-ba45-164f3280991b","name":"Laadplein - TNLP011417 - Professor R. Casimirstraat 15, Amsterdam","address":"15 Professor R. Casimirstraat","city":"Amsterdam","operatorName":"TotalEnergies","maxPowerKw":17,"isMegawatt":false,"status":"AVAILABLE","source":"ndw"}},{"type":"Feature","geometry":{"type":"Point","coordinates":[4.939247,52.310534]},"properties":{"type":"charge","layer":"passenger","locationId":"NLLOC027778","name":"NLD, Amsterdam, De Entree 300","address":"De Entree 300","city":"Amsterdam","operatorName":"Allego","maxPowerKw":22,"isMegawatt":false,"status":"AVAILABLE","source":"ndw","priceKwh":0.281}},{"type":"Feature","geometry":{"type":"Point","coordinates":[4.94349,52.363083]},"properties":{"type":"charge","layer":"passenger","locationId":"70e57a81-8c5b-47c1-af6f-5137615a4e3f","name":"TNLP010071 - Soembawastraat 88, Amsterdam","address":"88 Soembawastraat","city":"Amsterdam","operatorName":"TotalEnergies","maxPowerKw":17,"isMegawatt":false,"status":"CHARGING","source":"ndw"}},{"type":"Feature","geometry":{"type":"Point","coordinates":[4.89748,52.380667]},"properties":{"type":"charge","layer":"passenger","locationId":"D8DBCA2C-7DDB-436A-812D-E67A8BB4CA76","name":"TNLP030017","address":"De Ruijterkade 46","city":"Amsterdam","operatorName":"TotalEnergies","maxPowerKw":120,"isMegawatt":false,"status":"AVAILABLE","source":"ndw"}},{"type":"Feature","geometry":{"type":"Point","coordinates":[4.910343,52.40572]},"properties":{"type":"charge","layer":"passenger","locationId":"d0266ab7-366a-4800-aeda-6209d7a60005","name":"TNLP011245 - Loggerhof 1, Amsterdam","address":"1 Loggerhof","city":"Amsterdam","operatorName":"TotalEnergies","maxPowerKw":17,"isMegawatt":false,"status":"AVAILABLE","source":"ndw"}},{"type":"Feature","geometry":{"type":"Point","coordinates":[4.879184,52.36392]},"properties":{"type":"charge","layer":"passenger","locationId":"NLENV616","name":"Amsterdam, Stadhouderskade 1","address":"Stadhouderskade 1","city":"Amsterdam","operatorName":"","maxPowerKw":11,"isMegawatt":false,"status":"AVAILABLE","source":"ndw","priceKwh":0.5}},{"type":"Feature","geometry":{"type":"Point","coordinates":[4.944699,52.364815]},"properties":{"type":"charge","layer":"passenger","locationId":"e09f8202-7fa6-475f-9426-abdc03797f2d","name":"TNLP010064 - Niasstraat 44, Amsterdam","address":"44 Niasstraat","city":"Amsterdam","operatorName":"TotalEnergies","maxPowerKw":17,"isMegawatt":false,"status":"AVAILABLE","source":"ndw"}},{"type":"Feature","geometry":{"type":"Point","coordinates":[4.872504,52.369633]},"properties":{"type":"charge","layer":"passenger","locationId":"f28334c0-20f2-4041-a5f9-8ae1c9ab16bd","name":"TNLP011104 - Da Costakade 93, Amsterdam","address":"93 Da Costakade","city":"Amsterdam","operatorName":"TotalEnergies","maxPowerKw":17,"isMegawatt":false,"status":"AVAILABLE","source":"ndw"}},{"type":"Feature","geometry":{"type":"Point","coordinates":[4.804392,52.342796]},"properties":{"type":"charge","layer":"passenger","locationId":"fa9d019f-2f54-455b-9332-9494dde1a850","name":"TNLP011069 - Knokkestraat 67, Amsterdam","address":"67 Knokkestraat","city":"Amsterdam","operatorName":"TotalEnergies","maxPowerKw":17,"isMegawatt":false,"status":"CHARGING","source":"ndw"}},{"type":"Feature","geometry":{"type":"Point","coordinates":[4.932167,52.365288]},"properties":{"type":"charge","layer":"passenger","locationId":"ef7d3b3f-c2e0-4311-bb01-4f901ffd5c56","name":"TNLP010964 - Delistraat 8, Amsterdam","address":"8 Delistraat","city":"Amsterdam","operatorName":"TotalEnergies","maxPowerKw":17,"isMegawatt":false,"status":"AVAILABLE","source":"ndw"}},{"type":"Feature","geometry":{"type":"Point","coordinates":[4.828837,52.373474]},"properties":{"type":"charge","layer":"passenger","locationId":"0865fcfb-7b18-4ebf-b4d6-2e82a11e322c","name":"Laadplein - TNLP011291 - Burgemeester Hogguerstraat 795, Amsterdam","address":"795 Burgemeester Hogguerstraat","city":"Amsterdam","operatorName":"TotalEnergies","maxPowerKw":17,"isMegawatt":false,"status":"AVAILABLE","source":"ndw"}},{"type":"Feature","geometry":{"type":"Point","coordinates":[4.853558,52.352566]},"properties":{"type":"charge","layer":"passenger","locationId":"8cf8f4ac-1ade-420f-b31f-8aa2befea10c","name":"TNLP011341 - Derde Schinkelstraat 41, Amsterdam","address":"41 Derde Schinkelstraat","city":"Amsterdam","operatorName":"TotalEnergies","maxPowerKw":17,"isMegawatt":false,"status":"AVAILABLE","source":"ndw"}},{"type":"Feature","geometry":{"type":"Point","coordinates":[4.784617,52.355747]},"properties":{"type":"charge","layer":"passenger","locationId":"4a1c8e33-ba2a-47f0-a27b-5a0471c75e96","name":"TNLP010944 - Kwelderweg 10, Amsterdam","address":"10 Kwelderweg","city":"Amsterdam","operatorName":"TotalEnergies","maxPowerKw":17,"isMegawatt":false,"status":"CHARGING","source":"ndw"}},{"type":"Feature","geometry":{"type":"Point","coordinates":[4.878283,52.34949]},"properties":{"type":"charge","layer":"passenger","locationId":"4ac600df-0ab0-4e35-839f-cfe9b28d5fb6","name":"TNLP011260 - Corellistraat 23-1, Amsterdam","address":"23-1 Corellistraat","city":"Amsterdam","operatorName":"TotalEnergies","maxPowerKw":17,"isMegawatt":false,"status":"AVAILABLE","source":"ndw"}},{"type":"Feature","geometry":{"type":"Point","coordinates":[4.791237,52.37851]},"properties":{"type":"charge","layer":"passenger","locationId":"5c0dafbb-6b7d-43fa-8b36-94ac80270507","name":"TNLP010451 - Bruins Slotstraat 1, Amsterdam","address":"1 Bruins Slotstraat","city":"Amsterdam","operatorName":"TotalEnergies","maxPowerKw":17,"isMegawatt":false,"status":"AVAILABLE","source":"ndw"}},{"type":"Feature","geometry":{"type":"Point","coordinates":[4.925997,52.358387]},"properties":{"type":"charge","layer":"passenger","locationId":"5c2d13e9-d107-47aa-bd6a-7242a5135862","name":"TNLP011273 - Vrolikstraat 300, Amsterdam","address":"300 Vrolikstraat","city":"Amsterdam","operatorName":"TotalEnergies","maxPowerKw":17,"isMegawatt":false,"status":"AVAILABLE","source":"ndw"}},{"type":"Feature","geometry":{"type":"Point","coordinates":[4.857045,52.35237]},"properties":{"type":"charge","layer":"passenger","locationId":"650a9c8a-a509-4726-85fd-957ef07ed5f3","name":"TNLP010540 - Sophialaan 49, Amsterdam","address":"49 Sophialaan","city":"Amsterdam","operatorName":"TotalEnergies","maxPowerKw":17,"isMegawatt":false,"status":"CHARGING","source":"ndw"}},{"type":"Feature","geometry":{"type":"Point","coordinates":[4.832086,52.35748]},"properties":{"type":"charge","layer":"passenger","locationId":"7329b3ea-fd2f-4bfb-b091-529fd2c5dd3d","name":"TNLP010279 - Cornelis Lelylaan 57, Amsterdam","address":"57 Cornelis Lelylaan","city":"Amsterdam","operatorName":"TotalEnergies","maxPowerKw":17,"isMegawatt":false,"status":"AVAILABLE","source":"ndw"}},{"type":"Feature","geometry":{"type":"Point","coordinates":[4.992227,52.29056]},"properties":{"type":"charge","layer":"passenger","locationId":"a5c0a60c-a612-40f6-891b-f398aa8628c6","name":"TNLP010903 - Wethouder Wierdelsstraat 118, Amsterdam","address":"118 Wethouder Wierdelsstraat","city":"Amsterdam","operatorName":"TotalEnergies","maxPowerKw":17,"isMegawatt":false,"status":"AVAILABLE","source":"ndw"}},{"type":"Feature","geometry":{"type":"Point","coordinates":[5.041665,52.311568]},"properties":{"type":"charge","layer":"passenger","locationId":"E476F772-CCBD-4498-84BB-8D90072CB5C3","name":"TNLP009022","address":"Herensingel 142","city":"Weesp","operatorName":"TotalEnergies","maxPowerKw":17,"isMegawatt":false,"status":"CHARGING","source":"ndw"}},{"type":"Feature","geometry":{"type":"Point","coordinates":[4.856249,52.346092]},"properties":{"type":"charge","layer":"passenger","locationId":"7c6c999c-6958-443b-9517-699b244e7e08","name":"TNLP010133 - Eosstraat 118, Amsterdam","address":"118 Eosstraat","city":"Amsterdam","operatorName":"TotalEnergies","maxPowerKw":17,"isMegawatt":false,"status":"AVAILABLE","source":"ndw"}},{"type":"Feature","geometry":{"type":"Point","coordinates":[4.857633,52.35904]},"properties":{"type":"charge","layer":"passenger","locationId":"7fede466-ee54-44a0-b43f-b1f414990328","name":"TNLP010762 - J.J. Cremerplein 39, Amsterdam","address":"39 J.J. Cremerplein","city":"Amsterdam","operatorName":"TotalEnergies","maxPowerKw":17,"isMegawatt":false,"status":"AVAILABLE","source":"ndw"}},{"type":"Feature","geometry":{"type":"Point","coordinates":[4.936784,52.348656]},"properties":{"type":"charge","layer":"passenger","locationId":"a613fa78-a64e-4861-8115-48cd7a4c4e4b","name":"TNLP010038 - Pasteurstraat 40, Amsterdam","address":"40 Pasteurstraat","city":"Amsterdam","operatorName":"TotalEnergies","maxPowerKw":17,"isMegawatt":false,"status":"CHARGING","source":"ndw"}},{"type":"Feature","geometry":{"type":"Point","coordinates":[4.847649,52.352894]},"properties":{"type":"charge","layer":"passenger","locationId":"90c3fc77-6207-49c4-a110-d3b36945adc8","name":"TNLP010108 - Bennebroekstraat 26, Amsterdam","address":"26 Bennebroekstraat","city":"Amsterdam","operatorName":"TotalEnergies","maxPowerKw":17,"isMegawatt":false,"status":"CHARGING","source":"ndw"}},{"type":"Feature","geometry":{"type":"Point","coordinates":[4.804853,52.360023]},"properties":{"type":"charge","layer":"passenger","locationId":"96453da3-6495-45e1-b8c5-1b7fcce9d5ae","name":"TNLP010639 - Osdorpplein 251, Amsterdam","address":"251 Osdorpplein","city":"Amsterdam","operatorName":"TotalEnergies","maxPowerKw":17,"isMegawatt":false,"status":"CHARGING","source":"ndw"}},{"type":"Feature","geometry":{"type":"Point","coordinates":[4.789687,52.348938]},"properties":{"type":"charge","layer":"passenger","locationId":"eee4e3dd-2c8d-4015-9380-0679c61a2f39","name":"TNLP011316 - Pond Sterlinglaan 25, Amsterdam","address":"25 Pond Sterlinglaan","city":"Amsterdam","operatorName":"TotalEnergies","maxPowerKw":17,"isMegawatt":false,"status":"CHARGING","source":"ndw"}},{"type":"Feature","geometry":{"type":"Point","coordinates":[4.848665,52.370956]},"properties":{"type":"charge","layer":"passenger","locationId":"9a98c999-dca4-45dd-af00-c4ad9b496ca8","name":"TNLP010094 - Orteliusstraat 231, Amsterdam","address":"231 Orteliusstraat","city":"Amsterdam","operatorName":"TotalEnergies","maxPowerKw":17,"isMegawatt":false,"status":"CHARGING","source":"ndw"}},{"type":"Feature","geometry":{"type":"Point","coordinates":[4.817052,52.347874]},"properties":{"type":"charge","layer":"passenger","locationId":"a48d4ff0-ed8f-46aa-b936-834fb864bfd7","name":"TNLP011814 - Hechtelstraat 94, Amsterdam","address":"94 Hechtelstraat","city":"Amsterdam","operatorName":"TotalEnergies","maxPowerKw":17,"isMegawatt":false,"status":"AVAILABLE","source":"ndw"}},{"type":"Feature","geometry":{"type":"Point","coordinates":[4.862729,52.358948]},"properties":{"type":"charge","layer":"passenger","locationId":"a8881dd5-610d-4855-90ea-d4d4d4330dd0","name":"TNLP010177 - Rijtuigenhof 79, Amsterdam","address":"79 Rijtuigenhof","city":"Amsterdam","operatorName":"TotalEnergies","maxPowerKw":17,"isMegawatt":false,"status":"AVAILABLE","source":"ndw"}},{"type":"Feature","geometry":{"type":"Point","coordinates":[4.849264,52.35214]},"properties":{"type":"charge","layer":"passenger","locationId":"ab508bdb-cac3-4aeb-bd51-5737018ff365","name":"TNLP011229 - Hillegomstraat 1, Amsterdam","address":"1 Hillegomstraat","city":"Amsterdam","operatorName":"TotalEnergies","maxPowerKw":17,"isMegawatt":false,"status":"CHARGING","source":"ndw"}},{"type":"Feature","geometry":{"type":"Point","coordinates":[4.828491,52.362823]},"properties":{"type":"charge","layer":"passenger","locationId":"ae49bc07-b8de-4d94-b595-6cd3055f00fb","name":"TNLP011274 - Hemsterhuisstraat 77, Amsterdam","address":"77 Hemsterhuisstraat","city":"Amsterdam","operatorName":"TotalEnergies","maxPowerKw":17,"isMegawatt":false,"status":"AVAILABLE","source":"ndw"}},{"type":"Feature","geometry":{"type":"Point","coordinates":[4.905227,52.395252]},"properties":{"type":"charge","layer":"passenger","locationId":"b0f90aa5-0a55-4070-8eb6-30ae728fc6e9","name":"TNLP011251 - Johan van Hasseltkade 202, Amsterdam","address":"202 Johan van Hasseltkade","city":"Amsterdam","operatorName":"TotalEnergies","maxPowerKw":17,"isMegawatt":false,"status":"UNAVAILABLE","source":"ndw"}},{"type":"Feature","geometry":{"type":"Point","coordinates":[4.893843,52.424244]},"properties":{"type":"charge","layer":"passenger","locationId":"bed7e0a4-ede3-4363-94bd-20b9fc3d96b7","name":"TNLP011019 - Lange Vonder 60, Amsterdam","address":"60 Lange Vonder","city":"Amsterdam","operatorName":"TotalEnergies","maxPowerKw":17,"isMegawatt":false,"status":"AVAILABLE","source":"ndw"}},{"type":"Feature","geometry":{"type":"Point","coordinates":[4.790952,52.392293]},"properties":{"type":"charge","layer":"passenger","locationId":"NLCPIL6825915","name":"FOURCE BV JARMUIDEN 3","address":"60 Jarmuiden","city":"Amsterdam","operatorName":"ChargePoint","maxPowerKw":22,"isMegawatt":false,"status":"AVAILABLE","source":"ndw","priceKwh":0.5}},{"type":"Feature","geometry":{"type":"Point","coordinates":[4.934734,52.40658]},"properties":{"type":"charge","layer":"passenger","locationId":"c4731ad6-a77b-4c4e-b3ab-9adb7b8308b4","name":"TNLP011211 - B. Merkelbachsingel 497, Amsterdam","address":"497 B. Merkelbachsingel","city":"Amsterdam","operatorName":"TotalEnergies","maxPowerKw":17,"isMegawatt":false,"status":"AVAILABLE","source":"ndw"}},{"type":"Feature","geometry":{"type":"Point","coordinates":[4.876781,52.399258]},"properties":{"type":"charge","layer":"passenger","locationId":"OST20P0044_0002_1","name":"OST20P0044_0002_1","address":"Danzigerkade 15","city":"Amsterdam","operatorName":"e-VOLTT","maxPowerKw":21,"isMegawatt":false,"status":"AVAILABLE","source":"ndw","priceKwh":0.32}},{"type":"Feature","geometry":{"type":"Point","coordinates":[4.887126,52.35427]},"properties":{"type":"charge","layer":"passenger","locationId":"dd1af8e9-0fb4-49c9-8b53-009773e3d0f6","name":"TNLP010281 - Ruysdaelkade 123, Amsterdam","address":"123 Ruysdaelkade","city":"Amsterdam","operatorName":"TotalEnergies","maxPowerKw":17,"isMegawatt":false,"status":"AVAILABLE","source":"ndw"}},{"type":"Feature","geometry":{"type":"Point","coordinates":[4.872789,52.381195]},"properties":{"type":"charge","layer":"passenger","locationId":"e30a493e-3a8d-4c68-bb5a-0970cc232aa8","name":"TNLP010963 - Eerste Keucheniusstraat 15, Amsterdam","address":"15 Eerste Keucheniusstraat","city":"Amsterdam","operatorName":"TotalEnergies","maxPowerKw":17,"isMegawatt":false,"status":"AVAILABLE","source":"ndw"}},{"type":"Feature","geometry":{"type":"Point","coordinates":[4.941053,52.349705]},"properties":{"type":"charge","layer":"passenger","locationId":"39fa4fcc-61d5-4ddb-a1e1-818890f79ddc","name":"TNLP010057 - Linnaeusparkweg 228, Amsterdam","address":"228 Linnaeusparkweg","city":"Amsterdam","operatorName":"TotalEnergies","maxPowerKw":17,"isMegawatt":false,"status":"AVAILABLE","source":"ndw"}},{"type":"Feature","geometry":{"type":"Point","coordinates":[4.787287,52.35336]},"properties":{"type":"charge","layer":"passenger","locationId":"e6dce41c-7ccf-4630-8a10-ed34464b7e16","name":"TNLP011004 - Korte Water 252, Amsterdam","address":"252 Korte Water","city":"Amsterdam","operatorName":"TotalEnergies","maxPowerKw":17,"isMegawatt":false,"status":"AVAILABLE","source":"ndw"}},{"type":"Feature","geometry":{"type":"Point","coordinates":[4.86039,52.36145]},"properties":{"type":"charge","layer":"passenger","locationId":"e85017fc-4567-4ea4-a5ea-5d77dc2920c9","name":"TNLP011097 - Kanaalstraat 140, Amsterdam","address":"140 Kanaalstraat","city":"Amsterdam","operatorName":"TotalEnergies","maxPowerKw":17,"isMegawatt":false,"status":"CHARGING","source":"ndw"}},{"type":"Feature","geometry":{"type":"Point","coordinates":[4.876588,52.356354]},"properties":{"type":"charge","layer":"passenger","locationId":"fd307c32-d556-4000-8d8c-29c1a686a463","name":"TNLP010239 - Palestrinastraat 14, Amsterdam","address":"14 Palestrinastraat","city":"Amsterdam","operatorName":"TotalEnergies","maxPowerKw":17,"isMegawatt":false,"status":"AVAILABLE","source":"ndw"}},{"type":"Feature","geometry":{"type":"Point","coordinates":[4.950934,52.304313]},"properties":{"type":"charge","layer":"passenger","locationId":"1264416","name":"Laadnet Hotel Levell Amsterdam","address":"Hullenbergweg 353","city":"Amsterdam","operatorName":"Laadnet","maxPowerKw":22,"isMegawatt":false,"status":"AVAILABLE","source":"ndw"}},{"type":"Feature","geometry":{"type":"Point","coordinates":[4.804049,52.373856]},"properties":{"type":"charge","layer":"passenger","locationId":"fd3e18c9-bf62-4249-8e89-052514e9697d","name":"TNLP010882 - Homme Hettingastraat 31, Amsterdam","address":"31 Homme Hettingastraat","city":"Amsterdam","operatorName":"TotalEnergies","maxPowerKw":17,"isMegawatt":false,"status":"AVAILABLE","source":"ndw"}},{"type":"Feature","geometry":{"type":"Point","coordinates":[4.913678,52.360428]},"properties":{"type":"charge","layer":"passenger","locationId":"083689f8-2c83-4328-a658-7e1e086ba930","name":"TNLP011383 - Mary Zeldenruststraat 44, Amsterdam","address":"44 Mary Zeldenruststraat","city":"Amsterdam","operatorName":"TotalEnergies","maxPowerKw":17,"isMegawatt":false,"status":"CHARGING","source":"ndw"}},{"type":"Feature","geometry":{"type":"Point","coordinates":[4.857033,52.332672]},"properties":{"type":"charge","layer":"passenger","locationId":"1e41998f-e8da-45e1-ab93-91cdde15b7f4","name":"TNLP010738 - Amstelveenseweg 742, Amsterdam","address":"742 Amstelveenseweg","city":"Amsterdam","operatorName":"TotalEnergies","maxPowerKw":17,"isMegawatt":false,"status":"AVAILABLE","source":"ndw"}},{"type":"Feature","geometry":{"type":"Point","coordinates":[4.774481,52.351692]},"properties":{"type":"charge","layer":"passenger","locationId":"dd308ee3-7909-4e82-9010-dfbbc8316546","name":"TNLP010431 - Brenner 47, Amsterdam","address":"47 Brenner","city":"Amsterdam","operatorName":"TotalEnergies","maxPowerKw":17,"isMegawatt":false,"status":"AVAILABLE","source":"ndw"}},{"type":"Feature","geometry":{"type":"Point","coordinates":[4.990116,52.29209]},"properties":{"type":"charge","layer":"passenger","locationId":"4e0da007-ce33-4826-8910-b5148756e863","name":"TNLP010529 - Wethouder Serrurierstraat 90, Amsterdam","address":"90 Wethouder Serrurierstraat","city":"Amsterdam","operatorName":"TotalEnergies","maxPowerKw":17,"isMegawatt":false,"status":"AVAILABLE","source":"ndw"}},{"type":"Feature","geometry":{"type":"Point","coordinates":[5.02711,52.2984]},"properties":{"type":"charge","layer":"passenger","locationId":"2f301555-5eb5-4756-8e74-8f983a49f7de","name":"TNLP011678 - Basisweg 1, Weesp","address":"1 Basisweg","city":"Weesp","operatorName":"TotalEnergies","maxPowerKw":17,"isMegawatt":false,"status":"CHARGING","source":"ndw"}},{"type":"Feature","geometry":{"type":"Point","coordinates":[5.017951,52.304475]},"properties":{"type":"charge","layer":"passenger","locationId":"1a0e7b44aa3b444e96b22be5be02f91e","name":"Zandpad Driemond","address":"zandpad 1a","city":"Driemond","operatorName":"","maxPowerKw":22,"isMegawatt":false,"status":"CHARGING","source":"ndw","priceKwh":0.62}},{"type":"Feature","geometry":{"type":"Point","coordinates":[5.026555,52.309875]},"properties":{"type":"charge","layer":"passenger","locationId":"468cddd3-aec2-4d92-93a9-6266e05ffc53","name":"TNLP011669 - Aquamarin 43, Weesp","address":"43 Aquamarin","city":"Weesp","operatorName":"TotalEnergies","maxPowerKw":17,"isMegawatt":false,"status":"CHARGING","source":"ndw"}},{"type":"Feature","geometry":{"type":"Point","coordinates":[4.859194,52.378693]},"properties":{"type":"charge","layer":"passenger","locationId":"b8509cdb-38a3-4296-a858-e43b1022b397","name":"TNLP010890 - Gerard Callenburgstraat 41, Amsterdam","address":"41 Gerard Callenburgstraat","city":"Amsterdam","operatorName":"TotalEnergies","maxPowerKw":17,"isMegawatt":false,"status":"CHARGING","source":"ndw"}},{"type":"Feature","geometry":{"type":"Point","coordinates":[5.046506,52.3059]},"properties":{"type":"charge","layer":"passenger","locationId":"5f7a3dc8-dd0b-4b57-a489-737ec2d160bb","name":"TNLP011246 - Hoogstraat 70a, Weesp","address":"70a Hoogstraat","city":"Weesp","operatorName":"TotalEnergies","maxPowerKw":17,"isMegawatt":false,"status":"CHARGING","source":"ndw"}},{"type":"Feature","geometry":{"type":"Point","coordinates":[4.93721,52.36453]},"properties":{"type":"charge","layer":"passenger","locationId":"0953208b-8ec3-41a2-b2e2-51ff45468f1b","name":"TNLP010164 - Borneostraat 23, Amsterdam","address":"23 Borneostraat","city":"Amsterdam","operatorName":"TotalEnergies","maxPowerKw":17,"isMegawatt":false,"status":"CHARGING","source":"ndw"}},{"type":"Feature","geometry":{"type":"Point","coordinates":[5.047614,52.30032]},"properties":{"type":"charge","layer":"passenger","locationId":"172b78be-7a70-4583-ac42-9ca4ad4511ce","name":"TNLP011888 - Reigersweide 199, Weesp","address":"199 Reigersweide","city":"Weesp","operatorName":"TotalEnergies","maxPowerKw":17,"isMegawatt":false,"status":"AVAILABLE","source":"ndw"}},{"type":"Feature","geometry":{"type":"Point","coordinates":[4.795725,52.341488]},"properties":{"type":"charge","layer":"passenger","locationId":"70034b28-6259-4a1a-9fbf-cdf264e6dca2","name":"TNLP011084 - Sloterweg 1291, Amsterdam","address":"1291 Sloterweg","city":"Amsterdam","operatorName":"TotalEnergies","maxPowerKw":17,"isMegawatt":false,"status":"AVAILABLE","source":"ndw"}},{"type":"Feature","geometry":{"type":"Point","coordinates":[4.877234,52.388615]},"properties":{"type":"charge","layer":"passenger","locationId":"17d88ea4-8d0a-4818-8b73-b4386ffaee61","name":"TNLP010525 - Wormerveerstraat 2, Amsterdam","address":"2 Wormerveerstraat","city":"Amsterdam","operatorName":"TotalEnergies","maxPowerKw":17,"isMegawatt":false,"status":"AVAILABLE","source":"ndw"}},{"type":"Feature","geometry":{"type":"Point","coordinates":[4.805151,52.344368]},"properties":{"type":"charge","layer":"passenger","locationId":"99c3768e-0251-484d-a60c-6b149d117ec1","name":"TNLP010054 - Willebroekstraat 62, Amsterdam","address":"62 Willebroekstraat","city":"Amsterdam","operatorName":"TotalEnergies","maxPowerKw":17,"isMegawatt":false,"status":"AVAILABLE","source":"ndw"}},{"type":"Feature","geometry":{"type":"Point","coordinates":[4.860027,52.376274]},"properties":{"type":"charge","layer":"passenger","locationId":"6f8cf5b7-1f76-4e7d-a26b-a200fc7c8f0e","name":"TNLP010260 - Coppelstockstraat 45, Amsterdam","address":"45 Coppelstockstraat","city":"Amsterdam","operatorName":"TotalEnergies","maxPowerKw":17,"isMegawatt":false,"status":"AVAILABLE","source":"ndw"}},{"type":"Feature","geometry":{"type":"Point","coordinates":[4.967841,52.30372]},"properties":{"type":"charge","layer":"passenger","locationId":"9a3eb041-84bf-48ab-b1ec-880dc5b6cf72","name":"TNLP011037 - Maldenhof 391, Amsterdam","address":"391 Maldenhof","city":"Amsterdam","operatorName":"TotalEnergies","maxPowerKw":17,"isMegawatt":false,"status":"AVAILABLE","source":"ndw"}},{"type":"Feature","geometry":{"type":"Point","coordinates":[4.810071,52.374676]},"properties":{"type":"charge","layer":"passenger","locationId":"9d651303-3eeb-4cae-9304-505d5878f931","name":"TNLP010334 - Henri Bergsonstraat 5, Amsterdam","address":"5 Henri Bergsonstraat","city":"Amsterdam","operatorName":"TotalEnergies","maxPowerKw":17,"isMegawatt":false,"status":"UNAVAILABLE","source":"ndw"}},{"type":"Feature","geometry":{"type":"Point","coordinates":[4.903199,52.35512]},"properties":{"type":"charge","layer":"passenger","locationId":"9dd1361c-588c-4f2e-b9b8-bfa0af4ce5b9","name":"TNLP010842 - Servaes Noutsstraat 2, Amsterdam","address":"2 Servaes Noutsstraat","city":"Amsterdam","operatorName":"TotalEnergies","maxPowerKw":17,"isMegawatt":false,"status":"AVAILABLE","source":"ndw"}},{"type":"Feature","geometry":{"type":"Point","coordinates":[4.876781,52.399258]},"properties":{"type":"charge","layer":"passenger","locationId":"OST20P0044_0002_5","name":"OST20P0044_0002_5","address":"Danzigerkade 15","city":"Amsterdam","operatorName":"e-VOLTT","maxPowerKw":21,"isMegawatt":false,"status":"AVAILABLE","source":"ndw","priceKwh":0.32}},{"type":"Feature","geometry":{"type":"Point","coordinates":[5.021341,52.317442]},"properties":{"type":"charge","layer":"passenger","locationId":"OST23P0043_0045_1","name":"OST23P0043_0045_1","address":"Flevolaan 70","city":"Weesp","operatorName":"e-VOLTT","maxPowerKw":9,"isMegawatt":false,"status":"AVAILABLE","source":"ndw","priceKwh":0.45}},{"type":"Feature","geometry":{"type":"Point","coordinates":[4.876025,52.34769]},"properties":{"type":"charge","layer":"passenger","locationId":"a5b04c7b-7655-4c8c-a755-012f2d570e0a","name":"TNLP010091 - Albrecht Dürerstraat 43, Amsterdam","address":"43 Albrecht Dürerstraat","city":"Amsterdam","operatorName":"TotalEnergies","maxPowerKw":17,"isMegawatt":false,"status":"AVAILABLE","source":"ndw"}},{"type":"Feature","geometry":{"type":"Point","coordinates":[4.834091,52.373104]},"properties":{"type":"charge","layer":"passenger","locationId":"a87f59d3-8af2-45af-9c5f-c95a24f63436","name":"TNLP010526 - Burgemeester Röellstraat 21, Amsterdam","address":"21 Burgemeester Röellstraat","city":"Amsterdam","operatorName":"TotalEnergies","maxPowerKw":17,"isMegawatt":false,"status":"AVAILABLE","source":"ndw"}},{"type":"Feature","geometry":{"type":"Point","coordinates":[4.925193,52.35574]},"properties":{"type":"charge","layer":"passenger","locationId":"640e69a0-ca76-417a-af12-df2a00b8ae9b","name":"TNLP010137 - Pretoriusstraat 39, Amsterdam","address":"39 Pretoriusstraat","city":"Amsterdam","operatorName":"TotalEnergies","maxPowerKw":17,"isMegawatt":false,"status":"AVAILABLE","source":"ndw"}},{"type":"Feature","geometry":{"type":"Point","coordinates":[4.877143,52.392113]},"properties":{"type":"charge","layer":"passenger","locationId":"b386c08a-4e88-4a3b-b2e3-6c10f895c694","name":"TNLP010484 - Hemburgstraat 2, Amsterdam","address":"2 Hemburgstraat","city":"Amsterdam","operatorName":"TotalEnergies","maxPowerKw":17,"isMegawatt":false,"status":"AVAILABLE","source":"ndw"}},{"type":"Feature","geometry":{"type":"Point","coordinates":[4.85643,52.369457]},"properties":{"type":"charge","layer":"passenger","locationId":"385cb5fe-bfc4-4afa-b784-e714a7b785c9","name":"TNLP011488 - Balboastraat 4, Amsterdam","address":"4 Balboastraat","city":"Amsterdam","operatorName":"TotalEnergies","maxPowerKw":17,"isMegawatt":false,"status":"AVAILABLE","source":"ndw"}},{"type":"Feature","geometry":{"type":"Point","coordinates":[4.812716,52.343006]},"properties":{"type":"charge","layer":"passenger","locationId":"eae7bca6-cc29-4655-898e-7e0c9d64f9ee","name":"TNLP011808 - Bastenakenstraat 1, Amsterdam","address":"1 Bastenakenstraat","city":"Amsterdam","operatorName":"TotalEnergies","maxPowerKw":17,"isMegawatt":false,"status":"AVAILABLE","source":"ndw"}},{"type":"Feature","geometry":{"type":"Point","coordinates":[4.934789,52.353546]},"properties":{"type":"charge","layer":"passenger","locationId":"bea806b2-be58-423d-8263-73066805199b","name":"TNLP011896 - Linnaeusparkweg 84, Amsterdam","address":"84 Linnaeusparkweg","city":"Amsterdam","operatorName":"TotalEnergies","maxPowerKw":17,"isMegawatt":false,"status":"AVAILABLE","source":"ndw"}},{"type":"Feature","geometry":{"type":"Point","coordinates":[4.910546,52.363297]},"properties":{"type":"charge","layer":"passenger","locationId":"c0152a80-0498-422f-a9d0-4ab002ee19b7","name":"TNLP011334 - Roetersstraat 18, Amsterdam","address":"18 Roetersstraat","city":"Amsterdam","operatorName":"TotalEnergies","maxPowerKw":17,"isMegawatt":false,"status":"AVAILABLE","source":"ndw"}},{"type":"Feature","geometry":{"type":"Point","coordinates":[4.802475,52.376465]},"properties":{"type":"charge","layer":"passenger","locationId":"c3ccc2b7-a2c8-4e70-be9e-7f81ed1c1a9f","name":"TNLP010305 - Troelstralaan 80, Amsterdam","address":"80 Troelstralaan","city":"Amsterdam","operatorName":"TotalEnergies","maxPowerKw":17,"isMegawatt":false,"status":"AVAILABLE","source":"ndw"}},{"type":"Feature","geometry":{"type":"Point","coordinates":[4.872116,52.333527]},"properties":{"type":"charge","layer":"passenger","locationId":"cce22338-b0b0-472d-89c3-022b41acae8e","name":"TNLP011278 - Ennemaborg 97, Amsterdam","address":"97 Ennemaborg","city":"Amsterdam","operatorName":"TotalEnergies","maxPowerKw":17,"isMegawatt":false,"status":"CHARGING","source":"ndw"}},{"type":"Feature","geometry":{"type":"Point","coordinates":[4.90676,52.346252]},"properties":{"type":"charge","layer":"passenger","locationId":"a659ca9d-69ff-4ffa-ad19-fe41f009dbba","name":"TNLP010731 - Vrijheidslaan 69, Amsterdam","address":"69 Vrijheidslaan","city":"Amsterdam","operatorName":"TotalEnergies","maxPowerKw":17,"isMegawatt":false,"status":"AVAILABLE","source":"ndw"}},{"type":"Feature","geometry":{"type":"Point","coordinates":[4.88354,52.32736]},"properties":{"type":"charge","layer":"passenger","locationId":"df5e66d0-23d5-494b-8fa2-a52f6170f4a0","name":"TNLP011003 - Henkenshage 1, Amsterdam","address":"1 Henkenshage","city":"Amsterdam","operatorName":"TotalEnergies","maxPowerKw":17,"isMegawatt":false,"status":"CHARGING","source":"ndw"}},{"type":"Feature","geometry":{"type":"Point","coordinates":[5.0416718,52.31826]},"properties":{"type":"charge","layer":"passenger","locationId":"86e5a84b-3a4e-441f-b113-c5f69979c7df","name":"TNLP011667 - Muiderslotlaan 4, Weesp","address":"4 Muiderslotlaan","city":"Weesp","operatorName":"TotalEnergies","maxPowerKw":17,"isMegawatt":false,"status":"CHARGING","source":"ndw"}},{"type":"Feature","geometry":{"type":"Point","coordinates":[4.882623,52.41348]},"properties":{"type":"charge","layer":"passenger","locationId":"cedf589c-e5dc-409a-8b9c-5c782fc8ca85","name":"TNLP011611 - Vegastraat 218, Amsterdam","address":"218 Vegastraat","city":"Amsterdam","operatorName":"TotalEnergies","maxPowerKw":17,"isMegawatt":false,"status":"AVAILABLE","source":"ndw"}},{"type":"Feature","geometry":{"type":"Point","coordinates":[4.876781,52.399258]},"properties":{"type":"charge","layer":"passenger","locationId":"OST20P0044_0003_3","name":"OST20P0044_0003_3","address":"Danzigerkade 15","city":"Amsterdam","operatorName":"e-VOLTT","maxPowerKw":38,"isMegawatt":false,"status":"AVAILABLE","source":"ndw","priceKwh":0.32}},{"type":"Feature","geometry":{"type":"Point","coordinates":[4.805771,52.37824]},"properties":{"type":"charge","layer":"passenger","locationId":"e9aae5b9-03ac-4199-9ba5-fefbecff47a0","name":"TNLP011890 - Dirk Sonoystraat 7, Amsterdam","address":"7 Dirk Sonoystraat","city":"Amsterdam","operatorName":"TotalEnergies","maxPowerKw":17,"isMegawatt":false,"status":"AVAILABLE","source":"ndw"}},{"type":"Feature","geometry":{"type":"Point","coordinates":[4.83812,52.37258]},"properties":{"type":"charge","layer":"passenger","locationId":"54FBB8FC-C0DD-4632-AEEA-D24CACC51216","name":"Eneco eMobility Jan Tooropstraat 649 Amsterdam","address":"Jan Tooropstraat 649","city":"Amsterdam","operatorName":"Eneco","maxPowerKw":22,"isMegawatt":false,"status":"CHARGING","source":"ndw","priceKwh":0.32}},{"type":"Feature","geometry":{"type":"Point","coordinates":[4.940049,52.359943]},"properties":{"type":"charge","layer":"passenger","locationId":"a5a315ae-f72d-4f49-90f7-0727160ccf57","name":"TNLP011055 - Tidorestraat 10, Amsterdam","address":"10 Tidorestraat","city":"Amsterdam","operatorName":"TotalEnergies","maxPowerKw":17,"isMegawatt":false,"status":"CHARGING","source":"ndw"}},{"type":"Feature","geometry":{"type":"Point","coordinates":[4.935561,52.397755]},"properties":{"type":"charge","layer":"passenger","locationId":"54306e30-4a50-4a46-896a-ef5fdeff354d","name":"TNLP011629 - Het Breed 741, Amsterdam","address":"741 Het Breed","city":"Amsterdam","operatorName":"TotalEnergies","maxPowerKw":17,"isMegawatt":false,"status":"UNAVAILABLE","source":"ndw"}},{"type":"Feature","geometry":{"type":"Point","coordinates":[4.872748,52.381744]},"properties":{"type":"charge","layer":"passenger","locationId":"e31c2e63-f50a-4994-a4cf-23e5fc7fdd58","name":"TNLP010158 - Van Beuningenstraat 179, Amsterdam","address":"179 Van Beuningenstraat","city":"Amsterdam","operatorName":"TotalEnergies","maxPowerKw":17,"isMegawatt":false,"status":"CHARGING","source":"ndw"}},{"type":"Feature","geometry":{"type":"Point","coordinates":[4.939153,52.358685]},"properties":{"type":"charge","layer":"passenger","locationId":"c154945e-27bc-4dfb-9615-e283c8edd689","name":"TNLP010817 - Ombilinstraat 1, Amsterdam","address":"1 Ombilinstraat","city":"Amsterdam","operatorName":"TotalEnergies","maxPowerKw":17,"isMegawatt":false,"status":"AVAILABLE","source":"ndw"}},{"type":"Feature","geometry":{"type":"Point","coordinates":[4.907971,52.39105]},"properties":{"type":"charge","layer":"passenger","locationId":"261a636e-98c3-4900-a417-58e578ff7253","name":"TNLP011280 - Dovenetelstraat 36, Amsterdam","address":"36 Dovenetelstraat","city":"Amsterdam","operatorName":"TotalEnergies","maxPowerKw":17,"isMegawatt":false,"status":"AVAILABLE","source":"ndw"}},{"type":"Feature","geometry":{"type":"Point","coordinates":[4.997287,52.3566]},"properties":{"type":"charge","layer":"passenger","locationId":"e6f6cac8-a624-4fd6-92a6-e4e4cc9fdd47","name":"TNLP011081 - Diemerparklaan 79, Amsterdam","address":"79 Diemerparklaan","city":"Amsterdam","operatorName":"TotalEnergies","maxPowerKw":17,"isMegawatt":false,"status":"AVAILABLE","source":"ndw"}},{"type":"Feature","geometry":{"type":"Point","coordinates":[5.041695,52.312653]},"properties":{"type":"charge","layer":"passenger","locationId":"f93de86a-3d12-4e42-940d-137c83356fff","name":"TNLP011275 - Sportparklaan 1, Weesp","address":"1 Sportparklaan","city":"Weesp","operatorName":"TotalEnergies","maxPowerKw":17,"isMegawatt":false,"status":"AVAILABLE","source":"ndw"}},{"type":"Feature","geometry":{"type":"Point","coordinates":[4.854117,52.364773]},"properties":{"type":"charge","layer":"passenger","locationId":"790366e6-0aac-420e-bcfb-d43a809f7681","name":"TNLP010134 - Hudsonstraat 11, Amsterdam","address":"11 Hudsonstraat","city":"Amsterdam","operatorName":"TotalEnergies","maxPowerKw":17,"isMegawatt":false,"status":"AVAILABLE","source":"ndw"}},{"type":"Feature","geometry":{"type":"Point","coordinates":[4.870112,52.365353]},"properties":{"type":"charge","layer":"passenger","locationId":"f3213673-07e9-4062-aa25-4ae8a12b0fad","name":"TNLP010919 - Tollensstraat 127, Amsterdam","address":"127 Tollensstraat","city":"Amsterdam","operatorName":"TotalEnergies","maxPowerKw":17,"isMegawatt":false,"status":"AVAILABLE","source":"ndw"}},{"type":"Feature","geometry":{"type":"Point","coordinates":[4.8015,52.36761]},"properties":{"type":"charge","layer":"passenger","locationId":"30c63033ccb04a7ea64224b9ee4cedc7","name":"KWS Depotlocatie Troelstalaan ","address":"Troelstalaan 1","city":"Amsterdam","operatorName":"NRG Mobility","maxPowerKw":11,"isMegawatt":false,"status":"AVAILABLE","source":"ndw","priceKwh":0.45}},{"type":"Feature","geometry":{"type":"Point","coordinates":[4.896285,52.344967]},"properties":{"type":"charge","layer":"passenger","locationId":"300c9f87-0228-4016-ba1c-556b01cfa221","name":"TNLP011282 - Biesboschstraat 73, Amsterdam","address":"73 Biesboschstraat","city":"Amsterdam","operatorName":"TotalEnergies","maxPowerKw":17,"isMegawatt":false,"status":"AVAILABLE","source":"ndw"}},{"type":"Feature","geometry":{"type":"Point","coordinates":[5.050624,52.301544]},"properties":{"type":"charge","layer":"passenger","locationId":"7f364cf5-f817-44c5-af27-d6c3a0ee1f43","name":"TNLP011619 - M. Dotingalaan 62, Weesp","address":"62 M. Dotingalaan","city":"Weesp","operatorName":"TotalEnergies","maxPowerKw":17,"isMegawatt":false,"status":"AVAILABLE","source":"ndw"}},{"type":"Feature","geometry":{"type":"Point","coordinates":[4.876781,52.399258]},"properties":{"type":"charge","layer":"passenger","locationId":"OST20P0044_0003_7","name":"OST20P0044_0003_7","address":"Danzigerkade 15","city":"Amsterdam","operatorName":"e-VOLTT","maxPowerKw":38,"isMegawatt":false,"status":"AVAILABLE","source":"ndw","priceKwh":0.32}},{"type":"Feature","geometry":{"type":"Point","coordinates":[4.977667,52.324616]},"properties":{"type":"charge","layer":"passenger","locationId":"NLLOC027035","name":"NLD, Amsterdam, Groenhoven 100","address":"Groenhoven 100","city":"Amsterdam","operatorName":"Allego","maxPowerKw":22,"isMegawatt":false,"status":"AVAILABLE","source":"ndw","priceKwh":0.495}},{"type":"Feature","geometry":{"type":"Point","coordinates":[4.947655,52.323975]},"properties":{"type":"charge","layer":"passenger","locationId":"af003489-b005-4d29-986f-995d544a6bd6","name":"TNLP010040 - Dostojevskisingel 137, Amsterdam","address":"137 Dostojevskisingel","city":"Amsterdam","operatorName":"TotalEnergies","maxPowerKw":17,"isMegawatt":false,"status":"AVAILABLE","source":"ndw"}},{"type":"Feature","geometry":{"type":"Point","coordinates":[4.903657,52.40863]},"properties":{"type":"charge","layer":"passenger","locationId":"e11b3ffa-124b-4acf-992d-cbf755d6e702","name":"TNLP011233 - Notarisappelstraat 12, Amsterdam","address":"12 Notarisappelstraat","city":"Amsterdam","operatorName":"TotalEnergies","maxPowerKw":17,"isMegawatt":false,"status":"AVAILABLE","source":"ndw"}},{"type":"Feature","geometry":{"type":"Point","coordinates":[4.885262,52.391917]},"properties":{"type":"charge","layer":"passenger","locationId":"NLLOC019026","name":"NLD, Amsterdam, Pontsteiger 390","address":"Pontsteiger 390","city":"Amsterdam","operatorName":"Allego","maxPowerKw":11,"isMegawatt":false,"status":"AVAILABLE","source":"ndw","priceKwh":0.495}},{"type":"Feature","geometry":{"type":"Point","coordinates":[4.932162,52.358265]},"properties":{"type":"charge","layer":"passenger","locationId":"f851ad9e-d818-4810-a5c8-e0e7f9049461","name":"TNLP010961 - Polderweg 454, Amsterdam","address":"454 Polderweg","city":"Amsterdam","operatorName":"TotalEnergies","maxPowerKw":17,"isMegawatt":false,"status":"AVAILABLE","source":"ndw"}},{"type":"Feature","geometry":{"type":"Point","coordinates":[4.840789,52.3614]},"properties":{"type":"charge","layer":"passenger","locationId":"6661deab-cb9c-4bad-9355-3687966ee0ac","name":"TNLP010539 - Anton Waldorpstraat 1, Amsterdam","address":"1 Anton Waldorpstraat","city":"Amsterdam","operatorName":"TotalEnergies","maxPowerKw":17,"isMegawatt":false,"status":"AVAILABLE","source":"ndw"}},{"type":"Feature","geometry":{"type":"Point","coordinates":[4.895762,52.361496]},"properties":{"type":"charge","layer":"passenger","locationId":"20c2cda8-5ac6-4771-92fb-4a527bb17566","name":"TNLP011424 - Prinsengracht 746, Amsterdam","address":"746 Prinsengracht","city":"Amsterdam","operatorName":"TotalEnergies","maxPowerKw":17,"isMegawatt":false,"status":"UNAVAILABLE","source":"ndw"}},{"type":"Feature","geometry":{"type":"Point","coordinates":[5.034334,52.318398]},"properties":{"type":"charge","layer":"passenger","locationId":"7dbc3625-daf3-48a1-be0a-21b7f2cf6104","name":"TNLP011783 - Landscronerlaan 97, Weesp","address":"97 Landscronerlaan","city":"Weesp","operatorName":"TotalEnergies","maxPowerKw":17,"isMegawatt":false,"status":"AVAILABLE","source":"ndw"}},{"type":"Feature","geometry":{"type":"Point","coordinates":[4.876781,52.399258]},"properties":{"type":"charge","layer":"passenger","locationId":"OST20P0044_0002_2","name":"OST20P0044_0002_2","address":"Danzigerkade 15","city":"Amsterdam","operatorName":"e-VOLTT","maxPowerKw":21,"isMegawatt":false,"status":"AVAILABLE","source":"ndw","priceKwh":0.32}},{"type":"Feature","geometry":{"type":"Point","coordinates":[4.873833,52.33172]},"properties":{"type":"charge","layer":"passenger","locationId":"18a6aca4-a923-4bb7-a826-aa9d3ddd033a","name":"TNLP011184 - Loevestein 94, Amsterdam","address":"94 Loevestein","city":"Amsterdam","operatorName":"TotalEnergies","maxPowerKw":17,"isMegawatt":false,"status":"AVAILABLE","source":"ndw"}},{"type":"Feature","geometry":{"type":"Point","coordinates":[4.800233,52.35765]},"properties":{"type":"charge","layer":"passenger","locationId":"216ab62c-bfed-401c-b779-f07726b77a3c","name":"TNLP010105 - Hoekenes 30, Amsterdam","address":"30 Hoekenes","city":"Amsterdam","operatorName":"TotalEnergies","maxPowerKw":17,"isMegawatt":false,"status":"CHARGING","source":"ndw"}},{"type":"Feature","geometry":{"type":"Point","coordinates":[4.90405,52.34231]},"properties":{"type":"charge","layer":"passenger","locationId":"21880ad7-91e4-4c83-8f10-a59b00874680","name":"TNLP010163 - Kribbestraat 3, Amsterdam","address":"3 Kribbestraat","city":"Amsterdam","operatorName":"TotalEnergies","maxPowerKw":17,"isMegawatt":false,"status":"AVAILABLE","source":"ndw"}},{"type":"Feature","geometry":{"type":"Point","coordinates":[4.871308,52.36555]},"properties":{"type":"charge","layer":"passenger","locationId":"8bc74d38-56bf-4bfa-bef6-247ecebd910f","name":"TNLP010796 - Bilderdijkkade 700, Amsterdam","address":"700 Bilderdijkkade","city":"Amsterdam","operatorName":"TotalEnergies","maxPowerKw":17,"isMegawatt":false,"status":"AVAILABLE","source":"ndw"}},{"type":"Feature","geometry":{"type":"Point","coordinates":[4.891315,52.35411]},"properties":{"type":"charge","layer":"passenger","locationId":"211fadba-66d4-4ace-aa95-bd75bb06f311","name":"TNLP011470 - Eerste Jan Steenstraat 92, Amsterdam","address":"92 Eerste Jan Steenstraat","city":"Amsterdam","operatorName":"TotalEnergies","maxPowerKw":17,"isMegawatt":false,"status":"AVAILABLE","source":"ndw"}},{"type":"Feature","geometry":{"type":"Point","coordinates":[4.882179,52.32463]},"properties":{"type":"charge","layer":"passenger","locationId":"da461994-2084-49cf-9c16-c114190d43e8","name":"TNLP011836 - Holtmeulen 1, Amsterdam","address":"1 Holtmeulen","city":"Amsterdam","operatorName":"TotalEnergies","maxPowerKw":17,"isMegawatt":false,"status":"AVAILABLE","source":"ndw"}},{"type":"Feature","geometry":{"type":"Point","coordinates":[4.828022,52.379993]},"properties":{"type":"charge","layer":"passenger","locationId":"32422","name":"XN001742 Amsterdam Vlugtlaan","address":"Burg. de Vlugtlaan 121","city":"Amsterdam","operatorName":"Spirii","maxPowerKw":38,"isMegawatt":false,"status":"AVAILABLE","source":"ndw","priceKwh":0.4}},{"type":"Feature","geometry":{"type":"Point","coordinates":[4.864516,52.35296]},"properties":{"type":"charge","layer":"passenger","locationId":"91d41ec5-9205-4084-911b-633f5b206e4c","name":"TNLP011046 - Valeriusstraat 174, Amsterdam","address":"174 Valeriusstraat","city":"Amsterdam","operatorName":"TotalEnergies","maxPowerKw":17,"isMegawatt":false,"status":"AVAILABLE","source":"ndw"}},{"type":"Feature","geometry":{"type":"Point","coordinates":[4.776362,52.390484]},"properties":{"type":"charge","layer":"passenger","locationId":"fa3a0ad2-902d-4c32-af05-58bc43ac5f4f","name":"TNLP011200 - Watervoort 18, Amsterdam","address":"18 Watervoort","city":"Amsterdam","operatorName":"TotalEnergies","maxPowerKw":17,"isMegawatt":false,"status":"AVAILABLE","source":"ndw"}},{"type":"Feature","geometry":{"type":"Point","coordinates":[4.873074,52.384865]},"properties":{"type":"charge","layer":"passenger","locationId":"04c8749b-fa46-4edf-87c4-68a0a5dd54e3","name":"TNLP010186 - Joan Melchior Kemperstraat 57, Amsterdam","address":"57 Joan Melchior Kemperstraat","city":"Amsterdam","operatorName":"TotalEnergies","maxPowerKw":17,"isMegawatt":false,"status":"AVAILABLE","source":"ndw"}},{"type":"Feature","geometry":{"type":"Point","coordinates":[4.860177,52.35415]},"properties":{"type":"charge","layer":"passenger","locationId":"11362009-c07d-47ad-acf7-ffa3d24ee0a4","name":"TNLP010960 - Oranje Nassaulaan 24, Amsterdam","address":"24 Oranje Nassaulaan","city":"Amsterdam","operatorName":"TotalEnergies","maxPowerKw":17,"isMegawatt":false,"status":"AVAILABLE","source":"ndw"}},{"type":"Feature","geometry":{"type":"Point","coordinates":[4.856055,52.38388]},"properties":{"type":"charge","layer":"passenger","locationId":"33aa17e9-2da4-4b5a-aaea-def02f049625","name":"TNLP011062 - Bos en Lommerweg 33, Amsterdam","address":"33 Bos en Lommerweg","city":"Amsterdam","operatorName":"TotalEnergies","maxPowerKw":17,"isMegawatt":false,"status":"CHARGING","source":"ndw"}},{"type":"Feature","geometry":{"type":"Point","coordinates":[4.901034,52.35194]},"properties":{"type":"charge","layer":"passenger","locationId":"5882b068-e150-451a-8745-e9d648873855","name":"TNLP010339 - Toldwarsstraat 14, Amsterdam","address":"14 Toldwarsstraat","city":"Amsterdam","operatorName":"TotalEnergies","maxPowerKw":17,"isMegawatt":false,"status":"CHARGING","source":"ndw"}},{"type":"Feature","geometry":{"type":"Point","coordinates":[4.87958,52.38373]},"properties":{"type":"charge","layer":"passenger","locationId":"3533fa46-ca00-44aa-a543-c1c05114b683","name":"TNLP010845 - De Wittenstraat 29, Amsterdam","address":"29 De Wittenstraat","city":"Amsterdam","operatorName":"TotalEnergies","maxPowerKw":17,"isMegawatt":false,"status":"AVAILABLE","source":"ndw"}},{"type":"Feature","geometry":{"type":"Point","coordinates":[4.899929,52.4227]},"properties":{"type":"charge","layer":"passenger","locationId":"37a77080-d431-4186-b094-4cae735a62a9","name":"TNLP010411 - Pieter A. van Heijningestraat 85, Amsterdam","address":"85 Pieter A. van Heijningestraat","city":"Amsterdam","operatorName":"TotalEnergies","maxPowerKw":17,"isMegawatt":false,"status":"AVAILABLE","source":"ndw"}},{"type":"Feature","geometry":{"type":"Point","coordinates":[4.94368,52.29606]},"properties":{"type":"charge","layer":"passenger","locationId":"1538115","name":"Laadnet Gripwise b.v.","address":"Schepenbergweg 16","city":"Amsterdam","operatorName":"Laadnet","maxPowerKw":11,"isMegawatt":false,"status":"AVAILABLE","source":"ndw"}},{"type":"Feature","geometry":{"type":"Point","coordinates":[4.897469,52.356708]},"properties":{"type":"charge","layer":"passenger","locationId":"6cf354d0670e4bae80fe82c490d2f53e","name":"Albert Cuypstraat - Markt 1072CS 9","address":"Albert Cuypstraat 9","city":"Amsterdam","operatorName":"","maxPowerKw":22,"isMegawatt":false,"status":"AVAILABLE","source":"ndw"}},{"type":"Feature","geometry":{"type":"Point","coordinates":[4.85668,52.36609]},"properties":{"type":"charge","layer":"passenger","locationId":"86de99e4-203d-4efd-9e54-e9602f0caaa2","name":"TNLP010124 - Marco Polostraat 36, Amsterdam","address":"36 Marco Polostraat","city":"Amsterdam","operatorName":"TotalEnergies","maxPowerKw":17,"isMegawatt":false,"status":"AVAILABLE","source":"ndw"}},{"type":"Feature","geometry":{"type":"Point","coordinates":[4.898849,52.351227]},"properties":{"type":"charge","layer":"passenger","locationId":"61c03688-84bb-4784-b747-e9e1d9b294cf","name":"TNLP010025 - Lutmastraat 101, Amsterdam","address":"101 Lutmastraat","city":"Amsterdam","operatorName":"TotalEnergies","maxPowerKw":17,"isMegawatt":false,"status":"AVAILABLE","source":"ndw"}},{"type":"Feature","geometry":{"type":"Point","coordinates":[4.973128,52.322556]},"properties":{"type":"charge","layer":"passenger","locationId":"9f1d7533-f6c2-4b90-86fd-261d4c538910","name":"Laadplein - TNLP010211 - Bijlmerdreef 1288, Amsterdam","address":"1288 Bijlmerdreef","city":"Amsterdam","operatorName":"TotalEnergies","maxPowerKw":17,"isMegawatt":false,"status":"UNAVAILABLE","source":"ndw"}},{"type":"Feature","geometry":{"type":"Point","coordinates":[4.897917,52.343754]},"properties":{"type":"charge","layer":"passenger","locationId":"902f1ce0-5615-4b78-866b-ffb0a5679c4d","name":"TNLP011315 - Rooseveltlaan 152 III, Amsterdam","address":"152 III Rooseveltlaan","city":"Amsterdam","operatorName":"TotalEnergies","maxPowerKw":17,"isMegawatt":false,"status":"AVAILABLE","source":"ndw"}},{"type":"Feature","geometry":{"type":"Point","coordinates":[4.934058,52.359867]},"properties":{"type":"charge","layer":"passenger","locationId":"9c284ad8-f104-43cf-92c9-e5e9b15c708e","name":"TNLP011463 - Formosastraat 23, Amsterdam","address":"23 Formosastraat","city":"Amsterdam","operatorName":"TotalEnergies","maxPowerKw":17,"isMegawatt":false,"status":"AVAILABLE","source":"ndw"}},{"type":"Feature","geometry":{"type":"Point","coordinates":[4.863672,52.34711]},"properties":{"type":"charge","layer":"passenger","locationId":"9d6e0d6d-e1d1-400d-b7a2-cee4ae60da35","name":"TNLP010581 - Hygiëaplein 50, Amsterdam","address":"50 Hygiëaplein","city":"Amsterdam","operatorName":"TotalEnergies","maxPowerKw":17,"isMegawatt":false,"status":"AVAILABLE","source":"ndw"}},{"type":"Feature","geometry":{"type":"Point","coordinates":[4.876781,52.399258]},"properties":{"type":"charge","layer":"passenger","locationId":"OST20P0044_0014_2","name":"OST20P0044_0014_2","address":"Danzigerkade 15","city":"Amsterdam","operatorName":"e-VOLTT","maxPowerKw":21,"isMegawatt":false,"status":"AVAILABLE","source":"ndw","priceKwh":0.32}},{"type":"Feature","geometry":{"type":"Point","coordinates":[4.913816,52.407707]},"properties":{"type":"charge","layer":"passenger","locationId":"8971a75e-469b-4bba-b925-cb5bc310bf57","name":"TNLP010297 - Banne Buikslootlaan 260, Amsterdam","address":"260 Banne Buikslootlaan","city":"Amsterdam","operatorName":"TotalEnergies","maxPowerKw":17,"isMegawatt":false,"status":"AVAILABLE","source":"ndw"}},{"type":"Feature","geometry":{"type":"Point","coordinates":[4.902245,52.357567]},"properties":{"type":"charge","layer":"passenger","locationId":"b3ffef2f-ba17-427c-b5a9-1ca1cea530ba","name":"TNLP010366 - Hemonystraat 21, Amsterdam","address":"21 Hemonystraat","city":"Amsterdam","operatorName":"TotalEnergies","maxPowerKw":17,"isMegawatt":false,"status":"UNAVAILABLE","source":"ndw"}},{"type":"Feature","geometry":{"type":"Point","coordinates":[4.881971,52.390366]},"properties":{"type":"charge","layer":"passenger","locationId":"c9613515-6493-4a43-aa8b-9de94774698e","name":"TNLP011111 - Nova Zemblastraat 210, Amsterdam","address":"210 Nova Zemblastraat","city":"Amsterdam","operatorName":"TotalEnergies","maxPowerKw":17,"isMegawatt":false,"status":"AVAILABLE","source":"ndw"}},{"type":"Feature","geometry":{"type":"Point","coordinates":[4.900606,52.408348]},"properties":{"type":"charge","layer":"passenger","locationId":"f65446a2-7fb5-4e62-a079-42f012d97791","name":"TNLP011680 - Moestuinlaan 7, Amsterdam","address":"7 Moestuinlaan","city":"Amsterdam","operatorName":"TotalEnergies","maxPowerKw":17,"isMegawatt":false,"status":"AVAILABLE","source":"ndw"}},{"type":"Feature","geometry":{"type":"Point","coordinates":[4.867815,52.370586]},"properties":{"type":"charge","layer":"passenger","locationId":"8824e0ab-2062-4fad-82e4-439a71484435","name":"TNLP011268 - Bilderdijkkade 20, Amsterdam","address":"20 Bilderdijkkade","city":"Amsterdam","operatorName":"TotalEnergies","maxPowerKw":17,"isMegawatt":false,"status":"AVAILABLE","source":"ndw"}},{"type":"Feature","geometry":{"type":"Point","coordinates":[4.850915,52.366875]},"properties":{"type":"charge","layer":"passenger","locationId":"b2bf262d-3b77-4f51-a26f-8bff2d24621a","name":"TNLP010247 - Willem Schoutenstraat 49, Amsterdam","address":"49 Willem Schoutenstraat","city":"Amsterdam","operatorName":"TotalEnergies","maxPowerKw":17,"isMegawatt":false,"status":"CHARGING","source":"ndw"}},{"type":"Feature","geometry":{"type":"Point","coordinates":[4.929667,52.346607]},"properties":{"type":"charge","layer":"passenger","locationId":"b802ad1b-0dee-4202-8bad-20753a606183","name":"TNLP011597 - Darwinplantsoen 4, Amsterdam","address":"4 Darwinplantsoen","city":"Amsterdam","operatorName":"TotalEnergies","maxPowerKw":17,"isMegawatt":false,"status":"AVAILABLE","source":"ndw"}},{"type":"Feature","geometry":{"type":"Point","coordinates":[4.923087,52.387398]},"properties":{"type":"charge","layer":"passenger","locationId":"068b70d2-17d4-4096-b038-71692916c4db","name":"TNLP010936 - Albatrospad 1, Amsterdam","address":"1 Albatrospad","city":"Amsterdam","operatorName":"TotalEnergies","maxPowerKw":17,"isMegawatt":false,"status":"AVAILABLE","source":"ndw"}},{"type":"Feature","geometry":{"type":"Point","coordinates":[4.875929,52.358936]},"properties":{"type":"charge","layer":"passenger","locationId":"b0331a71-b5fc-4070-b779-eacf4c26ca14","name":"TNLP010103 - Pieter Cornelisz Hooftstraat 173, Amsterdam","address":"173 Pieter Cornelisz Hooftstraat","city":"Amsterdam","operatorName":"TotalEnergies","maxPowerKw":17,"isMegawatt":false,"status":"AVAILABLE","source":"ndw"}},{"type":"Feature","geometry":{"type":"Point","coordinates":[4.783086,52.35007]},"properties":{"type":"charge","layer":"passenger","locationId":"ce4fe4a4-365c-4e42-9b32-9316e0bfc29b","name":"TNLP010768 - Inaristraat 228, Amsterdam","address":"228 Inaristraat","city":"Amsterdam","operatorName":"TotalEnergies","maxPowerKw":17,"isMegawatt":false,"status":"AVAILABLE","source":"ndw"}},{"type":"Feature","geometry":{"type":"Point","coordinates":[5.040825,52.308517]},"properties":{"type":"charge","layer":"passenger","locationId":"f46a47f7-7529-4d6b-a86b-b88b21545bc0","name":"TNLP011887 - Achteromstraat 29, Weesp","address":"29 Achteromstraat","city":"Weesp","operatorName":"TotalEnergies","maxPowerKw":17,"isMegawatt":false,"status":"CHARGING","source":"ndw"}},{"type":"Feature","geometry":{"type":"Point","coordinates":[4.851129,52.359367]},"properties":{"type":"charge","layer":"passenger","locationId":"f6ea67ad-b109-4c8d-898d-a2e181ca4461","name":"TNLP010120 - Antillenstraat 17, Amsterdam","address":"17 Antillenstraat","city":"Amsterdam","operatorName":"TotalEnergies","maxPowerKw":17,"isMegawatt":false,"status":"AVAILABLE","source":"ndw"}},{"type":"Feature","geometry":{"type":"Point","coordinates":[4.789763,52.378853]},"properties":{"type":"charge","layer":"passenger","locationId":"46092845-180d-4c71-9265-57fc51c7b4b6","name":"TNLP010419 - J.G. Suurhoffstraat 14, Amsterdam","address":"14 J.G. Suurhoffstraat","city":"Amsterdam","operatorName":"TotalEnergies","maxPowerKw":17,"isMegawatt":false,"status":"CHARGING","source":"ndw"}},{"type":"Feature","geometry":{"type":"Point","coordinates":[4.907927,52.34293]},"properties":{"type":"charge","layer":"passenger","locationId":"ceff668c-1ea6-4aa1-a385-875f2d571947","name":"TNLP010011 - Uiterwaardenstraat 77, Amsterdam","address":"77 Uiterwaardenstraat","city":"Amsterdam","operatorName":"TotalEnergies","maxPowerKw":17,"isMegawatt":false,"status":"AVAILABLE","source":"ndw"}},{"type":"Feature","geometry":{"type":"Point","coordinates":[4.849541,52.353607]},"properties":{"type":"charge","layer":"passenger","locationId":"04a9ee47-2b8f-400a-86e5-7b0ef0b9832f","name":"TNLP010374 - Warmondstraat 139, Amsterdam","address":"139 Warmondstraat","city":"Amsterdam","operatorName":"TotalEnergies","maxPowerKw":17,"isMegawatt":false,"status":"AVAILABLE","source":"ndw"}},{"type":"Feature","geometry":{"type":"Point","coordinates":[4.857388,52.344476]},"properties":{"type":"charge","layer":"passenger","locationId":"68e6385acc3cda99bbcc2f49","name":"FH Super V.O.F. AH4107","address":"Stadionplein 115","city":"Amsterdam","operatorName":"E-Flux by Road","maxPowerKw":11,"isMegawatt":false,"status":"AVAILABLE","source":"ndw","priceKwh":0.58}},{"type":"Feature","geometry":{"type":"Point","coordinates":[4.852157,52.36321]},"properties":{"type":"charge","layer":"passenger","locationId":"66f1864a-103a-4c10-9b7c-f9006b62f803","name":"TNLP011179 - Postjeskade 71 A, Amsterdam","address":"71 A Postjeskade","city":"Amsterdam","operatorName":"TotalEnergies","maxPowerKw":17,"isMegawatt":false,"status":"CHARGING","source":"ndw"}},{"type":"Feature","geometry":{"type":"Point","coordinates":[4.959537,52.30007]},"properties":{"type":"charge","layer":"passenger","locationId":"04f6e32a-b9cb-47c0-af39-85a9a124f6ac","name":"TNLP010424 - Nieuwlandhof 184, Amsterdam","address":"184 Nieuwlandhof","city":"Amsterdam","operatorName":"TotalEnergies","maxPowerKw":17,"isMegawatt":false,"status":"CHARGING","source":"ndw"}},{"type":"Feature","geometry":{"type":"Point","coordinates":[4.851738,52.37938]},"properties":{"type":"charge","layer":"passenger","locationId":"8e6e2c08-84c1-4191-948e-33b830758d0c","name":"TNLP010775 - Egidiusstraat 38, Amsterdam","address":"38 Egidiusstraat","city":"Amsterdam","operatorName":"TotalEnergies","maxPowerKw":17,"isMegawatt":false,"status":"AVAILABLE","source":"ndw"}},{"type":"Feature","geometry":{"type":"Point","coordinates":[4.920088,52.414482]},"properties":{"type":"charge","layer":"passenger","locationId":"0751f187-462b-4cf5-b6ec-7c350b9be085","name":"TNLP010029 - Achtersteven 26, Amsterdam","address":"26 Achtersteven","city":"Amsterdam","operatorName":"TotalEnergies","maxPowerKw":17,"isMegawatt":false,"status":"UNAVAILABLE","source":"ndw"}},{"type":"Feature","geometry":{"type":"Point","coordinates":[4.799419,52.379322]},"properties":{"type":"charge","layer":"passenger","locationId":"c3a67121-8260-4e1c-a2f8-50855062e4f7","name":"TNLP010336 - Sam van Houtenstraat 74, Amsterdam","address":"74 Sam van Houtenstraat","city":"Amsterdam","operatorName":"TotalEnergies","maxPowerKw":17,"isMegawatt":false,"status":"CHARGING","source":"ndw"}},{"type":"Feature","geometry":{"type":"Point","coordinates":[4.831582,52.37599]},"properties":{"type":"charge","layer":"passenger","locationId":"048becc0-c83d-4d85-b322-87599cfaa6c3","name":"TNLP011207 - Aart van der Leeuwstraat 29, Amsterdam","address":"29 Aart van der Leeuwstraat","city":"Amsterdam","operatorName":"TotalEnergies","maxPowerKw":17,"isMegawatt":false,"status":"AVAILABLE","source":"ndw"}},{"type":"Feature","geometry":{"type":"Point","coordinates":[4.897336,52.402435]},"properties":{"type":"charge","layer":"passenger","locationId":"a626f1fd-088d-4a02-9954-89c4aba83e66","name":"TNLP010237 - Tt. Vasumweg 16, Amsterdam","address":"16 Tt. Vasumweg","city":"Amsterdam","operatorName":"TotalEnergies","maxPowerKw":17,"isMegawatt":false,"status":"AVAILABLE","source":"ndw"}},{"type":"Feature","geometry":{"type":"Point","coordinates":[4.921823,52.35496]},"properties":{"type":"charge","layer":"passenger","locationId":"2b4c92fc-ed0a-4c08-8fa2-d394e798d194","name":"TNLP010308 - Smitstraat 19, Amsterdam","address":"19 Smitstraat","city":"Amsterdam","operatorName":"TotalEnergies","maxPowerKw":17,"isMegawatt":false,"status":"AVAILABLE","source":"ndw"}},{"type":"Feature","geometry":{"type":"Point","coordinates":[4.94054,52.353985]},"properties":{"type":"charge","layer":"passenger","locationId":"ae9d185e-9b30-46d9-86c0-ae451bde153f","name":"TNLP010188 - Galileïplantsoen 68, Amsterdam","address":"68 Galileïplantsoen","city":"Amsterdam","operatorName":"TotalEnergies","maxPowerKw":17,"isMegawatt":false,"status":"AVAILABLE","source":"ndw"}},{"type":"Feature","geometry":{"type":"Point","coordinates":[4.833123,52.359222]},"properties":{"type":"charge","layer":"passenger","locationId":"2b09e633-a41d-4ef3-9a90-770790e0307d","name":"TNLP011230 - Comeniusstraat 1, Amsterdam","address":"1 Comeniusstraat","city":"Amsterdam","operatorName":"TotalEnergies","maxPowerKw":17,"isMegawatt":false,"status":"AVAILABLE","source":"ndw"}},{"type":"Feature","geometry":{"type":"Point","coordinates":[4.96764,52.29284]},"properties":{"type":"charge","layer":"passenger","locationId":"280a243a-b340-47d6-9e23-a25ea5fb115e","name":"TNLP010479 - Tuilstraat 20, Amsterdam","address":"20 Tuilstraat","city":"Amsterdam","operatorName":"TotalEnergies","maxPowerKw":17,"isMegawatt":false,"status":"AVAILABLE","source":"ndw"}},{"type":"Feature","geometry":{"type":"Point","coordinates":[4.893055,52.346207]},"properties":{"type":"charge","layer":"passenger","locationId":"2adbee55-2f07-42f5-b78c-a950ac8cacde","name":"TNLP010259 - Deurloostraat 29, Amsterdam","address":"29 Deurloostraat","city":"Amsterdam","operatorName":"TotalEnergies","maxPowerKw":17,"isMegawatt":false,"status":"CHARGING","source":"ndw"}},{"type":"Feature","geometry":{"type":"Point","coordinates":[4.914715,52.34968]},"properties":{"type":"charge","layer":"passenger","locationId":"85340672-c3a4-4057-bfc2-452c346999bb","name":"TNLP010511 - Schollenbrugstraat 20, Amsterdam","address":"20 Schollenbrugstraat","city":"Amsterdam","operatorName":"TotalEnergies","maxPowerKw":17,"isMegawatt":false,"status":"CHARGING","source":"ndw"}},{"type":"Feature","geometry":{"type":"Point","coordinates":[4.993898,52.354218]},"properties":{"type":"charge","layer":"passenger","locationId":"60821f46-0fb2-4360-9749-0096ac9f41b2","name":"TNLP010380 - Diemerparklaan 11, Amsterdam","address":"11 Diemerparklaan","city":"Amsterdam","operatorName":"TotalEnergies","maxPowerKw":17,"isMegawatt":false,"status":"AVAILABLE","source":"ndw"}},{"type":"Feature","geometry":{"type":"Point","coordinates":[4.955412,52.393865]},"properties":{"type":"charge","layer":"passenger","locationId":"NLLOC027636","name":"Allego - Beverwijkstraat 3 Amsterdam","address":"Beverwijkstraat 3","city":"Amsterdam","operatorName":"Allego","maxPowerKw":50,"isMegawatt":false,"status":"AVAILABLE","source":"ndw","priceKwh":0.655}},{"type":"Feature","geometry":{"type":"Point","coordinates":[4.915466,52.36087]},"properties":{"type":"charge","layer":"passenger","locationId":"337de53b-a58f-4d21-b98a-b0e04ccff5ed","name":"TNLP010462 - s-Gravesandestraat 92, Amsterdam","address":"92 s-Gravesandestraat","city":"Amsterdam","operatorName":"TotalEnergies","maxPowerKw":17,"isMegawatt":false,"status":"AVAILABLE","source":"ndw"}},{"type":"Feature","geometry":{"type":"Point","coordinates":[4.887035,52.369682]},"properties":{"type":"charge","layer":"passenger","locationId":"4c5cf4b2-0308-4bb0-b83f-f2ae8f5f9a15","name":"TNLP011002 - Herengracht 345, Amsterdam","address":"345 Herengracht","city":"Amsterdam","operatorName":"TotalEnergies","maxPowerKw":17,"isMegawatt":false,"status":"AVAILABLE","source":"ndw"}},{"type":"Feature","geometry":{"type":"Point","coordinates":[4.912441,52.359413]},"properties":{"type":"charge","layer":"passenger","locationId":"4909da82-9cbd-4bde-854d-13ddf15bce29","name":"TNLP011343 - Boerhaaveplein 6, Amsterdam","address":"6 Boerhaaveplein","city":"Amsterdam","operatorName":"TotalEnergies","maxPowerKw":17,"isMegawatt":false,"status":"AVAILABLE","source":"ndw"}},{"type":"Feature","geometry":{"type":"Point","coordinates":[4.866856,52.34181]},"properties":{"type":"charge","layer":"passenger","locationId":"35f1d030-3053-4ce9-b4c7-b571880c1889","name":"TNLP010392 - Dirk Schäferstraat 27, Amsterdam","address":"27 Dirk Schäferstraat","city":"Amsterdam","operatorName":"TotalEnergies","maxPowerKw":17,"isMegawatt":false,"status":"AVAILABLE","source":"ndw"}},{"type":"Feature","geometry":{"type":"Point","coordinates":[4.873581,52.38352]},"properties":{"type":"charge","layer":"passenger","locationId":"37504eea-fbd6-4bb2-b631-adbb869c4011","name":"TNLP011495 - Bentinckstraat 43 HS, Amsterdam","address":"43 HS Bentinckstraat","city":"Amsterdam","operatorName":"TotalEnergies","maxPowerKw":17,"isMegawatt":false,"status":"CHARGING","source":"ndw"}},{"type":"Feature","geometry":{"type":"Point","coordinates":[4.881731,52.378003]},"properties":{"type":"charge","layer":"passenger","locationId":"1B7D3C7B-99F4-4B11-A2BE-5960A4F630FB","name":"TNLP010051","address":"Westerstraat 187","city":"Amsterdam","operatorName":"TotalEnergies","maxPowerKw":17,"isMegawatt":false,"status":"AVAILABLE","source":"ndw"}},{"type":"Feature","geometry":{"type":"Point","coordinates":[4.860183,52.379887]},"properties":{"type":"charge","layer":"passenger","locationId":"7d6d9966-a12c-4e38-b07a-4a733e44ba02","name":"TNLP011191 - Anna van Burenstraat 21, Amsterdam","address":"21 Anna van Burenstraat","city":"Amsterdam","operatorName":"TotalEnergies","maxPowerKw":17,"isMegawatt":false,"status":"AVAILABLE","source":"ndw"}},{"type":"Feature","geometry":{"type":"Point","coordinates":[4.907917,52.394882]},"properties":{"type":"charge","layer":"passenger","locationId":"710bc494-158f-47aa-bd8e-cf05464caa80","name":"TNLP010779 - Struisgrasstraat 21, Amsterdam","address":"21 Struisgrasstraat","city":"Amsterdam","operatorName":"TotalEnergies","maxPowerKw":17,"isMegawatt":false,"status":"AVAILABLE","source":"ndw"}},{"type":"Feature","geometry":{"type":"Point","coordinates":[4.854584,52.33709]},"properties":{"type":"charge","layer":"passenger","locationId":"OST20P0054_0004_2","name":"OST20P0054_0004_2","address":"Amstelveenseweg 500","city":"Amsterdam","operatorName":"e-VOLTT","maxPowerKw":38,"isMegawatt":false,"status":"AVAILABLE","source":"ndw","priceKwh":0.26}},{"type":"Feature","geometry":{"type":"Point","coordinates":[4.918847,52.35235]},"properties":{"type":"charge","layer":"passenger","locationId":"6964fba1-b8ed-42bc-8289-f7ca42df901b","name":"TNLP011531 - De la Reijstraat 18, Amsterdam","address":"18 De la Reijstraat","city":"Amsterdam","operatorName":"TotalEnergies","maxPowerKw":17,"isMegawatt":false,"status":"AVAILABLE","source":"ndw"}},{"type":"Feature","geometry":{"type":"Point","coordinates":[4.94905,52.388145]},"properties":{"type":"charge","layer":"passenger","locationId":"b5f71b1c-7871-40a6-950d-7621b6d54b74","name":"TNLP010550 - Monnikendammerweg 35, Amsterdam","address":"35 Monnikendammerweg","city":"Amsterdam","operatorName":"TotalEnergies","maxPowerKw":17,"isMegawatt":false,"status":"AVAILABLE","source":"ndw"}},{"type":"Feature","geometry":{"type":"Point","coordinates":[4.90312,52.35422]},"properties":{"type":"charge","layer":"passenger","locationId":"11859a07-9235-49f6-8c16-299656456fc7","name":"TNLP010979 - Van Ostadestraat 339, Amsterdam","address":"339 Van Ostadestraat","city":"Amsterdam","operatorName":"TotalEnergies","maxPowerKw":17,"isMegawatt":false,"status":"CHARGING","source":"ndw"}},{"type":"Feature","geometry":{"type":"Point","coordinates":[4.869224,52.368138]},"properties":{"type":"charge","layer":"passenger","locationId":"6979bdd1148b0c28f394c205","name":"Kwintijn 2 permit holders (NOT PUBLIC)","address":"Bilderdijkkade 50","city":"Amsterdam","operatorName":"E-Flux by Road","maxPowerKw":22,"isMegawatt":false,"status":"AVAILABLE","source":"ndw","priceKwh":0.3864}},{"type":"Feature","geometry":{"type":"Point","coordinates":[4.873372,52.333668]},"properties":{"type":"charge","layer":"passenger","locationId":"2d8026be-38bd-4200-8531-5eca6b9f24ee","name":"TNLP010838 - Wedderborg 70, Amsterdam","address":"70 Wedderborg","city":"Amsterdam","operatorName":"TotalEnergies","maxPowerKw":17,"isMegawatt":false,"status":"AVAILABLE","source":"ndw"}},{"type":"Feature","geometry":{"type":"Point","coordinates":[5.03233,52.315468]},"properties":{"type":"charge","layer":"passenger","locationId":"aa85d35b-79aa-4c18-aa34-4a587ba54c91","name":"TNLP011829 - Fanny Blankers-Koenstraat 2, Weesp","address":"2 Fanny Blankers-Koenstraat","city":"Weesp","operatorName":"TotalEnergies","maxPowerKw":17,"isMegawatt":false,"status":"AVAILABLE","source":"ndw"}},{"type":"Feature","geometry":{"type":"Point","coordinates":[5.05205,52.30197]},"properties":{"type":"charge","layer":"passenger","locationId":"49e9a281-0c5a-486c-bc8c-b8eaabf33810","name":"TNLP011515 - M. Dotingalaan 117, Weesp","address":"117 M. Dotingalaan","city":"Weesp","operatorName":"TotalEnergies","maxPowerKw":17,"isMegawatt":false,"status":"AVAILABLE","source":"ndw"}},{"type":"Feature","geometry":{"type":"Point","coordinates":[4.91844,52.3557]},"properties":{"type":"charge","layer":"passenger","locationId":"b38d3455-b6c5-4dbf-b4c9-26f693f7f1cc","name":"TNLP010789 - Populierenweg 32, Amsterdam","address":"32 Populierenweg","city":"Amsterdam","operatorName":"TotalEnergies","maxPowerKw":17,"isMegawatt":false,"status":"CHARGING","source":"ndw"}},{"type":"Feature","geometry":{"type":"Point","coordinates":[5.040576,52.311604]},"properties":{"type":"charge","layer":"passenger","locationId":"b482c810-3b88-4ed0-89e0-00b6b0abf10f","name":"TNLP011468 - Rembrandt van Rijnstraat 31, Weesp","address":"31 Rembrandt van Rijnstraat","city":"Weesp","operatorName":"TotalEnergies","maxPowerKw":17,"isMegawatt":false,"status":"UNAVAILABLE","source":"ndw"}},{"type":"Feature","geometry":{"type":"Point","coordinates":[4.964516,52.372128]},"properties":{"type":"charge","layer":"passenger","locationId":"a3f446ab-be55-474a-9f26-e7ce26690aa5","name":"TNLP011477 - Kees Broekmanstraat 124, Amsterdam","address":"124 Kees Broekmanstraat","city":"Amsterdam","operatorName":"TotalEnergies","maxPowerKw":17,"isMegawatt":false,"status":"CHARGING","source":"ndw"}},{"type":"Feature","geometry":{"type":"Point","coordinates":[5.049644,52.30697]},"properties":{"type":"charge","layer":"passenger","locationId":"2a3722d9-c566-48ce-9538-3626758fe3ce","name":"TNLP011687 - 's-Gravelandseweg 2, Weesp","address":"2 's-Gravelandseweg","city":"Weesp","operatorName":"TotalEnergies","maxPowerKw":17,"isMegawatt":false,"status":"AVAILABLE","source":"ndw"}},{"type":"Feature","geometry":{"type":"Point","coordinates":[4.876781,52.399258]},"properties":{"type":"charge","layer":"passenger","locationId":"OST20P0044_0014_0","name":"OST20P0044_0014_0","address":"Danzigerkade 15","city":"Amsterdam","operatorName":"e-VOLTT","maxPowerKw":21,"isMegawatt":false,"status":"AVAILABLE","source":"ndw","priceKwh":0.32}},{"type":"Feature","geometry":{"type":"Point","coordinates":[4.91641,52.411434]},"properties":{"type":"charge","layer":"passenger","locationId":"b6f64192-f3d5-40aa-b19f-8be33f6b87b9","name":"TNLP011025 - Voordek 25, Amsterdam","address":"25 Voordek","city":"Amsterdam","operatorName":"TotalEnergies","maxPowerKw":17,"isMegawatt":false,"status":"CHARGING","source":"ndw"}},{"type":"Feature","geometry":{"type":"Point","coordinates":[4.838783,52.350098]},"properties":{"type":"charge","layer":"passenger","locationId":"f2e85cb9-23c5-48ce-8d3c-8cd108dcdfce","name":"TNLP010787 - Rijswijkstraat 22, Amsterdam","address":"22 Rijswijkstraat","city":"Amsterdam","operatorName":"TotalEnergies","maxPowerKw":17,"isMegawatt":false,"status":"AVAILABLE","source":"ndw"}},{"type":"Feature","geometry":{"type":"Point","coordinates":[4.908598,52.3461]},"properties":{"type":"charge","layer":"passenger","locationId":"466dc2e3-a65e-4b41-9d23-55b85317c2ab","name":"TNLP010083 - Kromme Mijdrechtstraat 21, Amsterdam","address":"21 Kromme Mijdrechtstraat","city":"Amsterdam","operatorName":"TotalEnergies","maxPowerKw":17,"isMegawatt":false,"status":"CHARGING","source":"ndw"}},{"type":"Feature","geometry":{"type":"Point","coordinates":[4.853581,52.366802]},"properties":{"type":"charge","layer":"passenger","locationId":"86fea45c-3e31-4a36-8c11-565102e5e5e7","name":"TNLP010052 - Hudsonstraat 83, Amsterdam","address":"83 Hudsonstraat","city":"Amsterdam","operatorName":"TotalEnergies","maxPowerKw":17,"isMegawatt":false,"status":"AVAILABLE","source":"ndw"}},{"type":"Feature","geometry":{"type":"Point","coordinates":[4.916498,52.400177]},"properties":{"type":"charge","layer":"passenger","locationId":"54829679-a613-4fe8-a1ea-41daf6ee7d46","name":"TNLP011298 - Floraweg 82, Amsterdam","address":"82 Floraweg","city":"Amsterdam","operatorName":"TotalEnergies","maxPowerKw":17,"isMegawatt":false,"status":"AVAILABLE","source":"ndw"}},{"type":"Feature","geometry":{"type":"Point","coordinates":[4.866793,52.35312]},"properties":{"type":"charge","layer":"passenger","locationId":"7256d83a-02e5-4034-9c7e-4a4e7e8e86a4","name":"TNLP010287 - Johannes Verhulststraat 196, Amsterdam","address":"196 Johannes Verhulststraat","city":"Amsterdam","operatorName":"TotalEnergies","maxPowerKw":17,"isMegawatt":false,"status":"AVAILABLE","source":"ndw"}},{"type":"Feature","geometry":{"type":"Point","coordinates":[5.032227,52.315504]},"properties":{"type":"charge","layer":"passenger","locationId":"60c8baf1724d55259c7d1974","name":"Hjalmar de Visser's station","address":"Fanny Blankerskoenstraat 2","city":"Weesp","operatorName":"E-Flux by Road","maxPowerKw":22,"isMegawatt":false,"status":"AVAILABLE","source":"ndw","priceKwh":0.45}},{"type":"Feature","geometry":{"type":"Point","coordinates":[4.944777,52.365856]},"properties":{"type":"charge","layer":"passenger","locationId":"920f7c01-61f1-4ddb-9474-dd2e8e7398d1","name":"TNLP010063 - Kramatweg 2, Amsterdam","address":"2 Kramatweg","city":"Amsterdam","operatorName":"TotalEnergies","maxPowerKw":17,"isMegawatt":false,"status":"AVAILABLE","source":"ndw"}},{"type":"Feature","geometry":{"type":"Point","coordinates":[4.803904,52.365852]},"properties":{"type":"charge","layer":"passenger","locationId":"94184c5e-8c40-413e-84c7-eeb88d29dff5","name":"TNLP010147 - Meer en Vaart 2, Amsterdam","address":"2 Meer en Vaart","city":"Amsterdam","operatorName":"TotalEnergies","maxPowerKw":17,"isMegawatt":false,"status":"CHARGING","source":"ndw"}},{"type":"Feature","geometry":{"type":"Point","coordinates":[4.971405,52.299995]},"properties":{"type":"charge","layer":"passenger","locationId":"b191df28-cb76-43d6-8e4a-7b0ede019537","name":"TNLP010603 - Mijndenhof 117, Amsterdam","address":"117 Mijndenhof","city":"Amsterdam","operatorName":"TotalEnergies","maxPowerKw":17,"isMegawatt":false,"status":"AVAILABLE","source":"ndw"}},{"type":"Feature","geometry":{"type":"Point","coordinates":[4.75024,52.406604]},"properties":{"type":"charge","layer":"passenger","locationId":"66275c64cb1450001c6bfec4","name":"NXT 50five - Amsterdam - Beiraweg 3 - DC","address":"Beiraweg 3","city":"Amsterdam","operatorName":"NXT50Five","maxPowerKw":320,"isMegawatt":false,"status":"AVAILABLE","source":"ndw","priceKwh":0.4}},{"type":"Feature","geometry":{"type":"Point","coordinates":[4.876153,52.358643]},"properties":{"type":"charge","layer":"passenger","locationId":"cf9801f5-b572-4286-9a06-15de765ff929","name":"TNLP010168 - Van Eeghenlaan 12, Amsterdam","address":"12 Van Eeghenlaan","city":"Amsterdam","operatorName":"TotalEnergies","maxPowerKw":17,"isMegawatt":false,"status":"CHARGING","source":"ndw"}},{"type":"Feature","geometry":{"type":"Point","coordinates":[4.792195,52.36016]},"properties":{"type":"charge","layer":"passenger","locationId":"9f40d93f-dd30-4d8c-8dd4-95c88b8db23f","name":"TNLP011171 - Osdorper Ban 837, Amsterdam","address":"837 Osdorper Ban","city":"Amsterdam","operatorName":"TotalEnergies","maxPowerKw":17,"isMegawatt":false,"status":"AVAILABLE","source":"ndw"}},{"type":"Feature","geometry":{"type":"Point","coordinates":[4.767563,52.39551]},"properties":{"type":"charge","layer":"passenger","locationId":"27622c42-f409-4cbc-bf79-6c4c679245d0","name":"TNLP010943 - Heining 3, Amsterdam","address":"3 Heining","city":"Amsterdam","operatorName":"TotalEnergies","maxPowerKw":17,"isMegawatt":false,"status":"AVAILABLE","source":"ndw"}},{"type":"Feature","geometry":{"type":"Point","coordinates":[4.864584,52.372543]},"properties":{"type":"charge","layer":"passenger","locationId":"279a01bb-ea06-481c-9792-3ed4818e7d5d","name":"TNLP010301 - Geuzenstraat 59, Amsterdam","address":"59 Geuzenstraat","city":"Amsterdam","operatorName":"TotalEnergies","maxPowerKw":17,"isMegawatt":false,"status":"CHARGING","source":"ndw"}},{"type":"Feature","geometry":{"type":"Point","coordinates":[4.858176,52.380203]},"properties":{"type":"charge","layer":"passenger","locationId":"b25ef751-3566-491b-859a-819561ffb07e","name":"TNLP010971 - Charlotte de Bourbonstraat 29, Amsterdam","address":"29 Charlotte de Bourbonstraat","city":"Amsterdam","operatorName":"TotalEnergies","maxPowerKw":17,"isMegawatt":false,"status":"AVAILABLE","source":"ndw"}},{"type":"Feature","geometry":{"type":"Point","coordinates":[5.038794,52.30731]},"properties":{"type":"charge","layer":"passenger","locationId":"b8b5e418-b3cb-4250-b384-1c8f797e5a9b","name":"TNLP011912 - Achtergracht 34, Weesp","address":"34 Achtergracht","city":"Weesp","operatorName":"TotalEnergies","maxPowerKw":17,"isMegawatt":false,"status":"CHARGING","source":"ndw"}},{"type":"Feature","geometry":{"type":"Point","coordinates":[4.819536,52.375286]},"properties":{"type":"charge","layer":"passenger","locationId":"c54fb3c0-8b69-4956-90e4-0787aba305ab","name":"TNLP010740 - Dom H. van der Laanstraat 50, Amsterdam","address":"50 Dom H. van der Laanstraat","city":"Amsterdam","operatorName":"TotalEnergies","maxPowerKw":17,"isMegawatt":false,"status":"AVAILABLE","source":"ndw"}},{"type":"Feature","geometry":{"type":"Point","coordinates":[4.827215,52.365276]},"properties":{"type":"charge","layer":"passenger","locationId":"c707e9fe-a2b4-4bcc-b4ba-f88badf4e5f4","name":"TNLP010183 - Boymansweg 13, Amsterdam","address":"13 Boymansweg","city":"Amsterdam","operatorName":"TotalEnergies","maxPowerKw":17,"isMegawatt":false,"status":"AVAILABLE","source":"ndw"}},{"type":"Feature","geometry":{"type":"Point","coordinates":[5.058034,52.297867]},"properties":{"type":"charge","layer":"passenger","locationId":"011db8a0-2aef-4420-a310-3c5032a09949","name":"TNLP011600 - Utrechtseweg 110A, Weesp","address":"110A Utrechtseweg","city":"Weesp","operatorName":"TotalEnergies","maxPowerKw":17,"isMegawatt":false,"status":"AVAILABLE","source":"ndw"}},{"type":"Feature","geometry":{"type":"Point","coordinates":[4.855906,52.380737]},"properties":{"type":"charge","layer":"passenger","locationId":"07e6146a-a570-4337-8fbf-db80aca6c09f","name":"TNLP011415 - Bestevâerstraat 271 B, Amsterdam","address":"271 B Bestevâerstraat","city":"Amsterdam","operatorName":"TotalEnergies","maxPowerKw":17,"isMegawatt":false,"status":"CHARGING","source":"ndw"}},{"type":"Feature","geometry":{"type":"Point","coordinates":[4.794557,52.34686]},"properties":{"type":"charge","layer":"passenger","locationId":"5cf53637-aa2a-47a1-aeb9-d5c9a9bd75da","name":"TNLP011277 - Sporadenlaan 3, Amsterdam","address":"3 Sporadenlaan","city":"Amsterdam","operatorName":"TotalEnergies","maxPowerKw":17,"isMegawatt":false,"status":"AVAILABLE","source":"ndw"}},{"type":"Feature","geometry":{"type":"Point","coordinates":[4.794646,52.361492]},"properties":{"type":"charge","layer":"passenger","locationId":"e423f947-040a-4b31-a0cb-6252852229c9","name":"TNLP010784 - Reimerswaalstraat 66, Amsterdam","address":"66 Reimerswaalstraat","city":"Amsterdam","operatorName":"TotalEnergies","maxPowerKw":17,"isMegawatt":false,"status":"AVAILABLE","source":"ndw"}},{"type":"Feature","geometry":{"type":"Point","coordinates":[4.885104,52.386406]},"properties":{"type":"charge","layer":"passenger","locationId":"f1f74553-7af7-4950-84bf-d03bb389c779","name":"TNLP010034 - Eerste Breeuwersstraat 30, Amsterdam","address":"30 Eerste Breeuwersstraat","city":"Amsterdam","operatorName":"TotalEnergies","maxPowerKw":17,"isMegawatt":false,"status":"CHARGING","source":"ndw"}},{"type":"Feature","geometry":{"type":"Point","coordinates":[4.887599,52.34865]},"properties":{"type":"charge","layer":"passenger","locationId":"8af5ab0e-3687-4291-a69e-9e375b9b0e93","name":"TNLP010021 - Jozef Israëlskade 9, Amsterdam","address":"9 Jozef Israëlskade","city":"Amsterdam","operatorName":"TotalEnergies","maxPowerKw":17,"isMegawatt":false,"status":"AVAILABLE","source":"ndw"}},{"type":"Feature","geometry":{"type":"Point","coordinates":[4.863405,52.326546]},"properties":{"type":"charge","layer":"passenger","locationId":"09903b8b-8b7d-4181-b9a3-e5dcfc9d2c4b","name":"TNLP010304 - Soetendaal 62, Amsterdam","address":"62 Soetendaal","city":"Amsterdam","operatorName":"TotalEnergies","maxPowerKw":17,"isMegawatt":false,"status":"AVAILABLE","source":"ndw"}},{"type":"Feature","geometry":{"type":"Point","coordinates":[4.980483,52.322994]},"properties":{"type":"charge","layer":"passenger","locationId":"743c9a22-ba72-40f0-8149-ed2d62d9627e","name":"TNLP010802 - s-Gravendijkdreef 102, Amsterdam","address":"102 s-Gravendijkdreef","city":"Amsterdam","operatorName":"TotalEnergies","maxPowerKw":17,"isMegawatt":false,"status":"AVAILABLE","source":"ndw"}},{"type":"Feature","geometry":{"type":"Point","coordinates":[4.905838,52.36691]},"properties":{"type":"charge","layer":"passenger","locationId":"f134d1e4-11d4-419f-b432-71c8218451c4","name":"TNLP010426 - Jonas Daniel Meijerplein 27, Amsterdam","address":"27 Jonas Daniel Meijerplein","city":"Amsterdam","operatorName":"TotalEnergies","maxPowerKw":17,"isMegawatt":false,"status":"AVAILABLE","source":"ndw"}},{"type":"Feature","geometry":{"type":"Point","coordinates":[4.90921,52.34608]},"properties":{"type":"charge","layer":"passenger","locationId":"8d9f4224-c451-4bde-8a54-3d9d7414c4e3","name":"TNLP010492 - Waverstraat 48, Amsterdam","address":"48 Waverstraat","city":"Amsterdam","operatorName":"TotalEnergies","maxPowerKw":17,"isMegawatt":false,"status":"AVAILABLE","source":"ndw"}},{"type":"Feature","geometry":{"type":"Point","coordinates":[4.817102,52.37338]},"properties":{"type":"charge","layer":"passenger","locationId":"0e4e3df3-d965-4c1b-8995-1badc6af10f6","name":"TNLP010851 - Aristotelesstraat 19, Amsterdam","address":"19 Aristotelesstraat","city":"Amsterdam","operatorName":"TotalEnergies","maxPowerKw":17,"isMegawatt":false,"status":"AVAILABLE","source":"ndw"}},{"type":"Feature","geometry":{"type":"Point","coordinates":[4.856254,52.373814]},"properties":{"type":"charge","layer":"passenger","locationId":"e9faec9b-4216-4d10-aaba-4d780a199cb8","name":"TNLP010470 - Pieter van der Doesstraat 132, Amsterdam","address":"132 Pieter van der Doesstraat","city":"Amsterdam","operatorName":"TotalEnergies","maxPowerKw":17,"isMegawatt":false,"status":"CHARGING","source":"ndw"}},{"type":"Feature","geometry":{"type":"Point","coordinates":[4.881746,52.383442]},"properties":{"type":"charge","layer":"passenger","locationId":"0f50487d-3872-4229-aaaa-d643665a6d70","name":"TNLP010322 - Marnixkade 6, Amsterdam","address":"6 Marnixkade","city":"Amsterdam","operatorName":"TotalEnergies","maxPowerKw":17,"isMegawatt":false,"status":"AVAILABLE","source":"ndw"}},{"type":"Feature","geometry":{"type":"Point","coordinates":[4.911269,52.359978]},"properties":{"type":"charge","layer":"passenger","locationId":"02df80e8-4303-4d34-961f-5db75e5f9f5d","name":"TNLP010174 - Andreas Bonnstraat 6, Amsterdam","address":"6 Andreas Bonnstraat","city":"Amsterdam","operatorName":"TotalEnergies","maxPowerKw":17,"isMegawatt":false,"status":"AVAILABLE","source":"ndw"}},{"type":"Feature","geometry":{"type":"Point","coordinates":[4.913908,52.34716]},"properties":{"type":"charge","layer":"passenger","locationId":"f9c179e3-2607-4734-bcfb-4a658c1c830a","name":"TNLP010274 - Weesperzijde 159, Amsterdam","address":"159 Weesperzijde","city":"Amsterdam","operatorName":"TotalEnergies","maxPowerKw":17,"isMegawatt":false,"status":"AVAILABLE","source":"ndw"}},{"type":"Feature","geometry":{"type":"Point","coordinates":[5.021341,52.317442]},"properties":{"type":"charge","layer":"passenger","locationId":"OST23P0043_0045_0","name":"OST23P0043_0045_0","address":"Flevolaan 70","city":"Weesp","operatorName":"e-VOLTT","maxPowerKw":4,"isMegawatt":false,"status":"AVAILABLE","source":"ndw","priceKwh":0.45}},{"type":"Feature","geometry":{"type":"Point","coordinates":[4.87291,52.378254]},"properties":{"type":"charge","layer":"passenger","locationId":"fbf3d995-d3cb-4886-9a31-37e49d3248b4","name":"TNLP010632 - Zaagmolenstraat 32, Amsterdam","address":"32 Zaagmolenstraat","city":"Amsterdam","operatorName":"TotalEnergies","maxPowerKw":17,"isMegawatt":false,"status":"AVAILABLE","source":"ndw"}},{"type":"Feature","geometry":{"type":"Point","coordinates":[4.851021,52.365376]},"properties":{"type":"charge","layer":"passenger","locationId":"26bcdeae-c572-430d-b67d-4b1ff6f4ae8b","name":"TNLP010406 - Van Middellandtstraat 2, Amsterdam","address":"2 Van Middellandtstraat","city":"Amsterdam","operatorName":"TotalEnergies","maxPowerKw":17,"isMegawatt":false,"status":"AVAILABLE","source":"ndw"}},{"type":"Feature","geometry":{"type":"Point","coordinates":[4.944111,52.32531]},"properties":{"type":"charge","layer":"passenger","locationId":"13b85551-c721-4c43-82ae-4aacfee08b73","name":"TNLP010407 - Dalsteindreef 96, Amsterdam","address":"96 Dalsteindreef","city":"Amsterdam","operatorName":"TotalEnergies","maxPowerKw":17,"isMegawatt":false,"status":"AVAILABLE","source":"ndw"}},{"type":"Feature","geometry":{"type":"Point","coordinates":[5.04075,52.31615]},"properties":{"type":"charge","layer":"passenger","locationId":"2e7691b2-6cc1-4a45-8379-b21c1ae66751","name":"TNLP011528 - Jakop Slegthof 2, Weesp","address":"2 Jakop Slegthof","city":"Weesp","operatorName":"TotalEnergies","maxPowerKw":17,"isMegawatt":false,"status":"AVAILABLE","source":"ndw"}},{"type":"Feature","geometry":{"type":"Point","coordinates":[4.867362,52.3253]},"properties":{"type":"charge","layer":"passenger","locationId":"76f5652b-1fe6-42cb-9c15-4eadc8c83b70","name":"TNLP011320 - Rooswijck 74, Amsterdam","address":"74 Rooswijck","city":"Amsterdam","operatorName":"TotalEnergies","maxPowerKw":17,"isMegawatt":false,"status":"AVAILABLE","source":"ndw"}},{"type":"Feature","geometry":{"type":"Point","coordinates":[4.856992,52.331966]},"properties":{"type":"charge","layer":"passenger","locationId":"796b49c2-0dba-4b2f-964b-fafcd1697946","name":"TNLP011323 - Amstelveenseweg 758, Amsterdam","address":"758 Amstelveenseweg","city":"Amsterdam","operatorName":"TotalEnergies","maxPowerKw":17,"isMegawatt":false,"status":"AVAILABLE","source":"ndw"}},{"type":"Feature","geometry":{"type":"Point","coordinates":[4.852091,52.38042]},"properties":{"type":"charge","layer":"passenger","locationId":"a5132431-548d-4148-b0b3-e308786661d0","name":"TNLP011898 - Hertspieghelweg 18 III, Amsterdam","address":"18 III Hertspieghelweg","city":"Amsterdam","operatorName":"TotalEnergies","maxPowerKw":17,"isMegawatt":false,"status":"AVAILABLE","source":"ndw"}},{"type":"Feature","geometry":{"type":"Point","coordinates":[4.93571,52.3704]},"properties":{"type":"charge","layer":"passenger","locationId":"a8c7e33d-0b10-42bb-93b0-7ab58f2f10fa","name":"TNLP010927 - Dirk Vreekenstraat 137, Amsterdam","address":"137 Dirk Vreekenstraat","city":"Amsterdam","operatorName":"TotalEnergies","maxPowerKw":17,"isMegawatt":false,"status":"AVAILABLE","source":"ndw"}},{"type":"Feature","geometry":{"type":"Point","coordinates":[4.883713,52.355778]},"properties":{"type":"charge","layer":"passenger","locationId":"ce11cbe2-18da-4e8c-a983-cff1c8b82d3c","name":"TNLP010831 - Johannes Vermeerstraat 28, Amsterdam","address":"28 Johannes Vermeerstraat","city":"Amsterdam","operatorName":"TotalEnergies","maxPowerKw":17,"isMegawatt":false,"status":"CHARGING","source":"ndw"}},{"type":"Feature","geometry":{"type":"Point","coordinates":[4.907786,52.352367]},"properties":{"type":"charge","layer":"passenger","locationId":"3ea11957-ce1c-4244-aecf-bb8f8af05267","name":"TNLP011086 - Lutmastraat 271, Amsterdam","address":"271 Lutmastraat","city":"Amsterdam","operatorName":"TotalEnergies","maxPowerKw":17,"isMegawatt":false,"status":"AVAILABLE","source":"ndw"}},{"type":"Feature","geometry":{"type":"Point","coordinates":[4.806419,52.379803]},"properties":{"type":"charge","layer":"passenger","locationId":"d89c6dc1-e32e-41c6-808a-e30e4c157006","name":"TNLP011218 - Dr. H. Colijnstraat 433, Amsterdam","address":"433 Dr. H. Colijnstraat","city":"Amsterdam","operatorName":"TotalEnergies","maxPowerKw":17,"isMegawatt":false,"status":"AVAILABLE","source":"ndw"}},{"type":"Feature","geometry":{"type":"Point","coordinates":[4.876781,52.399258]},"properties":{"type":"charge","layer":"passenger","locationId":"OST20P0044_0014_3","name":"OST20P0044_0014_3","address":"Danzigerkade 15","city":"Amsterdam","operatorName":"e-VOLTT","maxPowerKw":21,"isMegawatt":false,"status":"AVAILABLE","source":"ndw","priceKwh":0.32}},{"type":"Feature","geometry":{"type":"Point","coordinates":[4.776893,52.390668]},"properties":{"type":"charge","layer":"passenger","locationId":"647dbdfafe6464001c677753","name":"Consolidated Rechts","address":"Vaalmuiden  6","city":"Amsterdam","operatorName":"E-Flux by Road","maxPowerKw":22,"isMegawatt":false,"status":"AVAILABLE","source":"ndw","priceKwh":0.58}},{"type":"Feature","geometry":{"type":"Point","coordinates":[4.887964,52.345005]},"properties":{"type":"charge","layer":"passenger","locationId":"5f0d4cb4-dbe7-4edf-bc2f-5fc6887b9a25","name":"TNLP010773 - Volkerakstraat 48, Amsterdam","address":"48 Volkerakstraat","city":"Amsterdam","operatorName":"TotalEnergies","maxPowerKw":17,"isMegawatt":false,"status":"CHARGING","source":"ndw"}},{"type":"Feature","geometry":{"type":"Point","coordinates":[4.994706,52.301144]},"properties":{"type":"charge","layer":"passenger","locationId":"0928d601-d100-4372-bada-7fa3c4101d5f","name":"TNLP010524 - Jacob Krüsestraat 2, Amsterdam","address":"2 Jacob Krüsestraat","city":"Amsterdam","operatorName":"TotalEnergies","maxPowerKw":17,"isMegawatt":false,"status":"AVAILABLE","source":"ndw"}},{"type":"Feature","geometry":{"type":"Point","coordinates":[4.809439,52.344303]},"properties":{"type":"charge","layer":"passenger","locationId":"1ec4dbf3-6d2d-4295-8cc1-534578636a79","name":"TNLP010999 - Grimbergenstraat 19, Amsterdam","address":"19 Grimbergenstraat","city":"Amsterdam","operatorName":"TotalEnergies","maxPowerKw":17,"isMegawatt":false,"status":"AVAILABLE","source":"ndw"}},{"type":"Feature","geometry":{"type":"Point","coordinates":[4.943951,52.377197]},"properties":{"type":"charge","layer":"passenger","locationId":"54cce483-919b-4b48-86ed-2097fb5f172a","name":"TNLP010788 - KNSM-laan 683, Amsterdam","address":"683 KNSM-laan","city":"Amsterdam","operatorName":"TotalEnergies","maxPowerKw":17,"isMegawatt":false,"status":"UNAVAILABLE","source":"ndw"}},{"type":"Feature","geometry":{"type":"Point","coordinates":[4.921038,52.35769]},"properties":{"type":"charge","layer":"passenger","locationId":"7bd0f3d9-868f-4d8c-a5fe-c6c724a9c19b","name":"TNLP010193 - Derde Oosterparkstraat 209, Amsterdam","address":"209 Derde Oosterparkstraat","city":"Amsterdam","operatorName":"TotalEnergies","maxPowerKw":17,"isMegawatt":false,"status":"CHARGING","source":"ndw"}},{"type":"Feature","geometry":{"type":"Point","coordinates":[4.793267,52.380276]},"properties":{"type":"charge","layer":"passenger","locationId":"151c3346-c001-40a0-8fda-84798840581c","name":"TNLP011403 - C.P.M. Rommeplantsoen 73 73, Amsterdam","address":"73 73 C.P.M. Rommeplantsoen","city":"Amsterdam","operatorName":"TotalEnergies","maxPowerKw":17,"isMegawatt":false,"status":"AVAILABLE","source":"ndw"}},{"type":"Feature","geometry":{"type":"Point","coordinates":[4.842839,52.37939]},"properties":{"type":"charge","layer":"passenger","locationId":"86c9cdbb-36be-4e38-8154-54e4ddf0dd49","name":"TNLP011442 - Jan van Schaffelaarplantsoen 33, Amsterdam","address":"33 Jan van Schaffelaarplantsoen","city":"Amsterdam","operatorName":"TotalEnergies","maxPowerKw":17,"isMegawatt":false,"status":"CHARGING","source":"ndw"}},{"type":"Feature","geometry":{"type":"Point","coordinates":[4.83336,52.37609]},"properties":{"type":"charge","layer":"passenger","locationId":"2fd25401-6896-4d3f-ac5e-e5aeab8aeee2","name":"TNLP011592 - Burgemeester van de Pollstraat 595, Amsterdam","address":"595 Burgemeester van de Pollstraat","city":"Amsterdam","operatorName":"TotalEnergies","maxPowerKw":17,"isMegawatt":false,"status":"AVAILABLE","source":"ndw"}},{"type":"Feature","geometry":{"type":"Point","coordinates":[4.867828,52.368874]},"properties":{"type":"charge","layer":"passenger","locationId":"ffcb1724-8042-4fd7-88ad-665cbdd13725","name":"TNLP010153 - Elisabeth Wolffstraat 82, Amsterdam","address":"82 Elisabeth Wolffstraat","city":"Amsterdam","operatorName":"TotalEnergies","maxPowerKw":17,"isMegawatt":false,"status":"AVAILABLE","source":"ndw"}},{"type":"Feature","geometry":{"type":"Point","coordinates":[4.945512,52.357693]},"properties":{"type":"charge","layer":"passenger","locationId":"da47af38-8cee-49b4-89ce-f5d81fd6e0fb","name":"TNLP011307 - Carolina MacGillavrylaan 99, Amsterdam","address":"99 Carolina MacGillavrylaan","city":"Amsterdam","operatorName":"TotalEnergies","maxPowerKw":17,"isMegawatt":false,"status":"AVAILABLE","source":"ndw"}},{"type":"Feature","geometry":{"type":"Point","coordinates":[4.9454,52.32088]},"properties":{"type":"charge","layer":"passenger","locationId":"0920e3eb-f69f-4384-8881-65edc48ea3ba","name":"TNLP010268 - Bernard Shawsingel 180, Amsterdam","address":"180 Bernard Shawsingel","city":"Amsterdam","operatorName":"TotalEnergies","maxPowerKw":17,"isMegawatt":false,"status":"UNAVAILABLE","source":"ndw"}},{"type":"Feature","geometry":{"type":"Point","coordinates":[4.84855,52.340034]},"properties":{"type":"charge","layer":"passenger","locationId":"2a786934-8461-4969-aed6-bf94afe4a25b","name":"TNLP010924 - Jachthavenweg 8, Amsterdam","address":"8 Jachthavenweg","city":"Amsterdam","operatorName":"TotalEnergies","maxPowerKw":17,"isMegawatt":false,"status":"CHARGING","source":"ndw"}},{"type":"Feature","geometry":{"type":"Point","coordinates":[4.90021,52.344585]},"properties":{"type":"charge","layer":"passenger","locationId":"79ade4d0-8e98-4cef-9add-6b9f6e6d2909","name":"TNLP010956 - Rooseveltlaan 76, Amsterdam","address":"76 Rooseveltlaan","city":"Amsterdam","operatorName":"TotalEnergies","maxPowerKw":17,"isMegawatt":false,"status":"CHARGING","source":"ndw"}},{"type":"Feature","geometry":{"type":"Point","coordinates":[4.898287,52.33932]},"properties":{"type":"charge","layer":"passenger","locationId":"8c170a6a-9f19-47e1-bcf7-eecec0cf6a6c","name":"TNLP010354 - Stichtstraat 25, Amsterdam","address":"25 Stichtstraat","city":"Amsterdam","operatorName":"TotalEnergies","maxPowerKw":17,"isMegawatt":false,"status":"AVAILABLE","source":"ndw"}},{"type":"Feature","geometry":{"type":"Point","coordinates":[4.866999,52.325451]},"properties":{"type":"charge","layer":"passenger","locationId":"9ca90afb-84eb-4f61-9d61-25df51d35888","name":"TNLP010214","address":"Rooswijck 5","city":"Amsterdam","operatorName":"TotalEnergies","maxPowerKw":17,"isMegawatt":false,"status":"AVAILABLE","source":"ndw"}},{"type":"Feature","geometry":{"type":"Point","coordinates":[4.932638,52.39298]},"properties":{"type":"charge","layer":"passenger","locationId":"7fcc884c-d185-42c0-84cc-98db4efcd311","name":"TNLP011216 - Waddendijk 79, Amsterdam","address":"79 Waddendijk","city":"Amsterdam","operatorName":"TotalEnergies","maxPowerKw":17,"isMegawatt":false,"status":"AVAILABLE","source":"ndw"}},{"type":"Feature","geometry":{"type":"Point","coordinates":[4.889139,52.345722]},"properties":{"type":"charge","layer":"passenger","locationId":"8d4544df-415a-413f-9a62-faaad9be60ed","name":"TNLP011376 - Eendrachtstraat 1, Amsterdam","address":"1 Eendrachtstraat","city":"Amsterdam","operatorName":"TotalEnergies","maxPowerKw":17,"isMegawatt":false,"status":"AVAILABLE","source":"ndw"}},{"type":"Feature","geometry":{"type":"Point","coordinates":[4.870818,52.324577]},"properties":{"type":"charge","layer":"passenger","locationId":"cdee2992-a3db-454e-a244-21b5be224072","name":"TNLP011068 - Van Boshuizenstraat 691, Amsterdam","address":"691 Van Boshuizenstraat","city":"Amsterdam","operatorName":"TotalEnergies","maxPowerKw":17,"isMegawatt":false,"status":"AVAILABLE","source":"ndw"}},{"type":"Feature","geometry":{"type":"Point","coordinates":[4.794571,52.37863]},"properties":{"type":"charge","layer":"passenger","locationId":"34a26590-3a02-4e91-9d2d-6e82a0a328ab","name":"TNLP010643 - Cort van der Lindenkade 104, Amsterdam","address":"104 Cort van der Lindenkade","city":"Amsterdam","operatorName":"TotalEnergies","maxPowerKw":17,"isMegawatt":false,"status":"AVAILABLE","source":"ndw"}},{"type":"Feature","geometry":{"type":"Point","coordinates":[4.874865,52.363934]},"properties":{"type":"charge","layer":"passenger","locationId":"4d5b7c54-8db7-4cbe-9490-a6f5bbe25d23","name":"TNLP010310 - Tweede Helmersstraat 99, Amsterdam","address":"99 Tweede Helmersstraat","city":"Amsterdam","operatorName":"TotalEnergies","maxPowerKw":17,"isMegawatt":false,"status":"AVAILABLE","source":"ndw"}},{"type":"Feature","geometry":{"type":"Point","coordinates":[4.966544,52.407394]},"properties":{"type":"charge","layer":"passenger","locationId":"c1248d04-ddd9-4bfc-a16a-38cd46706884","name":"TNLP010275 - Torenven 24, Amsterdam","address":"24 Torenven","city":"Amsterdam","operatorName":"TotalEnergies","maxPowerKw":17,"isMegawatt":false,"status":"AVAILABLE","source":"ndw"}},{"type":"Feature","geometry":{"type":"Point","coordinates":[4.822005,52.375706]},"properties":{"type":"charge","layer":"passenger","locationId":"251be008-ed76-4d82-af31-28132ee662b7","name":"TNLP010772 - Willem Kloosstraat 3, Amsterdam","address":"3 Willem Kloosstraat","city":"Amsterdam","operatorName":"TotalEnergies","maxPowerKw":17,"isMegawatt":false,"status":"AVAILABLE","source":"ndw"}},{"type":"Feature","geometry":{"type":"Point","coordinates":[4.97982,52.360245]},"properties":{"type":"charge","layer":"passenger","locationId":"8cf340ba-58ae-4e87-bba3-35d794210413","name":"TNLP011321 - James Bradleystraat 15, Amsterdam","address":"15 James Bradleystraat","city":"Amsterdam","operatorName":"TotalEnergies","maxPowerKw":17,"isMegawatt":false,"status":"AVAILABLE","source":"ndw"}},{"type":"Feature","geometry":{"type":"Point","coordinates":[4.924325,52.351303]},"properties":{"type":"charge","layer":"passenger","locationId":"e84448f8-870b-46d8-83e9-3d1af07aedaa","name":"TNLP011590 - James Wattstraat 62, Amsterdam","address":"62 James Wattstraat","city":"Amsterdam","operatorName":"TotalEnergies","maxPowerKw":17,"isMegawatt":false,"status":"AVAILABLE","source":"ndw"}},{"type":"Feature","geometry":{"type":"Point","coordinates":[4.876438,52.342136]},"properties":{"type":"charge","layer":"passenger","locationId":"eb135df1-d120-4d5e-b3c2-0c6ccfe3b2a3","name":"TNLP010549 - Beethovenstraat 186, Amsterdam","address":"186 Beethovenstraat","city":"Amsterdam","operatorName":"TotalEnergies","maxPowerKw":17,"isMegawatt":false,"status":"CHARGING","source":"ndw"}},{"type":"Feature","geometry":{"type":"Point","coordinates":[4.855271,52.35414]},"properties":{"type":"charge","layer":"passenger","locationId":"933073d9-14ff-4d17-b767-39a65793609f","name":"TNLP010556 - Eerste Schinkelstraat 2, Amsterdam","address":"2 Eerste Schinkelstraat","city":"Amsterdam","operatorName":"TotalEnergies","maxPowerKw":17,"isMegawatt":false,"status":"AVAILABLE","source":"ndw"}},{"type":"Feature","geometry":{"type":"Point","coordinates":[4.942459,52.373913]},"properties":{"type":"charge","layer":"passenger","locationId":"d1a53a30-4f7f-41db-ba77-cb5f0df38db8","name":"TNLP010428 - Ertskade 151, Amsterdam","address":"151 Ertskade","city":"Amsterdam","operatorName":"TotalEnergies","maxPowerKw":17,"isMegawatt":false,"status":"CHARGING","source":"ndw"}},{"type":"Feature","geometry":{"type":"Point","coordinates":[4.788418,52.390183]},"properties":{"type":"charge","layer":"passenger","locationId":"6572fc916b1af0001ce28073","name":"Perfect Vloerenonderhoud - Station","address":"Bolstoen  5C","city":"Amsterdam","operatorName":"Lanova Laadpalen","maxPowerKw":11,"isMegawatt":false,"status":"AVAILABLE","source":"ndw","priceKwh":0.58}},{"type":"Feature","geometry":{"type":"Point","coordinates":[4.876781,52.399258]},"properties":{"type":"charge","layer":"passenger","locationId":"OST20P0044_0014_6","name":"OST20P0044_0014_6","address":"Danzigerkade 15","city":"Amsterdam","operatorName":"e-VOLTT","maxPowerKw":21,"isMegawatt":false,"status":"AVAILABLE","source":"ndw","priceKwh":0.32}},{"type":"Feature","geometry":{"type":"Point","coordinates":[4.847717,52.392703]},"properties":{"type":"charge","layer":"passenger","locationId":"65aa958de4f2c4001c229c9d","name":"Equity Estate - Quarter Plaza","address":"Transformatorweg  74-104","city":"Amsterdam","operatorName":"E-Flux by Road","maxPowerKw":21,"isMegawatt":false,"status":"AVAILABLE","source":"ndw","priceKwh":0.49}},{"type":"Feature","geometry":{"type":"Point","coordinates":[4.878032,52.39066]},"properties":{"type":"charge","layer":"passenger","locationId":"1c1eaefa-b101-483c-9882-da9e0dc2a9a3","name":"TNLP010123 - Knollendamstraat 2, Amsterdam","address":"2 Knollendamstraat","city":"Amsterdam","operatorName":"TotalEnergies","maxPowerKw":17,"isMegawatt":false,"status":"AVAILABLE","source":"ndw"}},{"type":"Feature","geometry":{"type":"Point","coordinates":[5.04421,52.297188]},"properties":{"type":"charge","layer":"passenger","locationId":"8194b368-93c7-47ea-8bc2-d56884eea90a","name":"TNLP011183 - Meeuwenveld 7, Weesp","address":"7 Meeuwenveld","city":"Weesp","operatorName":"TotalEnergies","maxPowerKw":17,"isMegawatt":false,"status":"AVAILABLE","source":"ndw"}},{"type":"Feature","geometry":{"type":"Point","coordinates":[4.923141,52.347878]},"properties":{"type":"charge","layer":"passenger","locationId":"0d1adbf0-e9d9-424b-929f-d4e4464504fd","name":"TNLP010016 - Schagerlaan 3, Amsterdam","address":"3 Schagerlaan","city":"Amsterdam","operatorName":"TotalEnergies","maxPowerKw":17,"isMegawatt":false,"status":"AVAILABLE","source":"ndw"}},{"type":"Feature","geometry":{"type":"Point","coordinates":[4.868835,52.345993]},"properties":{"type":"charge","layer":"passenger","locationId":"3f7e9604-145f-46f4-ab58-2b4995c1b027","name":"TNLP010387 - Milletstraat 60, Amsterdam","address":"60 Milletstraat","city":"Amsterdam","operatorName":"TotalEnergies","maxPowerKw":17,"isMegawatt":false,"status":"UNAVAILABLE","source":"ndw"}},{"type":"Feature","geometry":{"type":"Point","coordinates":[4.907163,52.364506]},"properties":{"type":"charge","layer":"passenger","locationId":"ad9545f4-bcad-44b0-a26e-1ebb44185a08","name":"TNLP010191 - Nieuwe Kerkstraat 105, Amsterdam","address":"105 Nieuwe Kerkstraat","city":"Amsterdam","operatorName":"TotalEnergies","maxPowerKw":17,"isMegawatt":false,"status":"AVAILABLE","source":"ndw"}},{"type":"Feature","geometry":{"type":"Point","coordinates":[4.914759,52.354719]},"properties":{"type":"charge","layer":"passenger","locationId":"658d52e5-8ca0-4e29-848c-44aa34be1246","name":"TNLP010299","address":"Olmenweg 2","city":"Amsterdam","operatorName":"TotalEnergies","maxPowerKw":17,"isMegawatt":false,"status":"UNAVAILABLE","source":"ndw"}},{"type":"Feature","geometry":{"type":"Point","coordinates":[4.864742,52.37333]},"properties":{"type":"charge","layer":"passenger","locationId":"bf6bb4f2-2908-4620-9624-5291967b79e3","name":"TNLP010543 - Geuzenstraat 98, Amsterdam","address":"98 Geuzenstraat","city":"Amsterdam","operatorName":"TotalEnergies","maxPowerKw":17,"isMegawatt":false,"status":"AVAILABLE","source":"ndw"}},{"type":"Feature","geometry":{"type":"Point","coordinates":[4.928722,52.355081]},"properties":{"type":"charge","layer":"passenger","locationId":"60ba102a28d15f517301c16d","name":"Middenweg 1, Kapelle","address":"Middenweg 1","city":"Kapelle","operatorName":"E-Flux by Road","maxPowerKw":22,"isMegawatt":false,"status":"AVAILABLE","source":"ndw","priceKwh":0.23}},{"type":"Feature","geometry":{"type":"Point","coordinates":[4.923216,52.40875]},"properties":{"type":"charge","layer":"passenger","locationId":"b3a27df9-a7e7-4e39-991d-f92f7026b538","name":"TNLP010252 - Grootzeilhof 90, Amsterdam","address":"90 Grootzeilhof","city":"Amsterdam","operatorName":"TotalEnergies","maxPowerKw":17,"isMegawatt":false,"status":"CHARGING","source":"ndw"}},{"type":"Feature","geometry":{"type":"Point","coordinates":[4.875232,52.356075]},"properties":{"type":"charge","layer":"passenger","locationId":"b3045405-45c9-4c54-8486-f1010699cf5d","name":"TNLP010106 - Jacob Obrechtstraat 26, Amsterdam","address":"26 Jacob Obrechtstraat","city":"Amsterdam","operatorName":"TotalEnergies","maxPowerKw":17,"isMegawatt":false,"status":"AVAILABLE","source":"ndw"}},{"type":"Feature","geometry":{"type":"Point","coordinates":[4.856576,52.339275]},"properties":{"type":"charge","layer":"passenger","locationId":"NLENV210m","name":"Amsterdam, Burgerweeshuispad 201 - T100 Tripolis","address":"Burgerweeshuispad 201","city":"Amsterdam","operatorName":"","maxPowerKw":11,"isMegawatt":false,"status":"AVAILABLE","source":"ndw","priceKwh":0.45}},{"type":"Feature","geometry":{"type":"Point","coordinates":[4.856576,52.339275]},"properties":{"type":"charge","layer":"passenger","locationId":"NLENV210l","name":"Amsterdam, Burgerweeshuispad 201 - Uber Tripolis","address":"Burgerweeshuispad 201","city":"Amsterdam","operatorName":"","maxPowerKw":11,"isMegawatt":false,"status":"AVAILABLE","source":"ndw","priceKwh":0.45}},{"type":"Feature","geometry":{"type":"Point","coordinates":[4.892463,52.423023]},"properties":{"type":"charge","layer":"passenger","locationId":"be15e2dc-1a25-4351-8f6e-c7f1377bbe47","name":"TNLP010803 - Dijkbraak 3, Amsterdam","address":"3 Dijkbraak","city":"Amsterdam","operatorName":"TotalEnergies","maxPowerKw":17,"isMegawatt":false,"status":"AVAILABLE","source":"ndw"}},{"type":"Feature","geometry":{"type":"Point","coordinates":[4.895124,52.342735]},"properties":{"type":"charge","layer":"passenger","locationId":"4c0e38de-df8e-4203-b21a-aa25d3afceda","name":"TNLP010498 - Rooseveltlaan 228, Amsterdam","address":"228 Rooseveltlaan","city":"Amsterdam","operatorName":"TotalEnergies","maxPowerKw":17,"isMegawatt":false,"status":"AVAILABLE","source":"ndw"}},{"type":"Feature","geometry":{"type":"Point","coordinates":[4.888057,52.423195]},"properties":{"type":"charge","layer":"passenger","locationId":"5a80ed4a-3b44-4de7-a525-e869f7696bae","name":"TNLP010860 - Butskopweg 15, Amsterdam","address":"15 Butskopweg","city":"Amsterdam","operatorName":"TotalEnergies","maxPowerKw":17,"isMegawatt":false,"status":"CHARGING","source":"ndw"}},{"type":"Feature","geometry":{"type":"Point","coordinates":[4.866415,52.344776]},"properties":{"type":"charge","layer":"passenger","locationId":"924a6575-3509-430c-8b51-3f2ce4907fd0","name":"TNLP010993 - Patroclosstraat 17, Amsterdam","address":"17 Patroclosstraat","city":"Amsterdam","operatorName":"TotalEnergies","maxPowerKw":17,"isMegawatt":false,"status":"CHARGING","source":"ndw"}},{"type":"Feature","geometry":{"type":"Point","coordinates":[4.884727,52.35792]},"properties":{"type":"charge","layer":"passenger","locationId":"18a65d98-3e63-4dce-89f4-6956991dbbb5","name":"TNLP010457 - Honthorststraat 19, Amsterdam","address":"19 Honthorststraat","city":"Amsterdam","operatorName":"TotalEnergies","maxPowerKw":17,"isMegawatt":false,"status":"UNAVAILABLE","source":"ndw"}},{"type":"Feature","geometry":{"type":"Point","coordinates":[4.900167,52.342674]},"properties":{"type":"charge","layer":"passenger","locationId":"9b572de1-4fa5-47f8-81bb-0be777beb4b0","name":"TNLP010370 - Griftstraat 2, Amsterdam","address":"2 Griftstraat","city":"Amsterdam","operatorName":"TotalEnergies","maxPowerKw":17,"isMegawatt":false,"status":"AVAILABLE","source":"ndw"}},{"type":"Feature","geometry":{"type":"Point","coordinates":[4.93812,52.347176]},"properties":{"type":"charge","layer":"passenger","locationId":"3cae2798-9326-41a0-9d79-4509e383a3aa","name":"TNLP011518 - Jennerstraat 35, Amsterdam","address":"35 Jennerstraat","city":"Amsterdam","operatorName":"TotalEnergies","maxPowerKw":17,"isMegawatt":false,"status":"AVAILABLE","source":"ndw"}},{"type":"Feature","geometry":{"type":"Point","coordinates":[4.916498,52.351875]},"properties":{"type":"charge","layer":"passenger","locationId":"ebac8194-4053-490b-a1a8-5faa370ed250","name":"TNLP011873 - Afrikanerplein 144, Amsterdam","address":"144 Afrikanerplein","city":"Amsterdam","operatorName":"TotalEnergies","maxPowerKw":17,"isMegawatt":false,"status":"AVAILABLE","source":"ndw"}},{"type":"Feature","geometry":{"type":"Point","coordinates":[4.854729,52.35933]},"properties":{"type":"charge","layer":"passenger","locationId":"01c4b719-7f1a-4c1b-8017-60ab03ba7fe7","name":"TNLP010256 - Paramariboplein 2, Amsterdam","address":"2 Paramariboplein","city":"Amsterdam","operatorName":"TotalEnergies","maxPowerKw":17,"isMegawatt":false,"status":"AVAILABLE","source":"ndw"}},{"type":"Feature","geometry":{"type":"Point","coordinates":[5.027431,52.31135]},"properties":{"type":"charge","layer":"passenger","locationId":"a4472041-96e4-4fc5-9d57-cca3a8d7f7db","name":"TNLP011451 - Hogeweyselaan 73, Weesp","address":"73 Hogeweyselaan","city":"Weesp","operatorName":"TotalEnergies","maxPowerKw":17,"isMegawatt":false,"status":"CHARGING","source":"ndw"}},{"type":"Feature","geometry":{"type":"Point","coordinates":[4.85108,52.38189]},"properties":{"type":"charge","layer":"passenger","locationId":"07d733f5-8185-471f-9036-e6dfeeebe742","name":"TNLP010160 - Hertspieghelweg 86, Amsterdam","address":"86 Hertspieghelweg","city":"Amsterdam","operatorName":"TotalEnergies","maxPowerKw":17,"isMegawatt":false,"status":"AVAILABLE","source":"ndw"}},{"type":"Feature","geometry":{"type":"Point","coordinates":[4.847643,52.389595]},"properties":{"type":"charge","layer":"passenger","locationId":"662d30f7-5f21-45b3-8fe5-6df6b5063a66","name":"TNLP010980 - Kabelweg 22, Amsterdam","address":"22 Kabelweg","city":"Amsterdam","operatorName":"TotalEnergies","maxPowerKw":17,"isMegawatt":false,"status":"AVAILABLE","source":"ndw"}},{"type":"Feature","geometry":{"type":"Point","coordinates":[4.869692,52.377686]},"properties":{"type":"charge","layer":"passenger","locationId":"eae65fb7-b45a-4f18-a3fe-bd3ea3da42ab","name":"TNLP010790 - Visseringstraat 19, Amsterdam","address":"19 Visseringstraat","city":"Amsterdam","operatorName":"TotalEnergies","maxPowerKw":17,"isMegawatt":false,"status":"AVAILABLE","source":"ndw"}},{"type":"Feature","geometry":{"type":"Point","coordinates":[4.909681,52.363956]},"properties":{"type":"charge","layer":"passenger","locationId":"66607e37-c2a6-45bf-be89-f6031f670ab8","name":"TNLP011517 - Nieuwe Prinsengracht 102, Amsterdam","address":"102 Nieuwe Prinsengracht","city":"Amsterdam","operatorName":"TotalEnergies","maxPowerKw":17,"isMegawatt":false,"status":"CHARGING","source":"ndw"}},{"type":"Feature","geometry":{"type":"Point","coordinates":[4.936004,52.302465]},"properties":{"type":"charge","layer":"passenger","locationId":"67656fc4387b26bf6f4f8c33","name":"FVA (Amsterdam)","address":"Klokkenbergweg  15","city":"Amsterdam","operatorName":"Kia Nederland B.V.","maxPowerKw":40,"isMegawatt":false,"status":"AVAILABLE","source":"ndw","priceKwh":0.78}},{"type":"Feature","geometry":{"type":"Point","coordinates":[4.870378,52.352905]},"properties":{"type":"charge","layer":"passenger","locationId":"0bb97040-e449-40b9-adce-514709f3b03b","name":"TNLP010307 - Emmastraat 33, Amsterdam","address":"33 Emmastraat","city":"Amsterdam","operatorName":"TotalEnergies","maxPowerKw":17,"isMegawatt":false,"status":"AVAILABLE","source":"ndw"}},{"type":"Feature","geometry":{"type":"Point","coordinates":[4.993309,52.295303]},"properties":{"type":"charge","layer":"passenger","locationId":"4905b703-6bee-4c24-a1ca-a86e4b93be29","name":"TNLP010998 - Wethouder van Wijckstraat 100, Amsterdam","address":"100 Wethouder van Wijckstraat","city":"Amsterdam","operatorName":"TotalEnergies","maxPowerKw":17,"isMegawatt":false,"status":"AVAILABLE","source":"ndw"}},{"type":"Feature","geometry":{"type":"Point","coordinates":[4.794425,52.401276]},"properties":{"type":"charge","layer":"passenger","locationId":"655c7116081194001cd42adc","name":"AEB (SI) - Amsterdam","address":"Australiëhavenweg 21","city":"Amsterdam","operatorName":"Fleet Charge Services","maxPowerKw":22,"isMegawatt":false,"status":"AVAILABLE","source":"ndw","priceKwh":0.33}},{"type":"Feature","geometry":{"type":"Point","coordinates":[4.902897,52.392041]},"properties":{"type":"charge","layer":"passenger","locationId":"6929c24ac3bd020448ca1b37","name":"Yotel - Amsterdam","address":"Asterweg 33","city":"Amsterdam","operatorName":"Pluq","maxPowerKw":22,"isMegawatt":false,"status":"AVAILABLE","source":"ndw","priceKwh":0.4}},{"type":"Feature","geometry":{"type":"Point","coordinates":[4.91163,52.41531]},"properties":{"type":"charge","layer":"passenger","locationId":"a85c6ccc-3616-487a-b07b-eda1a387960f","name":"IJdoornlaan 2001","address":"IJdoornlaan 2001","city":"Amsterdam","operatorName":"Vattenfall InCharge","maxPowerKw":50,"isMegawatt":false,"status":"AVAILABLE","source":"ndw"}},{"type":"Feature","geometry":{"type":"Point","coordinates":[5.017079,52.351238]},"properties":{"type":"charge","layer":"passenger","locationId":"666c358253e295001cf6c171","name":"kris kozijn 's station","address":"pierre laufferstraat 1","city":"amsterdam","operatorName":"E-Flux by Road","maxPowerKw":11,"isMegawatt":false,"status":"AVAILABLE","source":"ndw","priceKwh":0.68}},{"type":"Feature","geometry":{"type":"Point","coordinates":[4.886198,52.334398]},"properties":{"type":"charge","layer":"passenger","locationId":"NLENV318","name":"Amsterdam, Boelelaan 7","address":"De Boelelaan 7","city":"Amsterdam","operatorName":"","maxPowerKw":11,"isMegawatt":false,"status":"AVAILABLE","source":"ndw","priceKwh":0.5}},{"type":"Feature","geometry":{"type":"Point","coordinates":[4.906914,52.364246]},"properties":{"type":"charge","layer":"passenger","locationId":"6968c5d7f84719da2a242604","name":"Zoku Amsterdam parking","address":"Weesperstraat 105","city":"Amsterdam","operatorName":"E-Flux by Road","maxPowerKw":11,"isMegawatt":false,"status":"AVAILABLE","source":"ndw","priceKwh":0.43}},{"type":"Feature","geometry":{"type":"Point","coordinates":[4.82908,52.407941]},"properties":{"type":"charge","layer":"passenger","locationId":"6674396d4f0042001ccdf4ae","name":"Allicht Laadpaal","address":"Westhavenweg 58 F","city":"Amsterdam","operatorName":"E-Flux by Road","maxPowerKw":22,"isMegawatt":false,"status":"UNAVAILABLE","source":"ndw"}},{"type":"Feature","geometry":{"type":"Point","coordinates":[4.850432,52.347643]},"properties":{"type":"charge","layer":"passenger","locationId":"6694d3838312b4001c133637","name":"Schinkel Propco BV","address":"Rijnsburgstraat  9-11","city":"Amsterdam","operatorName":"E-Flux by Road","maxPowerKw":22,"isMegawatt":false,"status":"AVAILABLE","source":"ndw","priceKwh":0.42}},{"type":"Feature","geometry":{"type":"Point","coordinates":[4.925265,52.345166]},"properties":{"type":"charge","layer":"passenger","locationId":"6666f26e7c88be001c6276ed","name":"Hotel V Fizeaustraat B.V.","address":"Fizeaustraat 2","city":"Amsterdam","operatorName":"Pluq","maxPowerKw":17,"isMegawatt":false,"status":"AVAILABLE","source":"ndw","priceKwh":0.6}},{"type":"Feature","geometry":{"type":"Point","coordinates":[5.072142,52.295718]},"properties":{"type":"charge","layer":"passenger","locationId":"643663adb20217001263aaea","name":"Stoeterij frá Skoti","address":"Horn 25a","city":"Weesp","operatorName":"E-Flux by Road","maxPowerKw":11,"isMegawatt":false,"status":"AVAILABLE","source":"ndw","priceKwh":0.48}},{"type":"Feature","geometry":{"type":"Point","coordinates":[4.876781,52.399258]},"properties":{"type":"charge","layer":"passenger","locationId":"OST20P0044_0014_5","name":"OST20P0044_0014_5","address":"Danzigerkade 15","city":"Amsterdam","operatorName":"e-VOLTT","maxPowerKw":21,"isMegawatt":false,"status":"AVAILABLE","source":"ndw","priceKwh":0.32}},{"type":"Feature","geometry":{"type":"Point","coordinates":[4.919229,52.377027]},"properties":{"type":"charge","layer":"passenger","locationId":"691b1fff874f477459023a3b","name":"Funda Real Estate B.V.","address":"Piet Heinkade 167","city":"Amsterdam","operatorName":"E-Flux by Road","maxPowerKw":11,"isMegawatt":false,"status":"AVAILABLE","source":"ndw","priceKwh":0.53}},{"type":"Feature","geometry":{"type":"Point","coordinates":[4.8777,52.33721]},"properties":{"type":"charge","layer":"passenger","locationId":"NLENV229","name":"Amsterdam, Beethovenstraat 301 - Valley","address":"Beethovenstraat 301","city":"Amsterdam","operatorName":"","maxPowerKw":11,"isMegawatt":false,"status":"AVAILABLE","source":"ndw","priceKwh":0.5}},{"type":"Feature","geometry":{"type":"Point","coordinates":[4.856576,52.339275]},"properties":{"type":"charge","layer":"passenger","locationId":"NLENV210k","name":"Amsterdam, Burgerweeshuispad 201 - DBBW Tripolis","address":"Burgerweeshuispad 201","city":"Amsterdam","operatorName":"","maxPowerKw":11,"isMegawatt":false,"status":"AVAILABLE","source":"ndw","priceKwh":0.45}},{"type":"Feature","geometry":{"type":"Point","coordinates":[4.856576,52.339275]},"properties":{"type":"charge","layer":"passenger","locationId":"NLENV210","name":"Amsterdam, Burgerweeshuispad 201 - DBBW client Tripolis","address":"Burgerweeshuispad 201","city":"Amsterdam","operatorName":"","maxPowerKw":11,"isMegawatt":false,"status":"AVAILABLE","source":"ndw"}},{"type":"Feature","geometry":{"type":"Point","coordinates":[4.932252,52.400756]},"properties":{"type":"charge","layer":"passenger","locationId":"NLENV530","name":"Amsterdam, Buikslotermeerplein 1600","address":"Buikslotermeerplein 1600","city":"Amsterdam","operatorName":"","maxPowerKw":11,"isMegawatt":false,"status":"AVAILABLE","source":"ndw","priceKwh":0.5}},{"type":"Feature","geometry":{"type":"Point","coordinates":[4.834794,52.385745]},"properties":{"type":"charge","layer":"passenger","locationId":"668567d9a580c9001cfcaf45","name":"Urban Lodge Hotel / Arlanda Hotelexploitatie","address":"Arlandaweg 10","city":"Amsterdam","operatorName":"Pluq","maxPowerKw":22,"isMegawatt":false,"status":"AVAILABLE","source":"ndw","priceKwh":0.35}},{"type":"Feature","geometry":{"type":"Point","coordinates":[4.838475,52.355156]},"properties":{"type":"charge","layer":"passenger","locationId":"NLENV224","name":"Amsterdam, Kon. Wilhelminapln 10 - OKU House De Ranitz","address":"Koningin Wilhelminaplein","city":"Amsterdam","operatorName":"","maxPowerKw":11,"isMegawatt":false,"status":"AVAILABLE","source":"ndw","priceKwh":0.5}},{"type":"Feature","geometry":{"type":"Point","coordinates":[4.95771,52.294839]},"properties":{"type":"charge","layer":"passenger","locationId":"6729fea8e4118e25f85d7056","name":"Laadpunt P2A - Locatie AMC","address":"Meibergdreef 9","city":"Amsterdam","operatorName":"E-Flux by Road","maxPowerKw":11,"isMegawatt":false,"status":"CHARGING","source":"ndw","priceKwh":0.62}},{"type":"Feature","geometry":{"type":"Point","coordinates":[4.7735,52.355706]},"properties":{"type":"charge","layer":"passenger","locationId":"64beb732-27b5-4f8a-8bdf-aa0dcd5a8fa2","name":"Fogostraat","address":"Fogostraat 8","city":"Amsterdam","operatorName":"Vattenfall InCharge","maxPowerKw":50,"isMegawatt":false,"status":"UNAVAILABLE","source":"ndw"}},{"type":"Feature","geometry":{"type":"Point","coordinates":[4.863575,52.379973]},"properties":{"type":"charge","layer":"passenger","locationId":"9fa9a512-2e27-44db-9689-33e052e8f4d0","name":"Jan van Galenstraat 4","address":"Jan van Galenstraat 4","city":"Amsterdam","operatorName":"Vattenfall InCharge","maxPowerKw":22,"isMegawatt":false,"status":"AVAILABLE","source":"ndw"}},{"type":"Feature","geometry":{"type":"Point","coordinates":[4.906971,52.363142]},"properties":{"type":"charge","layer":"passenger","locationId":"NLENV301","name":"Amsterdam, Weesperstraat 113","address":"Weesperstraat 113","city":"Amsterdam","operatorName":"","maxPowerKw":11,"isMegawatt":false,"status":"AVAILABLE","source":"ndw","priceKwh":0.5}},{"type":"Feature","geometry":{"type":"Point","coordinates":[4.91264,52.416629]},"properties":{"type":"charge","layer":"freight","locationId":"32429","name":"Circle K Amsterdam inz Kadoelen","address":"Vorticellaweg 2","city":"Amsterdam","operatorName":"Spirii","maxPowerKw":400,"isMegawatt":false,"status":"AVAILABLE","source":"ndw","priceKwh":0.65,"freightKind":"hpc","freightReason":"power"}},{"type":"Feature","geometry":{"type":"Point","coordinates":[4.800124,52.396173]},"properties":{"type":"charge","layer":"freight","locationId":"5225","name":"Shell Recharge NL7402 - Shell Westpoort Truck only","address":"Galwin 6","city":"Amsterdam","operatorName":"Shell Recharge","maxPowerKw":400,"isMegawatt":false,"status":"AVAILABLE","source":"ndw","priceKwh":0.7025,"freightKind":"dedicated","freightReason":"truck-name"}},{"type":"Feature","geometry":{"type":"Point","coordinates":[4.982887,52.313339]},"properties":{"type":"charge","layer":"freight","locationId":"32411","name":"Circle K Kromwijkdreef","address":"Kromwijkdreef 20b","city":"Amsterdam","operatorName":"Spirii","maxPowerKw":400,"isMegawatt":false,"status":"AVAILABLE","source":"ndw","priceKwh":0.65,"freightKind":"hpc","freightReason":"power"}},{"type":"Feature","geometry":{"type":"Point","coordinates":[4.970372,52.36919]},"properties":{"type":"charge","layer":"freight","locationId":"65d339483adc28001cd1a6ee","name":"Esso Vissers Kriterion Amsterdam","address":"IJburglaan 11","city":"Amsterdam","operatorName":"Tanx","maxPowerKw":396,"isMegawatt":false,"status":"AVAILABLE","source":"ndw","priceKwh":0.6,"freightKind":"hpc","freightReason":"power"}},{"type":"Feature","geometry":{"type":"Point","coordinates":[5.042201,52.313835]},"properties":{"type":"charge","layer":"freight","locationId":"32417","name":"Circle K Weesp inz Leeuwenveld","address":"Leeuwenveldseweg 21","city":"Weesp","operatorName":"Spirii","maxPowerKw":400,"isMegawatt":false,"status":"AVAILABLE","source":"ndw","priceKwh":0.65,"freightKind":"hpc","freightReason":"power"}},{"type":"Feature","geometry":{"type":"Point","coordinates":[4.769162,52.354505]},"properties":{"type":"charge","layer":"freight","locationId":"619f67ae2e354c0134ce45b7","name":"Shell Recharge Zwart","address":"Ookmeerweg  501","city":"Amsterdam","operatorName":"E-Flux by Road","maxPowerKw":400,"isMegawatt":false,"status":"AVAILABLE","source":"ndw","priceKwh":0.68,"freightKind":"hpc","freightReason":"power"}},{"type":"Feature","geometry":{"type":"MultiPolygon","coordinates":[[[[4.996894734040293,52.31764256996235],[4.997424569346034,52.31673592276079],[4.99709006746162,52.31445586359224],[4.997296853530035,52.31419581149418],[4.9974551440503925,52.31424634084367],[4.997859321189485,52.31397907370968],[4.998078172317928,52.31403507374317],[5.016132661646647,52.324512315232774],[5.016652236538308,52.32298709457632],[5.017931828680572,52.32319253674697],[5.0184229869146115,52.324339102093475],[5.017272262923238,52.33018688927281],[5.021586338408945,52.33086251188457],[5.028951837851461,52.330769837766844],[5.039793747340447,52.32902710731444],[5.043951325787655,52.327960385014784],[5.044800400498257,52.327473429082296],[5.044394067673489,52.32714905507881],[5.0455938391220645,52.326767986301014],[5.049065461324712,52.32699180203861],[5.058210149765638,52.32481708706859],[5.061512685330142,52.32367492604879],[5.061107820229572,52.32210571900269],[5.06151824136393,52.32180090816271],[5.060124985577163,52.32107171315009],[5.056740895026393,52.3195996522162],[5.059091981203738,52.317052537104615],[5.0580339693094665,52.31668348430676],[5.058339146919169,52.31631751766534],[5.062535309001393,52.31764224536322],[5.0632973108173855,52.31821076568683],[5.065258603981683,52.319181738818266],[5.065720025241951,52.32048183268481],[5.064686044930218,52.32200614641833],[5.06932483821824,52.32167645539682],[5.075392954892287,52.31914542459575],[5.091652466395229,52.31464417300192],[5.093075985925564,52.314150510884545],[5.092106225141394,52.31302356378968],[5.094617989955107,52.31242658174499],[5.100566309792176,52.31029662887611],[5.096482121312358,52.307292832790374],[5.095770381882435,52.303761994017435],[5.096793089803948,52.30043691376159],[5.098942949461796,52.298696881172674],[5.1019712614299015,52.29780445106102],[5.106265797857436,52.29833630983711],[5.107673843912598,52.297291866045136],[5.106064537722699,52.29466875385411],[5.102918135462399,52.2944679726021],[5.099353413974422,52.29280377904769],[5.09847296917741,52.29163642908213],[5.098714428810059,52.29057398562952],[5.104645500272596,52.28538496161624],[5.104297492723237,52.28325552090361],[5.10281584793027,52.28238386099985],[5.1020871990468,52.281704036322566],[5.102065276271631,52.27989115698849],[5.087703523569711,52.28168524729907],[5.08461484293295,52.279407837760644],[5.077081216417788,52.27797695285002],[5.064875124082567,52.27826569155866],[5.063811689940872,52.278577417768304],[5.065324656243586,52.27965968869839],[5.06388474215798,52.27997600419981],[5.064411586114435,52.28073794177315],[5.065857687424273,52.2805376685407],[5.065862524468313,52.28114021960486],[5.065470656891869,52.28519848026473],[5.064791039174213,52.28508086775846],[5.063424976851938,52.28705542888389],[5.059539425442354,52.28932044472288],[5.052737130330969,52.28650856336099],[5.0504193156029125,52.2878630030508],[5.042777672527396,52.28248848470782],[5.040741252551458,52.28387536945126],[5.039520327162669,52.283263648211985],[5.0332114353480035,52.286258437335015],[5.030527391122696,52.28848750609616],[5.024380568474632,52.28135780220263],[5.02282541677103,52.282150783716745],[5.021866138297645,52.2826536195479],[5.021542170961115,52.302457121846565],[5.017701310313531,52.30271575576456],[5.016173159699203,52.303143149213355],[5.014263557680055,52.30367718715807],[5.012718695774712,52.30358440446725],[5.007950911732124,52.30154883322607],[5.0052637559257045,52.29839311952958],[5.003764070553211,52.29834077599172],[5.003244681600137,52.29639659621353],[5.003238907835259,52.29601822738203],[5.001850207621342,52.29587906721807],[5.001756835409493,52.2927728651477],[4.997474308976086,52.28911867895273],[4.983504882311181,52.29036845220841],[4.971850061196005,52.28436866166406],[4.971838525575415,52.284361035452314],[4.9703713077372695,52.28348776000829],[4.967575565108171,52.27956199494303],[4.965800914043409,52.280649231591816],[4.962631470552065,52.28029168231659],[4.961052750350602,52.27817456275634],[4.956570658271682,52.278666008678314],[4.955239692764816,52.27830526050004],[4.953873226382125,52.28003062734135],[4.943197588652943,52.29235727098842],[4.939242724551777,52.2969398445651],[4.930255583140229,52.30642998931887],[4.9294149712173825,52.30782911699581],[4.929908070199647,52.30810390189853],[4.929327547924224,52.30853231344379],[4.929425024807702,52.308627560149695],[4.930325526573013,52.3091883944654],[4.930064487144147,52.309340197491004],[4.934136944997807,52.31190368872158],[4.936111570473455,52.312580912455346],[4.9352283230081895,52.31388895366615],[4.937773455580069,52.31476454997858],[4.938723139764865,52.31509124511812],[4.938451195504998,52.31565499930609],[4.938040835659308,52.3165056644274],[4.939829603875118,52.317119753947075],[4.940330705385187,52.318302466758304],[4.939584017757913,52.31911993660947],[4.940205996720136,52.319333225524744],[4.9402214899179615,52.31933853920307],[4.941042076575707,52.31961995062975],[4.939926166118134,52.321936154340186],[4.937618319680967,52.323299527711065],[4.937960266131281,52.32412249439308],[4.938528178525034,52.32419737928821],[4.939151485696418,52.324666295191186],[4.940495768433459,52.32567755633216],[4.9418741787272085,52.326153026824535],[4.9447153803244115,52.32712985173148],[4.947657847250122,52.32813841424942],[4.948119757855344,52.32762963457013],[4.952674810773805,52.322644198181244],[4.956710696175857,52.32403094329588],[4.95675057830976,52.324044791122695],[4.967540264633463,52.327757742395576],[4.97027315274498,52.32617996206996],[4.97047266035933,52.326288154602736],[4.9706635803588695,52.3263831971803],[4.975306156785085,52.33056182657678],[4.977135287910449,52.330642931563524],[4.977736052159866,52.331026731194505],[4.980110101962624,52.330906598379386],[4.983945700357753,52.33066936937267],[4.98618094423099,52.329719998877515],[4.9896026769172135,52.3275478955995],[4.991670742112256,52.32443787205818],[4.996894734040293,52.31764256996235]]],[[[4.99939841771926,52.34625549091611],[4.998337146051391,52.34846189585472],[5.004964280934094,52.34614366793726],[5.007526839690385,52.34441970853901],[5.005132484636377,52.34417098515181],[4.99939841771926,52.34625549091611]]],[[[5.001552092109194,52.36682285741267],[5.014525177256275,52.36797147217223],[5.012749832820143,52.36729379418077],[5.001995379592446,52.36627991066634],[5.001552092109194,52.36682285741267]]],[[[5.0125388986966914,52.372390462259695],[5.012975481040186,52.37300025529483],[5.013234694601051,52.37308877560686],[5.014562815312386,52.372956621594994],[5.0147860687161305,52.372615622425556],[5.014470179435576,52.37175768561334],[5.014066182323983,52.37165855124084],[5.013218477991266,52.37166921694074],[5.0125388986966914,52.372390462259695]]],[[[4.809938924768416,52.42302437888131],[4.826606003019188,52.420921197186544],[4.827723025330919,52.42078428199142],[4.842637291585746,52.41879872664509],[4.8560773410033695,52.41666236341405],[4.859857047540775,52.42047390168223],[4.857828691768407,52.42398418320322],[4.857946923483983,52.42471732257576],[4.862210540358119,52.42856239478249],[4.8627014386216185,52.42959951412249],[4.862804365584229,52.42962279819954],[4.862676803188224,52.42994154690644],[4.864186488891788,52.43026442194055],[4.864205799671077,52.43037481254206],[4.865013098737878,52.43054949690412],[4.865256381325581,52.430543585115586],[4.865969826729935,52.43067889713135],[4.869543461537141,52.42984668284368],[4.871460917134531,52.43010151021296],[4.873205851124093,52.429549422647405],[4.8736208521436675,52.428465018195205],[4.8765728678669635,52.42622813886904],[4.878992773038774,52.42569654038449],[4.881647017004864,52.42566435102761],[4.886861490143003,52.42556256706853],[4.8876837578322085,52.425585702954244],[4.888141922896721,52.42561827363092],[4.892682553386325,52.42542388285991],[4.89873898216289,52.42446153426868],[4.898740285909736,52.42448995854876],[4.905690754341815,52.422130063731395],[4.907452364431148,52.421256820589775],[4.90807338951081,52.421102271877295],[4.907961432117143,52.42087385692225],[4.9086760396189,52.42071521834535],[4.90965954067273,52.42024943003019],[4.9142998647346365,52.41849709010695],[4.9156618982438385,52.41857074358201],[4.9204494968488905,52.416607183865985],[4.922744899063687,52.415529830493604],[4.9307150129136765,52.411607709407676],[4.9351414144885855,52.41203989526141],[4.942645885919704,52.4138600988103],[4.944778962918252,52.41501829757923],[4.947787666041382,52.421562367297405],[4.948806251768378,52.42146447061062],[4.9496819265950505,52.42198366854083],[4.951480444456404,52.421929866056686],[4.951721086234403,52.422507139381665],[4.9513393021366845,52.42322863946255],[4.952328259501258,52.42352369399785],[4.953558285529057,52.42225675109598],[4.955776174100895,52.42243204814072],[4.956004332208751,52.421960453302425],[4.973318808274188,52.42279742323811],[4.976237273782326,52.42402608310717],[4.982635402065783,52.426762370349714],[4.9871004462233515,52.422841765331675],[4.989099127372002,52.42330657135635],[4.990404509735187,52.424518363653426],[4.990487924166759,52.425429936975554],[4.995577014088879,52.42547128224323],[5.000291728626658,52.425406778584865],[5.018203971107407,52.41905957334087],[5.021144614419857,52.42105483783113],[5.028356152358436,52.4194164365282],[5.029726632742484,52.41770683290621],[5.030043626592635,52.4156435117637],[5.032933037651278,52.416462859195185],[5.035236903598149,52.41825099655722],[5.0401079615224305,52.41730725654916],[5.049175945359275,52.415129273860636],[5.065411341923559,52.41723943109709],[5.06826231836466,52.41655808392892],[5.067268465576878,52.41342211248366],[5.0576328788186515,52.414816443027874],[5.052209324217181,52.41318099540109],[5.046253498914335,52.40673336606853],[5.037477168435981,52.40425203054228],[5.03131055990667,52.40068258954364],[5.0293069886944055,52.398498114082365],[5.024877015909454,52.38794780829108],[5.01893623383053,52.38650260406112],[5.017483960258073,52.38452944064997],[5.016161880063607,52.384241045112816],[5.014198435074796,52.38457260948615],[5.012971850807114,52.38423948609842],[5.013069085221076,52.383479654304324],[5.010851049543205,52.38306147642178],[5.0112321744558574,52.38216046873363],[5.012998933323921,52.38231844232628],[5.013496926288934,52.38183422522733],[5.013566162226945,52.378679403084135],[5.01168023442758,52.373632495655805],[5.008482212501759,52.37257166515333],[5.001329517592819,52.3752252463457],[4.999924817497495,52.37830995926273],[4.998729971871156,52.37871765493069],[4.994101481919272,52.377621912634076],[4.993573701266331,52.37830126059715],[4.998018237955759,52.379493964225205],[4.998101957938438,52.37941086826162],[4.998430249846508,52.37950544388265],[4.9982831065993825,52.379794973614096],[4.991881359219206,52.377990605187186],[4.9913316478870655,52.3777506925219],[4.991712479488337,52.377449803269],[4.99178082749713,52.377253981426236],[4.991758502389523,52.37720074947648],[4.991420622686344,52.37721261680035],[4.989662842463561,52.37759734335915],[4.983763950535211,52.374032914243706],[4.981648285974509,52.373462661741],[4.980146340520903,52.373700540176756],[4.978499556297705,52.375765677138666],[4.974615446342367,52.37895511835804],[4.973964954564643,52.37944219377235],[4.974117950141349,52.3787336503967],[4.974357047556694,52.37411378297838],[4.974070951035607,52.37193706675834],[4.980316661331435,52.36904971962144],[4.978727406579049,52.3687324104833],[4.973662234594718,52.368572895668706],[4.973286597904548,52.36756150421648],[4.976856366064634,52.365266411234565],[4.9809173592385125,52.36329799902085],[4.98355289035985,52.364385711154625],[4.983515236305888,52.364725162792695],[4.9838625651722595,52.36475136205484],[4.983925625601298,52.36453953362598],[4.984738858878258,52.36487513593559],[4.984223340779159,52.3652180159563],[4.984690430774014,52.365672993034444],[4.990775632284606,52.36377119468641],[4.990623733304199,52.3636507806248],[4.990238360308985,52.36378724735942],[4.989080614672387,52.362964753183356],[4.989392675341219,52.36279067135882],[4.98660894333481,52.36081681105202],[4.98580079420749,52.36123900743783],[4.985397179709118,52.360917071477715],[4.9862954254185246,52.3604292755577],[4.986171204637802,52.36031877025577],[4.986627194796597,52.36008351980836],[4.987083391594237,52.35986209313116],[4.987390513333546,52.35996522805759],[4.987697189555244,52.359785942171115],[4.992076559759813,52.36165808406263],[4.997145393522805,52.35936455320418],[5.005756699244512,52.35481080501977],[5.006132671703012,52.355057157373764],[5.00658640813471,52.35481911497021],[5.006242489063787,52.354553867297234],[5.009516074802332,52.35325538171678],[5.013552734406274,52.35454528830955],[5.0137803468640145,52.3551255202944],[5.014033117879591,52.35517863289247],[5.014403477238297,52.35481711461947],[5.015248286947506,52.355087035911104],[5.019821127024256,52.356325766930226],[5.020418905816567,52.35647179463794],[5.020508356103826,52.35609730991784],[5.0211254178981335,52.355467869589596],[5.021251547180144,52.354101860536964],[5.020595821217062,52.35386867574285],[5.018258210347968,52.35378207505863],[5.017179160913251,52.35400922924713],[5.01650127524153,52.353675279926776],[5.019102295162128,52.35038211735746],[5.018806817058866,52.349885913661886],[5.015147100690384,52.348611958166515],[5.015511456469355,52.34795044221207],[5.015147673995268,52.34782864413889],[5.015293605536972,52.34763377109576],[5.015118003700797,52.347433523868126],[5.014776914407689,52.34784105653663],[5.014329086392785,52.34780817068455],[5.014159361882105,52.347564411464674],[5.014570083130889,52.34706964528064],[5.009087486771474,52.345037037639635],[5.003626441324797,52.347808327278365],[4.998793662442423,52.35079753962738],[4.999191810640336,52.35107748061477],[4.999083688459122,52.35113569608015],[4.999012914660847,52.351172652272915],[4.997558384949564,52.3503065305092],[4.991876360065162,52.35288205616325],[4.989314765470719,52.35471714389878],[4.99019882566405,52.354930335091204],[4.9867204142419785,52.35663964918471],[4.986523385516704,52.35800359567714],[4.987368934438354,52.3581642100558],[4.989027622654828,52.35730037742837],[4.989433508891718,52.3573768844186],[4.989900514433358,52.35712957713327],[4.99002824440454,52.357214611222865],[4.988133243455929,52.358240176365605],[4.988195537226886,52.3586405793496],[4.986097612191831,52.35979326284171],[4.9847145081122655,52.360328025745616],[4.980460357908242,52.35856603404074],[4.9794301250454875,52.359478902922646],[4.979732926601673,52.359640354890665],[4.978419312498109,52.36082284886294],[4.977167598374113,52.36031426287753],[4.976200939843721,52.36108714772948],[4.975393243377501,52.36077056846873],[4.974214563867077,52.36183099443178],[4.977687329204491,52.364261415914626],[4.976385984865788,52.364995740321056],[4.974355986786961,52.36581139993985],[4.971649998141117,52.364898204234485],[4.970358599538921,52.363276780498495],[4.9689505351082826,52.3608549051621],[4.974104826873665,52.360685851658815],[4.974154849113191,52.3580491810424],[4.975170032729762,52.35721325674522],[4.984381755945296,52.35811119005623],[4.985742969398233,52.35762657982945],[4.985128192551326,52.35537145969678],[4.991427982432914,52.35242373565167],[4.9943960099247615,52.35003036514009],[4.995790933430892,52.34981088967717],[4.996998490961727,52.34869492887387],[4.998394601803935,52.346346221832974],[5.002535632068064,52.344115423975246],[5.005812863302989,52.34355549342749],[5.010639395776504,52.3441012610909],[5.012303318408372,52.34384643799024],[5.0122571764207855,52.34380127611778],[5.009067418981604,52.34189155061917],[5.004161138140434,52.342577646390396],[4.999319605280254,52.3415364617522],[4.99834211098455,52.34201145432753],[4.989911509967188,52.34646084631841],[4.983802734955567,52.34971003701147],[4.980361288807645,52.35154424100777],[4.976708149432128,52.353491984545045],[4.972479643820476,52.355456440907005],[4.9695937716506355,52.35610176568543],[4.969312794618649,52.35561031610119],[4.969500510893287,52.355576996279034],[4.9695214058787975,52.3554982660028],[4.968873128613061,52.355153734472296],[4.966238875160494,52.3541638558781],[4.965856136395225,52.35465124446453],[4.964537534221084,52.35277328174519],[4.960427586892412,52.34793597949167],[4.960376313848473,52.34788582837356],[4.956359775404378,52.34368011397219],[4.956266986209952,52.34358696005464],[4.952730077900426,52.34015874037741],[4.952498313117899,52.340006851495986],[4.949700477843318,52.338727562921925],[4.949859310548102,52.33852835308899],[4.943747482854476,52.33674100865955],[4.943797507366373,52.336712480351565],[4.943004994220423,52.33657448597255],[4.942596181608506,52.33652121711086],[4.94172031582258,52.33640709411869],[4.941704731922781,52.3355329797437],[4.939673809735732,52.33560764276444],[4.9365108771327355,52.33459209566644],[4.935622926563798,52.335514059351645],[4.9342198769328975,52.33549611368895],[4.92849256784552,52.33655491379855],[4.926769212888678,52.335964683285276],[4.926941286132301,52.3357766913271],[4.9257726242765845,52.335372823960974],[4.925361960556219,52.33538148400147],[4.924945356617045,52.33538289687096],[4.9237645602961075,52.335442774007255],[4.922549756589058,52.33308430222793],[4.917482582992052,52.33153663466334],[4.912931075454717,52.33051052924533],[4.913264919586988,52.32840107626706],[4.913264938456311,52.32840095770433],[4.913591877239767,52.3263332423586],[4.913880686298998,52.324551668828335],[4.911099576480926,52.32409813343437],[4.91033357435127,52.32356646110548],[4.911342760622607,52.32288426461024],[4.910806478060496,52.32188317198948],[4.914280895391874,52.32040812790464],[4.912375025803687,52.31824816978083],[4.90913472257084,52.31825335673702],[4.907839989393826,52.31950500193102],[4.902531825411115,52.321324500137585],[4.898280078924382,52.32164412037654],[4.896291139808407,52.322420005096866],[4.89515791270785,52.3224065084667],[4.894915115418664,52.32242125419541],[4.8930078117358,52.322369668626386],[4.882176518107963,52.32216419164449],[4.878117132838045,52.32209239769438],[4.878106870481032,52.32209221603622],[4.869354509271267,52.32193684818114],[4.869143280993633,52.321933050322166],[4.869141732401486,52.32193302377007],[4.861485192516031,52.3218028436442],[4.857641142592565,52.32173656820602],[4.85759982795628,52.32142191588317],[4.856754537859513,52.32141348358024],[4.856466106942343,52.321765060075634],[4.856334027736575,52.321762382530224],[4.856390665783193,52.32493052843481],[4.856523040095824,52.32941414623517],[4.855942089336031,52.33025539600282],[4.847987086767925,52.33056705415223],[4.847623136468603,52.330071453737126],[4.845111586163631,52.32973486258326],[4.843960546256077,52.33021867404135],[4.840475295502448,52.32957654623587],[4.83947608181141,52.32914589608289],[4.839404889431591,52.32735956540344],[4.825178425742356,52.325731251179135],[4.818752187798921,52.32556050286256],[4.817121129149457,52.32692535834391],[4.81640365401841,52.32740605487086],[4.803047726585973,52.33303298119191],[4.798796528109875,52.334800414741096],[4.79821566978616,52.3350419410639],[4.797325692119152,52.33559667666483],[4.791101543702349,52.341500406078524],[4.78080397760941,52.34584639262617],[4.773295796565222,52.34892181142162],[4.767392004152676,52.35126878585877],[4.755683059838876,52.35615026081174],[4.754836377862259,52.35790754781817],[4.755880084766037,52.36180772251506],[4.757836302271469,52.36871832242755],[4.758473738095446,52.371093347281715],[4.758379623832573,52.37401548400951],[4.756717116022964,52.37783793448848],[4.757255690303847,52.3779786909069],[4.75912394867539,52.37932941255933],[4.759077247368544,52.38094084875086],[4.75895188172015,52.384117720432926],[4.758512680436996,52.387193984674276],[4.758307510137688,52.387895301321386],[4.7582977317294795,52.38794881284865],[4.75785680660934,52.39658758422758],[4.757481272631896,52.39688292043053],[4.728758226044917,52.40071145301527],[4.738566178693907,52.42922283355206],[4.739207509864497,52.431063954001914],[4.750084795164417,52.429636693682454],[4.753204562109355,52.42924105200529],[4.764755486855397,52.427777764144366],[4.767537272166605,52.42849826827925],[4.783479751810193,52.42641354962286],[4.809938924768416,52.42302437888131]],[[4.959555425115057,52.366461431255864],[4.958222071578882,52.3661690800995],[4.958259103866963,52.366011689884125],[4.958310993994199,52.36580693806555],[4.961077240307161,52.36599289045022],[4.962300652230902,52.36470065498354],[4.962270150776245,52.36420181370407],[4.961324801458974,52.36368207425618],[4.9683461094517805,52.36095483113407],[4.9697398271282065,52.36352677179464],[4.970212967485921,52.364884235523405],[4.968428018970634,52.366734068372374],[4.9698865883148935,52.368214449346794],[4.969159258358493,52.36861800740403],[4.962300541746379,52.3685669473387],[4.958007864605579,52.36842633228813],[4.958175756437439,52.36686798213677],[4.959686531586654,52.36714254164937],[4.959555425115057,52.366461431255864]],[[4.961318717315953,52.38166304793207],[4.961182003464495,52.38156307186132],[4.9616355362381785,52.38134634279197],[4.9616221781287635,52.38131850136074],[4.961218955252123,52.38148524134519],[4.96115242707677,52.38141470507581],[4.961078694282372,52.38133324351281],[4.96140377993028,52.381167352852735],[4.961371603703884,52.38115140990057],[4.960881528102594,52.38135411510407],[4.960741129582004,52.38123414568279],[4.96084743721724,52.38118475209058],[4.960841321426368,52.381157415682374],[4.960296278293953,52.38138968050901],[4.960198370558005,52.38131035209685],[4.960374413128312,52.381234005590635],[4.959965005160335,52.380968195149286],[4.959592150780744,52.38093251215797],[4.95899118339446,52.38106845514934],[4.958863765760926,52.38095895162041],[4.959137992476722,52.3808420797931],[4.958757206325211,52.380609062146],[4.961866501764208,52.379783501517934],[4.96174186648469,52.37960942122176],[4.958834393116444,52.380377703261715],[4.958704642152482,52.38016291861968],[4.961631994425043,52.37938766396707],[4.961388167231619,52.37905740411847],[4.961148152998628,52.37912707604382],[4.96125300043419,52.379284791197655],[4.9599642346578205,52.379643717726395],[4.959859536233547,52.37946970733424],[4.964783304202789,52.37683929841982],[4.972245933683924,52.37291764946402],[4.973631406095393,52.372176813199225],[4.973939542159814,52.37433576253265],[4.9734551279395,52.37837150958767],[4.972838345847604,52.37982557112959],[4.969386545541641,52.37926712723854],[4.968603268463179,52.379321011312534],[4.963294562664785,52.38358586109539],[4.961163936326852,52.38180280654002],[4.961502506533877,52.381653136508184],[4.961451823514217,52.381605418605865],[4.961318717315953,52.38166304793207]]]]},"properties":{"type":"boundary","gemeente":"Amsterdam","code":"GM0363"}}]}