{"type":"FeatureCollection","metadata":{"gemeente":"Capelle aan den IJssel","slug":"capelle-aan-den-ijssel","code":"GM0502","generated_at":"2026-07-06T16:26:11.361Z","total_passenger":337,"total_freight":2,"bounds":[4.537185622439363,51.90620453312675,4.619488886274293,51.965491875701034],"operators":["Alva Charging Services","E-Flux by Road","EQUANS","EV Company","Eneco","Fleet Charge Services","IONITY","Laadnet","Lidl","Opcharge","Pluq","Shell Recharge","Smappee","Spirii","Tango electric","Vattenfall InCharge"]},"features":[{"type":"Feature","geometry":{"type":"Point","coordinates":[4.608378,51.932216]},"properties":{"type":"charge","layer":"passenger","locationId":"89900306","name":"EQUANS SGZH 2.0 89900306","address":"Hebriden 37","city":"Capelle aan den IJssel","operatorName":"EQUANS","maxPowerKw":11,"isMegawatt":false,"status":"AVAILABLE","source":"ndw"}},{"type":"Feature","geometry":{"type":"Point","coordinates":[4.58812,51.92736]},"properties":{"type":"charge","layer":"passenger","locationId":"90888738","name":"EQUANS SGZH 2.0 Uiverstraat 71","address":"Uiverstraat 71","city":"Capelle aan den IJssel","operatorName":"EQUANS","maxPowerKw":11,"isMegawatt":false,"status":"AVAILABLE","source":"ndw"}},{"type":"Feature","geometry":{"type":"Point","coordinates":[4.582756,51.954455]},"properties":{"type":"charge","layer":"passenger","locationId":"89262244","name":"EQUANS SGZH 2.0 Willem Marisrade 1","address":"Willem Marisrade 1","city":"Capelle aan den IJssel","operatorName":"EQUANS","maxPowerKw":11,"isMegawatt":false,"status":"CHARGING","source":"ndw"}},{"type":"Feature","geometry":{"type":"Point","coordinates":[4.579448,51.929916]},"properties":{"type":"charge","layer":"passenger","locationId":"89262186","name":"EQUANS SGZH 1.0 89262186","address":"Merelhoven 17","city":"Capelle aan den IJssel","operatorName":"EQUANS","maxPowerKw":11,"isMegawatt":false,"status":"AVAILABLE","source":"ndw"}},{"type":"Feature","geometry":{"type":"Point","coordinates":[4.565329,51.920592]},"properties":{"type":"charge","layer":"passenger","locationId":"89396930","name":"EQUANS SGZH 2.0 89396930","address":"Griegstraat 2","city":"Capelle aan den IJssel","operatorName":"EQUANS","maxPowerKw":17,"isMegawatt":false,"status":"CHARGING","source":"ndw"}},{"type":"Feature","geometry":{"type":"Point","coordinates":[4.582594,51.951546]},"properties":{"type":"charge","layer":"passenger","locationId":"89262230","name":"EQUANS SGZH 1.0 89262230","address":"Ernst Barlachrade 14","city":"Capelle aan den IJssel","operatorName":"EQUANS","maxPowerKw":11,"isMegawatt":false,"status":"AVAILABLE","source":"ndw"}},{"type":"Feature","geometry":{"type":"Point","coordinates":[4.593184,51.953027]},"properties":{"type":"charge","layer":"passenger","locationId":"89641465","name":"EQUANS SGZH 2.0 Ets 2","address":"Ets 2","city":"Capelle aan den IJssel","operatorName":"EQUANS","maxPowerKw":11,"isMegawatt":false,"status":"AVAILABLE","source":"ndw"}},{"type":"Feature","geometry":{"type":"Point","coordinates":[4.592244,51.926854]},"properties":{"type":"charge","layer":"passenger","locationId":"89262193","name":"EQUANS SGZH 1.0 89262193","address":"Kievitlaan 85","city":"Capelle aan den IJssel","operatorName":"EQUANS","maxPowerKw":11,"isMegawatt":false,"status":"AVAILABLE","source":"ndw"}},{"type":"Feature","geometry":{"type":"Point","coordinates":[4.58857,51.95273]},"properties":{"type":"charge","layer":"passenger","locationId":"91011867","name":"EQUANS SGZH 2.0 Aïda 16","address":"Aïda 16","city":"Capelle aan den IJssel","operatorName":"EQUANS","maxPowerKw":11,"isMegawatt":false,"status":"AVAILABLE","source":"ndw"}},{"type":"Feature","geometry":{"type":"Point","coordinates":[4.591756,51.933486]},"properties":{"type":"charge","layer":"passenger","locationId":"89262197","name":"EQUANS SGZH 2.0 Fluiterlaan 230","address":"Fluiterlaan 230","city":"Capelle aan den IJssel","operatorName":"EQUANS","maxPowerKw":11,"isMegawatt":false,"status":"AVAILABLE","source":"ndw"}},{"type":"Feature","geometry":{"type":"Point","coordinates":[4.611359,51.937024]},"properties":{"type":"charge","layer":"passenger","locationId":"90836216","name":"EQUANS SGZH 2.0 Rijndal 1","address":"Rijndal 1","city":"Capelle aan den IJssel","operatorName":"EQUANS","maxPowerKw":11,"isMegawatt":false,"status":"CHARGING","source":"ndw"}},{"type":"Feature","geometry":{"type":"Point","coordinates":[4.6032,51.942401]},"properties":{"type":"charge","layer":"passenger","locationId":"584","name":"Shell Recharge NL9070 - Gamma Capelle aan de IJssel","address":"Wormerhoek 4","city":"Capelle Aan Den Ijssel","operatorName":"Shell Recharge","maxPowerKw":150,"isMegawatt":false,"status":"AVAILABLE","source":"ndw","priceKwh":0.7025}},{"type":"Feature","geometry":{"type":"Point","coordinates":[4.559545,51.913265]},"properties":{"type":"charge","layer":"passenger","locationId":"89262159","name":"EQUANS SGZH 1.0 89262159","address":"Dorus Rijkersrede 2","city":"Capelle aan den IJssel","operatorName":"EQUANS","maxPowerKw":11,"isMegawatt":false,"status":"AVAILABLE","source":"ndw"}},{"type":"Feature","geometry":{"type":"Point","coordinates":[4.575882,51.921203]},"properties":{"type":"charge","layer":"passenger","locationId":"0F265AC1-B883-4592-8FA7-F58B6A95D030","name":"Eneco eMobility Parkeergarage Blinq","address":"Valeriusrondeel 690","city":"Capelle aan den IJssel","operatorName":"Eneco","maxPowerKw":22,"isMegawatt":false,"status":"AVAILABLE","source":"ndw","priceKwh":0.42}},{"type":"Feature","geometry":{"type":"Point","coordinates":[4.561556,51.939224]},"properties":{"type":"charge","layer":"passenger","locationId":"d2b320530cf74e02ab2af813ec1a3b5f","name":"Capelle a/d IJssel IJsselland Ziekenhuis ","address":"Prins Constantijnweg 2","city":"Capelle a/d IJssel","operatorName":"Opcharge","maxPowerKw":22,"isMegawatt":false,"status":"AVAILABLE","source":"ndw","priceKwh":0.44}},{"type":"Feature","geometry":{"type":"Point","coordinates":[4.572972,51.918213]},"properties":{"type":"charge","layer":"passenger","locationId":"89262174","name":"EQUANS SGZH 1.0 89262174","address":"Donizettistraat 95","city":"Capelle aan den IJssel","operatorName":"EQUANS","maxPowerKw":11,"isMegawatt":false,"status":"CHARGING","source":"ndw"}},{"type":"Feature","geometry":{"type":"Point","coordinates":[4.583331,51.95501]},"properties":{"type":"charge","layer":"passenger","locationId":"89641463","name":"EQUANS SGZH 2.0 89641463","address":"Willem Marisrade 180","city":"Capelle aan den IJssel","operatorName":"EQUANS","maxPowerKw":11,"isMegawatt":false,"status":"AVAILABLE","source":"ndw"}},{"type":"Feature","geometry":{"type":"Point","coordinates":[4.59981,51.94131]},"properties":{"type":"charge","layer":"passenger","locationId":"91333412","name":"EQUANS SGZH 2.0 Schermerhoek 190","address":"Schermerhoek 190","city":"Capelle aan den IJssel","operatorName":"EQUANS","maxPowerKw":11,"isMegawatt":false,"status":"CHARGING","source":"ndw"}},{"type":"Feature","geometry":{"type":"Point","coordinates":[4.59355,51.93163]},"properties":{"type":"charge","layer":"passenger","locationId":"91346193","name":"EQUANS SGZH 2.0 Pelikaanweg 5","address":"Pelikaanweg 5","city":"Capelle aan den IJssel","operatorName":"EQUANS","maxPowerKw":11,"isMegawatt":false,"status":"AVAILABLE","source":"ndw"}},{"type":"Feature","geometry":{"type":"Point","coordinates":[4.57265,51.923691]},"properties":{"type":"charge","layer":"passenger","locationId":"89329966","name":"EQUANS SGZH 2.0 89329966","address":"Reviusrondeel 1 A","city":"Capelle aan den IJssel","operatorName":"EQUANS","maxPowerKw":17,"isMegawatt":false,"status":"AVAILABLE","source":"ndw"}},{"type":"Feature","geometry":{"type":"Point","coordinates":[4.5662,51.91445]},"properties":{"type":"charge","layer":"passenger","locationId":"91046407","name":"EQUANS SGZH 2.0 Cornelis de Houtmanstraat 38 A","address":"Cornelis de Houtmanstraat 38 A","city":"Capelle aan den IJssel","operatorName":"EQUANS","maxPowerKw":11,"isMegawatt":false,"status":"AVAILABLE","source":"ndw"}},{"type":"Feature","geometry":{"type":"Point","coordinates":[4.582073,51.937018]},"properties":{"type":"charge","layer":"passenger","locationId":"90850356","name":"EQUANS SGZH 2.0 Rietkraag 1","address":"Rietkraag 1","city":"Capelle aan den IJssel","operatorName":"EQUANS","maxPowerKw":11,"isMegawatt":false,"status":"AVAILABLE","source":"ndw"}},{"type":"Feature","geometry":{"type":"Point","coordinates":[4.577834,51.957392]},"properties":{"type":"charge","layer":"passenger","locationId":"619cbaa169f2b4efe154a935","name":"De Hongerige Wolf","address":"de Hongerige Wolf 16","city":"Stegeren","operatorName":"E-Flux by Road","maxPowerKw":22,"isMegawatt":false,"status":"UNAVAILABLE","source":"ndw"}},{"type":"Feature","geometry":{"type":"Point","coordinates":[4.586186,51.952469]},"properties":{"type":"charge","layer":"passenger","locationId":"89178202","name":"EQUANS SGZH 2.0 89178202","address":"Henri Laurensrade 2","city":"Capelle aan den IJssel","operatorName":"EQUANS","maxPowerKw":17,"isMegawatt":false,"status":"AVAILABLE","source":"ndw"}},{"type":"Feature","geometry":{"type":"Point","coordinates":[4.566295,51.925575]},"properties":{"type":"charge","layer":"passenger","locationId":"e71a59ad-93c4-48bf-b4db-e7199dfc96b7","name":"Rhijnspoor","address":"Rhijnspoor 299","city":"Capelle a/d IJssel","operatorName":"Vattenfall InCharge","maxPowerKw":50,"isMegawatt":false,"status":"AVAILABLE","source":"ndw"}},{"type":"Feature","geometry":{"type":"Point","coordinates":[4.567049,51.922385]},"properties":{"type":"charge","layer":"passenger","locationId":"89262169","name":"EQUANS SGZH 1.0 89262169","address":"Brahmsstraat 149","city":"Capelle aan den IJssel","operatorName":"EQUANS","maxPowerKw":11,"isMegawatt":false,"status":"AVAILABLE","source":"ndw"}},{"type":"Feature","geometry":{"type":"Point","coordinates":[4.577272,51.959795]},"properties":{"type":"charge","layer":"passenger","locationId":"1C0C79AD-E5DE-4D29-8C72-32B0506C6F34","name":"Eneco eMobility Eneco Installatiebedrijven - Molenbaan Capelle","address":"Molenbaan 17","city":"Capelle aan den IJssel","operatorName":"Eneco","maxPowerKw":22,"isMegawatt":false,"status":"AVAILABLE","source":"ndw","priceKwh":0.32}},{"type":"Feature","geometry":{"type":"Point","coordinates":[4.565761,51.920859]},"properties":{"type":"charge","layer":"passenger","locationId":"89981306","name":"EQUANS SGZH 2.0 Bachstraat 82","address":"Bachstraat 82","city":"Capelle aan den IJssel","operatorName":"EQUANS","maxPowerKw":11,"isMegawatt":false,"status":"AVAILABLE","source":"ndw"}},{"type":"Feature","geometry":{"type":"Point","coordinates":[4.60265,51.936812]},"properties":{"type":"charge","layer":"passenger","locationId":"89105555","name":"EQUANS SGZH 1.0 89105555","address":"Hollandsch Diep 89","city":"Capelle aan den IJssel","operatorName":"EQUANS","maxPowerKw":11,"isMegawatt":false,"status":"AVAILABLE","source":"ndw"}},{"type":"Feature","geometry":{"type":"Point","coordinates":[4.589074,51.949425]},"properties":{"type":"charge","layer":"passenger","locationId":"90189896","name":"EQUANS SGZH 2.0 Nabucco 76","address":"Nabucco 76","city":"Capelle aan den IJssel","operatorName":"EQUANS","maxPowerKw":11,"isMegawatt":false,"status":"AVAILABLE","source":"ndw"}},{"type":"Feature","geometry":{"type":"Point","coordinates":[4.548128,51.916]},"properties":{"type":"charge","layer":"passenger","locationId":"90823776","name":"EQUANS SGZH 2.0 1e Terralaan 1","address":"1e Terralaan 1","city":"Capelle aan den IJssel","operatorName":"EQUANS","maxPowerKw":11,"isMegawatt":false,"status":"AVAILABLE","source":"ndw"}},{"type":"Feature","geometry":{"type":"Point","coordinates":[4.576642,51.954912]},"properties":{"type":"charge","layer":"passenger","locationId":"89262242","name":"EQUANS SGZH 1.0 89262242","address":"kopspoor 49","city":"Capelle aan den ijssel","operatorName":"EQUANS","maxPowerKw":11,"isMegawatt":false,"status":"AVAILABLE","source":"ndw"}},{"type":"Feature","geometry":{"type":"Point","coordinates":[4.541729,51.915334]},"properties":{"type":"charge","layer":"passenger","locationId":"4742575","name":"Laadnet Fascinatio Boulevard","address":"Fascinatio Boulevard 522","city":"Capelle aan den Ijssel","operatorName":"Laadnet","maxPowerKw":22,"isMegawatt":false,"status":"AVAILABLE","source":"ndw"}},{"type":"Feature","geometry":{"type":"Point","coordinates":[4.539143,51.918387]},"properties":{"type":"charge","layer":"passenger","locationId":"89262252","name":"EQUANS SGZH 1.0 89262252","address":"Ardalaan 26","city":"Capelle aan den IJssel","operatorName":"EQUANS","maxPowerKw":11,"isMegawatt":false,"status":"AVAILABLE","source":"ndw"}},{"type":"Feature","geometry":{"type":"Point","coordinates":[4.565466,51.952215]},"properties":{"type":"charge","layer":"passenger","locationId":"298faf89-6e5a-434c-b22b-660f47011de3","name":"Hoofdweg","address":"Hoofdweg 1","city":"Capelle a/d IJssel","operatorName":"Vattenfall InCharge","maxPowerKw":50,"isMegawatt":false,"status":"AVAILABLE","source":"ndw"}},{"type":"Feature","geometry":{"type":"Point","coordinates":[4.592402,51.934041]},"properties":{"type":"charge","layer":"passenger","locationId":"90982779","name":"EQUANS SGZH 2.0 Fluiterlaan 309","address":"Fluiterlaan 309","city":"Capelle aan den IJssel","operatorName":"EQUANS","maxPowerKw":11,"isMegawatt":false,"status":"AVAILABLE","source":"ndw"}},{"type":"Feature","geometry":{"type":"Point","coordinates":[4.5672,51.93824]},"properties":{"type":"charge","layer":"passenger","locationId":"90850319","name":"EQUANS SGZH 2.0 Zaagmolen 29","address":"Zaagmolen 29","city":"Capelle aan den IJssel","operatorName":"EQUANS","maxPowerKw":11,"isMegawatt":false,"status":"AVAILABLE","source":"ndw"}},{"type":"Feature","geometry":{"type":"Point","coordinates":[4.577264,51.923866]},"properties":{"type":"charge","layer":"passenger","locationId":"89262182","name":"EQUANS SGZH 1.0 89262182","address":"Van Maerlantpark 30","city":"Capelle aan den IJssel","operatorName":"EQUANS","maxPowerKw":11,"isMegawatt":false,"status":"AVAILABLE","source":"ndw"}},{"type":"Feature","geometry":{"type":"Point","coordinates":[4.574063,51.920575]},"properties":{"type":"charge","layer":"passenger","locationId":"89359531","name":"EQUANS SGZH 2.0 89359531","address":"Valeriusrondeel 493","city":"Capelle aan den IJssel","operatorName":"EQUANS","maxPowerKw":17,"isMegawatt":false,"status":"AVAILABLE","source":"ndw"}},{"type":"Feature","geometry":{"type":"Point","coordinates":[4.56829,51.917506]},"properties":{"type":"charge","layer":"passenger","locationId":"90384941","name":"EQUANS SGZH 2.0 Bellinistraat 50","address":"Bellinistraat 50","city":"Capelle aan den IJssel","operatorName":"EQUANS","maxPowerKw":11,"isMegawatt":false,"status":"AVAILABLE","source":"ndw"}},{"type":"Feature","geometry":{"type":"Point","coordinates":[4.58904,51.93456]},"properties":{"type":"charge","layer":"passenger","locationId":"89035149","name":"EQUANS SGZH 2.0 89035149","address":"Merellaan 354","city":"Capelle aan den IJssel","operatorName":"EQUANS","maxPowerKw":11,"isMegawatt":false,"status":"AVAILABLE","source":"ndw"}},{"type":"Feature","geometry":{"type":"Point","coordinates":[4.588061,51.950882]},"properties":{"type":"charge","layer":"passenger","locationId":"89262237","name":"EQUANS SGZH 1.0 89262237","address":"Parsifal 3","city":"Capelle aan Den ijssel","operatorName":"EQUANS","maxPowerKw":11,"isMegawatt":false,"status":"CHARGING","source":"ndw"}},{"type":"Feature","geometry":{"type":"Point","coordinates":[4.553235,51.91923]},"properties":{"type":"charge","layer":"passenger","locationId":"89150552","name":"EQUANS SGZH 1.0 89150552","address":"Onacklaan 53","city":"Capelle aan den IJssel","operatorName":"EQUANS","maxPowerKw":17,"isMegawatt":false,"status":"AVAILABLE","source":"ndw"}},{"type":"Feature","geometry":{"type":"Point","coordinates":[4.5873,51.92984]},"properties":{"type":"charge","layer":"passenger","locationId":"90167056","name":"EQUANS SGZH 2.0 Rivierweg 111","address":"Rivierweg 111","city":"Capelle aan den IJssel","operatorName":"EQUANS","maxPowerKw":11,"isMegawatt":false,"status":"AVAILABLE","source":"ndw"}},{"type":"Feature","geometry":{"type":"Point","coordinates":[4.607327,51.93316]},"properties":{"type":"charge","layer":"passenger","locationId":"89262209","name":"EQUANS SGZH 1.0 89262209","address":"Aleoeten 36","city":"Capelle aan den IJssel","operatorName":"EQUANS","maxPowerKw":11,"isMegawatt":false,"status":"AVAILABLE","source":"ndw"}},{"type":"Feature","geometry":{"type":"Point","coordinates":[4.566262,51.915951]},"properties":{"type":"charge","layer":"passenger","locationId":"90223489","name":"EQUANS SGZH 2.0 Couperinstraat 1","address":"Couperinstraat 1","city":"Capelle aan den IJssel","operatorName":"EQUANS","maxPowerKw":11,"isMegawatt":false,"status":"AVAILABLE","source":"ndw"}},{"type":"Feature","geometry":{"type":"Point","coordinates":[4.603431,51.940469]},"properties":{"type":"charge","layer":"passenger","locationId":"89262213","name":"EQUANS SGZH 1.0 89262213","address":"Woldberg 101","city":"Capelle aan den IJssel","operatorName":"EQUANS","maxPowerKw":11,"isMegawatt":false,"status":"CHARGING","source":"ndw"}},{"type":"Feature","geometry":{"type":"Point","coordinates":[4.586305,51.929767]},"properties":{"type":"charge","layer":"passenger","locationId":"89262189","name":"EQUANS SGZH 1.0 89262189","address":"Lijstersingel 15","city":"Capelle aan den IJssel","operatorName":"EQUANS","maxPowerKw":11,"isMegawatt":false,"status":"AVAILABLE","source":"ndw"}},{"type":"Feature","geometry":{"type":"Point","coordinates":[4.577518,51.951872]},"properties":{"type":"charge","layer":"passenger","locationId":"89052502","name":"EQUANS SGZH 1.0 89052502","address":"Pallieterburg 1","city":"Capelle aan den IJssel","operatorName":"EQUANS","maxPowerKw":11,"isMegawatt":false,"status":"AVAILABLE","source":"ndw"}},{"type":"Feature","geometry":{"type":"Point","coordinates":[4.593084,51.954473]},"properties":{"type":"charge","layer":"passenger","locationId":"90175530","name":"EQUANS SGZH 2.0 Aquarel 22","address":"Aquarel 22","city":"Capelle aan den IJssel","operatorName":"EQUANS","maxPowerKw":11,"isMegawatt":false,"status":"AVAILABLE","source":"ndw"}},{"type":"Feature","geometry":{"type":"Point","coordinates":[4.575756,51.947436]},"properties":{"type":"charge","layer":"passenger","locationId":"89307486","name":"EQUANS SGZH 2.0 89307486","address":"Anna Karenina erf 6","city":"Capelle aan den IJssel","operatorName":"EQUANS","maxPowerKw":17,"isMegawatt":false,"status":"CHARGING","source":"ndw"}},{"type":"Feature","geometry":{"type":"Point","coordinates":[4.611665,51.928418]},"properties":{"type":"charge","layer":"passenger","locationId":"90122427","name":"EQUANS SGZH 2.0 Paradijsselpark 185","address":"Paradijsselpark 185","city":"Capelle aan den IJssel","operatorName":"EQUANS","maxPowerKw":11,"isMegawatt":false,"status":"CHARGING","source":"ndw"}},{"type":"Feature","geometry":{"type":"Point","coordinates":[4.595936,51.939472]},"properties":{"type":"charge","layer":"passenger","locationId":"89122079","name":"EQUANS SGZH 1.0 89122079","address":"Purmerhoek 169","city":"Capelle aan den IJssel","operatorName":"EQUANS","maxPowerKw":22,"isMegawatt":false,"status":"AVAILABLE","source":"ndw"}},{"type":"Feature","geometry":{"type":"Point","coordinates":[4.586735,51.932029]},"properties":{"type":"charge","layer":"passenger","locationId":"91251965","name":"EQUANS SGZH 2.0 Buizerdhof 287","address":"Buizerdhof 287","city":"Capelle aan den IJssel","operatorName":"EQUANS","maxPowerKw":11,"isMegawatt":false,"status":"AVAILABLE","source":"ndw"}},{"type":"Feature","geometry":{"type":"Point","coordinates":[4.583377,51.957412]},"properties":{"type":"charge","layer":"passenger","locationId":"89344630","name":"EQUANS SGZH 2.0 89344630","address":"Wisselspoor 201","city":"Capelle aan den IJssel","operatorName":"EQUANS","maxPowerKw":11,"isMegawatt":false,"status":"UNAVAILABLE","source":"ndw"}},{"type":"Feature","geometry":{"type":"Point","coordinates":[4.58649,51.93329]},"properties":{"type":"charge","layer":"passenger","locationId":"89035148","name":"EQUANS SGZH 2.0 89035148","address":"Merellaan 91","city":"Capelle aan den IJssel","operatorName":"EQUANS","maxPowerKw":11,"isMegawatt":false,"status":"AVAILABLE","source":"ndw"}},{"type":"Feature","geometry":{"type":"Point","coordinates":[4.562976,51.95412]},"properties":{"type":"charge","layer":"passenger","locationId":"32410","name":"Circle K Capelle a/d IJssel - Alexandrium","address":"Capelseweg 399","city":"Capelle a/d IJssel","operatorName":"Spirii","maxPowerKw":175,"isMegawatt":false,"status":"AVAILABLE","source":"ndw","priceKwh":0.65}},{"type":"Feature","geometry":{"type":"Point","coordinates":[4.591464,51.950941]},"properties":{"type":"charge","layer":"passenger","locationId":"89127151","name":"EQUANS SGZH 1.0 89127151","address":"Evoluon 82","city":"Capelle aan den IJssel","operatorName":"EQUANS","maxPowerKw":17,"isMegawatt":false,"status":"UNAVAILABLE","source":"ndw"}},{"type":"Feature","geometry":{"type":"Point","coordinates":[4.545568,51.907285]},"properties":{"type":"charge","layer":"passenger","locationId":"49ecb541673547c88b5cf6eb7e614f91","name":"FIT Vastgoed - Rivium Promenade 138, Capelle a/d IJssel","address":"Rivium Promenade 138","city":"Capelle aan den IJssel","operatorName":"Opcharge","maxPowerKw":22,"isMegawatt":false,"status":"AVAILABLE","source":"ndw","priceKwh":0.5}},{"type":"Feature","geometry":{"type":"Point","coordinates":[4.580184,51.955384]},"properties":{"type":"charge","layer":"passenger","locationId":"91041916","name":"EQUANS SGZH 2.0 Ringspoor 164","address":"Ringspoor 164","city":"Capelle aan den IJssel","operatorName":"EQUANS","maxPowerKw":17,"isMegawatt":false,"status":"AVAILABLE","source":"ndw"}},{"type":"Feature","geometry":{"type":"Point","coordinates":[4.557564,51.918153]},"properties":{"type":"charge","layer":"passenger","locationId":"4235677","name":"Laadnet De Zellingen 01","address":"Tsjaikovskistraat 1","city":"Capelle aan den IJssel","operatorName":"Laadnet","maxPowerKw":22,"isMegawatt":false,"status":"AVAILABLE","source":"ndw"}},{"type":"Feature","geometry":{"type":"Point","coordinates":[4.580523,51.952518]},"properties":{"type":"charge","layer":"passenger","locationId":"89462524","name":"EQUANS SGZH 2.0 89462524","address":"Waldhoorn 73","city":"Capelle aan den IJssel","operatorName":"EQUANS","maxPowerKw":11,"isMegawatt":false,"status":"AVAILABLE","source":"ndw"}},{"type":"Feature","geometry":{"type":"Point","coordinates":[4.58366,51.932375]},"properties":{"type":"charge","layer":"passenger","locationId":"90924141","name":"EQUANS SGZH 2.0 Merelhoven 431","address":"Merelhoven 431","city":"Capelle aan den IJssel","operatorName":"EQUANS","maxPowerKw":11,"isMegawatt":false,"status":"AVAILABLE","source":"ndw"}},{"type":"Feature","geometry":{"type":"Point","coordinates":[4.59058,51.9291]},"properties":{"type":"charge","layer":"passenger","locationId":"89240062","name":"EQUANS SGZH 2.0 89240062","address":"Reigerlaan 213 A","city":"Capelle aan den IJssel","operatorName":"EQUANS","maxPowerKw":11,"isMegawatt":false,"status":"AVAILABLE","source":"ndw"}},{"type":"Feature","geometry":{"type":"Point","coordinates":[4.578484,51.92777]},"properties":{"type":"charge","layer":"passenger","locationId":"89150547","name":"EQUANS SGZH 1.0 89150547","address":"Louis Couperusplaats 57","city":"Capelle aan den Ijssel","operatorName":"EQUANS","maxPowerKw":17,"isMegawatt":false,"status":"CHARGING","source":"ndw"}},{"type":"Feature","geometry":{"type":"Point","coordinates":[4.59584,51.95376]},"properties":{"type":"charge","layer":"passenger","locationId":"90918869","name":"EQUANS SGZH 2.0 Lino 18","address":"Lino 18","city":"Capelle aan den IJssel","operatorName":"EQUANS","maxPowerKw":11,"isMegawatt":false,"status":"CHARGING","source":"ndw"}},{"type":"Feature","geometry":{"type":"Point","coordinates":[4.570818,51.954596]},"properties":{"type":"charge","layer":"passenger","locationId":"830","name":"Shell Recharge NL9229 - Karwei Capelle aan de IJssel","address":"Hoofdweg 11","city":"Capelle Aan Den Ijssel","operatorName":"Shell Recharge","maxPowerKw":150,"isMegawatt":false,"status":"AVAILABLE","source":"ndw","priceKwh":0.7025}},{"type":"Feature","geometry":{"type":"Point","coordinates":[4.60613,51.93955]},"properties":{"type":"charge","layer":"passenger","locationId":"91011872","name":"EQUANS SGZH 2.0 Banda Neira 4","address":"Banda Neira 4","city":"Capelle aan den IJssel","operatorName":"EQUANS","maxPowerKw":11,"isMegawatt":false,"status":"AVAILABLE","source":"ndw"}},{"type":"Feature","geometry":{"type":"Point","coordinates":[4.583963,51.962072]},"properties":{"type":"charge","layer":"passenger","locationId":"77DA3270-A4FE-4C56-9BF7-DFFCFC2D8765","name":"Eneco eMobility Cornusbaan 21 Capelle aan den IJssel","address":"Cornusbaan 21","city":"Capelle aan den IJssel","operatorName":"Eneco","maxPowerKw":22,"isMegawatt":false,"status":"AVAILABLE","source":"ndw","priceKwh":0.32}},{"type":"Feature","geometry":{"type":"Point","coordinates":[4.570314,51.950905]},"properties":{"type":"charge","layer":"passenger","locationId":"89262223","name":"EQUANS SGZH 1.0 89262223","address":"IJsdans 1","city":"Capelle aan den IJssel","operatorName":"EQUANS","maxPowerKw":11,"isMegawatt":false,"status":"AVAILABLE","source":"ndw"}},{"type":"Feature","geometry":{"type":"Point","coordinates":[4.550768,51.916221]},"properties":{"type":"charge","layer":"passenger","locationId":"0B829E6E-74F2-4B1A-AAF8-F1A587E5D320","name":"Eneco eMobility Fascinatio Boulevard 776 Capelle aan den IJssel","address":"Fascinatio Boulevard 776","city":"Capelle aan den IJssel","operatorName":"Eneco","maxPowerKw":22,"isMegawatt":false,"status":"UNAVAILABLE","source":"ndw","priceKwh":0.32}},{"type":"Feature","geometry":{"type":"Point","coordinates":[4.591582,51.927828]},"properties":{"type":"charge","layer":"passenger","locationId":"91099258","name":"EQUANS SGZH 2.0 Pluvierstraat 25 (T.O.)","address":"Pluvierstraat 25","city":"Capelle aan den IJssel","operatorName":"EQUANS","maxPowerKw":11,"isMegawatt":false,"status":"AVAILABLE","source":"ndw"}},{"type":"Feature","geometry":{"type":"Point","coordinates":[4.575722,51.919281]},"properties":{"type":"charge","layer":"passenger","locationId":"89262183","name":"EQUANS SGZH 1.0 89262183","address":"Valeriusrondeel 81","city":"Capelle aan den IJssel","operatorName":"EQUANS","maxPowerKw":11,"isMegawatt":false,"status":"AVAILABLE","source":"ndw"}},{"type":"Feature","geometry":{"type":"Point","coordinates":[4.558916,51.916126]},"properties":{"type":"charge","layer":"passenger","locationId":"89462525","name":"EQUANS SGZH 2.0 89462525","address":"Chopinstraat 146","city":"Capelle aan den IJssel","operatorName":"EQUANS","maxPowerKw":11,"isMegawatt":false,"status":"AVAILABLE","source":"ndw"}},{"type":"Feature","geometry":{"type":"Point","coordinates":[4.559264,51.917981]},"properties":{"type":"charge","layer":"passenger","locationId":"89628489","name":"EQUANS SGZH 2.0 89628489","address":"Tsjaikovskistraat 114","city":"Capelle aan den IJssel","operatorName":"EQUANS","maxPowerKw":11,"isMegawatt":false,"status":"AVAILABLE","source":"ndw"}},{"type":"Feature","geometry":{"type":"Point","coordinates":[4.592199,51.936067]},"properties":{"type":"charge","layer":"passenger","locationId":"90243525","name":"EQUANS SGZH 2.0 Wiekslag 622","address":"Wiekslag 622","city":"Capelle aan den IJssel","operatorName":"EQUANS","maxPowerKw":11,"isMegawatt":false,"status":"AVAILABLE","source":"ndw"}},{"type":"Feature","geometry":{"type":"Point","coordinates":[4.602171,51.930724]},"properties":{"type":"charge","layer":"passenger","locationId":"90823779","name":"EQUANS SGZH 2.0 Anna Maria van Cappellenpark 11","address":"Anna Maria van Cappellenpark 11","city":"Capelle aan den IJssel","operatorName":"EQUANS","maxPowerKw":11,"isMegawatt":false,"status":"AVAILABLE","source":"ndw"}},{"type":"Feature","geometry":{"type":"Point","coordinates":[4.574762,51.958861]},"properties":{"type":"charge","layer":"passenger","locationId":"CA93D342-E881-4C21-94D0-DF8088CDE433","name":"Eneco eMobility CED - Capelle aan den IJssel","address":"Rietbaan 40","city":"Capelle aan den IJssel","operatorName":"Eneco","maxPowerKw":22,"isMegawatt":false,"status":"AVAILABLE","source":"ndw","priceKwh":0.45}},{"type":"Feature","geometry":{"type":"Point","coordinates":[4.574387,51.956498]},"properties":{"type":"charge","layer":"passenger","locationId":"62ab22a7cab6ba572ecb30da","name":"Ligusterbaan Pelikaan","address":"Ligusterbaan 8-12","city":"Capelle aan de IJssel","operatorName":"E-Flux by Road","maxPowerKw":22,"isMegawatt":false,"status":"AVAILABLE","source":"ndw","priceKwh":0.63}},{"type":"Feature","geometry":{"type":"Point","coordinates":[4.564822,51.923522]},"properties":{"type":"charge","layer":"passenger","locationId":"FC7C7640-1395-4F92-A902-38B9D29EB1D6","name":"Eneco eMobility Rhijnspoor 247 Capelle aan den IJssel","address":"Rhijnspoor 247","city":"Capelle aan den Ijssel","operatorName":"Eneco","maxPowerKw":22,"isMegawatt":false,"status":"UNAVAILABLE","source":"ndw","priceKwh":0.32}},{"type":"Feature","geometry":{"type":"Point","coordinates":[4.568094,51.950592]},"properties":{"type":"charge","layer":"passenger","locationId":"89262221","name":"EQUANS SGZH 1.0 89262221","address":"Waaierdans 16","city":"Capelle aan den IJssel","operatorName":"EQUANS","maxPowerKw":11,"isMegawatt":false,"status":"AVAILABLE","source":"ndw"}},{"type":"Feature","geometry":{"type":"Point","coordinates":[4.562756,51.913389]},"properties":{"type":"charge","layer":"passenger","locationId":"91366045","name":"EQUANS SGZH 2.0 Mees Toxopeusrede 2","address":"Mees Toxopeusrede 2","city":"Capelle aan den IJssel","operatorName":"EQUANS","maxPowerKw":11,"isMegawatt":false,"status":"AVAILABLE","source":"ndw"}},{"type":"Feature","geometry":{"type":"Point","coordinates":[4.56322,51.913363]},"properties":{"type":"charge","layer":"passenger","locationId":"89262160","name":"EQUANS SGZH 1.0 89262160","address":"Jan de Geusrede 58","city":"Capelle aan den IJssel","operatorName":"EQUANS","maxPowerKw":11,"isMegawatt":false,"status":"AVAILABLE","source":"ndw"}},{"type":"Feature","geometry":{"type":"Point","coordinates":[4.571674,51.950316]},"properties":{"type":"charge","layer":"passenger","locationId":"90682187","name":"EQUANS SGZH 2.0 Feestdans 38","address":"Feestdans 38","city":"Capelle aan den IJssel","operatorName":"EQUANS","maxPowerKw":11,"isMegawatt":false,"status":"AVAILABLE","source":"ndw"}},{"type":"Feature","geometry":{"type":"Point","coordinates":[4.559237,51.92071]},"properties":{"type":"charge","layer":"passenger","locationId":"89262804","name":"EQUANS SGZH 2.0 Abram van Rijckevorselplein t.h.v. Capelsebrugpad","address":"Capelsebrugpad 48","city":"Capelle aan den IJssel","operatorName":"EQUANS","maxPowerKw":11,"isMegawatt":false,"status":"AVAILABLE","source":"ndw"}},{"type":"Feature","geometry":{"type":"Point","coordinates":[4.56984,51.92256]},"properties":{"type":"charge","layer":"passenger","locationId":"91346191","name":"EQUANS SGZH 2.0 Wagnerstraat 19","address":"Wagnerstraat 19","city":"Capelle aan den IJssel","operatorName":"EQUANS","maxPowerKw":11,"isMegawatt":false,"status":"AVAILABLE","source":"ndw"}},{"type":"Feature","geometry":{"type":"Point","coordinates":[4.577834,51.957392]},"properties":{"type":"charge","layer":"passenger","locationId":"619cbab802300435d8c0731e","name":"Tjongerschans Ziekenhuis","address":"Thialfweg 44","city":"Heerenveen","operatorName":"E-Flux by Road","maxPowerKw":22,"isMegawatt":false,"status":"UNAVAILABLE","source":"ndw"}},{"type":"Feature","geometry":{"type":"Point","coordinates":[4.578358,51.937216]},"properties":{"type":"charge","layer":"passenger","locationId":"89262216","name":"EQUANS SGZH 1.0 89262216","address":"Bloemensingel 1","city":"Capelle aan den IJssel","operatorName":"EQUANS","maxPowerKw":11,"isMegawatt":false,"status":"UNAVAILABLE","source":"ndw"}},{"type":"Feature","geometry":{"type":"Point","coordinates":[4.55958,51.914284]},"properties":{"type":"charge","layer":"passenger","locationId":"90832068","name":"EQUANS SGZH 2.0 Bas de Blokrede 46","address":"Bas de Blokrede 46","city":"Capelle aan den IJssel","operatorName":"EQUANS","maxPowerKw":11,"isMegawatt":false,"status":"AVAILABLE","source":"ndw"}},{"type":"Feature","geometry":{"type":"Point","coordinates":[4.590421,51.92449]},"properties":{"type":"charge","layer":"passenger","locationId":"89262198","name":"EQUANS SGZH 1.0 89262198","address":"Dorpsstraat 125","city":"Capelle aan den IJssel","operatorName":"EQUANS","maxPowerKw":11,"isMegawatt":false,"status":"AVAILABLE","source":"ndw"}},{"type":"Feature","geometry":{"type":"Point","coordinates":[4.561817,51.917034]},"properties":{"type":"charge","layer":"passenger","locationId":"89262164","name":"EQUANS SGZH 1.0 89262164","address":"Sibeliusweg 34","city":"Capelle aan den IJssel","operatorName":"EQUANS","maxPowerKw":11,"isMegawatt":false,"status":"CHARGING","source":"ndw"}},{"type":"Feature","geometry":{"type":"Point","coordinates":[4.55099,51.91654]},"properties":{"type":"charge","layer":"passenger","locationId":"89035158","name":"EQUANS SGZH 2.0 89035158","address":"Fascinatio Boulevard 768","city":"Capelle aan den IJssel","operatorName":"EQUANS","maxPowerKw":11,"isMegawatt":false,"status":"AVAILABLE","source":"ndw"}},{"type":"Feature","geometry":{"type":"Point","coordinates":[4.609053,51.92655]},"properties":{"type":"charge","layer":"passenger","locationId":"89262212","name":"EQUANS SGZH 1.0 89262212","address":"Paradijsselpark 74","city":"Capelle aan den ijssel","operatorName":"EQUANS","maxPowerKw":11,"isMegawatt":false,"status":"CHARGING","source":"ndw"}},{"type":"Feature","geometry":{"type":"Point","coordinates":[4.558016,51.917819]},"properties":{"type":"charge","layer":"passenger","locationId":"90243330","name":"EQUANS SGZH 2.0 Tsjaikovskistraat 14","address":"Tsjaikovskistraat 14","city":"Capelle aan den IJssel","operatorName":"EQUANS","maxPowerKw":11,"isMegawatt":false,"status":"AVAILABLE","source":"ndw"}},{"type":"Feature","geometry":{"type":"Point","coordinates":[4.595457,51.932362]},"properties":{"type":"charge","layer":"passenger","locationId":"89262202","name":"EQUANS SGZH 1.0 89262202","address":"Alkenoord 196","city":"Capelle aan den IJssel","operatorName":"EQUANS","maxPowerKw":11,"isMegawatt":false,"status":"CHARGING","source":"ndw"}},{"type":"Feature","geometry":{"type":"Point","coordinates":[4.600741,51.941179]},"properties":{"type":"charge","layer":"passenger","locationId":"90167048","name":"EQUANS SGZH 2.0 Schermerhoek 346","address":"Schermerhoek 346","city":"Capelle aan den IJssel","operatorName":"EQUANS","maxPowerKw":11,"isMegawatt":false,"status":"AVAILABLE","source":"ndw"}},{"type":"Feature","geometry":{"type":"Point","coordinates":[4.582475,51.950052]},"properties":{"type":"charge","layer":"passenger","locationId":"91011868","name":"EQUANS SGZH 2.0 Klaroen 1","address":"Klaroen 1","city":"Capelle aan den IJssel","operatorName":"EQUANS","maxPowerKw":11,"isMegawatt":false,"status":"AVAILABLE","source":"ndw"}},{"type":"Feature","geometry":{"type":"Point","coordinates":[4.582037,51.962389]},"properties":{"type":"charge","layer":"passenger","locationId":"6183b97c6f10ee743799e840","name":"Seannies | Dalkruid","address":"Dalkruidbaan 161","city":"Capelle aan den IJssel","operatorName":"E-Flux by Road","maxPowerKw":22,"isMegawatt":false,"status":"UNAVAILABLE","source":"ndw"}},{"type":"Feature","geometry":{"type":"Point","coordinates":[4.544595,51.916965]},"properties":{"type":"charge","layer":"passenger","locationId":"90273586","name":"EQUANS SGZH 2.0 1e Octaviolaan 49","address":"1e Octaviolaan 49","city":"Capelle aan den IJssel","operatorName":"EQUANS","maxPowerKw":11,"isMegawatt":false,"status":"AVAILABLE","source":"ndw"}},{"type":"Feature","geometry":{"type":"Point","coordinates":[4.542734,51.916413]},"properties":{"type":"charge","layer":"passenger","locationId":"67598c126f9ccb07408e885b","name":"Jimmy Parmanand","address":"Priamsingel 147","city":"Capelle aan den IJssel","operatorName":"EV Company","maxPowerKw":11,"isMegawatt":false,"status":"AVAILABLE","source":"ndw","priceKwh":0.2698}},{"type":"Feature","geometry":{"type":"Point","coordinates":[4.596673,51.951996]},"properties":{"type":"charge","layer":"passenger","locationId":"89262239","name":"EQUANS SGZH 1.0 89262239","address":"Pastel-hoek Ikoon 27","city":"Capelle aan den IJssel","operatorName":"EQUANS","maxPowerKw":11,"isMegawatt":false,"status":"AVAILABLE","source":"ndw"}},{"type":"Feature","geometry":{"type":"Point","coordinates":[4.546905,51.917487]},"properties":{"type":"charge","layer":"passenger","locationId":"89422023","name":"EQUANS SGZH 2.0 89422023","address":"Educatusstraat 32","city":"Capelle aan den IJssel","operatorName":"EQUANS","maxPowerKw":17,"isMegawatt":false,"status":"CHARGING","source":"ndw"}},{"type":"Feature","geometry":{"type":"Point","coordinates":[4.567979,51.92341]},"properties":{"type":"charge","layer":"passenger","locationId":"89262170","name":"EQUANS SGZH 1.0 89262170","address":"Bernsteinstraat 31","city":"Capelle aan den IJssel","operatorName":"EQUANS","maxPowerKw":11,"isMegawatt":false,"status":"CHARGING","source":"ndw"}},{"type":"Feature","geometry":{"type":"Point","coordinates":[4.580296,51.924311]},"properties":{"type":"charge","layer":"passenger","locationId":"89954586","name":"EQUANS SGZH 2.0 89954586","address":"Da Costasingel 10","city":"Capelle aan den IJssel","operatorName":"EQUANS","maxPowerKw":11,"isMegawatt":false,"status":"AVAILABLE","source":"ndw"}},{"type":"Feature","geometry":{"type":"Point","coordinates":[4.54588,51.913766]},"properties":{"type":"charge","layer":"passenger","locationId":"69f48a3687e2ac31b50a03ad","name":"Cero Rivium BV Capelle aan den IJssel","address":"Rivium Boulevard 201-234","city":"Capelle aan den IJssel","operatorName":"E-Flux by Road","maxPowerKw":22,"isMegawatt":false,"status":"AVAILABLE","source":"ndw","priceKwh":0.52}},{"type":"Feature","geometry":{"type":"Point","coordinates":[4.558443,51.916641]},"properties":{"type":"charge","layer":"passenger","locationId":"89482980","name":"EQUANS SGZH 2.0 Chopinstraat 124","address":"Chopinstraat 124","city":"Capelle aan den IJssel","operatorName":"EQUANS","maxPowerKw":11,"isMegawatt":false,"status":"AVAILABLE","source":"ndw"}},{"type":"Feature","geometry":{"type":"Point","coordinates":[4.595032,51.931449]},"properties":{"type":"charge","layer":"passenger","locationId":"89396935","name":"EQUANS SGZH 2.0 89396935","address":"Alkenlaan 83","city":"Capelle aan den IJssel","operatorName":"EQUANS","maxPowerKw":17,"isMegawatt":false,"status":"AVAILABLE","source":"ndw"}},{"type":"Feature","geometry":{"type":"Point","coordinates":[4.555656,51.916414]},"properties":{"type":"charge","layer":"passenger","locationId":"89262200","name":"EQUANS SGZH 1.0 89262200","address":"Chopinstraat 52","city":"Capelle aan den IJssel","operatorName":"EQUANS","maxPowerKw":11,"isMegawatt":false,"status":"AVAILABLE","source":"ndw"}},{"type":"Feature","geometry":{"type":"Point","coordinates":[4.540738,51.914359]},"properties":{"type":"charge","layer":"passenger","locationId":"4175062","name":"Laadnet Zicht Rivium Quadrant","address":"Rivium Quadrant 241","city":"Capelle aan den IJssel","operatorName":"Laadnet","maxPowerKw":22,"isMegawatt":false,"status":"AVAILABLE","source":"ndw"}},{"type":"Feature","geometry":{"type":"Point","coordinates":[4.589307,51.934904]},"properties":{"type":"charge","layer":"passenger","locationId":"89215275","name":"EQUANS SGZH 2.0 89215275","address":"Merellaan 388","city":"Capelle aan den IJssel","operatorName":"EQUANS","maxPowerKw":11,"isMegawatt":false,"status":"AVAILABLE","source":"ndw"}},{"type":"Feature","geometry":{"type":"Point","coordinates":[4.590253,51.948409]},"properties":{"type":"charge","layer":"passenger","locationId":"89981308","name":"EQUANS SGZH 2.0 Othello 11","address":"Othello 11","city":"Capelle aan den IJssel","operatorName":"EQUANS","maxPowerKw":11,"isMegawatt":false,"status":"AVAILABLE","source":"ndw"}},{"type":"Feature","geometry":{"type":"Point","coordinates":[4.595898,51.930505]},"properties":{"type":"charge","layer":"passenger","locationId":"89262194","name":"EQUANS SGZH 1.0 89262195","address":"Alkenlaan 75","city":"Capelle aan den IJssel","operatorName":"EQUANS","maxPowerKw":11,"isMegawatt":false,"status":"AVAILABLE","source":"ndw"}},{"type":"Feature","geometry":{"type":"Point","coordinates":[4.569531,51.914282]},"properties":{"type":"charge","layer":"passenger","locationId":"89163003","name":"EQUANS SGZH 1.0 89163003","address":"Abel Tasmanstraat 20","city":"Capelle aan den IJssel","operatorName":"EQUANS","maxPowerKw":17,"isMegawatt":false,"status":"UNAVAILABLE","source":"ndw"}},{"type":"Feature","geometry":{"type":"Point","coordinates":[4.539471,51.917996]},"properties":{"type":"charge","layer":"passenger","locationId":"90111901","name":"EQUANS SGZH 2.0 Solislaan 31","address":"Solislaan 31","city":"Capelle aan den IJssel","operatorName":"EQUANS","maxPowerKw":11,"isMegawatt":false,"status":"AVAILABLE","source":"ndw"}},{"type":"Feature","geometry":{"type":"Point","coordinates":[4.561844,51.922014]},"properties":{"type":"charge","layer":"passenger","locationId":"41C158C3-D7C2-4707-BF85-DE6DDBDCA52C","name":"Eneco eMobility Tauw Group B.V. - Capelle aan den IJssel","address":"Rhijnspoor 209","city":"Capelle aan den IJssel","operatorName":"Eneco","maxPowerKw":22,"isMegawatt":false,"status":"AVAILABLE","source":"ndw","priceKwh":0.32}},{"type":"Feature","geometry":{"type":"Point","coordinates":[4.563568,51.92004]},"properties":{"type":"charge","layer":"passenger","locationId":"89262171","name":"EQUANS SGZH 1.0 89262171","address":"Bachstraat 1","city":"Capelle aan den IJssel","operatorName":"EQUANS","maxPowerKw":11,"isMegawatt":false,"status":"AVAILABLE","source":"ndw"}},{"type":"Feature","geometry":{"type":"Point","coordinates":[4.59081,51.95294]},"properties":{"type":"charge","layer":"passenger","locationId":"91507344","name":"EQUANS SGZH 2.0 Hermitage 111","address":"Hermitage 111","city":"Capelle aan den IJssel","operatorName":"EQUANS","maxPowerKw":11,"isMegawatt":false,"status":"AVAILABLE","source":"ndw"}},{"type":"Feature","geometry":{"type":"Point","coordinates":[4.585385,51.927147]},"properties":{"type":"charge","layer":"passenger","locationId":"89484875","name":"EQUANS SGZH 2.0 89484875","address":"Uiverstraat 1","city":"Capelle aan den IJssel","operatorName":"EQUANS","maxPowerKw":11,"isMegawatt":false,"status":"CHARGING","source":"ndw"}},{"type":"Feature","geometry":{"type":"Point","coordinates":[4.56181,51.91599]},"properties":{"type":"charge","layer":"passenger","locationId":"91042811","name":"EQUANS SGZH 2.0 Berliozstraat 22","address":"Berliozstraat 22","city":"Capelle aan den IJssel","operatorName":"EQUANS","maxPowerKw":11,"isMegawatt":false,"status":"AVAILABLE","source":"ndw"}},{"type":"Feature","geometry":{"type":"Point","coordinates":[4.573609,51.956895]},"properties":{"type":"charge","layer":"passenger","locationId":"62ab2603d148aa3bf291295a","name":"Ligusterbaan Albatros","address":"Ligusterbaan 14","city":"Capelle Aan Den IJssel","operatorName":"E-Flux by Road","maxPowerKw":22,"isMegawatt":false,"status":"AVAILABLE","source":"ndw","priceKwh":0.63}},{"type":"Feature","geometry":{"type":"Point","coordinates":[4.579735,51.92352]},"properties":{"type":"charge","layer":"passenger","locationId":"89178207","name":"EQUANS SGZH 2.0 89178207","address":"Constantijn Huygensstraat 44","city":"Capelle aan den IJssel","operatorName":"EQUANS","maxPowerKw":17,"isMegawatt":false,"status":"AVAILABLE","source":"ndw"}},{"type":"Feature","geometry":{"type":"Point","coordinates":[4.599179,51.928271]},"properties":{"type":"charge","layer":"passenger","locationId":"90189897","name":"EQUANS SGZH 2.0 Groenedijk 12","address":"Groenedijk 12","city":"Capelle aan den IJssel","operatorName":"EQUANS","maxPowerKw":11,"isMegawatt":false,"status":"AVAILABLE","source":"ndw"}},{"type":"Feature","geometry":{"type":"Point","coordinates":[4.59697,51.9397]},"properties":{"type":"charge","layer":"passenger","locationId":"91155778","name":"EQUANS SGZH 2.0 Purmerhoek 226","address":"Purmerhoek 226","city":"Capelle aan den IJssel","operatorName":"EQUANS","maxPowerKw":11,"isMegawatt":false,"status":"AVAILABLE","source":"ndw"}},{"type":"Feature","geometry":{"type":"Point","coordinates":[4.566507,51.920442]},"properties":{"type":"charge","layer":"passenger","locationId":"89143010","name":"EQUANS SGZH 2.0 Brahmsstraat 124","address":"Brahmsstraat 124","city":"Capelle aan den Ijssel","operatorName":"EQUANS","maxPowerKw":11,"isMegawatt":false,"status":"AVAILABLE","source":"ndw"}},{"type":"Feature","geometry":{"type":"Point","coordinates":[4.602832,51.935634]},"properties":{"type":"charge","layer":"passenger","locationId":"89262206","name":"EQUANS SGZH 1.0 89262206","address":"Boomkensdiep 105","city":"Capelle aan den IJssel","operatorName":"EQUANS","maxPowerKw":11,"isMegawatt":false,"status":"AVAILABLE","source":"ndw"}},{"type":"Feature","geometry":{"type":"Point","coordinates":[4.574214,51.949901]},"properties":{"type":"charge","layer":"passenger","locationId":"91012608","name":"EQUANS SGZH 2.0 Vrouw Jacob erf 4","address":"Vrouw Jacob erf 4","city":"Capelle aan den IJssel","operatorName":"EQUANS","maxPowerKw":11,"isMegawatt":false,"status":"AVAILABLE","source":"ndw"}},{"type":"Feature","geometry":{"type":"Point","coordinates":[4.603953,51.930373]},"properties":{"type":"charge","layer":"passenger","locationId":"90226411","name":"EQUANS SGZH 2.0 Anna Maria van Cappellenpark 68","address":"Anna Maria van Cappellenpark 68","city":"Capelle aan den IJssel","operatorName":"EQUANS","maxPowerKw":11,"isMegawatt":false,"status":"AVAILABLE","source":"ndw"}},{"type":"Feature","geometry":{"type":"Point","coordinates":[4.570961,51.916828]},"properties":{"type":"charge","layer":"passenger","locationId":"89594979","name":"EQUANS SGZH 2.0 89594979","address":"Sibeliusweg 186","city":"Capelle aan den IJssel","operatorName":"EQUANS","maxPowerKw":11,"isMegawatt":false,"status":"AVAILABLE","source":"ndw"}},{"type":"Feature","geometry":{"type":"Point","coordinates":[4.57122,51.94781]},"properties":{"type":"charge","layer":"passenger","locationId":"90974929","name":"EQUANS SGZH 2.0 Pauwendans 24","address":"Pauwendans 24","city":"Capelle aan den IJssel","operatorName":"EQUANS","maxPowerKw":11,"isMegawatt":false,"status":"CHARGING","source":"ndw"}},{"type":"Feature","geometry":{"type":"Point","coordinates":[4.542616,51.918128]},"properties":{"type":"charge","layer":"passenger","locationId":"89105020","name":"EQUANS SGZH 1.0 89105020","address":"2e articuslaan - Flatusstraat 82","city":"Capelle aan den IJssel","operatorName":"EQUANS","maxPowerKw":22,"isMegawatt":false,"status":"AVAILABLE","source":"ndw"}},{"type":"Feature","geometry":{"type":"Point","coordinates":[4.569596,51.917641]},"properties":{"type":"charge","layer":"passenger","locationId":"89262173","name":"EQUANS SGZH 1.0 89262173","address":"Donizettistraat 3","city":"Capelle aan den IJssel","operatorName":"EQUANS","maxPowerKw":11,"isMegawatt":false,"status":"AVAILABLE","source":"ndw"}},{"type":"Feature","geometry":{"type":"Point","coordinates":[4.594301,51.954456]},"properties":{"type":"charge","layer":"passenger","locationId":"89126189","name":"EQUANS SGZH 1.0 89126189","address":"Grafiek 37","city":"Capelle aan den IJssel","operatorName":"EQUANS","maxPowerKw":22,"isMegawatt":false,"status":"AVAILABLE","source":"ndw"}},{"type":"Feature","geometry":{"type":"Point","coordinates":[4.586789,51.923114]},"properties":{"type":"charge","layer":"passenger","locationId":"89262185","name":"EQUANS SGZH 1.0 89262185","address":"Waterloostraat 2","city":"Capelle aan den IJssel","operatorName":"EQUANS","maxPowerKw":11,"isMegawatt":false,"status":"AVAILABLE","source":"ndw"}},{"type":"Feature","geometry":{"type":"Point","coordinates":[4.555013,51.91946]},"properties":{"type":"charge","layer":"passenger","locationId":"89205187","name":"EQUANS SGZH 2.0 89205187","address":"Onacklaan 120A","city":"Capelle aan den IJssel","operatorName":"EQUANS","maxPowerKw":11,"isMegawatt":false,"status":"AVAILABLE","source":"ndw"}},{"type":"Feature","geometry":{"type":"Point","coordinates":[4.590941,51.930756]},"properties":{"type":"charge","layer":"passenger","locationId":"90891568","name":"EQUANS SGZH 2.0 Duikerlaan 88","address":"Duikerlaan 88","city":"Capelle aan den IJssel","operatorName":"EQUANS","maxPowerKw":11,"isMegawatt":false,"status":"AVAILABLE","source":"ndw"}},{"type":"Feature","geometry":{"type":"Point","coordinates":[4.612328,51.934667]},"properties":{"type":"charge","layer":"passenger","locationId":"89262208","name":"EQUANS SGZH 1.0 89262208","address":"Toendra 1","city":"Capelle aan den IJssel","operatorName":"EQUANS","maxPowerKw":11,"isMegawatt":false,"status":"AVAILABLE","source":"ndw"}},{"type":"Feature","geometry":{"type":"Point","coordinates":[4.605853,51.937116]},"properties":{"type":"charge","layer":"passenger","locationId":"90179587","name":"EQUANS SGZH 2.0 Dongedal 29","address":"Dongedal 29","city":"Capelle aan den IJssel","operatorName":"EQUANS","maxPowerKw":11,"isMegawatt":false,"status":"AVAILABLE","source":"ndw"}},{"type":"Feature","geometry":{"type":"Point","coordinates":[4.58204,51.93883]},"properties":{"type":"charge","layer":"passenger","locationId":"89035154","name":"EQUANS SGZH 2.0 89035154","address":"Bermweg 85","city":"Capelle aan den IJssel","operatorName":"EQUANS","maxPowerKw":11,"isMegawatt":false,"status":"AVAILABLE","source":"ndw"}},{"type":"Feature","geometry":{"type":"Point","coordinates":[4.600281,51.933499]},"properties":{"type":"charge","layer":"passenger","locationId":"91277510","name":"EQUANS SGZH 2.0 De Graafschap 30","address":"De Graafschap 30","city":"Capelle aan den IJssel","operatorName":"EQUANS","maxPowerKw":11,"isMegawatt":false,"status":"AVAILABLE","source":"ndw"}},{"type":"Feature","geometry":{"type":"Point","coordinates":[4.583346,51.926599]},"properties":{"type":"charge","layer":"passenger","locationId":"89262184","name":"EQUANS SGZH 1.0 89262184","address":"Paulus Potterlaan 32","city":"Capelle aan den IJssel","operatorName":"EQUANS","maxPowerKw":11,"isMegawatt":false,"status":"CHARGING","source":"ndw"}},{"type":"Feature","geometry":{"type":"Point","coordinates":[4.610506,51.937831]},"properties":{"type":"charge","layer":"passenger","locationId":"89314525","name":"EQUANS SGZH 2.0 89314525","address":"Rijndal 29","city":"Capelle aan den IJssel","operatorName":"EQUANS","maxPowerKw":17,"isMegawatt":false,"status":"CHARGING","source":"ndw"}},{"type":"Feature","geometry":{"type":"Point","coordinates":[4.57336,51.9513]},"properties":{"type":"charge","layer":"passenger","locationId":"90256873","name":"EQUANS SGZH 2.0 Helena erf 1","address":"Helena erf 1","city":"Capelle aan den IJssel","operatorName":"EQUANS","maxPowerKw":11,"isMegawatt":false,"status":"AVAILABLE","source":"ndw"}},{"type":"Feature","geometry":{"type":"Point","coordinates":[4.548153,51.917978]},"properties":{"type":"charge","layer":"passenger","locationId":"89262248","name":"EQUANS SGZH 1.0 89262248","address":"1e Lunarelaan 18","city":"Capelle aan den IJssel","operatorName":"EQUANS","maxPowerKw":11,"isMegawatt":false,"status":"CHARGING","source":"ndw"}},{"type":"Feature","geometry":{"type":"Point","coordinates":[4.582773,51.962177]},"properties":{"type":"charge","layer":"passenger","locationId":"6BA77EA2-398F-4402-AD07-168F19BEEA12","name":"Eneco eMobility Laagland BV - Capelle aan den IJssel","address":"Dalkruidbaan 149","city":"Capelle aan den Ijssel","operatorName":"Eneco","maxPowerKw":22,"isMegawatt":false,"status":"AVAILABLE","source":"ndw","priceKwh":0.32}},{"type":"Feature","geometry":{"type":"Point","coordinates":[4.606602,51.936237]},"properties":{"type":"charge","layer":"passenger","locationId":"89262204","name":"EQUANS SGZH 1.0 89262204","address":"Jekerdal 24","city":"Capelle aan den IJssel","operatorName":"EQUANS","maxPowerKw":11,"isMegawatt":false,"status":"AVAILABLE","source":"ndw"}},{"type":"Feature","geometry":{"type":"Point","coordinates":[4.586045,51.924224]},"properties":{"type":"charge","layer":"passenger","locationId":"89954674","name":"EQUANS SGZH 2.0 89954674","address":"Weteringstraat 1","city":"Capelle aan den IJssel","operatorName":"EQUANS","maxPowerKw":11,"isMegawatt":false,"status":"AVAILABLE","source":"ndw"}},{"type":"Feature","geometry":{"type":"Point","coordinates":[4.57315,51.91692]},"properties":{"type":"charge","layer":"passenger","locationId":"89035138","name":"EQUANS SGZH 2.0 89035138","address":"Sibeliusweg 228","city":"Capelle aan den IJssel","operatorName":"EQUANS","maxPowerKw":11,"isMegawatt":false,"status":"AVAILABLE","source":"ndw"}},{"type":"Feature","geometry":{"type":"Point","coordinates":[4.575283,51.950599]},"properties":{"type":"charge","layer":"passenger","locationId":"90223491","name":"EQUANS SGZH 2.0 Hilde erf 36","address":"Hilde erf 36","city":"Capelle aan den IJssel","operatorName":"EQUANS","maxPowerKw":11,"isMegawatt":false,"status":"AVAILABLE","source":"ndw"}},{"type":"Feature","geometry":{"type":"Point","coordinates":[4.571687,51.945873]},"properties":{"type":"charge","layer":"passenger","locationId":"90159908","name":"EQUANS SGZH 2.0 Kringdans 141","address":"Kringdans 141","city":"Capelle aan den IJssel","operatorName":"EQUANS","maxPowerKw":11,"isMegawatt":false,"status":"AVAILABLE","source":"ndw"}},{"type":"Feature","geometry":{"type":"Point","coordinates":[4.565454,51.910963]},"properties":{"type":"charge","layer":"passenger","locationId":"90832048","name":"EQUANS SGZH 2.0 Van Speykstraat 24","address":"Van Speykstraat 24","city":"Capelle aan den IJssel","operatorName":"EQUANS","maxPowerKw":11,"isMegawatt":false,"status":"AVAILABLE","source":"ndw"}},{"type":"Feature","geometry":{"type":"Point","coordinates":[4.565337,51.937518]},"properties":{"type":"charge","layer":"passenger","locationId":"89396929","name":"EQUANS SGZH 2.0 89396929","address":"Beltmolen 30","city":"Capelle aan den IJssel","operatorName":"EQUANS","maxPowerKw":17,"isMegawatt":false,"status":"AVAILABLE","source":"ndw"}},{"type":"Feature","geometry":{"type":"Point","coordinates":[4.559036,51.914509]},"properties":{"type":"charge","layer":"passenger","locationId":"89262163","name":"EQUANS SGZH 1.0 Bas de Blokrede 45","address":"Bas de Blokrede 45","city":"Capelle aan den IJssel","operatorName":"EQUANS","maxPowerKw":11,"isMegawatt":false,"status":"AVAILABLE","source":"ndw"}},{"type":"Feature","geometry":{"type":"Point","coordinates":[4.55193,51.917885]},"properties":{"type":"charge","layer":"passenger","locationId":"89262246","name":"EQUANS SGZH 1.0 89262246","address":"Desertosingel 163","city":"Capelle aan den IJssel","operatorName":"EQUANS","maxPowerKw":11,"isMegawatt":false,"status":"AVAILABLE","source":"ndw"}},{"type":"Feature","geometry":{"type":"Point","coordinates":[4.570521,51.916821]},"properties":{"type":"charge","layer":"passenger","locationId":"89262179","name":"EQUANS SGZH 1.0 89262179","address":"Sibeliusweg 184","city":"Capelle aan Den ijssel","operatorName":"EQUANS","maxPowerKw":11,"isMegawatt":false,"status":"CHARGING","source":"ndw"}},{"type":"Feature","geometry":{"type":"Point","coordinates":[4.574524,51.937446]},"properties":{"type":"charge","layer":"passenger","locationId":"89105569","name":"EQUANS SGZH 1.0 89105569","address":"Narcisstraat 18","city":"Capelle aan den IJssel","operatorName":"EQUANS","maxPowerKw":22,"isMegawatt":false,"status":"AVAILABLE","source":"ndw"}},{"type":"Feature","geometry":{"type":"Point","coordinates":[4.56897,51.95126]},"properties":{"type":"charge","layer":"passenger","locationId":"91193614","name":"EQUANS SGZH 2.0 Zwaarddans 24","address":"Zwaarddans 24","city":"Capelle aan den IJssel","operatorName":"EQUANS","maxPowerKw":11,"isMegawatt":false,"status":"AVAILABLE","source":"ndw"}},{"type":"Feature","geometry":{"type":"Point","coordinates":[4.610389,51.926536]},"properties":{"type":"charge","layer":"passenger","locationId":"89602012","name":"EQUANS SGZH 2.0 89602012","address":"Paradijsselpark 105","city":"Capelle aan den IJssel","operatorName":"EQUANS","maxPowerKw":11,"isMegawatt":false,"status":"AVAILABLE","source":"ndw"}},{"type":"Feature","geometry":{"type":"Point","coordinates":[4.561201,51.911896]},"properties":{"type":"charge","layer":"passenger","locationId":"68821dc6a1225132a619feba","name":"Plan Bee laadstation","address":"Adm. Helfrichweg  2K","city":"Capelle a/d IJssel","operatorName":"E-Flux by Road","maxPowerKw":22,"isMegawatt":false,"status":"AVAILABLE","source":"ndw","priceKwh":0.45}},{"type":"Feature","geometry":{"type":"Point","coordinates":[4.592612,51.951832]},"properties":{"type":"charge","layer":"passenger","locationId":"89311530","name":"EQUANS SGZH 2.0 89311530","address":"Het Steen 24","city":"Capelle aan den IJssel","operatorName":"EQUANS","maxPowerKw":17,"isMegawatt":false,"status":"AVAILABLE","source":"ndw"}},{"type":"Feature","geometry":{"type":"Point","coordinates":[4.573709,51.914639]},"properties":{"type":"charge","layer":"passenger","locationId":"89262156","name":"EQUANS SGZH 1.0 89262156","address":"Nijverheidstraat 345","city":"Capelle aan Den ijssel","operatorName":"EQUANS","maxPowerKw":11,"isMegawatt":false,"status":"AVAILABLE","source":"ndw"}},{"type":"Feature","geometry":{"type":"Point","coordinates":[4.58531,51.95459]},"properties":{"type":"charge","layer":"passenger","locationId":"91016323","name":"EQUANS SGZH 2.0 Johan Jongkindrade 147","address":"Johan Jongkindrade 147","city":"Capelle aan den IJssel","operatorName":"EQUANS","maxPowerKw":11,"isMegawatt":false,"status":"AVAILABLE","source":"ndw"}},{"type":"Feature","geometry":{"type":"Point","coordinates":[4.577868,51.952481]},"properties":{"type":"charge","layer":"passenger","locationId":"89329967","name":"EQUANS SGZH 2.0 89954588","address":"Warenarburg 28","city":"Capelle aan den IJssel","operatorName":"EQUANS","maxPowerKw":17,"isMegawatt":false,"status":"AVAILABLE","source":"ndw"}},{"type":"Feature","geometry":{"type":"Point","coordinates":[4.582363,51.923479]},"properties":{"type":"charge","layer":"passenger","locationId":"90885168","name":"EQUANS SGZH 2.0 Slotpoort 66 (62)","address":"Slotpoort 66","city":"Capelle aan den IJssel","operatorName":"EQUANS","maxPowerKw":11,"isMegawatt":false,"status":"AVAILABLE","source":"ndw"}},{"type":"Feature","geometry":{"type":"Point","coordinates":[4.5982,51.94086]},"properties":{"type":"charge","layer":"passenger","locationId":"89824572","name":"EQUANS SGZH 2.0 Schermerhoek 67","address":"Schermerhoek 67","city":"Capelle aan den IJssel","operatorName":"EQUANS","maxPowerKw":11,"isMegawatt":false,"status":"CHARGING","source":"ndw"}},{"type":"Feature","geometry":{"type":"Point","coordinates":[4.5796,51.94748]},"properties":{"type":"charge","layer":"passenger","locationId":"91046408","name":"EQUANS SGZH 2.0 Ferdinand Huyckburg 20","address":"Ferdinand Huyckburg 20","city":"Capelle aan den IJssel","operatorName":"EQUANS","maxPowerKw":11,"isMegawatt":false,"status":"AVAILABLE","source":"ndw"}},{"type":"Feature","geometry":{"type":"Point","coordinates":[4.555689,51.916786]},"properties":{"type":"charge","layer":"passenger","locationId":"64ec4cc1171628001cf3516a","name":"Social Sales","address":"Chopinstraat 103","city":"Capelle aan den IJssel","operatorName":"E-Flux by Road","maxPowerKw":11,"isMegawatt":false,"status":"AVAILABLE","source":"ndw","priceKwh":0.33}},{"type":"Feature","geometry":{"type":"Point","coordinates":[4.583269,51.953596]},"properties":{"type":"charge","layer":"passenger","locationId":"90179591","name":"EQUANS SGZH 2.0 Stationsplein 14","address":"Stationsplein 14","city":"Capelle aan den IJssel","operatorName":"EQUANS","maxPowerKw":11,"isMegawatt":false,"status":"AVAILABLE","source":"ndw"}},{"type":"Feature","geometry":{"type":"Point","coordinates":[4.60049,51.93758]},"properties":{"type":"charge","layer":"passenger","locationId":"91012607","name":"EQUANS SGZH 2.0 Floridaweg 27","address":"Floridaweg 27","city":"Capelle aan den IJssel","operatorName":"EQUANS","maxPowerKw":11,"isMegawatt":false,"status":"AVAILABLE","source":"ndw"}},{"type":"Feature","geometry":{"type":"Point","coordinates":[4.59202,51.95107]},"properties":{"type":"charge","layer":"passenger","locationId":"91259448","name":"EQUANS SGZH 2.0 Hermitage 38","address":"Hermitage 38","city":"Capelle aan den IJssel","operatorName":"EQUANS","maxPowerKw":11,"isMegawatt":false,"status":"AVAILABLE","source":"ndw"}},{"type":"Feature","geometry":{"type":"Point","coordinates":[4.60457,51.93884]},"properties":{"type":"charge","layer":"passenger","locationId":"89035151","name":"EQUANS SGZH 2.0 89035151","address":"De Vallei 2","city":"Capelle aan den IJssel","operatorName":"EQUANS","maxPowerKw":11,"isMegawatt":false,"status":"AVAILABLE","source":"ndw"}},{"type":"Feature","geometry":{"type":"Point","coordinates":[4.564429,51.935601]},"properties":{"type":"charge","layer":"passenger","locationId":"89105568","name":"EQUANS SGZH 1.0 89105568","address":"Dotterlei 559","city":"Capelle aan den IJssel","operatorName":"EQUANS","maxPowerKw":22,"isMegawatt":false,"status":"CHARGING","source":"ndw"}},{"type":"Feature","geometry":{"type":"Point","coordinates":[4.56582,51.95031]},"properties":{"type":"charge","layer":"passenger","locationId":"89035672","name":"EQUANS SGZH 2.0 89035672","address":"Kenitrastraat 1","city":"Rotterdam","operatorName":"EQUANS","maxPowerKw":11,"isMegawatt":false,"status":"AVAILABLE","source":"ndw"}},{"type":"Feature","geometry":{"type":"Point","coordinates":[4.565191,51.911988]},"properties":{"type":"charge","layer":"passenger","locationId":"89262157","name":"EQUANS SGZH 1.0 89262157","address":"Van Speykstraat 70","city":"Capelle aan den IJssel","operatorName":"EQUANS","maxPowerKw":11,"isMegawatt":false,"status":"AVAILABLE","source":"ndw"}},{"type":"Feature","geometry":{"type":"Point","coordinates":[4.565506,51.930673]},"properties":{"type":"charge","layer":"passenger","locationId":"89262220","name":"EQUANS SGZH 1.0 89262220","address":"Akkerwinde 82","city":"Capelle aan den IJssel","operatorName":"EQUANS","maxPowerKw":11,"isMegawatt":false,"status":"AVAILABLE","source":"ndw"}},{"type":"Feature","geometry":{"type":"Point","coordinates":[4.60865,51.929984]},"properties":{"type":"charge","layer":"passenger","locationId":"90260988","name":"EQUANS SGZH 2.0 St. Luciabaai 12","address":"St. Luciabaai 12","city":"Capelle aan den IJssel","operatorName":"EQUANS","maxPowerKw":11,"isMegawatt":false,"status":"AVAILABLE","source":"ndw"}},{"type":"Feature","geometry":{"type":"Point","coordinates":[4.544921,51.914521]},"properties":{"type":"charge","layer":"passenger","locationId":"L_0000142379","name":"Tango Capelle aan den IJssel Noord - 202319","address":"Abraham van Rijckevorselweg nz 7","city":"Capelle a/d IJssel","operatorName":"Tango electric","maxPowerKw":160,"isMegawatt":false,"status":"UNAVAILABLE","source":"ndw","priceKwh":0.57}},{"type":"Feature","geometry":{"type":"Point","coordinates":[4.555928,51.919663]},"properties":{"type":"charge","layer":"passenger","locationId":"89455013","name":"EQUANS SGZH 2.0 89455013","address":"Onacklaan 134","city":"Capelle aan den IJssel","operatorName":"EQUANS","maxPowerKw":17,"isMegawatt":false,"status":"AVAILABLE","source":"ndw"}},{"type":"Feature","geometry":{"type":"Point","coordinates":[4.57842,51.95513]},"properties":{"type":"charge","layer":"passenger","locationId":"91204050","name":"EQUANS SGZH 2.0 Ringspoor 25","address":"Ringspoor 25","city":"Capelle aan den IJssel","operatorName":"EQUANS","maxPowerKw":11,"isMegawatt":false,"status":"CHARGING","source":"ndw"}},{"type":"Feature","geometry":{"type":"Point","coordinates":[4.545349,51.911001]},"properties":{"type":"charge","layer":"passenger","locationId":"dc9cbadbdc5649e78eaebfda0a3f4602","name":"FIT Vastgoed - Rivium 2e straat 22, Capelle ad IJssel 00080 ","address":"Rivium 2e straat 22, ","city":"Zuid-Holland","operatorName":"Opcharge","maxPowerKw":22,"isMegawatt":false,"status":"AVAILABLE","source":"ndw","priceKwh":0.49}},{"type":"Feature","geometry":{"type":"Point","coordinates":[4.56745,51.91915]},"properties":{"type":"charge","layer":"passenger","locationId":"89035140","name":"EQUANS SGZH 2.0 89035140","address":"Monteverdistraat 20","city":"Capelle aan den IJssel","operatorName":"EQUANS","maxPowerKw":11,"isMegawatt":false,"status":"AVAILABLE","source":"ndw"}},{"type":"Feature","geometry":{"type":"Point","coordinates":[4.55119,51.91695]},"properties":{"type":"charge","layer":"passenger","locationId":"89035157","name":"EQUANS SGZH 2.0 89035157","address":"Desertosingel 113TO","city":"Capelle aan den IJssel","operatorName":"EQUANS","maxPowerKw":11,"isMegawatt":false,"status":"AVAILABLE","source":"ndw"}},{"type":"Feature","geometry":{"type":"Point","coordinates":[4.575477,51.954161]},"properties":{"type":"charge","layer":"passenger","locationId":"90835202","name":"EQUANS SGZH 2.0 Kopspoor 1","address":"Kopspoor 1","city":"Capelle aan den IJssel","operatorName":"EQUANS","maxPowerKw":11,"isMegawatt":false,"status":"AVAILABLE","source":"ndw"}},{"type":"Feature","geometry":{"type":"Point","coordinates":[4.614704,51.933937]},"properties":{"type":"charge","layer":"passenger","locationId":"90311568","name":"EQUANS SGZH 2.0 Tafelbaai 8","address":"Tafelbaai 8","city":"Capelle aan den IJssel","operatorName":"EQUANS","maxPowerKw":11,"isMegawatt":false,"status":"AVAILABLE","source":"ndw"}},{"type":"Feature","geometry":{"type":"Point","coordinates":[4.580629,51.926508]},"properties":{"type":"charge","layer":"passenger","locationId":"89332809","name":"EQUANS SGZH 2.0 89332809","address":"Slotlaan 24","city":"Capelle aan den IJssel","operatorName":"EQUANS","maxPowerKw":17,"isMegawatt":false,"status":"AVAILABLE","source":"ndw"}},{"type":"Feature","geometry":{"type":"Point","coordinates":[4.583298,51.953609]},"properties":{"type":"charge","layer":"passenger","locationId":"62ab28a9ff4caba7446b9f41","name":"Stationsplein","address":"Stationplein 14-16","city":"Capelle Aan De IJssel","operatorName":"E-Flux by Road","maxPowerKw":22,"isMegawatt":false,"status":"AVAILABLE","source":"ndw","priceKwh":0.63}},{"type":"Feature","geometry":{"type":"Point","coordinates":[4.57229,51.935353]},"properties":{"type":"charge","layer":"passenger","locationId":"89262218","name":"EQUANS SGZH 1.0 89262218","address":"Violierstraat 23","city":"Capelle aan den IJssel","operatorName":"EQUANS","maxPowerKw":11,"isMegawatt":false,"status":"AVAILABLE","source":"ndw"}},{"type":"Feature","geometry":{"type":"Point","coordinates":[4.60797,51.93695]},"properties":{"type":"charge","layer":"passenger","locationId":"90994615","name":"EQUANS SGZH 2.0 Maasdal 36","address":"Maasdal 36","city":"Capelle aan den IJssel","operatorName":"EQUANS","maxPowerKw":11,"isMegawatt":false,"status":"AVAILABLE","source":"ndw"}},{"type":"Feature","geometry":{"type":"Point","coordinates":[4.601419,51.942369]},"properties":{"type":"charge","layer":"passenger","locationId":"228d558c-dd7e-4383-9acb-5664765860e8","name":"Lidl CAPELLE A/D IJSSEL","address":"Schermerhoek 509","city":"Capelle aan den IJssel","operatorName":"Lidl","maxPowerKw":50,"isMegawatt":false,"status":"UNAVAILABLE","source":"ndw"}},{"type":"Feature","geometry":{"type":"Point","coordinates":[4.591495,51.952728]},"properties":{"type":"charge","layer":"passenger","locationId":"89262232","name":"EQUANS SGZH 1.0 89262232","address":"Prinsenhof 59","city":"Capelle aan den IJssel","operatorName":"EQUANS","maxPowerKw":11,"isMegawatt":false,"status":"AVAILABLE","source":"ndw"}},{"type":"Feature","geometry":{"type":"Point","coordinates":[4.56832,51.92261]},"properties":{"type":"charge","layer":"passenger","locationId":"91328850","name":"EQUANS SGZH 2.0 Bernsteinstraat 1","address":"Bernsteinstraat 1","city":"Capelle aan den IJssel","operatorName":"EQUANS","maxPowerKw":11,"isMegawatt":false,"status":"AVAILABLE","source":"ndw"}},{"type":"Feature","geometry":{"type":"Point","coordinates":[4.578909,51.949439]},"properties":{"type":"charge","layer":"passenger","locationId":"90179592","name":"EQUANS SGZH 2.0 Heer Halewijnburg 50","address":"Heer Halewijnburg 50","city":"Capelle aan den IJssel","operatorName":"EQUANS","maxPowerKw":11,"isMegawatt":false,"status":"AVAILABLE","source":"ndw"}},{"type":"Feature","geometry":{"type":"Point","coordinates":[4.592435,51.925781]},"properties":{"type":"charge","layer":"passenger","locationId":"89262199","name":"EQUANS SGZH 1.0 89262199","address":"Arica 146","city":"Capelle aan den IJssel","operatorName":"EQUANS","maxPowerKw":11,"isMegawatt":false,"status":"AVAILABLE","source":"ndw"}},{"type":"Feature","geometry":{"type":"Point","coordinates":[4.58758,51.93395]},"properties":{"type":"charge","layer":"passenger","locationId":"90984776","name":"EQUANS SGZH 2.0 Merellaan 205","address":"Merellaan 205","city":"Capelle aan den IJssel","operatorName":"EQUANS","maxPowerKw":11,"isMegawatt":false,"status":"AVAILABLE","source":"ndw"}},{"type":"Feature","geometry":{"type":"Point","coordinates":[4.57997,51.929251]},"properties":{"type":"charge","layer":"passenger","locationId":"89628492","name":"EQUANS SGZH 2.0 89628492","address":"Merellaan 14","city":"Capelle aan den IJssel","operatorName":"EQUANS","maxPowerKw":11,"isMegawatt":false,"status":"AVAILABLE","source":"ndw"}},{"type":"Feature","geometry":{"type":"Point","coordinates":[4.581631,51.923972]},"properties":{"type":"charge","layer":"passenger","locationId":"89262180","name":"EQUANS SGZH 1.0 89262180","address":"Van Naeldwijcklaan 193","city":"Capelle aan den IJssel","operatorName":"EQUANS","maxPowerKw":11,"isMegawatt":false,"status":"CHARGING","source":"ndw"}},{"type":"Feature","geometry":{"type":"Point","coordinates":[4.5823,51.922952]},"properties":{"type":"charge","layer":"passenger","locationId":"89954587","name":"EQUANS SGZH 2.0 89954587","address":"Slotpoort 44","city":"Capelle aan den IJssel","operatorName":"EQUANS","maxPowerKw":11,"isMegawatt":false,"status":"AVAILABLE","source":"ndw"}},{"type":"Feature","geometry":{"type":"Point","coordinates":[4.5705,51.935858]},"properties":{"type":"charge","layer":"passenger","locationId":"89314526","name":"EQUANS SGZH 2.0 89314526","address":"Lupinestraat 121","city":"Capelle aan den IJssel","operatorName":"EQUANS","maxPowerKw":17,"isMegawatt":false,"status":"AVAILABLE","source":"ndw"}},{"type":"Feature","geometry":{"type":"Point","coordinates":[4.570817,51.956862]},"properties":{"type":"charge","layer":"passenger","locationId":"75958bde8892459f89026b53dfa617f4","name":"Westpoort Vastgoed Cypresbaan Capelle a/d IJssel","address":"Cypresbaan 51-55","city":"Capelle aan den IJssel","operatorName":"Opcharge","maxPowerKw":22,"isMegawatt":false,"status":"AVAILABLE","source":"ndw","priceKwh":0.46}},{"type":"Feature","geometry":{"type":"Point","coordinates":[4.57844,51.92799]},"properties":{"type":"charge","layer":"passenger","locationId":"91339783","name":"EQUANS SGZH 2.0 Louis Couperusplaats 19","address":"Louis Couperusplaats 19","city":"Capelle aan den IJssel","operatorName":"EQUANS","maxPowerKw":11,"isMegawatt":false,"status":"AVAILABLE","source":"ndw"}},{"type":"Feature","geometry":{"type":"Point","coordinates":[4.559809,51.919348]},"properties":{"type":"charge","layer":"passenger","locationId":"89215269","name":"EQUANS SGZH 2.0 89215269","address":"Haydnstraat 17","city":"Capelle aan den IJssel","operatorName":"EQUANS","maxPowerKw":11,"isMegawatt":false,"status":"AVAILABLE","source":"ndw"}},{"type":"Feature","geometry":{"type":"Point","coordinates":[4.5822,51.94863]},"properties":{"type":"charge","layer":"passenger","locationId":"89035153","name":"EQUANS SGZH 2.0 89035153","address":"Bugel 16","city":"Capelle aan den IJssel","operatorName":"EQUANS","maxPowerKw":11,"isMegawatt":false,"status":"AVAILABLE","source":"ndw"}},{"type":"Feature","geometry":{"type":"Point","coordinates":[4.60017,51.93891]},"properties":{"type":"charge","layer":"passenger","locationId":"90994673","name":"EQUANS SGZH 2.0 Dakotaweg 173","address":"Dakotaweg 173","city":"Capelle aan den IJssel","operatorName":"EQUANS","maxPowerKw":11,"isMegawatt":false,"status":"CHARGING","source":"ndw"}},{"type":"Feature","geometry":{"type":"Point","coordinates":[4.590419,51.931132]},"properties":{"type":"charge","layer":"passenger","locationId":"89262190","name":"EQUANS SGZH 1.0 89262190","address":"Duikerlaan 116","city":"Capelle aan den IJssel","operatorName":"EQUANS","maxPowerKw":11,"isMegawatt":false,"status":"AVAILABLE","source":"ndw"}},{"type":"Feature","geometry":{"type":"Point","coordinates":[4.61028,51.93424]},"properties":{"type":"charge","layer":"passenger","locationId":"90878413","name":"EQUANS SGZH 2.0 Savanne 88","address":"Savanne 88","city":"Capelle aan den IJssel","operatorName":"EQUANS","maxPowerKw":11,"isMegawatt":false,"status":"AVAILABLE","source":"ndw"}},{"type":"Feature","geometry":{"type":"Point","coordinates":[4.542598,51.917362]},"properties":{"type":"charge","layer":"passenger","locationId":"89628487","name":"EQUANS SGZH 2.0 89628487","address":"2e Octaviolaan 48","city":"Capelle aan den IJssel","operatorName":"EQUANS","maxPowerKw":11,"isMegawatt":false,"status":"AVAILABLE","source":"ndw"}},{"type":"Feature","geometry":{"type":"Point","coordinates":[4.561327,51.911734]},"properties":{"type":"charge","layer":"passenger","locationId":"68821d143aa1c20066c353c5","name":"Plan Bee laadstation","address":"Adm. Helfrichweg  2P","city":"Capelle a/d IJssel","operatorName":"E-Flux by Road","maxPowerKw":22,"isMegawatt":false,"status":"AVAILABLE","source":"ndw","priceKwh":0.45}},{"type":"Feature","geometry":{"type":"Point","coordinates":[4.604527,51.930031]},"properties":{"type":"charge","layer":"passenger","locationId":"89262207","name":"EQUANS SGZH 1.0 89262207","address":"Anna Maria Van Cappellenpark 62","city":"Capelle aan den IJssel","operatorName":"EQUANS","maxPowerKw":11,"isMegawatt":false,"status":"AVAILABLE","source":"ndw"}},{"type":"Feature","geometry":{"type":"Point","coordinates":[4.561162,51.917798]},"properties":{"type":"charge","layer":"passenger","locationId":"89262168","name":"EQUANS SGZH 1.0 89262168","address":"Brahmsstraat 2","city":"Capelle aan den IJssel","operatorName":"EQUANS","maxPowerKw":11,"isMegawatt":false,"status":"CHARGING","source":"ndw"}},{"type":"Feature","geometry":{"type":"Point","coordinates":[4.569956,51.949851]},"properties":{"type":"charge","layer":"passenger","locationId":"89262235","name":"EQUANS SGZH 1.0 89262235","address":"Feestdans 21","city":"Capelle aan den IJssel","operatorName":"EQUANS","maxPowerKw":11,"isMegawatt":false,"status":"AVAILABLE","source":"ndw"}},{"type":"Feature","geometry":{"type":"Point","coordinates":[4.582909,51.952397]},"properties":{"type":"charge","layer":"passenger","locationId":"89124615","name":"EQUANS SGZH 1.0 89124615","address":"Rodinrade 15","city":"Capelle aan den IJssel","operatorName":"EQUANS","maxPowerKw":17,"isMegawatt":false,"status":"UNAVAILABLE","source":"ndw"}},{"type":"Feature","geometry":{"type":"Point","coordinates":[4.566686,51.931577]},"properties":{"type":"charge","layer":"passenger","locationId":"89320297","name":"EQUANS SGZH 2.0 Akkerwinde 300","address":"Akkerwinde 300","city":"Capelle aan den IJssel","operatorName":"EQUANS","maxPowerKw":11,"isMegawatt":false,"status":"CHARGING","source":"ndw"}},{"type":"Feature","geometry":{"type":"Point","coordinates":[4.563183,51.917423]},"properties":{"type":"charge","layer":"passenger","locationId":"6947b726d324e1b95ca3bd95","name":"EV-charger@184","address":"Vivaldistraat  184","city":"Capelle aan den ijssel","operatorName":"E-Flux by Road","maxPowerKw":22,"isMegawatt":false,"status":"AVAILABLE","source":"ndw","priceKwh":0.28}},{"type":"Feature","geometry":{"type":"Point","coordinates":[4.57402,51.95235]},"properties":{"type":"charge","layer":"passenger","locationId":"89035155","name":"EQUANS SGZH 2.0 89035155","address":"Minoes Erf 1","city":"Capelle aan den IJssel","operatorName":"EQUANS","maxPowerKw":11,"isMegawatt":false,"status":"AVAILABLE","source":"ndw"}},{"type":"Feature","geometry":{"type":"Point","coordinates":[4.542348,51.916469]},"properties":{"type":"charge","layer":"passenger","locationId":"89262250","name":"EQUANS SGZH 1.0 89262250","address":"Priamsingel 137","city":"Capelle aan den IJssel","operatorName":"EQUANS","maxPowerKw":11,"isMegawatt":false,"status":"AVAILABLE","source":"ndw"}},{"type":"Feature","geometry":{"type":"Point","coordinates":[4.581353,51.951834]},"properties":{"type":"charge","layer":"passenger","locationId":"89420772","name":"EQUANS SGZH 2.0 89420772","address":"Jachthoorn 95","city":"Capelle aan den IJssel","operatorName":"EQUANS","maxPowerKw":17,"isMegawatt":false,"status":"AVAILABLE","source":"ndw"}},{"type":"Feature","geometry":{"type":"Point","coordinates":[4.544786,51.913698]},"properties":{"type":"charge","layer":"passenger","locationId":"L_0000142380","name":"Tango Capelle aan den IJssel Zuid - 202320","address":"Abraham van Rijckevorselweg zz 8","city":"Capelle a/d/ IJssel","operatorName":"Tango electric","maxPowerKw":80,"isMegawatt":false,"status":"UNAVAILABLE","source":"ndw","priceKwh":0.57}},{"type":"Feature","geometry":{"type":"Point","coordinates":[4.59521,51.93162]},"properties":{"type":"charge","layer":"passenger","locationId":"91168141","name":"EQUANS SGZH 2.0 Alkenlaan 85","address":"Alkenlaan 85","city":"Capelle aan den IJssel","operatorName":"EQUANS","maxPowerKw":11,"isMegawatt":false,"status":"CHARGING","source":"ndw"}},{"type":"Feature","geometry":{"type":"Point","coordinates":[4.5842,51.92357]},"properties":{"type":"charge","layer":"passenger","locationId":"89035145","name":"EQUANS SGZH 2.0 89035145","address":"Slotplein 30","city":"Capelle aan den IJssel","operatorName":"EQUANS","maxPowerKw":11,"isMegawatt":false,"status":"AVAILABLE","source":"ndw"}},{"type":"Feature","geometry":{"type":"Point","coordinates":[4.587122,51.953559]},"properties":{"type":"charge","layer":"passenger","locationId":"90830525","name":"EQUANS SGZH 2.0 Aïda 67","address":"Aïda 67","city":"Capelle aan den IJssel","operatorName":"EQUANS","maxPowerKw":11,"isMegawatt":false,"status":"AVAILABLE","source":"ndw"}},{"type":"Feature","geometry":{"type":"Point","coordinates":[4.58765,51.94891]},"properties":{"type":"charge","layer":"passenger","locationId":"91328840","name":"EQUANS SGZH 2.0 Rigoletto 64","address":"Rigoletto 64","city":"Capelle aan den IJssel","operatorName":"EQUANS","maxPowerKw":11,"isMegawatt":false,"status":"AVAILABLE","source":"ndw"}},{"type":"Feature","geometry":{"type":"Point","coordinates":[4.568425,51.933888]},"properties":{"type":"charge","layer":"passenger","locationId":"90822420","name":"EQUANS SGZH 2.0 Wingerd 73","address":"Wingerd 73","city":"Capelle aan den IJssel","operatorName":"EQUANS","maxPowerKw":11,"isMegawatt":false,"status":"CHARGING","source":"ndw"}},{"type":"Feature","geometry":{"type":"Point","coordinates":[4.58407,51.92471]},"properties":{"type":"charge","layer":"passenger","locationId":"89035143","name":"EQUANS SGZH 2.0 89035143","address":"Slotplein 7","city":"Capelle aan den IJssel","operatorName":"EQUANS","maxPowerKw":11,"isMegawatt":false,"status":"AVAILABLE","source":"ndw"}},{"type":"Feature","geometry":{"type":"Point","coordinates":[4.54685,51.91818]},"properties":{"type":"charge","layer":"passenger","locationId":"91346168","name":"EQUANS SGZH 2.0 Charactostraat 36","address":"Charactostraat 36","city":"Capelle aan den IJssel","operatorName":"EQUANS","maxPowerKw":11,"isMegawatt":false,"status":"AVAILABLE","source":"ndw"}},{"type":"Feature","geometry":{"type":"Point","coordinates":[4.576577,51.946408]},"properties":{"type":"charge","layer":"passenger","locationId":"89262226","name":"EQUANS SGZH 1.0 89262226","address":"Elisabeth musch erf 32","city":"Capelle aan den IJssel","operatorName":"EQUANS","maxPowerKw":11,"isMegawatt":false,"status":"AVAILABLE","source":"ndw"}},{"type":"Feature","geometry":{"type":"Point","coordinates":[4.601831,51.930755]},"properties":{"type":"charge","layer":"passenger","locationId":"89262210","name":"EQUANS SGZH 1.0 89262210","address":"Anna Maria van Cappellenpark 13","city":"Capelle aan den IJssel","operatorName":"EQUANS","maxPowerKw":11,"isMegawatt":false,"status":"CHARGING","source":"ndw"}},{"type":"Feature","geometry":{"type":"Point","coordinates":[4.56509,51.940626]},"properties":{"type":"charge","layer":"passenger","locationId":"90365752","name":"EQUANS SGZH 2.0 Poortmolen 188 (Windmolen)","address":"Poortmolen 188","city":"Capelle aan den IJssel","operatorName":"EQUANS","maxPowerKw":11,"isMegawatt":false,"status":"AVAILABLE","source":"ndw"}},{"type":"Feature","geometry":{"type":"Point","coordinates":[4.572878,51.94587]},"properties":{"type":"charge","layer":"passenger","locationId":"89262233","name":"EQUANS SGZH 1.0 89262233","address":"Kringdans 90","city":"Capelle aan den IJssel","operatorName":"EQUANS","maxPowerKw":11,"isMegawatt":false,"status":"AVAILABLE","source":"ndw"}},{"type":"Feature","geometry":{"type":"Point","coordinates":[4.57457,51.935926]},"properties":{"type":"charge","layer":"passenger","locationId":"90159905","name":"EQUANS SGZH 2.0 Violierstraat 8","address":"Violierstraat 8","city":"Capelle aan den IJssel","operatorName":"EQUANS","maxPowerKw":11,"isMegawatt":false,"status":"AVAILABLE","source":"ndw"}},{"type":"Feature","geometry":{"type":"Point","coordinates":[4.613281,51.933627]},"properties":{"type":"charge","layer":"passenger","locationId":"91251964","name":"EQUANS SGZH 2.0 Geelvinkbaai 23","address":"Geelvinkbaai 23","city":"Capelle aan den IJssel","operatorName":"EQUANS","maxPowerKw":11,"isMegawatt":false,"status":"AVAILABLE","source":"ndw"}},{"type":"Feature","geometry":{"type":"Point","coordinates":[4.598173,51.933755]},"properties":{"type":"charge","layer":"passenger","locationId":"89258283","name":"EQUANS SGZH 2.0 89258283","address":"De Baronie 1","city":"Capelle aan den IJssel","operatorName":"EQUANS","maxPowerKw":11,"isMegawatt":false,"status":"AVAILABLE","source":"ndw"}},{"type":"Feature","geometry":{"type":"Point","coordinates":[4.585581,51.958033]},"properties":{"type":"charge","layer":"passenger","locationId":"89889494","name":"EQUANS SGZH 2.0 89889494","address":"Wisselspoor 351","city":"Capelle aan den IJssel","operatorName":"EQUANS","maxPowerKw":11,"isMegawatt":false,"status":"CHARGING","source":"ndw"}},{"type":"Feature","geometry":{"type":"Point","coordinates":[4.610208,51.936256]},"properties":{"type":"charge","layer":"passenger","locationId":"89200925","name":"EQUANS SGZH 2.0 89200925","address":"Ahrdal 2","city":"Capelle aan den IJssel","operatorName":"EQUANS","maxPowerKw":17,"isMegawatt":false,"status":"CHARGING","source":"ndw"}},{"type":"Feature","geometry":{"type":"Point","coordinates":[4.558348,51.911944]},"properties":{"type":"charge","layer":"passenger","locationId":"89262158","name":"EQUANS SGZH 1.0 89262158","address":"Gemzenstraat 10","city":"Capelle aan den IJssel","operatorName":"EQUANS","maxPowerKw":11,"isMegawatt":false,"status":"CHARGING","source":"ndw"}},{"type":"Feature","geometry":{"type":"Point","coordinates":[4.57621,51.93657]},"properties":{"type":"charge","layer":"passenger","locationId":"91204051","name":"EQUANS SGZH 2.0 Goudenregenstraat 12","address":"Goudenregenstraat 12","city":"Capelle aan den IJssel","operatorName":"EQUANS","maxPowerKw":11,"isMegawatt":false,"status":"AVAILABLE","source":"ndw"}},{"type":"Feature","geometry":{"type":"Point","coordinates":[4.584564,51.955234]},"properties":{"type":"charge","layer":"passenger","locationId":"89262243","name":"EQUANS SGZH 1.0 89262243","address":"Johan Jongkindrade 163","city":"Capelle aan den IJssel","operatorName":"EQUANS","maxPowerKw":11,"isMegawatt":false,"status":"AVAILABLE","source":"ndw"}},{"type":"Feature","geometry":{"type":"Point","coordinates":[4.614262,51.93299]},"properties":{"type":"charge","layer":"passenger","locationId":"89262203","name":"EQUANS SGZH 1.0 89262203","address":"Geelvinkbaai 76","city":"Capelle aan den ijssel","operatorName":"EQUANS","maxPowerKw":11,"isMegawatt":false,"status":"CHARGING","source":"ndw"}},{"type":"Feature","geometry":{"type":"Point","coordinates":[4.571451,51.933968]},"properties":{"type":"charge","layer":"passenger","locationId":"89262217","name":"EQUANS SGZH 1.0 89262217","address":"Lupinestraat 1","city":"Capelle aan den IJssel","operatorName":"EQUANS","maxPowerKw":11,"isMegawatt":false,"status":"CHARGING","source":"ndw"}},{"type":"Feature","geometry":{"type":"Point","coordinates":[4.565658,51.916797]},"properties":{"type":"charge","layer":"passenger","locationId":"89262165","name":"EQUANS SGZH 1.0 89262165","address":"Rossinistraat 112","city":"Capelle aan den IJssel","operatorName":"EQUANS","maxPowerKw":11,"isMegawatt":false,"status":"AVAILABLE","source":"ndw"}},{"type":"Feature","geometry":{"type":"Point","coordinates":[4.571193,51.951917]},"properties":{"type":"charge","layer":"passenger","locationId":"89262222","name":"EQUANS SGZH 1.0 89262222","address":"Lentedans 40","city":"Capelle aan den IJssel","operatorName":"EQUANS","maxPowerKw":11,"isMegawatt":false,"status":"AVAILABLE","source":"ndw"}},{"type":"Feature","geometry":{"type":"Point","coordinates":[4.594649,51.950924]},"properties":{"type":"charge","layer":"passenger","locationId":"89262236","name":"EQUANS SGZH 1.0 89262236","address":"Louvre 194","city":"Capelle aan den IJssel","operatorName":"EQUANS","maxPowerKw":11,"isMegawatt":false,"status":"CHARGING","source":"ndw"}},{"type":"Feature","geometry":{"type":"Point","coordinates":[4.58763,51.92921]},"properties":{"type":"charge","layer":"passenger","locationId":"90994616","name":"EQUANS SGZH 2.0 Lepelaarsingel 51","address":"Lepelaarsingel 51","city":"Capelle aan den IJssel","operatorName":"EQUANS","maxPowerKw":11,"isMegawatt":false,"status":"AVAILABLE","source":"ndw"}},{"type":"Feature","geometry":{"type":"Point","coordinates":[4.544972,51.915999]},"properties":{"type":"charge","layer":"passenger","locationId":"89262249","name":"EQUANS SGZH 1.0 89262249","address":"Priamsingel 259","city":"Capelle aan den IJssel","operatorName":"EQUANS","maxPowerKw":11,"isMegawatt":false,"status":"CHARGING","source":"ndw"}},{"type":"Feature","geometry":{"type":"Point","coordinates":[4.611341,51.933127]},"properties":{"type":"charge","layer":"passenger","locationId":"89344596","name":"EQUANS SGZH 2.0 89344596","address":"Savanne 167","city":"Capelle aan den IJssel","operatorName":"EQUANS","maxPowerKw":17,"isMegawatt":false,"status":"AVAILABLE","source":"ndw"}},{"type":"Feature","geometry":{"type":"Point","coordinates":[4.575716,51.92738]},"properties":{"type":"charge","layer":"passenger","locationId":"89490581","name":"EQUANS SGZH 2.0 Herman Gorterplaats 97","address":"Herman Gorterplaats 97","city":"Capelle aan den IJssel","operatorName":"EQUANS","maxPowerKw":11,"isMegawatt":false,"status":"AVAILABLE","source":"ndw"}},{"type":"Feature","geometry":{"type":"Point","coordinates":[4.604594,51.934705]},"properties":{"type":"charge","layer":"passenger","locationId":"90175529","name":"EQUANS SGZH 2.0 Winschoterdiep 1","address":"Winschoterdiep 1","city":"Capelle aan den IJssel","operatorName":"EQUANS","maxPowerKw":11,"isMegawatt":false,"status":"CHARGING","source":"ndw"}},{"type":"Feature","geometry":{"type":"Point","coordinates":[4.581397,51.931143]},"properties":{"type":"charge","layer":"passenger","locationId":"89262187","name":"EQUANS SGZH 1.0 89262187","address":"Merelhoven 305","city":"Capelle aan den IJssel","operatorName":"EQUANS","maxPowerKw":11,"isMegawatt":false,"status":"CHARGING","source":"ndw"}},{"type":"Feature","geometry":{"type":"Point","coordinates":[4.573121,51.917216]},"properties":{"type":"charge","layer":"passenger","locationId":"89262176","name":"EQUANS SGZH 1.0 89262176","address":"Leharstraat 180","city":"Capelle aan den IJssel","operatorName":"EQUANS","maxPowerKw":11,"isMegawatt":false,"status":"AVAILABLE","source":"ndw"}},{"type":"Feature","geometry":{"type":"Point","coordinates":[4.58635,51.95708]},"properties":{"type":"charge","layer":"passenger","locationId":"89035156","name":"EQUANS SGZH 2.0 89035156","address":"Breedspoor 115","city":"Capelle aan den IJssel","operatorName":"EQUANS","maxPowerKw":11,"isMegawatt":false,"status":"CHARGING","source":"ndw"}},{"type":"Feature","geometry":{"type":"Point","coordinates":[4.588445,51.951222]},"properties":{"type":"charge","layer":"passenger","locationId":"89183101","name":"EQUANS SGZH 2.0 89183101","address":"Norma 3","city":"Capelle aan den IJssel","operatorName":"EQUANS","maxPowerKw":11,"isMegawatt":false,"status":"AVAILABLE","source":"ndw"}},{"type":"Feature","geometry":{"type":"Point","coordinates":[4.567278,51.921958]},"properties":{"type":"charge","layer":"passenger","locationId":"89127150","name":"EQUANS SGZH 1.0 89127150","address":"Brahmsstraat 212","city":"Capelle aan den IJssel","operatorName":"EQUANS","maxPowerKw":17,"isMegawatt":false,"status":"UNAVAILABLE","source":"ndw"}},{"type":"Feature","geometry":{"type":"Point","coordinates":[4.56399,51.92116]},"properties":{"type":"charge","layer":"passenger","locationId":"89105022","name":"EQUANS SGZH 2.0 Griegstraat 45","address":"Griegstraat 45","city":"Capelle aan den IJssel","operatorName":"EQUANS","maxPowerKw":22,"isMegawatt":false,"status":"AVAILABLE","source":"ndw"}},{"type":"Feature","geometry":{"type":"Point","coordinates":[4.53946,51.91735]},"properties":{"type":"charge","layer":"passenger","locationId":"91346170","name":"EQUANS SGZH 2.0 Ardalaan 6","address":"Ardalaan 6","city":"Capelle aan den IJssel","operatorName":"EQUANS","maxPowerKw":11,"isMegawatt":false,"status":"AVAILABLE","source":"ndw"}},{"type":"Feature","geometry":{"type":"Point","coordinates":[4.593012,51.931576]},"properties":{"type":"charge","layer":"passenger","locationId":"89307463","name":"EQUANS SGZH 2.0 89307463","address":"Pelikaanweg 5","city":"Capelle aan den IJssel","operatorName":"EQUANS","maxPowerKw":17,"isMegawatt":false,"status":"AVAILABLE","source":"ndw"}},{"type":"Feature","geometry":{"type":"Point","coordinates":[4.590721,51.932618]},"properties":{"type":"charge","layer":"passenger","locationId":"90836213","name":"EQUANS SGZH 2.0 Centrumpassage (t.o. Kerklaan 508)","address":"Centrumpassage","city":"Capelle aan den IJssel","operatorName":"EQUANS","maxPowerKw":11,"isMegawatt":false,"status":"AVAILABLE","source":"ndw"}},{"type":"Feature","geometry":{"type":"Point","coordinates":[4.583904,51.956418]},"properties":{"type":"charge","layer":"passenger","locationId":"89262241","name":"EQUANS SGZH 1.0 89262241","address":"Breedspoor 18","city":"Capelle aan den IJssel","operatorName":"EQUANS","maxPowerKw":11,"isMegawatt":false,"status":"CHARGING","source":"ndw"}},{"type":"Feature","geometry":{"type":"Point","coordinates":[4.610435,51.931196]},"properties":{"type":"charge","layer":"passenger","locationId":"89422027","name":"EQUANS SGZH 2.0 89422027","address":"St. Laurensbaai 12","city":"Capelle aan den IJssel","operatorName":"EQUANS","maxPowerKw":17,"isMegawatt":false,"status":"UNAVAILABLE","source":"ndw"}},{"type":"Feature","geometry":{"type":"Point","coordinates":[4.566531,51.91353]},"properties":{"type":"charge","layer":"passenger","locationId":"89150565","name":"EQUANS SGZH 1.0 89150565","address":"Willem Barentszstraat 8","city":"Capelle aan den IJssel","operatorName":"EQUANS","maxPowerKw":17,"isMegawatt":false,"status":"AVAILABLE","source":"ndw"}},{"type":"Feature","geometry":{"type":"Point","coordinates":[4.575025,51.958654]},"properties":{"type":"charge","layer":"passenger","locationId":"923607","name":"Profotonet","address":"17 Rietbaan","city":"Capelle aan den ijssel","operatorName":"Smappee","maxPowerKw":22,"isMegawatt":false,"status":"AVAILABLE","source":"ndw","priceKwh":0.275}},{"type":"Feature","geometry":{"type":"Point","coordinates":[4.590968,51.949122]},"properties":{"type":"charge","layer":"passenger","locationId":"89396936","name":"EQUANS SGZH 2.0 89396936","address":"Librije 43","city":"Capelle aan den IJssel","operatorName":"EQUANS","maxPowerKw":11,"isMegawatt":false,"status":"CHARGING","source":"ndw"}},{"type":"Feature","geometry":{"type":"Point","coordinates":[4.55865,51.91279]},"properties":{"type":"charge","layer":"passenger","locationId":"90891476","name":"EQUANS SGZH 2.0 Arend Brinkmanrede 7","address":"Arend Brinkmanrede 7","city":"Capelle aan den IJssel","operatorName":"EQUANS","maxPowerKw":11,"isMegawatt":false,"status":"AVAILABLE","source":"ndw"}},{"type":"Feature","geometry":{"type":"Point","coordinates":[4.590272,51.925493]},"properties":{"type":"charge","layer":"passenger","locationId":"90244030","name":"EQUANS SGZH 2.0 Arica 94","address":"Arica 94","city":"Capelle aan den IJssel","operatorName":"EQUANS","maxPowerKw":11,"isMegawatt":false,"status":"AVAILABLE","source":"ndw"}},{"type":"Feature","geometry":{"type":"Point","coordinates":[4.5855,51.925]},"properties":{"type":"charge","layer":"passenger","locationId":"89035144","name":"EQUANS SGZH 2.0 89035144","address":"Rembrandtsinge 30","city":"Capelle aan den Ijssel","operatorName":"EQUANS","maxPowerKw":11,"isMegawatt":false,"status":"AVAILABLE","source":"ndw"}},{"type":"Feature","geometry":{"type":"Point","coordinates":[4.593831,51.927352]},"properties":{"type":"charge","layer":"passenger","locationId":"89035147","name":"EQUANS SGZH 2.0 Kievitlaan 213","address":"Kievitlaan 213","city":"Capelle aan den IJssel","operatorName":"EQUANS","maxPowerKw":11,"isMegawatt":false,"status":"AVAILABLE","source":"ndw"}},{"type":"Feature","geometry":{"type":"Point","coordinates":[4.5759,51.9498]},"properties":{"type":"charge","layer":"passenger","locationId":"91357634","name":"EQUANS SGZH 2.0 Vrouw Jacob erf 37","address":"Vrouw Jacob erf 37","city":"Capelle aan den IJssel","operatorName":"EQUANS","maxPowerKw":11,"isMegawatt":false,"status":"AVAILABLE","source":"ndw"}},{"type":"Feature","geometry":{"type":"Point","coordinates":[4.57113,51.91755]},"properties":{"type":"charge","layer":"passenger","locationId":"91421994","name":"EQUANS SGZH 2.0 Pergolesistraat 7","address":"Pergolesistraat 7","city":"Capelle aan den IJssel","operatorName":"EQUANS","maxPowerKw":11,"isMegawatt":false,"status":"AVAILABLE","source":"ndw"}},{"type":"Feature","geometry":{"type":"Point","coordinates":[4.588665,51.92627]},"properties":{"type":"charge","layer":"passenger","locationId":"89262201","name":"EQUANS SGZH 1.0 89262201","address":"Meeuwensingel 94","city":"Capelle aan den IJssel","operatorName":"EQUANS","maxPowerKw":11,"isMegawatt":false,"status":"CHARGING","source":"ndw"}},{"type":"Feature","geometry":{"type":"Point","coordinates":[4.545348,51.917826]},"properties":{"type":"charge","layer":"passenger","locationId":"89262251","name":"EQUANS SGZH 1.0 89262251","address":"1e Articuslaan 20","city":"Capelle aan den IJssel","operatorName":"EQUANS","maxPowerKw":11,"isMegawatt":false,"status":"CHARGING","source":"ndw"}},{"type":"Feature","geometry":{"type":"Point","coordinates":[4.57901,51.9263]},"properties":{"type":"charge","layer":"passenger","locationId":"89035142","name":"EQUANS SGZH 2.0 Vondellaan 55","address":"Vondellaan 55","city":"Capelle aan den IJssel","operatorName":"EQUANS","maxPowerKw":11,"isMegawatt":false,"status":"AVAILABLE","source":"ndw"}},{"type":"Feature","geometry":{"type":"Point","coordinates":[4.604623,51.941621]},"properties":{"type":"charge","layer":"passenger","locationId":"89178210","name":"EQUANS SGZH 2.0 89178210","address":"Leasestraat 23","city":"Capelle aan den IJssel","operatorName":"EQUANS","maxPowerKw":17,"isMegawatt":false,"status":"AVAILABLE","source":"ndw"}},{"type":"Feature","geometry":{"type":"Point","coordinates":[4.572566,51.945348]},"properties":{"type":"charge","layer":"passenger","locationId":"89215259","name":"EQUANS SGZH 2.0 89215259","address":"Kringdans 14","city":"Capelle aan den IJssel","operatorName":"EQUANS","maxPowerKw":11,"isMegawatt":false,"status":"CHARGING","source":"ndw"}},{"type":"Feature","geometry":{"type":"Point","coordinates":[4.589349,51.948598]},"properties":{"type":"charge","layer":"passenger","locationId":"91012609","name":"EQUANS SGZH 2.0 Nabucco 2","address":"Nabucco 2","city":"Capelle aan den IJssel","operatorName":"EQUANS","maxPowerKw":11,"isMegawatt":false,"status":"AVAILABLE","source":"ndw"}},{"type":"Feature","geometry":{"type":"Point","coordinates":[4.608993,51.937215]},"properties":{"type":"charge","layer":"passenger","locationId":"89262205","name":"EQUANS SGZH 1.0 89262205","address":"Lippedal 13","city":"Capelle aan den IJssel","operatorName":"EQUANS","maxPowerKw":11,"isMegawatt":false,"status":"CHARGING","source":"ndw"}},{"type":"Feature","geometry":{"type":"Point","coordinates":[4.588904,51.948461]},"properties":{"type":"charge","layer":"passenger","locationId":"89262229","name":"EQUANS SGZH 1.0 89262229","address":"Nabucco 1","city":"Capelle aan den IJssel","operatorName":"EQUANS","maxPowerKw":11,"isMegawatt":false,"status":"AVAILABLE","source":"ndw"}},{"type":"Feature","geometry":{"type":"Point","coordinates":[4.54567,51.91027]},"properties":{"type":"charge","layer":"passenger","locationId":"9E26007F-EA8C-42FA-ABB3-FB1E8342AC0D","name":"Eneco eMobility EVB-P1345041","address":"Rivium 11-27","city":"Capelle aan den IJssel","operatorName":"Eneco","maxPowerKw":22,"isMegawatt":false,"status":"UNAVAILABLE","source":"ndw","priceKwh":0.3}},{"type":"Feature","geometry":{"type":"Point","coordinates":[4.583436,51.931638]},"properties":{"type":"charge","layer":"passenger","locationId":"89035146","name":"EQUANS SGZH 2.0 89035146","address":"Merellaan 19","city":"Capelle aan den IJssel","operatorName":"EQUANS","maxPowerKw":11,"isMegawatt":false,"status":"AVAILABLE","source":"ndw"}},{"type":"Feature","geometry":{"type":"Point","coordinates":[4.591231,51.957479]},"properties":{"type":"charge","layer":"passenger","locationId":"89124614","name":"EQUANS SGZH 1.0 89124614","address":"Platotuin 1 - Filosofentuin","city":"Capelle aan den IJssel","operatorName":"EQUANS","maxPowerKw":11,"isMegawatt":false,"status":"AVAILABLE","source":"ndw"}},{"type":"Feature","geometry":{"type":"Point","coordinates":[4.56844,51.949246]},"properties":{"type":"charge","layer":"passenger","locationId":"89439384","name":"EQUANS SGZH 2.0 89439384","address":"Rondedans 31","city":"Capelle aan den IJssel","operatorName":"EQUANS","maxPowerKw":17,"isMegawatt":false,"status":"AVAILABLE","source":"ndw"}},{"type":"Feature","geometry":{"type":"Point","coordinates":[4.590868,51.953382]},"properties":{"type":"charge","layer":"passenger","locationId":"89262231","name":"EQUANS SGZH 1.0 89262231","address":"Mauritshuis 3","city":"Capelle aan den IJssel","operatorName":"EQUANS","maxPowerKw":11,"isMegawatt":false,"status":"AVAILABLE","source":"ndw"}},{"type":"Feature","geometry":{"type":"Point","coordinates":[4.573773,51.943045]},"properties":{"type":"charge","layer":"passenger","locationId":"89262238","name":"EQUANS SGZH 1.0 89262238","address":"Capelseweg 208","city":"Capelle aan den IJssel","operatorName":"EQUANS","maxPowerKw":11,"isMegawatt":false,"status":"AVAILABLE","source":"ndw"}},{"type":"Feature","geometry":{"type":"Point","coordinates":[4.57187,51.940533]},"properties":{"type":"charge","layer":"passenger","locationId":"90167049","name":"EQUANS SGZH 2.0 Capelseweg 37","address":"Capelseweg 37","city":"Capelle aan den IJssel","operatorName":"EQUANS","maxPowerKw":11,"isMegawatt":false,"status":"AVAILABLE","source":"ndw"}},{"type":"Feature","geometry":{"type":"Point","coordinates":[4.565232,51.939217]},"properties":{"type":"charge","layer":"passenger","locationId":"89035152","name":"EQUANS SGZH 2.0 Poortmolen 74","address":"Poortmolen 74","city":"Capelle aan den IJssel","operatorName":"EQUANS","maxPowerKw":11,"isMegawatt":false,"status":"AVAILABLE","source":"ndw"}},{"type":"Feature","geometry":{"type":"Point","coordinates":[4.592383,51.950215]},"properties":{"type":"charge","layer":"passenger","locationId":"90832075","name":"EQUANS SGZH 2.0 Bouvigne 96","address":"Bouvigne 96","city":"Capelle aan den IJssel","operatorName":"EQUANS","maxPowerKw":11,"isMegawatt":false,"status":"CHARGING","source":"ndw"}},{"type":"Feature","geometry":{"type":"Point","coordinates":[4.560487,51.919016]},"properties":{"type":"charge","layer":"passenger","locationId":"89262167","name":"EQUANS SGZH 1.0 89262167","address":"Vivaldistraat 9","city":"Capelle aan den IJssel","operatorName":"EQUANS","maxPowerKw":11,"isMegawatt":false,"status":"AVAILABLE","source":"ndw"}},{"type":"Feature","geometry":{"type":"Point","coordinates":[4.587405,51.941398]},"properties":{"type":"charge","layer":"passenger","locationId":"65b3d321f14fa8001ca46e81","name":"Eflux laadpaal","address":"Bermweg  452","city":"Capelle aan de IJssel","operatorName":"E-Flux by Road","maxPowerKw":22,"isMegawatt":false,"status":"UNAVAILABLE","source":"ndw"}},{"type":"Feature","geometry":{"type":"Point","coordinates":[4.56709,51.916426]},"properties":{"type":"charge","layer":"passenger","locationId":"89262178","name":"EQUANS SGZH 1.0 89262178","address":"Gounodstraat 70","city":"Capelle aan den IJssel","operatorName":"EQUANS","maxPowerKw":11,"isMegawatt":false,"status":"AVAILABLE","source":"ndw"}},{"type":"Feature","geometry":{"type":"Point","coordinates":[4.55317,51.917869]},"properties":{"type":"charge","layer":"passenger","locationId":"89462903","name":"EQUANS SGZH 2.0 89462903","address":"Fascinatio Boulevard 804","city":"Capelle aan den IJssel","operatorName":"EQUANS","maxPowerKw":11,"isMegawatt":false,"status":"AVAILABLE","source":"ndw"}},{"type":"Feature","geometry":{"type":"Point","coordinates":[4.58049,51.952962]},"properties":{"type":"charge","layer":"passenger","locationId":"89262234","name":"EQUANS SGZH 1.0 89262234","address":"Waldhoorn 42","city":"Capelle aan den IJssel","operatorName":"EQUANS","maxPowerKw":11,"isMegawatt":false,"status":"CHARGING","source":"ndw"}},{"type":"Feature","geometry":{"type":"Point","coordinates":[4.579958,51.922582]},"properties":{"type":"charge","layer":"passenger","locationId":"89262181","name":"EQUANS SGZH 1.0 89262181","address":"Constantijn Huygensstraat 41","city":"Capelle aan den IJssel","operatorName":"EQUANS","maxPowerKw":11,"isMegawatt":false,"status":"AVAILABLE","source":"ndw"}},{"type":"Feature","geometry":{"type":"Point","coordinates":[4.581793,51.955951]},"properties":{"type":"charge","layer":"passenger","locationId":"90832078","name":"EQUANS SGZH 2.0 Wisselspoor 2","address":"Wisselspoor 2","city":"Capelle aan den IJssel","operatorName":"EQUANS","maxPowerKw":11,"isMegawatt":false,"status":"AVAILABLE","source":"ndw"}},{"type":"Feature","geometry":{"type":"Point","coordinates":[4.588254,51.947468]},"properties":{"type":"charge","layer":"passenger","locationId":"89332821","name":"EQUANS SGZH 2.0 89332821","address":"Rigoletto 113","city":"Capelle aan den IJssel","operatorName":"EQUANS","maxPowerKw":17,"isMegawatt":false,"status":"AVAILABLE","source":"ndw"}},{"type":"Feature","geometry":{"type":"Point","coordinates":[4.58309,51.92742]},"properties":{"type":"charge","layer":"passenger","locationId":"91346172","name":"EQUANS SGZH 2.0 Rubenssingel 4 A","address":"Rubenssingel 4 A","city":"Capelle aan den IJssel","operatorName":"EQUANS","maxPowerKw":11,"isMegawatt":false,"status":"AVAILABLE","source":"ndw"}},{"type":"Feature","geometry":{"type":"Point","coordinates":[4.56685,51.9358]},"properties":{"type":"charge","layer":"passenger","locationId":"89258259","name":"EQUANS SGZH 2.0 Wilgenhoek 40","address":"Wilgenhoek 40","city":"Capelle aan den IJssel","operatorName":"EQUANS","maxPowerKw":11,"isMegawatt":false,"status":"AVAILABLE","source":"ndw"}},{"type":"Feature","geometry":{"type":"Point","coordinates":[4.58028,51.92079]},"properties":{"type":"charge","layer":"passenger","locationId":"90995179","name":"EQUANS SGZH 2.0 IJsselzoom 5","address":"IJsselzoom 5","city":"Capelle aan den IJssel","operatorName":"EQUANS","maxPowerKw":11,"isMegawatt":false,"status":"AVAILABLE","source":"ndw"}},{"type":"Feature","geometry":{"type":"Point","coordinates":[4.57536,51.949329]},"properties":{"type":"charge","layer":"passenger","locationId":"89262225","name":"EQUANS SGZH 1.0 89262225","address":"Maria Danneels Erf 50","city":"Capelle aan den IJssel","operatorName":"EQUANS","maxPowerKw":11,"isMegawatt":false,"status":"CHARGING","source":"ndw"}},{"type":"Feature","geometry":{"type":"Point","coordinates":[4.576614,51.950633]},"properties":{"type":"charge","layer":"passenger","locationId":"89262240","name":"EQUANS SGZH 1.0 89262240","address":"anton wachterburg 1","city":"Capelle aan den ijssel","operatorName":"EQUANS","maxPowerKw":11,"isMegawatt":false,"status":"AVAILABLE","source":"ndw"}},{"type":"Feature","geometry":{"type":"Point","coordinates":[4.568701,51.916484]},"properties":{"type":"charge","layer":"passenger","locationId":"89262177","name":"EQUANS SGZH 1.0 89262177","address":"Couperinstraat 50","city":"Capelle aan den IJssel","operatorName":"EQUANS","maxPowerKw":11,"isMegawatt":false,"status":"CHARGING","source":"ndw"}},{"type":"Feature","geometry":{"type":"Point","coordinates":[4.56196,51.91268]},"properties":{"type":"charge","layer":"passenger","locationId":"90987406","name":"EQUANS SGZH 2.0 Jan de Geusrede 12","address":"Jan de Geusrede 12","city":"Capelle aan den IJssel","operatorName":"EQUANS","maxPowerKw":11,"isMegawatt":false,"status":"AVAILABLE","source":"ndw"}},{"type":"Feature","geometry":{"type":"Point","coordinates":[4.555277,51.91564]},"properties":{"type":"charge","layer":"passenger","locationId":"90226417","name":"EQUANS SGZH 2.0 Chopinstraat 24","address":"Chopinstraat 24","city":"Capelle aan den IJssel","operatorName":"EQUANS","maxPowerKw":11,"isMegawatt":false,"status":"AVAILABLE","source":"ndw"}},{"type":"Feature","geometry":{"type":"Point","coordinates":[4.544994,51.918172]},"properties":{"type":"charge","layer":"passenger","locationId":"89262253","name":"EQUANS SGZH 1.0 89262253","address":"1e Articuslaan 29","city":"Capelle aan den IJssel","operatorName":"EQUANS","maxPowerKw":11,"isMegawatt":false,"status":"CHARGING","source":"ndw"}},{"type":"Feature","geometry":{"type":"Point","coordinates":[4.594885,51.928677]},"properties":{"type":"charge","layer":"passenger","locationId":"89262196","name":"EQUANS SGZH 1.0 89262196","address":"Karekietstraat 4","city":"Capelle aan den IJssel","operatorName":"EQUANS","maxPowerKw":11,"isMegawatt":false,"status":"AVAILABLE","source":"ndw"}},{"type":"Feature","geometry":{"type":"Point","coordinates":[4.60634,51.939364]},"properties":{"type":"charge","layer":"passenger","locationId":"89462516","name":"EQUANS SGZH 2.0 89462516","address":"Banda Neira 2","city":"Capelle aan den IJssel","operatorName":"EQUANS","maxPowerKw":11,"isMegawatt":false,"status":"CHARGING","source":"ndw"}},{"type":"Feature","geometry":{"type":"Point","coordinates":[4.572547,51.94654]},"properties":{"type":"charge","layer":"passenger","locationId":"90845353","name":"EQUANS SGZH 2.0 Stoelendans 2","address":"Stoelendans 2","city":"Capelle aan den IJssel","operatorName":"EQUANS","maxPowerKw":11,"isMegawatt":false,"status":"AVAILABLE","source":"ndw"}},{"type":"Feature","geometry":{"type":"Point","coordinates":[4.56938,51.949598]},"properties":{"type":"charge","layer":"passenger","locationId":"91257378","name":"EQUANS SGZH 2.0 Feestdans 2","address":"Feestdans 2","city":"Capelle aan den IJssel","operatorName":"EQUANS","maxPowerKw":11,"isMegawatt":false,"status":"AVAILABLE","source":"ndw"}},{"type":"Feature","geometry":{"type":"Point","coordinates":[4.584418,51.931859]},"properties":{"type":"charge","layer":"passenger","locationId":"89195918","name":"EQUANS SGZH 2.0 89195918","address":"Patrijshof 2","city":"Capelle aan den IJssel","operatorName":"EQUANS","maxPowerKw":17,"isMegawatt":false,"status":"AVAILABLE","source":"ndw"}},{"type":"Feature","geometry":{"type":"Point","coordinates":[4.56489,51.93462]},"properties":{"type":"charge","layer":"passenger","locationId":"91357106","name":"EQUANS SGZH 2.0 Bongerd 291","address":"Bongerd 291","city":"Capelle aan den IJssel","operatorName":"EQUANS","maxPowerKw":11,"isMegawatt":false,"status":"AVAILABLE","source":"ndw"}},{"type":"Feature","geometry":{"type":"Point","coordinates":[4.587973,51.932899]},"properties":{"type":"charge","layer":"passenger","locationId":"90311493","name":"EQUANS SGZH 2.0 Buizerdhof 7","address":"Buizerdhof 7","city":"Capelle aan den IJssel","operatorName":"EQUANS","maxPowerKw":11,"isMegawatt":false,"status":"AVAILABLE","source":"ndw"}},{"type":"Feature","geometry":{"type":"Point","coordinates":[4.550353,51.918293]},"properties":{"type":"charge","layer":"passenger","locationId":"89596217","name":"EQUANS SGZH 2.0 89596217","address":"Grateastraat 61","city":"Capelle aan den IJssel","operatorName":"EQUANS","maxPowerKw":11,"isMegawatt":false,"status":"AVAILABLE","source":"ndw"}},{"type":"Feature","geometry":{"type":"Point","coordinates":[4.601046,51.933721]},"properties":{"type":"charge","layer":"passenger","locationId":"89262211","name":"EQUANS SGZH 1.0 89262211","address":"De Graafschap 71","city":"Capelle aan den IJssel","operatorName":"EQUANS","maxPowerKw":11,"isMegawatt":false,"status":"AVAILABLE","source":"ndw"}},{"type":"Feature","geometry":{"type":"Point","coordinates":[4.602625,51.943439]},"properties":{"type":"charge","layer":"passenger","locationId":"60b4d94d4d510b5e0d42a3d4","name":"The Scorpio - Capelle","address":"Wormerhoek 14","city":"Capelle a/d IJssel","operatorName":"Fleet Charge Services","maxPowerKw":22,"isMegawatt":false,"status":"AVAILABLE","source":"ndw","priceKwh":0.52}},{"type":"Feature","geometry":{"type":"Point","coordinates":[4.562127,51.917442]},"properties":{"type":"charge","layer":"passenger","locationId":"90106835","name":"EQUANS SGZH 2.0 Vivaldistraat 164","address":"Vivaldistraat 164","city":"Capelle aan den IJssel","operatorName":"EQUANS","maxPowerKw":11,"isMegawatt":false,"status":"AVAILABLE","source":"ndw"}},{"type":"Feature","geometry":{"type":"Point","coordinates":[4.595469,51.951794]},"properties":{"type":"charge","layer":"passenger","locationId":"89142973","name":"EQUANS SGZH 1.0 89142973","address":"Pastel 11","city":"Capelle aan den IJssel","operatorName":"EQUANS","maxPowerKw":17,"isMegawatt":false,"status":"AVAILABLE","source":"ndw"}},{"type":"Feature","geometry":{"type":"Point","coordinates":[4.569517,51.931546]},"properties":{"type":"charge","layer":"passenger","locationId":"89262219","name":"EQUANS SGZH 1.0 89262219","address":"Bermweg 92","city":"Capelle aan den IJssel","operatorName":"EQUANS","maxPowerKw":11,"isMegawatt":false,"status":"AVAILABLE","source":"ndw"}},{"type":"Feature","geometry":{"type":"Point","coordinates":[4.60148,51.93642]},"properties":{"type":"charge","layer":"passenger","locationId":"89035150","name":"EQUANS SGZH 2.0 89035150","address":"Hollandsch Diep 71","city":"Capelle aan den IJssel","operatorName":"EQUANS","maxPowerKw":11,"isMegawatt":false,"status":"AVAILABLE","source":"ndw"}},{"type":"Feature","geometry":{"type":"Point","coordinates":[4.57408,51.941051]},"properties":{"type":"charge","layer":"passenger","locationId":"89981305","name":"EQUANS SGZH 2.0 Capelseweg 39","address":"Capelseweg 39","city":"Capelle aan den IJssel","operatorName":"EQUANS","maxPowerKw":11,"isMegawatt":false,"status":"AVAILABLE","source":"ndw"}},{"type":"Feature","geometry":{"type":"Point","coordinates":[4.565699,51.917695]},"properties":{"type":"charge","layer":"passenger","locationId":"89262166","name":"EQUANS SGZH 1.0 89262166","address":"Puccinistraat 105","city":"Capelle aan den IJssel","operatorName":"EQUANS","maxPowerKw":11,"isMegawatt":false,"status":"AVAILABLE","source":"ndw"}},{"type":"Feature","geometry":{"type":"Point","coordinates":[4.581758,51.957982]},"properties":{"type":"charge","layer":"passenger","locationId":"6335872548e6174dc4dc9ecd","name":"Praxis Capelle a/d IJssel MEGA","address":"Hoofdweg 46b","city":"Capelle aan den Ijssel","operatorName":"Alva Charging Services","maxPowerKw":76,"isMegawatt":false,"status":"AVAILABLE","source":"ndw","priceKwh":0.668}},{"type":"Feature","geometry":{"type":"Point","coordinates":[4.56296,51.9189]},"properties":{"type":"charge","layer":"passenger","locationId":"89178200","name":"EQUANS SGZH 2.0 Bizetstraat 23","address":"Bizetstraat 23","city":"Capelle aan den IJssel","operatorName":"EQUANS","maxPowerKw":17,"isMegawatt":false,"status":"AVAILABLE","source":"ndw"}},{"type":"Feature","geometry":{"type":"Point","coordinates":[4.57052,51.92255]},"properties":{"type":"charge","layer":"passenger","locationId":"89035141","name":"EQUANS SGZH 2.0 89035141","address":"Wagnerstraat 13","city":"Capelle aan den IJssel","operatorName":"EQUANS","maxPowerKw":11,"isMegawatt":false,"status":"AVAILABLE","source":"ndw"}},{"type":"Feature","geometry":{"type":"Point","coordinates":[4.581778,51.930282]},"properties":{"type":"charge","layer":"passenger","locationId":"91036591","name":"EQUANS SGZH 2.0 Merellaan 220","address":"Merellaan 220","city":"Capelle aan den IJssel","operatorName":"EQUANS","maxPowerKw":11,"isMegawatt":false,"status":"AVAILABLE","source":"ndw"}},{"type":"Feature","geometry":{"type":"Point","coordinates":[4.577182,51.927428]},"properties":{"type":"charge","layer":"passenger","locationId":"89262188","name":"EQUANS SGZH 1.0 89262188","address":"Frederik van Eedenplaats 255","city":"Capelle aan den IJssel","operatorName":"EQUANS","maxPowerKw":11,"isMegawatt":false,"status":"CHARGING","source":"ndw"}},{"type":"Feature","geometry":{"type":"Point","coordinates":[4.583727,51.923195]},"properties":{"type":"charge","layer":"passenger","locationId":"89628486","name":"EQUANS SGZH 2.0 89628486","address":"Slotplein 69","city":"Capelle aan den IJssel","operatorName":"EQUANS","maxPowerKw":11,"isMegawatt":false,"status":"AVAILABLE","source":"ndw"}},{"type":"Feature","geometry":{"type":"Point","coordinates":[4.571145,51.917272]},"properties":{"type":"charge","layer":"passenger","locationId":"89470253","name":"EQUANS SGZH 2.0 89470253","address":"Léharstraat 22","city":"Capelle aan den IJssel","operatorName":"EQUANS","maxPowerKw":17,"isMegawatt":false,"status":"AVAILABLE","source":"ndw"}},{"type":"Feature","geometry":{"type":"Point","coordinates":[4.570956,51.921003]},"properties":{"type":"charge","layer":"passenger","locationId":"89262175","name":"EQUANS SGZH 1.0 89262175","address":"Paganinistraat 62","city":"Capelle aan den IJssel","operatorName":"EQUANS","maxPowerKw":11,"isMegawatt":false,"status":"AVAILABLE","source":"ndw"}},{"type":"Feature","geometry":{"type":"Point","coordinates":[4.591359,51.9558]},"properties":{"type":"charge","layer":"passenger","locationId":"90327022","name":"EQUANS SGZH 2.0 Filosofentuin 1 A","address":"Filosofentuin 1 A","city":"Capelle aan den IJssel","operatorName":"EQUANS","maxPowerKw":11,"isMegawatt":false,"status":"AVAILABLE","source":"ndw"}},{"type":"Feature","geometry":{"type":"Point","coordinates":[4.596656,51.938474]},"properties":{"type":"charge","layer":"passenger","locationId":"89262215","name":"EQUANS SGZH 1.0 89262215","address":"Beemsterhoek 337","city":"Capelle aan den ijssel","operatorName":"EQUANS","maxPowerKw":11,"isMegawatt":false,"status":"AVAILABLE","source":"ndw"}},{"type":"Feature","geometry":{"type":"Point","coordinates":[4.595794,51.953308]},"properties":{"type":"charge","layer":"passenger","locationId":"89262224","name":"EQUANS SGZH 1.0 89262224","address":"Grafiek 93","city":"Capelle aan den IJssel","operatorName":"EQUANS","maxPowerKw":11,"isMegawatt":false,"status":"CHARGING","source":"ndw"}},{"type":"Feature","geometry":{"type":"Point","coordinates":[4.579107,51.955544]},"properties":{"type":"charge","layer":"passenger","locationId":"89124608","name":"EQUANS SGZH 1.0 89124608","address":"Ringspoor 70","city":"Capelle aan den IJssel","operatorName":"EQUANS","maxPowerKw":22,"isMegawatt":false,"status":"CHARGING","source":"ndw"}},{"type":"Feature","geometry":{"type":"Point","coordinates":[4.58365,51.95312]},"properties":{"type":"charge","layer":"passenger","locationId":"91484265","name":"EQUANS SGZH 2.0 Zadkinerade 12","address":"Zadkinerade 12","city":"Capelle aan den IJssel","operatorName":"EQUANS","maxPowerKw":11,"isMegawatt":false,"status":"AVAILABLE","source":"ndw"}},{"type":"Feature","geometry":{"type":"Point","coordinates":[4.55674,51.91667]},"properties":{"type":"charge","layer":"passenger","locationId":"91328872","name":"EQUANS SGZH 2.0 Chopinstraat 121","address":"Chopinstraat 121","city":"Capelle aan den IJssel","operatorName":"EQUANS","maxPowerKw":11,"isMegawatt":false,"status":"AVAILABLE","source":"ndw"}},{"type":"Feature","geometry":{"type":"Point","coordinates":[4.545265,51.909931]},"properties":{"type":"charge","layer":"passenger","locationId":"d6cae760-69a5-4a6e-9d73-d4464b075bc0","name":"Rivium Boulevard 41","address":"Rivium Boulevard 41","city":"Capelle aan den IJSSEL","operatorName":"Vattenfall InCharge","maxPowerKw":22,"isMegawatt":false,"status":"AVAILABLE","source":"ndw"}},{"type":"Feature","geometry":{"type":"Point","coordinates":[4.56961,51.94829]},"properties":{"type":"charge","layer":"passenger","locationId":"91339784","name":"EQUANS SGZH 2.0 Vrijheidsdans 8","address":"Vrijheidsdans 8","city":"Capelle aan den IJssel","operatorName":"EQUANS","maxPowerKw":11,"isMegawatt":false,"status":"AVAILABLE","source":"ndw"}},{"type":"Feature","geometry":{"type":"Point","coordinates":[4.57649,51.94613]},"properties":{"type":"charge","layer":"passenger","locationId":"91283271","name":"EQUANS SGZH 2.0 Roos van Dekama erf 4","address":"Roos van Dekama erf 4","city":"Capelle aan den IJssel","operatorName":"EQUANS","maxPowerKw":11,"isMegawatt":false,"status":"AVAILABLE","source":"ndw"}},{"type":"Feature","geometry":{"type":"Point","coordinates":[4.542778,51.913067]},"properties":{"type":"charge","layer":"passenger","locationId":"6810acfcd0e82453301671a8","name":"PVM Vastgoedbeheer (Rivium Westlaan)","address":"Rivium Westlaan 72-86","city":"Capelle aan den Ijssel","operatorName":"Pluq","maxPowerKw":11,"isMegawatt":false,"status":"AVAILABLE","source":"ndw","priceKwh":0.4}},{"type":"Feature","geometry":{"type":"Point","coordinates":[4.543463,51.91671]},"properties":{"type":"charge","layer":"passenger","locationId":"8cb06acb-ba23-44db-bd07-d1a72eeaba2b","name":"Tjaliehof","address":"Tjaliehof 7","city":"Capelle aan den IJssel","operatorName":"Vattenfall InCharge","maxPowerKw":7,"isMegawatt":false,"status":"AVAILABLE","source":"ndw"}},{"type":"Feature","geometry":{"type":"Point","coordinates":[4.577834,51.957392]},"properties":{"type":"charge","layer":"passenger","locationId":"611371684c0257b3cfc20369","name":"Rietbaan 2-12, 29085 LP Capelle aan den IJssel, NL","address":"Rietbaan 2-12,","city":"Capelle aan den IJssel","operatorName":"E-Flux by Road","maxPowerKw":22,"isMegawatt":false,"status":"UNAVAILABLE","source":"ndw"}},{"type":"Feature","geometry":{"type":"Point","coordinates":[4.570416,51.947714]},"properties":{"type":"charge","layer":"passenger","locationId":"89052279","name":"EQUANS SGZH 1.0 89052279","address":"Pauwendans 2","city":"Capelle aan den IJssel","operatorName":"EQUANS","maxPowerKw":11,"isMegawatt":false,"status":"CHARGING","source":"ndw"}},{"type":"Feature","geometry":{"type":"Point","coordinates":[4.571532,51.919173]},"properties":{"type":"charge","layer":"passenger","locationId":"89262172","name":"EQUANS SGZH 1.0 89262172","address":"Donizettistraat 45","city":"Capelle aan den IJssel","operatorName":"EQUANS","maxPowerKw":11,"isMegawatt":false,"status":"AVAILABLE","source":"ndw"}},{"type":"Feature","geometry":{"type":"Point","coordinates":[4.566049,51.9249]},"properties":{"type":"charge","layer":"freight","locationId":"2092","name":"IONITY GmbH IONITY Capelle aan den IJssel","address":"Rhijnspoor Near 277","city":"Capelle aan den IJssel","operatorName":"IONITY","maxPowerKw":400,"isMegawatt":false,"status":"AVAILABLE","source":"ndw","priceKwh":0.6283,"freightKind":"hpc","freightReason":"power"}},{"type":"Feature","geometry":{"type":"Point","coordinates":[4.578413,51.956974]},"properties":{"type":"charge","layer":"freight","locationId":"aebe37d0-ac93-45a7-86f0-fff592c412a3","name":"Tango Capelle aan den IJssel Hoofdweg 1-2","address":"Hoofdweg Zuid 30","city":"Capelle aan den IJssel","operatorName":"Tango electric","maxPowerKw":350,"isMegawatt":false,"status":"AVAILABLE","source":"ndw","priceKwh":0.27,"freightKind":"hpc","freightReason":"power"}},{"type":"Feature","geometry":{"type":"MultiPolygon","coordinates":[[[[4.590188574346949,51.96014289046937],[4.595049359000462,51.9560370166808],[4.595332404456837,51.95579790777426],[4.599392331291625,51.95198415481583],[4.602068266512764,51.949475541462384],[4.599742576888979,51.94766608338022],[4.6036992760550435,51.944807774082605],[4.605905573988035,51.94323222497885],[4.610497246865031,51.93990879049209],[4.614246011101763,51.9372308267649],[4.6189243256101165,51.9338948171118],[4.619488886274293,51.93349203849048],[4.617704237663643,51.931049894051995],[4.615068225341988,51.92735336512155],[4.613236091041473,51.926076956162944],[4.610724797719123,51.92534081213057],[4.607054322704516,51.925682117175505],[4.601683661958514,51.92665077386742],[4.598155922369752,51.92608268554317],[4.59395977898258,51.924475910141986],[4.588137149858964,51.92179583628889],[4.582840229533253,51.9207767076269],[4.581280844964339,51.91986795479535],[4.579491459730572,51.91682911882285],[4.579455080926434,51.91675356273798],[4.577152022237058,51.914551417807154],[4.571183785273329,51.91186537413485],[4.566061467733793,51.90924629198523],[4.558685601557827,51.908238752972565],[4.549901701739876,51.90672841055461],[4.550640869598624,51.90883238533548],[4.5511714431664485,51.90902712201555],[4.550940069305371,51.909319452534234],[4.551051007349476,51.90963786545922],[4.551218033688874,51.90961321905438],[4.552839550144224,51.910124805083946],[4.555552811044914,51.910541140691706],[4.556828767615017,51.910385590218226],[4.556716866159795,51.9121157537981],[4.556496299922063,51.91480303681306],[4.554025332865342,51.91477946836856],[4.554256700382942,51.91650496778864],[4.553996252230622,51.91661772033092],[4.5503361134864155,51.91486182268132],[4.550101344001827,51.91437801477408],[4.54863958301776,51.91040149150275],[4.547233280163702,51.90694640943742],[4.546133826113076,51.90657786402245],[4.543388850459089,51.90622003236791],[4.542136350966031,51.90620453312675],[4.541677368602695,51.90685230175625],[4.540084933979947,51.90909967188454],[4.539220279561129,51.911692316002316],[4.538332655940638,51.91189782497141],[4.537185622439363,51.91403629698316],[4.537439174907209,51.91468226819836],[4.538231348935153,51.914910898481104],[4.538222390706814,51.91534417915082],[4.540522903788623,51.91524186513607],[4.537851855994515,51.91931730425293],[4.537549817823661,51.91977841057026],[4.5451615382669335,51.91929140728759],[4.5520792303548205,51.91944956852241],[4.556327652477916,51.92031632785175],[4.556910085187012,51.919913809493515],[4.55772800927976,51.92036252378943],[4.560885991853431,51.92166271611248],[4.561524287383445,51.92187443034491],[4.5614528111651325,51.92217309006135],[4.563185779542306,51.92282387528321],[4.564551615906645,51.9236325231383],[4.565777576495247,51.92506426928253],[4.565688711526341,51.925550925775354],[4.565995783637946,51.92573737121707],[4.566239140859462,51.92590872504761],[4.565155256024838,51.92891425217476],[4.565152985603959,51.92917888396833],[4.564702604563573,51.92954708558667],[4.565288460699115,51.92982569474984],[4.564387289253417,51.931954171239646],[4.5642130298938035,51.93236576662483],[4.562724421876055,51.935881361639986],[4.562646758559009,51.93606476077827],[4.560594559694458,51.940910072863346],[4.567594249719391,51.94198188498924],[4.570499436248967,51.94242660811489],[4.572779732121522,51.94345607806526],[4.567437291852003,51.947957797466806],[4.564604184490438,51.950349531715894],[4.564063400526317,51.95080889300315],[4.562405514699174,51.95472430335451],[4.561587367528348,51.95665400054466],[4.562898976741365,51.95686468119938],[4.562052955744627,51.95887463695008],[4.56436696433355,51.9599246292531],[4.566795266847424,51.957881837054714],[4.567890870392046,51.958186844650065],[4.570507908885062,51.95910000254446],[4.575149158497221,51.961267245631376],[4.580385269008731,51.96375889690232],[4.583805467052546,51.965491875701034],[4.583992173733809,51.96536906246077],[4.588459883091934,51.9616026542683],[4.590188574346949,51.96014289046937]]]]},"properties":{"type":"boundary","gemeente":"Capelle aan den IJssel","code":"GM0502"}}]}