{"type":"FeatureCollection","metadata":{"gemeente":"Delft","slug":"delft","code":"GM0503","generated_at":"2026-07-06T16:26:11.361Z","total_passenger":434,"total_freight":1,"bounds":[4.3202177544235685,51.966316407299715,4.407910755307138,52.03259901757016],"operators":["ChargePoint","DAEN Mobility","E-Flux by Road","EQUANS","Eneco","Fastned","IONITY","Laadnet","Opcharge","Smappee","Spirii","Vattenfall InCharge"]},"features":[{"type":"Feature","geometry":{"type":"Point","coordinates":[4.36165,52.00104]},"properties":{"type":"charge","layer":"passenger","locationId":"90877353","name":"EQUANS SGZH 2.0 Abtswoudseweg 133","address":"Abtswoudseweg 133","city":"Delft","operatorName":"EQUANS","maxPowerKw":11,"isMegawatt":false,"status":"CHARGING","source":"ndw"}},{"type":"Feature","geometry":{"type":"Point","coordinates":[4.369563,52.00701]},"properties":{"type":"charge","layer":"passenger","locationId":"C521A762-E6D1-46BC-BE56-4FA8B4B26086","name":"Eneco eMobility HaskoningDHV Nederland B.V. - Delft","address":"Mijnbouwstraat 120","city":"Delft","operatorName":"Eneco","maxPowerKw":11,"isMegawatt":false,"status":"AVAILABLE","source":"ndw","priceKwh":0.3}},{"type":"Feature","geometry":{"type":"Point","coordinates":[4.324361,52.006864]},"properties":{"type":"charge","layer":"passenger","locationId":"89261591","name":"EQUANS SGZH 1.0 89261591","address":"Leehoeve 20","city":"Delft","operatorName":"EQUANS","maxPowerKw":11,"isMegawatt":false,"status":"AVAILABLE","source":"ndw"}},{"type":"Feature","geometry":{"type":"Point","coordinates":[4.341589,51.996068]},"properties":{"type":"charge","layer":"passenger","locationId":"89254245","name":"EQUANS SGZH 2.0 89254245","address":"Griegstraat 16","city":"Delft","operatorName":"EQUANS","maxPowerKw":11,"isMegawatt":false,"status":"CHARGING","source":"ndw"}},{"type":"Feature","geometry":{"type":"Point","coordinates":[4.351309,52.012739]},"properties":{"type":"charge","layer":"passenger","locationId":"89568255","name":"EQUANS SGZH 2.0 89568255","address":"C. Fockstraat 1","city":"Delft","operatorName":"EQUANS","maxPowerKw":11,"isMegawatt":false,"status":"AVAILABLE","source":"ndw"}},{"type":"Feature","geometry":{"type":"Point","coordinates":[4.361102,51.991593]},"properties":{"type":"charge","layer":"passenger","locationId":"89087055","name":"EQUANS SGZH 1.0 89087055","address":"Willem Kloospad 26 - Boutenspad 1","city":"Delft","operatorName":"EQUANS","maxPowerKw":22,"isMegawatt":false,"status":"AVAILABLE","source":"ndw"}},{"type":"Feature","geometry":{"type":"Point","coordinates":[4.359068,51.985687]},"properties":{"type":"charge","layer":"passenger","locationId":"89261621","name":"EQUANS SGZH 1.0 89261621","address":"Koekamp 21","city":"Delft","operatorName":"EQUANS","maxPowerKw":11,"isMegawatt":false,"status":"AVAILABLE","source":"ndw"}},{"type":"Feature","geometry":{"type":"Point","coordinates":[4.36051,52.02205]},"properties":{"type":"charge","layer":"passenger","locationId":"FA707AAA-A59E-4447-B07A-AD12C03AED40","name":"Eneco eMobility GGZ Delfland - Delft","address":"Sint Jorisweg 2","city":"Delft","operatorName":"Eneco","maxPowerKw":11,"isMegawatt":false,"status":"AVAILABLE","source":"ndw","priceKwh":0.37}},{"type":"Feature","geometry":{"type":"Point","coordinates":[4.346817,51.991345]},"properties":{"type":"charge","layer":"passenger","locationId":"89942833","name":"EQUANS SGZH 2.0 89942833","address":"Pijperring 59","city":"Delft","operatorName":"EQUANS","maxPowerKw":11,"isMegawatt":false,"status":"AVAILABLE","source":"ndw"}},{"type":"Feature","geometry":{"type":"Point","coordinates":[4.353543,51.9961]},"properties":{"type":"charge","layer":"passenger","locationId":"89261628","name":"EQUANS SGZH 1.0 89261628","address":"Roland Holstlaan 2A","city":"Delft","operatorName":"EQUANS","maxPowerKw":11,"isMegawatt":false,"status":"AVAILABLE","source":"ndw"}},{"type":"Feature","geometry":{"type":"Point","coordinates":[4.360616,52.003274]},"properties":{"type":"charge","layer":"passenger","locationId":"89228025","name":"EQUANS SGZH 2.0 89228025","address":"Laan van Van der Gaag 17","city":"Delft","operatorName":"EQUANS","maxPowerKw":11,"isMegawatt":false,"status":"AVAILABLE","source":"ndw"}},{"type":"Feature","geometry":{"type":"Point","coordinates":[4.343243,52.006039]},"properties":{"type":"charge","layer":"passenger","locationId":"90851408","name":"EQUANS SGZH 2.0 Lodenvloer 37","address":"Lodenvloer 37","city":"Delft","operatorName":"EQUANS","maxPowerKw":11,"isMegawatt":false,"status":"AVAILABLE","source":"ndw"}},{"type":"Feature","geometry":{"type":"Point","coordinates":[4.375333,52.010209]},"properties":{"type":"charge","layer":"passenger","locationId":"923536","name":"EVB-P1630607","address":"Poortweg 4","city":"Delft","operatorName":"DAEN Mobility","maxPowerKw":11,"isMegawatt":false,"status":"AVAILABLE","source":"ndw","priceKwh":0.24}},{"type":"Feature","geometry":{"type":"Point","coordinates":[4.377631,52.003098]},"properties":{"type":"charge","layer":"passenger","locationId":"89086951","name":"EQUANS SGZH 1.0 89086951","address":"Hendrik Casimirstraat 27","city":"Delft","operatorName":"EQUANS","maxPowerKw":22,"isMegawatt":false,"status":"AVAILABLE","source":"ndw"}},{"type":"Feature","geometry":{"type":"Point","coordinates":[4.346277,51.994817]},"properties":{"type":"charge","layer":"passenger","locationId":"89261651","name":"EQUANS SGZH 1.0 89261651","address":"Diepenbrockstraat 255","city":"Delft","operatorName":"EQUANS","maxPowerKw":11,"isMegawatt":false,"status":"AVAILABLE","source":"ndw"}},{"type":"Feature","geometry":{"type":"Point","coordinates":[4.38376,52.00135]},"properties":{"type":"charge","layer":"passenger","locationId":"90928482","name":"EQUANS SGZH 2.0 Friedhoffplantsoen 15","address":"Friedhoffplantsoen 15","city":"Delft","operatorName":"EQUANS","maxPowerKw":11,"isMegawatt":false,"status":"AVAILABLE","source":"ndw"}},{"type":"Feature","geometry":{"type":"Point","coordinates":[4.35271,51.98946]},"properties":{"type":"charge","layer":"passenger","locationId":"91448159","name":"EQUANS SGZH 2.0 Aart van der Leeuwlaan 1058","address":"Aart van der Leeuwlaan 1058","city":"Delft","operatorName":"EQUANS","maxPowerKw":11,"isMegawatt":false,"status":"AVAILABLE","source":"ndw"}},{"type":"Feature","geometry":{"type":"Point","coordinates":[4.357025,51.981277]},"properties":{"type":"charge","layer":"passenger","locationId":"90020617","name":"EQUANS SGZH 2.0 Ooievaarstraat 13","address":"Ooievaarstraat 13","city":"Delft","operatorName":"EQUANS","maxPowerKw":11,"isMegawatt":false,"status":"AVAILABLE","source":"ndw"}},{"type":"Feature","geometry":{"type":"Point","coordinates":[4.365644,51.9813]},"properties":{"type":"charge","layer":"passenger","locationId":"90311567","name":"EQUANS SGZH 2.0 Arendlaan 36","address":"Arendlaan 36","city":"Delft","operatorName":"EQUANS","maxPowerKw":11,"isMegawatt":false,"status":"AVAILABLE","source":"ndw"}},{"type":"Feature","geometry":{"type":"Point","coordinates":[4.362174,52.018569]},"properties":{"type":"charge","layer":"passenger","locationId":"89261561","name":"EQUANS SGZH 1.0 89261561","address":"Palamedesstraat 38","city":"Delft","operatorName":"EQUANS","maxPowerKw":11,"isMegawatt":false,"status":"AVAILABLE","source":"ndw"}},{"type":"Feature","geometry":{"type":"Point","coordinates":[4.341139,51.999917]},"properties":{"type":"charge","layer":"passenger","locationId":"89362784","name":"EQUANS SGZH 2.0 89362784","address":"Witmolen 12","city":"Delft","operatorName":"EQUANS","maxPowerKw":11,"isMegawatt":false,"status":"CHARGING","source":"ndw"}},{"type":"Feature","geometry":{"type":"Point","coordinates":[4.340516,51.998995]},"properties":{"type":"charge","layer":"passenger","locationId":"89568266","name":"EQUANS SGZH 2.0 89568266","address":"Reinier de Graafweg 76","city":"Delft","operatorName":"EQUANS","maxPowerKw":11,"isMegawatt":false,"status":"AVAILABLE","source":"ndw"}},{"type":"Feature","geometry":{"type":"Point","coordinates":[4.375778,52.009246]},"properties":{"type":"charge","layer":"passenger","locationId":"90385820","name":"EQUANS SGZH 2.0 Simonsstraat 2","address":"Simonsstraat 2","city":"Delft","operatorName":"EQUANS","maxPowerKw":11,"isMegawatt":false,"status":"AVAILABLE","source":"ndw"}},{"type":"Feature","geometry":{"type":"Point","coordinates":[4.357157,52.016848]},"properties":{"type":"charge","layer":"passenger","locationId":"89261533","name":"EQUANS SGZH 1.0 89261533","address":"Paardenmarkt 83","city":"Delft","operatorName":"EQUANS","maxPowerKw":11,"isMegawatt":false,"status":"AVAILABLE","source":"ndw"}},{"type":"Feature","geometry":{"type":"Point","coordinates":[4.369306,52.017579]},"properties":{"type":"charge","layer":"passenger","locationId":"89261559","name":"EQUANS SGZH 1.0 89261559","address":"Oude IJsbaan 137","city":"Delft","operatorName":"EQUANS","maxPowerKw":11,"isMegawatt":false,"status":"AVAILABLE","source":"ndw"}},{"type":"Feature","geometry":{"type":"Point","coordinates":[4.362493,52.016109]},"properties":{"type":"charge","layer":"passenger","locationId":"89261552","name":"EQUANS SGZH 1.0 89261552","address":"Oostsingel 124","city":"Delft","operatorName":"EQUANS","maxPowerKw":11,"isMegawatt":false,"status":"AVAILABLE","source":"ndw"}},{"type":"Feature","geometry":{"type":"Point","coordinates":[4.359775,51.996102]},"properties":{"type":"charge","layer":"passenger","locationId":"91193643","name":"EQUANS SGZH 2.0 Isaac Da Costalaan 349","address":"Isaac Da Costalaan 349","city":"Delft","operatorName":"EQUANS","maxPowerKw":11,"isMegawatt":false,"status":"AVAILABLE","source":"ndw"}},{"type":"Feature","geometry":{"type":"Point","coordinates":[4.337459,51.994065]},"properties":{"type":"charge","layer":"passenger","locationId":"89358835","name":"EQUANS SGZH 2.0 89358835","address":"Sibeliuslaan 14","city":"Delft","operatorName":"EQUANS","maxPowerKw":11,"isMegawatt":false,"status":"AVAILABLE","source":"ndw"}},{"type":"Feature","geometry":{"type":"Point","coordinates":[4.338693,51.979716]},"properties":{"type":"charge","layer":"passenger","locationId":"89477483","name":"EQUANS SGZH 2.0 89477483","address":"Zambezilaan 106","city":"Delft","operatorName":"EQUANS","maxPowerKw":11,"isMegawatt":false,"status":"AVAILABLE","source":"ndw"}},{"type":"Feature","geometry":{"type":"Point","coordinates":[4.373723,52.013599]},"properties":{"type":"charge","layer":"passenger","locationId":"89193029","name":"EQUANS SGZH 2.0 89193029","address":"Hendrick de Keyserweg 36","city":"Delft","operatorName":"EQUANS","maxPowerKw":11,"isMegawatt":false,"status":"AVAILABLE","source":"ndw"}},{"type":"Feature","geometry":{"type":"Point","coordinates":[4.360655,52.008335]},"properties":{"type":"charge","layer":"passenger","locationId":"89221156","name":"EQUANS SGZH 2.0 89221156","address":"Gasthuissteeg 7","city":"Delft","operatorName":"EQUANS","maxPowerKw":17,"isMegawatt":false,"status":"AVAILABLE","source":"ndw"}},{"type":"Feature","geometry":{"type":"Point","coordinates":[4.349275,52.011004]},"properties":{"type":"charge","layer":"passenger","locationId":"89261568","name":"EQUANS SGZH 1.0 89261568","address":"Willemstraat 51","city":"Delft","operatorName":"EQUANS","maxPowerKw":11,"isMegawatt":false,"status":"AVAILABLE","source":"ndw"}},{"type":"Feature","geometry":{"type":"Point","coordinates":[4.337871,51.98257]},"properties":{"type":"charge","layer":"passenger","locationId":"89261607","name":"EQUANS SGZH 1.0 89261607","address":"Guineelaan 48","city":"Delft","operatorName":"EQUANS","maxPowerKw":11,"isMegawatt":false,"status":"AVAILABLE","source":"ndw"}},{"type":"Feature","geometry":{"type":"Point","coordinates":[4.354244,52.006615]},"properties":{"type":"charge","layer":"passenger","locationId":"89439581","name":"EQUANS SGZH 2.0 89439581","address":"Pootstraat 35","city":"Delft","operatorName":"EQUANS","maxPowerKw":11,"isMegawatt":false,"status":"AVAILABLE","source":"ndw"}},{"type":"Feature","geometry":{"type":"Point","coordinates":[4.35852,52.006787]},"properties":{"type":"charge","layer":"passenger","locationId":"90893083","name":"EQUANS SGZH 2.0 Westvest 47","address":"Westvest 47","city":"Delft","operatorName":"EQUANS","maxPowerKw":11,"isMegawatt":false,"status":"AVAILABLE","source":"ndw"}},{"type":"Feature","geometry":{"type":"Point","coordinates":[4.357004,52.018498]},"properties":{"type":"charge","layer":"passenger","locationId":"89261541","name":"EQUANS SGZH 1.0 89261541","address":"Nieuwe Plantage 5","city":"Delft","operatorName":"EQUANS","maxPowerKw":11,"isMegawatt":false,"status":"AVAILABLE","source":"ndw"}},{"type":"Feature","geometry":{"type":"Point","coordinates":[4.353798,52.020609]},"properties":{"type":"charge","layer":"passenger","locationId":"89228016","name":"EQUANS SGZH 2.0 89228016","address":"Timorstraat 14","city":"Delft","operatorName":"EQUANS","maxPowerKw":11,"isMegawatt":false,"status":"AVAILABLE","source":"ndw"}},{"type":"Feature","geometry":{"type":"Point","coordinates":[4.355073,52.016286]},"properties":{"type":"charge","layer":"passenger","locationId":"89261540","name":"EQUANS SGZH 1.0 89261540","address":"Geerboogerd 26","city":"Delft","operatorName":"EQUANS","maxPowerKw":11,"isMegawatt":false,"status":"CHARGING","source":"ndw"}},{"type":"Feature","geometry":{"type":"Point","coordinates":[4.34587,51.987909]},"properties":{"type":"charge","layer":"passenger","locationId":"89261646","name":"EQUANS SGZH 1.0 89261646","address":"Vrijheidslaan 8","city":"Delft","operatorName":"EQUANS","maxPowerKw":11,"isMegawatt":false,"status":"CHARGING","source":"ndw"}},{"type":"Feature","geometry":{"type":"Point","coordinates":[4.364668,52.01028]},"properties":{"type":"charge","layer":"passenger","locationId":"89264184","name":"EQUANS SGZH 1.0 89264184","address":"Kruisstraat 75","city":"Delft","operatorName":"EQUANS","maxPowerKw":2,"isMegawatt":false,"status":"AVAILABLE","source":"ndw"}},{"type":"Feature","geometry":{"type":"Point","coordinates":[4.32644,52.009249]},"properties":{"type":"charge","layer":"passenger","locationId":"90399959","name":"EQUANS SGZH 2.0 Kristalweg 150","address":"Kristalweg 150","city":"Delft","operatorName":"EQUANS","maxPowerKw":11,"isMegawatt":false,"status":"CHARGING","source":"ndw"}},{"type":"Feature","geometry":{"type":"Point","coordinates":[4.347454,52.012534]},"properties":{"type":"charge","layer":"passenger","locationId":"89261563","name":"EQUANS SGZH 1.0 89261563","address":"Hof van Delftlaan 68","city":"Delft","operatorName":"EQUANS","maxPowerKw":11,"isMegawatt":false,"status":"AVAILABLE","source":"ndw"}},{"type":"Feature","geometry":{"type":"Point","coordinates":[4.362382,51.98081]},"properties":{"type":"charge","layer":"passenger","locationId":"89261617","name":"EQUANS SGZH 1.0 89261617","address":"Buizerdlaan 44","city":"Delft","operatorName":"EQUANS","maxPowerKw":11,"isMegawatt":false,"status":"AVAILABLE","source":"ndw"}},{"type":"Feature","geometry":{"type":"Point","coordinates":[4.38454,52.010941]},"properties":{"type":"charge","layer":"passenger","locationId":"90175533","name":"EQUANS SGZH 2.0 Hoflaan 18","address":"Hoflaan 18","city":"Delft","operatorName":"EQUANS","maxPowerKw":11,"isMegawatt":false,"status":"AVAILABLE","source":"ndw"}},{"type":"Feature","geometry":{"type":"Point","coordinates":[4.35605,51.995057]},"properties":{"type":"charge","layer":"passenger","locationId":"89358834","name":"EQUANS SGZH 2.0 89358834","address":"Willem Bilderdijkhof 13","city":"Delft","operatorName":"EQUANS","maxPowerKw":11,"isMegawatt":false,"status":"CHARGING","source":"ndw"}},{"type":"Feature","geometry":{"type":"Point","coordinates":[4.357153,51.994827]},"properties":{"type":"charge","layer":"passenger","locationId":"89261626","name":"EQUANS SGZH 1.0 89261626","address":"Potgieterlaan 4","city":"Delft","operatorName":"EQUANS","maxPowerKw":11,"isMegawatt":false,"status":"AVAILABLE","source":"ndw"}},{"type":"Feature","geometry":{"type":"Point","coordinates":[4.355062,51.992115]},"properties":{"type":"charge","layer":"passenger","locationId":"89261633","name":"EQUANS SGZH 1.0 89261633","address":"Jan Campertlaan 3","city":"Delft","operatorName":"EQUANS","maxPowerKw":11,"isMegawatt":false,"status":"AVAILABLE","source":"ndw"}},{"type":"Feature","geometry":{"type":"Point","coordinates":[4.352553,52.01061]},"properties":{"type":"charge","layer":"passenger","locationId":"89261569","name":"EQUANS SGZH 1.0 89261569","address":"Paxlaan 42","city":"Delft","operatorName":"EQUANS","maxPowerKw":11,"isMegawatt":false,"status":"AVAILABLE","source":"ndw"}},{"type":"Feature","geometry":{"type":"Point","coordinates":[4.347815,51.985022]},"properties":{"type":"charge","layer":"passenger","locationId":"89261609","name":"EQUANS SGZH 1.0 89261609","address":"Sandinoweg 4","city":"Delft","operatorName":"EQUANS","maxPowerKw":11,"isMegawatt":false,"status":"AVAILABLE","source":"ndw"}},{"type":"Feature","geometry":{"type":"Point","coordinates":[4.356356,51.994279]},"properties":{"type":"charge","layer":"passenger","locationId":"89358836","name":"EQUANS SGZH 2.0 89358836","address":"Bosboom-Toussaintplein 2","city":"Delft","operatorName":"EQUANS","maxPowerKw":11,"isMegawatt":false,"status":"AVAILABLE","source":"ndw"}},{"type":"Feature","geometry":{"type":"Point","coordinates":[4.338872,51.980594]},"properties":{"type":"charge","layer":"passenger","locationId":"90189343","name":"EQUANS SGZH 2.0 Zambezilaan 71","address":"Zambezilaan 71","city":"Delft","operatorName":"EQUANS","maxPowerKw":11,"isMegawatt":false,"status":"AVAILABLE","source":"ndw"}},{"type":"Feature","geometry":{"type":"Point","coordinates":[4.355651,51.995691]},"properties":{"type":"charge","layer":"passenger","locationId":"90300322","name":"EQUANS SGZH 2.0 Willem Bilderdijkhof 133","address":"Willem Bilderdijkhof 133","city":"Delft","operatorName":"EQUANS","maxPowerKw":11,"isMegawatt":false,"status":"AVAILABLE","source":"ndw"}},{"type":"Feature","geometry":{"type":"Point","coordinates":[4.35958,51.98172]},"properties":{"type":"charge","layer":"passenger","locationId":"89076514","name":"EQUANS SGZH 1.0 89076514","address":"Meerkoetlaan 137","city":"Delft","operatorName":"EQUANS","maxPowerKw":11,"isMegawatt":false,"status":"CHARGING","source":"ndw"}},{"type":"Feature","geometry":{"type":"Point","coordinates":[4.392855,51.983412]},"properties":{"type":"charge","layer":"passenger","locationId":"50008","name":"Fastned Vrijenban","address":"Vrijenban A13","city":"Delft","operatorName":"Fastned","maxPowerKw":300,"isMegawatt":false,"status":"AVAILABLE","source":"ndw","priceKwh":0.6364}},{"type":"Feature","geometry":{"type":"Point","coordinates":[4.353114,51.983585]},"properties":{"type":"charge","layer":"passenger","locationId":"90205336","name":"EQUANS SGZH 2.0 Argentiniëstraat 116","address":"Argentiniëstraat 116","city":"Delft","operatorName":"EQUANS","maxPowerKw":11,"isMegawatt":false,"status":"AVAILABLE","source":"ndw"}},{"type":"Feature","geometry":{"type":"Point","coordinates":[4.341191,51.993046]},"properties":{"type":"charge","layer":"passenger","locationId":"89124542","name":"EQUANS SGZH 2.0 Haydnlaan 34 A","address":"Haydnlaan 34 A","city":"Delft","operatorName":"EQUANS","maxPowerKw":17,"isMegawatt":false,"status":"AVAILABLE","source":"ndw"}},{"type":"Feature","geometry":{"type":"Point","coordinates":[4.35731,51.99236]},"properties":{"type":"charge","layer":"passenger","locationId":"91283269","name":"EQUANS SGZH 2.0 Arthur van Schendelplein 200","address":"Arthur van Schendelplein 200","city":"Delft","operatorName":"EQUANS","maxPowerKw":11,"isMegawatt":false,"status":"AVAILABLE","source":"ndw"}},{"type":"Feature","geometry":{"type":"Point","coordinates":[4.35491,52.01688]},"properties":{"type":"charge","layer":"passenger","locationId":"91448186","name":"EQUANS SGZH 2.0 Anna Boogerd 46","address":"Anna Boogerd 46","city":"Delft","operatorName":"EQUANS","maxPowerKw":11,"isMegawatt":false,"status":"AVAILABLE","source":"ndw"}},{"type":"Feature","geometry":{"type":"Point","coordinates":[4.332093,52.010986]},"properties":{"type":"charge","layer":"passenger","locationId":"89261598","name":"EQUANS SGZH 1.0 89261598","address":"Kristalplein 13","city":"Delft","operatorName":"EQUANS","maxPowerKw":11,"isMegawatt":false,"status":"AVAILABLE","source":"ndw"}},{"type":"Feature","geometry":{"type":"Point","coordinates":[4.34346,51.978222]},"properties":{"type":"charge","layer":"passenger","locationId":"90850380","name":"EQUANS SGZH 2.0 Medinastraat 1 (Omanstraat 106 TO)","address":"Medinastraat 1","city":"Delft","operatorName":"EQUANS","maxPowerKw":11,"isMegawatt":false,"status":"AVAILABLE","source":"ndw"}},{"type":"Feature","geometry":{"type":"Point","coordinates":[4.350754,52.009653]},"properties":{"type":"charge","layer":"passenger","locationId":"90205361","name":"EQUANS SGZH 2.0 van de Spiegelstraat 41","address":"van de Spiegelstraat 41","city":"Delft","operatorName":"EQUANS","maxPowerKw":11,"isMegawatt":false,"status":"AVAILABLE","source":"ndw"}},{"type":"Feature","geometry":{"type":"Point","coordinates":[4.37679,52.01395]},"properties":{"type":"charge","layer":"passenger","locationId":"A96340E5-9A19-4183-B261-68916C7B5282","name":"Eneco eMobility JOVI - Olof Palmestraat 10 - Delft","address":"Olof Palmestraat 10","city":"Delft","operatorName":"Eneco","maxPowerKw":22,"isMegawatt":false,"status":"AVAILABLE","source":"ndw","priceKwh":0.35}},{"type":"Feature","geometry":{"type":"Point","coordinates":[4.382765,52.004706]},"properties":{"type":"charge","layer":"passenger","locationId":"89261667","name":"EQUANS SGZH 1.0 89261667","address":"Jan De Oudeweg 41","city":"Delft","operatorName":"EQUANS","maxPowerKw":11,"isMegawatt":false,"status":"AVAILABLE","source":"ndw"}},{"type":"Feature","geometry":{"type":"Point","coordinates":[4.375731,52.004986]},"properties":{"type":"charge","layer":"passenger","locationId":"89261659","name":"EQUANS SGZH 1.0 89261659","address":"Kloosterkade 1","city":"Delft","operatorName":"EQUANS","maxPowerKw":11,"isMegawatt":false,"status":"AVAILABLE","source":"ndw"}},{"type":"Feature","geometry":{"type":"Point","coordinates":[4.338017,52.007704]},"properties":{"type":"charge","layer":"passenger","locationId":"89261599","name":"EQUANS SGZH 1.0 89261599","address":"Zeestraat 9","city":"Delft","operatorName":"EQUANS","maxPowerKw":11,"isMegawatt":false,"status":"AVAILABLE","source":"ndw"}},{"type":"Feature","geometry":{"type":"Point","coordinates":[4.362843,51.982873]},"properties":{"type":"charge","layer":"passenger","locationId":"89344642","name":"EQUANS SGZH 2.0 89344642","address":"Sperwersingel 11","city":"Delft","operatorName":"EQUANS","maxPowerKw":11,"isMegawatt":false,"status":"AVAILABLE","source":"ndw"}},{"type":"Feature","geometry":{"type":"Point","coordinates":[4.380884,52.01125]},"properties":{"type":"charge","layer":"passenger","locationId":"656eea4402064c001c02a8c8","name":"Westcord Hotel Delft","address":"Olof Palmestraat 2","city":"Delft","operatorName":"E-Flux by Road","maxPowerKw":22,"isMegawatt":false,"status":"AVAILABLE","source":"ndw","priceKwh":0.55}},{"type":"Feature","geometry":{"type":"Point","coordinates":[4.365745,52.005753]},"properties":{"type":"charge","layer":"passenger","locationId":"89261662","name":"EQUANS SGZH 1.0 89261662","address":"Mijnbouwstraat 25","city":"Delft","operatorName":"EQUANS","maxPowerKw":11,"isMegawatt":false,"status":"AVAILABLE","source":"ndw"}},{"type":"Feature","geometry":{"type":"Point","coordinates":[4.366014,52.004804]},"properties":{"type":"charge","layer":"passenger","locationId":"89188820","name":"EQUANS SGZH 2.0 89188820","address":"Maerten Trompstraat 2H","city":"Delft","operatorName":"EQUANS","maxPowerKw":17,"isMegawatt":false,"status":"AVAILABLE","source":"ndw"}},{"type":"Feature","geometry":{"type":"Point","coordinates":[4.361671,52.005411]},"properties":{"type":"charge","layer":"passenger","locationId":"89439578","name":"EQUANS SGZH 2.0 89439578","address":"Hertog Govertkade 2","city":"Delft","operatorName":"EQUANS","maxPowerKw":11,"isMegawatt":false,"status":"AVAILABLE","source":"ndw"}},{"type":"Feature","geometry":{"type":"Point","coordinates":[4.381501,52.007319]},"properties":{"type":"charge","layer":"passenger","locationId":"89620346","name":"EQUANS SGZH 2.0 89620346","address":"Delfgauwseweg 92","city":"Delft","operatorName":"EQUANS","maxPowerKw":11,"isMegawatt":false,"status":"CHARGING","source":"ndw"}},{"type":"Feature","geometry":{"type":"Point","coordinates":[4.3338,51.994165]},"properties":{"type":"charge","layer":"passenger","locationId":"90836169","name":"EQUANS SGZH 2.0 Mozartlaan 416 A","address":"Mozartlaan 416 A","city":"Delft","operatorName":"EQUANS","maxPowerKw":11,"isMegawatt":false,"status":"AVAILABLE","source":"ndw"}},{"type":"Feature","geometry":{"type":"Point","coordinates":[4.324596,52.00489]},"properties":{"type":"charge","layer":"passenger","locationId":"89261721","name":"EQUANS SGZH 1.0 89261721","address":"Hoflandendreef 4","city":"Delft","operatorName":"EQUANS","maxPowerKw":11,"isMegawatt":false,"status":"AVAILABLE","source":"ndw"}},{"type":"Feature","geometry":{"type":"Point","coordinates":[4.350095,51.987135]},"properties":{"type":"charge","layer":"passenger","locationId":"89261644","name":"EQUANS SGZH 1.0 89261644","address":"Raad van Europalaan 106","city":"Delft","operatorName":"EQUANS","maxPowerKw":11,"isMegawatt":false,"status":"AVAILABLE","source":"ndw"}},{"type":"Feature","geometry":{"type":"Point","coordinates":[4.347751,51.985344]},"properties":{"type":"charge","layer":"passenger","locationId":"90020612","name":"EQUANS SGZH 2.0 Amazoneweg 2","address":"Amazoneweg 2","city":"Delft","operatorName":"EQUANS","maxPowerKw":11,"isMegawatt":false,"status":"AVAILABLE","source":"ndw"}},{"type":"Feature","geometry":{"type":"Point","coordinates":[4.360483,51.992252]},"properties":{"type":"charge","layer":"passenger","locationId":"90195788","name":"EQUANS SGZH 2.0 Willem Kloospad 2 hoek Louis Couperuslaan","address":"Willem Kloospad 2","city":"Delft","operatorName":"EQUANS","maxPowerKw":11,"isMegawatt":false,"status":"AVAILABLE","source":"ndw"}},{"type":"Feature","geometry":{"type":"Point","coordinates":[4.347487,52.01026]},"properties":{"type":"charge","layer":"passenger","locationId":"90116550","name":"EQUANS SGZH 2.0 Adriaan Pauwstraat 82","address":"Adriaan Pauwstraat 82","city":"Delft","operatorName":"EQUANS","maxPowerKw":11,"isMegawatt":false,"status":"AVAILABLE","source":"ndw"}},{"type":"Feature","geometry":{"type":"Point","coordinates":[4.36739,52.01281]},"properties":{"type":"charge","layer":"passenger","locationId":"91288031","name":"EQUANS SGZH 2.0 Bieslandsekade 2","address":"Bieslandsekade 2","city":"Delft","operatorName":"EQUANS","maxPowerKw":11,"isMegawatt":false,"status":"AVAILABLE","source":"ndw"}},{"type":"Feature","geometry":{"type":"Point","coordinates":[4.363564,52.007627]},"properties":{"type":"charge","layer":"passenger","locationId":"89261530","name":"EQUANS SGZH 1.0 89261530","address":"Zusterlaan 50","city":"Delft","operatorName":"EQUANS","maxPowerKw":11,"isMegawatt":false,"status":"AVAILABLE","source":"ndw"}},{"type":"Feature","geometry":{"type":"Point","coordinates":[4.340484,51.998459]},"properties":{"type":"charge","layer":"passenger","locationId":"ECD01B4A-AB70-4CAE-A425-F7F71277924C","name":"Eneco eMobility Reinier de Graafweg 3a Delft","address":"Reinier de Graafweg 3a","city":"Delft","operatorName":"Eneco","maxPowerKw":22,"isMegawatt":false,"status":"CHARGING","source":"ndw","priceKwh":0.32}},{"type":"Feature","geometry":{"type":"Point","coordinates":[4.36109,52.016047]},"properties":{"type":"charge","layer":"passenger","locationId":"89261539","name":"EQUANS SGZH 1.0 89261539","address":"Oostplantsoen 95","city":"Delft","operatorName":"EQUANS","maxPowerKw":11,"isMegawatt":false,"status":"UNAVAILABLE","source":"ndw"}},{"type":"Feature","geometry":{"type":"Point","coordinates":[4.36235,52.00245]},"properties":{"type":"charge","layer":"passenger","locationId":"91210134","name":"EQUANS SGZH 2.0 Hillenlaan hoek Zuideinde 96","address":"Hillenlaan hoek Zuideinde 96","city":"Delft","operatorName":"EQUANS","maxPowerKw":11,"isMegawatt":false,"status":"AVAILABLE","source":"ndw"}},{"type":"Feature","geometry":{"type":"Point","coordinates":[4.353572,51.985797]},"properties":{"type":"charge","layer":"passenger","locationId":"7273B4AD-259C-47FE-AED5-8D7FEA03535C","name":"Eneco eMobility Werkse - Delft","address":"Abtswoude 7","city":"Delft","operatorName":"Eneco","maxPowerKw":11,"isMegawatt":false,"status":"AVAILABLE","source":"ndw","priceKwh":0.28}},{"type":"Feature","geometry":{"type":"Point","coordinates":[4.36865,52.005538]},"properties":{"type":"charge","layer":"passenger","locationId":"89261656","name":"EQUANS SGZH 1.0 89261656","address":"Michiel de Ruyterweg 23","city":"Delft","operatorName":"EQUANS","maxPowerKw":11,"isMegawatt":false,"status":"AVAILABLE","source":"ndw"}},{"type":"Feature","geometry":{"type":"Point","coordinates":[4.344013,52.005169]},"properties":{"type":"charge","layer":"passenger","locationId":"89261589","name":"EQUANS SGZH 1.0 89261589","address":"Lodenvloer 7","city":"Delft","operatorName":"EQUANS","maxPowerKw":11,"isMegawatt":false,"status":"CHARGING","source":"ndw"}},{"type":"Feature","geometry":{"type":"Point","coordinates":[4.360709,51.982024]},"properties":{"type":"charge","layer":"passenger","locationId":"90244389","name":"EQUANS SGZH 2.0 Meerkoetlaan 6","address":"Meerkoetlaan 6","city":"Delft","operatorName":"EQUANS","maxPowerKw":11,"isMegawatt":false,"status":"AVAILABLE","source":"ndw"}},{"type":"Feature","geometry":{"type":"Point","coordinates":[4.367561,51.982462]},"properties":{"type":"charge","layer":"passenger","locationId":"90244388","name":"EQUANS SGZH 2.0 Haviksingel 31","address":"Haviksingel 31","city":"Delft","operatorName":"EQUANS","maxPowerKw":11,"isMegawatt":false,"status":"AVAILABLE","source":"ndw"}},{"type":"Feature","geometry":{"type":"Point","coordinates":[4.333378,52.011909]},"properties":{"type":"charge","layer":"passenger","locationId":"89264186","name":"EQUANS SGZH 1.0 89264186","address":"Van Foreestweg 193","city":"Delft","operatorName":"EQUANS","maxPowerKw":11,"isMegawatt":false,"status":"UNAVAILABLE","source":"ndw"}},{"type":"Feature","geometry":{"type":"Point","coordinates":[4.34863,51.98256]},"properties":{"type":"charge","layer":"passenger","locationId":"90994624","name":"EQUANS SGZH 2.0 Mexicohof 55","address":"Mexicohof 55","city":"Delft","operatorName":"EQUANS","maxPowerKw":11,"isMegawatt":false,"status":"AVAILABLE","source":"ndw"}},{"type":"Feature","geometry":{"type":"Point","coordinates":[4.363274,52.014497]},"properties":{"type":"charge","layer":"passenger","locationId":"89942827","name":"EQUANS SGZH 2.0 89942827","address":"Oosterstraat 41","city":"Delft","operatorName":"EQUANS","maxPowerKw":11,"isMegawatt":false,"status":"AVAILABLE","source":"ndw"}},{"type":"Feature","geometry":{"type":"Point","coordinates":[4.35255,52.02376]},"properties":{"type":"charge","layer":"passenger","locationId":"90883027","name":"EQUANS SGZH 2.0 Borneostraat 2","address":"Borneostraat 2","city":"Delft","operatorName":"EQUANS","maxPowerKw":11,"isMegawatt":false,"status":"AVAILABLE","source":"ndw"}},{"type":"Feature","geometry":{"type":"Point","coordinates":[4.36358,52.00419]},"properties":{"type":"charge","layer":"passenger","locationId":"91357934","name":"EQUANS SGZH 2.0 Agatha van Leidenlaan 5","address":"Agatha van Leidenlaan 5","city":"Delft","operatorName":"EQUANS","maxPowerKw":11,"isMegawatt":false,"status":"AVAILABLE","source":"ndw"}},{"type":"Feature","geometry":{"type":"Point","coordinates":[4.3561,51.98603]},"properties":{"type":"charge","layer":"passenger","locationId":"89439580","name":"EQUANS SGZH 2.0 Geitenkamp 51","address":"Geitenkamp 51","city":"Delft","operatorName":"EQUANS","maxPowerKw":11,"isMegawatt":false,"status":"AVAILABLE","source":"ndw"}},{"type":"Feature","geometry":{"type":"Point","coordinates":[4.376685,52.007811]},"properties":{"type":"charge","layer":"passenger","locationId":"90205369","name":"EQUANS SGZH 2.0 Jan Willem Frisostraat 56","address":"Jan Willem Frisostraat 56","city":"Delft","operatorName":"EQUANS","maxPowerKw":11,"isMegawatt":false,"status":"AVAILABLE","source":"ndw"}},{"type":"Feature","geometry":{"type":"Point","coordinates":[4.345223,51.980457]},"properties":{"type":"charge","layer":"passenger","locationId":"90223509","name":"EQUANS SGZH 2.0 Syriësingel 49","address":"Syriësingel 49","city":"Delft","operatorName":"EQUANS","maxPowerKw":11,"isMegawatt":false,"status":"AVAILABLE","source":"ndw"}},{"type":"Feature","geometry":{"type":"Point","coordinates":[4.374536,51.991604]},"properties":{"type":"charge","layer":"passenger","locationId":"1787461","name":"Laadnet Smokey Goodness","address":"Rotterdamseweg 374","city":"Delft","operatorName":"Laadnet","maxPowerKw":11,"isMegawatt":false,"status":"AVAILABLE","source":"ndw"}},{"type":"Feature","geometry":{"type":"Point","coordinates":[4.371114,52.010296]},"properties":{"type":"charge","layer":"passenger","locationId":"90163357","name":"EQUANS SGZH 2.0 Delfgauwseweg 3","address":"Delfgauwseweg 3","city":"Delft","operatorName":"EQUANS","maxPowerKw":11,"isMegawatt":false,"status":"AVAILABLE","source":"ndw"}},{"type":"Feature","geometry":{"type":"Point","coordinates":[4.368512,52.006513]},"properties":{"type":"charge","layer":"passenger","locationId":"90823796","name":"EQUANS SGZH 2.0 Mijnbouwstraat 51","address":"Mijnbouwstraat 51","city":"Delft","operatorName":"EQUANS","maxPowerKw":11,"isMegawatt":false,"status":"AVAILABLE","source":"ndw"}},{"type":"Feature","geometry":{"type":"Point","coordinates":[4.337667,52.010323]},"properties":{"type":"charge","layer":"passenger","locationId":"89261588","name":"EQUANS SGZH 1.0 89261588","address":"Van der Lelijstraat 20","city":"Delft","operatorName":"EQUANS","maxPowerKw":11,"isMegawatt":false,"status":"CHARGING","source":"ndw"}},{"type":"Feature","geometry":{"type":"Point","coordinates":[4.37856,52.027645]},"properties":{"type":"charge","layer":"passenger","locationId":"B542FFA4-7285-4A34-AD6B-8599269F6EE8","name":"Eneco eMobility Werkse, Middelweg 1, Delft","address":"Middelweg 1","city":"Delft","operatorName":"Eneco","maxPowerKw":11,"isMegawatt":false,"status":"AVAILABLE","source":"ndw","priceKwh":0.28}},{"type":"Feature","geometry":{"type":"Point","coordinates":[4.331496,51.99185]},"properties":{"type":"charge","layer":"passenger","locationId":"89473164","name":"EQUANS SGZH 1.0 89473164","address":"Kerkpolderweg 8","city":"Delft","operatorName":"EQUANS","maxPowerKw":11,"isMegawatt":false,"status":"AVAILABLE","source":"ndw"}},{"type":"Feature","geometry":{"type":"Point","coordinates":[4.335454,52.011834]},"properties":{"type":"charge","layer":"passenger","locationId":"89317599","name":"EQUANS SGZH 2.0 89317599","address":"Van der Lelijstraat 79","city":"Delft","operatorName":"EQUANS","maxPowerKw":11,"isMegawatt":false,"status":"AVAILABLE","source":"ndw"}},{"type":"Feature","geometry":{"type":"Point","coordinates":[4.3842,52.000682]},"properties":{"type":"charge","layer":"passenger","locationId":"90877349","name":"EQUANS SGZH 2.0 van Moorselplantsoen 15","address":"van Moorselplantsoen 15","city":"Delft","operatorName":"EQUANS","maxPowerKw":11,"isMegawatt":false,"status":"AVAILABLE","source":"ndw"}},{"type":"Feature","geometry":{"type":"Point","coordinates":[4.35166,51.9961]},"properties":{"type":"charge","layer":"passenger","locationId":"90888918","name":"EQUANS SGZH 2.0 Martinus Nijhofflaan 19","address":"Martinus Nijhofflaan 19","city":"Delft","operatorName":"EQUANS","maxPowerKw":11,"isMegawatt":false,"status":"AVAILABLE","source":"ndw"}},{"type":"Feature","geometry":{"type":"Point","coordinates":[4.346691,51.98959]},"properties":{"type":"charge","layer":"passenger","locationId":"69b13ea9e55008065ebaeb60","name":"Peter Vogel 's station","address":"Eisenhowerlaan  10","city":"delft","operatorName":"E-Flux by Road","maxPowerKw":22,"isMegawatt":false,"status":"CHARGING","source":"ndw","priceKwh":0.38}},{"type":"Feature","geometry":{"type":"Point","coordinates":[4.349849,51.998011]},"properties":{"type":"charge","layer":"passenger","locationId":"90938460","name":"EQUANS SGZH 2.0 Poptahof Zuid 456","address":"Poptahof Zuid 456","city":"Delft","operatorName":"EQUANS","maxPowerKw":11,"isMegawatt":false,"status":"AVAILABLE","source":"ndw"}},{"type":"Feature","geometry":{"type":"Point","coordinates":[4.35118,52.00878]},"properties":{"type":"charge","layer":"passenger","locationId":"90932869","name":"EQUANS SGZH 2.0 Jan de Wittstraat 2 Hoek Hugo de Grootstraat","address":"Jan de Wittstraat 2 Hoek Hugo de Grootstraat","city":"Delft","operatorName":"EQUANS","maxPowerKw":11,"isMegawatt":false,"status":"AVAILABLE","source":"ndw"}},{"type":"Feature","geometry":{"type":"Point","coordinates":[4.323788,52.008607]},"properties":{"type":"charge","layer":"passenger","locationId":"89261602","name":"EQUANS SGZH 1.0 89261602","address":"Van Erktuinen 2","city":"Delft","operatorName":"EQUANS","maxPowerKw":11,"isMegawatt":false,"status":"UNAVAILABLE","source":"ndw"}},{"type":"Feature","geometry":{"type":"Point","coordinates":[4.355533,52.023325]},"properties":{"type":"charge","layer":"passenger","locationId":"89261547","name":"EQUANS SGZH 1.0 89261547","address":"Ternatestraat 44","city":"Delft","operatorName":"EQUANS","maxPowerKw":11,"isMegawatt":false,"status":"AVAILABLE","source":"ndw"}},{"type":"Feature","geometry":{"type":"Point","coordinates":[4.364237,52.006039]},"properties":{"type":"charge","layer":"passenger","locationId":"89568263","name":"EQUANS SGZH 2.0 89568263","address":"Diamantpad 1","city":"Delft","operatorName":"EQUANS","maxPowerKw":11,"isMegawatt":false,"status":"AVAILABLE","source":"ndw"}},{"type":"Feature","geometry":{"type":"Point","coordinates":[4.34802,51.98378]},"properties":{"type":"charge","layer":"passenger","locationId":"91284795","name":"EQUANS SGZH 2.0 Braziliēhof 8","address":"Braziliēhof 8","city":"Delft","operatorName":"EQUANS","maxPowerKw":11,"isMegawatt":false,"status":"AVAILABLE","source":"ndw"}},{"type":"Feature","geometry":{"type":"Point","coordinates":[4.336072,51.995178]},"properties":{"type":"charge","layer":"passenger","locationId":"89261638","name":"EQUANS SGZH 1.0 89261638","address":"Brahmslaan 115","city":"Delft","operatorName":"EQUANS","maxPowerKw":11,"isMegawatt":false,"status":"AVAILABLE","source":"ndw"}},{"type":"Feature","geometry":{"type":"Point","coordinates":[4.34111,51.9841]},"properties":{"type":"charge","layer":"passenger","locationId":"91315499","name":"EQUANS SGZH 2.0 Sadatweg 7","address":"Sadatweg 7","city":"Delft","operatorName":"EQUANS","maxPowerKw":11,"isMegawatt":false,"status":"AVAILABLE","source":"ndw"}},{"type":"Feature","geometry":{"type":"Point","coordinates":[4.346196,52.0169]},"properties":{"type":"charge","layer":"passenger","locationId":"89205185","name":"EQUANS SGZH 2.0 89205185","address":"Zocherweg 25","city":"Delft","operatorName":"EQUANS","maxPowerKw":11,"isMegawatt":false,"status":"AVAILABLE","source":"ndw"}},{"type":"Feature","geometry":{"type":"Point","coordinates":[4.360254,52.015253]},"properties":{"type":"charge","layer":"passenger","locationId":"89304650","name":"EQUANS SGZH 2.0 89304650","address":"Raam 63","city":"Delft","operatorName":"EQUANS","maxPowerKw":11,"isMegawatt":false,"status":"CHARGING","source":"ndw"}},{"type":"Feature","geometry":{"type":"Point","coordinates":[4.356323,52.002331]},"properties":{"type":"charge","layer":"passenger","locationId":"89261624","name":"EQUANS SGZH 1.0 89261624","address":"Nijverheidsstraat 7","city":"Delft","operatorName":"EQUANS","maxPowerKw":11,"isMegawatt":false,"status":"AVAILABLE","source":"ndw"}},{"type":"Feature","geometry":{"type":"Point","coordinates":[4.35926,51.983038]},"properties":{"type":"charge","layer":"passenger","locationId":"89261620","name":"EQUANS SGZH 1.0 89261620","address":"Reigerstraat 7","city":"Delft","operatorName":"EQUANS","maxPowerKw":11,"isMegawatt":false,"status":"AVAILABLE","source":"ndw"}},{"type":"Feature","geometry":{"type":"Point","coordinates":[4.365976,52.001863]},"properties":{"type":"charge","layer":"passenger","locationId":"89261660","name":"EQUANS SGZH 1.0 89261660","address":"Lausbergstraat 1","city":"Delft","operatorName":"EQUANS","maxPowerKw":11,"isMegawatt":false,"status":"AVAILABLE","source":"ndw"}},{"type":"Feature","geometry":{"type":"Point","coordinates":[4.33864,52.00114]},"properties":{"type":"charge","layer":"passenger","locationId":"91371665","name":"EQUANS SGZH 2.0 Molensingel 119","address":"Molensingel 119","city":"Delft","operatorName":"EQUANS","maxPowerKw":11,"isMegawatt":false,"status":"AVAILABLE","source":"ndw"}},{"type":"Feature","geometry":{"type":"Point","coordinates":[4.353331,51.999656]},"properties":{"type":"charge","layer":"passenger","locationId":"1018733","name":"Energiehuis 015Duurzaam","address":"Papsouweslaan 224","city":"Delft","operatorName":"Smappee","maxPowerKw":22,"isMegawatt":false,"status":"AVAILABLE","source":"ndw","priceKwh":0.308}},{"type":"Feature","geometry":{"type":"Point","coordinates":[4.34246,51.982998]},"properties":{"type":"charge","layer":"passenger","locationId":"89261606","name":"EQUANS SGZH 1.0 89261606","address":"Egyptelaan 32C","city":"Delft","operatorName":"EQUANS","maxPowerKw":11,"isMegawatt":false,"status":"AVAILABLE","source":"ndw"}},{"type":"Feature","geometry":{"type":"Point","coordinates":[4.338143,51.995229]},"properties":{"type":"charge","layer":"passenger","locationId":"89261637","name":"EQUANS SGZH 1.0 89261637","address":"Lisztstraat 176","city":"Delft","operatorName":"EQUANS","maxPowerKw":11,"isMegawatt":false,"status":"CHARGING","source":"ndw"}},{"type":"Feature","geometry":{"type":"Point","coordinates":[4.363974,52.002297]},"properties":{"type":"charge","layer":"passenger","locationId":"89261661","name":"EQUANS SGZH 1.0 89261661","address":"Koningsveld 149","city":"Delft","operatorName":"EQUANS","maxPowerKw":11,"isMegawatt":false,"status":"AVAILABLE","source":"ndw"}},{"type":"Feature","geometry":{"type":"Point","coordinates":[4.350786,52.007646]},"properties":{"type":"charge","layer":"passenger","locationId":"89261579","name":"EQUANS SGZH 1.0 89261579","address":"Antonie Heisiusstraat 10","city":"Delft","operatorName":"EQUANS","maxPowerKw":11,"isMegawatt":false,"status":"CHARGING","source":"ndw"}},{"type":"Feature","geometry":{"type":"Point","coordinates":[4.370597,51.986926]},"properties":{"type":"charge","layer":"passenger","locationId":"89261652","name":"EQUANS SGZH 1.0 89261652","address":"Bellweg 1","city":"Delft","operatorName":"EQUANS","maxPowerKw":11,"isMegawatt":false,"status":"AVAILABLE","source":"ndw"}},{"type":"Feature","geometry":{"type":"Point","coordinates":[4.365135,52.018343]},"properties":{"type":"charge","layer":"passenger","locationId":"89439195","name":"EQUANS SGZH 1.0 89439195","address":"Lindelaan 33","city":"Delft","operatorName":"EQUANS","maxPowerKw":11,"isMegawatt":false,"status":"AVAILABLE","source":"ndw"}},{"type":"Feature","geometry":{"type":"Point","coordinates":[4.35042,52.00929]},"properties":{"type":"charge","layer":"passenger","locationId":"91379028","name":"EQUANS SGZH 2.0 Jan de Wittstraat 25","address":"Jan de Wittstraat 25","city":"Delft","operatorName":"EQUANS","maxPowerKw":11,"isMegawatt":false,"status":"AVAILABLE","source":"ndw"}},{"type":"Feature","geometry":{"type":"Point","coordinates":[4.336128,52.013449]},"properties":{"type":"charge","layer":"passenger","locationId":"89261587","name":"EQUANS SGZH 1.0 89261587","address":"Van Adrichemstraat 277","city":"Delft","operatorName":"EQUANS","maxPowerKw":11,"isMegawatt":false,"status":"AVAILABLE","source":"ndw"}},{"type":"Feature","geometry":{"type":"Point","coordinates":[4.370279,51.985167]},"properties":{"type":"charge","layer":"passenger","locationId":"NLCPIL7334085","name":"FOURCE BV LKQ.DELFT 2","address":"3 Faradayweg","city":"Delft","operatorName":"ChargePoint","maxPowerKw":22,"isMegawatt":false,"status":"AVAILABLE","source":"ndw","priceKwh":0.5}},{"type":"Feature","geometry":{"type":"Point","coordinates":[4.34372,52.004578]},"properties":{"type":"charge","layer":"passenger","locationId":"90099047","name":"EQUANS SGZH 2.0 Salomon van der Heulstraat 13","address":"Salomon van der Heulstraat 13","city":"Delft","operatorName":"EQUANS","maxPowerKw":11,"isMegawatt":false,"status":"AVAILABLE","source":"ndw"}},{"type":"Feature","geometry":{"type":"Point","coordinates":[4.350866,51.997283]},"properties":{"type":"charge","layer":"passenger","locationId":"89261627","name":"EQUANS SGZH 1.0 89261627","address":"Troelstralaan 75","city":"Delft","operatorName":"EQUANS","maxPowerKw":11,"isMegawatt":false,"status":"AVAILABLE","source":"ndw"}},{"type":"Feature","geometry":{"type":"Point","coordinates":[4.342921,51.98764]},"properties":{"type":"charge","layer":"passenger","locationId":"89261642","name":"EQUANS SGZH 1.0 89261642","address":"Wilhelminalaan 2","city":"Delft","operatorName":"EQUANS","maxPowerKw":11,"isMegawatt":false,"status":"AVAILABLE","source":"ndw"}},{"type":"Feature","geometry":{"type":"Point","coordinates":[4.362648,52.015058]},"properties":{"type":"charge","layer":"passenger","locationId":"89261534","name":"EQUANS SGZH 1.0 89261534","address":"Oostplantsoen 1D","city":"Delft","operatorName":"EQUANS","maxPowerKw":11,"isMegawatt":false,"status":"AVAILABLE","source":"ndw"}},{"type":"Feature","geometry":{"type":"Point","coordinates":[4.346245,52.011624]},"properties":{"type":"charge","layer":"passenger","locationId":"89261564","name":"EQUANS SGZH 1.0 89261564","address":"Thorbeckerstraat 73","city":"Delft","operatorName":"EQUANS","maxPowerKw":11,"isMegawatt":false,"status":"AVAILABLE","source":"ndw"}},{"type":"Feature","geometry":{"type":"Point","coordinates":[4.33397,52.00971]},"properties":{"type":"charge","layer":"passenger","locationId":"91046413","name":"EQUANS SGZH 2.0 Parkzoom 131","address":"Parkzoom 131","city":"Delft","operatorName":"EQUANS","maxPowerKw":11,"isMegawatt":false,"status":"AVAILABLE","source":"ndw"}},{"type":"Feature","geometry":{"type":"Point","coordinates":[4.374197,52.006094]},"properties":{"type":"charge","layer":"passenger","locationId":"90994003","name":"EQUANS SGZH 2.0 Charlotte de Bourbonstraat 24","address":"Charlotte de Bourbonstraat 24","city":"Delft","operatorName":"EQUANS","maxPowerKw":11,"isMegawatt":false,"status":"AVAILABLE","source":"ndw"}},{"type":"Feature","geometry":{"type":"Point","coordinates":[4.359877,52.003875]},"properties":{"type":"charge","layer":"passenger","locationId":"89261653","name":"EQUANS SGZH 1.0 89261653","address":"Crommelinplein 18","city":"Delft","operatorName":"EQUANS","maxPowerKw":11,"isMegawatt":false,"status":"AVAILABLE","source":"ndw"}},{"type":"Feature","geometry":{"type":"Point","coordinates":[4.36645,51.98218]},"properties":{"type":"charge","layer":"passenger","locationId":"91391578","name":"EQUANS SGZH 2.0 Jagerstraat 12","address":"Jagerstraat 12","city":"Delft","operatorName":"EQUANS","maxPowerKw":11,"isMegawatt":false,"status":"AVAILABLE","source":"ndw"}},{"type":"Feature","geometry":{"type":"Point","coordinates":[4.342929,52.014384]},"properties":{"type":"charge","layer":"passenger","locationId":"89228031","name":"EQUANS SGZH 2.0 89228031","address":"W.H. van Leeuwenlaan 82","city":"Delft","operatorName":"EQUANS","maxPowerKw":11,"isMegawatt":false,"status":"AVAILABLE","source":"ndw"}},{"type":"Feature","geometry":{"type":"Point","coordinates":[4.354323,51.989439]},"properties":{"type":"charge","layer":"passenger","locationId":"89235328","name":"EQUANS SGZH 2.0 89235328","address":"Guido Gezellelaan 20","city":"Delft","operatorName":"EQUANS","maxPowerKw":11,"isMegawatt":false,"status":"AVAILABLE","source":"ndw"}},{"type":"Feature","geometry":{"type":"Point","coordinates":[4.338294,51.989845]},"properties":{"type":"charge","layer":"passenger","locationId":"89262850","name":"EQUANS SGZH 1.0 89262850","address":"Beethovenlaan 128","city":"Delft","operatorName":"EQUANS","maxPowerKw":11,"isMegawatt":false,"status":"CHARGING","source":"ndw"}},{"type":"Feature","geometry":{"type":"Point","coordinates":[4.365392,51.982114]},"properties":{"type":"charge","layer":"passenger","locationId":"89481119","name":"EQUANS SGZH 2.0 89481119","address":"Arendlaan 12","city":"Delft","operatorName":"EQUANS","maxPowerKw":11,"isMegawatt":false,"status":"AVAILABLE","source":"ndw"}},{"type":"Feature","geometry":{"type":"Point","coordinates":[4.3671,52.00889]},"properties":{"type":"charge","layer":"passenger","locationId":"91210135","name":"EQUANS SGZH 2.0 Nieuwelaan 72","address":"Nieuwelaan 72","city":"Delft","operatorName":"EQUANS","maxPowerKw":11,"isMegawatt":false,"status":"AVAILABLE","source":"ndw"}},{"type":"Feature","geometry":{"type":"Point","coordinates":[4.342195,52.00552]},"properties":{"type":"charge","layer":"passenger","locationId":"89056381","name":"EQUANS SGZH 1.0 89056381","address":"Lodenvloer 53","city":"Delft","operatorName":"EQUANS","maxPowerKw":22,"isMegawatt":false,"status":"AVAILABLE","source":"ndw"}},{"type":"Feature","geometry":{"type":"Point","coordinates":[4.347016,52.006778]},"properties":{"type":"charge","layer":"passenger","locationId":"90877345","name":"EQUANS SGZH 2.0 Hugo de Grootstraat 346","address":"Hugo de Grootstraat 346","city":"Delft","operatorName":"EQUANS","maxPowerKw":11,"isMegawatt":false,"status":"AVAILABLE","source":"ndw"}},{"type":"Feature","geometry":{"type":"Point","coordinates":[4.340124,52.008347]},"properties":{"type":"charge","layer":"passenger","locationId":"89195916","name":"EQUANS SGZH 2.0 89195916","address":"De Kringloop 125","city":"Delft","operatorName":"EQUANS","maxPowerKw":11,"isMegawatt":false,"status":"AVAILABLE","source":"ndw"}},{"type":"Feature","geometry":{"type":"Point","coordinates":[4.345165,51.997556]},"properties":{"type":"charge","layer":"passenger","locationId":"89099751","name":"EQUANS SGZH 1.0 89099751","address":"Cole Porterstraat 1","city":"Delft","operatorName":"EQUANS","maxPowerKw":11,"isMegawatt":false,"status":"AVAILABLE","source":"ndw"}},{"type":"Feature","geometry":{"type":"Point","coordinates":[4.354596,51.987442]},"properties":{"type":"charge","layer":"passenger","locationId":"32413","name":"Circle K Delft inz Kruithuisweg","address":"Kruithuisweg 10","city":"Delft","operatorName":"Spirii","maxPowerKw":175,"isMegawatt":false,"status":"AVAILABLE","source":"ndw","priceKwh":0.65}},{"type":"Feature","geometry":{"type":"Point","coordinates":[4.376349,52.004151]},"properties":{"type":"charge","layer":"passenger","locationId":"90195800","name":"EQUANS SGZH 2.0 Koningin Emmalaan 2","address":"Koningin Emmalaan 2","city":"Delft","operatorName":"EQUANS","maxPowerKw":11,"isMegawatt":false,"status":"AVAILABLE","source":"ndw"}},{"type":"Feature","geometry":{"type":"Point","coordinates":[4.323684,52.00585]},"properties":{"type":"charge","layer":"passenger","locationId":"89183098","name":"EQUANS SGZH 2.0 89183098","address":"Hoflandendreef 42","city":"Delft","operatorName":"EQUANS","maxPowerKw":17,"isMegawatt":false,"status":"AVAILABLE","source":"ndw"}},{"type":"Feature","geometry":{"type":"Point","coordinates":[4.341665,51.982811]},"properties":{"type":"charge","layer":"passenger","locationId":"89228028","name":"EQUANS SGZH 2.0 89228028","address":"Egyptelaan 2","city":"Delft","operatorName":"EQUANS","maxPowerKw":11,"isMegawatt":false,"status":"AVAILABLE","source":"ndw"}},{"type":"Feature","geometry":{"type":"Point","coordinates":[4.371098,52.015251]},"properties":{"type":"charge","layer":"passenger","locationId":"89261555","name":"EQUANS SGZH 1.0 89261555","address":"Gerardus de Haenstraat 85","city":"Delft","operatorName":"EQUANS","maxPowerKw":11,"isMegawatt":false,"status":"AVAILABLE","source":"ndw"}},{"type":"Feature","geometry":{"type":"Point","coordinates":[4.35767,52.024355]},"properties":{"type":"charge","layer":"passenger","locationId":"89918763","name":"EQUANS SGZH 2.0 89918763","address":"Sint Jorisweg 108","city":"Delft","operatorName":"EQUANS","maxPowerKw":11,"isMegawatt":false,"status":"AVAILABLE","source":"ndw"}},{"type":"Feature","geometry":{"type":"Point","coordinates":[4.348247,52.01256]},"properties":{"type":"charge","layer":"passenger","locationId":"90189914","name":"EQUANS SGZH 2.0 Van Hallstraat 8","address":"Van Hallstraat 8","city":"Delft","operatorName":"EQUANS","maxPowerKw":11,"isMegawatt":false,"status":"AVAILABLE","source":"ndw"}},{"type":"Feature","geometry":{"type":"Point","coordinates":[4.364155,52.010419]},"properties":{"type":"charge","layer":"passenger","locationId":"89210092","name":"EQUANS SGZH 2.0 89210092","address":"Kruisstraat 50","city":"Delft","operatorName":"EQUANS","maxPowerKw":11,"isMegawatt":false,"status":"AVAILABLE","source":"ndw"}},{"type":"Feature","geometry":{"type":"Point","coordinates":[4.341159,51.98341]},"properties":{"type":"charge","layer":"passenger","locationId":"90885203","name":"EQUANS SGZH 2.0 Khartoemstraat 1","address":"Khartoemstraat 1","city":"Delft","operatorName":"EQUANS","maxPowerKw":11,"isMegawatt":false,"status":"AVAILABLE","source":"ndw"}},{"type":"Feature","geometry":{"type":"Point","coordinates":[4.361037,51.985927]},"properties":{"type":"charge","layer":"passenger","locationId":"89568264","name":"EQUANS SGZH 2.0 89568264","address":"Reeweg 2","city":"Delft","operatorName":"EQUANS","maxPowerKw":11,"isMegawatt":false,"status":"AVAILABLE","source":"ndw"}},{"type":"Feature","geometry":{"type":"Point","coordinates":[4.361505,52.009892]},"properties":{"type":"charge","layer":"passenger","locationId":"89918759","name":"EQUANS SGZH 2.0 89918759","address":"Pieterstraat 25 D","city":"Delft","operatorName":"EQUANS","maxPowerKw":11,"isMegawatt":false,"status":"AVAILABLE","source":"ndw"}},{"type":"Feature","geometry":{"type":"Point","coordinates":[4.321696,52.008326]},"properties":{"type":"charge","layer":"passenger","locationId":"90195698","name":"EQUANS SGZH 2.0 Hoflandendreef 114","address":"Hoflandendreef 114","city":"Delft","operatorName":"EQUANS","maxPowerKw":11,"isMegawatt":false,"status":"AVAILABLE","source":"ndw"}},{"type":"Feature","geometry":{"type":"Point","coordinates":[4.356479,52.021063]},"properties":{"type":"charge","layer":"passenger","locationId":"89261551","name":"EQUANS SGZH 1.0 89261551","address":"Arubastraat 10","city":"Delft","operatorName":"EQUANS","maxPowerKw":11,"isMegawatt":false,"status":"AVAILABLE","source":"ndw"}},{"type":"Feature","geometry":{"type":"Point","coordinates":[4.354497,52.008664]},"properties":{"type":"charge","layer":"passenger","locationId":"89261576","name":"EQUANS SGZH 1.0 89261576","address":"Buitenwatersloot 5","city":"Delft","operatorName":"EQUANS","maxPowerKw":11,"isMegawatt":false,"status":"AVAILABLE","source":"ndw"}},{"type":"Feature","geometry":{"type":"Point","coordinates":[4.367327,52.013787]},"properties":{"type":"charge","layer":"passenger","locationId":"89261554","name":"EQUANS SGZH 1.0 89261554","address":"Groenlandselaan 36","city":"Delft","operatorName":"EQUANS","maxPowerKw":11,"isMegawatt":false,"status":"AVAILABLE","source":"ndw"}},{"type":"Feature","geometry":{"type":"Point","coordinates":[4.349861,51.980544]},"properties":{"type":"charge","layer":"passenger","locationId":"90386335","name":"EQUANS SGZH 2.0 Indiastraat 45","address":"Indiastraat 45","city":"Delft","operatorName":"EQUANS","maxPowerKw":11,"isMegawatt":false,"status":"AVAILABLE","source":"ndw"}},{"type":"Feature","geometry":{"type":"Point","coordinates":[4.359966,52.008558]},"properties":{"type":"charge","layer":"passenger","locationId":"89261526","name":"EQUANS SGZH 1.0 89261526","address":"Gasthuisplaats 1","city":"Delft","operatorName":"EQUANS","maxPowerKw":11,"isMegawatt":false,"status":"AVAILABLE","source":"ndw"}},{"type":"Feature","geometry":{"type":"Point","coordinates":[4.337212,51.995731]},"properties":{"type":"charge","layer":"passenger","locationId":"89200939","name":"EQUANS SGZH 2.0 89200939","address":"Brahmslaan 77","city":"Delft","operatorName":"EQUANS","maxPowerKw":11,"isMegawatt":false,"status":"AVAILABLE","source":"ndw"}},{"type":"Feature","geometry":{"type":"Point","coordinates":[4.361023,52.003952]},"properties":{"type":"charge","layer":"passenger","locationId":"90164965","name":"EQUANS SGZH 2.0 Plein delftzicht 1 X","address":"Plein delftzicht 1 X","city":"Delft","operatorName":"EQUANS","maxPowerKw":11,"isMegawatt":false,"status":"AVAILABLE","source":"ndw"}},{"type":"Feature","geometry":{"type":"Point","coordinates":[4.338678,52.006925]},"properties":{"type":"charge","layer":"passenger","locationId":"90273598","name":"EQUANS SGZH 2.0 Zomerpad 10","address":"Zomerpad 10","city":"Delft","operatorName":"EQUANS","maxPowerKw":11,"isMegawatt":false,"status":"AVAILABLE","source":"ndw"}},{"type":"Feature","geometry":{"type":"Point","coordinates":[4.330917,52.012956]},"properties":{"type":"charge","layer":"passenger","locationId":"91193611","name":"EQUANS SGZH 2.0 van Paassenkade 3","address":"van Paassenkade 3","city":"Delft","operatorName":"EQUANS","maxPowerKw":11,"isMegawatt":false,"status":"AVAILABLE","source":"ndw"}},{"type":"Feature","geometry":{"type":"Point","coordinates":[4.348225,52.015458]},"properties":{"type":"charge","layer":"passenger","locationId":"89439197","name":"EQUANS SGZH 1.0 89439197","address":"J.C. van Markenplein 9","city":"Delft","operatorName":"EQUANS","maxPowerKw":11,"isMegawatt":false,"status":"AVAILABLE","source":"ndw"}},{"type":"Feature","geometry":{"type":"Point","coordinates":[4.357115,51.996562]},"properties":{"type":"charge","layer":"passenger","locationId":"89261636","name":"EQUANS SGZH 1.0 89261636","address":"Isaac Da Costalaan 1","city":"Delft","operatorName":"EQUANS","maxPowerKw":11,"isMegawatt":false,"status":"AVAILABLE","source":"ndw"}},{"type":"Feature","geometry":{"type":"Point","coordinates":[4.3351,52.01083]},"properties":{"type":"charge","layer":"passenger","locationId":"91284799","name":"EQUANS SGZH 2.0 Teding van Berkhoutlaan 136","address":"Teding van Berkhoutlaan 136","city":"Delft","operatorName":"EQUANS","maxPowerKw":11,"isMegawatt":false,"status":"AVAILABLE","source":"ndw"}},{"type":"Feature","geometry":{"type":"Point","coordinates":[4.330489,52.01067]},"properties":{"type":"charge","layer":"passenger","locationId":"90226489","name":"EQUANS SGZH 2.0 Kristalweg 25","address":"Kristalweg 25","city":"Delft","operatorName":"EQUANS","maxPowerKw":11,"isMegawatt":false,"status":"AVAILABLE","source":"ndw"}},{"type":"Feature","geometry":{"type":"Point","coordinates":[4.342073,51.9819]},"properties":{"type":"charge","layer":"passenger","locationId":"89455017","name":"EQUANS SGZH 2.0 89455017","address":"Zaïrestraat 1","city":"Delft","operatorName":"EQUANS","maxPowerKw":11,"isMegawatt":false,"status":"AVAILABLE","source":"ndw"}},{"type":"Feature","geometry":{"type":"Point","coordinates":[4.338321,52.011327]},"properties":{"type":"charge","layer":"passenger","locationId":"90943579","name":"EQUANS SGZH 2.0 Van Kinschotstraat 86","address":"Van Kinschotstraat 86","city":"Delft","operatorName":"EQUANS","maxPowerKw":11,"isMegawatt":false,"status":"AVAILABLE","source":"ndw"}},{"type":"Feature","geometry":{"type":"Point","coordinates":[4.349056,52.012954]},"properties":{"type":"charge","layer":"passenger","locationId":"89261566","name":"EQUANS SGZH 1.0 89261566","address":"Van Heemstrastraat 35","city":"Delft","operatorName":"EQUANS","maxPowerKw":11,"isMegawatt":false,"status":"CHARGING","source":"ndw"}},{"type":"Feature","geometry":{"type":"Point","coordinates":[4.360276,51.997231]},"properties":{"type":"charge","layer":"passenger","locationId":"C850E882-ADD1-482F-9999-ACCCD46BB4E7","name":"Eneco eMobility Gemeente Delft","address":"Vulcanusweg 257","city":"Delft","operatorName":"Eneco","maxPowerKw":22,"isMegawatt":false,"status":"AVAILABLE","source":"ndw","priceKwh":0.24}},{"type":"Feature","geometry":{"type":"Point","coordinates":[4.351516,52.017648]},"properties":{"type":"charge","layer":"passenger","locationId":"89261543","name":"EQUANS SGZH 1.0 89261543","address":"Kalverbos 2","city":"Delft","operatorName":"EQUANS","maxPowerKw":11,"isMegawatt":false,"status":"AVAILABLE","source":"ndw"}},{"type":"Feature","geometry":{"type":"Point","coordinates":[4.362184,51.986724]},"properties":{"type":"charge","layer":"passenger","locationId":"90107381","name":"EQUANS SGZH 2.0 Veldmuizenpad 15","address":"Veldmuizenpad 15","city":"Delft","operatorName":"EQUANS","maxPowerKw":11,"isMegawatt":false,"status":"AVAILABLE","source":"ndw"}},{"type":"Feature","geometry":{"type":"Point","coordinates":[4.342883,52.011872]},"properties":{"type":"charge","layer":"passenger","locationId":"89261582","name":"EQUANS SGZH 1.0 89261582","address":"De Meesterstraat 1","city":"Delft","operatorName":"EQUANS","maxPowerKw":11,"isMegawatt":false,"status":"CHARGING","source":"ndw"}},{"type":"Feature","geometry":{"type":"Point","coordinates":[4.351658,52.006485]},"properties":{"type":"charge","layer":"passenger","locationId":"89261575","name":"EQUANS SGZH 1.0 89261575","address":"Van Bleyswijckstraat 26","city":"Delft","operatorName":"EQUANS","maxPowerKw":11,"isMegawatt":false,"status":"AVAILABLE","source":"ndw"}},{"type":"Feature","geometry":{"type":"Point","coordinates":[4.377667,52.009228]},"properties":{"type":"charge","layer":"passenger","locationId":"89228026","name":"EQUANS SGZH 2.0 89228026","address":"Delfgauwse Park 9","city":"Delft","operatorName":"EQUANS","maxPowerKw":11,"isMegawatt":false,"status":"AVAILABLE","source":"ndw"}},{"type":"Feature","geometry":{"type":"Point","coordinates":[4.343695,51.990667]},"properties":{"type":"charge","layer":"passenger","locationId":"89188772","name":"EQUANS SGZH 2.0 89188772","address":"Händellaan 8","city":"Delft","operatorName":"EQUANS","maxPowerKw":17,"isMegawatt":false,"status":"AVAILABLE","source":"ndw"}},{"type":"Feature","geometry":{"type":"Point","coordinates":[4.323335,52.008807]},"properties":{"type":"charge","layer":"passenger","locationId":"90109039","name":"EQUANS SGZH 2.0 Van Erktuinen 3","address":"Van Erktuinen 3","city":"Delft","operatorName":"EQUANS","maxPowerKw":11,"isMegawatt":false,"status":"CHARGING","source":"ndw"}},{"type":"Feature","geometry":{"type":"Point","coordinates":[4.373009,52.014618]},"properties":{"type":"charge","layer":"passenger","locationId":"89261556","name":"EQUANS SGZH 1.0 89261556","address":"Hendrick de Keyserweg 39","city":"Delft","operatorName":"EQUANS","maxPowerKw":11,"isMegawatt":false,"status":"AVAILABLE","source":"ndw"}},{"type":"Feature","geometry":{"type":"Point","coordinates":[4.34055,51.99548]},"properties":{"type":"charge","layer":"passenger","locationId":"91292818","name":"EQUANS SGZH 2.0 Ravelstraat 5","address":"Ravelstraat 5","city":"Delft","operatorName":"EQUANS","maxPowerKw":11,"isMegawatt":false,"status":"AVAILABLE","source":"ndw"}},{"type":"Feature","geometry":{"type":"Point","coordinates":[4.340153,52.001593]},"properties":{"type":"charge","layer":"passenger","locationId":"89439205","name":"EQUANS SGZH 1.0 89439205","address":"Molensingel 95","city":"Delft","operatorName":"EQUANS","maxPowerKw":11,"isMegawatt":false,"status":"CHARGING","source":"ndw"}},{"type":"Feature","geometry":{"type":"Point","coordinates":[4.340402,52.007756]},"properties":{"type":"charge","layer":"passenger","locationId":"90020615","name":"EQUANS SGZH 2.0 Florapad 10","address":"Florapad 10","city":"Delft","operatorName":"EQUANS","maxPowerKw":11,"isMegawatt":false,"status":"AVAILABLE","source":"ndw"}},{"type":"Feature","geometry":{"type":"Point","coordinates":[4.351352,51.991975]},"properties":{"type":"charge","layer":"passenger","locationId":"89261634","name":"EQUANS SGZH 1.0 89261634","address":"Adama van Scheltemaplein 25","city":"Delft","operatorName":"EQUANS","maxPowerKw":11,"isMegawatt":false,"status":"CHARGING","source":"ndw"}},{"type":"Feature","geometry":{"type":"Point","coordinates":[4.356368,51.983453]},"properties":{"type":"charge","layer":"passenger","locationId":"89261619","name":"EQUANS SGZH 1.0 89261619","address":"Rietgorsstraat 5","city":"Delft","operatorName":"EQUANS","maxPowerKw":11,"isMegawatt":false,"status":"AVAILABLE","source":"ndw"}},{"type":"Feature","geometry":{"type":"Point","coordinates":[4.365418,52.024988]},"properties":{"type":"charge","layer":"passenger","locationId":"05e016edc36a486eb511","name":"Campanile Hotel Delft","address":"Kleveringweg 53","city":"Delft","operatorName":"Opcharge","maxPowerKw":11,"isMegawatt":false,"status":"AVAILABLE","source":"ndw","priceKwh":0.49}},{"type":"Feature","geometry":{"type":"Point","coordinates":[4.36393,51.98296]},"properties":{"type":"charge","layer":"passenger","locationId":"90961262","name":"EQUANS SGZH 2.0 Sperwersingel 7","address":"Sperwersingel 7","city":"Delft","operatorName":"EQUANS","maxPowerKw":11,"isMegawatt":false,"status":"CHARGING","source":"ndw"}},{"type":"Feature","geometry":{"type":"Point","coordinates":[4.355694,51.984266]},"properties":{"type":"charge","layer":"passenger","locationId":"62ac6ae9fa4f5979feaeeb3c","name":"Tussenbrock","address":"Koekamp 177","city":"Delft","operatorName":"E-Flux by Road","maxPowerKw":22,"isMegawatt":false,"status":"AVAILABLE","source":"ndw","priceKwh":0.42}},{"type":"Feature","geometry":{"type":"Point","coordinates":[4.347512,52.006269]},"properties":{"type":"charge","layer":"passenger","locationId":"89261571","name":"EQUANS SGZH 1.0 89261571","address":"Paulus Buijsstraat 1","city":"Delft","operatorName":"EQUANS","maxPowerKw":11,"isMegawatt":false,"status":"CHARGING","source":"ndw"}},{"type":"Feature","geometry":{"type":"Point","coordinates":[4.356522,52.014229]},"properties":{"type":"charge","layer":"passenger","locationId":"90195842","name":"EQUANS SGZH 2.0 Voorstraat 34","address":"Voorstraat 34","city":"Delft","operatorName":"EQUANS","maxPowerKw":11,"isMegawatt":false,"status":"AVAILABLE","source":"ndw"}},{"type":"Feature","geometry":{"type":"Point","coordinates":[4.380333,52.000542]},"properties":{"type":"charge","layer":"passenger","locationId":"89261668","name":"EQUANS SGZH 1.0 89261669","address":"Van Embdenstraat 3","city":"Delft","operatorName":"EQUANS","maxPowerKw":11,"isMegawatt":false,"status":"AVAILABLE","source":"ndw"}},{"type":"Feature","geometry":{"type":"Point","coordinates":[4.380443,52.001168]},"properties":{"type":"charge","layer":"passenger","locationId":"89261666","name":"EQUANS SGZH 1.0 89261666","address":"Kersbergenstraat 17","city":"Delft","operatorName":"EQUANS","maxPowerKw":11,"isMegawatt":false,"status":"AVAILABLE","source":"ndw"}},{"type":"Feature","geometry":{"type":"Point","coordinates":[4.352302,52.010114]},"properties":{"type":"charge","layer":"passenger","locationId":"89052540","name":"EQUANS SGZH 1.0 89052540","address":"Melkhof 47","city":"Delft","operatorName":"EQUANS","maxPowerKw":22,"isMegawatt":false,"status":"AVAILABLE","source":"ndw"}},{"type":"Feature","geometry":{"type":"Point","coordinates":[4.32957,52.010648]},"properties":{"type":"charge","layer":"passenger","locationId":"89261597","name":"EQUANS SGZH 1.0 89261597","address":"Schietglas 1","city":"Delft","operatorName":"EQUANS","maxPowerKw":11,"isMegawatt":false,"status":"CHARGING","source":"ndw"}},{"type":"Feature","geometry":{"type":"Point","coordinates":[4.359484,52.005628]},"properties":{"type":"charge","layer":"passenger","locationId":"89261528","name":"EQUANS SGZH 1.0 89261528","address":"Westvest 191","city":"Delft","operatorName":"EQUANS","maxPowerKw":11,"isMegawatt":false,"status":"AVAILABLE","source":"ndw"}},{"type":"Feature","geometry":{"type":"Point","coordinates":[4.379496,52.001226]},"properties":{"type":"charge","layer":"passenger","locationId":"89261670","name":"EQUANS SGZH 1.0 89261670","address":"De booijstraat 2","city":"Delft","operatorName":"EQUANS","maxPowerKw":11,"isMegawatt":false,"status":"CHARGING","source":"ndw"}},{"type":"Feature","geometry":{"type":"Point","coordinates":[4.346053,51.989456]},"properties":{"type":"charge","layer":"passenger","locationId":"89261645","name":"EQUANS SGZH 1.0 89261645","address":"Montgomerylaan 3","city":"Delft","operatorName":"EQUANS","maxPowerKw":11,"isMegawatt":false,"status":"CHARGING","source":"ndw"}},{"type":"Feature","geometry":{"type":"Point","coordinates":[4.35347,51.9967]},"properties":{"type":"charge","layer":"passenger","locationId":"37C8D229-C88F-4ECB-BDDD-C98F545C9294","name":"Eneco eMobility Ahold Europe Real Estate & Construction - Delft","address":"Martinus Nijhofflaan 7","city":"Delft","operatorName":"Eneco","maxPowerKw":22,"isMegawatt":false,"status":"AVAILABLE","source":"ndw","priceKwh":0.35}},{"type":"Feature","geometry":{"type":"Point","coordinates":[4.339343,51.982436]},"properties":{"type":"charge","layer":"passenger","locationId":"89183100","name":"EQUANS SGZH 2.0 89183100","address":"Zambiastraat 18","city":"Delft","operatorName":"EQUANS","maxPowerKw":17,"isMegawatt":false,"status":"AVAILABLE","source":"ndw"}},{"type":"Feature","geometry":{"type":"Point","coordinates":[4.380199,52.006787]},"properties":{"type":"charge","layer":"passenger","locationId":"89261671","name":"EQUANS SGZH 1.0 89261671","address":"Nassauplein 21","city":"Delft","operatorName":"EQUANS","maxPowerKw":11,"isMegawatt":false,"status":"CHARGING","source":"ndw"}},{"type":"Feature","geometry":{"type":"Point","coordinates":[4.355725,51.991442]},"properties":{"type":"charge","layer":"passenger","locationId":"90294293","name":"EQUANS SGZH 2.0 Roland Holstlaan 926","address":"Roland Holstlaan 926","city":"Delft","operatorName":"EQUANS","maxPowerKw":11,"isMegawatt":false,"status":"AVAILABLE","source":"ndw"}},{"type":"Feature","geometry":{"type":"Point","coordinates":[4.336193,52.014411]},"properties":{"type":"charge","layer":"passenger","locationId":"89105105","name":"EQUANS SGZH 1.0 89105105","address":"Persijnlaan 29","city":"Delft","operatorName":"EQUANS","maxPowerKw":22,"isMegawatt":false,"status":"AVAILABLE","source":"ndw"}},{"type":"Feature","geometry":{"type":"Point","coordinates":[4.367532,52.019445]},"properties":{"type":"charge","layer":"passenger","locationId":"89261560","name":"EQUANS SGZH 1.0 89261560","address":"Wilgenlaan 23","city":"Delft","operatorName":"EQUANS","maxPowerKw":11,"isMegawatt":false,"status":"AVAILABLE","source":"ndw"}},{"type":"Feature","geometry":{"type":"Point","coordinates":[4.348865,52.013196]},"properties":{"type":"charge","layer":"passenger","locationId":"89261565","name":"EQUANS SGZH 1.0 89261565","address":"De Vriesstraat 60","city":"Delft","operatorName":"EQUANS","maxPowerKw":11,"isMegawatt":false,"status":"AVAILABLE","source":"ndw"}},{"type":"Feature","geometry":{"type":"Point","coordinates":[4.35046,52.01357]},"properties":{"type":"charge","layer":"passenger","locationId":"91155763","name":"EQUANS SGZH 2.0 Van Heemstrastraat 2 A","address":"Van Heemstrastraat 2 A","city":"Delft","operatorName":"EQUANS","maxPowerKw":11,"isMegawatt":false,"status":"AVAILABLE","source":"ndw"}},{"type":"Feature","geometry":{"type":"Point","coordinates":[4.348935,51.991284]},"properties":{"type":"charge","layer":"passenger","locationId":"90357731","name":"EQUANS SGZH 2.0 Pijperring 124","address":"Pijperring 124","city":"Delft","operatorName":"EQUANS","maxPowerKw":11,"isMegawatt":false,"status":"AVAILABLE","source":"ndw"}},{"type":"Feature","geometry":{"type":"Point","coordinates":[4.383584,52.002243]},"properties":{"type":"charge","layer":"passenger","locationId":"90195799","name":"EQUANS SGZH 2.0 De Booijstraat 52","address":"De Booijstraat 52","city":"Delft","operatorName":"EQUANS","maxPowerKw":11,"isMegawatt":false,"status":"AVAILABLE","source":"ndw"}},{"type":"Feature","geometry":{"type":"Point","coordinates":[4.372289,52.009551]},"properties":{"type":"charge","layer":"passenger","locationId":"89444989","name":"EQUANS SGZH 2.0 89444989","address":"Lipkensstraat 7","city":"Delft","operatorName":"EQUANS","maxPowerKw":11,"isMegawatt":false,"status":"AVAILABLE","source":"ndw"}},{"type":"Feature","geometry":{"type":"Point","coordinates":[4.346809,52.009562]},"properties":{"type":"charge","layer":"passenger","locationId":"89264188","name":"EQUANS SGZH 1.0 89264188","address":"Westplantsoen 130","city":"Delft","operatorName":"EQUANS","maxPowerKw":22,"isMegawatt":false,"status":"AVAILABLE","source":"ndw"}},{"type":"Feature","geometry":{"type":"Point","coordinates":[4.358414,51.993303]},"properties":{"type":"charge","layer":"passenger","locationId":"90365792","name":"EQUANS SGZH 2.0 Herman Heyermanslaan 1","address":"Herman Heyermanslaan 1","city":"Delft","operatorName":"EQUANS","maxPowerKw":11,"isMegawatt":false,"status":"AVAILABLE","source":"ndw"}},{"type":"Feature","geometry":{"type":"Point","coordinates":[4.33625,52.012057]},"properties":{"type":"charge","layer":"passenger","locationId":"90099050","name":"EQUANS SGZH 2.0 Van Schuijlenburchstraat 46","address":"Van Schuijlenburchstraat 46","city":"Delft","operatorName":"EQUANS","maxPowerKw":11,"isMegawatt":false,"status":"AVAILABLE","source":"ndw"}},{"type":"Feature","geometry":{"type":"Point","coordinates":[4.36964,52.016707]},"properties":{"type":"charge","layer":"passenger","locationId":"89370469","name":"EQUANS SGZH 2.0 89370469","address":"Oude IJsbaan 73","city":"Delft","operatorName":"EQUANS","maxPowerKw":11,"isMegawatt":false,"status":"AVAILABLE","source":"ndw"}},{"type":"Feature","geometry":{"type":"Point","coordinates":[4.377084,51.987514]},"properties":{"type":"charge","layer":"passenger","locationId":"3967094","name":"Laadnet Radex","address":"Rotterdamseweg 183C","city":"Delft","operatorName":"Laadnet","maxPowerKw":22,"isMegawatt":false,"status":"AVAILABLE","source":"ndw"}},{"type":"Feature","geometry":{"type":"Point","coordinates":[4.368248,52.014163]},"properties":{"type":"charge","layer":"passenger","locationId":"89264205","name":"EQUANS SGZH 1.0 89264205","address":"Clara van Sparwoudestraat 6","city":"Delft","operatorName":"EQUANS","maxPowerKw":11,"isMegawatt":false,"status":"AVAILABLE","source":"ndw"}},{"type":"Feature","geometry":{"type":"Point","coordinates":[4.38817,51.985403]},"properties":{"type":"charge","layer":"passenger","locationId":"618647211d51fd47d62bf167","name":"Thijsseweg 11","address":"Thijsseweg 11","city":"Delft","operatorName":"E-Flux by Road","maxPowerKw":11,"isMegawatt":false,"status":"AVAILABLE","source":"ndw","priceKwh":0.24}},{"type":"Feature","geometry":{"type":"Point","coordinates":[4.38391,51.990772]},"properties":{"type":"charge","layer":"passenger","locationId":"266E28D0-426A-4DA3-97F4-DDB5B26D5219","name":"Eneco eMobility HollandPTC Delft","address":"Huismansingel 4","city":"Delft","operatorName":"Eneco","maxPowerKw":11,"isMegawatt":false,"status":"AVAILABLE","source":"ndw","priceKwh":0.32}},{"type":"Feature","geometry":{"type":"Point","coordinates":[4.34036,52.011585]},"properties":{"type":"charge","layer":"passenger","locationId":"89261583","name":"EQUANS SGZH 1.0 89261583","address":"Kuyperweg 76","city":"Delft","operatorName":"EQUANS","maxPowerKw":11,"isMegawatt":false,"status":"AVAILABLE","source":"ndw"}},{"type":"Feature","geometry":{"type":"Point","coordinates":[4.347942,51.993365]},"properties":{"type":"charge","layer":"passenger","locationId":"90399961","name":"EQUANS SGZH 2.0 Van der Horststraat 54","address":"Van der Horststraat 54","city":"Delft","operatorName":"EQUANS","maxPowerKw":11,"isMegawatt":false,"status":"AVAILABLE","source":"ndw"}},{"type":"Feature","geometry":{"type":"Point","coordinates":[4.352619,52.006016]},"properties":{"type":"charge","layer":"passenger","locationId":"89095404","name":"EQUANS SGZH 1.0 89095404","address":"Pootstraat 92","city":"Delft","operatorName":"EQUANS","maxPowerKw":22,"isMegawatt":false,"status":"CHARGING","source":"ndw"}},{"type":"Feature","geometry":{"type":"Point","coordinates":[4.35322,52.0212]},"properties":{"type":"charge","layer":"passenger","locationId":"91046455","name":"EQUANS SGZH 2.0 Balistraat 15","address":"Balistraat 15","city":"Delft","operatorName":"EQUANS","maxPowerKw":11,"isMegawatt":false,"status":"AVAILABLE","source":"ndw"}},{"type":"Feature","geometry":{"type":"Point","coordinates":[4.365531,52.013788]},"properties":{"type":"charge","layer":"passenger","locationId":"89105551","name":"EQUANS SGZH 1.0 89105551","address":"Oostsingel 65","city":"Delft","operatorName":"EQUANS","maxPowerKw":17,"isMegawatt":false,"status":"AVAILABLE","source":"ndw"}},{"type":"Feature","geometry":{"type":"Point","coordinates":[4.352385,52.016604]},"properties":{"type":"charge","layer":"passenger","locationId":"89261529","name":"EQUANS SGZH 1.0 89264178","address":"Noordeinde 54","city":"Delft","operatorName":"EQUANS","maxPowerKw":11,"isMegawatt":false,"status":"AVAILABLE","source":"ndw"}},{"type":"Feature","geometry":{"type":"Point","coordinates":[4.367456,52.003469]},"properties":{"type":"charge","layer":"passenger","locationId":"89264187","name":"EQUANS SGZH 1.0 89264187","address":"Julianalaan 138","city":"Delft","operatorName":"EQUANS","maxPowerKw":2,"isMegawatt":false,"status":"CHARGING","source":"ndw"}},{"type":"Feature","geometry":{"type":"Point","coordinates":[4.330415,52.009222]},"properties":{"type":"charge","layer":"passenger","locationId":"89261603","name":"EQUANS SGZH 1.0 89261603","address":"Kniekas 1","city":"Delft","operatorName":"EQUANS","maxPowerKw":11,"isMegawatt":false,"status":"CHARGING","source":"ndw"}},{"type":"Feature","geometry":{"type":"Point","coordinates":[4.370755,52.009917]},"properties":{"type":"charge","layer":"passenger","locationId":"89261657","name":"EQUANS SGZH 1.0 Julianalaan 41","address":"Julianalaan 41","city":"Delft","operatorName":"EQUANS","maxPowerKw":11,"isMegawatt":false,"status":"AVAILABLE","source":"ndw"}},{"type":"Feature","geometry":{"type":"Point","coordinates":[4.373679,52.011037]},"properties":{"type":"charge","layer":"passenger","locationId":"89620343","name":"EQUANS SGZH 2.0 89620343","address":"Stille Putten 179","city":"Delft","operatorName":"EQUANS","maxPowerKw":11,"isMegawatt":false,"status":"AVAILABLE","source":"ndw"}},{"type":"Feature","geometry":{"type":"Point","coordinates":[4.351621,52.020244]},"properties":{"type":"charge","layer":"passenger","locationId":"89261549","name":"EQUANS SGZH 1.0 89261549","address":"Surinamestraat 4","city":"Delft","operatorName":"EQUANS","maxPowerKw":11,"isMegawatt":false,"status":"AVAILABLE","source":"ndw"}},{"type":"Feature","geometry":{"type":"Point","coordinates":[4.337534,51.998595]},"properties":{"type":"charge","layer":"passenger","locationId":"89261639","name":"EQUANS SGZH 1.0 89261639","address":"Reinier de graafweg 313","city":"delft","operatorName":"EQUANS","maxPowerKw":11,"isMegawatt":false,"status":"AVAILABLE","source":"ndw"}},{"type":"Feature","geometry":{"type":"Point","coordinates":[4.36517,52.000325]},"properties":{"type":"charge","layer":"passenger","locationId":"90189233","name":"EQUANS SGZH 2.0 Van Barenstraat 42","address":"Van Barenstraat 42","city":"Delft","operatorName":"EQUANS","maxPowerKw":11,"isMegawatt":false,"status":"AVAILABLE","source":"ndw"}},{"type":"Feature","geometry":{"type":"Point","coordinates":[4.376907,52.006149]},"properties":{"type":"charge","layer":"passenger","locationId":"90224138","name":"EQUANS SGZH 2.0 Prof. Bosschastraat 13","address":"Prof. Bosschastraat 13","city":"Delft","operatorName":"EQUANS","maxPowerKw":11,"isMegawatt":false,"status":"AVAILABLE","source":"ndw"}},{"type":"Feature","geometry":{"type":"Point","coordinates":[4.354117,52.021563]},"properties":{"type":"charge","layer":"passenger","locationId":"89261550","name":"EQUANS SGZH 1.0 89261550","address":"Madoerastraat 30","city":"Delft","operatorName":"EQUANS","maxPowerKw":11,"isMegawatt":false,"status":"AVAILABLE","source":"ndw"}},{"type":"Feature","geometry":{"type":"Point","coordinates":[4.3503,52.003489]},"properties":{"type":"charge","layer":"passenger","locationId":"89261573","name":"EQUANS SGZH 1.0 89261573","address":"Kaarderstraat 49","city":"Delft","operatorName":"EQUANS","maxPowerKw":11,"isMegawatt":false,"status":"AVAILABLE","source":"ndw"}},{"type":"Feature","geometry":{"type":"Point","coordinates":[4.347085,52.005223]},"properties":{"type":"charge","layer":"passenger","locationId":"89261577","name":"EQUANS SGZH 1.0 89420591","address":"Estland 11","city":"Delft","operatorName":"EQUANS","maxPowerKw":11,"isMegawatt":false,"status":"AVAILABLE","source":"ndw"}},{"type":"Feature","geometry":{"type":"Point","coordinates":[4.347736,52.013848]},"properties":{"type":"charge","layer":"passenger","locationId":"89228307","name":"EQUANS SGZH 2.0 89228307","address":"Thorbeckestraat 7","city":"Delft","operatorName":"EQUANS","maxPowerKw":11,"isMegawatt":false,"status":"AVAILABLE","source":"ndw"}},{"type":"Feature","geometry":{"type":"Point","coordinates":[4.340287,52.005336]},"properties":{"type":"charge","layer":"passenger","locationId":"89246568","name":"EQUANS SGZH 2.0 89246568","address":"Henry Dunantlaan 53","city":"Delft","operatorName":"EQUANS","maxPowerKw":17,"isMegawatt":false,"status":"AVAILABLE","source":"ndw"}},{"type":"Feature","geometry":{"type":"Point","coordinates":[4.366851,52.018257]},"properties":{"type":"charge","layer":"passenger","locationId":"89981282","name":"EQUANS SGZH 2.0 Lijsterbeslaan 4","address":"Lijsterbeslaan 4","city":"Delft","operatorName":"EQUANS","maxPowerKw":11,"isMegawatt":false,"status":"CHARGING","source":"ndw"}},{"type":"Feature","geometry":{"type":"Point","coordinates":[4.348746,52.009273]},"properties":{"type":"charge","layer":"passenger","locationId":"89261567","name":"EQUANS SGZH 1.0 89261567","address":"Adriaan pauwstraat 52","city":"Delft","operatorName":"EQUANS","maxPowerKw":11,"isMegawatt":false,"status":"AVAILABLE","source":"ndw"}},{"type":"Feature","geometry":{"type":"Point","coordinates":[4.340345,51.999625]},"properties":{"type":"charge","layer":"passenger","locationId":"90109040","name":"EQUANS SGZH 2.0 Volmolen 12","address":"Volmolen 12","city":"Delft","operatorName":"EQUANS","maxPowerKw":11,"isMegawatt":false,"status":"AVAILABLE","source":"ndw"}},{"type":"Feature","geometry":{"type":"Point","coordinates":[4.34958,52.00218]},"properties":{"type":"charge","layer":"passenger","locationId":"90878390","name":"EQUANS SGZH 2.0 Jacoba van Beierenlaan 164 A","address":"Jacoba van Beierenlaan 164 A","city":"Delft","operatorName":"EQUANS","maxPowerKw":11,"isMegawatt":false,"status":"AVAILABLE","source":"ndw"}},{"type":"Feature","geometry":{"type":"Point","coordinates":[4.355209,52.022319]},"properties":{"type":"charge","layer":"passenger","locationId":"89981293","name":"EQUANS SGZH 2.0 Madoerastraat 19","address":"Madoerastraat 19","city":"Delft","operatorName":"EQUANS","maxPowerKw":11,"isMegawatt":false,"status":"AVAILABLE","source":"ndw"}},{"type":"Feature","geometry":{"type":"Point","coordinates":[4.38359,52.00098]},"properties":{"type":"charge","layer":"passenger","locationId":"89261601","name":"EQUANS SGZH 2.0 Van Moorselplantsoen 7","address":"Van Moorselplantsoen 7","city":"Delft","operatorName":"EQUANS","maxPowerKw":11,"isMegawatt":false,"status":"AVAILABLE","source":"ndw"}},{"type":"Feature","geometry":{"type":"Point","coordinates":[4.35718,52.021769]},"properties":{"type":"charge","layer":"passenger","locationId":"89142932","name":"EQUANS SGZH 1.0 89142932","address":"Arubastraat 21","city":"Delft","operatorName":"EQUANS","maxPowerKw":17,"isMegawatt":false,"status":"AVAILABLE","source":"ndw"}},{"type":"Feature","geometry":{"type":"Point","coordinates":[4.332805,52.014397]},"properties":{"type":"charge","layer":"passenger","locationId":"90189915","name":"EQUANS SGZH 2.0 Van der Lelijstraat 189","address":"Van der Lelijstraat 189","city":"Delft","operatorName":"EQUANS","maxPowerKw":11,"isMegawatt":false,"status":"AVAILABLE","source":"ndw"}},{"type":"Feature","geometry":{"type":"Point","coordinates":[4.378546,52.008372]},"properties":{"type":"charge","layer":"passenger","locationId":"89981283","name":"EQUANS SGZH 2.0 Delfgauwseweg 217","address":"Delfgauwseweg 217","city":"Delft","operatorName":"EQUANS","maxPowerKw":11,"isMegawatt":false,"status":"CHARGING","source":"ndw"}},{"type":"Feature","geometry":{"type":"Point","coordinates":[4.340253,52.000137]},"properties":{"type":"charge","layer":"passenger","locationId":"89261594","name":"EQUANS SGZH 1.0 89261594","address":"Volmolen 9","city":"Delft","operatorName":"EQUANS","maxPowerKw":11,"isMegawatt":false,"status":"CHARGING","source":"ndw"}},{"type":"Feature","geometry":{"type":"Point","coordinates":[4.358014,51.993949]},"properties":{"type":"charge","layer":"passenger","locationId":"90255744","name":"EQUANS SGZH 2.0 Nicolaas Beetslaan 2","address":"Nicolaas Beetslaan 2","city":"Delft","operatorName":"EQUANS","maxPowerKw":11,"isMegawatt":false,"status":"AVAILABLE","source":"ndw"}},{"type":"Feature","geometry":{"type":"Point","coordinates":[4.348328,52.014162]},"properties":{"type":"charge","layer":"passenger","locationId":"89261562","name":"EQUANS SGZH 1.0 89261562","address":"Hof van Delftlaan 2","city":"Delft","operatorName":"EQUANS","maxPowerKw":11,"isMegawatt":false,"status":"AVAILABLE","source":"ndw"}},{"type":"Feature","geometry":{"type":"Point","coordinates":[4.380236,52.0019]},"properties":{"type":"charge","layer":"passenger","locationId":"89918760","name":"EQUANS SGZH 2.0 89918760","address":"Jakoba Mulderplaats 2","city":"Delft","operatorName":"EQUANS","maxPowerKw":11,"isMegawatt":false,"status":"AVAILABLE","source":"ndw"}},{"type":"Feature","geometry":{"type":"Point","coordinates":[4.370329,52.012661]},"properties":{"type":"charge","layer":"passenger","locationId":"89918764","name":"EQUANS SGZH 2.0 89918764","address":"Vondelstraat 17","city":"Delft","operatorName":"EQUANS","maxPowerKw":11,"isMegawatt":false,"status":"AVAILABLE","source":"ndw"}},{"type":"Feature","geometry":{"type":"Point","coordinates":[4.342465,51.980939]},"properties":{"type":"charge","layer":"passenger","locationId":"89264185","name":"EQUANS SGZH 1.0 89264185","address":"Zaïrestraat 83","city":"Delft","operatorName":"EQUANS","maxPowerKw":11,"isMegawatt":false,"status":"CHARGING","source":"ndw"}},{"type":"Feature","geometry":{"type":"Point","coordinates":[4.349009,52.012071]},"properties":{"type":"charge","layer":"passenger","locationId":"89105132","name":"EQUANS SGZH 1.0 89105132","address":"Van Hallstraat 1","city":"Delft","operatorName":"EQUANS","maxPowerKw":22,"isMegawatt":false,"status":"CHARGING","source":"ndw"}},{"type":"Feature","geometry":{"type":"Point","coordinates":[4.340332,51.980583]},"properties":{"type":"charge","layer":"passenger","locationId":"90399962","name":"EQUANS SGZH 2.0 Lusakastraat (hoek Bantulaan 30","address":"Lusakastraat (hoek Bantulaan 30","city":"Delft","operatorName":"EQUANS","maxPowerKw":11,"isMegawatt":false,"status":"AVAILABLE","source":"ndw"}},{"type":"Feature","geometry":{"type":"Point","coordinates":[4.354927,52.001095]},"properties":{"type":"charge","layer":"passenger","locationId":"90273594","name":"EQUANS SGZH 2.0 Industriestraat 8","address":"Industriestraat 8","city":"Delft","operatorName":"EQUANS","maxPowerKw":11,"isMegawatt":false,"status":"AVAILABLE","source":"ndw"}},{"type":"Feature","geometry":{"type":"Point","coordinates":[4.34649,51.98181]},"properties":{"type":"charge","layer":"passenger","locationId":"91284531","name":"EQUANS SGZH 2.0 Mandelastraat 112","address":"Mandelastraat 112","city":"Delft","operatorName":"EQUANS","maxPowerKw":11,"isMegawatt":false,"status":"AVAILABLE","source":"ndw"}},{"type":"Feature","geometry":{"type":"Point","coordinates":[4.360907,51.996172]},"properties":{"type":"charge","layer":"passenger","locationId":"89261622","name":"EQUANS SGZH 1.0 89261622","address":"Vulcanusweg 265","city":"Delft","operatorName":"EQUANS","maxPowerKw":11,"isMegawatt":false,"status":"AVAILABLE","source":"ndw"}},{"type":"Feature","geometry":{"type":"Point","coordinates":[4.346879,52.015424]},"properties":{"type":"charge","layer":"passenger","locationId":"89273873","name":"EQUANS SGZH 2.0 89273873","address":"Zocherweg 7","city":"Delft","operatorName":"EQUANS","maxPowerKw":11,"isMegawatt":false,"status":"AVAILABLE","source":"ndw"}},{"type":"Feature","geometry":{"type":"Point","coordinates":[4.345617,51.986649]},"properties":{"type":"charge","layer":"passenger","locationId":"90195786","name":"EQUANS SGZH 2.0 Marshalllaan 1","address":"Marshalllaan 1","city":"Delft","operatorName":"EQUANS","maxPowerKw":11,"isMegawatt":false,"status":"AVAILABLE","source":"ndw"}},{"type":"Feature","geometry":{"type":"Point","coordinates":[4.353415,51.999047]},"properties":{"type":"charge","layer":"passenger","locationId":"89341258","name":"EQUANS SGZH 1.0 89341258","address":"Papsouwselaan 436","city":"Delft","operatorName":"EQUANS","maxPowerKw":11,"isMegawatt":false,"status":"AVAILABLE","source":"ndw"}},{"type":"Feature","geometry":{"type":"Point","coordinates":[4.341662,52.001562]},"properties":{"type":"charge","layer":"passenger","locationId":"NLENV533","name":"Delft, De Hoop 1","address":"De Hoop 1","city":"Delft","operatorName":"","maxPowerKw":22,"isMegawatt":false,"status":"AVAILABLE","source":"ndw","priceKwh":0.5}},{"type":"Feature","geometry":{"type":"Point","coordinates":[4.364226,52.015882]},"properties":{"type":"charge","layer":"passenger","locationId":"90365807","name":"EQUANS SGZH 2.0 Willem van Aelststraat 14","address":"Willem van Aelststraat 14","city":"Delft","operatorName":"EQUANS","maxPowerKw":11,"isMegawatt":false,"status":"AVAILABLE","source":"ndw"}},{"type":"Feature","geometry":{"type":"Point","coordinates":[4.34443,52.010782]},"properties":{"type":"charge","layer":"passenger","locationId":"89261570","name":"EQUANS SGZH 1.0 89261570","address":"Tak van Poortvlietstraat 2","city":"Delft","operatorName":"EQUANS","maxPowerKw":11,"isMegawatt":false,"status":"CHARGING","source":"ndw"}},{"type":"Feature","geometry":{"type":"Point","coordinates":[4.382425,51.999073]},"properties":{"type":"charge","layer":"passenger","locationId":"89081752","name":"EQUANS SGZH 1.0 89081752","address":"Luxemburghof 18","city":"Delft","operatorName":"EQUANS","maxPowerKw":22,"isMegawatt":false,"status":"AVAILABLE","source":"ndw"}},{"type":"Feature","geometry":{"type":"Point","coordinates":[4.345125,51.989378]},"properties":{"type":"charge","layer":"passenger","locationId":"89344643","name":"EQUANS SGZH 2.0 89344643","address":"Foulkeslaan 12","city":"Delft","operatorName":"EQUANS","maxPowerKw":11,"isMegawatt":false,"status":"AVAILABLE","source":"ndw"}},{"type":"Feature","geometry":{"type":"Point","coordinates":[4.335417,52.014925]},"properties":{"type":"charge","layer":"passenger","locationId":"89942823","name":"EQUANS SGZH 2.0 89942823","address":"Vosmaerstraat 7","city":"Delft","operatorName":"EQUANS","maxPowerKw":11,"isMegawatt":false,"status":"AVAILABLE","source":"ndw"}},{"type":"Feature","geometry":{"type":"Point","coordinates":[4.36614,52.01916]},"properties":{"type":"charge","layer":"passenger","locationId":"90967502","name":"EQUANS SGZH 2.0 Meidoornlaan 53","address":"Meidoornlaan 53","city":"Delft","operatorName":"EQUANS","maxPowerKw":11,"isMegawatt":false,"status":"AVAILABLE","source":"ndw"}},{"type":"Feature","geometry":{"type":"Point","coordinates":[4.363227,52.010406]},"properties":{"type":"charge","layer":"passenger","locationId":"89188801","name":"EQUANS SGZH 2.0 89188801","address":"Kruisstraat 38","city":"Delft","operatorName":"EQUANS","maxPowerKw":11,"isMegawatt":false,"status":"AVAILABLE","source":"ndw"}},{"type":"Feature","geometry":{"type":"Point","coordinates":[4.354359,52.005627]},"properties":{"type":"charge","layer":"passenger","locationId":"89439577","name":"EQUANS SGZH 2.0 89439577","address":"Ada van Hollandstraat 32","city":"Delft","operatorName":"EQUANS","maxPowerKw":11,"isMegawatt":false,"status":"AVAILABLE","source":"ndw"}},{"type":"Feature","geometry":{"type":"Point","coordinates":[4.338233,51.999341]},"properties":{"type":"charge","layer":"passenger","locationId":"89261593","name":"EQUANS SGZH 1.0 89261593","address":"Molensingel 2","city":"Delft","operatorName":"EQUANS","maxPowerKw":11,"isMegawatt":false,"status":"CHARGING","source":"ndw"}},{"type":"Feature","geometry":{"type":"Point","coordinates":[4.323675,52.008933]},"properties":{"type":"charge","layer":"passenger","locationId":"89261595","name":"EQUANS SGZH 1.0 89261595","address":"Laan van Lekkerkerk 84","city":"Delft","operatorName":"EQUANS","maxPowerKw":11,"isMegawatt":false,"status":"AVAILABLE","source":"ndw"}},{"type":"Feature","geometry":{"type":"Point","coordinates":[4.359916,51.983696]},"properties":{"type":"charge","layer":"passenger","locationId":"89273871","name":"EQUANS SGZH 2.0 89273871","address":"IJsvogelpad 11","city":"Delft","operatorName":"EQUANS","maxPowerKw":11,"isMegawatt":false,"status":"AVAILABLE","source":"ndw"}},{"type":"Feature","geometry":{"type":"Point","coordinates":[4.36487,52.004489]},"properties":{"type":"charge","layer":"passenger","locationId":"89264207","name":"EQUANS SGZH 1.0 89264207","address":"Van Speykstraat 2a","city":"Delft","operatorName":"EQUANS","maxPowerKw":11,"isMegawatt":false,"status":"CHARGING","source":"ndw"}},{"type":"Feature","geometry":{"type":"Point","coordinates":[4.349025,51.992133]},"properties":{"type":"charge","layer":"passenger","locationId":"89261641","name":"EQUANS SGZH 1.0 89261641","address":"Pijperring 173","city":"Delft","operatorName":"EQUANS","maxPowerKw":11,"isMegawatt":false,"status":"AVAILABLE","source":"ndw"}},{"type":"Feature","geometry":{"type":"Point","coordinates":[4.346095,52.013022]},"properties":{"type":"charge","layer":"passenger","locationId":"90163352","name":"EQUANS SGZH 2.0 De Kempenaerstraat 14 (T.O.) De Kempenaerstraat 21","address":"De Kempenaerstraat 14","city":"Delft","operatorName":"EQUANS","maxPowerKw":11,"isMegawatt":false,"status":"AVAILABLE","source":"ndw"}},{"type":"Feature","geometry":{"type":"Point","coordinates":[4.346674,52.002127]},"properties":{"type":"charge","layer":"passenger","locationId":"89052578","name":"EQUANS SGZH 1.0 89052578","address":"Mina Krusemanstraat 38","city":"Delft","operatorName":"EQUANS","maxPowerKw":22,"isMegawatt":false,"status":"AVAILABLE","source":"ndw"}},{"type":"Feature","geometry":{"type":"Point","coordinates":[4.35452,51.993522]},"properties":{"type":"charge","layer":"passenger","locationId":"89188803","name":"EQUANS SGZH 2.0 89188803","address":"Roland Holstlaan 708","city":"Delft","operatorName":"EQUANS","maxPowerKw":17,"isMegawatt":false,"status":"AVAILABLE","source":"ndw"}},{"type":"Feature","geometry":{"type":"Point","coordinates":[4.347837,51.979656]},"properties":{"type":"charge","layer":"passenger","locationId":"89261612","name":"EQUANS SGZH 1.0 89261612","address":"Jordaniëstraat 1","city":"Delft","operatorName":"EQUANS","maxPowerKw":11,"isMegawatt":false,"status":"AVAILABLE","source":"ndw"}},{"type":"Feature","geometry":{"type":"Point","coordinates":[4.376624,52.008894]},"properties":{"type":"charge","layer":"passenger","locationId":"89261665","name":"EQUANS SGZH 1.0 89261665","address":"Van Oldenbarneveltstraat 2","city":"Delft","operatorName":"EQUANS","maxPowerKw":11,"isMegawatt":false,"status":"CHARGING","source":"ndw"}},{"type":"Feature","geometry":{"type":"Point","coordinates":[4.351193,52.015512]},"properties":{"type":"charge","layer":"passenger","locationId":"89258291","name":"EQUANS SGZH 2.0 89258291","address":"Wateringsevest 12","city":"Delft","operatorName":"EQUANS","maxPowerKw":11,"isMegawatt":false,"status":"AVAILABLE","source":"ndw"}},{"type":"Feature","geometry":{"type":"Point","coordinates":[4.366102,51.985222]},"properties":{"type":"charge","layer":"passenger","locationId":"89620324","name":"EQUANS SGZH 2.0 89620324","address":"Libellepad 1","city":"Delft","operatorName":"EQUANS","maxPowerKw":11,"isMegawatt":false,"status":"AVAILABLE","source":"ndw"}},{"type":"Feature","geometry":{"type":"Point","coordinates":[4.34924,51.979228]},"properties":{"type":"charge","layer":"passenger","locationId":"89439196","name":"EQUANS SGZH 1.0 89439196","address":"Oe Thantstraat 4","city":"Delft","operatorName":"EQUANS","maxPowerKw":22,"isMegawatt":false,"status":"AVAILABLE","source":"ndw"}},{"type":"Feature","geometry":{"type":"Point","coordinates":[4.356285,51.990212]},"properties":{"type":"charge","layer":"passenger","locationId":"89261629","name":"EQUANS SGZH 1.0 89261629","address":"J.J. Slauerhofflaan 125","city":"Delft","operatorName":"EQUANS","maxPowerKw":11,"isMegawatt":false,"status":"AVAILABLE","source":"ndw"}},{"type":"Feature","geometry":{"type":"Point","coordinates":[4.340724,51.990143]},"properties":{"type":"charge","layer":"passenger","locationId":"90365791","name":"EQUANS SGZH 2.0 Beethovenlaan 165","address":"Beethovenlaan 165","city":"Delft","operatorName":"EQUANS","maxPowerKw":11,"isMegawatt":false,"status":"AVAILABLE","source":"ndw"}},{"type":"Feature","geometry":{"type":"Point","coordinates":[4.334137,52.009513]},"properties":{"type":"charge","layer":"passenger","locationId":"89942826","name":"EQUANS SGZH 2.0 89942826","address":"Parkzoom 131","city":"Delft","operatorName":"EQUANS","maxPowerKw":11,"isMegawatt":false,"status":"AVAILABLE","source":"ndw"}},{"type":"Feature","geometry":{"type":"Point","coordinates":[4.355908,52.018622]},"properties":{"type":"charge","layer":"passenger","locationId":"90247517","name":"EQUANS SGZH 2.0 Nieuwe Plantage 8 (tussen 2e en 3e vak)","address":"Nieuwe Plantage 8","city":"Delft","operatorName":"EQUANS","maxPowerKw":11,"isMegawatt":false,"status":"AVAILABLE","source":"ndw"}},{"type":"Feature","geometry":{"type":"Point","coordinates":[4.359774,51.991069]},"properties":{"type":"charge","layer":"passenger","locationId":"89455018","name":"EQUANS SGZH 2.0 89455018","address":"Frederik van Eedenlaan 6","city":"Delft","operatorName":"EQUANS","maxPowerKw":11,"isMegawatt":false,"status":"CHARGING","source":"ndw"}},{"type":"Feature","geometry":{"type":"Point","coordinates":[4.353942,52.024302]},"properties":{"type":"charge","layer":"passenger","locationId":"89261546","name":"EQUANS SGZH 1.0 89261546","address":"Celebesstraat 2","city":"Delft","operatorName":"EQUANS","maxPowerKw":11,"isMegawatt":false,"status":"AVAILABLE","source":"ndw"}},{"type":"Feature","geometry":{"type":"Point","coordinates":[4.334916,52.009852]},"properties":{"type":"charge","layer":"passenger","locationId":"89261596","name":"EQUANS SGZH 1.0 89261596","address":"Parkzoom 149","city":"Delft","operatorName":"EQUANS","maxPowerKw":11,"isMegawatt":false,"status":"AVAILABLE","source":"ndw"}},{"type":"Feature","geometry":{"type":"Point","coordinates":[4.360634,52.014564]},"properties":{"type":"charge","layer":"passenger","locationId":"89261531","name":"EQUANS SGZH 1.0 89261531","address":"Schutterstraat 39","city":"Delft","operatorName":"EQUANS","maxPowerKw":11,"isMegawatt":false,"status":"CHARGING","source":"ndw"}},{"type":"Feature","geometry":{"type":"Point","coordinates":[4.33529,51.99802]},"properties":{"type":"charge","layer":"passenger","locationId":"91076520","name":"EQUANS SGZH 2.0 Reinier de Graafweg 506","address":"Reinier de Graafweg 506","city":"Delft","operatorName":"EQUANS","maxPowerKw":11,"isMegawatt":false,"status":"AVAILABLE","source":"ndw"}},{"type":"Feature","geometry":{"type":"Point","coordinates":[4.357526,52.020171]},"properties":{"type":"charge","layer":"passenger","locationId":"89264179","name":"EQUANS SGZH 1.0 89264179","address":"Sint Eustatiusstraat 2","city":"Delft","operatorName":"EQUANS","maxPowerKw":2,"isMegawatt":false,"status":"CHARGING","source":"ndw"}},{"type":"Feature","geometry":{"type":"Point","coordinates":[4.345143,51.977844]},"properties":{"type":"charge","layer":"passenger","locationId":"89261616","name":"EQUANS SGZH 1.0 89261616","address":"Straat van ormoes 105","city":"Delft","operatorName":"EQUANS","maxPowerKw":11,"isMegawatt":false,"status":"AVAILABLE","source":"ndw"}},{"type":"Feature","geometry":{"type":"Point","coordinates":[4.366227,51.981127]},"properties":{"type":"charge","layer":"passenger","locationId":"89261618","name":"EQUANS SGZH 1.0 89261618","address":"Willem Dreeslaan 42","city":"Delft","operatorName":"EQUANS","maxPowerKw":11,"isMegawatt":false,"status":"AVAILABLE","source":"ndw"}},{"type":"Feature","geometry":{"type":"Point","coordinates":[4.35337,51.99415]},"properties":{"type":"charge","layer":"passenger","locationId":"89261635","name":"EQUANS SGZH 1.0 89261635","address":"Menno Ter Braaklaan 1","city":"Delft","operatorName":"EQUANS","maxPowerKw":11,"isMegawatt":false,"status":"CHARGING","source":"ndw"}},{"type":"Feature","geometry":{"type":"Point","coordinates":[4.37227,52.007612]},"properties":{"type":"charge","layer":"passenger","locationId":"89261664","name":"EQUANS SGZH 1.0 89261664","address":"Poortlandplein 1","city":"Delft","operatorName":"EQUANS","maxPowerKw":11,"isMegawatt":false,"status":"CHARGING","source":"ndw"}},{"type":"Feature","geometry":{"type":"Point","coordinates":[4.33901,52.009825]},"properties":{"type":"charge","layer":"passenger","locationId":"89261600","name":"EQUANS SGZH 1.0 89261600","address":"Van Kinschotstraat 19","city":"Delft","operatorName":"EQUANS","maxPowerKw":11,"isMegawatt":false,"status":"AVAILABLE","source":"ndw"}},{"type":"Feature","geometry":{"type":"Point","coordinates":[4.363869,52.018204]},"properties":{"type":"charge","layer":"passenger","locationId":"89921254","name":"EQUANS SGZH 2.0 89921254","address":"Elzenlaan 12","city":"Delft","operatorName":"EQUANS","maxPowerKw":11,"isMegawatt":false,"status":"AVAILABLE","source":"ndw"}},{"type":"Feature","geometry":{"type":"Point","coordinates":[4.350474,52.007922]},"properties":{"type":"charge","layer":"passenger","locationId":"89261578","name":"EQUANS SGZH 1.0 89261578","address":"Antonie Heinsiusstraat 32","city":"Delft","operatorName":"EQUANS","maxPowerKw":11,"isMegawatt":false,"status":"CHARGING","source":"ndw"}},{"type":"Feature","geometry":{"type":"Point","coordinates":[4.34882,52.021267]},"properties":{"type":"charge","layer":"passenger","locationId":"90891477","name":"EQUANS SGZH 2.0 Haagweg 125 A","address":"Haagweg 125 A","city":"Delft","operatorName":"EQUANS","maxPowerKw":11,"isMegawatt":false,"status":"AVAILABLE","source":"ndw"}},{"type":"Feature","geometry":{"type":"Point","coordinates":[4.360776,52.013739]},"properties":{"type":"charge","layer":"passenger","locationId":"89238512","name":"EQUANS SGZH 2.0 89238512","address":"Rietveld 65","city":"Delft","operatorName":"EQUANS","maxPowerKw":11,"isMegawatt":false,"status":"CHARGING","source":"ndw"}},{"type":"Feature","geometry":{"type":"Point","coordinates":[4.403816,51.967875]},"properties":{"type":"charge","layer":"passenger","locationId":"6234521863269bcce14c59ec","name":"Manege De Prinsenstad","address":"Rijksstraatweg 145","city":"Delft","operatorName":"E-Flux by Road","maxPowerKw":22,"isMegawatt":false,"status":"CHARGING","source":"ndw","priceKwh":0.68}},{"type":"Feature","geometry":{"type":"Point","coordinates":[4.334865,51.988339]},"properties":{"type":"charge","layer":"passenger","locationId":"89261643","name":"EQUANS SGZH 1.0 89261643","address":"Van der Veensingel 47","city":"Delft","operatorName":"EQUANS","maxPowerKw":11,"isMegawatt":false,"status":"AVAILABLE","source":"ndw"}},{"type":"Feature","geometry":{"type":"Point","coordinates":[4.360975,52.017198]},"properties":{"type":"charge","layer":"passenger","locationId":"89918762","name":"EQUANS SGZH 2.0 89918762","address":"Oostsingel 152 B","city":"Delft","operatorName":"EQUANS","maxPowerKw":11,"isMegawatt":false,"status":"AVAILABLE","source":"ndw"}},{"type":"Feature","geometry":{"type":"Point","coordinates":[4.339502,52.013998]},"properties":{"type":"charge","layer":"passenger","locationId":"89264198","name":"EQUANS SGZH 1.0 89264198","address":"W.H. van Leeuwenlaan 86","city":"Delft","operatorName":"EQUANS","maxPowerKw":11,"isMegawatt":false,"status":"AVAILABLE","source":"ndw"}},{"type":"Feature","geometry":{"type":"Point","coordinates":[4.35036,52.00496]},"properties":{"type":"charge","layer":"passenger","locationId":"91507083","name":"EQUANS SGZH 2.0 Pootstraat 166","address":"Pootstraat 166","city":"Delft","operatorName":"EQUANS","maxPowerKw":11,"isMegawatt":false,"status":"CHARGING","source":"ndw"}},{"type":"Feature","geometry":{"type":"Point","coordinates":[4.34455,52.00328]},"properties":{"type":"charge","layer":"passenger","locationId":"90984752","name":"EQUANS SGZH 2.0 Kluizenaarsbocht 20","address":"Kluizenaarsbocht 20","city":"Delft","operatorName":"EQUANS","maxPowerKw":11,"isMegawatt":false,"status":"AVAILABLE","source":"ndw"}},{"type":"Feature","geometry":{"type":"Point","coordinates":[4.344471,51.996094]},"properties":{"type":"charge","layer":"passenger","locationId":"89264182","name":"EQUANS SGZH 1.0 89264182","address":"Griegstraat 249","city":"Delft","operatorName":"EQUANS","maxPowerKw":2,"isMegawatt":false,"status":"AVAILABLE","source":"ndw"}},{"type":"Feature","geometry":{"type":"Point","coordinates":[4.343628,51.993525]},"properties":{"type":"charge","layer":"passenger","locationId":"89261647","name":"EQUANS SGZH 1.0 89261647","address":"Schubertlaan 98","city":"Delft","operatorName":"EQUANS","maxPowerKw":11,"isMegawatt":false,"status":"AVAILABLE","source":"ndw"}},{"type":"Feature","geometry":{"type":"Point","coordinates":[4.351337,51.999493]},"properties":{"type":"charge","layer":"passenger","locationId":"90365793","name":"EQUANS SGZH 2.0 Poptahof Noord 151","address":"Poptahof Noord 151","city":"Delft","operatorName":"EQUANS","maxPowerKw":11,"isMegawatt":false,"status":"CHARGING","source":"ndw"}},{"type":"Feature","geometry":{"type":"Point","coordinates":[4.38308,52.00172]},"properties":{"type":"charge","layer":"passenger","locationId":"90189877","name":"EQUANS SGZH 2.0 Friedhoffplantsoen 11","address":"Friedhoffplantsoen 11","city":"delft","operatorName":"EQUANS","maxPowerKw":11,"isMegawatt":false,"status":"AVAILABLE","source":"ndw"}},{"type":"Feature","geometry":{"type":"Point","coordinates":[4.343829,52.001704]},"properties":{"type":"charge","layer":"passenger","locationId":"89235337","name":"EQUANS SGZH 2.0 89235337","address":"Antonia Veerstraat 10","city":"Delft","operatorName":"EQUANS","maxPowerKw":11,"isMegawatt":false,"status":"AVAILABLE","source":"ndw"}},{"type":"Feature","geometry":{"type":"Point","coordinates":[4.363712,52.007269]},"properties":{"type":"charge","layer":"passenger","locationId":"90164963","name":"EQUANS SGZH 2.0 Zusterlaan 16","address":"Zusterlaan 16","city":"Delft","operatorName":"EQUANS","maxPowerKw":11,"isMegawatt":false,"status":"AVAILABLE","source":"ndw"}},{"type":"Feature","geometry":{"type":"Point","coordinates":[4.326498,52.009827]},"properties":{"type":"charge","layer":"passenger","locationId":"91245850","name":"EQUANS SGZH 2.0 Kopkas 81","address":"Kopkas 81","city":"Delft","operatorName":"EQUANS","maxPowerKw":11,"isMegawatt":false,"status":"CHARGING","source":"ndw"}},{"type":"Feature","geometry":{"type":"Point","coordinates":[4.355409,51.999089]},"properties":{"type":"charge","layer":"passenger","locationId":"90255749","name":"EQUANS SGZH 2.0 Papsouwselaan 147","address":"Papsouwselaan 147","city":"Delft","operatorName":"EQUANS","maxPowerKw":11,"isMegawatt":false,"status":"CHARGING","source":"ndw"}},{"type":"Feature","geometry":{"type":"Point","coordinates":[4.35946,52.01605]},"properties":{"type":"charge","layer":"passenger","locationId":"89261532","name":"EQUANS SGZH 2.0 Paardenmarkt 15","address":"Paardenmarkt 15","city":"Delft","operatorName":"EQUANS","maxPowerKw":11,"isMegawatt":false,"status":"AVAILABLE","source":"ndw"}},{"type":"Feature","geometry":{"type":"Point","coordinates":[4.356044,52.013976]},"properties":{"type":"charge","layer":"passenger","locationId":"89473332","name":"EQUANS SGZH 1.0 89473332","address":"Voorstraat 34C","city":"Delft","operatorName":"EQUANS","maxPowerKw":11,"isMegawatt":false,"status":"CHARGING","source":"ndw"}},{"type":"Feature","geometry":{"type":"Point","coordinates":[4.37211,52.011491]},"properties":{"type":"charge","layer":"passenger","locationId":"89261558","name":"EQUANS SGZH 1.0 89261558","address":"Waterblok 11","city":"Delft","operatorName":"EQUANS","maxPowerKw":11,"isMegawatt":false,"status":"AVAILABLE","source":"ndw"}},{"type":"Feature","geometry":{"type":"Point","coordinates":[4.354823,51.984509]},"properties":{"type":"charge","layer":"passenger","locationId":"90195696","name":"EQUANS SGZH 2.0 Veulenkamp 43","address":"Veulenkamp 43","city":"Delft","operatorName":"EQUANS","maxPowerKw":11,"isMegawatt":false,"status":"AVAILABLE","source":"ndw"}},{"type":"Feature","geometry":{"type":"Point","coordinates":[4.331031,52.011375]},"properties":{"type":"charge","layer":"passenger","locationId":"90241587","name":"EQUANS SGZH 2.0 Kristalweg 68","address":"Kristalweg 68","city":"Delft","operatorName":"EQUANS","maxPowerKw":11,"isMegawatt":false,"status":"AVAILABLE","source":"ndw"}},{"type":"Feature","geometry":{"type":"Point","coordinates":[4.342759,52.010954]},"properties":{"type":"charge","layer":"passenger","locationId":"90850371","name":"EQUANS SGZH 2.0 Röellstraat 1","address":"Röellstraat 1","city":"Delft","operatorName":"EQUANS","maxPowerKw":11,"isMegawatt":false,"status":"AVAILABLE","source":"ndw"}},{"type":"Feature","geometry":{"type":"Point","coordinates":[4.350366,51.982745]},"properties":{"type":"charge","layer":"passenger","locationId":"89055090","name":"EQUANS SGZH 1.0 89055090","address":"Guévarastraat 12","city":"Delft","operatorName":"EQUANS","maxPowerKw":22,"isMegawatt":false,"status":"AVAILABLE","source":"ndw"}},{"type":"Feature","geometry":{"type":"Point","coordinates":[4.374109,52.012578]},"properties":{"type":"charge","layer":"passenger","locationId":"90226494","name":"EQUANS SGZH 2.0 Staalweg 6","address":"Staalweg 6","city":"Delft","operatorName":"EQUANS","maxPowerKw":11,"isMegawatt":false,"status":"AVAILABLE","source":"ndw"}},{"type":"Feature","geometry":{"type":"Point","coordinates":[4.359961,52.017977]},"properties":{"type":"charge","layer":"passenger","locationId":"90401539","name":"EQUANS SGZH 2.0 Oostsingel 177","address":"Oostsingel 177","city":"Delft","operatorName":"EQUANS","maxPowerKw":11,"isMegawatt":false,"status":"CHARGING","source":"ndw"}},{"type":"Feature","geometry":{"type":"Point","coordinates":[4.366652,52.012403]},"properties":{"type":"charge","layer":"passenger","locationId":"90099045","name":"EQUANS SGZH 2.0 Oranje Plantage 34","address":"Oranje Plantage 34","city":"Delft","operatorName":"EQUANS","maxPowerKw":11,"isMegawatt":false,"status":"AVAILABLE","source":"ndw"}},{"type":"Feature","geometry":{"type":"Point","coordinates":[4.362531,51.984438]},"properties":{"type":"charge","layer":"passenger","locationId":"89105180","name":"EQUANS SGZH 1.0 89105180","address":"Kwikstaartweg 2","city":"Delft","operatorName":"EQUANS","maxPowerKw":17,"isMegawatt":false,"status":"AVAILABLE","source":"ndw"}},{"type":"Feature","geometry":{"type":"Point","coordinates":[4.371438,51.993712]},"properties":{"type":"charge","layer":"passenger","locationId":"89261655","name":"EQUANS SGZH 1.0 89261655","address":"Rotterdamseweg 352","city":"Delft","operatorName":"EQUANS","maxPowerKw":11,"isMegawatt":false,"status":"AVAILABLE","source":"ndw"}},{"type":"Feature","geometry":{"type":"Point","coordinates":[4.362378,52.026645]},"properties":{"type":"charge","layer":"passenger","locationId":"371be651-864d-4fd2-b20f-4e3ffa39e192","name":"Kleveringweg 2","address":"Kleveringweg 2","city":"Delft","operatorName":"Vattenfall InCharge","maxPowerKw":150,"isMegawatt":false,"status":"AVAILABLE","source":"ndw"}},{"type":"Feature","geometry":{"type":"Point","coordinates":[4.365566,52.010697]},"properties":{"type":"charge","layer":"passenger","locationId":"90095913","name":"EQUANS SGZH 2.0 Doorniksteeg 1","address":"Doorniksteeg 1","city":"Delft","operatorName":"EQUANS","maxPowerKw":11,"isMegawatt":false,"status":"AVAILABLE","source":"ndw"}},{"type":"Feature","geometry":{"type":"Point","coordinates":[4.345154,51.978523]},"properties":{"type":"charge","layer":"passenger","locationId":"89261611","name":"EQUANS SGZH 1.0 89261611","address":"Libanonstraat 19","city":"Delft","operatorName":"EQUANS","maxPowerKw":11,"isMegawatt":false,"status":"AVAILABLE","source":"ndw"}},{"type":"Feature","geometry":{"type":"Point","coordinates":[4.348535,51.980741]},"properties":{"type":"charge","layer":"passenger","locationId":"90020608","name":"EQUANS SGZH 2.0 Gandhilaan 9","address":"Gandhilaan 9","city":"Delft","operatorName":"EQUANS","maxPowerKw":11,"isMegawatt":false,"status":"AVAILABLE","source":"ndw"}},{"type":"Feature","geometry":{"type":"Point","coordinates":[4.351991,51.991405]},"properties":{"type":"charge","layer":"passenger","locationId":"90247464","name":"EQUANS SGZH 2.0 Adama van Scheltemaplein 96 A","address":"Adama van Scheltemaplein 96 A","city":"Delft","operatorName":"EQUANS","maxPowerKw":11,"isMegawatt":false,"status":"AVAILABLE","source":"ndw"}},{"type":"Feature","geometry":{"type":"Point","coordinates":[4.337353,51.986655]},"properties":{"type":"charge","layer":"passenger","locationId":"89061006","name":"EQUANS SGZH 1.0 89061006","address":"Grabijnhof 35","city":"Delft","operatorName":"EQUANS","maxPowerKw":11,"isMegawatt":false,"status":"AVAILABLE","source":"ndw"}},{"type":"Feature","geometry":{"type":"Point","coordinates":[4.353643,52.017029]},"properties":{"type":"charge","layer":"passenger","locationId":"89444983","name":"EQUANS SGZH 2.0 89444983","address":"Koningsplein 22 A","city":"Delft","operatorName":"EQUANS","maxPowerKw":11,"isMegawatt":false,"status":"CHARGING","source":"ndw"}},{"type":"Feature","geometry":{"type":"Point","coordinates":[4.346184,51.9922]},"properties":{"type":"charge","layer":"passenger","locationId":"89254189","name":"EQUANS SGZH 2.0 89254189","address":"Pijperring 287","city":"Delft","operatorName":"EQUANS","maxPowerKw":11,"isMegawatt":false,"status":"AVAILABLE","source":"ndw"}},{"type":"Feature","geometry":{"type":"Point","coordinates":[4.379479,52.002761]},"properties":{"type":"charge","layer":"passenger","locationId":"89918765","name":"EQUANS SGZH 2.0 89918765","address":"Prof. Evertslaan 155","city":"Delft","operatorName":"EQUANS","maxPowerKw":11,"isMegawatt":false,"status":"AVAILABLE","source":"ndw"}},{"type":"Feature","geometry":{"type":"Point","coordinates":[4.358079,52.016687]},"properties":{"type":"charge","layer":"passenger","locationId":"89918767","name":"EQUANS SGZH 2.0 89918767","address":"Paardenmarkt 83","city":"Delft","operatorName":"EQUANS","maxPowerKw":11,"isMegawatt":false,"status":"AVAILABLE","source":"ndw"}},{"type":"Feature","geometry":{"type":"Point","coordinates":[4.35779,51.98679]},"properties":{"type":"charge","layer":"passenger","locationId":"91448180","name":"EQUANS SGZH 2.0 Kalfjeslaan 15","address":"Kalfjeslaan 15","city":"Delft","operatorName":"EQUANS","maxPowerKw":11,"isMegawatt":false,"status":"AVAILABLE","source":"ndw"}},{"type":"Feature","geometry":{"type":"Point","coordinates":[4.384997,52.000705]},"properties":{"type":"charge","layer":"passenger","locationId":"90401535","name":"EQUANS SGZH 2.0 Frogersingel 86","address":"Frogersingel 86","city":"Delft","operatorName":"EQUANS","maxPowerKw":11,"isMegawatt":false,"status":"AVAILABLE","source":"ndw"}},{"type":"Feature","geometry":{"type":"Point","coordinates":[4.346396,51.987823]},"properties":{"type":"charge","layer":"passenger","locationId":"90385817","name":"EQUANS SGZH 2.0 Vrijheidslaan 22","address":"Vrijheidslaan 22","city":"Delft","operatorName":"EQUANS","maxPowerKw":11,"isMegawatt":false,"status":"AVAILABLE","source":"ndw"}},{"type":"Feature","geometry":{"type":"Point","coordinates":[4.351687,51.985882]},"properties":{"type":"charge","layer":"passenger","locationId":"89439199","name":"EQUANS SGZH 1.0 89439199","address":"Sandinoweg 89","city":"Delft","operatorName":"EQUANS","maxPowerKw":22,"isMegawatt":false,"status":"AVAILABLE","source":"ndw"}},{"type":"Feature","geometry":{"type":"Point","coordinates":[4.337131,52.00936]},"properties":{"type":"charge","layer":"passenger","locationId":"89921255","name":"EQUANS SGZH 2.0 89921255","address":"Van Almondestraat 128","city":"Delft","operatorName":"EQUANS","maxPowerKw":11,"isMegawatt":false,"status":"AVAILABLE","source":"ndw"}},{"type":"Feature","geometry":{"type":"Point","coordinates":[4.336214,51.98175]},"properties":{"type":"charge","layer":"passenger","locationId":"89261608","name":"EQUANS SGZH 1.0 89261608","address":"Lambarenestraat 20","city":"Delft","operatorName":"EQUANS","maxPowerKw":11,"isMegawatt":false,"status":"AVAILABLE","source":"ndw"}},{"type":"Feature","geometry":{"type":"Point","coordinates":[4.379298,52.006195]},"properties":{"type":"charge","layer":"passenger","locationId":"90205370","name":"EQUANS SGZH 2.0 Keurenaerstraat 5","address":"Keurenaerstraat 5","city":"Delft","operatorName":"EQUANS","maxPowerKw":11,"isMegawatt":false,"status":"AVAILABLE","source":"ndw"}},{"type":"Feature","geometry":{"type":"Point","coordinates":[4.358736,51.992534]},"properties":{"type":"charge","layer":"passenger","locationId":"89261625","name":"EQUANS SGZH 1.0 89261625","address":"Arthur van Schendelplein 17","city":"Delft","operatorName":"EQUANS","maxPowerKw":11,"isMegawatt":false,"status":"AVAILABLE","source":"ndw"}},{"type":"Feature","geometry":{"type":"Point","coordinates":[4.36505,51.9861]},"properties":{"type":"charge","layer":"passenger","locationId":"90928481","name":"EQUANS SGZH 2.0 Eekhoornhof 1","address":"Eekhoornhof 1","city":"Delft","operatorName":"EQUANS","maxPowerKw":11,"isMegawatt":false,"status":"AVAILABLE","source":"ndw"}},{"type":"Feature","geometry":{"type":"Point","coordinates":[4.357356,52.024091]},"properties":{"type":"charge","layer":"passenger","locationId":"89105190","name":"EQUANS SGZH 1.0 89105190","address":"Sint Jorisweg 96","city":"Delft","operatorName":"EQUANS","maxPowerKw":17,"isMegawatt":false,"status":"AVAILABLE","source":"ndw"}},{"type":"Feature","geometry":{"type":"Point","coordinates":[4.353037,52.020047]},"properties":{"type":"charge","layer":"passenger","locationId":"89981294","name":"EQUANS SGZH 2.0 Molukkenstraat 1","address":"Molukkenstraat 1","city":"Delft","operatorName":"EQUANS","maxPowerKw":11,"isMegawatt":false,"status":"CHARGING","source":"ndw"}},{"type":"Feature","geometry":{"type":"Point","coordinates":[4.344961,52.015749]},"properties":{"type":"charge","layer":"passenger","locationId":"89261585","name":"EQUANS SGZH 1.0 89261585","address":"Wallerstraat 16","city":"Delft","operatorName":"EQUANS","maxPowerKw":11,"isMegawatt":false,"status":"AVAILABLE","source":"ndw"}},{"type":"Feature","geometry":{"type":"Point","coordinates":[4.332131,52.008568]},"properties":{"type":"charge","layer":"passenger","locationId":"90205338","name":"EQUANS SGZH 2.0 Parkzoom 293 T.O.","address":"Parkzoom 293 T.O.","city":"Delft","operatorName":"EQUANS","maxPowerKw":11,"isMegawatt":false,"status":"AVAILABLE","source":"ndw"}},{"type":"Feature","geometry":{"type":"Point","coordinates":[4.342783,52.012622]},"properties":{"type":"charge","layer":"passenger","locationId":"89261586","name":"EQUANS SGZH 1.0 89261586","address":"Kappeyne van de Coppellostraat 17","city":"Delft","operatorName":"EQUANS","maxPowerKw":11,"isMegawatt":false,"status":"AVAILABLE","source":"ndw"}},{"type":"Feature","geometry":{"type":"Point","coordinates":[4.358974,52.01455]},"properties":{"type":"charge","layer":"passenger","locationId":"89261527","name":"EQUANS SGZH 1.0 89261527","address":"Vaandelstraat 23","city":"Delft","operatorName":"EQUANS","maxPowerKw":11,"isMegawatt":false,"status":"AVAILABLE","source":"ndw"}},{"type":"Feature","geometry":{"type":"Point","coordinates":[4.340131,51.988046]},"properties":{"type":"charge","layer":"passenger","locationId":"89444988","name":"EQUANS SGZH 2.0 89444988","address":"Wilhelminalaan 118","city":"Delft","operatorName":"EQUANS","maxPowerKw":22,"isMegawatt":false,"status":"AVAILABLE","source":"ndw"}},{"type":"Feature","geometry":{"type":"Point","coordinates":[4.349009,51.978723]},"properties":{"type":"charge","layer":"passenger","locationId":"89205289","name":"EQUANS SGZH 2.0 89205289","address":"Derde Werelddreef 273","city":"Delft","operatorName":"EQUANS","maxPowerKw":11,"isMegawatt":false,"status":"AVAILABLE","source":"ndw"}},{"type":"Feature","geometry":{"type":"Point","coordinates":[4.367049,52.010494]},"properties":{"type":"charge","layer":"passenger","locationId":"89261536","name":"EQUANS SGZH 1.0 89261536","address":"Zuiderstraat 304","city":"Delft","operatorName":"EQUANS","maxPowerKw":11,"isMegawatt":false,"status":"AVAILABLE","source":"ndw"}},{"type":"Feature","geometry":{"type":"Point","coordinates":[4.356036,51.982896]},"properties":{"type":"charge","layer":"passenger","locationId":"90322308","name":"EQUANS SGZH 2.0 Watersnipstraat 13","address":"Watersnipstraat 13","city":"Delft","operatorName":"EQUANS","maxPowerKw":11,"isMegawatt":false,"status":"AVAILABLE","source":"ndw"}},{"type":"Feature","geometry":{"type":"Point","coordinates":[4.367533,52.009132]},"properties":{"type":"charge","layer":"passenger","locationId":"89261535","name":"EQUANS SGZH 1.0 89261535","address":"Nieuwelaan 148","city":"Delft","operatorName":"EQUANS","maxPowerKw":11,"isMegawatt":false,"status":"AVAILABLE","source":"ndw"}},{"type":"Feature","geometry":{"type":"Point","coordinates":[4.350555,52.019195]},"properties":{"type":"charge","layer":"passenger","locationId":"89307387","name":"EQUANS SGZH 2.0 89307387","address":"Nieuwe Plantage 113","city":"Delft","operatorName":"EQUANS","maxPowerKw":11,"isMegawatt":false,"status":"AVAILABLE","source":"ndw"}},{"type":"Feature","geometry":{"type":"Point","coordinates":[4.356964,52.025405]},"properties":{"type":"charge","layer":"passenger","locationId":"89261548","name":"EQUANS SGZH 1.0 89261548","address":"Brasserskade 173","city":"Delft","operatorName":"EQUANS","maxPowerKw":11,"isMegawatt":false,"status":"AVAILABLE","source":"ndw"}},{"type":"Feature","geometry":{"type":"Point","coordinates":[4.345182,52.002631]},"properties":{"type":"charge","layer":"passenger","locationId":"89261590","name":"EQUANS SGZH 1.0 89261590","address":"Aletta Jacobsstraat 208","city":"Delft","operatorName":"EQUANS","maxPowerKw":11,"isMegawatt":false,"status":"CHARGING","source":"ndw"}},{"type":"Feature","geometry":{"type":"Point","coordinates":[4.346476,52.017011]},"properties":{"type":"charge","layer":"passenger","locationId":"89942825","name":"EQUANS SGZH 2.0 89942825","address":"J.C. van Markenweg 1","city":"Delft","operatorName":"EQUANS","maxPowerKw":11,"isMegawatt":false,"status":"AVAILABLE","source":"ndw"}},{"type":"Feature","geometry":{"type":"Point","coordinates":[4.373569,52.01207]},"properties":{"type":"charge","layer":"passenger","locationId":"89261557","name":"EQUANS SGZH 1.0 89261557","address":"Oostblok 219","city":"Delft","operatorName":"EQUANS","maxPowerKw":11,"isMegawatt":false,"status":"AVAILABLE","source":"ndw"}},{"type":"Feature","geometry":{"type":"Point","coordinates":[4.347432,52.009342]},"properties":{"type":"charge","layer":"passenger","locationId":"90311565","name":"EQUANS SGZH 2.0 Van der Heimstraat 69","address":"Van der Heimstraat 69","city":"Delft","operatorName":"EQUANS","maxPowerKw":11,"isMegawatt":false,"status":"AVAILABLE","source":"ndw"}},{"type":"Feature","geometry":{"type":"Point","coordinates":[4.352778,52.005282]},"properties":{"type":"charge","layer":"passenger","locationId":"89261574","name":"EQUANS SGZH 1.0 89261574","address":"Van Bleyswijckstraat 63","city":"Delft","operatorName":"EQUANS","maxPowerKw":11,"isMegawatt":false,"status":"CHARGING","source":"ndw"}},{"type":"Feature","geometry":{"type":"Point","coordinates":[4.340426,52.014692]},"properties":{"type":"charge","layer":"passenger","locationId":"89261584","name":"EQUANS SGZH 1.0 89261584","address":"Knuttelstraat 38","city":"Delft","operatorName":"EQUANS","maxPowerKw":11,"isMegawatt":false,"status":"AVAILABLE","source":"ndw"}},{"type":"Feature","geometry":{"type":"Point","coordinates":[4.35513,52.00345]},"properties":{"type":"charge","layer":"passenger","locationId":"91193625","name":"EQUANS SGZH 2.0 Van Bleyswijckstraat 72 A","address":"Van Bleyswijckstraat 72 A","city":"Delft","operatorName":"EQUANS","maxPowerKw":11,"isMegawatt":false,"status":"AVAILABLE","source":"ndw"}},{"type":"Feature","geometry":{"type":"Point","coordinates":[4.337703,51.993481]},"properties":{"type":"charge","layer":"passenger","locationId":"89261650","name":"EQUANS SGZH 1.0 89261650","address":"Sibeliuslaan 1","city":"Delft","operatorName":"EQUANS","maxPowerKw":11,"isMegawatt":false,"status":"AVAILABLE","source":"ndw"}},{"type":"Feature","geometry":{"type":"Point","coordinates":[4.368015,52.011608]},"properties":{"type":"charge","layer":"passenger","locationId":"89258286","name":"EQUANS SGZH 2.0 89258286","address":"Oranje Plantage 77","city":"Delft","operatorName":"EQUANS","maxPowerKw":11,"isMegawatt":false,"status":"AVAILABLE","source":"ndw"}},{"type":"Feature","geometry":{"type":"Point","coordinates":[4.345131,52.010908]},"properties":{"type":"charge","layer":"passenger","locationId":"89261581","name":"EQUANS SGZH 1.0 89261581","address":"Weteringlaan 1","city":"Delft","operatorName":"EQUANS","maxPowerKw":11,"isMegawatt":false,"status":"AVAILABLE","source":"ndw"}},{"type":"Feature","geometry":{"type":"Point","coordinates":[4.352487,51.993941]},"properties":{"type":"charge","layer":"passenger","locationId":"90195790","name":"EQUANS SGZH 2.0 Menno ter Braaklaan 273 B Menno ter Braaklaan 1","address":"Menno ter Braaklaan 273 B","city":"Delft","operatorName":"EQUANS","maxPowerKw":11,"isMegawatt":false,"status":"AVAILABLE","source":"ndw"}},{"type":"Feature","geometry":{"type":"Point","coordinates":[4.328505,52.010639]},"properties":{"type":"charge","layer":"passenger","locationId":"89261592","name":"EQUANS SGZH 1.0 89261592","address":"Schietglas 27","city":"Delft","operatorName":"EQUANS","maxPowerKw":11,"isMegawatt":false,"status":"CHARGING","source":"ndw"}},{"type":"Feature","geometry":{"type":"Point","coordinates":[4.353814,51.996462]},"properties":{"type":"charge","layer":"passenger","locationId":"89942818","name":"EQUANS SGZH 2.0 Roland Holstlaan 20","address":"Roland Holstlaan 20","city":"Delft","operatorName":"EQUANS","maxPowerKw":11,"isMegawatt":false,"status":"AVAILABLE","source":"ndw"}},{"type":"Feature","geometry":{"type":"Point","coordinates":[4.352308,52.009224]},"properties":{"type":"charge","layer":"passenger","locationId":"89264199","name":"EQUANS SGZH 1.0 89264199","address":"Hugo de Grootstraat 110","city":"Delft","operatorName":"EQUANS","maxPowerKw":11,"isMegawatt":false,"status":"AVAILABLE","source":"ndw"}},{"type":"Feature","geometry":{"type":"Point","coordinates":[4.361071,52.002071]},"properties":{"type":"charge","layer":"passenger","locationId":"89261654","name":"EQUANS SGZH 1.0 89261654","address":"Drukkerijlaan 34","city":"Delft","operatorName":"EQUANS","maxPowerKw":11,"isMegawatt":false,"status":"CHARGING","source":"ndw"}},{"type":"Feature","geometry":{"type":"Point","coordinates":[4.375551,52.006828]},"properties":{"type":"charge","layer":"passenger","locationId":"89261658","name":"EQUANS SGZH 1.0 89261658","address":"De Colignystraat 4","city":"Delft","operatorName":"EQUANS","maxPowerKw":11,"isMegawatt":false,"status":"AVAILABLE","source":"ndw"}},{"type":"Feature","geometry":{"type":"Point","coordinates":[4.351468,51.99327]},"properties":{"type":"charge","layer":"passenger","locationId":"89261630","name":"EQUANS SGZH 1.0 89261630","address":"Aart van der Leeuwlaan 386","city":"Delft","operatorName":"EQUANS","maxPowerKw":11,"isMegawatt":false,"status":"CHARGING","source":"ndw"}},{"type":"Feature","geometry":{"type":"Point","coordinates":[4.349481,52.010565]},"properties":{"type":"charge","layer":"passenger","locationId":"89228021","name":"EQUANS SGZH 2.0 89228021","address":"Van der Heimstraat 2A","city":"Delft","operatorName":"EQUANS","maxPowerKw":11,"isMegawatt":false,"status":"AVAILABLE","source":"ndw"}},{"type":"Feature","geometry":{"type":"Point","coordinates":[4.370475,52.014874]},"properties":{"type":"charge","layer":"passenger","locationId":"91292743","name":"EQUANS SGZH 2.0 van Lodensteynstraat 83","address":"van Lodensteynstraat 83","city":"Delft","operatorName":"EQUANS","maxPowerKw":11,"isMegawatt":false,"status":"AVAILABLE","source":"ndw"}},{"type":"Feature","geometry":{"type":"Point","coordinates":[4.354305,52.018093]},"properties":{"type":"charge","layer":"passenger","locationId":"89261542","name":"EQUANS SGZH 1.0 89261542","address":"Nieuwe plantage 28","city":"Delft","operatorName":"EQUANS","maxPowerKw":11,"isMegawatt":false,"status":"AVAILABLE","source":"ndw"}},{"type":"Feature","geometry":{"type":"Point","coordinates":[4.338989,51.978742]},"properties":{"type":"charge","layer":"passenger","locationId":"89264201","name":"EQUANS SGZH 2.0 89482950","address":"Chinalaan 4","city":"Delft","operatorName":"EQUANS","maxPowerKw":22,"isMegawatt":false,"status":"AVAILABLE","source":"ndw"}},{"type":"Feature","geometry":{"type":"Point","coordinates":[4.35951,52.001894]},"properties":{"type":"charge","layer":"passenger","locationId":"90195699","name":"EQUANS SGZH 2.0 Engelsestraat 23","address":"Engelsestraat 23","city":"Delft","operatorName":"EQUANS","maxPowerKw":11,"isMegawatt":false,"status":"AVAILABLE","source":"ndw"}},{"type":"Feature","geometry":{"type":"Point","coordinates":[4.345371,51.993379]},"properties":{"type":"charge","layer":"passenger","locationId":"89261648","name":"EQUANS SGZH 1.0 89261648","address":"Sweelinckstraat 20","city":"Delft","operatorName":"EQUANS","maxPowerKw":11,"isMegawatt":false,"status":"AVAILABLE","source":"ndw"}},{"type":"Feature","geometry":{"type":"Point","coordinates":[4.346932,52.008017]},"properties":{"type":"charge","layer":"passenger","locationId":"89444986","name":"EQUANS SGZH 2.0 89444986","address":"Westplantsoen 68","city":"Delft","operatorName":"EQUANS","maxPowerKw":11,"isMegawatt":false,"status":"CHARGING","source":"ndw"}},{"type":"Feature","geometry":{"type":"Point","coordinates":[4.357467,51.981224]},"properties":{"type":"charge","layer":"passenger","locationId":"89481124","name":"EQUANS SGZH 2.0 89481124","address":"Meerkoetlaan 86","city":"Delft","operatorName":"EQUANS","maxPowerKw":11,"isMegawatt":false,"status":"AVAILABLE","source":"ndw"}},{"type":"Feature","geometry":{"type":"Point","coordinates":[4.338816,51.999854]},"properties":{"type":"charge","layer":"passenger","locationId":"89179077","name":"EQUANS SGZH 2.0 89179077","address":"Korenmolen 9","city":"Delft","operatorName":"EQUANS","maxPowerKw":17,"isMegawatt":false,"status":"AVAILABLE","source":"ndw"}},{"type":"Feature","geometry":{"type":"Point","coordinates":[4.346328,51.993769]},"properties":{"type":"charge","layer":"passenger","locationId":"89228017","name":"EQUANS SGZH 2.0 89228017","address":"Wagenaarstraat 24","city":"Delft","operatorName":"EQUANS","maxPowerKw":11,"isMegawatt":false,"status":"AVAILABLE","source":"ndw"}},{"type":"Feature","geometry":{"type":"Point","coordinates":[4.379548,52.003968]},"properties":{"type":"charge","layer":"passenger","locationId":"89188802","name":"EQUANS SGZH 2.0 89188802","address":"Prof. Henketstraat 46","city":"Delft","operatorName":"EQUANS","maxPowerKw":17,"isMegawatt":false,"status":"AVAILABLE","source":"ndw"}},{"type":"Feature","geometry":{"type":"Point","coordinates":[4.349105,51.987938]},"properties":{"type":"charge","layer":"passenger","locationId":"89481130","name":"EQUANS SGZH 2.0 89481130","address":"Churchilllaan 72","city":"Delft","operatorName":"EQUANS","maxPowerKw":11,"isMegawatt":false,"status":"AVAILABLE","source":"ndw"}},{"type":"Feature","geometry":{"type":"Point","coordinates":[4.33029,52.00729]},"properties":{"type":"charge","layer":"passenger","locationId":"91276985","name":"EQUANS SGZH 2.0 Druivenmuur 3","address":"Druivenmuur 3","city":"Delft","operatorName":"EQUANS","maxPowerKw":11,"isMegawatt":false,"status":"AVAILABLE","source":"ndw"}},{"type":"Feature","geometry":{"type":"Point","coordinates":[4.358568,51.980253]},"properties":{"type":"charge","layer":"passenger","locationId":"89439200","name":"EQUANS SGZH 1.0 89439200","address":"Leeuweriklaan 1","city":"Delft","operatorName":"EQUANS","maxPowerKw":22,"isMegawatt":false,"status":"AVAILABLE","source":"ndw"}},{"type":"Feature","geometry":{"type":"Point","coordinates":[4.36237,52.00593]},"properties":{"type":"charge","layer":"passenger","locationId":"90850372","name":"EQUANS SGZH 2.0 Hertog Govertkade 10","address":"Hertog Govertkade 10","city":"Delft","operatorName":"EQUANS","maxPowerKw":11,"isMegawatt":false,"status":"AVAILABLE","source":"ndw"}},{"type":"Feature","geometry":{"type":"Point","coordinates":[4.34621,51.98372]},"properties":{"type":"charge","layer":"passenger","locationId":"90942005","name":"EQUANS SGZH 2.0 Suezsingel 1 (Egyptelaan 82 TO)","address":"Suezsingel 1","city":"Delft","operatorName":"EQUANS","maxPowerKw":11,"isMegawatt":false,"status":"AVAILABLE","source":"ndw"}},{"type":"Feature","geometry":{"type":"Point","coordinates":[4.379109,52.00542]},"properties":{"type":"charge","layer":"passenger","locationId":"90970886","name":"EQUANS SGZH 2.0 Koningin Emmalaan 89","address":"Koningin Emmalaan 89","city":"Delft","operatorName":"EQUANS","maxPowerKw":11,"isMegawatt":false,"status":"AVAILABLE","source":"ndw"}},{"type":"Feature","geometry":{"type":"Point","coordinates":[4.352521,51.989271]},"properties":{"type":"charge","layer":"passenger","locationId":"89261632","name":"EQUANS SGZH 1.0 89261632","address":"Aart van der Leeuwlaan 1152","city":"Delft","operatorName":"EQUANS","maxPowerKw":11,"isMegawatt":false,"status":"AVAILABLE","source":"ndw"}},{"type":"Feature","geometry":{"type":"Point","coordinates":[4.346157,51.998236]},"properties":{"type":"charge","layer":"passenger","locationId":"89261649","name":"EQUANS SGZH 1.0 89261649","address":"Juniusstraat 133","city":"Delft","operatorName":"EQUANS","maxPowerKw":11,"isMegawatt":false,"status":"AVAILABLE","source":"ndw"}},{"type":"Feature","geometry":{"type":"Point","coordinates":[4.360891,52.00927]},"properties":{"type":"charge","layer":"passenger","locationId":"89261525","name":"EQUANS SGZH 1.0 89261525","address":"Gasthuisplaats 69","city":"Delft","operatorName":"EQUANS","maxPowerKw":11,"isMegawatt":false,"status":"AVAILABLE","source":"ndw"}},{"type":"Feature","geometry":{"type":"Point","coordinates":[4.3787,52.006979]},"properties":{"type":"charge","layer":"passenger","locationId":"89264183","name":"EQUANS SGZH 1.0 89264183","address":"Nassauplein 53","city":"Delft","operatorName":"EQUANS","maxPowerKw":2,"isMegawatt":false,"status":"AVAILABLE","source":"ndw"}},{"type":"Feature","geometry":{"type":"Point","coordinates":[4.359448,51.997682]},"properties":{"type":"charge","layer":"passenger","locationId":"89261623","name":"EQUANS SGZH 1.0 89261623","address":"vulcanusweg 16","city":"Delft","operatorName":"EQUANS","maxPowerKw":11,"isMegawatt":false,"status":"AVAILABLE","source":"ndw"}},{"type":"Feature","geometry":{"type":"Point","coordinates":[4.380483,52.003868]},"properties":{"type":"charge","layer":"passenger","locationId":"89228030","name":"EQUANS SGZH 2.0 89228030","address":"Prof. Krausstraat 105","city":"Delft","operatorName":"EQUANS","maxPowerKw":11,"isMegawatt":false,"status":"AVAILABLE","source":"ndw"}},{"type":"Feature","geometry":{"type":"Point","coordinates":[4.343174,51.992388]},"properties":{"type":"charge","layer":"passenger","locationId":"89315452","name":"EQUANS SGZH 2.0 89315452","address":"Schubertlaan 230 / 228","city":"Delft","operatorName":"EQUANS","maxPowerKw":11,"isMegawatt":false,"status":"AVAILABLE","source":"ndw"}},{"type":"Feature","geometry":{"type":"Point","coordinates":[4.364606,52.0161]},"properties":{"type":"charge","layer":"passenger","locationId":"89261553","name":"EQUANS SGZH 1.0 89261553","address":"Willem van aelststraat 20","city":"Delft","operatorName":"EQUANS","maxPowerKw":11,"isMegawatt":false,"status":"AVAILABLE","source":"ndw"}},{"type":"Feature","geometry":{"type":"Point","coordinates":[4.357196,51.981797]},"properties":{"type":"charge","layer":"passenger","locationId":"89051557","name":"EQUANS SGZH 1.0 89051557","address":"Ooievaarstraat 18","city":"Delft","operatorName":"EQUANS","maxPowerKw":22,"isMegawatt":false,"status":"AVAILABLE","source":"ndw"}},{"type":"Feature","geometry":{"type":"Point","coordinates":[4.37213,52.008704]},"properties":{"type":"charge","layer":"passenger","locationId":"89195917","name":"EQUANS SGZH 2.0 89195917","address":"Julianalaan 90","city":"Delft","operatorName":"EQUANS","maxPowerKw":11,"isMegawatt":false,"status":"AVAILABLE","source":"ndw"}},{"type":"Feature","geometry":{"type":"Point","coordinates":[4.343127,51.980535]},"properties":{"type":"charge","layer":"passenger","locationId":"89228019","name":"EQUANS SGZH 2.0 89228019","address":"Togostraat 43","city":"Delft","operatorName":"EQUANS","maxPowerKw":11,"isMegawatt":false,"status":"AVAILABLE","source":"ndw"}},{"type":"Feature","geometry":{"type":"Point","coordinates":[4.349559,51.982174]},"properties":{"type":"charge","layer":"passenger","locationId":"89261604","name":"EQUANS SGZH 1.0 89261604","address":"Cubalaan 2","city":"Delft","operatorName":"EQUANS","maxPowerKw":11,"isMegawatt":false,"status":"AVAILABLE","source":"ndw"}},{"type":"Feature","geometry":{"type":"Point","coordinates":[4.383539,52.002782]},"properties":{"type":"charge","layer":"passenger","locationId":"90164969","name":"EQUANS SGZH 2.0 Frogersingel 8","address":"Frogersingel 8","city":"Delft","operatorName":"EQUANS","maxPowerKw":11,"isMegawatt":false,"status":"AVAILABLE","source":"ndw"}},{"type":"Feature","geometry":{"type":"Point","coordinates":[4.346462,51.981427]},"properties":{"type":"charge","layer":"passenger","locationId":"89261610","name":"EQUANS SGZH 1.0 89261610","address":"Mandeleatraat 142","city":"Delft","operatorName":"EQUANS","maxPowerKw":11,"isMegawatt":false,"status":"AVAILABLE","source":"ndw"}},{"type":"Feature","geometry":{"type":"Point","coordinates":[4.355926,52.025588]},"properties":{"type":"charge","layer":"passenger","locationId":"90163351","name":"EQUANS SGZH 2.0 Aaraustraat 11","address":"Aaraustraat 11","city":"Delft","operatorName":"EQUANS","maxPowerKw":11,"isMegawatt":false,"status":"AVAILABLE","source":"ndw"}},{"type":"Feature","geometry":{"type":"Point","coordinates":[4.342426,51.980398]},"properties":{"type":"charge","layer":"passenger","locationId":"89481133","name":"EQUANS SGZH 2.0 89481133","address":"Zaïrestraat 88","city":"Delft","operatorName":"EQUANS","maxPowerKw":11,"isMegawatt":false,"status":"AVAILABLE","source":"ndw"}},{"type":"Feature","geometry":{"type":"Point","coordinates":[4.354777,51.986765]},"properties":{"type":"charge","layer":"passenger","locationId":"89209902","name":"EQUANS SGZH 2.0 89209902","address":"Kalfjeslaan 133","city":"Delft","operatorName":"EQUANS","maxPowerKw":11,"isMegawatt":false,"status":"AVAILABLE","source":"ndw"}},{"type":"Feature","geometry":{"type":"Point","coordinates":[4.337886,52.012131]},"properties":{"type":"charge","layer":"passenger","locationId":"89981292","name":"EQUANS SGZH 2.0 Van Kinschotstraat 180","address":"Van Kinschotstraat 180","city":"Delft","operatorName":"EQUANS","maxPowerKw":11,"isMegawatt":false,"status":"AVAILABLE","source":"ndw"}},{"type":"Feature","geometry":{"type":"Point","coordinates":[4.360935,51.991149]},"properties":{"type":"charge","layer":"passenger","locationId":"90020609","name":"EQUANS SGZH 2.0 Frederik van Eedenlaan 23","address":"Frederik van Eedenlaan 23","city":"Delft","operatorName":"EQUANS","maxPowerKw":11,"isMegawatt":false,"status":"AVAILABLE","source":"ndw"}},{"type":"Feature","geometry":{"type":"Point","coordinates":[4.35796,51.98479]},"properties":{"type":"charge","layer":"passenger","locationId":"91210132","name":"EQUANS SGZH 2.0 Koekamp 77","address":"Koekamp 77","city":"Delft","operatorName":"EQUANS","maxPowerKw":11,"isMegawatt":false,"status":"AVAILABLE","source":"ndw"}},{"type":"Feature","geometry":{"type":"Point","coordinates":[4.340606,51.983953]},"properties":{"type":"charge","layer":"passenger","locationId":"89261615","name":"EQUANS SGZH 1.0 89261615","address":"Sadatweg 23","city":"Delft","operatorName":"EQUANS","maxPowerKw":11,"isMegawatt":false,"status":"CHARGING","source":"ndw"}},{"type":"Feature","geometry":{"type":"Point","coordinates":[4.349261,52.003937]},"properties":{"type":"charge","layer":"passenger","locationId":"90365778","name":"EQUANS SGZH 2.0 Saaiwerkerstraat 30","address":"Saaiwerkerstraat 30","city":"Delft","operatorName":"EQUANS","maxPowerKw":11,"isMegawatt":false,"status":"AVAILABLE","source":"ndw"}},{"type":"Feature","geometry":{"type":"Point","coordinates":[4.350162,51.984252]},"properties":{"type":"charge","layer":"passenger","locationId":"89261605","name":"EQUANS SGZH 1.0 89261605","address":"Latijns-Amerikalaan 93","city":"Delft","operatorName":"EQUANS","maxPowerKw":11,"isMegawatt":false,"status":"AVAILABLE","source":"ndw"}},{"type":"Feature","geometry":{"type":"Point","coordinates":[4.366955,52.003659]},"properties":{"type":"charge","layer":"passenger","locationId":"90189878","name":"EQUANS SGZH 2.0 Maerten Trompstraat 33","address":"Maerten Trompstraat 33","city":"Delft","operatorName":"EQUANS","maxPowerKw":11,"isMegawatt":false,"status":"CHARGING","source":"ndw"}},{"type":"Feature","geometry":{"type":"Point","coordinates":[4.356517,52.013371]},"properties":{"type":"charge","layer":"passenger","locationId":"89261545","name":"EQUANS SGZH 1.0 89261545","address":"Minderbroerstraat 4","city":"Delft","operatorName":"EQUANS","maxPowerKw":11,"isMegawatt":false,"status":"CHARGING","source":"ndw"}},{"type":"Feature","geometry":{"type":"Point","coordinates":[4.326605,52.012153]},"properties":{"type":"charge","layer":"passenger","locationId":"91204066","name":"EQUANS SGZH 2.0 Laan van Bentvelsen 24","address":"Laan van Bentvelsen 24","city":"Delft","operatorName":"EQUANS","maxPowerKw":11,"isMegawatt":false,"status":"AVAILABLE","source":"ndw"}},{"type":"Feature","geometry":{"type":"Point","coordinates":[4.351044,52.014786]},"properties":{"type":"charge","layer":"passenger","locationId":"89333910","name":"EQUANS SGZH 2.0 Kampveld 1","address":"Kampveld 1","city":"Delft","operatorName":"EQUANS","maxPowerKw":11,"isMegawatt":false,"status":"CHARGING","source":"ndw"}},{"type":"Feature","geometry":{"type":"Point","coordinates":[4.373126,52.00996]},"properties":{"type":"charge","layer":"passenger","locationId":"89261663","name":"EQUANS SGZH 1.0 89261663","address":"Frederik Hendrikstraat 1","city":"Delft","operatorName":"EQUANS","maxPowerKw":11,"isMegawatt":false,"status":"AVAILABLE","source":"ndw"}},{"type":"Feature","geometry":{"type":"Point","coordinates":[4.337711,51.981355]},"properties":{"type":"charge","layer":"passenger","locationId":"89261614","name":"EQUANS SGZH 1.0 89261614","address":"Sowetostraat 2","city":"Delft","operatorName":"EQUANS","maxPowerKw":11,"isMegawatt":false,"status":"AVAILABLE","source":"ndw"}},{"type":"Feature","geometry":{"type":"Point","coordinates":[4.36144,51.980639]},"properties":{"type":"charge","layer":"passenger","locationId":"89261631","name":"EQUANS SGZH 1.0 89261631","address":"Lepelaarstraat 63","city":"Delft","operatorName":"EQUANS","maxPowerKw":11,"isMegawatt":false,"status":"AVAILABLE","source":"ndw"}},{"type":"Feature","geometry":{"type":"Point","coordinates":[4.330077,52.010185]},"properties":{"type":"charge","layer":"passenger","locationId":"91292923","name":"EQUANS SGZH 2.0 Breedkapper 15","address":"Breedkapper 15","city":"Delft","operatorName":"EQUANS","maxPowerKw":11,"isMegawatt":false,"status":"AVAILABLE","source":"ndw"}},{"type":"Feature","geometry":{"type":"Point","coordinates":[4.361534,51.982119]},"properties":{"type":"charge","layer":"passenger","locationId":"90384745","name":"EQUANS SGZH 2.0 Slechtvalkhof 15","address":"Slechtvalkhof 15","city":"Delft","operatorName":"EQUANS","maxPowerKw":11,"isMegawatt":false,"status":"AVAILABLE","source":"ndw"}},{"type":"Feature","geometry":{"type":"Point","coordinates":[4.340524,51.978779]},"properties":{"type":"charge","layer":"passenger","locationId":"90296000","name":"EQUANS SGZH 2.0 Aziëlaan 278","address":"Aziëlaan 278","city":"Delft","operatorName":"EQUANS","maxPowerKw":11,"isMegawatt":false,"status":"AVAILABLE","source":"ndw"}},{"type":"Feature","geometry":{"type":"Point","coordinates":[4.339997,51.978796]},"properties":{"type":"charge","layer":"passenger","locationId":"89261613","name":"EQUANS SGZH 1.0 89261613","address":"Aziëlaan 264","city":"Delft","operatorName":"EQUANS","maxPowerKw":11,"isMegawatt":false,"status":"AVAILABLE","source":"ndw"}},{"type":"Feature","geometry":{"type":"Point","coordinates":[4.36652,52.01464]},"properties":{"type":"charge","layer":"passenger","locationId":"89620344","name":"EQUANS SGZH 2.0 Van Renswoudestraat 40","address":"Van Renswoudestraat 40","city":"Delft","operatorName":"EQUANS","maxPowerKw":11,"isMegawatt":false,"status":"AVAILABLE","source":"ndw"}},{"type":"Feature","geometry":{"type":"Point","coordinates":[4.337287,51.993346]},"properties":{"type":"charge","layer":"passenger","locationId":"90020610","name":"EQUANS SGZH 2.0 Gershwinlaan 2","address":"Gershwinlaan 2","city":"Delft","operatorName":"EQUANS","maxPowerKw":11,"isMegawatt":false,"status":"AVAILABLE","source":"ndw"}},{"type":"Feature","geometry":{"type":"Point","coordinates":[4.335789,51.9871]},"properties":{"type":"charge","layer":"passenger","locationId":"90205337","name":"EQUANS SGZH 2.0 Wilhelminalaan 218","address":"Wilhelminalaan 218","city":"Delft","operatorName":"EQUANS","maxPowerKw":11,"isMegawatt":false,"status":"AVAILABLE","source":"ndw"}},{"type":"Feature","geometry":{"type":"Point","coordinates":[4.34499,52.00571]},"properties":{"type":"charge","layer":"passenger","locationId":"91288057","name":"EQUANS SGZH 2.0 Drooghuisstraat 3","address":"Drooghuisstraat 3","city":"Delft","operatorName":"EQUANS","maxPowerKw":11,"isMegawatt":false,"status":"AVAILABLE","source":"ndw"}},{"type":"Feature","geometry":{"type":"Point","coordinates":[4.351249,52.014363]},"properties":{"type":"charge","layer":"passenger","locationId":"90163344","name":"EQUANS SGZH 2.0 Dirklangendwarsstraat 44","address":"Dirklangendwarsstraat 44","city":"Delft","operatorName":"EQUANS","maxPowerKw":11,"isMegawatt":false,"status":"AVAILABLE","source":"ndw"}},{"type":"Feature","geometry":{"type":"Point","coordinates":[4.380283,52.011573]},"properties":{"type":"charge","layer":"freight","locationId":"1298","name":"IONITY GmbH IONITY Delft","address":"Olof Palmestraat 2","city":"Delft","operatorName":"IONITY","maxPowerKw":400,"isMegawatt":false,"status":"AVAILABLE","source":"ndw","priceKwh":0.6283,"freightKind":"hpc","freightReason":"power"}},{"type":"Feature","geometry":{"type":"MultiPolygon","coordinates":[[[[4.3797352101454186,52.026732865608416],[4.379808575931623,52.02666376209716],[4.3862448078595895,52.02330834911099],[4.387848259507412,52.02137099626975],[4.3907892506646675,52.01682899487864],[4.393319829101208,52.01306966635625],[4.3945158607227714,52.011255740410675],[4.39368744939673,52.01102173165304],[4.393686716331619,52.01093324020499],[4.388345855849841,52.00944720625308],[4.388497717301928,52.00866692194133],[4.389025175617903,52.00783097822318],[4.388180388801812,52.00663819661808],[4.388622948333802,52.005453790955315],[4.38617332222301,52.00489419002462],[4.385915690618993,52.0048353306398],[4.388142414043754,51.99977595926261],[4.388281251390318,51.99945434282566],[4.3891643054430345,51.9973808048738],[4.389577318461612,51.99651986977875],[4.39177010532152,51.99128928844089],[4.393526910836741,51.98717589929079],[4.397030053142832,51.97897406692729],[4.4015375907761625,51.978046476363474],[4.40727328989474,51.968986858146124],[4.407910755307138,51.96819869979017],[4.402933291367906,51.966316407299715],[4.397722956840255,51.974333704548876],[4.396745672950724,51.97418083204202],[4.396173867667967,51.97608021040813],[4.394217190152928,51.97632688096338],[4.393809735633668,51.977503519830364],[4.383622409304474,51.97581590127994],[4.386302788912985,51.97221409677293],[4.375752230630558,51.97014764634031],[4.36917534735723,51.96887050099066],[4.368173737358888,51.9715817856054],[4.3595401124574655,51.97013541818933],[4.35872082568867,51.972260964222656],[4.359880492472041,51.97245729264102],[4.359700941680244,51.97287295679967],[4.358536030756339,51.97270515800783],[4.358368688366023,51.97310739168876],[4.359478902272548,51.973280402239325],[4.359306916298726,51.973693363362344],[4.3582037473423,51.97350384837444],[4.35765639916411,51.97481941437662],[4.358831554801547,51.97502015387154],[4.358571584744188,51.97565791116014],[4.357376289640864,51.97549263264772],[4.356625799536718,51.977296268525386],[4.345068790958476,51.97541935138147],[4.343134258683704,51.975674800539934],[4.338227196876602,51.97417770819421],[4.332723543449973,51.98045664855098],[4.332042062709165,51.98406791106442],[4.328487579091593,51.9857020240002],[4.324111870943417,51.98985862496764],[4.325732299762128,51.99195125639651],[4.333109511595602,51.99317183773607],[4.332813919071069,51.99555337320594],[4.331524988833107,51.99785223212006],[4.33324441621573,51.998116178625445],[4.333348305988675,51.99792129510199],[4.334746292821659,51.99834670683016],[4.3377168664432775,51.99880260581651],[4.335834292343651,52.001055393094695],[4.3411425073066185,52.002710451450554],[4.341097259270231,52.00278283287249],[4.339037636621174,52.00504802397415],[4.3384532396062285,52.00569084264493],[4.336370864868438,52.00475328352637],[4.332655707314968,52.00788296047655],[4.331311807460293,52.007280256277774],[4.328259562781736,52.00592006088598],[4.328069950331629,52.006097110735965],[4.3277403114138835,52.00640490305987],[4.326547902842762,52.006146519584185],[4.326504521863285,52.00624343306161],[4.325759746127107,52.00601723716745],[4.326236850151059,52.00542803685128],[4.326346276429767,52.00529289951186],[4.323244423528893,52.00433570950482],[4.3202177544235685,52.00806556614099],[4.321490072502596,52.00846361520028],[4.320635752786708,52.00932216046296],[4.3243663386705755,52.01043760984313],[4.3243715475402364,52.01053062687119],[4.324374505304105,52.01058342898],[4.325268176594162,52.01077518288313],[4.325470736922871,52.010869370833504],[4.325397131376942,52.011101781651455],[4.325329448127633,52.011315489698916],[4.325995412149416,52.01162119359535],[4.32532188380576,52.01219922420091],[4.32562422232951,52.012322598142],[4.3260593509228755,52.012500215394425],[4.325956264367408,52.012793464372024],[4.330246018521032,52.01466622137696],[4.33428729204129,52.01641822627134],[4.334426352577611,52.0164813726538],[4.343695465358787,52.020616973480266],[4.347670303040843,52.022351645405344],[4.348001873287155,52.022453815296686],[4.34801195256351,52.02245684989573],[4.351418457183246,52.02400334556387],[4.354950325894957,52.02558060122033],[4.355034436923696,52.02553039909008],[4.355426793731289,52.02571339805766],[4.355477303249321,52.02585235795553],[4.357693149975473,52.026821029612584],[4.357790268060775,52.02686341860571],[4.358848645132515,52.027334151117365],[4.35977436238521,52.02654248468685],[4.360260684189651,52.02675783304441],[4.3624259897762405,52.02769055292666],[4.363396008839177,52.0280967349714],[4.3734990787273835,52.03259901757016],[4.3797352101454186,52.026732865608416]]]]},"properties":{"type":"boundary","gemeente":"Delft","code":"GM0503"}}]}