{"type":"FeatureCollection","metadata":{"gemeente":"Dijk en Waard","slug":"dijk-en-waard","code":"GM1980","generated_at":"2026-07-06T16:26:11.361Z","total_passenger":335,"total_freight":1,"bounds":[4.728852593218037,52.632678294144576,4.899879617009194,52.73141131118753],"operators":["DAEN Mobility","E-Flux by Road","Eneco","Laadnet","NXT Charging Solutions","NXT50Five","Tango electric","TotalEnergies","Ubitricity","Vattenfall InCharge","bp pulse"]},"features":[{"type":"Feature","geometry":{"type":"Point","coordinates":[4.840402,52.665144]},"properties":{"type":"charge","layer":"passenger","locationId":"c5b6b0b4-800e-465c-99f3-d50cce297da6","name":"TNLP034152","address":"Populierenlaan 1","city":"Heerhugowaard","operatorName":"TotalEnergies","maxPowerKw":14,"isMegawatt":false,"status":"AVAILABLE","source":"ndw"}},{"type":"Feature","geometry":{"type":"Point","coordinates":[4.825398,52.646962]},"properties":{"type":"charge","layer":"passenger","locationId":"db1b80e7840b7fd7cd6827f99ef7b543","name":"Theodora Havertuin","address":"Theodora Havertuin","city":"Heerhugowaard","operatorName":"Vattenfall InCharge","maxPowerKw":11,"isMegawatt":false,"status":"CHARGING","source":"ndw"}},{"type":"Feature","geometry":{"type":"Point","coordinates":[4.817959,52.642544]},"properties":{"type":"charge","layer":"passenger","locationId":"2fd5267e-8610-47a7-b96e-a6bbf6968bc3","name":"TNLP006713 - Lotte Beesedijk 1, Heerhugowaard","address":"1 Lotte Beesedijk","city":"Heerhugowaard","operatorName":"TotalEnergies","maxPowerKw":15,"isMegawatt":false,"status":"AVAILABLE","source":"ndw"}},{"type":"Feature","geometry":{"type":"Point","coordinates":[4.81379,52.65098]},"properties":{"type":"charge","layer":"passenger","locationId":"de89657a-5373-45b8-bbcf-301e6f9819e1","name":"PP004125 - Cato van der Pijlland 1, Heerhugowaard","address":"1 Cato van der Pijlland","city":"Heerhugowaard","operatorName":"TotalEnergies","maxPowerKw":11,"isMegawatt":false,"status":"UNAVAILABLE","source":"ndw"}},{"type":"Feature","geometry":{"type":"Point","coordinates":[4.822804,52.665886]},"properties":{"type":"charge","layer":"passenger","locationId":"19f0675b-965f-4c6a-ad99-4146a77543f5","name":"TNLP008182 - Koraal 90, Heerhugowaard","address":"90 Koraal","city":"Heerhugowaard","operatorName":"TotalEnergies","maxPowerKw":15,"isMegawatt":false,"status":"AVAILABLE","source":"ndw"}},{"type":"Feature","geometry":{"type":"Point","coordinates":[4.796946,52.680153]},"properties":{"type":"charge","layer":"passenger","locationId":"dcfc24a9-8b48-465b-8e1e-c0687175c6e0","name":"TNLP007002 - Zuidersloot 34, Broek op Langedijk","address":"34 Zuidersloot","city":"Broek op Langedijk","operatorName":"TotalEnergies","maxPowerKw":17,"isMegawatt":false,"status":"UNAVAILABLE","source":"ndw"}},{"type":"Feature","geometry":{"type":"Point","coordinates":[4.835459,52.653084]},"properties":{"type":"charge","layer":"passenger","locationId":"716aa208-0038-492b-bb16-6bf66f50d2b1","name":"TNLP008434 - Schaapskuilmeer 1, Heerhugowaard","address":"1 Schaapskuilmeer","city":"Heerhugowaard","operatorName":"TotalEnergies","maxPowerKw":14,"isMegawatt":false,"status":"AVAILABLE","source":"ndw"}},{"type":"Feature","geometry":{"type":"Point","coordinates":[4.795818,52.684883]},"properties":{"type":"charge","layer":"passenger","locationId":"1c78917e-341e-4870-a88e-4cfb1d957fb3","name":"TNLP009208 - Bosgroet 91, Zuid-Scharwoude","address":"91 Bosgroet","city":"Zuid-Scharwoude","operatorName":"TotalEnergies","maxPowerKw":17,"isMegawatt":false,"status":"UNAVAILABLE","source":"ndw"}},{"type":"Feature","geometry":{"type":"Point","coordinates":[4.8294764,52.649173]},"properties":{"type":"charge","layer":"passenger","locationId":"2369","name":"Shell Recharge NL Burgplantsoen 65","address":"Burgplantsoen 65","city":"Heerhugowaard","operatorName":"Ubitricity","maxPowerKw":22,"isMegawatt":false,"status":"AVAILABLE","source":"ndw","priceKwh":0.266}},{"type":"Feature","geometry":{"type":"Point","coordinates":[4.807028,52.673615]},"properties":{"type":"charge","layer":"passenger","locationId":"a659af08-502e-413d-a62d-37a6ff138f32","name":"TNLP007221 - Prinses Marijkestraat 32, Broek op Langedijk","address":"32 Prinses Marijkestraat","city":"Broek op Langedijk","operatorName":"TotalEnergies","maxPowerKw":17,"isMegawatt":false,"status":"UNAVAILABLE","source":"ndw"}},{"type":"Feature","geometry":{"type":"Point","coordinates":[4.801521,52.68178]},"properties":{"type":"charge","layer":"passenger","locationId":"fb9f86f9-873d-48b3-a5a7-dc8c56ab1d1b","name":"TNLP007776 - Zandsloot 11, Broek op Langedijk","address":"11 Zandsloot","city":"Broek op Langedijk","operatorName":"TotalEnergies","maxPowerKw":17,"isMegawatt":false,"status":"UNAVAILABLE","source":"ndw"}},{"type":"Feature","geometry":{"type":"Point","coordinates":[4.836944,52.651096]},"properties":{"type":"charge","layer":"passenger","locationId":"21783a49-8770-46da-8d20-5d1ec9269840","name":"TNLP007777 - Moerbeeklaan 19, Heerhugowaard","address":"19 Moerbeeklaan","city":"Heerhugowaard","operatorName":"TotalEnergies","maxPowerKw":17,"isMegawatt":false,"status":"UNAVAILABLE","source":"ndw"}},{"type":"Feature","geometry":{"type":"Point","coordinates":[4.816117,52.642113]},"properties":{"type":"charge","layer":"passenger","locationId":"d8b80f1f-1eb3-4b29-8eaf-90a0f9dcc707","name":"TNLP009610 - Tijm 23, Heerhugowaard","address":"23 Tijm","city":"Heerhugowaard","operatorName":"TotalEnergies","maxPowerKw":15,"isMegawatt":false,"status":"AVAILABLE","source":"ndw"}},{"type":"Feature","geometry":{"type":"Point","coordinates":[4.81168,52.65453]},"properties":{"type":"charge","layer":"passenger","locationId":"2b9f9e28-cbdf-43f7-acc1-79ddf46a7f5c","name":"TNLP003605 - Nijlkrokodil 25, Heerhugowaard","address":"25 Nijlkrokodil","city":"Heerhugowaard","operatorName":"TotalEnergies","maxPowerKw":17,"isMegawatt":false,"status":"AVAILABLE","source":"ndw"}},{"type":"Feature","geometry":{"type":"Point","coordinates":[4.830275,52.646297]},"properties":{"type":"charge","layer":"passenger","locationId":"74966df5-9e98-41df-be47-a8978c081aae","name":"TNLP009774 - Huygenhoekring 193, Heerhugowaard","address":"193 Huygenhoekring","city":"Heerhugowaard","operatorName":"TotalEnergies","maxPowerKw":17,"isMegawatt":false,"status":"UNAVAILABLE","source":"ndw"}},{"type":"Feature","geometry":{"type":"Point","coordinates":[4.81349,52.64998]},"properties":{"type":"charge","layer":"passenger","locationId":"fed08144-3439-4e9a-8612-8a502cc6f069","name":"PP001477 - Steigerdijk 115, Heerhugowaard","address":"115 Steigerdijk","city":"Heerhugowaard","operatorName":"TotalEnergies","maxPowerKw":11,"isMegawatt":false,"status":"UNAVAILABLE","source":"ndw"}},{"type":"Feature","geometry":{"type":"Point","coordinates":[4.8587,52.67841]},"properties":{"type":"charge","layer":"passenger","locationId":"569348e5fc21c22aec9a8634baecbad1","name":"Aert de Gelderlaan 4","address":"Aert de Gelderlaan 4","city":"Heerhugowaard","operatorName":"Vattenfall InCharge","maxPowerKw":11,"isMegawatt":false,"status":"AVAILABLE","source":"ndw"}},{"type":"Feature","geometry":{"type":"Point","coordinates":[4.835877,52.67486]},"properties":{"type":"charge","layer":"passenger","locationId":"f8d0eebf-391b-4035-8b1c-325ac9c4114a","name":"TNLP006564 - Hectorlaan 7, Heerhugowaard","address":"7 Hectorlaan","city":"Heerhugowaard","operatorName":"TotalEnergies","maxPowerKw":15,"isMegawatt":false,"status":"AVAILABLE","source":"ndw"}},{"type":"Feature","geometry":{"type":"Point","coordinates":[4.82178,52.669055]},"properties":{"type":"charge","layer":"passenger","locationId":"637211d0abde6946e812ccb7","name":"Forum Heerhugowaard","address":"Stationsplein 71","city":"Heerhugowaard","operatorName":"E-Flux by Road","maxPowerKw":22,"isMegawatt":false,"status":"AVAILABLE","source":"ndw","priceKwh":0.42}},{"type":"Feature","geometry":{"type":"Point","coordinates":[4.803511,52.7]},"properties":{"type":"charge","layer":"passenger","locationId":"74eb2ab6-a19d-41a2-8d4c-4f89c0052ce6","name":"TNLP009708 - Watermolen 6, Noord-Scharwoude","address":"6 Watermolen","city":"Noord-Scharwoude","operatorName":"TotalEnergies","maxPowerKw":15,"isMegawatt":false,"status":"AVAILABLE","source":"ndw"}},{"type":"Feature","geometry":{"type":"Point","coordinates":[4.828232,52.660694]},"properties":{"type":"charge","layer":"passenger","locationId":"68ece2bad49777dcd7085d78","name":"Ed Imming 's station","address":"middenweg 41","city":"Heerhugowaard","operatorName":"E-Flux by Road","maxPowerKw":11,"isMegawatt":false,"status":"CHARGING","source":"ndw","priceKwh":0.39}},{"type":"Feature","geometry":{"type":"Point","coordinates":[4.796141,52.680987]},"properties":{"type":"charge","layer":"passenger","locationId":"8d0bad5f-d1a8-4028-8eda-3adba815c034","name":"TNLP034622","address":"Klaversloot 16","city":"Broek op Langedijk","operatorName":"TotalEnergies","maxPowerKw":14,"isMegawatt":false,"status":"AVAILABLE","source":"ndw"}},{"type":"Feature","geometry":{"type":"Point","coordinates":[4.82145,52.64879]},"properties":{"type":"charge","layer":"passenger","locationId":"42","name":"Shell Recharge NL Aagje Dekentuin 13","address":"Aagje Dekentuin 13","city":"Heerhugowaard","operatorName":"Ubitricity","maxPowerKw":11,"isMegawatt":false,"status":"AVAILABLE","source":"ndw","priceKwh":0.388}},{"type":"Feature","geometry":{"type":"Point","coordinates":[4.8251,52.66445]},"properties":{"type":"charge","layer":"passenger","locationId":"3bc09950-8e5f-4b12-b69b-f3be867a2292","name":"TNLP009823 - Parelhof 1, Heerhugowaard","address":"1 Parelhof","city":"Heerhugowaard","operatorName":"TotalEnergies","maxPowerKw":17,"isMegawatt":false,"status":"CHARGING","source":"ndw"}},{"type":"Feature","geometry":{"type":"Point","coordinates":[4.863968,52.662342]},"properties":{"type":"charge","layer":"passenger","locationId":"da71f3cf67a9f50921db811a33db7d44","name":"Waterjufferpad 16","address":"Waterjufferpad 16","city":"Heerhugowaard","operatorName":"Vattenfall InCharge","maxPowerKw":11,"isMegawatt":false,"status":"AVAILABLE","source":"ndw"}},{"type":"Feature","geometry":{"type":"Point","coordinates":[4.799967,52.686283]},"properties":{"type":"charge","layer":"passenger","locationId":"c334ee07-b6a5-4053-a748-b41b20374048","name":"TNLP006939 - Bosgroet 77, Zuid-Scharwoude","address":"77 Bosgroet","city":"Zuid-Scharwoude","operatorName":"TotalEnergies","maxPowerKw":15,"isMegawatt":false,"status":"AVAILABLE","source":"ndw"}},{"type":"Feature","geometry":{"type":"Point","coordinates":[4.849198,52.664608]},"properties":{"type":"charge","layer":"passenger","locationId":"0602dd9b-59a8-446d-9926-837d5763563d","name":"TNLP009546 - Beukenlaan 1, Heerhugowaard","address":"1 Beukenlaan","city":"Heerhugowaard","operatorName":"TotalEnergies","maxPowerKw":15,"isMegawatt":false,"status":"AVAILABLE","source":"ndw"}},{"type":"Feature","geometry":{"type":"Point","coordinates":[4.81133,52.64663]},"properties":{"type":"charge","layer":"passenger","locationId":"93","name":"Shell Recharge NL Zuiderlicht 399","address":"Zuiderlicht 399","city":"Heerhugowaard","operatorName":"Ubitricity","maxPowerKw":11,"isMegawatt":false,"status":"AVAILABLE","source":"ndw","priceKwh":0.388}},{"type":"Feature","geometry":{"type":"Point","coordinates":[4.84552,52.65245]},"properties":{"type":"charge","layer":"passenger","locationId":"3cd285788bdc0907efdeb6ea88b9c616","name":"Omring 59","address":"Omring 59","city":"Heerhugowaard","operatorName":"Vattenfall InCharge","maxPowerKw":11,"isMegawatt":false,"status":"AVAILABLE","source":"ndw"}},{"type":"Feature","geometry":{"type":"Point","coordinates":[4.823905,52.653622]},"properties":{"type":"charge","layer":"passenger","locationId":"4d5f33b17c5af7adf215a3aea3a879a3","name":"Donge 62","address":"Donge 62","city":"Heerhugowaard","operatorName":"Vattenfall InCharge","maxPowerKw":11,"isMegawatt":false,"status":"AVAILABLE","source":"ndw"}},{"type":"Feature","geometry":{"type":"Point","coordinates":[4.81222,52.65493]},"properties":{"type":"charge","layer":"passenger","locationId":"200","name":"Shell Recharge NL Zwarte Kaaiman 40","address":"Zwarte Kaaiman 40","city":"Heerhugowaard","operatorName":"Ubitricity","maxPowerKw":11,"isMegawatt":false,"status":"AVAILABLE","source":"ndw","priceKwh":0.388}},{"type":"Feature","geometry":{"type":"Point","coordinates":[4.8036455,52.644596]},"properties":{"type":"charge","layer":"passenger","locationId":"1892","name":"Shell Recharge NL Hemelboog Binnen 8","address":"Hemelboog Binnen 8","city":"Heerhugowaard","operatorName":"Ubitricity","maxPowerKw":22,"isMegawatt":false,"status":"AVAILABLE","source":"ndw","priceKwh":0.266}},{"type":"Feature","geometry":{"type":"Point","coordinates":[4.82842,52.664247]},"properties":{"type":"charge","layer":"passenger","locationId":"0088f94e-83da-4639-9a16-a0278141c560","name":"bp pulse Middenwaard","address":"Zuidtangent 1","city":"Heerhugowaard","operatorName":"bp pulse","maxPowerKw":150,"isMegawatt":false,"status":"AVAILABLE","source":"ndw","priceKwh":0.7}},{"type":"Feature","geometry":{"type":"Point","coordinates":[4.781591,52.652023]},"properties":{"type":"charge","layer":"passenger","locationId":"fe4e24a5-f2cc-4457-a465-3f5ee33daf6a","name":"TNLP009877 - Fuut 26, Sint Pancras","address":"26 Fuut","city":"Sint Pancras","operatorName":"TotalEnergies","maxPowerKw":13,"isMegawatt":false,"status":"AVAILABLE","source":"ndw"}},{"type":"Feature","geometry":{"type":"Point","coordinates":[4.80685,52.67438]},"properties":{"type":"charge","layer":"passenger","locationId":"bc3458d5-ecf3-4000-81a8-3355b8e279b6","name":"PP001339 - Prins Hendrikkade 8, Broek op Langedijk","address":"8 Prins Hendrikkade","city":"Broek op Langedijk","operatorName":"TotalEnergies","maxPowerKw":11,"isMegawatt":false,"status":"CHARGING","source":"ndw"}},{"type":"Feature","geometry":{"type":"Point","coordinates":[4.858292,52.675514]},"properties":{"type":"charge","layer":"passenger","locationId":"30d34471-7275-4637-b79e-9b4c952cfa64","name":"PP002588 - C. Fabritiuspark 4, Heerhugowaard","address":"4 C. Fabritiuspark","city":"Heerhugowaard","operatorName":"TotalEnergies","maxPowerKw":13,"isMegawatt":false,"status":"AVAILABLE","source":"ndw"}},{"type":"Feature","geometry":{"type":"Point","coordinates":[4.865687,52.671432]},"properties":{"type":"charge","layer":"passenger","locationId":"1d4ad83d-6f73-479f-806f-95ebdf242286","name":"TNLP006762 - Zwanenbloemstraat 19, Heerhugowaard","address":"19 Zwanenbloemstraat","city":"Heerhugowaard","operatorName":"TotalEnergies","maxPowerKw":15,"isMegawatt":false,"status":"AVAILABLE","source":"ndw"}},{"type":"Feature","geometry":{"type":"Point","coordinates":[4.81504,52.64892]},"properties":{"type":"charge","layer":"passenger","locationId":"1640","name":"Shell Recharge NL Steigerdijk 71","address":"Steigerdijk 71","city":"Dijk en Waard","operatorName":"Ubitricity","maxPowerKw":11,"isMegawatt":false,"status":"AVAILABLE","source":"ndw","priceKwh":0.388}},{"type":"Feature","geometry":{"type":"Point","coordinates":[4.8364,52.66296]},"properties":{"type":"charge","layer":"passenger","locationId":"1520","name":"Shell Recharge NL Hulstlaan 2","address":"Hulstlaan 2","city":"Dijk en Waard","operatorName":"Ubitricity","maxPowerKw":11,"isMegawatt":false,"status":"AVAILABLE","source":"ndw","priceKwh":0.388}},{"type":"Feature","geometry":{"type":"Point","coordinates":[4.8103288,52.6468298]},"properties":{"type":"charge","layer":"passenger","locationId":"1888","name":"Shell Recharge NL Hemelboog Binnen 155","address":"Hemelboog Binnen 155","city":"Heerhugowaard","operatorName":"Ubitricity","maxPowerKw":22,"isMegawatt":false,"status":"AVAILABLE","source":"ndw","priceKwh":0.266}},{"type":"Feature","geometry":{"type":"Point","coordinates":[4.79617,52.71952]},"properties":{"type":"charge","layer":"passenger","locationId":"467","name":"Shell Recharge NL Kroonstraat 1","address":"Kroonstraat 1","city":"Oudkarspel","operatorName":"Ubitricity","maxPowerKw":11,"isMegawatt":false,"status":"AVAILABLE","source":"ndw","priceKwh":0.388}},{"type":"Feature","geometry":{"type":"Point","coordinates":[4.83946,52.66941]},"properties":{"type":"charge","layer":"passenger","locationId":"469","name":"Shell Recharge NL Staringlaan 61","address":"Staringlaan 61","city":"Heerhugowaard","operatorName":"Ubitricity","maxPowerKw":11,"isMegawatt":false,"status":"CHARGING","source":"ndw","priceKwh":0.388}},{"type":"Feature","geometry":{"type":"Point","coordinates":[4.830759,52.690296]},"properties":{"type":"charge","layer":"passenger","locationId":"67cb0804e7918792b8ad8049","name":"Hoofdkantoor station 1","address":"Amperestraat  44","city":"Heerhugowaard","operatorName":"E-Flux by Road","maxPowerKw":22,"isMegawatt":false,"status":"AVAILABLE","source":"ndw","priceKwh":0.38}},{"type":"Feature","geometry":{"type":"Point","coordinates":[4.868835,52.669644]},"properties":{"type":"charge","layer":"passenger","locationId":"3968211","name":"Laadnet Zwenkgrasstraat","address":"Zwenkgrasstraat 2","city":"Heerhugowaard","operatorName":"Laadnet","maxPowerKw":11,"isMegawatt":false,"status":"AVAILABLE","source":"ndw"}},{"type":"Feature","geometry":{"type":"Point","coordinates":[4.808904,52.6945677]},"properties":{"type":"charge","layer":"passenger","locationId":"1130","name":"Shell Recharge NL Boomgaard 9","address":"Boomgaard 9","city":"Zuid-Scharwoude","operatorName":"Ubitricity","maxPowerKw":22,"isMegawatt":false,"status":"AVAILABLE","source":"ndw","priceKwh":0.266}},{"type":"Feature","geometry":{"type":"Point","coordinates":[4.8456774,52.6806019]},"properties":{"type":"charge","layer":"passenger","locationId":"1431","name":"Shell Recharge NL Waardereiland 16","address":"Waardereiland 16","city":"Heerhugowaard","operatorName":"Ubitricity","maxPowerKw":22,"isMegawatt":false,"status":"AVAILABLE","source":"ndw","priceKwh":0.266}},{"type":"Feature","geometry":{"type":"Point","coordinates":[4.79207,52.66269]},"properties":{"type":"charge","layer":"passenger","locationId":"633","name":"Shell Recharge NL Middenmander 5","address":"Middenmander 5","city":"Sint Pancras","operatorName":"Ubitricity","maxPowerKw":11,"isMegawatt":false,"status":"AVAILABLE","source":"ndw","priceKwh":0.388}},{"type":"Feature","geometry":{"type":"Point","coordinates":[4.81726,52.66059]},"properties":{"type":"charge","layer":"passenger","locationId":"b4695612-5d18-449c-9535-ab323c0bf294","name":"PP001203 - Granaat 12, Heerhugowaard","address":"12 Granaat","city":"Heerhugowaard","operatorName":"TotalEnergies","maxPowerKw":11,"isMegawatt":false,"status":"UNAVAILABLE","source":"ndw"}},{"type":"Feature","geometry":{"type":"Point","coordinates":[4.82649,52.64852]},"properties":{"type":"charge","layer":"passenger","locationId":"708","name":"Shell Recharge NL Clara Wichmanntuin 2","address":"Clara Wichmanntuin 2","city":"Heerhugowaard","operatorName":"Ubitricity","maxPowerKw":11,"isMegawatt":false,"status":"AVAILABLE","source":"ndw","priceKwh":0.388}},{"type":"Feature","geometry":{"type":"Point","coordinates":[4.800063,52.716545]},"properties":{"type":"charge","layer":"passenger","locationId":"04dc40ce-32a5-4245-812c-f9838c0da7f8","name":"TNLP007968 - Dorpsstraat 920, Oudkarspel","address":"920 Dorpsstraat","city":"Oudkarspel","operatorName":"TotalEnergies","maxPowerKw":15,"isMegawatt":false,"status":"AVAILABLE","source":"ndw"}},{"type":"Feature","geometry":{"type":"Point","coordinates":[4.820934,52.646065]},"properties":{"type":"charge","layer":"passenger","locationId":"43c102dc-21d0-4330-84c5-dca843258621","name":"TNLP015232","address":"Annie van Hattemtuin 4","city":"Heerhugowaard","operatorName":"TotalEnergies","maxPowerKw":17,"isMegawatt":false,"status":"AVAILABLE","source":"ndw"}},{"type":"Feature","geometry":{"type":"Point","coordinates":[4.801188,52.6773]},"properties":{"type":"charge","layer":"passenger","locationId":"67ee5015ec0b78e5d896392b","name":"Statedijk 8","address":"Statedijk 1","city":"Broek op Langedijk","operatorName":"E-Flux by Road","maxPowerKw":11,"isMegawatt":false,"status":"AVAILABLE","source":"ndw","priceKwh":0.53}},{"type":"Feature","geometry":{"type":"Point","coordinates":[4.8387934,52.6615804]},"properties":{"type":"charge","layer":"passenger","locationId":"1881","name":"Shell Recharge NL Eikenlaan 65","address":"Eikenlaan 65","city":"Heerhugowaard","operatorName":"Ubitricity","maxPowerKw":22,"isMegawatt":false,"status":"AVAILABLE","source":"ndw","priceKwh":0.266}},{"type":"Feature","geometry":{"type":"Point","coordinates":[4.821438,52.644868]},"properties":{"type":"charge","layer":"passenger","locationId":"a90c8f16-3c5e-483f-8c88-edf4e2a3ea25","name":"Cornelia van Arkeldijk","address":"Cornelia van Arkeldijk 48","city":"Heerhugowaard","operatorName":"Vattenfall InCharge","maxPowerKw":11,"isMegawatt":false,"status":"AVAILABLE","source":"ndw"}},{"type":"Feature","geometry":{"type":"Point","coordinates":[4.83677,52.65605]},"properties":{"type":"charge","layer":"passenger","locationId":"1579","name":"Shell Recharge NL Mosterdmolen 48","address":"Mosterdmolen 48","city":"Dijk en Waard","operatorName":"Ubitricity","maxPowerKw":11,"isMegawatt":false,"status":"AVAILABLE","source":"ndw","priceKwh":0.388}},{"type":"Feature","geometry":{"type":"Point","coordinates":[4.79821,52.71311]},"properties":{"type":"charge","layer":"passenger","locationId":"d050578d-91f3-451b-8442-75e65bfe53d2","name":"PP002063 - Regthuisstraat 60, Oudkarspel","address":"60 Regthuisstraat","city":"Oudkarspel","operatorName":"TotalEnergies","maxPowerKw":11,"isMegawatt":false,"status":"AVAILABLE","source":"ndw"}},{"type":"Feature","geometry":{"type":"Point","coordinates":[4.81,52.64524]},"properties":{"type":"charge","layer":"passenger","locationId":"4eceb14d-c21a-4b76-86b8-411171f38a41","name":"PP002513 - Hof van Ra 11, Heerhugowaard","address":"11 Hof van Ra","city":"Heerhugowaard","operatorName":"TotalEnergies","maxPowerKw":17,"isMegawatt":false,"status":"AVAILABLE","source":"ndw"}},{"type":"Feature","geometry":{"type":"Point","coordinates":[4.81021,52.662827]},"properties":{"type":"charge","layer":"passenger","locationId":"955dc2ad-1720-4dfd-9d44-dd1194acc475","name":"Tango electric Heerhugowaard 3-4","address":"J.J.P. Oudweg 14","city":"Heerhugowaard","operatorName":"Tango electric","maxPowerKw":200,"isMegawatt":false,"status":"AVAILABLE","source":"ndw","priceKwh":0.6}},{"type":"Feature","geometry":{"type":"Point","coordinates":[4.80414,52.6545]},"properties":{"type":"charge","layer":"passenger","locationId":"205","name":"Shell Recharge NL Velduil 29","address":"Velduil 29","city":"Heerhugowaard","operatorName":"Ubitricity","maxPowerKw":11,"isMegawatt":false,"status":"AVAILABLE","source":"ndw","priceKwh":0.388}},{"type":"Feature","geometry":{"type":"Point","coordinates":[4.80839,52.69411]},"properties":{"type":"charge","layer":"passenger","locationId":"31","name":"Shell Recharge NL Voorburggracht 202","address":"Voorburggracht 202","city":"Zuid-Scharwoude","operatorName":"Ubitricity","maxPowerKw":11,"isMegawatt":false,"status":"AVAILABLE","source":"ndw","priceKwh":0.388}},{"type":"Feature","geometry":{"type":"Point","coordinates":[4.807385,52.65142]},"properties":{"type":"charge","layer":"passenger","locationId":"5fe150f6-4db8-42da-a3bc-8dcdc2b17a25","name":"TNLP007456 - Tuimelaar 3, Heerhugowaard","address":"3 Tuimelaar","city":"Heerhugowaard","operatorName":"TotalEnergies","maxPowerKw":15,"isMegawatt":false,"status":"AVAILABLE","source":"ndw"}},{"type":"Feature","geometry":{"type":"Point","coordinates":[4.829109,52.648801]},"properties":{"type":"charge","layer":"passenger","locationId":"d9fc463b-dda7-45b3-ac1d-2485fedcc007","name":"Burgplantsoen","address":"Burgplantsoen 71","city":"Heerhugowaard","operatorName":"Vattenfall InCharge","maxPowerKw":11,"isMegawatt":false,"status":"AVAILABLE","source":"ndw"}},{"type":"Feature","geometry":{"type":"Point","coordinates":[4.84991,52.70553]},"properties":{"type":"charge","layer":"passenger","locationId":"44","name":"Shell Recharge NL De Wieder 9","address":"De Wieder 9","city":"Heerhugowaard","operatorName":"Ubitricity","maxPowerKw":11,"isMegawatt":false,"status":"AVAILABLE","source":"ndw","priceKwh":0.388}},{"type":"Feature","geometry":{"type":"Point","coordinates":[4.804457,52.709473]},"properties":{"type":"charge","layer":"passenger","locationId":"ecbc46e5-ca82-46f0-adfd-2f8efe6c5f34","name":"TNLP006379 - Waterdrieblad 59, Oudkarspel","address":"59 Waterdrieblad","city":"Oudkarspel","operatorName":"TotalEnergies","maxPowerKw":17,"isMegawatt":false,"status":"UNAVAILABLE","source":"ndw"}},{"type":"Feature","geometry":{"type":"Point","coordinates":[4.808414,52.646359]},"properties":{"type":"charge","layer":"passenger","locationId":"a000cea2-d966-4209-9269-a465812944f2","name":"TNLP006926","address":"Meridiaan 1","city":"Heerhugowaard","operatorName":"TotalEnergies","maxPowerKw":17,"isMegawatt":false,"status":"AVAILABLE","source":"ndw"}},{"type":"Feature","geometry":{"type":"Point","coordinates":[4.82241,52.651]},"properties":{"type":"charge","layer":"passenger","locationId":"95","name":"Shell Recharge NL Mimi Boesnachhof 4","address":"Mimi Boesnachhof 4","city":"Heerhugowaard","operatorName":"Ubitricity","maxPowerKw":11,"isMegawatt":false,"status":"AVAILABLE","source":"ndw","priceKwh":0.388}},{"type":"Feature","geometry":{"type":"Point","coordinates":[4.841,52.67166]},"properties":{"type":"charge","layer":"passenger","locationId":"3b75555a-cc90-4c74-b322-632098be6cc3","name":"TNLP009907 - Van Wijngaardenplein 49, Heerhugowaard","address":"49 Van Wijngaardenplein","city":"Heerhugowaard","operatorName":"TotalEnergies","maxPowerKw":17,"isMegawatt":false,"status":"UNAVAILABLE","source":"ndw"}},{"type":"Feature","geometry":{"type":"Point","coordinates":[4.857194,52.66453]},"properties":{"type":"charge","layer":"passenger","locationId":"4573e86b-bd04-4c2d-b7ea-7213a98bc48d","name":"TNLP009287 - Karekietstraat 1, Heerhugowaard","address":"1 Karekietstraat","city":"Heerhugowaard","operatorName":"TotalEnergies","maxPowerKw":17,"isMegawatt":false,"status":"UNAVAILABLE","source":"ndw"}},{"type":"Feature","geometry":{"type":"Point","coordinates":[4.809057,52.68985]},"properties":{"type":"charge","layer":"passenger","locationId":"e73bf2d8-4f7a-4571-9b2b-0d1052845faa","name":"TNLP009069 - Dorpsstraat 346, Zuid-Scharwoude","address":"346 Dorpsstraat","city":"Zuid-Scharwoude","operatorName":"TotalEnergies","maxPowerKw":15,"isMegawatt":false,"status":"AVAILABLE","source":"ndw"}},{"type":"Feature","geometry":{"type":"Point","coordinates":[4.80558,52.70122]},"properties":{"type":"charge","layer":"passenger","locationId":"c7425f75-4fbd-4a3b-9da1-088cfe0b6d55","name":"PP004320 - Oliemolen 1, Noord-Scharwoude","address":"1 Oliemolen","city":"Noord-Scharwoude","operatorName":"TotalEnergies","maxPowerKw":11,"isMegawatt":false,"status":"UNAVAILABLE","source":"ndw"}},{"type":"Feature","geometry":{"type":"Point","coordinates":[4.797896,52.713963]},"properties":{"type":"charge","layer":"passenger","locationId":"8253ff0a-541b-453c-a158-d4a2431b9b58","name":"TNLP008830 - Kasteelstraat 43, Oudkarspel","address":"43 Kasteelstraat","city":"Oudkarspel","operatorName":"TotalEnergies","maxPowerKw":14,"isMegawatt":false,"status":"AVAILABLE","source":"ndw"}},{"type":"Feature","geometry":{"type":"Point","coordinates":[4.80321,52.67823]},"properties":{"type":"charge","layer":"passenger","locationId":"71","name":"Shell Recharge NL Westeinde 1","address":"Westeinde 1","city":"Broek op Langedijk","operatorName":"Ubitricity","maxPowerKw":11,"isMegawatt":false,"status":"AVAILABLE","source":"ndw","priceKwh":0.388}},{"type":"Feature","geometry":{"type":"Point","coordinates":[4.824575,52.66476]},"properties":{"type":"charge","layer":"passenger","locationId":"f2fc0430-0733-4401-89b7-df22aa8902cf","name":"TNLP009788 - Parelhof 1a, Heerhugowaard","address":"1a Parelhof","city":"Heerhugowaard","operatorName":"TotalEnergies","maxPowerKw":17,"isMegawatt":false,"status":"AVAILABLE","source":"ndw"}},{"type":"Feature","geometry":{"type":"Point","coordinates":[4.8104469,52.6564762]},"properties":{"type":"charge","layer":"passenger","locationId":"1891","name":"Shell Recharge NL Renhagedis 40","address":"Renhagedis 40","city":"Heerhugowaard","operatorName":"Ubitricity","maxPowerKw":22,"isMegawatt":false,"status":"CHARGING","source":"ndw","priceKwh":0.266}},{"type":"Feature","geometry":{"type":"Point","coordinates":[4.815053,52.641539]},"properties":{"type":"charge","layer":"passenger","locationId":"08b0f80a-8a0d-49c9-b563-50d2077b3863","name":"TNLP034069","address":"Melisse 33","city":"Heerhugowaard","operatorName":"TotalEnergies","maxPowerKw":14,"isMegawatt":false,"status":"AVAILABLE","source":"ndw"}},{"type":"Feature","geometry":{"type":"Point","coordinates":[4.79274,52.663876]},"properties":{"type":"charge","layer":"passenger","locationId":"2ae9c82f-801d-4ad1-ba66-39087d6d6050","name":"TNLP009352 - Binnenroe 9, Sint Pancras","address":"9 Binnenroe","city":"Sint Pancras","operatorName":"TotalEnergies","maxPowerKw":15,"isMegawatt":false,"status":"AVAILABLE","source":"ndw"}},{"type":"Feature","geometry":{"type":"Point","coordinates":[4.81846,52.66739]},"properties":{"type":"charge","layer":"passenger","locationId":"632F6790-8AC0-49E1-86B3-B8E0E565FB26","name":"Eneco eMobility VWML - Dudokweg 19 - Heerhugowaard","address":"W.M. Dudokweg 19","city":"Heerhugowaard","operatorName":"Eneco","maxPowerKw":11,"isMegawatt":false,"status":"AVAILABLE","source":"ndw","priceKwh":0.33}},{"type":"Feature","geometry":{"type":"Point","coordinates":[4.816046,52.701405]},"properties":{"type":"charge","layer":"passenger","locationId":"3653f72c-47c8-4643-8d0f-487629023a66","name":"TNLP008198 - Oosterstraat 71, Noord-Scharwoude","address":"71 Oosterstraat","city":"Noord-Scharwoude","operatorName":"TotalEnergies","maxPowerKw":17,"isMegawatt":false,"status":"UNAVAILABLE","source":"ndw"}},{"type":"Feature","geometry":{"type":"Point","coordinates":[4.812363,52.639476]},"properties":{"type":"charge","layer":"passenger","locationId":"69c1b004e7a223fc81d7451a","name":"Heerhugowaard","address":"Weegbree 70","city":"Heerhugowaard","operatorName":"E-Flux by Road","maxPowerKw":22,"isMegawatt":false,"status":"AVAILABLE","source":"ndw","priceKwh":0.55}},{"type":"Feature","geometry":{"type":"Point","coordinates":[4.825801,52.658373]},"properties":{"type":"charge","layer":"passenger","locationId":"4301e9f7-7127-40e0-99a6-8144dd8e4107","name":"TNLP015229","address":"Lek 58","city":"Heerhugowaard","operatorName":"TotalEnergies","maxPowerKw":17,"isMegawatt":false,"status":"AVAILABLE","source":"ndw"}},{"type":"Feature","geometry":{"type":"Point","coordinates":[4.828967,52.67946]},"properties":{"type":"charge","layer":"passenger","locationId":"c27de6dc-1396-4852-9a5b-5c4911b702ec","name":"TNLP006605 - Pascalstraat 6, Heerhugowaard","address":"6 Pascalstraat","city":"Heerhugowaard","operatorName":"TotalEnergies","maxPowerKw":15,"isMegawatt":false,"status":"AVAILABLE","source":"ndw"}},{"type":"Feature","geometry":{"type":"Point","coordinates":[4.788807,52.665516]},"properties":{"type":"charge","layer":"passenger","locationId":"0e805a38-6b6a-4550-89af-0212588dcf25","name":"TNLP008096 - Domeynen 17, Sint Pancras","address":"17 Domeynen","city":"Sint Pancras","operatorName":"TotalEnergies","maxPowerKw":15,"isMegawatt":false,"status":"AVAILABLE","source":"ndw"}},{"type":"Feature","geometry":{"type":"Point","coordinates":[4.861308,52.677333]},"properties":{"type":"charge","layer":"passenger","locationId":"2618e15e-22fb-4cd8-aa53-ed90b863b0ee","name":"TNLP034063","address":"De Klamp 14","city":"Heerhugowaard","operatorName":"TotalEnergies","maxPowerKw":14,"isMegawatt":false,"status":"AVAILABLE","source":"ndw"}},{"type":"Feature","geometry":{"type":"Point","coordinates":[4.834048,52.66039]},"properties":{"type":"charge","layer":"passenger","locationId":"15a3819a-5b50-4950-9f89-7a593625db46","name":"TNLP008502 - Grotmolen 6, Heerhugowaard","address":"6 Grotmolen","city":"Heerhugowaard","operatorName":"TotalEnergies","maxPowerKw":14,"isMegawatt":false,"status":"AVAILABLE","source":"ndw"}},{"type":"Feature","geometry":{"type":"Point","coordinates":[4.78937,52.65835]},"properties":{"type":"charge","layer":"passenger","locationId":"b569c740-6c5b-4c2c-9fd1-58fcfc857f08","name":"PP005147 - Prunuslaan 34, Sint Pancras","address":"34 Prunuslaan","city":"Sint Pancras","operatorName":"TotalEnergies","maxPowerKw":13,"isMegawatt":false,"status":"AVAILABLE","source":"ndw"}},{"type":"Feature","geometry":{"type":"Point","coordinates":[4.830017,52.668423]},"properties":{"type":"charge","layer":"passenger","locationId":"f152a417-f6fa-4080-af2b-466ed4ecd8ac","name":"TNLP007100 - Themislaan 2, Heerhugowaard","address":"2 Themislaan","city":"Heerhugowaard","operatorName":"TotalEnergies","maxPowerKw":17,"isMegawatt":false,"status":"UNAVAILABLE","source":"ndw"}},{"type":"Feature","geometry":{"type":"Point","coordinates":[4.81198,52.70145]},"properties":{"type":"charge","layer":"passenger","locationId":"c826fff9-f5b8-4e83-bcd1-f460583be1b2","name":"TNLP007001 - Zonoord 4, Noord-Scharwoude","address":"4 Zonoord","city":"Noord-Scharwoude","operatorName":"TotalEnergies","maxPowerKw":15,"isMegawatt":false,"status":"CHARGING","source":"ndw"}},{"type":"Feature","geometry":{"type":"Point","coordinates":[4.815956,52.671455]},"properties":{"type":"charge","layer":"passenger","locationId":"b0d777d9-2735-4576-976d-458782d951f0","name":"TNLP009187 - Zuijder Vlaerdinge 48, Heerhugowaard","address":"48 Zuijder Vlaerdinge","city":"Heerhugowaard","operatorName":"TotalEnergies","maxPowerKw":17,"isMegawatt":false,"status":"UNAVAILABLE","source":"ndw"}},{"type":"Feature","geometry":{"type":"Point","coordinates":[4.801188,52.6773]},"properties":{"type":"charge","layer":"passenger","locationId":"6852ce185f2651bf95f28ddf","name":"Statedijk 12","address":"Statedijk 1","city":"Broek op Langedijk","operatorName":"E-Flux by Road","maxPowerKw":22,"isMegawatt":false,"status":"AVAILABLE","source":"ndw","priceKwh":0.53}},{"type":"Feature","geometry":{"type":"Point","coordinates":[4.82624,52.64459]},"properties":{"type":"charge","layer":"passenger","locationId":"849c1016-0efc-4fd0-89e6-0a8f807e0c1b","name":"PP001152 - Frida Katzland 2, Heerhugowaard","address":"2 Frida Katzland","city":"Heerhugowaard","operatorName":"TotalEnergies","maxPowerKw":11,"isMegawatt":false,"status":"UNAVAILABLE","source":"ndw"}},{"type":"Feature","geometry":{"type":"Point","coordinates":[4.8027,52.6707]},"properties":{"type":"charge","layer":"passenger","locationId":"8f195f3b-35b9-4643-9391-80a423c6432a","name":"TNLP008621 - Dijk 46, Broek op Langedijk","address":"46 Dijk","city":"Broek op Langedijk","operatorName":"TotalEnergies","maxPowerKw":14,"isMegawatt":false,"status":"AVAILABLE","source":"ndw"}},{"type":"Feature","geometry":{"type":"Point","coordinates":[4.81081,52.692927]},"properties":{"type":"charge","layer":"passenger","locationId":"e901ddac-a86e-41c9-b72e-d999def04668","name":"TNLP034285","address":"Rietvoorn 29","city":"Zuid-Scharwoude","operatorName":"TotalEnergies","maxPowerKw":14,"isMegawatt":false,"status":"AVAILABLE","source":"ndw"}},{"type":"Feature","geometry":{"type":"Point","coordinates":[4.805271,52.672358]},"properties":{"type":"charge","layer":"passenger","locationId":"98ccc51b-f3e5-4a29-b8a5-ff88983301f6","name":"TNLP034523","address":"Prinses Beatrixstraat 15","city":"Broek op Langedijk","operatorName":"TotalEnergies","maxPowerKw":14,"isMegawatt":false,"status":"AVAILABLE","source":"ndw"}},{"type":"Feature","geometry":{"type":"Point","coordinates":[4.793374,52.681084]},"properties":{"type":"charge","layer":"passenger","locationId":"7810f1b3-02d7-41f5-9792-7f131f5e0772","name":"TNLP007998 - Langoort 7, Broek op Langedijk","address":"7 Langoort","city":"Broek op Langedijk","operatorName":"TotalEnergies","maxPowerKw":15,"isMegawatt":false,"status":"AVAILABLE","source":"ndw"}},{"type":"Feature","geometry":{"type":"Point","coordinates":[4.844997,52.709435]},"properties":{"type":"charge","layer":"passenger","locationId":"1376f49f-3100-42c6-83f0-73d3ca579934","name":"TNLP007687 - De Wolfshop 27, Heerhugowaard","address":"27 De Wolfshop","city":"Heerhugowaard","operatorName":"TotalEnergies","maxPowerKw":17,"isMegawatt":false,"status":"UNAVAILABLE","source":"ndw"}},{"type":"Feature","geometry":{"type":"Point","coordinates":[4.805703,52.649456]},"properties":{"type":"charge","layer":"passenger","locationId":"40ad984b-81bc-489f-b85d-67d2d43837ba","name":"TNLP009556 - Zonnevlam 1A, Heerhugowaard","address":"1A Zonnevlam","city":"Heerhugowaard","operatorName":"TotalEnergies","maxPowerKw":17,"isMegawatt":false,"status":"UNAVAILABLE","source":"ndw"}},{"type":"Feature","geometry":{"type":"Point","coordinates":[4.816373,52.695812]},"properties":{"type":"charge","layer":"passenger","locationId":"5e98eaaf-0027-40c2-a718-87042be1ab3e","name":"TNLP006898 - Elzenlaan 22, Zuid-Scharwoude","address":"22 Elzenlaan","city":"Zuid-Scharwoude","operatorName":"TotalEnergies","maxPowerKw":15,"isMegawatt":false,"status":"AVAILABLE","source":"ndw"}},{"type":"Feature","geometry":{"type":"Point","coordinates":[4.862134,52.67]},"properties":{"type":"charge","layer":"passenger","locationId":"cd861918-1b8e-44cb-9ee6-eba6dd6e5a39","name":"TNLP009179 - Oeverzeggeweg 14, Heerhugowaard","address":"14 Oeverzeggeweg","city":"Heerhugowaard","operatorName":"TotalEnergies","maxPowerKw":15,"isMegawatt":false,"status":"AVAILABLE","source":"ndw"}},{"type":"Feature","geometry":{"type":"Point","coordinates":[4.805563,52.686047]},"properties":{"type":"charge","layer":"passenger","locationId":"6c2efc95-7d2f-427e-9155-9ff03e0c1538","name":"TNLP006729 - Klipper 59, Broek op Langedijk","address":"59 Klipper","city":"Broek op Langedijk","operatorName":"TotalEnergies","maxPowerKw":15,"isMegawatt":false,"status":"CHARGING","source":"ndw"}},{"type":"Feature","geometry":{"type":"Point","coordinates":[4.792451,52.660816]},"properties":{"type":"charge","layer":"passenger","locationId":"abb54db8-852e-4bc9-95e0-0c167bd03674","name":"TNLP006920 - Magnolialaan 89, Sint Pancras","address":"89 Magnolialaan","city":"Sint Pancras","operatorName":"TotalEnergies","maxPowerKw":15,"isMegawatt":false,"status":"AVAILABLE","source":"ndw"}},{"type":"Feature","geometry":{"type":"Point","coordinates":[4.86442,52.66729]},"properties":{"type":"charge","layer":"passenger","locationId":"741","name":"Shell Recharge NL Witte Klaverweide 27","address":"Witte Klaverweide 27","city":"Heerhugowaard","operatorName":"Ubitricity","maxPowerKw":11,"isMegawatt":false,"status":"AVAILABLE","source":"ndw","priceKwh":0.388}},{"type":"Feature","geometry":{"type":"Point","coordinates":[4.805839,52.644257]},"properties":{"type":"charge","layer":"passenger","locationId":"8834bd82-6643-4f53-92fe-9c206f532871","name":"TNLP009174 - Tuin van Freyr 29, Heerhugowaard","address":"29 Tuin van Freyr","city":"Heerhugowaard","operatorName":"TotalEnergies","maxPowerKw":17,"isMegawatt":false,"status":"UNAVAILABLE","source":"ndw"}},{"type":"Feature","geometry":{"type":"Point","coordinates":[4.830527,52.67042]},"properties":{"type":"charge","layer":"passenger","locationId":"e95fee08-9ca3-417c-9650-08400ebcd619","name":"TNLP008179 - Jupiterlaan 28, Heerhugowaard","address":"28 Jupiterlaan","city":"Heerhugowaard","operatorName":"TotalEnergies","maxPowerKw":17,"isMegawatt":false,"status":"UNAVAILABLE","source":"ndw"}},{"type":"Feature","geometry":{"type":"Point","coordinates":[4.852425,52.678787]},"properties":{"type":"charge","layer":"passenger","locationId":"5941a2c0-1170-4656-92fb-ebeaa74b2636","name":"TNLP006242 - Hercules Segherslaan 41, Heerhugowaard","address":"41 Hercules Segherslaan","city":"Heerhugowaard","operatorName":"TotalEnergies","maxPowerKw":17,"isMegawatt":false,"status":"UNAVAILABLE","source":"ndw"}},{"type":"Feature","geometry":{"type":"Point","coordinates":[4.82466,52.64795]},"properties":{"type":"charge","layer":"passenger","locationId":"e0b89b28-86a6-4c1d-912c-38896164f7cc","name":"PP001161 - Aletta Jacobstuin 31, Heerhugowaard","address":"31 Aletta Jacobstuin","city":"Heerhugowaard","operatorName":"TotalEnergies","maxPowerKw":11,"isMegawatt":false,"status":"UNAVAILABLE","source":"ndw"}},{"type":"Feature","geometry":{"type":"Point","coordinates":[4.801188,52.6773]},"properties":{"type":"charge","layer":"passenger","locationId":"67ee4f4ff84d3752f66ee0fa","name":"Statedijk 5","address":"Statedijk 1","city":"Broek op Langedijk","operatorName":"E-Flux by Road","maxPowerKw":11,"isMegawatt":false,"status":"AVAILABLE","source":"ndw","priceKwh":0.53}},{"type":"Feature","geometry":{"type":"Point","coordinates":[4.8619863,52.6656727]},"properties":{"type":"charge","layer":"passenger","locationId":"1160","name":"Shell Recharge NL Nachtegaalstraat 24","address":"Nachtegaalstraat 24","city":"Heerhugowaard","operatorName":"Ubitricity","maxPowerKw":22,"isMegawatt":false,"status":"AVAILABLE","source":"ndw","priceKwh":0.266}},{"type":"Feature","geometry":{"type":"Point","coordinates":[4.84382,52.67289]},"properties":{"type":"charge","layer":"passenger","locationId":"202","name":"Shell Recharge NL Van Duivenvoordestraat 31","address":"Van Duivenvoordestraat 31","city":"Heerhugowaard","operatorName":"Ubitricity","maxPowerKw":22,"isMegawatt":false,"status":"AVAILABLE","source":"ndw","priceKwh":0.388}},{"type":"Feature","geometry":{"type":"Point","coordinates":[4.804419,52.645714]},"properties":{"type":"charge","layer":"passenger","locationId":"dd73481c-f253-47c6-8179-c9d94a656344","name":"TNLP006592 - Hemelboog Binnen 31, Heerhugowaard","address":"31 Hemelboog Binnen","city":"Heerhugowaard","operatorName":"TotalEnergies","maxPowerKw":17,"isMegawatt":false,"status":"UNAVAILABLE","source":"ndw"}},{"type":"Feature","geometry":{"type":"Point","coordinates":[4.827391,52.65188]},"properties":{"type":"charge","layer":"passenger","locationId":"2c5ff23f-8fdc-4261-b955-04856b19f68f","name":"TNLP008072 - Gouwe 2, Heerhugowaard","address":"2 Gouwe","city":"Heerhugowaard","operatorName":"TotalEnergies","maxPowerKw":15,"isMegawatt":false,"status":"CHARGING","source":"ndw"}},{"type":"Feature","geometry":{"type":"Point","coordinates":[4.7810278,52.6538645]},"properties":{"type":"charge","layer":"passenger","locationId":"903","name":"Shell Recharge NL Bovenweg 213","address":"Bovenweg 213","city":"Sint Pancras","operatorName":"Ubitricity","maxPowerKw":22,"isMegawatt":false,"status":"AVAILABLE","source":"ndw","priceKwh":0.266}},{"type":"Feature","geometry":{"type":"Point","coordinates":[4.814521,52.66269]},"properties":{"type":"charge","layer":"passenger","locationId":"4217690","name":"Laadnet Thuis","address":"Duinweg 2","city":"Bergen","operatorName":"Laadnet","maxPowerKw":22,"isMegawatt":false,"status":"CHARGING","source":"ndw"}},{"type":"Feature","geometry":{"type":"Point","coordinates":[4.815744,52.655983]},"properties":{"type":"charge","layer":"passenger","locationId":"4245915c-9e14-43d8-8c67-a9168e31c698","name":"TNLP006745 - Zeearend 2, Heerhugowaard","address":"2 Zeearend","city":"Heerhugowaard","operatorName":"TotalEnergies","maxPowerKw":17,"isMegawatt":false,"status":"UNAVAILABLE","source":"ndw"}},{"type":"Feature","geometry":{"type":"Point","coordinates":[4.792972,52.644624]},"properties":{"type":"charge","layer":"passenger","locationId":"fdd27e8b-b7c5-4b70-b566-05c1d177b3de","name":"bp pulse Westerweg","address":"Westerweg 2","city":"Heerhugowaard","operatorName":"bp pulse","maxPowerKw":150,"isMegawatt":false,"status":"AVAILABLE","source":"ndw","priceKwh":0.7}},{"type":"Feature","geometry":{"type":"Point","coordinates":[4.829957,52.663912]},"properties":{"type":"charge","layer":"passenger","locationId":"6620cf756eb64e001c307541","name":"NXT 50five - Heerhugowaard- Middenwaard 124 -DC","address":"Middenwaard 124","city":"Heerhugowaard","operatorName":"NXT50Five","maxPowerKw":300,"isMegawatt":false,"status":"AVAILABLE","source":"ndw","priceKwh":0.63}},{"type":"Feature","geometry":{"type":"Point","coordinates":[4.814808,52.6515]},"properties":{"type":"charge","layer":"passenger","locationId":"b322f44a-70b2-4d23-861d-4837314497b4","name":"PP005399 - Stella Agsteribbeland 31, Heerhugowaard","address":"31 Stella Agsteribbeland","city":"Heerhugowaard","operatorName":"TotalEnergies","maxPowerKw":11,"isMegawatt":false,"status":"UNAVAILABLE","source":"ndw"}},{"type":"Feature","geometry":{"type":"Point","coordinates":[4.830838,52.65353]},"properties":{"type":"charge","layer":"passenger","locationId":"4f5c70bb-cea4-4ee1-a1bb-b65f25f35e54","name":"TNLP008372 - Gouwe 122, Heerhugowaard","address":"122 Gouwe","city":"Heerhugowaard","operatorName":"TotalEnergies","maxPowerKw":14,"isMegawatt":false,"status":"AVAILABLE","source":"ndw"}},{"type":"Feature","geometry":{"type":"Point","coordinates":[4.801188,52.6773]},"properties":{"type":"charge","layer":"passenger","locationId":"67ee4fd42fe8711a6fac1819","name":"Statedijk 7","address":"Statedijk 1","city":"Broek op Langedijk","operatorName":"E-Flux by Road","maxPowerKw":11,"isMegawatt":false,"status":"CHARGING","source":"ndw","priceKwh":0.53}},{"type":"Feature","geometry":{"type":"Point","coordinates":[4.801188,52.6773]},"properties":{"type":"charge","layer":"passenger","locationId":"68ad75068e175a564fecbb3a","name":"Statedijk 13 (2 connectors)","address":"Statedijk 1","city":"Broek op Langedijk","operatorName":"E-Flux by Road","maxPowerKw":22,"isMegawatt":false,"status":"AVAILABLE","source":"ndw","priceKwh":0.53}},{"type":"Feature","geometry":{"type":"Point","coordinates":[4.83761,52.66644]},"properties":{"type":"charge","layer":"passenger","locationId":"92","name":"Shell Recharge NL Van Eedenplein 122","address":"Van Eedenplein 122","city":"Heerhugowaard","operatorName":"Ubitricity","maxPowerKw":11,"isMegawatt":false,"status":"AVAILABLE","source":"ndw","priceKwh":0.388}},{"type":"Feature","geometry":{"type":"Point","coordinates":[4.808937,52.69579]},"properties":{"type":"charge","layer":"passenger","locationId":"1030f638-f4fa-4524-8de4-f99472b7b37b","name":"TNLP009724 - Voorburggracht 220 C, Zuid-Scharwoude","address":"220 C Voorburggracht","city":"Zuid-Scharwoude","operatorName":"TotalEnergies","maxPowerKw":17,"isMegawatt":false,"status":"UNAVAILABLE","source":"ndw"}},{"type":"Feature","geometry":{"type":"Point","coordinates":[4.82277,52.64097]},"properties":{"type":"charge","layer":"passenger","locationId":"1567","name":"Shell Recharge NL Margaret Staalplantsoen 25","address":"Margaret Staalplantsoen 25","city":"Dijk en Waard","operatorName":"Ubitricity","maxPowerKw":11,"isMegawatt":false,"status":"AVAILABLE","source":"ndw","priceKwh":0.388}},{"type":"Feature","geometry":{"type":"Point","coordinates":[4.83417,52.65205]},"properties":{"type":"charge","layer":"passenger","locationId":"350","name":"Shell Recharge NL Neslaan 41","address":"Neslaan 41","city":"Heerhugowaard","operatorName":"Ubitricity","maxPowerKw":11,"isMegawatt":false,"status":"AVAILABLE","source":"ndw","priceKwh":0.388}},{"type":"Feature","geometry":{"type":"Point","coordinates":[4.8472761,52.6621138]},"properties":{"type":"charge","layer":"passenger","locationId":"993","name":"Shell Recharge NL Seringenlaan 12","address":"Seringenlaan 12","city":"Heerhugowaard","operatorName":"Ubitricity","maxPowerKw":22,"isMegawatt":false,"status":"AVAILABLE","source":"ndw","priceKwh":0.266}},{"type":"Feature","geometry":{"type":"Point","coordinates":[4.824129,52.656994]},"properties":{"type":"charge","layer":"passenger","locationId":"7c281576-c2cb-43a7-9f74-3b2fb85d8910","name":"TNLP006691 - Lek 1, Heerhugowaard","address":"1 Lek","city":"Heerhugowaard","operatorName":"TotalEnergies","maxPowerKw":17,"isMegawatt":false,"status":"UNAVAILABLE","source":"ndw"}},{"type":"Feature","geometry":{"type":"Point","coordinates":[4.839007,52.663536]},"properties":{"type":"charge","layer":"passenger","locationId":"9215c9ff-b3f2-4785-b3c0-607ea46c7d27","name":"TNLP006712 - Buddlejalaan 90, Heerhugowaard","address":"90 Buddlejalaan","city":"Heerhugowaard","operatorName":"TotalEnergies","maxPowerKw":17,"isMegawatt":false,"status":"UNAVAILABLE","source":"ndw"}},{"type":"Feature","geometry":{"type":"Point","coordinates":[4.849853,52.708653]},"properties":{"type":"charge","layer":"passenger","locationId":"ccd665d2-9b7a-492f-965e-c1c020dea223","name":"Groote Geldenbosch","address":"Groote Geldenbosch 6","city":"Heerhugowaard","operatorName":"Vattenfall InCharge","maxPowerKw":11,"isMegawatt":false,"status":"AVAILABLE","source":"ndw"}},{"type":"Feature","geometry":{"type":"Point","coordinates":[4.85407,52.67481]},"properties":{"type":"charge","layer":"passenger","locationId":"f9a013c5-645a-413e-a05e-888f60af7ef8","name":"TNLP003643 - Berckheidelaan 8, Heerhugowaard","address":"8 Berckheidelaan","city":"Heerhugowaard","operatorName":"TotalEnergies","maxPowerKw":17,"isMegawatt":false,"status":"AVAILABLE","source":"ndw"}},{"type":"Feature","geometry":{"type":"Point","coordinates":[4.81547,52.66535]},"properties":{"type":"charge","layer":"passenger","locationId":"E0CFA2AC-36FB-41E6-8FFF-E7A737D27132","name":"Eneco eMobility Horizon College, Bed & Business","address":"W.M.Dudokweg 45","city":"Heerhugowaard","operatorName":"Eneco","maxPowerKw":22,"isMegawatt":false,"status":"AVAILABLE","source":"ndw","priceKwh":0.54}},{"type":"Feature","geometry":{"type":"Point","coordinates":[4.82527,52.65359]},"properties":{"type":"charge","layer":"passenger","locationId":"531e76c6-d1e9-4e32-b70d-b5f832982604","name":"PP002512 - Donge 102, Heerhugowaard","address":"102 Donge","city":"Heerhugowaard","operatorName":"TotalEnergies","maxPowerKw":17,"isMegawatt":false,"status":"CHARGING","source":"ndw"}},{"type":"Feature","geometry":{"type":"Point","coordinates":[4.846585,52.66792]},"properties":{"type":"charge","layer":"passenger","locationId":"c5e57ad4-8150-4c3b-9854-5cfa685d03d3","name":"TNLP006685 - Korte Dreef 17, Heerhugowaard","address":"17 Korte Dreef","city":"Heerhugowaard","operatorName":"TotalEnergies","maxPowerKw":17,"isMegawatt":false,"status":"UNAVAILABLE","source":"ndw"}},{"type":"Feature","geometry":{"type":"Point","coordinates":[4.831028,52.650314]},"properties":{"type":"charge","layer":"passenger","locationId":"7e20f722-3496-43a5-b35a-b5caf49f6366","name":"TNLP007966 - Burgplantsoen 36, Heerhugowaard","address":"36 Burgplantsoen","city":"Heerhugowaard","operatorName":"TotalEnergies","maxPowerKw":17,"isMegawatt":false,"status":"UNAVAILABLE","source":"ndw"}},{"type":"Feature","geometry":{"type":"Point","coordinates":[4.801188,52.6773]},"properties":{"type":"charge","layer":"passenger","locationId":"67ee4ec7f84d3752f66ebc8f","name":"Statedijk 3","address":"Statedijk 1","city":"Broek op Langedijk","operatorName":"E-Flux by Road","maxPowerKw":11,"isMegawatt":false,"status":"CHARGING","source":"ndw","priceKwh":0.53}},{"type":"Feature","geometry":{"type":"Point","coordinates":[4.80948,52.6979]},"properties":{"type":"charge","layer":"passenger","locationId":"489494ac-d055-4f11-bb0c-9b9062c178db","name":"TNLP003507 - Kloosterstraat 1, Noord-scharwoude","address":"1 Kloosterstraat","city":"Noord-scharwoude","operatorName":"TotalEnergies","maxPowerKw":17,"isMegawatt":false,"status":"AVAILABLE","source":"ndw"}},{"type":"Feature","geometry":{"type":"Point","coordinates":[4.844008,52.683578]},"properties":{"type":"charge","layer":"passenger","locationId":"6052bacf-629b-4c6e-9ab1-45d320229133","name":"TNLP015162","address":"Het Schild 1","city":"Heerhugowaard","operatorName":"TotalEnergies","maxPowerKw":17,"isMegawatt":false,"status":"AVAILABLE","source":"ndw"}},{"type":"Feature","geometry":{"type":"Point","coordinates":[4.83269,52.65846]},"properties":{"type":"charge","layer":"passenger","locationId":"d1cd55e1-2771-465b-99e0-2c0c5d52b00d","name":"TNLP007471 - Torenmolen 65, Heerhugowaard","address":"65 Torenmolen","city":"Heerhugowaard","operatorName":"TotalEnergies","maxPowerKw":17,"isMegawatt":false,"status":"UNAVAILABLE","source":"ndw"}},{"type":"Feature","geometry":{"type":"Point","coordinates":[4.794693,52.664635]},"properties":{"type":"charge","layer":"passenger","locationId":"5484d3ab-2381-4621-a330-3e75eb1166db","name":"TNLP006924 - Hondsoor 44, Sint Pancras","address":"44 Hondsoor","city":"Sint Pancras","operatorName":"TotalEnergies","maxPowerKw":13,"isMegawatt":false,"status":"AVAILABLE","source":"ndw"}},{"type":"Feature","geometry":{"type":"Point","coordinates":[4.804494,52.653685]},"properties":{"type":"charge","layer":"passenger","locationId":"608d33c3-86a9-41b8-a08e-2e9fb5c83b9d","name":"TNLP034680","address":"Damhert 7","city":"Heerhugowaard","operatorName":"TotalEnergies","maxPowerKw":14,"isMegawatt":false,"status":"AVAILABLE","source":"ndw"}},{"type":"Feature","geometry":{"type":"Point","coordinates":[4.809373,52.66838]},"properties":{"type":"charge","layer":"passenger","locationId":"918bba9a-eba7-4993-8110-de650f0303a0","name":"TNLP008180 - Laan van Broekhorn 12, Heerhugowaard","address":"12 Laan van Broekhorn","city":"Heerhugowaard","operatorName":"TotalEnergies","maxPowerKw":17,"isMegawatt":false,"status":"UNAVAILABLE","source":"ndw"}},{"type":"Feature","geometry":{"type":"Point","coordinates":[4.81518,52.67271]},"properties":{"type":"charge","layer":"passenger","locationId":"163","name":"Shell Recharge NL Oost Vlaerdinge 2","address":"Oost Vlaerdinge 2","city":"Heerhugowaard","operatorName":"Ubitricity","maxPowerKw":11,"isMegawatt":false,"status":"CHARGING","source":"ndw","priceKwh":0.388}},{"type":"Feature","geometry":{"type":"Point","coordinates":[4.82063,52.66053]},"properties":{"type":"charge","layer":"passenger","locationId":"125","name":"Shell Recharge NL Opaal 48","address":"Opaal 48","city":"Heerhugowaard","operatorName":"Ubitricity","maxPowerKw":11,"isMegawatt":false,"status":"CHARGING","source":"ndw","priceKwh":0.388}},{"type":"Feature","geometry":{"type":"Point","coordinates":[4.827395,52.654494]},"properties":{"type":"charge","layer":"passenger","locationId":"894497db86c0bd2f8990670dbf1fbfe7","name":"Amstel 74","address":"Amstel 74","city":"Heerhugowaard","operatorName":"Vattenfall InCharge","maxPowerKw":11,"isMegawatt":false,"status":"AVAILABLE","source":"ndw"}},{"type":"Feature","geometry":{"type":"Point","coordinates":[4.827749,52.657934]},"properties":{"type":"charge","layer":"passenger","locationId":"31834a8b-6cb3-4fbc-b3e3-dc7ba3af6709","name":"Merwede","address":"Merwede 57","city":"Heerhugowaard","operatorName":"Vattenfall InCharge","maxPowerKw":11,"isMegawatt":false,"status":"AVAILABLE","source":"ndw"}},{"type":"Feature","geometry":{"type":"Point","coordinates":[4.8530517,52.669443]},"properties":{"type":"charge","layer":"passenger","locationId":"1948","name":"Shell Recharge NL Travalje 48","address":"Travalje 48","city":"Heerhugowaard","operatorName":"Ubitricity","maxPowerKw":22,"isMegawatt":false,"status":"AVAILABLE","source":"ndw","priceKwh":0.266}},{"type":"Feature","geometry":{"type":"Point","coordinates":[4.82852,52.694474]},"properties":{"type":"charge","layer":"passenger","locationId":"3967590","name":"Laadnet Babylon","address":"Pannekeetweg 20","city":"Heerhugowaard","operatorName":"Laadnet","maxPowerKw":22,"isMegawatt":false,"status":"AVAILABLE","source":"ndw"}},{"type":"Feature","geometry":{"type":"Point","coordinates":[4.808075,52.681564]},"properties":{"type":"charge","layer":"passenger","locationId":"8842772f-a4b6-49f4-b16b-e36e67307b7d","name":"TNLP008001 - Dorpsstraat 152, Broek op Langedijk","address":"152 Dorpsstraat","city":"Broek op Langedijk","operatorName":"TotalEnergies","maxPowerKw":17,"isMegawatt":false,"status":"UNAVAILABLE","source":"ndw"}},{"type":"Feature","geometry":{"type":"Point","coordinates":[4.832437,52.666473]},"properties":{"type":"charge","layer":"passenger","locationId":"2d38ef43-6b94-44b0-9ed7-780a0fd537c8","name":"TNLP009241 - Bilderdijkstraat 47, Heerhugowaard","address":"47 Bilderdijkstraat","city":"Heerhugowaard","operatorName":"TotalEnergies","maxPowerKw":17,"isMegawatt":false,"status":"UNAVAILABLE","source":"ndw"}},{"type":"Feature","geometry":{"type":"Point","coordinates":[4.8158164,52.6601657]},"properties":{"type":"charge","layer":"passenger","locationId":"1250","name":"Shell Recharge NL Granaat 14","address":"Granaat 14","city":"Heerhugowaard","operatorName":"Ubitricity","maxPowerKw":22,"isMegawatt":false,"status":"AVAILABLE","source":"ndw","priceKwh":0.266}},{"type":"Feature","geometry":{"type":"Point","coordinates":[4.8455302,52.6692356]},"properties":{"type":"charge","layer":"passenger","locationId":"1313","name":"Shell Recharge NL Middenweg 206","address":"Middenweg 206","city":"Heerhugowaard","operatorName":"Ubitricity","maxPowerKw":22,"isMegawatt":false,"status":"AVAILABLE","source":"ndw","priceKwh":0.266}},{"type":"Feature","geometry":{"type":"Point","coordinates":[4.8061433,52.6993277]},"properties":{"type":"charge","layer":"passenger","locationId":"2342","name":"Shell Recharge NL Weidemolen 22","address":"Weidemolen 22","city":"Noord-Scharwoude","operatorName":"Ubitricity","maxPowerKw":22,"isMegawatt":false,"status":"AVAILABLE","source":"ndw","priceKwh":0.266}},{"type":"Feature","geometry":{"type":"Point","coordinates":[4.809911,52.646154]},"properties":{"type":"charge","layer":"passenger","locationId":"cdfdcf86-d29f-41ba-bcb9-d97edf2a3d40","name":"TNLP015240","address":"Hof van Ra 57","city":"Heerhugowaard","operatorName":"TotalEnergies","maxPowerKw":15,"isMegawatt":false,"status":"AVAILABLE","source":"ndw"}},{"type":"Feature","geometry":{"type":"Point","coordinates":[4.846621,52.682518]},"properties":{"type":"charge","layer":"passenger","locationId":"130b7ea7-2cd1-4d73-a80f-7ab984ea4606","name":"TNLP008630 - Het Schild 52, Heerhugowaard","address":"52 Het Schild","city":"Heerhugowaard","operatorName":"TotalEnergies","maxPowerKw":14,"isMegawatt":false,"status":"AVAILABLE","source":"ndw"}},{"type":"Feature","geometry":{"type":"Point","coordinates":[4.82477,52.66001]},"properties":{"type":"charge","layer":"passenger","locationId":"1465","name":"Shell Recharge NL Bergkristal 1","address":"Bergkristal 1","city":"Dijk en Waard","operatorName":"Ubitricity","maxPowerKw":11,"isMegawatt":false,"status":"AVAILABLE","source":"ndw","priceKwh":0.388}},{"type":"Feature","geometry":{"type":"Point","coordinates":[4.789078,52.683952]},"properties":{"type":"charge","layer":"passenger","locationId":"85148362-1f8f-4cc3-bbe8-46a103b55f43","name":"TNLP009735 - Jellingelant 40, Zuid-Scharwoude","address":"40 Jellingelant","city":"Zuid-Scharwoude","operatorName":"TotalEnergies","maxPowerKw":17,"isMegawatt":false,"status":"UNAVAILABLE","source":"ndw"}},{"type":"Feature","geometry":{"type":"Point","coordinates":[4.809306,52.65721]},"properties":{"type":"charge","layer":"passenger","locationId":"a9c8ab73-613c-47a0-886d-8e60f0b637af","name":"TNLP009390 - IJsbeer 2, Heerhugowaard","address":"2 IJsbeer","city":"Heerhugowaard","operatorName":"TotalEnergies","maxPowerKw":17,"isMegawatt":false,"status":"UNAVAILABLE","source":"ndw"}},{"type":"Feature","geometry":{"type":"Point","coordinates":[4.830245,52.658123]},"properties":{"type":"charge","layer":"passenger","locationId":"48495cc3-ac96-4e34-878d-3fb74199a72c","name":"TNLP005716 - Poldermolen 52, Heerhugowaard","address":"52 Poldermolen","city":"Heerhugowaard","operatorName":"TotalEnergies","maxPowerKw":17,"isMegawatt":false,"status":"UNAVAILABLE","source":"ndw"}},{"type":"Feature","geometry":{"type":"Point","coordinates":[4.814193,52.656191]},"properties":{"type":"charge","layer":"passenger","locationId":"9b63e8866de4a22a175b6f2727612b1d","name":"Zeearend 26","address":"Zeearend 26","city":"Heerhugowaard","operatorName":"Vattenfall InCharge","maxPowerKw":11,"isMegawatt":false,"status":"UNAVAILABLE","source":"ndw"}},{"type":"Feature","geometry":{"type":"Point","coordinates":[4.830439,52.683084]},"properties":{"type":"charge","layer":"passenger","locationId":"F2B1CF63-089C-4767-893F-E7FA9531FBB2","name":"Eneco eMobility Sybrandy B.V. - Heerhugowaard","address":"Kelvinstraat 8","city":"Heerhugowaard","operatorName":"Eneco","maxPowerKw":22,"isMegawatt":false,"status":"AVAILABLE","source":"ndw","priceKwh":0.3}},{"type":"Feature","geometry":{"type":"Point","coordinates":[4.829297,52.667129]},"properties":{"type":"charge","layer":"passenger","locationId":"48233e6b-d1b7-490a-a809-c104d5f343fc","name":"Dirk Camphuysenstraat","address":"Dirk Camphuysenstraat 4","city":"Heerhugowaard","operatorName":"Vattenfall InCharge","maxPowerKw":11,"isMegawatt":false,"status":"AVAILABLE","source":"ndw"}},{"type":"Feature","geometry":{"type":"Point","coordinates":[4.850189,52.678675]},"properties":{"type":"charge","layer":"passenger","locationId":"f41728b1-ae36-4594-8f95-0a59dc13f0ab","name":"TNLP034070","address":"Pieter Soutmanlaan 24","city":"Heerhugowaard","operatorName":"TotalEnergies","maxPowerKw":14,"isMegawatt":false,"status":"CHARGING","source":"ndw"}},{"type":"Feature","geometry":{"type":"Point","coordinates":[4.818599,52.646817]},"properties":{"type":"charge","layer":"passenger","locationId":"bd3e6153-5ddc-4fe1-a54f-1c0b364508ec","name":"TNLP015106","address":"Maria Rutgersland 15","city":"Heerhugowaard","operatorName":"TotalEnergies","maxPowerKw":17,"isMegawatt":false,"status":"AVAILABLE","source":"ndw"}},{"type":"Feature","geometry":{"type":"Point","coordinates":[4.78251,52.65446]},"properties":{"type":"charge","layer":"passenger","locationId":"314","name":"Shell Recharge NL Het Sterntje 12","address":"Het Sterntje 12","city":"Sint Pancras","operatorName":"Ubitricity","maxPowerKw":11,"isMegawatt":false,"status":"AVAILABLE","source":"ndw","priceKwh":0.388}},{"type":"Feature","geometry":{"type":"Point","coordinates":[4.815246,52.661697]},"properties":{"type":"charge","layer":"passenger","locationId":"75f195ad-d493-498c-a512-5b513660d109","name":"TNLP009195 - Heliotroop 8, Heerhugowaard","address":"8 Heliotroop","city":"Heerhugowaard","operatorName":"TotalEnergies","maxPowerKw":15,"isMegawatt":false,"status":"AVAILABLE","source":"ndw"}},{"type":"Feature","geometry":{"type":"Point","coordinates":[4.816639,52.7004]},"properties":{"type":"charge","layer":"passenger","locationId":"ed822bb1-c186-41e5-b2e5-17d302f8f740","name":"PP004061 - Dokter Wilminkstraat 3, Noord-Scharwoude","address":"3 Dokter Wilminkstraat","city":"Noord-Scharwoude","operatorName":"TotalEnergies","maxPowerKw":15,"isMegawatt":false,"status":"AVAILABLE","source":"ndw"}},{"type":"Feature","geometry":{"type":"Point","coordinates":[4.843697,52.669983]},"properties":{"type":"charge","layer":"passenger","locationId":"699b8825-81ac-4657-bfa8-bc79415651a2","name":"PP002517 - Raadhuisplein 46, Heerhugowaard","address":"46 Raadhuisplein","city":"Heerhugowaard","operatorName":"TotalEnergies","maxPowerKw":13,"isMegawatt":false,"status":"UNAVAILABLE","source":"ndw"}},{"type":"Feature","geometry":{"type":"Point","coordinates":[4.801249,52.67792]},"properties":{"type":"charge","layer":"passenger","locationId":"68f60a7dc63d10e978d79f0f","name":"Keizelbos B","address":"Keizelbos 1","city":"Broek op Langedijk","operatorName":"E-Flux by Road","maxPowerKw":22,"isMegawatt":false,"status":"AVAILABLE","source":"ndw","priceKwh":0.43}},{"type":"Feature","geometry":{"type":"Point","coordinates":[4.82587,52.67004]},"properties":{"type":"charge","layer":"passenger","locationId":"155bf641-9919-4f8d-a307-0b314b94f5f9","name":"PP002518 - Stationsweg 102, Heerhugowaard","address":"102 Stationsweg","city":"Heerhugowaard","operatorName":"TotalEnergies","maxPowerKw":13,"isMegawatt":false,"status":"AVAILABLE","source":"ndw"}},{"type":"Feature","geometry":{"type":"Point","coordinates":[4.816277,52.637413]},"properties":{"type":"charge","layer":"passenger","locationId":"697b651f-17c3-478a-966e-bc3c57a174c7","name":"TNLP006136 - Zevenblad 2, Heerhugowaard","address":"2 Zevenblad","city":"Heerhugowaard","operatorName":"TotalEnergies","maxPowerKw":17,"isMegawatt":false,"status":"UNAVAILABLE","source":"ndw"}},{"type":"Feature","geometry":{"type":"Point","coordinates":[4.864182,52.670704]},"properties":{"type":"charge","layer":"passenger","locationId":"783fa85c-b26a-416a-8481-9ed826d686d8","name":"TNLP009294 - Zeebiesstraat 10, Heerhugowaard","address":"10 Zeebiesstraat","city":"Heerhugowaard","operatorName":"TotalEnergies","maxPowerKw":15,"isMegawatt":false,"status":"CHARGING","source":"ndw"}},{"type":"Feature","geometry":{"type":"Point","coordinates":[4.82062,52.66402]},"properties":{"type":"charge","layer":"passenger","locationId":"42839028-5e66-4452-b26a-71c9f7f423ef","name":"PP001740 - Briljant 60-62, Heerhugowaard","address":"60-62 Briljant","city":"Heerhugowaard","operatorName":"TotalEnergies","maxPowerKw":11,"isMegawatt":false,"status":"AVAILABLE","source":"ndw"}},{"type":"Feature","geometry":{"type":"Point","coordinates":[4.857291,52.663621]},"properties":{"type":"charge","layer":"passenger","locationId":"41a0bf6a-3c1c-4c62-9357-0f7962c7ffe2","name":"TNLP034661","address":"Merelweg 1","city":"Heerhugowaard","operatorName":"TotalEnergies","maxPowerKw":14,"isMegawatt":false,"status":"AVAILABLE","source":"ndw"}},{"type":"Feature","geometry":{"type":"Point","coordinates":[4.801188,52.6773]},"properties":{"type":"charge","layer":"passenger","locationId":"67ee509680addc0b23222b21","name":"Statedijk 10","address":"Statedijk 1","city":"Broek op Langedijk","operatorName":"E-Flux by Road","maxPowerKw":11,"isMegawatt":false,"status":"AVAILABLE","source":"ndw","priceKwh":0.53}},{"type":"Feature","geometry":{"type":"Point","coordinates":[4.80823,52.647457]},"properties":{"type":"charge","layer":"passenger","locationId":"b592ba76-c02e-4f3f-8994-b13eadfde5c6","name":"TNLP008193 - Brandpunt 41, Heerhugowaard","address":"41 Brandpunt","city":"Heerhugowaard","operatorName":"TotalEnergies","maxPowerKw":17,"isMegawatt":false,"status":"UNAVAILABLE","source":"ndw"}},{"type":"Feature","geometry":{"type":"Point","coordinates":[4.82195,52.65452]},"properties":{"type":"charge","layer":"passenger","locationId":"203b3a9a-c897-4b4b-9f09-993fa204bc64","name":"PP002586 - Hunze 32, Heerhugowaard","address":"32 Hunze","city":"Heerhugowaard","operatorName":"TotalEnergies","maxPowerKw":13,"isMegawatt":false,"status":"AVAILABLE","source":"ndw"}},{"type":"Feature","geometry":{"type":"Point","coordinates":[4.843645,52.672245]},"properties":{"type":"charge","layer":"passenger","locationId":"51adda23-1cbd-44d0-854d-939ebe7046c2","name":"TNLP034204","address":"Van Duivenvoordestraat 64","city":"Heerhugowaard","operatorName":"TotalEnergies","maxPowerKw":14,"isMegawatt":false,"status":"AVAILABLE","source":"ndw"}},{"type":"Feature","geometry":{"type":"Point","coordinates":[4.853593,52.663933]},"properties":{"type":"charge","layer":"passenger","locationId":"0d14db0793b2d1d3066661635df27fbb","name":"Huiszwaluwstr. 37","address":"Huiszwaluwstr. 37","city":"Heerhugowaard","operatorName":"Vattenfall InCharge","maxPowerKw":11,"isMegawatt":false,"status":"AVAILABLE","source":"ndw"}},{"type":"Feature","geometry":{"type":"Point","coordinates":[4.83371,52.67145]},"properties":{"type":"charge","layer":"passenger","locationId":"373","name":"Shell Recharge NL Plutolaan 7","address":"Plutolaan 7","city":"Heerhugowaard","operatorName":"Ubitricity","maxPowerKw":11,"isMegawatt":false,"status":"AVAILABLE","source":"ndw","priceKwh":0.388}},{"type":"Feature","geometry":{"type":"Point","coordinates":[4.806917,52.694521]},"properties":{"type":"charge","layer":"passenger","locationId":"cfca1029436b660244afc4af8b3374c2","name":"Korteweide 26","address":"Korteweide 26","city":"Zuid-Scharwoude","operatorName":"Vattenfall InCharge","maxPowerKw":11,"isMegawatt":false,"status":"AVAILABLE","source":"ndw"}},{"type":"Feature","geometry":{"type":"Point","coordinates":[4.86252,52.665421]},"properties":{"type":"charge","layer":"passenger","locationId":"1fa96beb-7565-4304-a1f1-3643308b3d95","name":"TNLP006175","address":"Nachtegaalstraat 18","city":"Heerhugowaard","operatorName":"TotalEnergies","maxPowerKw":17,"isMegawatt":false,"status":"AVAILABLE","source":"ndw"}},{"type":"Feature","geometry":{"type":"Point","coordinates":[4.831802,52.64801]},"properties":{"type":"charge","layer":"passenger","locationId":"c2e99042-5ae3-4360-9d70-f16ffbd67935","name":"TNLP009483 - Geeststraat 20, Heerhugowaard","address":"20 Geeststraat","city":"Heerhugowaard","operatorName":"TotalEnergies","maxPowerKw":17,"isMegawatt":false,"status":"UNAVAILABLE","source":"ndw"}},{"type":"Feature","geometry":{"type":"Point","coordinates":[4.7894,52.66268]},"properties":{"type":"charge","layer":"passenger","locationId":"443","name":"Shell Recharge NL Rozenlaan 38","address":"Rozenlaan 38","city":"Sint Pancras","operatorName":"Ubitricity","maxPowerKw":11,"isMegawatt":false,"status":"CHARGING","source":"ndw","priceKwh":0.388}},{"type":"Feature","geometry":{"type":"Point","coordinates":[4.807629,52.701882]},"properties":{"type":"charge","layer":"passenger","locationId":"4a1a6985-7413-41cf-ae81-b2ce3fe9b762","name":"TNLP034262","address":"Fransepad 33","city":"Noord-Scharwoude","operatorName":"TotalEnergies","maxPowerKw":14,"isMegawatt":false,"status":"AVAILABLE","source":"ndw"}},{"type":"Feature","geometry":{"type":"Point","coordinates":[4.805254,52.665993]},"properties":{"type":"charge","layer":"passenger","locationId":"853ca7fc-8f6f-426c-ad67-9030fabe201e","name":"TNLP007691 - Laan van Broekhorn 30, Heerhugowaard","address":"30 Laan van Broekhorn","city":"Heerhugowaard","operatorName":"TotalEnergies","maxPowerKw":15,"isMegawatt":false,"status":"AVAILABLE","source":"ndw"}},{"type":"Feature","geometry":{"type":"Point","coordinates":[4.84453,52.66317]},"properties":{"type":"charge","layer":"passenger","locationId":"c0aec77f-f568-4730-8c49-e7d7bb709bf3","name":"PP002514 - Hortensialaan 25, Heerhugowaard","address":"25 Hortensialaan","city":"Heerhugowaard","operatorName":"TotalEnergies","maxPowerKw":13,"isMegawatt":false,"status":"UNAVAILABLE","source":"ndw"}},{"type":"Feature","geometry":{"type":"Point","coordinates":[4.829081,52.653362]},"properties":{"type":"charge","layer":"passenger","locationId":"88b90a69-8d7c-418a-a299-c9533c1e6bd7","name":"TNLP006767 - Spaarne 69, Heerhugowaard","address":"69 Spaarne","city":"Heerhugowaard","operatorName":"TotalEnergies","maxPowerKw":17,"isMegawatt":false,"status":"UNAVAILABLE","source":"ndw"}},{"type":"Feature","geometry":{"type":"Point","coordinates":[4.800021,52.712154]},"properties":{"type":"charge","layer":"passenger","locationId":"2d9522d7-0ad5-48bf-a85f-4ef7b6cfb2bd","name":"TNLP007972 - Perzikkruid 2, Oudkarspel","address":"2 Perzikkruid","city":"Oudkarspel","operatorName":"TotalEnergies","maxPowerKw":15,"isMegawatt":false,"status":"AVAILABLE","source":"ndw"}},{"type":"Feature","geometry":{"type":"Point","coordinates":[4.807862,52.661587]},"properties":{"type":"charge","layer":"passenger","locationId":"923475","name":"DAE_NL_2000713","address":"J.J.P. Oudweg 120","city":"Heerhugowaard","operatorName":"DAEN Mobility","maxPowerKw":11,"isMegawatt":false,"status":"AVAILABLE","source":"ndw","priceKwh":0.36}},{"type":"Feature","geometry":{"type":"Point","coordinates":[4.8231,52.649006]},"properties":{"type":"charge","layer":"passenger","locationId":"dd49ad91-d62e-404e-91a3-48a1e2f4688e","name":"TNLP008337 - Helena Merciertuin 35, Heerhugowaard","address":"35 Helena Merciertuin","city":"Heerhugowaard","operatorName":"TotalEnergies","maxPowerKw":14,"isMegawatt":false,"status":"AVAILABLE","source":"ndw"}},{"type":"Feature","geometry":{"type":"Point","coordinates":[4.786328,52.66455]},"properties":{"type":"charge","layer":"passenger","locationId":"6597dd7f79b807001c46aef4","name":"Laadpaal gasten B&B Slapen bij de burgemeester","address":"Bovenweg 13","city":"Sint Pancras","operatorName":"E-Flux by Road","maxPowerKw":11,"isMegawatt":false,"status":"CHARGING","source":"ndw","priceKwh":0.53}},{"type":"Feature","geometry":{"type":"Point","coordinates":[4.82504,52.662926]},"properties":{"type":"charge","layer":"passenger","locationId":"c5b4e2df-2e6a-4807-9931-37fc9f470a12","name":"TNLP006665 - Jade 37, Heerhugowaard","address":"37 Jade","city":"Heerhugowaard","operatorName":"TotalEnergies","maxPowerKw":17,"isMegawatt":false,"status":"UNAVAILABLE","source":"ndw"}},{"type":"Feature","geometry":{"type":"Point","coordinates":[4.853602,52.6715]},"properties":{"type":"charge","layer":"passenger","locationId":"82e4e82e-0f98-4df0-9e85-b8bd29461293","name":"TNLP005870 - Carel Willinkstraat 1A, Heerhugowaard","address":"1A Carel Willinkstraat","city":"Heerhugowaard","operatorName":"TotalEnergies","maxPowerKw":11,"isMegawatt":false,"status":"UNAVAILABLE","source":"ndw"}},{"type":"Feature","geometry":{"type":"Point","coordinates":[4.847128,52.672497]},"properties":{"type":"charge","layer":"passenger","locationId":"c8f6c419-2221-471e-ba4f-e7778b1053f5","name":"TNLP005845 - van Hellemondtstraat 2, Heerhugowaard","address":"2 van Hellemondtstraat","city":"Heerhugowaard","operatorName":"TotalEnergies","maxPowerKw":11,"isMegawatt":false,"status":"UNAVAILABLE","source":"ndw"}},{"type":"Feature","geometry":{"type":"Point","coordinates":[4.815516,52.702118]},"properties":{"type":"charge","layer":"passenger","locationId":"9ea91f82-db5f-4829-a324-fcec2f35538b","name":"TNLP006032 - Charlotte de Bourbonstraat 1, Noord-Scharwoude","address":"1 Charlotte de Bourbonstraat","city":"Noord-Scharwoude","operatorName":"TotalEnergies","maxPowerKw":17,"isMegawatt":false,"status":"UNAVAILABLE","source":"ndw"}},{"type":"Feature","geometry":{"type":"Point","coordinates":[4.809283,52.679745]},"properties":{"type":"charge","layer":"passenger","locationId":"d47364ab-5ac1-407a-a590-4b6d817d81cf","name":"TNLP006236 - Dwarspad 1, Broek op Langedijk","address":"1 Dwarspad","city":"Broek op Langedijk","operatorName":"TotalEnergies","maxPowerKw":17,"isMegawatt":false,"status":"UNAVAILABLE","source":"ndw"}},{"type":"Feature","geometry":{"type":"Point","coordinates":[4.817577,52.647518]},"properties":{"type":"charge","layer":"passenger","locationId":"7b726d0d94341b9f7221bf2f7b977e18","name":"Steigerdijk 44","address":"Steigerdijk 44","city":"Heerhugowaard","operatorName":"Vattenfall InCharge","maxPowerKw":11,"isMegawatt":false,"status":"AVAILABLE","source":"ndw"}},{"type":"Feature","geometry":{"type":"Point","coordinates":[4.814783,52.658257]},"properties":{"type":"charge","layer":"passenger","locationId":"90dcee88-e325-4af9-8b8c-52b0ccd73db8","name":"TNLP006777 - Woestijnvaraan 45, Heerhugowaard","address":"45 Woestijnvaraan","city":"Heerhugowaard","operatorName":"TotalEnergies","maxPowerKw":15,"isMegawatt":false,"status":"AVAILABLE","source":"ndw"}},{"type":"Feature","geometry":{"type":"Point","coordinates":[4.791562,52.68202]},"properties":{"type":"charge","layer":"passenger","locationId":"dbdd6c1b-2fd0-4a4d-8022-58f1bd801972","name":"TNLP006728 - Bonoort 30, Broek op Langedijk","address":"30 Bonoort","city":"Broek op Langedijk","operatorName":"TotalEnergies","maxPowerKw":17,"isMegawatt":false,"status":"UNAVAILABLE","source":"ndw"}},{"type":"Feature","geometry":{"type":"Point","coordinates":[4.811861,52.64837]},"properties":{"type":"charge","layer":"passenger","locationId":"52b907be-906c-4934-8a48-6f142e0f0002","name":"TNLP008088 - Dampkring 155, Heerhugowaard","address":"155 Dampkring","city":"Heerhugowaard","operatorName":"TotalEnergies","maxPowerKw":17,"isMegawatt":false,"status":"UNAVAILABLE","source":"ndw"}},{"type":"Feature","geometry":{"type":"Point","coordinates":[4.842089,52.66044]},"properties":{"type":"charge","layer":"passenger","locationId":"f33aad86-cad3-42e3-ba34-62d9673d4f88","name":"TNLP009379 - Berkenlaan 55, Heerhugowaard","address":"55 Berkenlaan","city":"Heerhugowaard","operatorName":"TotalEnergies","maxPowerKw":15,"isMegawatt":false,"status":"AVAILABLE","source":"ndw"}},{"type":"Feature","geometry":{"type":"Point","coordinates":[4.81126,52.6534]},"properties":{"type":"charge","layer":"passenger","locationId":"39dc2d40-ca75-432f-a94d-a9a7125951bc","name":"PP004040 - Keizerfazant 35, Heerhugowaard","address":"35 Keizerfazant","city":"Heerhugowaard","operatorName":"TotalEnergies","maxPowerKw":11,"isMegawatt":false,"status":"UNAVAILABLE","source":"ndw"}},{"type":"Feature","geometry":{"type":"Point","coordinates":[4.786858,52.666176]},"properties":{"type":"charge","layer":"passenger","locationId":"4617307a-1be7-4dad-9dcb-35acb7fae7d6","name":"TNLP009619 - Kerkplein 5, Sint Pancras","address":"5 Kerkplein","city":"Sint Pancras","operatorName":"TotalEnergies","maxPowerKw":15,"isMegawatt":false,"status":"AVAILABLE","source":"ndw"}},{"type":"Feature","geometry":{"type":"Point","coordinates":[4.824663,52.66414]},"properties":{"type":"charge","layer":"passenger","locationId":"c6afb48b-7b8c-4e23-917c-c4caa84b8822","name":"TNLP008546 - Parelhof 20, Heerhugowaard","address":"20 Parelhof","city":"Heerhugowaard","operatorName":"TotalEnergies","maxPowerKw":14,"isMegawatt":false,"status":"AVAILABLE","source":"ndw"}},{"type":"Feature","geometry":{"type":"Point","coordinates":[4.831399,52.669502]},"properties":{"type":"charge","layer":"passenger","locationId":"eefb6d23-a1de-4e72-b0ea-55c573f522c2","name":"TNLP005835 - Saturnuslaan 25, Heerhugowaard","address":"25 Saturnuslaan","city":"Heerhugowaard","operatorName":"TotalEnergies","maxPowerKw":11,"isMegawatt":false,"status":"UNAVAILABLE","source":"ndw"}},{"type":"Feature","geometry":{"type":"Point","coordinates":[4.801188,52.6773]},"properties":{"type":"charge","layer":"passenger","locationId":"67ee5057ec0b78e5d89646b4","name":"Statedijk 9","address":"Statedijk 1","city":"Broek op Langedijk","operatorName":"E-Flux by Road","maxPowerKw":11,"isMegawatt":false,"status":"AVAILABLE","source":"ndw","priceKwh":0.53}},{"type":"Feature","geometry":{"type":"Point","coordinates":[4.844655,52.663878]},"properties":{"type":"charge","layer":"passenger","locationId":"c40e6828-2766-450e-8ef7-faf155699cb0","name":"TNLP034217","address":"Olmenlaan 29","city":"Heerhugowaard","operatorName":"TotalEnergies","maxPowerKw":14,"isMegawatt":false,"status":"AVAILABLE","source":"ndw"}},{"type":"Feature","geometry":{"type":"Point","coordinates":[4.801188,52.6773]},"properties":{"type":"charge","layer":"passenger","locationId":"67ee4f08005ce9e08b3db8f2","name":"Statedijk 4","address":"Statedijk 1","city":"Broek op Langedijk","operatorName":"E-Flux by Road","maxPowerKw":11,"isMegawatt":false,"status":"AVAILABLE","source":"ndw","priceKwh":0.53}},{"type":"Feature","geometry":{"type":"Point","coordinates":[4.848453,52.708813]},"properties":{"type":"charge","layer":"passenger","locationId":"04d7aa74-04b7-4580-ac2f-9121257120cc","name":"TNLP008807 - Kleine Geldebosch 7, Heerhugowaard","address":"7 Kleine Geldebosch","city":"Heerhugowaard","operatorName":"TotalEnergies","maxPowerKw":14,"isMegawatt":false,"status":"UNAVAILABLE","source":"ndw"}},{"type":"Feature","geometry":{"type":"Point","coordinates":[4.836654,52.661125]},"properties":{"type":"charge","layer":"passenger","locationId":"9c1d0d59-4939-4407-bc29-d4cb53cb4526","name":"TNLP009381 - Mahonialaan 24, Heerhugowaard","address":"24 Mahonialaan","city":"Heerhugowaard","operatorName":"TotalEnergies","maxPowerKw":15,"isMegawatt":false,"status":"AVAILABLE","source":"ndw"}},{"type":"Feature","geometry":{"type":"Point","coordinates":[4.81647,52.64794]},"properties":{"type":"charge","layer":"passenger","locationId":"756a81bb-bfbc-4bf9-a305-fc7ba3e25697","name":"PP004039 - Steigerdijk 70, Heerhugowaard","address":"70 Steigerdijk","city":"Heerhugowaard","operatorName":"TotalEnergies","maxPowerKw":11,"isMegawatt":false,"status":"UNAVAILABLE","source":"ndw"}},{"type":"Feature","geometry":{"type":"Point","coordinates":[4.85617,52.67322]},"properties":{"type":"charge","layer":"passenger","locationId":"476","name":"Shell Recharge NL Jacob Marisstraat 8","address":"Jacob Marisstraat 8","city":"Heerhugowaard","operatorName":"Ubitricity","maxPowerKw":11,"isMegawatt":false,"status":"AVAILABLE","source":"ndw","priceKwh":0.388}},{"type":"Feature","geometry":{"type":"Point","coordinates":[4.817379,52.65119]},"properties":{"type":"charge","layer":"passenger","locationId":"2cbf14c0d50437d58b1d74469ff6e077","name":"Ronnie Biermantuin 1","address":"Ronnie Biermantuin 1","city":"Heerhugowaard","operatorName":"Vattenfall InCharge","maxPowerKw":11,"isMegawatt":false,"status":"CHARGING","source":"ndw"}},{"type":"Feature","geometry":{"type":"Point","coordinates":[4.845,52.67609]},"properties":{"type":"charge","layer":"passenger","locationId":"140","name":"Shell Recharge NL Nuyenburglaan 24","address":"Nuyenburglaan 24","city":"Heerhugowaard","operatorName":"Ubitricity","maxPowerKw":11,"isMegawatt":false,"status":"AVAILABLE","source":"ndw","priceKwh":0.388}},{"type":"Feature","geometry":{"type":"Point","coordinates":[4.8033939,52.6632145]},"properties":{"type":"charge","layer":"passenger","locationId":"1985","name":"Shell Recharge NL Vrederiksakker 36","address":"Vrederiksakker 36","city":"Heerhugowaard","operatorName":"Ubitricity","maxPowerKw":22,"isMegawatt":false,"status":"AVAILABLE","source":"ndw","priceKwh":0.266}},{"type":"Feature","geometry":{"type":"Point","coordinates":[4.859757,52.6645834]},"properties":{"type":"charge","layer":"passenger","locationId":"2305","name":"Shell Recharge NL Tuinfluiterpad 9","address":"Tuinfluiterpad 9","city":"Heerhugowaard","operatorName":"Ubitricity","maxPowerKw":22,"isMegawatt":false,"status":"CHARGING","source":"ndw","priceKwh":0.266}},{"type":"Feature","geometry":{"type":"Point","coordinates":[4.843209,52.667206]},"properties":{"type":"charge","layer":"passenger","locationId":"dff43251-5e9a-4b44-8de4-daa5220f353d","name":"TNLP009484 - Acacialaan 2, Heerhugowaard","address":"2 Acacialaan","city":"Heerhugowaard","operatorName":"TotalEnergies","maxPowerKw":15,"isMegawatt":false,"status":"AVAILABLE","source":"ndw"}},{"type":"Feature","geometry":{"type":"Point","coordinates":[4.79891,52.68616]},"properties":{"type":"charge","layer":"passenger","locationId":"78320855-90b0-4fb7-bb22-7ec5734b0b71","name":"TNLP003571 - Bosgroet 14, Zuid-Scharwoude","address":"14 Bosgroet","city":"Zuid-Scharwoude","operatorName":"TotalEnergies","maxPowerKw":17,"isMegawatt":false,"status":"AVAILABLE","source":"ndw"}},{"type":"Feature","geometry":{"type":"Point","coordinates":[4.782102,52.655594]},"properties":{"type":"charge","layer":"passenger","locationId":"e640645d-b6c6-43f3-bb86-ce5d756c31e0","name":"TNLP015345 - Fazantenlaan 38, Sint Pancras","address":"38 Fazantenlaan","city":"Sint Pancras","operatorName":"TotalEnergies","maxPowerKw":13,"isMegawatt":false,"status":"AVAILABLE","source":"ndw"}},{"type":"Feature","geometry":{"type":"Point","coordinates":[4.857663,52.669884]},"properties":{"type":"charge","layer":"passenger","locationId":"67085b7f-38d8-4c55-aa19-d29fc11689c6","name":"TNLP008840 - Van Ostadelaan 93, Heerhugowaard","address":"93 Van Ostadelaan","city":"Heerhugowaard","operatorName":"TotalEnergies","maxPowerKw":14,"isMegawatt":false,"status":"AVAILABLE","source":"ndw"}},{"type":"Feature","geometry":{"type":"Point","coordinates":[4.839079,52.649643]},"properties":{"type":"charge","layer":"passenger","locationId":"9dec8cde-3fa6-4353-9ba9-442d359d12db","name":"PP005377 - Westerveerstraat 57, Heerhugowaard","address":"57 Westerveerstraat","city":"Heerhugowaard","operatorName":"TotalEnergies","maxPowerKw":11,"isMegawatt":false,"status":"UNAVAILABLE","source":"ndw"}},{"type":"Feature","geometry":{"type":"Point","coordinates":[4.8578,52.6777]},"properties":{"type":"charge","layer":"passenger","locationId":"1525","name":"Shell Recharge NL Jan Mostaertlaan 18","address":"Jan Mostaertlaan 18","city":"Dijk en Waard","operatorName":"Ubitricity","maxPowerKw":11,"isMegawatt":false,"status":"AVAILABLE","source":"ndw","priceKwh":0.388}},{"type":"Feature","geometry":{"type":"Point","coordinates":[4.8156587,52.7052702]},"properties":{"type":"charge","layer":"passenger","locationId":"1429","name":"Shell Recharge NL Anna van Burenstraat 1","address":"Anna van Burenstraat 1","city":"Noord-Scharwoude","operatorName":"Ubitricity","maxPowerKw":22,"isMegawatt":false,"status":"CHARGING","source":"ndw","priceKwh":0.266}},{"type":"Feature","geometry":{"type":"Point","coordinates":[4.80398,52.68056]},"properties":{"type":"charge","layer":"passenger","locationId":"16b3b66a-d36b-45c0-b394-230cda66c199","name":"PP001126 - Voorburggracht 10, Broek op Langedijk","address":"10 Voorburggracht","city":"Broek op Langedijk","operatorName":"TotalEnergies","maxPowerKw":17,"isMegawatt":false,"status":"UNAVAILABLE","source":"ndw"}},{"type":"Feature","geometry":{"type":"Point","coordinates":[4.83027,52.64503]},"properties":{"type":"charge","layer":"passenger","locationId":"1505","name":"Shell Recharge NL H.T. Kuipers Rietbergtuin 20","address":"H.T. Kuipers Rietbergtuin 20","city":"Dijk en Waard","operatorName":"Ubitricity","maxPowerKw":11,"isMegawatt":false,"status":"AVAILABLE","source":"ndw","priceKwh":0.388}},{"type":"Feature","geometry":{"type":"Point","coordinates":[4.830047,52.655266]},"properties":{"type":"charge","layer":"passenger","locationId":"5d7f8a17-1420-40eb-b2eb-6ef0a5e50042","name":"TNLP007497 - Wipmolen 1, Heerhugowaard","address":"1 Wipmolen","city":"Heerhugowaard","operatorName":"TotalEnergies","maxPowerKw":17,"isMegawatt":false,"status":"UNAVAILABLE","source":"ndw"}},{"type":"Feature","geometry":{"type":"Point","coordinates":[4.801188,52.6773]},"properties":{"type":"charge","layer":"passenger","locationId":"6852cd9a0c05ea671cabccae","name":"Statedijk 11","address":"Statedijk 1","city":"Broek op Langedijk","operatorName":"E-Flux by Road","maxPowerKw":22,"isMegawatt":false,"status":"AVAILABLE","source":"ndw","priceKwh":0.53}},{"type":"Feature","geometry":{"type":"Point","coordinates":[4.830466,52.693406]},"properties":{"type":"charge","layer":"passenger","locationId":"6a30ec47958224b490a60c8a","name":"Brandbeveiliging Alkmaar bv II","address":"Daltonstraat 9","city":"Heerhugowaard","operatorName":"NXT Charging Solutions","maxPowerKw":22,"isMegawatt":false,"status":"AVAILABLE","source":"ndw","priceKwh":0.42}},{"type":"Feature","geometry":{"type":"Point","coordinates":[4.8334012,52.6576989]},"properties":{"type":"charge","layer":"passenger","locationId":"2091","name":"Shell Recharge NL Houtzaagmolen 35","address":"Houtzaagmolen 35","city":"Heerhugowaard","operatorName":"Ubitricity","maxPowerKw":22,"isMegawatt":false,"status":"AVAILABLE","source":"ndw","priceKwh":0.266}},{"type":"Feature","geometry":{"type":"Point","coordinates":[4.806015,52.652973]},"properties":{"type":"charge","layer":"passenger","locationId":"f1f3387e-a718-4d03-b8ba-599576615fc7","name":"TNLP008413 - Velduil 1, Heerhugowaard","address":"1 Velduil","city":"Heerhugowaard","operatorName":"TotalEnergies","maxPowerKw":13,"isMegawatt":false,"status":"UNAVAILABLE","source":"ndw"}},{"type":"Feature","geometry":{"type":"Point","coordinates":[4.81765,52.65895]},"properties":{"type":"charge","layer":"passenger","locationId":"74ac779f-29f3-40d2-961d-71af897282c7","name":"PP004048 - Aquamarijn 84, Heerhugowaard","address":"84 Aquamarijn","city":"Heerhugowaard","operatorName":"TotalEnergies","maxPowerKw":11,"isMegawatt":false,"status":"UNAVAILABLE","source":"ndw"}},{"type":"Feature","geometry":{"type":"Point","coordinates":[4.791513,52.677079]},"properties":{"type":"charge","layer":"passenger","locationId":"4208836","name":"Laadnet BENO Projectafbouw B.V.","address":"Bijlestaal 56","city":"Broek op Langedijk","operatorName":"Laadnet","maxPowerKw":22,"isMegawatt":false,"status":"AVAILABLE","source":"ndw"}},{"type":"Feature","geometry":{"type":"Point","coordinates":[4.80991,52.64788]},"properties":{"type":"charge","layer":"passenger","locationId":"5985351c-8c73-4e9a-b104-d77b5a9524e3","name":"PP001613 - Corona 1, Heerhugowaard","address":"1 Corona","city":"Heerhugowaard","operatorName":"TotalEnergies","maxPowerKw":11,"isMegawatt":false,"status":"AVAILABLE","source":"ndw"}},{"type":"Feature","geometry":{"type":"Point","coordinates":[4.80985,52.70515]},"properties":{"type":"charge","layer":"passenger","locationId":"468","name":"Shell Recharge NL De Mossel 1","address":"De Mossel 1","city":"Noord-Scharwoude","operatorName":"Ubitricity","maxPowerKw":11,"isMegawatt":false,"status":"AVAILABLE","source":"ndw","priceKwh":0.388}},{"type":"Feature","geometry":{"type":"Point","coordinates":[4.828384,52.648394]},"properties":{"type":"charge","layer":"passenger","locationId":"67ee2636f319371a55ef4c75","name":"AC op 't Landtplantsoen 48","address":"Anna Clasina op 't Landtplantsoen 48","city":"Heerhugowaard","operatorName":"E-Flux by Road","maxPowerKw":11,"isMegawatt":false,"status":"CHARGING","source":"ndw","priceKwh":0.43}},{"type":"Feature","geometry":{"type":"Point","coordinates":[4.816047,52.66568]},"properties":{"type":"charge","layer":"passenger","locationId":"6853badb99181820ce0fb47e","name":"Credion Station","address":"W.M. Dudokweg  12","city":"Heerhugowaard","operatorName":"E-Flux by Road","maxPowerKw":22,"isMegawatt":false,"status":"AVAILABLE","source":"ndw","priceKwh":0.53}},{"type":"Feature","geometry":{"type":"Point","coordinates":[4.845417,52.665036]},"properties":{"type":"charge","layer":"passenger","locationId":"751","name":"Shell Recharge NL Spirealaan 16","address":"Spirealaan 16","city":"Heerhugowaard","operatorName":"Ubitricity","maxPowerKw":11,"isMegawatt":false,"status":"AVAILABLE","source":"ndw","priceKwh":0.388}},{"type":"Feature","geometry":{"type":"Point","coordinates":[4.84326,52.66512]},"properties":{"type":"charge","layer":"passenger","locationId":"367","name":"Shell Recharge NL Kastanjelaan 4","address":"Kastanjelaan 4","city":"Heerhugowaard","operatorName":"Ubitricity","maxPowerKw":11,"isMegawatt":false,"status":"AVAILABLE","source":"ndw","priceKwh":0.388}},{"type":"Feature","geometry":{"type":"Point","coordinates":[4.833474,52.66796]},"properties":{"type":"charge","layer":"passenger","locationId":"aa8f53b2-001c-4571-abe1-828287f55f19","name":"TNLP007154 - Da Costastraat 18, Heerhugowaard","address":"18 Da Costastraat","city":"Heerhugowaard","operatorName":"TotalEnergies","maxPowerKw":17,"isMegawatt":false,"status":"UNAVAILABLE","source":"ndw"}},{"type":"Feature","geometry":{"type":"Point","coordinates":[4.822743,52.643894]},"properties":{"type":"charge","layer":"passenger","locationId":"cce08e37-5ae8-4ab0-b686-858ab0213cc4","name":"TNLP006232 - Else van den Banlaan 6, Heerhugowaard","address":"6 Else van den Banlaan","city":"Heerhugowaard","operatorName":"TotalEnergies","maxPowerKw":17,"isMegawatt":false,"status":"UNAVAILABLE","source":"ndw"}},{"type":"Feature","geometry":{"type":"Point","coordinates":[4.841838,52.664533]},"properties":{"type":"charge","layer":"passenger","locationId":"7af404e1-eb8f-498e-ab65-e8098d427c5b","name":"TNLP015181","address":"Dennenlaan 6","city":"Heerhugowaard","operatorName":"TotalEnergies","maxPowerKw":17,"isMegawatt":false,"status":"AVAILABLE","source":"ndw"}},{"type":"Feature","geometry":{"type":"Point","coordinates":[4.801188,52.6773]},"properties":{"type":"charge","layer":"passenger","locationId":"67ee4f8c2da350f68f311c90","name":"Statedijk 6","address":"Statedijk 1","city":"Broek op Langedijk","operatorName":"E-Flux by Road","maxPowerKw":11,"isMegawatt":false,"status":"AVAILABLE","source":"ndw","priceKwh":0.53}},{"type":"Feature","geometry":{"type":"Point","coordinates":[4.828418,52.66605]},"properties":{"type":"charge","layer":"passenger","locationId":"d1d74079-1b93-4357-932f-ec3b9836404e","name":"TNLP009339 - Gorterlaan 19, Heerhugowaard","address":"19 Gorterlaan","city":"Heerhugowaard","operatorName":"TotalEnergies","maxPowerKw":17,"isMegawatt":false,"status":"UNAVAILABLE","source":"ndw"}},{"type":"Feature","geometry":{"type":"Point","coordinates":[4.832593,52.649666]},"properties":{"type":"charge","layer":"passenger","locationId":"e8c9af23-cbd2-4030-83a8-b2569f3920f8","name":"PP005545 - Weerelaan 123, Heerhugowaard","address":"123 Weerelaan","city":"Heerhugowaard","operatorName":"TotalEnergies","maxPowerKw":11,"isMegawatt":false,"status":"UNAVAILABLE","source":"ndw"}},{"type":"Feature","geometry":{"type":"Point","coordinates":[4.794788,52.66219]},"properties":{"type":"charge","layer":"passenger","locationId":"330da169-7dfa-43f0-bee2-574fa6541699","name":"PP005512 - Molenwiek 1, Sint Pancras","address":"1 Molenwiek","city":"Sint Pancras","operatorName":"TotalEnergies","maxPowerKw":13,"isMegawatt":false,"status":"AVAILABLE","source":"ndw"}},{"type":"Feature","geometry":{"type":"Point","coordinates":[4.859745,52.67664]},"properties":{"type":"charge","layer":"passenger","locationId":"580354c6-4478-4e3b-92e8-5e101f15f606","name":"TNLP009238 - Matsyslaan 1, Heerhugowaard","address":"1 Matsyslaan","city":"Heerhugowaard","operatorName":"TotalEnergies","maxPowerKw":17,"isMegawatt":false,"status":"UNAVAILABLE","source":"ndw"}},{"type":"Feature","geometry":{"type":"Point","coordinates":[4.83678,52.65936]},"properties":{"type":"charge","layer":"passenger","locationId":"572","name":"Shell Recharge NL Weidemolen 72","address":"Weidemolen 72","city":"Heerhugowaard","operatorName":"Ubitricity","maxPowerKw":11,"isMegawatt":false,"status":"AVAILABLE","source":"ndw","priceKwh":0.388}},{"type":"Feature","geometry":{"type":"Point","coordinates":[4.832826,52.652911]},"properties":{"type":"charge","layer":"passenger","locationId":"40dcf190-971b-4c03-acc0-b18a917902f4","name":"TNLP034635","address":"Neslaan 9","city":"Heerhugowaard","operatorName":"TotalEnergies","maxPowerKw":14,"isMegawatt":false,"status":"AVAILABLE","source":"ndw"}},{"type":"Feature","geometry":{"type":"Point","coordinates":[4.79823,52.68308]},"properties":{"type":"charge","layer":"passenger","locationId":"8572127b-26c4-44f7-88e3-89c44037c505","name":"PP002029 - Breesloot 90, Broek op Langedijk","address":"90 Breesloot","city":"Broek op Langedijk","operatorName":"TotalEnergies","maxPowerKw":11,"isMegawatt":false,"status":"AVAILABLE","source":"ndw"}},{"type":"Feature","geometry":{"type":"Point","coordinates":[4.851092,52.676014]},"properties":{"type":"charge","layer":"passenger","locationId":"d0317220-9163-4418-bb1e-da5e6f5d98ae","name":"TNLP006551 - Averkamplaan 2, Heerhugowaard","address":"2 Averkamplaan","city":"Heerhugowaard","operatorName":"TotalEnergies","maxPowerKw":17,"isMegawatt":false,"status":"UNAVAILABLE","source":"ndw"}},{"type":"Feature","geometry":{"type":"Point","coordinates":[4.7914,52.67988]},"properties":{"type":"charge","layer":"passenger","locationId":"32e780f1-995b-4348-b776-62efcd6d57eb","name":"PP005032 - Grootoort 41, Broek op langedijk","address":"41 Grootoort","city":"Broek op langedijk","operatorName":"TotalEnergies","maxPowerKw":11,"isMegawatt":false,"status":"UNAVAILABLE","source":"ndw"}},{"type":"Feature","geometry":{"type":"Point","coordinates":[4.801649,52.64906]},"properties":{"type":"charge","layer":"passenger","locationId":"840fd470-fda6-405e-bc73-2456cbc9d772","name":"TNLP005789 - Zonnehof 37, Heerhugowaard","address":"37 Zonnehof","city":"Heerhugowaard","operatorName":"TotalEnergies","maxPowerKw":11,"isMegawatt":false,"status":"UNAVAILABLE","source":"ndw"}},{"type":"Feature","geometry":{"type":"Point","coordinates":[4.801249,52.67792]},"properties":{"type":"charge","layer":"passenger","locationId":"68f6081c55fe332fc76fa56b","name":"Keizelbos A","address":"Keizelbos 1","city":"Broek op langedijk","operatorName":"E-Flux by Road","maxPowerKw":22,"isMegawatt":false,"status":"AVAILABLE","source":"ndw","priceKwh":0.43}},{"type":"Feature","geometry":{"type":"Point","coordinates":[4.855239,52.676666]},"properties":{"type":"charge","layer":"passenger","locationId":"1b6c8399cce1a9ba1f678af0a1e3a100","name":"J. van de Veldelaan 19","address":"J. van de Veldelaan 19","city":"Heerhugowaard","operatorName":"Vattenfall InCharge","maxPowerKw":11,"isMegawatt":false,"status":"CHARGING","source":"ndw"}},{"type":"Feature","geometry":{"type":"Point","coordinates":[4.839665,52.679363]},"properties":{"type":"charge","layer":"passenger","locationId":"f12836d5-5a51-495a-af19-752b1bcbb2aa","name":"TNLP006550 - De Vork 4, Heerhugowaard","address":"4 De Vork","city":"Heerhugowaard","operatorName":"TotalEnergies","maxPowerKw":15,"isMegawatt":false,"status":"AVAILABLE","source":"ndw"}},{"type":"Feature","geometry":{"type":"Point","coordinates":[4.8377,52.67269]},"properties":{"type":"charge","layer":"passenger","locationId":"271","name":"Shell Recharge NL Callistolaan 3","address":"Callistolaan 3","city":"Heerhugowaard","operatorName":"Ubitricity","maxPowerKw":22,"isMegawatt":false,"status":"AVAILABLE","source":"ndw","priceKwh":0.388}},{"type":"Feature","geometry":{"type":"Point","coordinates":[4.820662,52.64128]},"properties":{"type":"charge","layer":"passenger","locationId":"dec7e321-df23-4646-90e1-af4d135f856f","name":"TNLP009385 - Tine Tammesplantsoen 2, Heerhugowaard","address":"2 Tine Tammesplantsoen","city":"Heerhugowaard","operatorName":"TotalEnergies","maxPowerKw":15,"isMegawatt":false,"status":"AVAILABLE","source":"ndw"}},{"type":"Feature","geometry":{"type":"Point","coordinates":[4.808845,52.692986]},"properties":{"type":"charge","layer":"passenger","locationId":"fe7533f1-b26d-4d88-a057-db92c3f1fcb3","name":"TNLP008287 - Voorburggracht 168, Zuid-Scharwoude","address":"168 Voorburggracht","city":"Zuid-Scharwoude","operatorName":"TotalEnergies","maxPowerKw":13,"isMegawatt":false,"status":"UNAVAILABLE","source":"ndw"}},{"type":"Feature","geometry":{"type":"Point","coordinates":[4.799567,52.678275]},"properties":{"type":"charge","layer":"passenger","locationId":"67a0cd9022a3b2d4855648f5","name":"Grotendorst 1","address":"Grotendorst 1","city":"Broek op Langedijk","operatorName":"E-Flux by Road","maxPowerKw":22,"isMegawatt":false,"status":"AVAILABLE","source":"ndw","priceKwh":0.401}},{"type":"Feature","geometry":{"type":"Point","coordinates":[4.85949,52.66687]},"properties":{"type":"charge","layer":"passenger","locationId":"404","name":"Shell Recharge NL Winterkoning Erf 3","address":"Winterkoning Erf 3","city":"Heerhugowaard","operatorName":"Ubitricity","maxPowerKw":11,"isMegawatt":false,"status":"AVAILABLE","source":"ndw","priceKwh":0.388}},{"type":"Feature","geometry":{"type":"Point","coordinates":[4.831326,52.645401]},"properties":{"type":"charge","layer":"passenger","locationId":"7f164ae9db35d8b60c53936e95273f3f","name":"R. Neter-Montanhestuin 31","address":"R. Neter-Montanhestuin 31","city":"Heerhugowaard","operatorName":"Vattenfall InCharge","maxPowerKw":11,"isMegawatt":false,"status":"AVAILABLE","source":"ndw"}},{"type":"Feature","geometry":{"type":"Point","coordinates":[4.806335,52.691673]},"properties":{"type":"charge","layer":"passenger","locationId":"28aad1fea8de3b4d313e47927cfc78b7","name":"Langeweide 122","address":"Langeweide 122","city":"Zuid-Scharwoude","operatorName":"Vattenfall InCharge","maxPowerKw":11,"isMegawatt":false,"status":"AVAILABLE","source":"ndw"}},{"type":"Feature","geometry":{"type":"Point","coordinates":[4.867716,52.66759]},"properties":{"type":"charge","layer":"passenger","locationId":"0b3da70b-9301-4046-94b0-d14c50189a56","name":"TNLP009746 - Madeliefstraat 8S, Heerhugowaard","address":"8S Madeliefstraat","city":"Heerhugowaard","operatorName":"TotalEnergies","maxPowerKw":17,"isMegawatt":false,"status":"UNAVAILABLE","source":"ndw"}},{"type":"Feature","geometry":{"type":"Point","coordinates":[4.862217,52.66406]},"properties":{"type":"charge","layer":"passenger","locationId":"a7f4ee61-e33d-488e-acb1-a3162fc21724","name":"TNLP015359","address":"Merelweg 46","city":"Heerhugowaard","operatorName":"TotalEnergies","maxPowerKw":17,"isMegawatt":false,"status":"CHARGING","source":"ndw"}},{"type":"Feature","geometry":{"type":"Point","coordinates":[4.789588,52.6829]},"properties":{"type":"charge","layer":"passenger","locationId":"dd6f7481-0b1d-4b87-955d-813d149d7907","name":"TNLP005765 - Karlant 6, Zuid-Scharwoude","address":"6 Karlant","city":"Zuid-Scharwoude","operatorName":"TotalEnergies","maxPowerKw":17,"isMegawatt":false,"status":"UNAVAILABLE","source":"ndw"}},{"type":"Feature","geometry":{"type":"Point","coordinates":[4.801188,52.6773]},"properties":{"type":"charge","layer":"passenger","locationId":"67ee4c6f005ce9e08b3cdf33","name":"Statedijk 1","address":"Statedijk 1","city":"Broek op Langedijk","operatorName":"E-Flux by Road","maxPowerKw":11,"isMegawatt":false,"status":"AVAILABLE","source":"ndw","priceKwh":0.53}},{"type":"Feature","geometry":{"type":"Point","coordinates":[4.791779,52.677852]},"properties":{"type":"charge","layer":"passenger","locationId":"67ff97f8c72add472b854154","name":"E-Magy","address":"Bijlestaal 54","city":"Broek op Langedijk","operatorName":"E-Flux by Road","maxPowerKw":11,"isMegawatt":false,"status":"AVAILABLE","source":"ndw","priceKwh":0.58}},{"type":"Feature","geometry":{"type":"Point","coordinates":[4.87035,52.671501]},"properties":{"type":"charge","layer":"passenger","locationId":"391dfc4b-6308-4c07-a101-1dd2e77d9b1f","name":"TNLP034062","address":"Vossenstaartpad 11","city":"Heerhugowaard","operatorName":"TotalEnergies","maxPowerKw":14,"isMegawatt":false,"status":"CHARGING","source":"ndw"}},{"type":"Feature","geometry":{"type":"Point","coordinates":[4.811122,52.70316]},"properties":{"type":"charge","layer":"passenger","locationId":"aa6e79a9-df47-4e93-91f7-bd7dabbb88f2","name":"TNLP006783 - Molenkade 2, Noord-Scharwoude","address":"2 Molenkade","city":"Noord-Scharwoude","operatorName":"TotalEnergies","maxPowerKw":17,"isMegawatt":false,"status":"UNAVAILABLE","source":"ndw"}},{"type":"Feature","geometry":{"type":"Point","coordinates":[4.8261,52.667206]},"properties":{"type":"charge","layer":"passenger","locationId":"179e0af0-d902-4d5c-b729-1dd4cbe69d77","name":"TNLP008346 - Koenenlaan 2, Heerhugowaard","address":"2 Koenenlaan","city":"Heerhugowaard","operatorName":"TotalEnergies","maxPowerKw":14,"isMegawatt":false,"status":"CHARGING","source":"ndw"}},{"type":"Feature","geometry":{"type":"Point","coordinates":[4.847903,52.67093]},"properties":{"type":"charge","layer":"passenger","locationId":"bd1be4ba8e8e50d9ed83220a0b0bf4cd","name":"Middenweg 245","address":"Middenweg 245","city":"Heerhugowaard","operatorName":"Vattenfall InCharge","maxPowerKw":11,"isMegawatt":false,"status":"UNAVAILABLE","source":"ndw"}},{"type":"Feature","geometry":{"type":"Point","coordinates":[4.821689,52.662243]},"properties":{"type":"charge","layer":"passenger","locationId":"8228667e-6fff-4df1-9154-ab758689438b","name":"TNLP007981 - Straalsteen 35, Heerhugowaard","address":"35 Straalsteen","city":"Heerhugowaard","operatorName":"TotalEnergies","maxPowerKw":15,"isMegawatt":false,"status":"AVAILABLE","source":"ndw"}},{"type":"Feature","geometry":{"type":"Point","coordinates":[4.803336,52.6639]},"properties":{"type":"charge","layer":"passenger","locationId":"94b8387c-6487-45e5-881a-e2428e3c4426","name":"TNLP006679 - Heijnkesakker 16, Heerhugowaard","address":"16 Heijnkesakker","city":"Heerhugowaard","operatorName":"TotalEnergies","maxPowerKw":17,"isMegawatt":false,"status":"UNAVAILABLE","source":"ndw"}},{"type":"Feature","geometry":{"type":"Point","coordinates":[4.807345,52.65579]},"properties":{"type":"charge","layer":"passenger","locationId":"513842f2-7be7-4ff1-83c3-0146dd3006e2","name":"TNLP005724 - Walvisplein 36, Heerhugowaard","address":"36 Walvisplein","city":"Heerhugowaard","operatorName":"TotalEnergies","maxPowerKw":17,"isMegawatt":false,"status":"UNAVAILABLE","source":"ndw"}},{"type":"Feature","geometry":{"type":"Point","coordinates":[4.827575,52.656113]},"properties":{"type":"charge","layer":"passenger","locationId":"c6a3e96f-b976-41a2-93d5-323afa805088","name":"TNLP007794 - IJssel 51, Heerhugowaard","address":"51 IJssel","city":"Heerhugowaard","operatorName":"TotalEnergies","maxPowerKw":15,"isMegawatt":false,"status":"AVAILABLE","source":"ndw"}},{"type":"Feature","geometry":{"type":"Point","coordinates":[4.80365,52.69364]},"properties":{"type":"charge","layer":"passenger","locationId":"e63b7141-0147-4fd2-8bc5-702bd51460ba","name":"PP004215 - Langeweide 258, Zuid-Scharwoude","address":"258 Langeweide","city":"Zuid-Scharwoude","operatorName":"TotalEnergies","maxPowerKw":15,"isMegawatt":false,"status":"AVAILABLE","source":"ndw"}},{"type":"Feature","geometry":{"type":"Point","coordinates":[4.801188,52.6773]},"properties":{"type":"charge","layer":"passenger","locationId":"67ee4e6636c2130f7c4e1223","name":"Statedijk 2","address":"Statedijk 1","city":"Broek op Langedijk","operatorName":"E-Flux by Road","maxPowerKw":11,"isMegawatt":false,"status":"AVAILABLE","source":"ndw","priceKwh":0.53}},{"type":"Feature","geometry":{"type":"Point","coordinates":[4.823729,52.661037]},"properties":{"type":"charge","layer":"passenger","locationId":"a82a234d-82a9-434b-b76e-5feb0ffd8854","name":"TNLP009908 - Veldspaat 2, Heerhugowaard","address":"2 Veldspaat","city":"Heerhugowaard","operatorName":"TotalEnergies","maxPowerKw":17,"isMegawatt":false,"status":"UNAVAILABLE","source":"ndw"}},{"type":"Feature","geometry":{"type":"Point","coordinates":[4.800855,52.677453]},"properties":{"type":"charge","layer":"passenger","locationId":"3433729","name":"Laadnet Statedijk BV","address":"Statedijk 1","city":"Broek op Langedijk","operatorName":"Laadnet","maxPowerKw":22,"isMegawatt":false,"status":"UNAVAILABLE","source":"ndw"}},{"type":"Feature","geometry":{"type":"Point","coordinates":[4.80243,52.67661]},"properties":{"type":"charge","layer":"passenger","locationId":"5c710087fb3e9f0b3737a43bbaed14d1","name":"Westeinde 38","address":"Westeinde 38","city":"Broek op Langedijk","operatorName":"Vattenfall InCharge","maxPowerKw":11,"isMegawatt":false,"status":"AVAILABLE","source":"ndw"}},{"type":"Feature","geometry":{"type":"Point","coordinates":[4.81143,52.64714]},"properties":{"type":"charge","layer":"passenger","locationId":"6ec6ec72-9417-4f9c-a1d2-2774ec80d5a7","name":"TNLP003645 - Dampkring 19, Heerhugowaard","address":"19 Dampkring","city":"Heerhugowaard","operatorName":"TotalEnergies","maxPowerKw":17,"isMegawatt":false,"status":"AVAILABLE","source":"ndw"}},{"type":"Feature","geometry":{"type":"Point","coordinates":[4.8171942,52.6524979]},"properties":{"type":"charge","layer":"passenger","locationId":"1142","name":"Shell Recharge NL Catharina van Rennes Erf 4","address":"Catharina van Rennes Erf 4","city":"Heerhugowaard","operatorName":"Ubitricity","maxPowerKw":22,"isMegawatt":false,"status":"AVAILABLE","source":"ndw","priceKwh":0.266}},{"type":"Feature","geometry":{"type":"Point","coordinates":[4.85118,52.704312]},"properties":{"type":"charge","layer":"passenger","locationId":"4122690","name":"Laadnet Middenweg","address":"Middenweg 521","city":"Heerhugowaard","operatorName":"Laadnet","maxPowerKw":22,"isMegawatt":false,"status":"UNAVAILABLE","source":"ndw"}},{"type":"Feature","geometry":{"type":"Point","coordinates":[4.790981,52.684128]},"properties":{"type":"charge","layer":"passenger","locationId":"c2184494-e843-4b28-aae0-ffc95a2a0225","name":"TNLP005747 - Haskelant 21, Zuid-Scharwoude","address":"21 Haskelant","city":"Zuid-Scharwoude","operatorName":"TotalEnergies","maxPowerKw":11,"isMegawatt":false,"status":"UNAVAILABLE","source":"ndw"}},{"type":"Feature","geometry":{"type":"Point","coordinates":[4.81268,52.65812]},"properties":{"type":"charge","layer":"passenger","locationId":"199","name":"Shell Recharge NL Nevelpanter 2","address":"Nevelpanter 2","city":"Heerhugowaard","operatorName":"Ubitricity","maxPowerKw":11,"isMegawatt":false,"status":"AVAILABLE","source":"ndw","priceKwh":0.388}},{"type":"Feature","geometry":{"type":"Point","coordinates":[4.807056,52.69678]},"properties":{"type":"charge","layer":"passenger","locationId":"9ac2247e-b8f3-48d3-85fc-f131e31b08cf","name":"TNLP006394 - Kleiakker 8, Noord-Scharwoude","address":"8 Kleiakker","city":"Noord-Scharwoude","operatorName":"TotalEnergies","maxPowerKw":13,"isMegawatt":false,"status":"UNAVAILABLE","source":"ndw"}},{"type":"Feature","geometry":{"type":"Point","coordinates":[4.814454,52.705994]},"properties":{"type":"charge","layer":"passenger","locationId":"c78385ab-9324-4b6c-a780-08c82f40683c","name":"TNLP006726 - Nova Zembla 18, Noord-Scharwoude","address":"18 Nova Zembla","city":"Noord-Scharwoude","operatorName":"TotalEnergies","maxPowerKw":17,"isMegawatt":false,"status":"UNAVAILABLE","source":"ndw"}},{"type":"Feature","geometry":{"type":"Point","coordinates":[4.834868,52.66834]},"properties":{"type":"charge","layer":"passenger","locationId":"2920ddf5-d030-42ef-895c-d123b2ff7c44","name":"TNLP009886 - Jan Luykenstraat 1, Heerhugowaard","address":"1 Jan Luykenstraat","city":"Heerhugowaard","operatorName":"TotalEnergies","maxPowerKw":17,"isMegawatt":false,"status":"UNAVAILABLE","source":"ndw"}},{"type":"Feature","geometry":{"type":"Point","coordinates":[4.810905,52.695953]},"properties":{"type":"charge","layer":"passenger","locationId":"8a9f26c9-1ad3-48bf-8c39-edd0b1cfa807","name":"TNLP009012 - Kastanjelaan 52, Zuid-Scharwoude","address":"52 Kastanjelaan","city":"Zuid-Scharwoude","operatorName":"TotalEnergies","maxPowerKw":17,"isMegawatt":false,"status":"UNAVAILABLE","source":"ndw"}},{"type":"Feature","geometry":{"type":"Point","coordinates":[4.816423,52.69827]},"properties":{"type":"charge","layer":"passenger","locationId":"09c428f6-f121-4241-8059-2287678220fd","name":"TNLP009748 - Dokter Wilminkstraat 5, Noord-Scharwoude","address":"5 Dokter Wilminkstraat","city":"Noord-Scharwoude","operatorName":"TotalEnergies","maxPowerKw":17,"isMegawatt":false,"status":"UNAVAILABLE","source":"ndw"}},{"type":"Feature","geometry":{"type":"Point","coordinates":[4.8244888,52.6682737]},"properties":{"type":"charge","layer":"passenger","locationId":"2320","name":"Shell Recharge NL Nelson Mandelastraat 120","address":"Nelson Mandelastraat 120","city":"Heerhugowaard","operatorName":"Ubitricity","maxPowerKw":22,"isMegawatt":false,"status":"AVAILABLE","source":"ndw","priceKwh":0.266}},{"type":"Feature","geometry":{"type":"Point","coordinates":[4.845858,52.661274]},"properties":{"type":"charge","layer":"passenger","locationId":"360212b3-d8fd-4a5e-a24a-3ef667642541","name":"TNLP008210 - Platanenlaan 88, Heerhugowaard","address":"88 Platanenlaan","city":"Heerhugowaard","operatorName":"TotalEnergies","maxPowerKw":17,"isMegawatt":false,"status":"UNAVAILABLE","source":"ndw"}},{"type":"Feature","geometry":{"type":"Point","coordinates":[4.81887,52.70303]},"properties":{"type":"charge","layer":"passenger","locationId":"119","name":"Shell Recharge NL Hulststraat 27","address":"Hulststraat 27","city":"Noord-Scharwoude","operatorName":"Ubitricity","maxPowerKw":11,"isMegawatt":false,"status":"AVAILABLE","source":"ndw","priceKwh":0.388}},{"type":"Feature","geometry":{"type":"Point","coordinates":[4.8525158,52.6750793]},"properties":{"type":"charge","layer":"passenger","locationId":"2068","name":"Shell Recharge NL Berckheidelaan 2","address":"Berckheidelaan 2","city":"Heerhugowaard","operatorName":"Ubitricity","maxPowerKw":22,"isMegawatt":false,"status":"AVAILABLE","source":"ndw","priceKwh":0.266}},{"type":"Feature","geometry":{"type":"Point","coordinates":[4.8430766,52.6742762]},"properties":{"type":"charge","layer":"passenger","locationId":"1890","name":"Shell Recharge NL Jac. Coorenlaan 1","address":"Jac. Coorenlaan 1","city":"Heerhugowaard","operatorName":"Ubitricity","maxPowerKw":22,"isMegawatt":false,"status":"AVAILABLE","source":"ndw","priceKwh":0.266}},{"type":"Feature","geometry":{"type":"Point","coordinates":[4.80008,52.67647]},"properties":{"type":"charge","layer":"passenger","locationId":"615","name":"Shell Recharge NL Hornweg 16","address":"Hornweg 16","city":"Broek op Langedijk","operatorName":"Ubitricity","maxPowerKw":11,"isMegawatt":false,"status":"AVAILABLE","source":"ndw","priceKwh":0.388}},{"type":"Feature","geometry":{"type":"Point","coordinates":[4.80544,52.64926]},"properties":{"type":"charge","layer":"passenger","locationId":"94","name":"Shell Recharge NL Zonnevlam 1","address":"Zonnevlam 1","city":"Heerhugowaard","operatorName":"Ubitricity","maxPowerKw":11,"isMegawatt":false,"status":"AVAILABLE","source":"ndw","priceKwh":0.388}},{"type":"Feature","geometry":{"type":"Point","coordinates":[4.813384,52.641293]},"properties":{"type":"charge","layer":"passenger","locationId":"04987cd4-d065-4874-af0e-2f0115ab4a4b","name":"TNLP008208 - Kervel 16, Heerhugowaard","address":"16 Kervel","city":"Heerhugowaard","operatorName":"TotalEnergies","maxPowerKw":17,"isMegawatt":false,"status":"UNAVAILABLE","source":"ndw"}},{"type":"Feature","geometry":{"type":"Point","coordinates":[4.801652,52.647266]},"properties":{"type":"charge","layer":"passenger","locationId":"f7044b6d-9ef0-46b6-a9bd-ae67d7a2d992","name":"TNLP008281 - Noorderlicht 101, Heerhugowaard","address":"101 Noorderlicht","city":"Heerhugowaard","operatorName":"TotalEnergies","maxPowerKw":13,"isMegawatt":false,"status":"UNAVAILABLE","source":"ndw"}},{"type":"Feature","geometry":{"type":"Point","coordinates":[4.823758,52.691651]},"properties":{"type":"charge","layer":"passenger","locationId":"676285dc3a2054912508d004","name":"Ronny Van der peet 's station","address":"Reiger 49","city":"Zuid-Scharwoude","operatorName":"E-Flux by Road","maxPowerKw":11,"isMegawatt":false,"status":"CHARGING","source":"ndw","priceKwh":0.28}},{"type":"Feature","geometry":{"type":"Point","coordinates":[4.809659,52.643646]},"properties":{"type":"charge","layer":"passenger","locationId":"4a2fef08-c7a2-4cf8-8a14-6c711410d7c8","name":"TNLP007932 - Eiland van Surya 7, Heerhugowaard","address":"7 Eiland van Surya","city":"Heerhugowaard","operatorName":"TotalEnergies","maxPowerKw":17,"isMegawatt":false,"status":"UNAVAILABLE","source":"ndw"}},{"type":"Feature","geometry":{"type":"Point","coordinates":[4.835288,52.670383]},"properties":{"type":"charge","layer":"passenger","locationId":"2655c13a-5c50-4011-9be9-77c0d4cf7fd1","name":"TNLP006983 - Ariellaan 2, Heerhugowaard","address":"2 Ariellaan","city":"Heerhugowaard","operatorName":"TotalEnergies","maxPowerKw":17,"isMegawatt":false,"status":"UNAVAILABLE","source":"ndw"}},{"type":"Feature","geometry":{"type":"Point","coordinates":[4.804688,52.712093]},"properties":{"type":"charge","layer":"passenger","locationId":"2d5c10d5-1629-485d-90b6-1be8ff409277","name":"TNLP005909 - Zaagmolenweg 1, Oudkarspel","address":"1 Zaagmolenweg","city":"Oudkarspel","operatorName":"TotalEnergies","maxPowerKw":17,"isMegawatt":false,"status":"UNAVAILABLE","source":"ndw"}},{"type":"Feature","geometry":{"type":"Point","coordinates":[4.8520769,52.6769117]},"properties":{"type":"charge","layer":"passenger","locationId":"959","name":"Shell Recharge NL J. van de Veldelaan 54","address":"J. van de Veldelaan 54","city":"Heerhugowaard","operatorName":"Ubitricity","maxPowerKw":22,"isMegawatt":false,"status":"UNAVAILABLE","source":"ndw","priceKwh":0.266}},{"type":"Feature","geometry":{"type":"Point","coordinates":[4.834783,52.649644]},"properties":{"type":"charge","layer":"passenger","locationId":"42acd3a7268740e99e409ac7a9321a27","name":"Gaard 9","address":"Gaard 9","city":"Heerhugowaard","operatorName":"Vattenfall InCharge","maxPowerKw":11,"isMegawatt":false,"status":"AVAILABLE","source":"ndw"}},{"type":"Feature","geometry":{"type":"Point","coordinates":[4.822185,52.65604]},"properties":{"type":"charge","layer":"passenger","locationId":"1d2e9df9-2e6e-4a0c-a628-fa466716147f","name":"TNLP008501 - Rijn 4, Heerhugowaard","address":"4 Rijn","city":"Heerhugowaard","operatorName":"TotalEnergies","maxPowerKw":14,"isMegawatt":false,"status":"AVAILABLE","source":"ndw"}},{"type":"Feature","geometry":{"type":"Point","coordinates":[4.83424,52.673912]},"properties":{"type":"charge","layer":"passenger","locationId":"31b08da1-58bb-4c38-849d-e60280c2dc47","name":"TNLP015173","address":"Eris 41","city":"Heerhugowaard","operatorName":"TotalEnergies","maxPowerKw":17,"isMegawatt":false,"status":"CHARGING","source":"ndw"}},{"type":"Feature","geometry":{"type":"Point","coordinates":[4.805703,52.649457]},"properties":{"type":"charge","layer":"passenger","locationId":"40AD984B-81BC-489F-B85D-67D2D43837BA","name":"TNLP009556","address":"Zonnevlam 1A","city":"Heerhugowaard","operatorName":"TotalEnergies","maxPowerKw":17,"isMegawatt":false,"status":"AVAILABLE","source":"ndw"}},{"type":"Feature","geometry":{"type":"Point","coordinates":[4.810352,52.64487]},"properties":{"type":"charge","layer":"passenger","locationId":"ce6596fb-8482-4ada-bde5-171eb577abf2","name":"TNLP034205","address":"Eiland van Inti 29","city":"Heerhugowaard","operatorName":"TotalEnergies","maxPowerKw":14,"isMegawatt":false,"status":"CHARGING","source":"ndw"}},{"type":"Feature","geometry":{"type":"Point","coordinates":[4.820687,52.658712]},"properties":{"type":"charge","layer":"passenger","locationId":"c4f94043-81a9-4c04-a88c-3a710641d4c7","name":"Smaragd","address":"Smaragd 12","city":"Heerhugowaard","operatorName":"Vattenfall InCharge","maxPowerKw":11,"isMegawatt":false,"status":"AVAILABLE","source":"ndw"}},{"type":"Feature","geometry":{"type":"Point","coordinates":[4.823786,52.646675]},"properties":{"type":"charge","layer":"passenger","locationId":"01174394-8bc2-4ed7-b850-ded262bbb132","name":"TNLP005842 - Aletta Jacobstuin 2, Heerhugowaard","address":"2 Aletta Jacobstuin","city":"Heerhugowaard","operatorName":"TotalEnergies","maxPowerKw":11,"isMegawatt":false,"status":"UNAVAILABLE","source":"ndw"}},{"type":"Feature","geometry":{"type":"Point","coordinates":[4.819969,52.66069]},"properties":{"type":"charge","layer":"passenger","locationId":"a2cabe80-38ee-42da-84b1-64c48df3e175","name":"TNLP009921 - Opaal 64, Heerhugowaard","address":"64 Opaal","city":"Heerhugowaard","operatorName":"TotalEnergies","maxPowerKw":17,"isMegawatt":false,"status":"UNAVAILABLE","source":"ndw"}},{"type":"Feature","geometry":{"type":"Point","coordinates":[4.825808,52.64607]},"properties":{"type":"charge","layer":"passenger","locationId":"c928b452-deff-4365-a0d1-bd86494d44ce","name":"TNLP005947 - Wilhelmina Druckertuin 21, Heerhugowaard","address":"21 Wilhelmina Druckertuin","city":"Heerhugowaard","operatorName":"TotalEnergies","maxPowerKw":11,"isMegawatt":false,"status":"UNAVAILABLE","source":"ndw"}},{"type":"Feature","geometry":{"type":"Point","coordinates":[4.817047,52.638733]},"properties":{"type":"charge","layer":"passenger","locationId":"46276adc-e36b-4f0e-bfd4-d4b57f2d716d","name":"TNLP009234 - Valeriaan 8, Heerhugowaard","address":"8 Valeriaan","city":"Heerhugowaard","operatorName":"TotalEnergies","maxPowerKw":15,"isMegawatt":false,"status":"AVAILABLE","source":"ndw"}},{"type":"Feature","geometry":{"type":"Point","coordinates":[4.868636,52.671253]},"properties":{"type":"charge","layer":"passenger","locationId":"6444697f-5f2d-4e94-94bf-388f70b39ebb","name":"TNLP006410 - Vossenstaartpad 39, Heerhugowaard","address":"39 Vossenstaartpad","city":"Heerhugowaard","operatorName":"TotalEnergies","maxPowerKw":17,"isMegawatt":false,"status":"UNAVAILABLE","source":"ndw"}},{"type":"Feature","geometry":{"type":"Point","coordinates":[4.8383,52.65328]},"properties":{"type":"charge","layer":"passenger","locationId":"c0a0c4a3-1d00-4c0e-8cd5-587a755ec736","name":"Tjaarlingermeer","address":"Tjaarlingermeer 55","city":"Heerhugowaard","operatorName":"Vattenfall InCharge","maxPowerKw":11,"isMegawatt":false,"status":"AVAILABLE","source":"ndw"}},{"type":"Feature","geometry":{"type":"Point","coordinates":[4.856392,52.659042]},"properties":{"type":"charge","layer":"passenger","locationId":"673dfc92c8141a285e55d84c","name":"Beukenlaan 23","address":"Beukenlaan 23","city":"Heerhugowaard","operatorName":"E-Flux by Road","maxPowerKw":80,"isMegawatt":false,"status":"AVAILABLE","source":"ndw","priceKwh":0.56}},{"type":"Feature","geometry":{"type":"Point","coordinates":[4.857834,52.671585]},"properties":{"type":"charge","layer":"passenger","locationId":"5f1dfd8f-dacb-4888-ba03-a2ed27b6f6c4","name":"TNLP006540 - van Ostadelaan 31, Heerhugowaard","address":"31 van Ostadelaan","city":"Heerhugowaard","operatorName":"TotalEnergies","maxPowerKw":17,"isMegawatt":false,"status":"UNAVAILABLE","source":"ndw"}},{"type":"Feature","geometry":{"type":"Point","coordinates":[4.781105,52.703642]},"properties":{"type":"charge","layer":"passenger","locationId":"689c69e4815b420476ed3090","name":"TW Elektro","address":"Schuit  8H","city":"Oudkarspel","operatorName":"NXT Charging Solutions","maxPowerKw":22,"isMegawatt":false,"status":"AVAILABLE","source":"ndw","priceKwh":0.5}},{"type":"Feature","geometry":{"type":"Point","coordinates":[4.808208,52.702023]},"properties":{"type":"charge","layer":"passenger","locationId":"840250ac-7834-42c7-bd0c-1829dbf76f2a","name":"TNLP007014 - Fransepad 12, Noord-Scharwoude","address":"12 Fransepad","city":"Noord-Scharwoude","operatorName":"TotalEnergies","maxPowerKw":17,"isMegawatt":false,"status":"UNAVAILABLE","source":"ndw"}},{"type":"Feature","geometry":{"type":"Point","coordinates":[4.816356,52.664842]},"properties":{"type":"charge","layer":"passenger","locationId":"65eaf2609c2879001c705e3c","name":"Omnyacc Heerhugowaard","address":"W.M. Dudokweg 70A","city":"Heerhugowaard","operatorName":"NXT Charging Solutions","maxPowerKw":22,"isMegawatt":false,"status":"AVAILABLE","source":"ndw","priceKwh":0.43}},{"type":"Feature","geometry":{"type":"Point","coordinates":[4.818719,52.65902]},"properties":{"type":"charge","layer":"passenger","locationId":"b6912c0a-50eb-4122-9a09-f015ee8d2662","name":"TNLP008262 - Amatist 72, Heerhugowaard","address":"72 Amatist","city":"Heerhugowaard","operatorName":"TotalEnergies","maxPowerKw":13,"isMegawatt":false,"status":"UNAVAILABLE","source":"ndw"}},{"type":"Feature","geometry":{"type":"Point","coordinates":[4.817987,52.658283]},"properties":{"type":"charge","layer":"passenger","locationId":"93234b53-e008-4864-8552-7a23c81266dd","name":"TNLP007395 - Aquamarijn 58, Heerhugowaard","address":"58 Aquamarijn","city":"Heerhugowaard","operatorName":"TotalEnergies","maxPowerKw":15,"isMegawatt":false,"status":"CHARGING","source":"ndw"}},{"type":"Feature","geometry":{"type":"Point","coordinates":[4.824067,52.66009]},"properties":{"type":"charge","layer":"passenger","locationId":"22a6637c-05fd-474f-9927-6cb8b29a6748","name":"TNLP009688 - Bergkristal 6, Heerhugowaard","address":"6 Bergkristal","city":"Heerhugowaard","operatorName":"TotalEnergies","maxPowerKw":17,"isMegawatt":false,"status":"UNAVAILABLE","source":"ndw"}},{"type":"Feature","geometry":{"type":"Point","coordinates":[4.807273,52.665756]},"properties":{"type":"charge","layer":"passenger","locationId":"6e5cfb82-e777-40df-92c6-aaf1a95c449b","name":"TNLP006579 - Westerakker 14, Heerhugowaard","address":"14 Westerakker","city":"Heerhugowaard","operatorName":"TotalEnergies","maxPowerKw":17,"isMegawatt":false,"status":"UNAVAILABLE","source":"ndw"}},{"type":"Feature","geometry":{"type":"Point","coordinates":[4.846237,52.67435]},"properties":{"type":"charge","layer":"passenger","locationId":"84ceab96-2645-4ef9-bcfd-4d9ee23f0146","name":"TNLP007103 - van necksingel 1, Heerhugowaard","address":"1 van necksingel","city":"Heerhugowaard","operatorName":"TotalEnergies","maxPowerKw":17,"isMegawatt":false,"status":"UNAVAILABLE","source":"ndw"}},{"type":"Feature","geometry":{"type":"Point","coordinates":[4.815709,52.70655]},"properties":{"type":"charge","layer":"passenger","locationId":"4f1e4739-3918-4464-8e0e-b98853477936","name":"TNLP008499 - Industriestraat 83, Noord-Scharwoude","address":"83 Industriestraat","city":"Noord-Scharwoude","operatorName":"TotalEnergies","maxPowerKw":13,"isMegawatt":false,"status":"UNAVAILABLE","source":"ndw"}},{"type":"Feature","geometry":{"type":"Point","coordinates":[4.8316,52.64994]},"properties":{"type":"charge","layer":"passenger","locationId":"da09d1fc-7b87-4ed7-9219-8bf72149606a","name":"TNLP008353 - Burgplantsoen 17, Heerhugowaard","address":"17 Burgplantsoen","city":"Heerhugowaard","operatorName":"TotalEnergies","maxPowerKw":13,"isMegawatt":false,"status":"UNAVAILABLE","source":"ndw"}},{"type":"Feature","geometry":{"type":"Point","coordinates":[4.832419,52.694405]},"properties":{"type":"charge","layer":"passenger","locationId":"38b67332-2148-4040-ab61-b4ff4d4628db","name":"PP002587 - Snelliusstraat 8, Heerhugowaard","address":"8 Snelliusstraat","city":"Heerhugowaard","operatorName":"TotalEnergies","maxPowerKw":13,"isMegawatt":false,"status":"UNAVAILABLE","source":"ndw"}},{"type":"Feature","geometry":{"type":"Point","coordinates":[4.821005,52.64787]},"properties":{"type":"charge","layer":"passenger","locationId":"8824b328-dd26-4318-b3eb-2ae0b3e517ae","name":"TNLP009395 - Helena Nordheimland 1, Heerhugowaard","address":"1 Helena Nordheimland","city":"Heerhugowaard","operatorName":"TotalEnergies","maxPowerKw":17,"isMegawatt":false,"status":"UNAVAILABLE","source":"ndw"}},{"type":"Feature","geometry":{"type":"Point","coordinates":[4.83393,52.65529]},"properties":{"type":"charge","layer":"passenger","locationId":"8d0d3a30-4ee8-42d0-840d-b31d3ff6ef7c","name":"PP004045 - Loodwitmolen 18, Heerhugowaard","address":"18 Loodwitmolen","city":"Heerhugowaard","operatorName":"TotalEnergies","maxPowerKw":11,"isMegawatt":false,"status":"UNAVAILABLE","source":"ndw"}},{"type":"Feature","geometry":{"type":"Point","coordinates":[4.816196,52.652171]},"properties":{"type":"charge","layer":"passenger","locationId":"6778029db483e495bfa7565a","name":"Monique & Fred","address":"Maria Austria erf  7","city":"heerhugowaard","operatorName":"E-Flux by Road","maxPowerKw":11,"isMegawatt":false,"status":"AVAILABLE","source":"ndw","priceKwh":0.52}},{"type":"Feature","geometry":{"type":"Point","coordinates":[4.8212,52.65253]},"properties":{"type":"charge","layer":"passenger","locationId":"6f799f55025bd2bc601db5ef27ea4c13","name":"Zuidwijkring 178","address":"Zuidwijkring 178","city":"Heerhugowaard","operatorName":"Vattenfall InCharge","maxPowerKw":11,"isMegawatt":false,"status":"AVAILABLE","source":"ndw"}},{"type":"Feature","geometry":{"type":"Point","coordinates":[4.79123,52.661479]},"properties":{"type":"charge","layer":"passenger","locationId":"a335b07376a49460407a95205522c8b4","name":"Peulsteen 1","address":"Peulsteen 1","city":"Sint Pancras","operatorName":"Vattenfall InCharge","maxPowerKw":11,"isMegawatt":false,"status":"CHARGING","source":"ndw"}},{"type":"Feature","geometry":{"type":"Point","coordinates":[4.820271,52.656821]},"properties":{"type":"charge","layer":"passenger","locationId":"0b5ce78e60326c5efe42da219612522e","name":"Beryl 16","address":"Beryl 16","city":"Heerhugowaard","operatorName":"Vattenfall InCharge","maxPowerKw":11,"isMegawatt":false,"status":"AVAILABLE","source":"ndw"}},{"type":"Feature","geometry":{"type":"Point","coordinates":[4.84373,52.66029]},"properties":{"type":"charge","layer":"passenger","locationId":"9ab820e039f703f57f6a2e7fb12bf681","name":"Platanenlaan 9","address":"Platanenlaan 9","city":"Heerhugowaard","operatorName":"Vattenfall InCharge","maxPowerKw":11,"isMegawatt":false,"status":"AVAILABLE","source":"ndw"}},{"type":"Feature","geometry":{"type":"Point","coordinates":[4.854453,52.670426]},"properties":{"type":"charge","layer":"passenger","locationId":"3d18867f7ee376c4428502aa05e13c29","name":"Gerard Douplantsoen 80","address":"Gerard Douplantsoen 80","city":"Heerhugowaard","operatorName":"Vattenfall InCharge","maxPowerKw":11,"isMegawatt":false,"status":"AVAILABLE","source":"ndw"}},{"type":"Feature","geometry":{"type":"Point","coordinates":[4.842396,52.685142]},"properties":{"type":"charge","layer":"freight","locationId":"643fa9f7e6c5b3001248cea8","name":"NXT Charge - Heerhugowaard - Delta 3 - DC (De Vaandel)","address":"Delta 3","city":"Heerhugowaard","operatorName":"NXT Charging Solutions","maxPowerKw":360,"isMegawatt":false,"status":"AVAILABLE","source":"ndw","priceKwh":0.63,"freightKind":"hpc","freightReason":"power"}},{"type":"Feature","geometry":{"type":"MultiPolygon","coordinates":[[[[4.792730267888001,52.72049013543669],[4.793991569481948,52.71998648795263],[4.794037544378696,52.72071036044794],[4.795442413023469,52.720440826240825],[4.795546316667561,52.72054775237511],[4.795903923215506,52.72056281991225],[4.7973954186247125,52.72090052450355],[4.79760132814262,52.72084801627399],[4.797540751232633,52.71963655282137],[4.799468981499628,52.71829186322328],[4.801958758362994,52.715996262979154],[4.803182656737968,52.71541184700768],[4.804544554542204,52.7156750245848],[4.805010099733205,52.715070415418886],[4.8039228307649955,52.714780081349005],[4.805024682283449,52.71420926793291],[4.809169721900623,52.7151221911675],[4.813160444409477,52.71494244534438],[4.816626149585913,52.71528294453911],[4.824027319536021,52.716532224369196],[4.826241085577289,52.71743609730971],[4.8288661489678075,52.71809640372696],[4.841147578621733,52.71930205137271],[4.84374565284262,52.719654909118084],[4.847684118315277,52.720259740452164],[4.852150854569338,52.72244808328643],[4.855469831917346,52.72307322646086],[4.858091457693433,52.723345691515995],[4.861209622610726,52.72072673147016],[4.8720118043841465,52.71628991011181],[4.877702076868728,52.7119885585429],[4.898668108015667,52.70683222254856],[4.899065343958279,52.70665455116968],[4.899385143599561,52.70327716978508],[4.899852556087029,52.70014471969098],[4.899879617009194,52.69948531824561],[4.8998587554032875,52.69758687029418],[4.89141804003327,52.695176056474885],[4.888702430127588,52.69045581052267],[4.881984011729553,52.688095975249006],[4.879381423372665,52.688016709398816],[4.876291891600374,52.68634305748907],[4.879394021321642,52.680080772105725],[4.875708338842407,52.67773176243547],[4.874089657604496,52.67546387744638],[4.870779176380661,52.667840544328556],[4.8682033336421755,52.66416405995408],[4.866199556962734,52.659764701431264],[4.863177052637346,52.65646896941022],[4.862698706970559,52.65299876903826],[4.865073121693512,52.64943667446464],[4.875234459782209,52.642425387429725],[4.876718502636009,52.64053242356685],[4.876528039508036,52.63630567322675],[4.8758264474398025,52.63521088955356],[4.873281071373477,52.63472923627443],[4.873397683446677,52.63444677883004],[4.87340011264982,52.6344408955334],[4.863880296629435,52.635359822100654],[4.862970688630614,52.637451395367606],[4.860553039650688,52.63913581008645],[4.851604828713692,52.64056481950092],[4.847419874615847,52.642059938287716],[4.842727753971503,52.64593767468806],[4.838547707569715,52.64613821515622],[4.835529476377667,52.64243919848477],[4.8351848819619505,52.640897115779694],[4.834509231629295,52.63915429649063],[4.834536396843941,52.637994799213246],[4.834410008878581,52.63742909983726],[4.830223034072492,52.632678294144576],[4.824208791775152,52.633823361733924],[4.814475902147193,52.633871782414495],[4.807814798004491,52.63398425296481],[4.794704498658968,52.63788330947492],[4.791641723245155,52.63823415863188],[4.788401796110107,52.63889010932826],[4.785277561027689,52.638115283413356],[4.786685126354342,52.640587669802],[4.792981618312948,52.64842164802944],[4.79864270740684,52.65355746664269],[4.800414708176783,52.657244737458775],[4.80056458521029,52.657873379474516],[4.800564588469545,52.657873467565125],[4.800543427448494,52.66003276209203],[4.80050806949633,52.66024147001941],[4.793615404391931,52.657144906377745],[4.792016865750299,52.65644183223227],[4.791941184882409,52.6562908515447],[4.773668010042058,52.648355103292026],[4.775606451044328,52.65264660797846],[4.773003982946965,52.65340878664915],[4.7740318580237044,52.65522219510754],[4.77403201351503,52.655222490689496],[4.778040722748644,52.664318410114255],[4.774488995778363,52.665343479319],[4.7759688663304525,52.66784949766534],[4.778576265537975,52.67230523179314],[4.779011667330005,52.674045306998394],[4.779024501895003,52.67648459639516],[4.772505373464968,52.67770590515744],[4.749982673205016,52.68237363352037],[4.746906587813058,52.682302883982246],[4.744772996048226,52.68167975931547],[4.7435751932194785,52.681309303617525],[4.741740376050838,52.68080762689418],[4.738379070598055,52.68436333664794],[4.728852593218037,52.691404552571484],[4.732035296266031,52.692809837774256],[4.739574034787812,52.69419018831314],[4.751539639016863,52.69698891601859],[4.7668717050733145,52.69813423293174],[4.769645829587784,52.69879411423205],[4.770761091480187,52.70204377320519],[4.7704582783851865,52.70872521151814],[4.772985779619282,52.72004400082056],[4.777688733526272,52.72856233516901],[4.778264087432532,52.72963266515308],[4.778142605971088,52.730301612208855],[4.778831029564954,52.73141131118753],[4.779137072049769,52.73127769667128],[4.781767778820251,52.72986718306715],[4.786564896971,52.727946184547015],[4.786871852601412,52.726372775978625],[4.78541085056452,52.7224517545387],[4.786563958055353,52.7210344879192],[4.788829487977127,52.72084723750018],[4.790157140151348,52.720593641522576],[4.792730267888001,52.72049013543669]]]]},"properties":{"type":"boundary","gemeente":"Dijk en Waard","code":"GM1980"}}]}