{"type":"FeatureCollection","metadata":{"gemeente":"Dordrecht","slug":"dordrecht","code":"GM0505","generated_at":"2026-07-06T16:26:11.361Z","total_passenger":544,"total_freight":1,"bounds":[4.621221587744014,51.71735061555121,4.884641732952574,51.823350652160464],"operators":["Allego","ChargeCars B.V.","ChargePoint","E-Flux by Road","E.ON Drive","EQUANS","Eneco","Fastned","Laadnet","Lanova Laadpalen","NRG Accounting","Opcharge","Pluq","Q-Park Netherlands","Shell Recharge","StellaPower®","Tesla","Valk Energy","Vattenfall InCharge","bp pulse","e-VOLTT"]},"features":[{"type":"Feature","geometry":{"type":"Point","coordinates":[4.731342,51.801966]},"properties":{"type":"charge","layer":"passenger","locationId":"NLCCH00463","name":"Dordrecht - Simon Vestdijk-erf 181","address":"Simon Vestdijk-Erf 181","city":"Dordrecht","operatorName":"","maxPowerKw":11,"isMegawatt":false,"status":"AVAILABLE","source":"ndw","priceKwh":0.5549}},{"type":"Feature","geometry":{"type":"Point","coordinates":[4.654323,51.789103]},"properties":{"type":"charge","layer":"passenger","locationId":"NL000004","name":"Van der Zaanstraat 17 Dordrecht","address":"Van der Zaanstraat 17","city":"Dordrecht","operatorName":"StellaPower®","maxPowerKw":17,"isMegawatt":false,"status":"AVAILABLE","source":"ndw","priceKwh":0.471}},{"type":"Feature","geometry":{"type":"Point","coordinates":[4.639476,51.751066]},"properties":{"type":"charge","layer":"passenger","locationId":"3467","name":"E.ON Drive Public - NL Tankstation DCB, Rijksstraatweg 124, Dordrecht","address":"Rijksstraatweg 124","city":"Dordrecht","operatorName":"E.ON Drive","maxPowerKw":300,"isMegawatt":false,"status":"AVAILABLE","source":"ndw","priceKwh":0.5703}},{"type":"Feature","geometry":{"type":"Point","coordinates":[4.652131,51.780067]},"properties":{"type":"charge","layer":"passenger","locationId":"685bacfa1fe4a26d1a6ffa3a","name":"Dordrecht/ Hogewei 15 ELP / laadpaal B","address":"Hogewei  15 B","city":"Dordrecht","operatorName":"E-Flux by Road","maxPowerKw":14,"isMegawatt":false,"status":"AVAILABLE","source":"ndw","priceKwh":0.5217}},{"type":"Feature","geometry":{"type":"Point","coordinates":[4.670394,51.819345]},"properties":{"type":"charge","layer":"passenger","locationId":"NLLOC000308","name":"NLD, Dordrecht, Mattenkade 2","address":"Mattenkade 2","city":"Dordrecht","operatorName":"Allego","maxPowerKw":11,"isMegawatt":false,"status":"AVAILABLE","source":"ndw","priceKwh":0.511}},{"type":"Feature","geometry":{"type":"Point","coordinates":[4.68075,51.78788]},"properties":{"type":"charge","layer":"passenger","locationId":"NL000011","name":"Castorstraat 4 Dordrecht","address":"Castorstraat 4","city":"Dordrecht","operatorName":"StellaPower®","maxPowerKw":17,"isMegawatt":false,"status":"AVAILABLE","source":"ndw","priceKwh":0.471}},{"type":"Feature","geometry":{"type":"Point","coordinates":[4.678981,51.773256]},"properties":{"type":"charge","layer":"passenger","locationId":"NLCCH00117","name":"Dordrecht - Pijnenburg 74","address":"Pijnenburg 74","city":"Dordrecht","operatorName":"","maxPowerKw":11,"isMegawatt":false,"status":"AVAILABLE","source":"ndw","priceKwh":0.5549}},{"type":"Feature","geometry":{"type":"Point","coordinates":[4.710645,51.815626]},"properties":{"type":"charge","layer":"passenger","locationId":"NLCCH00941","name":"Dordrecht - Adjudant H.P. Kosterstraat 14","address":"Adjudant H.P. Kosterstraat 14","city":"Dordrecht","operatorName":"","maxPowerKw":11,"isMegawatt":false,"status":"AVAILABLE","source":"ndw","priceKwh":0.5549}},{"type":"Feature","geometry":{"type":"Point","coordinates":[4.666917,51.781382]},"properties":{"type":"charge","layer":"passenger","locationId":"NLLOC007452","name":"NL, Waterman 204, 3328RK, Dordrecht","address":"Waterman 204","city":"Dordrecht","operatorName":"Allego","maxPowerKw":11,"isMegawatt":false,"status":"AVAILABLE","source":"ndw","priceKwh":0.511}},{"type":"Feature","geometry":{"type":"Point","coordinates":[4.7049,51.81533]},"properties":{"type":"charge","layer":"passenger","locationId":"NL000040","name":"Giessenstraat 61 Dordrecht","address":"Giessenstraat 61","city":"Dordrecht","operatorName":"StellaPower®","maxPowerKw":17,"isMegawatt":false,"status":"AVAILABLE","source":"ndw","priceKwh":0.471}},{"type":"Feature","geometry":{"type":"Point","coordinates":[4.7113,51.80347]},"properties":{"type":"charge","layer":"passenger","locationId":"NL000026","name":"Chico Mendesring 22 Dordrecht","address":"Chico Mendesring 22","city":"Dordrecht","operatorName":"StellaPower®","maxPowerKw":17,"isMegawatt":false,"status":"CHARGING","source":"ndw","priceKwh":0.471}},{"type":"Feature","geometry":{"type":"Point","coordinates":[4.67567,51.78356]},"properties":{"type":"charge","layer":"passenger","locationId":"NL000033","name":"Octant 16 Dordrecht","address":"Octant 16","city":"Dordrecht","operatorName":"StellaPower®","maxPowerKw":17,"isMegawatt":false,"status":"AVAILABLE","source":"ndw","priceKwh":0.471}},{"type":"Feature","geometry":{"type":"Point","coordinates":[4.672438,51.81247]},"properties":{"type":"charge","layer":"passenger","locationId":"NLCCH00495","name":"Dordrecht - Kromhout 170","address":"Kromhout 170","city":"Dordrecht","operatorName":"","maxPowerKw":11,"isMegawatt":false,"status":"AVAILABLE","source":"ndw","priceKwh":0.5549}},{"type":"Feature","geometry":{"type":"Point","coordinates":[4.664364,51.78582]},"properties":{"type":"charge","layer":"passenger","locationId":"NLLOC007363","name":"NL, Joop den Uylstraat 57, 3317 NW, Dordrecht","address":"Joop den Uylstraat 57","city":"Dordrecht","operatorName":"Allego","maxPowerKw":11,"isMegawatt":false,"status":"AVAILABLE","source":"ndw","priceKwh":0.511}},{"type":"Feature","geometry":{"type":"Point","coordinates":[4.71049,51.81079]},"properties":{"type":"charge","layer":"passenger","locationId":"NL000025","name":"Iroko 120 Dordrecht","address":"Iroko 120","city":"Dordrecht","operatorName":"StellaPower®","maxPowerKw":17,"isMegawatt":false,"status":"AVAILABLE","source":"ndw","priceKwh":0.471}},{"type":"Feature","geometry":{"type":"Point","coordinates":[4.682798,51.774748]},"properties":{"type":"charge","layer":"passenger","locationId":"NLCCH00412","name":"Dordrecht - Luchtenburg 134","address":"Luchtenburg 134","city":"Dordrecht","operatorName":"","maxPowerKw":11,"isMegawatt":false,"status":"AVAILABLE","source":"ndw","priceKwh":0.5549}},{"type":"Feature","geometry":{"type":"Point","coordinates":[4.6852,51.786822]},"properties":{"type":"charge","layer":"passenger","locationId":"9460e71f-eb74-4673-a5c6-7883f86f9b8b","name":"bp pulse De Leeuw","address":"Leeuwstraat 4","city":"Dordrecht","operatorName":"bp pulse","maxPowerKw":150,"isMegawatt":false,"status":"AVAILABLE","source":"ndw","priceKwh":0.7}},{"type":"Feature","geometry":{"type":"Point","coordinates":[4.655267,51.787676]},"properties":{"type":"charge","layer":"passenger","locationId":"NLLOC012368","name":"NL, Witte de Withstraat, 148, 3317 CP Dordrecht","address":"Witte De Withstraat 148","city":"Dordrecht","operatorName":"Allego","maxPowerKw":11,"isMegawatt":false,"status":"AVAILABLE","source":"ndw","priceKwh":0.511}},{"type":"Feature","geometry":{"type":"Point","coordinates":[4.7363,51.801134]},"properties":{"type":"charge","layer":"passenger","locationId":"NLCCH00481","name":"Dordrecht - Johanna Naber-erf 204","address":"Johanna Naber-Erf 204","city":"Dordrecht","operatorName":"","maxPowerKw":11,"isMegawatt":false,"status":"AVAILABLE","source":"ndw","priceKwh":0.5549}},{"type":"Feature","geometry":{"type":"Point","coordinates":[4.67096,51.80908]},"properties":{"type":"charge","layer":"passenger","locationId":"NL000019","name":"Singel 215 Dordrecht","address":"Singel 215","city":"Dordrecht","operatorName":"StellaPower®","maxPowerKw":17,"isMegawatt":false,"status":"AVAILABLE","source":"ndw","priceKwh":0.471}},{"type":"Feature","geometry":{"type":"Point","coordinates":[4.699302,51.79968]},"properties":{"type":"charge","layer":"passenger","locationId":"NLLOC002685","name":"NLD, Dordrecht, Jhr. van de Wall Repelaerstraat 45","address":"Jhr. van de Wall Repelaerstraat 45","city":"Dordrecht","operatorName":"Allego","maxPowerKw":11,"isMegawatt":false,"status":"AVAILABLE","source":"ndw","priceKwh":0.511}},{"type":"Feature","geometry":{"type":"Point","coordinates":[4.68258,51.78545]},"properties":{"type":"charge","layer":"passenger","locationId":"NL000034","name":"Schorpioenstraat 70B Dordrecht","address":"Schorpioenstraat 70B","city":"Dordrecht","operatorName":"StellaPower®","maxPowerKw":17,"isMegawatt":false,"status":"CHARGING","source":"ndw","priceKwh":0.471}},{"type":"Feature","geometry":{"type":"Point","coordinates":[4.66883,51.77106]},"properties":{"type":"charge","layer":"passenger","locationId":"NL000032","name":"Weerdestein 33 Dordrecht","address":"Weerdestein 33","city":"Dordrecht","operatorName":"StellaPower®","maxPowerKw":17,"isMegawatt":false,"status":"AVAILABLE","source":"ndw","priceKwh":0.471}},{"type":"Feature","geometry":{"type":"Point","coordinates":[4.716816,51.813434]},"properties":{"type":"charge","layer":"passenger","locationId":"NLCCH00035","name":"Dordrecht - Westerdiep 57","address":"Westerdiep 57","city":"Dordrecht","operatorName":"","maxPowerKw":11,"isMegawatt":false,"status":"AVAILABLE","source":"ndw","priceKwh":0.5549}},{"type":"Feature","geometry":{"type":"Point","coordinates":[4.700135,51.798701]},"properties":{"type":"charge","layer":"passenger","locationId":"NLCCH00965","name":"Dordrecht - Baron van Boetzelaerlaan 102","address":"Baron van Boetzelaerlaan 102","city":"Dordrecht","operatorName":"","maxPowerKw":11,"isMegawatt":false,"status":"AVAILABLE","source":"ndw","priceKwh":0.5549}},{"type":"Feature","geometry":{"type":"Point","coordinates":[4.72953,51.80366]},"properties":{"type":"charge","layer":"passenger","locationId":"NL000023","name":"Van Den Broek-Erf 312 Dordrecht","address":"Van den Broek-Erf 312","city":"Dordrecht","operatorName":"StellaPower®","maxPowerKw":17,"isMegawatt":false,"status":"AVAILABLE","source":"ndw","priceKwh":0.471}},{"type":"Feature","geometry":{"type":"Point","coordinates":[4.706848,51.787448]},"properties":{"type":"charge","layer":"passenger","locationId":"NLLOC002680","name":"NLD, Dordrecht, Abeelstraat 35","address":"Abeelstraat 35","city":"Dordrecht","operatorName":"Allego","maxPowerKw":11,"isMegawatt":false,"status":"UNAVAILABLE","source":"ndw","priceKwh":0.511}},{"type":"Feature","geometry":{"type":"Point","coordinates":[4.710913,51.795854]},"properties":{"type":"charge","layer":"passenger","locationId":"NLCCH00951","name":"Dordrecht - Laurierstraat 73","address":"Laurierstraat 73","city":"Dordrecht","operatorName":"","maxPowerKw":11,"isMegawatt":false,"status":"AVAILABLE","source":"ndw","priceKwh":0.5549}},{"type":"Feature","geometry":{"type":"Point","coordinates":[4.66857,51.81759]},"properties":{"type":"charge","layer":"passenger","locationId":"NL000046","name":"Wijnstraat 122 Dordrecht","address":"Wijnstraat 122","city":"Dordrecht","operatorName":"StellaPower®","maxPowerKw":11,"isMegawatt":false,"status":"CHARGING","source":"ndw","priceKwh":0.471}},{"type":"Feature","geometry":{"type":"Point","coordinates":[4.674098,51.785884]},"properties":{"type":"charge","layer":"passenger","locationId":"NLLOC006171","name":"NL, Venuslaan 14, 3318 JX Dordrecht","address":"Venuslaan 14","city":"Dordrecht","operatorName":"Allego","maxPowerKw":11,"isMegawatt":false,"status":"AVAILABLE","source":"ndw","priceKwh":0.511}},{"type":"Feature","geometry":{"type":"Point","coordinates":[4.653115,51.774408]},"properties":{"type":"charge","layer":"passenger","locationId":"b0f03165-d6e7-4065-bd53-b17f8aa0f093","name":"Dordrecht, Netherlands","address":"1600, Laan van Europa  ","city":"Dordrecht","operatorName":"Tesla","maxPowerKw":150,"isMegawatt":false,"status":"AVAILABLE","source":"ndw","priceKwh":0.53}},{"type":"Feature","geometry":{"type":"Point","coordinates":[4.66651,51.8081]},"properties":{"type":"charge","layer":"passenger","locationId":"NL000045","name":"Burg. de Raadtsingel 85 Dordrecht","address":"Burgemeester de Raadtsingel 85","city":"Dordrecht","operatorName":"StellaPower®","maxPowerKw":17,"isMegawatt":false,"status":"AVAILABLE","source":"ndw","priceKwh":0.471}},{"type":"Feature","geometry":{"type":"Point","coordinates":[4.67059,51.81317]},"properties":{"type":"charge","layer":"passenger","locationId":"01757631-3435-4F8D-99F4-65F499AFDABF","name":"Q-Park Dordrecht Drievriendenhof","address":"Korte Kolfstraat 235","city":"Dordrecht","operatorName":"Q-Park Netherlands","maxPowerKw":14,"isMegawatt":false,"status":"AVAILABLE","source":"ndw"}},{"type":"Feature","geometry":{"type":"Point","coordinates":[4.71641,51.80358]},"properties":{"type":"charge","layer":"passenger","locationId":"NL000024","name":"Van Eesterenplein 212 Dordrecht","address":"Van Eesterenplein 212","city":"Dordrecht","operatorName":"StellaPower®","maxPowerKw":17,"isMegawatt":false,"status":"AVAILABLE","source":"ndw","priceKwh":0.471}},{"type":"Feature","geometry":{"type":"Point","coordinates":[4.68027,51.77936]},"properties":{"type":"charge","layer":"passenger","locationId":"667d4971909d2a001d9ede8f","name":"Dordrecht/Heelalstraat 151","address":"Heelalstraat  151","city":"Dordrecht","operatorName":"E-Flux by Road","maxPowerKw":14,"isMegawatt":false,"status":"AVAILABLE","source":"ndw","priceKwh":0.5217}},{"type":"Feature","geometry":{"type":"Point","coordinates":[4.69836,51.791416]},"properties":{"type":"charge","layer":"passenger","locationId":"NLLOC008402","name":"NL, Magnoliastraat 7, 3319 SH Dordrecht","address":"Magnoliastraat 7","city":"Dordrecht","operatorName":"Allego","maxPowerKw":11,"isMegawatt":false,"status":"AVAILABLE","source":"ndw","priceKwh":0.511}},{"type":"Feature","geometry":{"type":"Point","coordinates":[4.68532,51.81266]},"properties":{"type":"charge","layer":"passenger","locationId":"NL000042","name":"Noordendijk 262 Dordrecht","address":"Noordendijk 262","city":"Dordrecht","operatorName":"StellaPower®","maxPowerKw":17,"isMegawatt":false,"status":"AVAILABLE","source":"ndw","priceKwh":0.471}},{"type":"Feature","geometry":{"type":"Point","coordinates":[4.721774,51.803524]},"properties":{"type":"charge","layer":"passenger","locationId":"666aea5a17689e001cb11b89","name":"Dordrecht/Bakema-Erf 217","address":"Bakema-Erf 217","city":"Dordrecht","operatorName":"E-Flux by Road","maxPowerKw":14,"isMegawatt":false,"status":"AVAILABLE","source":"ndw","priceKwh":0.5217}},{"type":"Feature","geometry":{"type":"Point","coordinates":[4.689031,51.80715]},"properties":{"type":"charge","layer":"passenger","locationId":"NLCCH00459","name":"Dordrecht - Soembastraat 56","address":"Soembastraat 56","city":"Dordrecht","operatorName":"","maxPowerKw":11,"isMegawatt":false,"status":"AVAILABLE","source":"ndw","priceKwh":0.5549}},{"type":"Feature","geometry":{"type":"Point","coordinates":[4.677062,51.789602]},"properties":{"type":"charge","layer":"passenger","locationId":"NLCCH00799","name":"Dordrecht - Kapteynweg 135","address":"Kapteynweg 135","city":"Dordrecht","operatorName":"","maxPowerKw":11,"isMegawatt":false,"status":"AVAILABLE","source":"ndw","priceKwh":0.5549}},{"type":"Feature","geometry":{"type":"Point","coordinates":[4.632638,51.734513]},"properties":{"type":"charge","layer":"passenger","locationId":"46","name":"Shell Recharge NL8066 - Shell De Zuidpunt","address":"A16 Rijksweg","city":"Dordrecht","operatorName":"Shell Recharge","maxPowerKw":175,"isMegawatt":false,"status":"AVAILABLE","source":"ndw","priceKwh":0.7025}},{"type":"Feature","geometry":{"type":"Point","coordinates":[4.668535,51.792251]},"properties":{"type":"charge","layer":"passenger","locationId":"NLLOC017228","name":"NL, Talmaweg 15, 3317RB, Dordrecht","address":"Talmaweg 15","city":"Dordrecht","operatorName":"Allego","maxPowerKw":11,"isMegawatt":false,"status":"AVAILABLE","source":"ndw","priceKwh":0.511}},{"type":"Feature","geometry":{"type":"Point","coordinates":[4.661673,51.814355]},"properties":{"type":"charge","layer":"passenger","locationId":"NLLOC001549","name":"NLD, Dordrecht, Grotekerksplein 4","address":"Grotekerksplein 4","city":"Dordrecht","operatorName":"Allego","maxPowerKw":11,"isMegawatt":false,"status":"CHARGING","source":"ndw","priceKwh":0.511}},{"type":"Feature","geometry":{"type":"Point","coordinates":[4.633952,51.763611]},"properties":{"type":"charge","layer":"passenger","locationId":"OST22P0016_0047_0","name":"OST22P0016_0047_0","address":"Toermalijnring 1500","city":"Dordrecht","operatorName":"e-VOLTT","maxPowerKw":10,"isMegawatt":false,"status":"AVAILABLE","source":"ndw","priceKwh":0.4}},{"type":"Feature","geometry":{"type":"Point","coordinates":[4.652269,51.808615]},"properties":{"type":"charge","layer":"passenger","locationId":"NLLOC000021","name":"NLD, Dordrecht, Weeskinderendijk 13","address":"Weeskinderendijk 13","city":"Dordrecht","operatorName":"Allego","maxPowerKw":11,"isMegawatt":false,"status":"AVAILABLE","source":"ndw","priceKwh":0.511}},{"type":"Feature","geometry":{"type":"Point","coordinates":[4.6625,51.80839]},"properties":{"type":"charge","layer":"passenger","locationId":"NLLOC000648","name":"NLD, Dordrecht, Spuiweg 180","address":"Spuiweg 180","city":"Dordrecht","operatorName":"Allego","maxPowerKw":11,"isMegawatt":false,"status":"AVAILABLE","source":"ndw","priceKwh":0.511}},{"type":"Feature","geometry":{"type":"Point","coordinates":[4.673636,51.815915]},"properties":{"type":"charge","layer":"passenger","locationId":"NLCCH00842","name":"Dordrecht - Veststraat 47","address":"Veststraat 47","city":"Dordrecht","operatorName":"","maxPowerKw":11,"isMegawatt":false,"status":"AVAILABLE","source":"ndw","priceKwh":0.5549}},{"type":"Feature","geometry":{"type":"Point","coordinates":[4.674755,51.811069]},"properties":{"type":"charge","layer":"passenger","locationId":"NLLOC013202","name":"NL, Singel 105, 3311PB, Dordrecht","address":"Singel 105","city":"Dordrecht","operatorName":"Allego","maxPowerKw":11,"isMegawatt":false,"status":"AVAILABLE","source":"ndw","priceKwh":0.511}},{"type":"Feature","geometry":{"type":"Point","coordinates":[4.66055,51.80766]},"properties":{"type":"charge","layer":"passenger","locationId":"NLLOC000086","name":"NLD, Dordrecht, Vlietweg 1","address":"Vlietweg 1","city":"Dordrecht","operatorName":"Allego","maxPowerKw":11,"isMegawatt":false,"status":"AVAILABLE","source":"ndw","priceKwh":0.511}},{"type":"Feature","geometry":{"type":"Point","coordinates":[4.646174,51.804116]},"properties":{"type":"charge","layer":"passenger","locationId":"1f4a7379-8ea0-4e1a-b6f9-c94a1c9b14d9","name":"bp pulse Laan der Verenigde Naties #1","address":"Laan der Verenigde Naties 113","city":"Dordrecht","operatorName":"bp pulse","maxPowerKw":150,"isMegawatt":false,"status":"AVAILABLE","source":"ndw","priceKwh":0.7}},{"type":"Feature","geometry":{"type":"Point","coordinates":[4.66055,51.77334]},"properties":{"type":"charge","layer":"passenger","locationId":"NL000030","name":"Buitenplaats 5 Dordrecht","address":"Buitenplaats 5","city":"Dordrecht","operatorName":"StellaPower®","maxPowerKw":17,"isMegawatt":false,"status":"AVAILABLE","source":"ndw","priceKwh":0.471}},{"type":"Feature","geometry":{"type":"Point","coordinates":[4.656238,51.774322]},"properties":{"type":"charge","layer":"passenger","locationId":"3804314","name":"Laadnet Cegelec Infra BV - Dordrecht","address":"Laan van Europa 450","city":"Dordrecht","operatorName":"Laadnet","maxPowerKw":22,"isMegawatt":false,"status":"AVAILABLE","source":"ndw"}},{"type":"Feature","geometry":{"type":"Point","coordinates":[4.683759,51.802161]},"properties":{"type":"charge","layer":"passenger","locationId":"6398729e49ee42001d8b65c1","name":"Dordrecht/Heysterbachstraat","address":"Heysterbachstraat 77","city":"Dordrecht","operatorName":"E-Flux by Road","maxPowerKw":14,"isMegawatt":false,"status":"AVAILABLE","source":"ndw","priceKwh":0.5217}},{"type":"Feature","geometry":{"type":"Point","coordinates":[4.691044,51.807839]},"properties":{"type":"charge","layer":"passenger","locationId":"63d8e066d90b790012b3a9cc","name":"Dordrecht/Fuutstraat","address":"Fuutstraat 20","city":"Dordrecht","operatorName":"E-Flux by Road","maxPowerKw":14,"isMegawatt":false,"status":"AVAILABLE","source":"ndw","priceKwh":0.5217}},{"type":"Feature","geometry":{"type":"Point","coordinates":[4.658511,51.810311]},"properties":{"type":"charge","layer":"passenger","locationId":"657ad4e6262174001ce8917b","name":"Dordrecht/Rozenhof 2","address":"Rozenhof  2","city":"Dordrecht","operatorName":"E-Flux by Road","maxPowerKw":14,"isMegawatt":false,"status":"AVAILABLE","source":"ndw","priceKwh":0.5217}},{"type":"Feature","geometry":{"type":"Point","coordinates":[4.676176,51.772182]},"properties":{"type":"charge","layer":"passenger","locationId":"667d4b99f1cfd4001c79e821","name":"Dordrecht/Slangenburg 187","address":"Slangenburg 187","city":"Dordrecht","operatorName":"E-Flux by Road","maxPowerKw":14,"isMegawatt":false,"status":"AVAILABLE","source":"ndw","priceKwh":0.5217}},{"type":"Feature","geometry":{"type":"Point","coordinates":[4.667418,51.775601]},"properties":{"type":"charge","layer":"passenger","locationId":"NLLOC003770","name":"NLD, Dordrecht, Puttenstein 57","address":"Puttenstein 57","city":"Dordrecht","operatorName":"Allego","maxPowerKw":11,"isMegawatt":false,"status":"AVAILABLE","source":"ndw","priceKwh":0.511}},{"type":"Feature","geometry":{"type":"Point","coordinates":[4.71368,51.8142]},"properties":{"type":"charge","layer":"passenger","locationId":"NL000038","name":"Gen. S.H. Spoorstraat 100 Dordrecht","address":"Generaal S.H. Spoorstraat 100","city":"Dordrecht","operatorName":"StellaPower®","maxPowerKw":17,"isMegawatt":false,"status":"AVAILABLE","source":"ndw","priceKwh":0.471}},{"type":"Feature","geometry":{"type":"Point","coordinates":[4.674296,51.796387]},"properties":{"type":"charge","layer":"passenger","locationId":"678a29f7d2c8219bb9bd9db2","name":"Dordrecht/Vreedonklaan 56","address":"Vreedonklaan 56","city":"Dordrecht","operatorName":"E-Flux by Road","maxPowerKw":14,"isMegawatt":false,"status":"AVAILABLE","source":"ndw","priceKwh":0.5217}},{"type":"Feature","geometry":{"type":"Point","coordinates":[4.69123,51.81915]},"properties":{"type":"charge","layer":"passenger","locationId":"NL000012","name":"Waalstraat 2 Dordrecht","address":"Waalstraat 2","city":"Dordrecht","operatorName":"StellaPower®","maxPowerKw":17,"isMegawatt":false,"status":"AVAILABLE","source":"ndw","priceKwh":0.471}},{"type":"Feature","geometry":{"type":"Point","coordinates":[4.670225,51.776799]},"properties":{"type":"charge","layer":"passenger","locationId":"67e1781e082439f3dd5a61f7","name":"Dordrecht/Ockenburg 61","address":"Ockenburg 61","city":"Dordrecht","operatorName":"E-Flux by Road","maxPowerKw":14,"isMegawatt":false,"status":"AVAILABLE","source":"ndw","priceKwh":0.5217}},{"type":"Feature","geometry":{"type":"Point","coordinates":[4.720267,51.802602]},"properties":{"type":"charge","layer":"passenger","locationId":"63cfe9dc9d71e700123ecd06","name":"Dordrecht/Bakema-Erf","address":"Bakema-Erf  8","city":"Dordrecht","operatorName":"E-Flux by Road","maxPowerKw":14,"isMegawatt":false,"status":"AVAILABLE","source":"ndw","priceKwh":0.5217}},{"type":"Feature","geometry":{"type":"Point","coordinates":[4.737059,51.789154]},"properties":{"type":"charge","layer":"passenger","locationId":"NLCCH00634","name":"Dordrecht - Zuidendijk 563","address":"Zuidendijk 563","city":"Dordrecht","operatorName":"","maxPowerKw":11,"isMegawatt":false,"status":"AVAILABLE","source":"ndw","priceKwh":0.5549}},{"type":"Feature","geometry":{"type":"Point","coordinates":[4.68568,51.780748]},"properties":{"type":"charge","layer":"passenger","locationId":"NLCCH00830","name":"Dordrecht - Minnaertweg t.h.v. Andromedaring 2","address":"Andromedaring 2","city":"Dordrecht","operatorName":"","maxPowerKw":11,"isMegawatt":false,"status":"AVAILABLE","source":"ndw","priceKwh":0.5549}},{"type":"Feature","geometry":{"type":"Point","coordinates":[4.71956,51.81511]},"properties":{"type":"charge","layer":"passenger","locationId":"NL000036","name":"Boterdiepstraat 27 Dordrecht","address":"Boterdiepstraat 27","city":"Dordrecht","operatorName":"StellaPower®","maxPowerKw":17,"isMegawatt":false,"status":"AVAILABLE","source":"ndw","priceKwh":0.471}},{"type":"Feature","geometry":{"type":"Point","coordinates":[4.653054,51.787949]},"properties":{"type":"charge","layer":"passenger","locationId":"6654715c7a045a001cd8511e","name":"Dordrecht/Maarten Harpertsz. Trompweg 196","address":"M Harpertsz Trompwg 196","city":"Dordrecht","operatorName":"E-Flux by Road","maxPowerKw":14,"isMegawatt":false,"status":"AVAILABLE","source":"ndw","priceKwh":0.5217}},{"type":"Feature","geometry":{"type":"Point","coordinates":[4.682143,51.780788]},"properties":{"type":"charge","layer":"passenger","locationId":"NLCCH00918","name":"Dordrecht - Regenboogstraat 20","address":"Regenboogstraat 20","city":"Dordrecht","operatorName":"","maxPowerKw":11,"isMegawatt":false,"status":"AVAILABLE","source":"ndw","priceKwh":0.5549}},{"type":"Feature","geometry":{"type":"Point","coordinates":[4.69775,51.793]},"properties":{"type":"charge","layer":"passenger","locationId":"NL000028","name":"Vijverplantsoen 1 Dordrecht","address":"Vijverplantsoen 1","city":"Dordrecht","operatorName":"StellaPower®","maxPowerKw":14,"isMegawatt":false,"status":"AVAILABLE","source":"ndw","priceKwh":0.471}},{"type":"Feature","geometry":{"type":"Point","coordinates":[4.665342,51.812999]},"properties":{"type":"charge","layer":"passenger","locationId":"NLCCH00040","name":"Dordrecht - Lange Breestraat 33","address":"Lange Breestraat 33","city":"Dordrecht","operatorName":"","maxPowerKw":11,"isMegawatt":false,"status":"AVAILABLE","source":"ndw","priceKwh":0.5549}},{"type":"Feature","geometry":{"type":"Point","coordinates":[4.677279,51.790352]},"properties":{"type":"charge","layer":"passenger","locationId":"665479596f05e3001cce226f","name":"Dordrecht/Eisingahof 26","address":"Eisingahof 26","city":"Dordrecht","operatorName":"E-Flux by Road","maxPowerKw":14,"isMegawatt":false,"status":"AVAILABLE","source":"ndw","priceKwh":0.5217}},{"type":"Feature","geometry":{"type":"Point","coordinates":[4.671275,51.803264]},"properties":{"type":"charge","layer":"passenger","locationId":"NLLOC000620","name":"NLD, Dordrecht, Anna Paulownastraat 40","address":"Anna Paulownastraat 40","city":"Dordrecht","operatorName":"Allego","maxPowerKw":11,"isMegawatt":false,"status":"AVAILABLE","source":"ndw","priceKwh":0.511}},{"type":"Feature","geometry":{"type":"Point","coordinates":[4.65871,51.80533]},"properties":{"type":"charge","layer":"passenger","locationId":"NL000016","name":"Van Baerlestraat 92 Dordrecht","address":"Van Baerlestraat 92","city":"Dordrecht","operatorName":"StellaPower®","maxPowerKw":17,"isMegawatt":false,"status":"AVAILABLE","source":"ndw","priceKwh":0.471}},{"type":"Feature","geometry":{"type":"Point","coordinates":[4.65477,51.8008]},"properties":{"type":"charge","layer":"passenger","locationId":"NL000043","name":"Jan Vethkade 16 Dordrecht","address":"Jan Vethkade 6","city":"Dordrecht","operatorName":"StellaPower®","maxPowerKw":17,"isMegawatt":false,"status":"AVAILABLE","source":"ndw","priceKwh":0.471}},{"type":"Feature","geometry":{"type":"Point","coordinates":[4.678419,51.788064]},"properties":{"type":"charge","layer":"passenger","locationId":"670f80b2297335001c73ff78","name":"Dordrecht/Keplerweg 225","address":"Keplerweg 225","city":"Dordrecht","operatorName":"E-Flux by Road","maxPowerKw":14,"isMegawatt":false,"status":"AVAILABLE","source":"ndw","priceKwh":0.5217}},{"type":"Feature","geometry":{"type":"Point","coordinates":[4.72434,51.79751]},"properties":{"type":"charge","layer":"passenger","locationId":"NL000022","name":"Frida Katz-Erf 19 Dordrecht","address":"Frida Katz-Erf 19","city":"Dordrecht","operatorName":"StellaPower®","maxPowerKw":17,"isMegawatt":false,"status":"AVAILABLE","source":"ndw","priceKwh":0.471}},{"type":"Feature","geometry":{"type":"Point","coordinates":[4.732295,51.802473]},"properties":{"type":"charge","layer":"passenger","locationId":"NLCCH00826","name":"Dordrecht - Johanna Naber-Erf 592","address":"Johanna Naber-Erf 592","city":"Dordrecht","operatorName":"","maxPowerKw":11,"isMegawatt":false,"status":"AVAILABLE","source":"ndw","priceKwh":0.5549}},{"type":"Feature","geometry":{"type":"Point","coordinates":[4.684724,51.808855]},"properties":{"type":"charge","layer":"passenger","locationId":"NLLOC001220","name":"NLD, Dordrecht, Bankastraat 58","address":"Bankastraat 58","city":"Dordrecht","operatorName":"Allego","maxPowerKw":11,"isMegawatt":false,"status":"AVAILABLE","source":"ndw","priceKwh":0.511}},{"type":"Feature","geometry":{"type":"Point","coordinates":[4.660717,51.804915]},"properties":{"type":"charge","layer":"passenger","locationId":"NLCCH00387","name":"Dordrecht - Brederodestraat t.h.v. Vondelstraat 101","address":"Vondelstraat 101","city":"Dordrecht","operatorName":"","maxPowerKw":11,"isMegawatt":false,"status":"AVAILABLE","source":"ndw","priceKwh":0.5549}},{"type":"Feature","geometry":{"type":"Point","coordinates":[4.67862,51.79801]},"properties":{"type":"charge","layer":"passenger","locationId":"NL000039","name":"Leerparkpromenade 100 Dordrecht","address":"Leerparkpromenade 100","city":"Dordrecht","operatorName":"StellaPower®","maxPowerKw":17,"isMegawatt":false,"status":"AVAILABLE","source":"ndw","priceKwh":0.471}},{"type":"Feature","geometry":{"type":"Point","coordinates":[4.666101,51.817634]},"properties":{"type":"charge","layer":"passenger","locationId":"NLCCH00477","name":"Dordrecht - Kuipershaven 161","address":"Kuipershaven 161","city":"Dordrecht","operatorName":"","maxPowerKw":11,"isMegawatt":false,"status":"AVAILABLE","source":"ndw","priceKwh":0.5549}},{"type":"Feature","geometry":{"type":"Point","coordinates":[4.692662,51.792927]},"properties":{"type":"charge","layer":"passenger","locationId":"NLCCH00921","name":"Dordrecht - Burgemeester Beelaertspark 96","address":"Burgemeester Beelaertspark 96","city":"Dordrecht","operatorName":"","maxPowerKw":11,"isMegawatt":false,"status":"AVAILABLE","source":"ndw","priceKwh":0.5549}},{"type":"Feature","geometry":{"type":"Point","coordinates":[4.720918,51.800024]},"properties":{"type":"charge","layer":"passenger","locationId":"649d93279b3012001cf1c2be","name":"Dordrecht/Rudyard Kipling-Erf 45","address":"Rudyard Kipling-Erf 45","city":"Dordrecht","operatorName":"E-Flux by Road","maxPowerKw":22,"isMegawatt":false,"status":"AVAILABLE","source":"ndw","priceKwh":0.5217}},{"type":"Feature","geometry":{"type":"Point","coordinates":[4.660543,51.808942]},"properties":{"type":"charge","layer":"passenger","locationId":"NLLOC021498","name":"NL, Bellevuestraat 1, 3311 JB Dordrecht","address":"Bellevuestraat 1","city":"Dordrecht","operatorName":"Allego","maxPowerKw":11,"isMegawatt":false,"status":"AVAILABLE","source":"ndw","priceKwh":0.511}},{"type":"Feature","geometry":{"type":"Point","coordinates":[4.671268,51.817906]},"properties":{"type":"charge","layer":"passenger","locationId":"NLLOC002761","name":"NLD, Dordrecht, Van der Kooghplaats 10","address":"Van der Kooghplaats 10","city":"Dordrecht","operatorName":"Allego","maxPowerKw":11,"isMegawatt":false,"status":"AVAILABLE","source":"ndw","priceKwh":0.511}},{"type":"Feature","geometry":{"type":"Point","coordinates":[4.69682,51.79731]},"properties":{"type":"charge","layer":"passenger","locationId":"NL000029","name":"Koningstraat 478 Dordrecht","address":"Koningstraat 478","city":"Dordrecht","operatorName":"StellaPower®","maxPowerKw":17,"isMegawatt":false,"status":"AVAILABLE","source":"ndw","priceKwh":0.471}},{"type":"Feature","geometry":{"type":"Point","coordinates":[4.678862,51.786593]},"properties":{"type":"charge","layer":"passenger","locationId":"NLCCH00424","name":"Dordrecht - Halleyweg 385","address":"Halleyweg 385","city":"Dordrecht","operatorName":"","maxPowerKw":11,"isMegawatt":false,"status":"AVAILABLE","source":"ndw","priceKwh":0.5549}},{"type":"Feature","geometry":{"type":"Point","coordinates":[4.647635,51.788073]},"properties":{"type":"charge","layer":"passenger","locationId":"d1dfba23e22546a4bd6779eb04467fd9","name":"Croonwolter&dros Dordrecht","address":"Mijlweg 75","city":"Dordrecht","operatorName":"","maxPowerKw":22,"isMegawatt":false,"status":"AVAILABLE","source":"ndw","priceKwh":0.52}},{"type":"Feature","geometry":{"type":"Point","coordinates":[4.655537,51.81101]},"properties":{"type":"charge","layer":"passenger","locationId":"NLCCH00398","name":"Dordrecht - Twintighuizen 46","address":"Twintighuizen 46","city":"Dordrecht","operatorName":"","maxPowerKw":11,"isMegawatt":false,"status":"AVAILABLE","source":"ndw","priceKwh":0.5549}},{"type":"Feature","geometry":{"type":"Point","coordinates":[4.72952,51.797768]},"properties":{"type":"charge","layer":"passenger","locationId":"NLCCH00759","name":"Dordrecht - Albert Camus-erf 5","address":"Albert Camus-Erf 5","city":"Dordrecht","operatorName":"","maxPowerKw":11,"isMegawatt":false,"status":"AVAILABLE","source":"ndw","priceKwh":0.5549}},{"type":"Feature","geometry":{"type":"Point","coordinates":[4.65397,51.7794]},"properties":{"type":"charge","layer":"passenger","locationId":"6a2fb8c69bbcce3501f0db8a","name":"Dordrecht/ Viermorgen 21 T / laadpaal 1","address":"Viermorgen 21T","city":"Dordrecht","operatorName":"E-Flux by Road","maxPowerKw":14,"isMegawatt":false,"status":"AVAILABLE","source":"ndw","priceKwh":0.5217}},{"type":"Feature","geometry":{"type":"Point","coordinates":[4.6757,51.81464]},"properties":{"type":"charge","layer":"passenger","locationId":"NL000018","name":"Nicolaasstraat 20 Dordrecht","address":"Nicolaasstraat 20","city":"Dordrecht","operatorName":"StellaPower®","maxPowerKw":17,"isMegawatt":false,"status":"AVAILABLE","source":"ndw","priceKwh":0.471}},{"type":"Feature","geometry":{"type":"Point","coordinates":[4.717644,51.812075]},"properties":{"type":"charge","layer":"passenger","locationId":"NLLOC021734","name":"NL, Haringvlietstraat 263, 3313 EE Dordrecht","address":"Haringvlietstraat 263","city":"Dordrecht","operatorName":"Allego","maxPowerKw":11,"isMegawatt":false,"status":"AVAILABLE","source":"ndw","priceKwh":0.511}},{"type":"Feature","geometry":{"type":"Point","coordinates":[4.652204,51.783454]},"properties":{"type":"charge","layer":"passenger","locationId":"66604750e6633c001c223252","name":"Dordrecht/Van der Steenhovenplein 42 ELP 2","address":"Van der Steenhovenplein 42","city":"Dordrecht","operatorName":"E-Flux by Road","maxPowerKw":14,"isMegawatt":false,"status":"AVAILABLE","source":"ndw","priceKwh":0.5217}},{"type":"Feature","geometry":{"type":"Point","coordinates":[4.701561,51.795537]},"properties":{"type":"charge","layer":"passenger","locationId":"NLLOC000026","name":"NLD, Dordrecht, Damstraat 38","address":"Damstraat 38-C","city":"Dordrecht","operatorName":"Allego","maxPowerKw":22,"isMegawatt":false,"status":"CHARGING","source":"ndw","priceKwh":0.511}},{"type":"Feature","geometry":{"type":"Point","coordinates":[4.633952,51.763611]},"properties":{"type":"charge","layer":"passenger","locationId":"OST22P0016_0068_0","name":"OST22P0016_0068_0","address":"Toermalijnring 1500","city":"Dordrecht","operatorName":"e-VOLTT","maxPowerKw":38,"isMegawatt":false,"status":"AVAILABLE","source":"ndw","priceKwh":0.4}},{"type":"Feature","geometry":{"type":"Point","coordinates":[4.653199,51.796831]},"properties":{"type":"charge","layer":"passenger","locationId":"63ef9bfc51364a00127b028f","name":"Ringersportplaza 's station","address":"Sportlaan 1","city":"Dordrecht","operatorName":"E-Flux by Road","maxPowerKw":11,"isMegawatt":false,"status":"AVAILABLE","source":"ndw","priceKwh":0.43}},{"type":"Feature","geometry":{"type":"Point","coordinates":[4.706021,51.806574]},"properties":{"type":"charge","layer":"passenger","locationId":"NLLOC002267","name":"NLD, Dordrecht, Chico Mendesring 819","address":"Chico Mendesring 819","city":"Dordrecht","operatorName":"Allego","maxPowerKw":11,"isMegawatt":false,"status":"AVAILABLE","source":"ndw","priceKwh":0.511}},{"type":"Feature","geometry":{"type":"Point","coordinates":[4.632131,51.734106]},"properties":{"type":"charge","layer":"passenger","locationId":"31056","name":"Fastned De Zuidpunt","address":"De Zuidpunt A16","city":"Dordrecht","operatorName":"Fastned","maxPowerKw":300,"isMegawatt":false,"status":"AVAILABLE","source":"ndw","priceKwh":0.6364}},{"type":"Feature","geometry":{"type":"Point","coordinates":[4.684116,51.802957]},"properties":{"type":"charge","layer":"passenger","locationId":"63ca9970ff5cad0012e9e0df","name":"Dordrecht/Krommedijk","address":"Krommedijk 174","city":"Dordrecht","operatorName":"E-Flux by Road","maxPowerKw":14,"isMegawatt":false,"status":"AVAILABLE","source":"ndw","priceKwh":0.5217}},{"type":"Feature","geometry":{"type":"Point","coordinates":[4.727161,51.799964]},"properties":{"type":"charge","layer":"passenger","locationId":"NLLOC002917","name":"NLD, Dordrecht, Boris Pasternak-Erf 150","address":"Boris Pasternak-Erf 150","city":"Dordrecht","operatorName":"Allego","maxPowerKw":11,"isMegawatt":false,"status":"AVAILABLE","source":"ndw","priceKwh":0.511}},{"type":"Feature","geometry":{"type":"Point","coordinates":[4.630039,51.791203]},"properties":{"type":"charge","layer":"passenger","locationId":"6064AD26-E533-45D6-B899-548B14F4807E","name":"Eneco eMobility Volkerrail B.V. Dordrecht","address":"Donker Duyvisweg 75","city":"Dordrecht","operatorName":"Eneco","maxPowerKw":11,"isMegawatt":false,"status":"AVAILABLE","source":"ndw","priceKwh":0.33}},{"type":"Feature","geometry":{"type":"Point","coordinates":[4.679127,51.773232]},"properties":{"type":"charge","layer":"passenger","locationId":"64ef7d12711ee6001c48b9f4","name":"Dordrecht/Pijnenburg 106","address":"Pijnenburg 106","city":"Dordrecht","operatorName":"E-Flux by Road","maxPowerKw":14,"isMegawatt":false,"status":"AVAILABLE","source":"ndw","priceKwh":0.5217}},{"type":"Feature","geometry":{"type":"Point","coordinates":[4.627677,51.798212]},"properties":{"type":"charge","layer":"passenger","locationId":"6422c5517a2ba500123b71cf","name":"KSGS006(LGMG)","address":"Donker Duyvisweg 301","city":"Dordrecht","operatorName":"E-Flux by Road","maxPowerKw":22,"isMegawatt":false,"status":"AVAILABLE","source":"ndw","priceKwh":0.28}},{"type":"Feature","geometry":{"type":"Point","coordinates":[4.643334,51.800323]},"properties":{"type":"charge","layer":"passenger","locationId":"F7E2D24C-DD1E-4BDF-A507-7C9A53A30BA5","name":"Eneco eMobility Arcus Holding BV - Dordrecht","address":"Nijverheidstraat 4","city":"Dordrecht","operatorName":"Eneco","maxPowerKw":22,"isMegawatt":false,"status":"AVAILABLE","source":"ndw","priceKwh":0.32}},{"type":"Feature","geometry":{"type":"Point","coordinates":[4.652352,51.781011]},"properties":{"type":"charge","layer":"passenger","locationId":"682606efd760f91f0b2f7a25","name":"Dordrecht/Diaconessenlaan 9/3317DL","address":"Diaconessenlaan 9","city":"Dordrecht","operatorName":"E-Flux by Road","maxPowerKw":14,"isMegawatt":false,"status":"AVAILABLE","source":"ndw","priceKwh":0.5217}},{"type":"Feature","geometry":{"type":"Point","coordinates":[4.763587,51.808131]},"properties":{"type":"charge","layer":"passenger","locationId":"NLCCH00397","name":"Dordrecht - Baanhoekweg 51","address":"Baanhoekweg 51","city":"Dordrecht","operatorName":"","maxPowerKw":11,"isMegawatt":false,"status":"AVAILABLE","source":"ndw","priceKwh":0.5549}},{"type":"Feature","geometry":{"type":"Point","coordinates":[4.678174,51.785274]},"properties":{"type":"charge","layer":"passenger","locationId":"66547738d69e5e001c2af7a9","name":"Dordrecht/Dalmeyerplein 12","address":"Dalmeyerplein  12","city":"Dordrecht","operatorName":"E-Flux by Road","maxPowerKw":14,"isMegawatt":false,"status":"AVAILABLE","source":"ndw","priceKwh":0.5217}},{"type":"Feature","geometry":{"type":"Point","coordinates":[4.660842,51.789066]},"properties":{"type":"charge","layer":"passenger","locationId":"667d4787258677001c62f6c1","name":"Dordrecht/Dresselhuysstraat 25","address":"Dresselhuysstraat 25","city":"Dordrecht","operatorName":"E-Flux by Road","maxPowerKw":14,"isMegawatt":false,"status":"AVAILABLE","source":"ndw","priceKwh":0.5217}},{"type":"Feature","geometry":{"type":"Point","coordinates":[4.653565,51.776449]},"properties":{"type":"charge","layer":"passenger","locationId":"6437dfe347ef970012306260","name":"Besix HQ - Achterkant","address":"Laan van Europa  900","city":"Dordrecht","operatorName":"E-Flux by Road","maxPowerKw":22,"isMegawatt":false,"status":"AVAILABLE","source":"ndw","priceKwh":0.63}},{"type":"Feature","geometry":{"type":"Point","coordinates":[4.712386,51.79307]},"properties":{"type":"charge","layer":"passenger","locationId":"673c9a572bddaf532499e607","name":"Dordrecht/Lindelaan 7","address":"Lindelaan 7","city":"Dordrecht","operatorName":"E-Flux by Road","maxPowerKw":14,"isMegawatt":false,"status":"AVAILABLE","source":"ndw","priceKwh":0.5217}},{"type":"Feature","geometry":{"type":"Point","coordinates":[4.723066,51.799235]},"properties":{"type":"charge","layer":"passenger","locationId":"6645c34e4a7099001c9fa40d","name":"Dordrecht/Selma Lagerlöf-Erf ELP 2","address":"Selma Lagerlof-erf 200","city":"Dordrecht","operatorName":"E-Flux by Road","maxPowerKw":11,"isMegawatt":false,"status":"AVAILABLE","source":"ndw","priceKwh":0.5217}},{"type":"Feature","geometry":{"type":"Point","coordinates":[4.707182,51.808322]},"properties":{"type":"charge","layer":"passenger","locationId":"NLLOC016141","name":"NL, Chico Mendesring 413, 3315WP, Dordrecht","address":"Chico Mendesring 413","city":"Dordrecht","operatorName":"Allego","maxPowerKw":11,"isMegawatt":false,"status":"AVAILABLE","source":"ndw","priceKwh":0.511}},{"type":"Feature","geometry":{"type":"Point","coordinates":[4.664924,51.77226]},"properties":{"type":"charge","layer":"passenger","locationId":"NLLOC019326","name":"NL, Wittenstein 114, 3328 MT Dordrecht","address":"Wittenstein 114","city":"Dordrecht","operatorName":"Allego","maxPowerKw":11,"isMegawatt":false,"status":"AVAILABLE","source":"ndw","priceKwh":0.511}},{"type":"Feature","geometry":{"type":"Point","coordinates":[4.635384,51.743808]},"properties":{"type":"charge","layer":"passenger","locationId":"68c8115cf703a849ae25daec","name":"Dordrecht/ Rijksstraatweg 180","address":"Rijksstraatweg 180","city":"Dordrecht","operatorName":"E-Flux by Road","maxPowerKw":14,"isMegawatt":false,"status":"AVAILABLE","source":"ndw","priceKwh":0.5217}},{"type":"Feature","geometry":{"type":"Point","coordinates":[4.651764,51.802639]},"properties":{"type":"charge","layer":"passenger","locationId":"NLCCH00139","name":"Dordrecht - Verhulststraat 44","address":"Verhulststraat 44","city":"Dordrecht","operatorName":"","maxPowerKw":11,"isMegawatt":false,"status":"AVAILABLE","source":"ndw","priceKwh":0.5549}},{"type":"Feature","geometry":{"type":"Point","coordinates":[4.68078,51.787886]},"properties":{"type":"charge","layer":"passenger","locationId":"63e394a9f115780012897ec0","name":"Castorstraat/Dordrecht","address":"Castorstraat 4","city":"Dordrecht","operatorName":"E-Flux by Road","maxPowerKw":14,"isMegawatt":false,"status":"AVAILABLE","source":"ndw","priceKwh":0.5217}},{"type":"Feature","geometry":{"type":"Point","coordinates":[4.710644,51.793509]},"properties":{"type":"charge","layer":"passenger","locationId":"673b1b4d7b8165b1a236c59c","name":"Dordrecht/Dubbelsteynlaan Oost 213","address":"Dubbelsteynlaan Oost 213","city":"Dordrecht","operatorName":"E-Flux by Road","maxPowerKw":14,"isMegawatt":false,"status":"AVAILABLE","source":"ndw","priceKwh":0.5217}},{"type":"Feature","geometry":{"type":"Point","coordinates":[4.675999,51.814613]},"properties":{"type":"charge","layer":"passenger","locationId":"NLLOC002682","name":"NLD, Dordrecht, Nicolaasstraat 18","address":"Nicolaasstraat 18","city":"Dordrecht","operatorName":"Allego","maxPowerKw":11,"isMegawatt":false,"status":"AVAILABLE","source":"ndw","priceKwh":0.511}},{"type":"Feature","geometry":{"type":"Point","coordinates":[4.683527,51.799341]},"properties":{"type":"charge","layer":"passenger","locationId":"NLLOC003970","name":"NLD, Dordrecht, Romboutslaan 30","address":"Romboutslaan 20","city":"Dordrecht","operatorName":"Allego","maxPowerKw":11,"isMegawatt":false,"status":"CHARGING","source":"ndw","priceKwh":0.511}},{"type":"Feature","geometry":{"type":"Point","coordinates":[4.644873,51.777204]},"properties":{"type":"charge","layer":"passenger","locationId":"66f3f9cf2357a3001cbd780f","name":"Dordrecht/Vierlinghstraat 52","address":"Vierlinghstraat 52","city":"Dordrecht","operatorName":"E-Flux by Road","maxPowerKw":14,"isMegawatt":false,"status":"AVAILABLE","source":"ndw","priceKwh":0.5217}},{"type":"Feature","geometry":{"type":"Point","coordinates":[4.663633,51.794326]},"properties":{"type":"charge","layer":"passenger","locationId":"NLLOC013910","name":"NL, Thorbeckeweg, 50A, 3317EJ, Dordrecht","address":"Thorbeckeweg 50A","city":"Dordrecht","operatorName":"Allego","maxPowerKw":11,"isMegawatt":false,"status":"AVAILABLE","source":"ndw","priceKwh":0.511}},{"type":"Feature","geometry":{"type":"Point","coordinates":[4.651971,51.774017]},"properties":{"type":"charge","layer":"passenger","locationId":"69afbdd5a59b7c858b2efed9","name":"Van der Valk - Dordrecht - Charging Stations","address":"Laan van Europa 1600","city":"Dordrecht","operatorName":"Valk Energy","maxPowerKw":200,"isMegawatt":false,"status":"AVAILABLE","source":"ndw","priceKwh":0.59}},{"type":"Feature","geometry":{"type":"Point","coordinates":[4.652275,51.794058]},"properties":{"type":"charge","layer":"passenger","locationId":"65c37e87a90194001cc6c061","name":"Dordrecht/Banckertstraat 8","address":"Banckertstraat 8","city":"Dordrecht","operatorName":"E-Flux by Road","maxPowerKw":14,"isMegawatt":false,"status":"AVAILABLE","source":"ndw","priceKwh":0.5217}},{"type":"Feature","geometry":{"type":"Point","coordinates":[4.694885,51.818587]},"properties":{"type":"charge","layer":"passenger","locationId":"6822f05a0eb2cc7b8b415a05","name":"Dordrecht/Lingestraat-Merwedestraat 151, 3313GR Dordrecht","address":"Lingestraat-Merwedestraat 151","city":"Dordrecht","operatorName":"E-Flux by Road","maxPowerKw":14,"isMegawatt":false,"status":"AVAILABLE","source":"ndw","priceKwh":0.5217}},{"type":"Feature","geometry":{"type":"Point","coordinates":[4.655832,51.78995]},"properties":{"type":"charge","layer":"passenger","locationId":"6661a8a6a94be8001cd97be9","name":"Dordrecht/Cornelis Trompweg 21","address":"Cornelis Trompweg 21","city":"Dordrecht","operatorName":"E-Flux by Road","maxPowerKw":14,"isMegawatt":false,"status":"CHARGING","source":"ndw","priceKwh":0.5217}},{"type":"Feature","geometry":{"type":"Point","coordinates":[4.677402,51.816729]},"properties":{"type":"charge","layer":"passenger","locationId":"NLLOC002484","name":"NLD, Dordrecht, Lijnbaan 69","address":"Lijnbaan 69","city":"Dordrecht","operatorName":"Allego","maxPowerKw":11,"isMegawatt":false,"status":"AVAILABLE","source":"ndw","priceKwh":0.511}},{"type":"Feature","geometry":{"type":"Point","coordinates":[4.66625,51.787157]},"properties":{"type":"charge","layer":"passenger","locationId":"664739206c2b20001ca7aec1","name":"Dordrecht/Abraham Kuyperweg 145","address":"Abraham Kuyperweg 145","city":"Dordrecht","operatorName":"E-Flux by Road","maxPowerKw":11,"isMegawatt":false,"status":"AVAILABLE","source":"ndw","priceKwh":0.5217}},{"type":"Feature","geometry":{"type":"Point","coordinates":[4.662204,51.79729]},"properties":{"type":"charge","layer":"passenger","locationId":"667d349dcc3587001cf70e3c","name":"Dordrecht/Patersweg 59","address":"Patersweg 59","city":"Dordrecht","operatorName":"E-Flux by Road","maxPowerKw":14,"isMegawatt":false,"status":"CHARGING","source":"ndw","priceKwh":0.5217}},{"type":"Feature","geometry":{"type":"Point","coordinates":[4.673316,51.796447]},"properties":{"type":"charge","layer":"passenger","locationId":"667e7abbb76aa9001cf5da6f","name":"Dordrecht/Azalea 2","address":"Azalea  2","city":"Dordrecht","operatorName":"E-Flux by Road","maxPowerKw":14,"isMegawatt":false,"status":"AVAILABLE","source":"ndw","priceKwh":0.5217}},{"type":"Feature","geometry":{"type":"Point","coordinates":[4.672285,51.787877]},"properties":{"type":"charge","layer":"passenger","locationId":"693fe51a02ae4eecc02ab923","name":"Wim van Veen 's station 1","address":"Oberonlaan 32","city":"Dordrecht","operatorName":"ChargeCars B.V.","maxPowerKw":11,"isMegawatt":false,"status":"AVAILABLE","source":"ndw","priceKwh":0.29}},{"type":"Feature","geometry":{"type":"Point","coordinates":[4.685335,51.783392]},"properties":{"type":"charge","layer":"passenger","locationId":"66ba018e17b9ea001c403f10","name":"Stichting Het Spectrum- Verpleeghuis De Sterrenlanden","address":"Minnaertweg 4","city":"Dordrecht","operatorName":"Pluq","maxPowerKw":11,"isMegawatt":false,"status":"AVAILABLE","source":"ndw","priceKwh":0.38}},{"type":"Feature","geometry":{"type":"Point","coordinates":[4.696415,51.793187]},"properties":{"type":"charge","layer":"passenger","locationId":"6501b0f99ea491001c600234","name":"Dordrecht/Vijverlaan 105","address":"Vijverlaan  105","city":"Dordrecht","operatorName":"E-Flux by Road","maxPowerKw":14,"isMegawatt":false,"status":"AVAILABLE","source":"ndw","priceKwh":0.5217}},{"type":"Feature","geometry":{"type":"Point","coordinates":[4.634547,51.767633]},"properties":{"type":"charge","layer":"passenger","locationId":"6a450a637b82d4f0930f43f4","name":"Quite Right Station","address":"Malachiet 540","city":"Dordrecht","operatorName":"E-Flux by Road","maxPowerKw":22,"isMegawatt":false,"status":"AVAILABLE","source":"ndw","priceKwh":0.37}},{"type":"Feature","geometry":{"type":"Point","coordinates":[4.652458,51.781553]},"properties":{"type":"charge","layer":"passenger","locationId":"685a844c9cc1eb635a80b77f","name":"Dordrecht / Refajalaan 31 ELP /laadpaal B","address":"Refajalaan 31","city":"Dordrecht","operatorName":"E-Flux by Road","maxPowerKw":14,"isMegawatt":false,"status":"AVAILABLE","source":"ndw","priceKwh":0.5217}},{"type":"Feature","geometry":{"type":"Point","coordinates":[4.674753,51.810598]},"properties":{"type":"charge","layer":"passenger","locationId":"657bdb45f3a184001ce68f0b","name":"Dordrecht/Vrieseweg 84","address":"Vrieseweg 84","city":"Dordrecht","operatorName":"E-Flux by Road","maxPowerKw":14,"isMegawatt":false,"status":"AVAILABLE","source":"ndw","priceKwh":0.5217}},{"type":"Feature","geometry":{"type":"Point","coordinates":[4.681156,51.804999]},"properties":{"type":"charge","layer":"passenger","locationId":"NLLOC000368","name":"NLD, Dordrecht, Krommedijk 151","address":"Krommedijk 151","city":"Dordrecht","operatorName":"Allego","maxPowerKw":11,"isMegawatt":false,"status":"AVAILABLE","source":"ndw","priceKwh":0.511}},{"type":"Feature","geometry":{"type":"Point","coordinates":[4.67701,51.81574]},"properties":{"type":"charge","layer":"passenger","locationId":"NL000053","name":"Marcellus Schampersstraat 1 Dordrecht","address":"Marcellus Schampersstraat 1","city":"Dordrecht","operatorName":"StellaPower®","maxPowerKw":17,"isMegawatt":false,"status":"AVAILABLE","source":"ndw","priceKwh":0.471}},{"type":"Feature","geometry":{"type":"Point","coordinates":[4.665272,51.77996]},"properties":{"type":"charge","layer":"passenger","locationId":"66ebdf39bb0609001c265924","name":"Dordrecht/Waterman 49","address":"Waterman 49","city":"Dordrecht","operatorName":"E-Flux by Road","maxPowerKw":11,"isMegawatt":false,"status":"AVAILABLE","source":"ndw","priceKwh":0.5217}},{"type":"Feature","geometry":{"type":"Point","coordinates":[4.67123,51.803195]},"properties":{"type":"charge","layer":"passenger","locationId":"646243c833551b0012703d38","name":"Dordrecht/Anna Paulownastraat","address":"Anna Paulownastraat 40","city":"Dordrecht","operatorName":"E-Flux by Road","maxPowerKw":14,"isMegawatt":false,"status":"AVAILABLE","source":"ndw","priceKwh":0.5217}},{"type":"Feature","geometry":{"type":"Point","coordinates":[4.647041,51.778755]},"properties":{"type":"charge","layer":"passenger","locationId":"66f40256c5d6d1001ddb4c2f","name":"Dordrecht/Leeghwaterstraat 6","address":"Leeghwaterstraat 6","city":"Dordrecht","operatorName":"E-Flux by Road","maxPowerKw":14,"isMegawatt":false,"status":"AVAILABLE","source":"ndw","priceKwh":0.5217}},{"type":"Feature","geometry":{"type":"Point","coordinates":[4.661322,51.772609]},"properties":{"type":"charge","layer":"passenger","locationId":"63d8e3796b033d001257f169","name":"Dordrecht/Laan van Braets","address":"Laan van Braets 35","city":"Dordrecht","operatorName":"E-Flux by Road","maxPowerKw":14,"isMegawatt":false,"status":"AVAILABLE","source":"ndw","priceKwh":0.5217}},{"type":"Feature","geometry":{"type":"Point","coordinates":[4.677847,51.804155]},"properties":{"type":"charge","layer":"passenger","locationId":"649027a3ab871f001c20490d","name":"Dordrecht/Anjelierstraat","address":"Violenstraat 2","city":"Dordrecht","operatorName":"E-Flux by Road","maxPowerKw":14,"isMegawatt":false,"status":"AVAILABLE","source":"ndw","priceKwh":0.5217}},{"type":"Feature","geometry":{"type":"Point","coordinates":[4.652008,51.78117]},"properties":{"type":"charge","layer":"passenger","locationId":"685a666b2d3fff3f6a64e148","name":"Dordrecht/Refajalaan 31 ELP 1 / laadpaal A","address":"Refajalaan 31 ELP 1","city":"Dordrecht","operatorName":"E-Flux by Road","maxPowerKw":14,"isMegawatt":false,"status":"AVAILABLE","source":"ndw","priceKwh":0.5217}},{"type":"Feature","geometry":{"type":"Point","coordinates":[4.704955,51.792554]},"properties":{"type":"charge","layer":"passenger","locationId":"661556965668a6001cefa92a","name":"Dordrecht/Elzenlaan 20","address":"Elzenlaan 20","city":"Dordrecht","operatorName":"E-Flux by Road","maxPowerKw":14,"isMegawatt":false,"status":"AVAILABLE","source":"ndw","priceKwh":0.5217}},{"type":"Feature","geometry":{"type":"Point","coordinates":[4.691172,51.806575]},"properties":{"type":"charge","layer":"passenger","locationId":"NLCCH00213","name":"Dordrecht - Meerkoetstraat 10","address":"Meerkoetstraat 10","city":"Dordrecht","operatorName":"","maxPowerKw":11,"isMegawatt":false,"status":"AVAILABLE","source":"ndw","priceKwh":0.5549}},{"type":"Feature","geometry":{"type":"Point","coordinates":[4.675361,51.8136]},"properties":{"type":"charge","layer":"passenger","locationId":"NLLOC002588","name":"NLD, Dordrecht, Kasperspad 5","address":"Kasperspad 5","city":"Dordrecht","operatorName":"Allego","maxPowerKw":11,"isMegawatt":false,"status":"AVAILABLE","source":"ndw","priceKwh":0.511}},{"type":"Feature","geometry":{"type":"Point","coordinates":[4.654192,51.779782]},"properties":{"type":"charge","layer":"passenger","locationId":"685eaa3ca5f5f3fde320917f","name":"Dordrecht/Driemorgen 4/3317DR","address":"Driemorgen 4","city":"Dordrecht","operatorName":"E-Flux by Road","maxPowerKw":14,"isMegawatt":false,"status":"AVAILABLE","source":"ndw","priceKwh":0.5217}},{"type":"Feature","geometry":{"type":"Point","coordinates":[4.714601,51.814801]},"properties":{"type":"charge","layer":"passenger","locationId":"NLLOC000195","name":"NL, Rivierenplein 35, 3313hd, Dordrecht","address":"Rivierenplein 35","city":"Dordrecht","operatorName":"Allego","maxPowerKw":11,"isMegawatt":false,"status":"AVAILABLE","source":"ndw","priceKwh":0.511}},{"type":"Feature","geometry":{"type":"Point","coordinates":[4.721892,51.798083]},"properties":{"type":"charge","layer":"passenger","locationId":"NLLOC003838","name":"NLD, Dordrecht, Joke Smit-Erf 11","address":"Joke Smit-Erf 11","city":"Dordrecht","operatorName":"Allego","maxPowerKw":11,"isMegawatt":false,"status":"AVAILABLE","source":"ndw","priceKwh":0.511}},{"type":"Feature","geometry":{"type":"Point","coordinates":[4.670534,51.782169]},"properties":{"type":"charge","layer":"passenger","locationId":"NLLOC000588","name":"NLD, Dordrecht, Driehoek 85","address":"Driehoek 85","city":"Dordrecht","operatorName":"Allego","maxPowerKw":22,"isMegawatt":false,"status":"CHARGING","source":"ndw","priceKwh":0.511}},{"type":"Feature","geometry":{"type":"Point","coordinates":[4.677806,51.781931]},"properties":{"type":"charge","layer":"passenger","locationId":"657b6234f3a184001ce07b46","name":"Dordrecht/Blaauwweg 523","address":"Blaauwweg 523","city":"Dordrecht","operatorName":"E-Flux by Road","maxPowerKw":14,"isMegawatt":false,"status":"AVAILABLE","source":"ndw","priceKwh":0.5217}},{"type":"Feature","geometry":{"type":"Point","coordinates":[4.683626,51.779567]},"properties":{"type":"charge","layer":"passenger","locationId":"NLLOC018576","name":"NL, Minnaertweg 88, 3328 HN Dordrecht","address":"Minnaertweg 88","city":"Dordrecht","operatorName":"Allego","maxPowerKw":11,"isMegawatt":false,"status":"AVAILABLE","source":"ndw","priceKwh":0.511}},{"type":"Feature","geometry":{"type":"Point","coordinates":[4.688575,51.80573]},"properties":{"type":"charge","layer":"passenger","locationId":"NLLOC007366","name":"NL, Halmaheiraplein 2,3, 3312GH, Dordrecht","address":"Halmaheiraplein 2,3","city":"Dordrecht","operatorName":"Allego","maxPowerKw":11,"isMegawatt":false,"status":"UNAVAILABLE","source":"ndw","priceKwh":0.511}},{"type":"Feature","geometry":{"type":"Point","coordinates":[4.702154,51.797212]},"properties":{"type":"charge","layer":"passenger","locationId":"6737021dc6ee9a5d616c1468","name":"Dordrecht/Nijhofflaan 55","address":"Nijhofflaan 55","city":"Dordrecht","operatorName":"E-Flux by Road","maxPowerKw":14,"isMegawatt":false,"status":"AVAILABLE","source":"ndw","priceKwh":0.5217}},{"type":"Feature","geometry":{"type":"Point","coordinates":[4.654206,51.779827]},"properties":{"type":"charge","layer":"passenger","locationId":"685ea7ce12f34f5dfaafb77b","name":"Dordrecht/Driemorgen 4/3317DR","address":"Driemorgen 4","city":"Dordrecht","operatorName":"E-Flux by Road","maxPowerKw":14,"isMegawatt":false,"status":"AVAILABLE","source":"ndw","priceKwh":0.5217}},{"type":"Feature","geometry":{"type":"Point","coordinates":[4.646772,51.776633]},"properties":{"type":"charge","layer":"passenger","locationId":"00F88E7F-26A6-4556-A134-C8BF3BD9C61B","name":"Eneco eMobility Vierlinghstraat 52 Dordrecht","address":"Vierlinghstraat 52","city":"Dordrecht","operatorName":"Eneco","maxPowerKw":1,"isMegawatt":false,"status":"AVAILABLE","source":"ndw","priceKwh":0.32}},{"type":"Feature","geometry":{"type":"Point","coordinates":[4.679153,51.804792]},"properties":{"type":"charge","layer":"passenger","locationId":"NLCCH00631","name":"Dordrecht - Hoekenessestraat 23","address":"Hoekenessestraat 23","city":"Dordrecht","operatorName":"","maxPowerKw":11,"isMegawatt":false,"status":"AVAILABLE","source":"ndw","priceKwh":0.5549}},{"type":"Feature","geometry":{"type":"Point","coordinates":[4.67902,51.810305]},"properties":{"type":"charge","layer":"passenger","locationId":"NLCCH00924","name":"Dordrecht - Groenedijk 82 (t.h.v. 119) ","address":"Oranjelaan 119","city":"Dordrecht","operatorName":"","maxPowerKw":11,"isMegawatt":false,"status":"AVAILABLE","source":"ndw","priceKwh":0.5549}},{"type":"Feature","geometry":{"type":"Point","coordinates":[4.653565,51.776449]},"properties":{"type":"charge","layer":"passenger","locationId":"6437df5dab69f70012d2b039","name":"Besix HQ - Voorkant","address":"Laan van Europa  900","city":"Dordrecht","operatorName":"E-Flux by Road","maxPowerKw":22,"isMegawatt":false,"status":"AVAILABLE","source":"ndw","priceKwh":0.63}},{"type":"Feature","geometry":{"type":"Point","coordinates":[4.691241,51.819197]},"properties":{"type":"charge","layer":"passenger","locationId":"NLLOC003012","name":"NLD, Dordrecht, IJsselstraat 3","address":"IJsselstraat 3","city":"Dordrecht","operatorName":"Allego","maxPowerKw":11,"isMegawatt":false,"status":"AVAILABLE","source":"ndw","priceKwh":0.511}},{"type":"Feature","geometry":{"type":"Point","coordinates":[4.726933,51.792725]},"properties":{"type":"charge","layer":"passenger","locationId":"699dc3724b5c33b8fb95a83d","name":"Liechtensteinhof 54","address":"Liechtensteinhof 54","city":"Dordrecht","operatorName":"E-Flux by Road","maxPowerKw":22,"isMegawatt":false,"status":"AVAILABLE","source":"ndw","priceKwh":0.68}},{"type":"Feature","geometry":{"type":"Point","coordinates":[4.647961,51.804301]},"properties":{"type":"charge","layer":"passenger","locationId":"673c989d7d84588e1e5f5621","name":"Dordrecht/Edisonstraat 5","address":"Edisonstraat 5","city":"Dordrecht","operatorName":"E-Flux by Road","maxPowerKw":14,"isMegawatt":false,"status":"AVAILABLE","source":"ndw","priceKwh":0.5217}},{"type":"Feature","geometry":{"type":"Point","coordinates":[4.683401,51.799423]},"properties":{"type":"charge","layer":"passenger","locationId":"NLCCH00166","name":"Dordrecht - Romboutslaan 23","address":"Romboutslaan 23","city":"Dordrecht","operatorName":"","maxPowerKw":11,"isMegawatt":false,"status":"CHARGING","source":"ndw","priceKwh":0.5549}},{"type":"Feature","geometry":{"type":"Point","coordinates":[4.627677,51.798212]},"properties":{"type":"charge","layer":"passenger","locationId":"6422bd4d7a2ba500123878c4","name":"KSGS005(LGMG)","address":"Donker Duyvisweg 301","city":"Dordrecht","operatorName":"E-Flux by Road","maxPowerKw":22,"isMegawatt":false,"status":"AVAILABLE","source":"ndw","priceKwh":0.28}},{"type":"Feature","geometry":{"type":"Point","coordinates":[4.658249,51.795931]},"properties":{"type":"charge","layer":"passenger","locationId":"65cde25d645fd9001cf51d08","name":"Dordrecht/Patersweg 285","address":"Patersweg 285","city":"Dordrecht","operatorName":"E-Flux by Road","maxPowerKw":14,"isMegawatt":false,"status":"AVAILABLE","source":"ndw","priceKwh":0.5217}},{"type":"Feature","geometry":{"type":"Point","coordinates":[4.667461,51.782374]},"properties":{"type":"charge","layer":"passenger","locationId":"NLCCH00420","name":"Dordrecht - Graveerstift 36","address":"Graveerstift 36","city":"Dordrecht","operatorName":"","maxPowerKw":11,"isMegawatt":false,"status":"AVAILABLE","source":"ndw","priceKwh":0.5549}},{"type":"Feature","geometry":{"type":"Point","coordinates":[4.64097,51.78015]},"properties":{"type":"charge","layer":"passenger","locationId":"B6A3FBB2-76D6-4E96-93F7-45EFA75F0C3A","name":"Eneco eMobility Kamerlingh Onnesweg 1 Dordrecht","address":"Kamerlingh Onnesweg 1","city":"Dordrecht","operatorName":"Eneco","maxPowerKw":22,"isMegawatt":false,"status":"AVAILABLE","source":"ndw","priceKwh":0.25}},{"type":"Feature","geometry":{"type":"Point","coordinates":[4.683281,51.81043]},"properties":{"type":"charge","layer":"passenger","locationId":"NLCCH00474","name":"Dordrecht - Bankastraat 10","address":"Bankastraat 10","city":"Dordrecht","operatorName":"","maxPowerKw":11,"isMegawatt":false,"status":"AVAILABLE","source":"ndw","priceKwh":0.5549}},{"type":"Feature","geometry":{"type":"Point","coordinates":[4.684242,51.812735]},"properties":{"type":"charge","layer":"passenger","locationId":"68ee4e4b284d59435b812af5","name":"Dordrecht/ Noordendijk 315G","address":"Noordendijk 315G","city":"Dordrecht","operatorName":"E-Flux by Road","maxPowerKw":14,"isMegawatt":false,"status":"AVAILABLE","source":"ndw","priceKwh":0.5217}},{"type":"Feature","geometry":{"type":"Point","coordinates":[4.668134,51.799361]},"properties":{"type":"charge","layer":"passenger","locationId":"66265bffb94655001c038c79","name":"Dordrecht/Prinses Margrietstraat 1","address":"Prinses Margrietstraat 1","city":"Dordrecht","operatorName":"E-Flux by Road","maxPowerKw":14,"isMegawatt":false,"status":"AVAILABLE","source":"ndw","priceKwh":0.5217}},{"type":"Feature","geometry":{"type":"Point","coordinates":[4.65217,51.782259]},"properties":{"type":"charge","layer":"passenger","locationId":"667e9efd134dfc001c817603","name":"Dordrecht/Laan van Londen 1840","address":"Laan van Londen 1840","city":"Dordrecht","operatorName":"E-Flux by Road","maxPowerKw":14,"isMegawatt":false,"status":"AVAILABLE","source":"ndw","priceKwh":0.5217}},{"type":"Feature","geometry":{"type":"Point","coordinates":[4.681202,51.811207]},"properties":{"type":"charge","layer":"passenger","locationId":"NLLOC002933","name":"NLD, Dordrecht, Gevaertsweg 24","address":"Gevaertsweg 24","city":"Dordrecht","operatorName":"Allego","maxPowerKw":11,"isMegawatt":false,"status":"AVAILABLE","source":"ndw","priceKwh":0.511}},{"type":"Feature","geometry":{"type":"Point","coordinates":[4.679893,51.812229]},"properties":{"type":"charge","layer":"passenger","locationId":"6660439e7c9ff8001de27970","name":"Dordrecht/Stooplaan 1","address":"Stooplaan 1","city":"Dordrecht","operatorName":"E-Flux by Road","maxPowerKw":14,"isMegawatt":false,"status":"AVAILABLE","source":"ndw","priceKwh":0.5217}},{"type":"Feature","geometry":{"type":"Point","coordinates":[4.699348,51.799671]},"properties":{"type":"charge","layer":"passenger","locationId":"NLCCH00105","name":"Dordrecht - Jonkheer van de Wall Repelaerstraat 45","address":"Jonkheer van de Wall Repelaerstraat 45","city":"Dordrecht","operatorName":"","maxPowerKw":11,"isMegawatt":false,"status":"AVAILABLE","source":"ndw","priceKwh":0.5549}},{"type":"Feature","geometry":{"type":"Point","coordinates":[4.659205,51.808817]},"properties":{"type":"charge","layer":"passenger","locationId":"65f988da31c09a001cabfbf1","name":"Dordrecht/Burg. de Raadtsingel 229","address":"Burg. de Raadtsingel 229","city":"Dordrecht","operatorName":"E-Flux by Road","maxPowerKw":14,"isMegawatt":false,"status":"AVAILABLE","source":"ndw","priceKwh":0.5217}},{"type":"Feature","geometry":{"type":"Point","coordinates":[4.673395,51.788131]},"properties":{"type":"charge","layer":"passenger","locationId":"NLLOC010864","name":"NL, Uranuslaan 12, 3318 EV, Dordrecht","address":"Uranuslaan 12","city":"Dordrecht","operatorName":"Allego","maxPowerKw":11,"isMegawatt":false,"status":"AVAILABLE","source":"ndw","priceKwh":0.511}},{"type":"Feature","geometry":{"type":"Point","coordinates":[4.685744,51.806606]},"properties":{"type":"charge","layer":"passenger","locationId":"NLLOC027714","name":"NL, Ceramstraat 136, 3312 SK Dordrecht","address":"Ceramstraat 136","city":"Dordrecht","operatorName":"Allego","maxPowerKw":11,"isMegawatt":false,"status":"AVAILABLE","source":"ndw","priceKwh":0.511}},{"type":"Feature","geometry":{"type":"Point","coordinates":[4.670251,51.797176]},"properties":{"type":"charge","layer":"passenger","locationId":"NLLOC026456","name":"NL, Gentiana 9, 3317HH, Dordrecht","address":"Gentiana 9","city":"Dordrecht","operatorName":"Allego","maxPowerKw":11,"isMegawatt":false,"status":"AVAILABLE","source":"ndw","priceKwh":0.511}},{"type":"Feature","geometry":{"type":"Point","coordinates":[4.638309,51.768438]},"properties":{"type":"charge","layer":"passenger","locationId":"3635912","name":"Laadnet EBN","address":"Heliotroopring 1100","city":"Dordrecht","operatorName":"Laadnet","maxPowerKw":22,"isMegawatt":false,"status":"AVAILABLE","source":"ndw"}},{"type":"Feature","geometry":{"type":"Point","coordinates":[4.639439,51.781502]},"properties":{"type":"charge","layer":"passenger","locationId":"NLCCH00823","name":"Dordrecht - Maxwellstraat 2","address":"Maxwellstraat 2","city":"Dordrecht","operatorName":"","maxPowerKw":11,"isMegawatt":false,"status":"AVAILABLE","source":"ndw","priceKwh":0.5549}},{"type":"Feature","geometry":{"type":"Point","coordinates":[4.670274,51.811135]},"properties":{"type":"charge","layer":"passenger","locationId":"NLLOC008309","name":"NL, Cornelis de Wittstraat 22, 3311 GD Dordrecht","address":"Cornelis de Wittstraat 22","city":"Dordrecht","operatorName":"Allego","maxPowerKw":11,"isMegawatt":false,"status":"AVAILABLE","source":"ndw","priceKwh":0.511}},{"type":"Feature","geometry":{"type":"Point","coordinates":[4.639831,51.779553]},"properties":{"type":"charge","layer":"passenger","locationId":"668d07fed3a20c001c307485","name":"Huibert Slingerland 's station","address":"Madame curiestraat  4","city":"Dordrecht","operatorName":"Lanova Laadpalen","maxPowerKw":22,"isMegawatt":false,"status":"AVAILABLE","source":"ndw","priceKwh":0.53}},{"type":"Feature","geometry":{"type":"Point","coordinates":[4.682634,51.798077]},"properties":{"type":"charge","layer":"passenger","locationId":"4233601","name":"Laadnet Dordrecht EV2","address":"Romboutslaan 101","city":"Dordrecht","operatorName":"Laadnet","maxPowerKw":22,"isMegawatt":false,"status":"AVAILABLE","source":"ndw"}},{"type":"Feature","geometry":{"type":"Point","coordinates":[4.711856,51.804924]},"properties":{"type":"charge","layer":"passenger","locationId":"NLLOC020700","name":"NL, Chico Mendesring 92, 3315MB, Dordrecht","address":"Chico Mendesring 92","city":"Dordrecht","operatorName":"Allego","maxPowerKw":11,"isMegawatt":false,"status":"AVAILABLE","source":"ndw","priceKwh":0.511}},{"type":"Feature","geometry":{"type":"Point","coordinates":[4.664745,51.797889]},"properties":{"type":"charge","layer":"passenger","locationId":"NLLOC027763","name":"NL, Patersweg 15, 3314 HT, Dordrecht","address":"Patersweg 15","city":"Dordrecht","operatorName":"Allego","maxPowerKw":11,"isMegawatt":false,"status":"AVAILABLE","source":"ndw","priceKwh":0.511}},{"type":"Feature","geometry":{"type":"Point","coordinates":[4.684794,51.785527]},"properties":{"type":"charge","layer":"passenger","locationId":"NLLOC006794","name":"NL, Leeuwstraat 17, 3318 VB, Dordrecht","address":"Leeuwstraat 17","city":"Dordrecht","operatorName":"Allego","maxPowerKw":11,"isMegawatt":false,"status":"AVAILABLE","source":"ndw","priceKwh":0.511}},{"type":"Feature","geometry":{"type":"Point","coordinates":[4.72171,51.813104]},"properties":{"type":"charge","layer":"passenger","locationId":"6499ba1ee3e124001cbb7c7c","name":"Dordrecht/Oosterdiep","address":"oosterdiep 2","city":"Dordrecht","operatorName":"E-Flux by Road","maxPowerKw":14,"isMegawatt":false,"status":"AVAILABLE","source":"ndw","priceKwh":0.5217}},{"type":"Feature","geometry":{"type":"Point","coordinates":[4.680591,51.818869]},"properties":{"type":"charge","layer":"passenger","locationId":"4d460d9f9ff04a66a15edd71a9826246","name":"Bouwlocatie JP van Eesteren Stadswerven Dordrecht","address":"Werf van de Biesbosch 48","city":"Dordrecht","operatorName":"NRG Accounting","maxPowerKw":11,"isMegawatt":false,"status":"UNAVAILABLE","source":"ndw","priceKwh":0.6}},{"type":"Feature","geometry":{"type":"Point","coordinates":[4.679582,51.808646]},"properties":{"type":"charge","layer":"passenger","locationId":"64624855846519001294f072","name":"Dordrecht/Reeweg Oost 43 3312CK","address":"Reeweg Oost  43","city":"Dordrecht","operatorName":"E-Flux by Road","maxPowerKw":14,"isMegawatt":false,"status":"AVAILABLE","source":"ndw","priceKwh":0.5217}},{"type":"Feature","geometry":{"type":"Point","coordinates":[4.652131,51.780067]},"properties":{"type":"charge","layer":"passenger","locationId":"685ba2b2c38e3805dffcbde4","name":"Dordrecht /Hogewei 15 ELP 1 / Laadpaal A","address":"Hogewei  15 A","city":"Dordrecht","operatorName":"E-Flux by Road","maxPowerKw":14,"isMegawatt":false,"status":"AVAILABLE","source":"ndw","priceKwh":0.5217}},{"type":"Feature","geometry":{"type":"Point","coordinates":[4.65888,51.805324]},"properties":{"type":"charge","layer":"passenger","locationId":"NLLOC009469","name":"NL, Van Baerlestraat 92, 3314BL, Dordrecht","address":"Van Baerlestraat 92","city":"Dordrecht","operatorName":"Allego","maxPowerKw":11,"isMegawatt":false,"status":"AVAILABLE","source":"ndw","priceKwh":0.511}},{"type":"Feature","geometry":{"type":"Point","coordinates":[4.644483,51.770306]},"properties":{"type":"charge","layer":"passenger","locationId":"NLLOC000237","name":"NLD, Dordrecht, Keerweer 42","address":"Keerweer 42","city":"Dordrecht","operatorName":"Allego","maxPowerKw":11,"isMegawatt":false,"status":"AVAILABLE","source":"ndw","priceKwh":0.511}},{"type":"Feature","geometry":{"type":"Point","coordinates":[4.685616,51.80952]},"properties":{"type":"charge","layer":"passenger","locationId":"67af11586ad5f2eafdae24bd","name":"Dordrecht/Billitonstraat 20","address":"Billitonstraat 20","city":"Dordrecht","operatorName":"E-Flux by Road","maxPowerKw":14,"isMegawatt":false,"status":"AVAILABLE","source":"ndw","priceKwh":0.5217}},{"type":"Feature","geometry":{"type":"Point","coordinates":[4.650135,51.793021]},"properties":{"type":"charge","layer":"passenger","locationId":"67370036e8eb0855d961f86f","name":"Dordrecht/Jan van Galenstraat 20","address":"Jan van Galenstraat 20","city":"Dordrecht","operatorName":"E-Flux by Road","maxPowerKw":14,"isMegawatt":false,"status":"AVAILABLE","source":"ndw","priceKwh":0.5217}},{"type":"Feature","geometry":{"type":"Point","coordinates":[4.670689,51.809104]},"properties":{"type":"charge","layer":"passenger","locationId":"NLLOC003025","name":"NLD, Dordrecht, Nicolaas Maessingel 213","address":"Nicolaas Maessingel 213","city":"Dordrecht","operatorName":"Allego","maxPowerKw":11,"isMegawatt":false,"status":"AVAILABLE","source":"ndw","priceKwh":0.511}},{"type":"Feature","geometry":{"type":"Point","coordinates":[4.724865,51.794724]},"properties":{"type":"charge","layer":"passenger","locationId":"6800d25505014dc7b298ef9a","name":"Marc Verschure 's station","address":"Oudendijk 255","city":"Dordrecht","operatorName":"E-Flux by Road","maxPowerKw":22,"isMegawatt":false,"status":"AVAILABLE","source":"ndw","priceKwh":0.43}},{"type":"Feature","geometry":{"type":"Point","coordinates":[4.70939,51.796543]},"properties":{"type":"charge","layer":"passenger","locationId":"NLLOC025210","name":"NL, Laurierstraat 13, 3319 HK Dordrecht","address":"Laurierstraat 13","city":"Dordrecht","operatorName":"Allego","maxPowerKw":11,"isMegawatt":false,"status":"AVAILABLE","source":"ndw","priceKwh":0.511}},{"type":"Feature","geometry":{"type":"Point","coordinates":[4.676645,51.809094]},"properties":{"type":"charge","layer":"passenger","locationId":"NLLOC004173","name":"NLD, Dordrecht, Toulonselaan 11","address":"Toulonselaan 11","city":"Dordrecht","operatorName":"Allego","maxPowerKw":11,"isMegawatt":false,"status":"AVAILABLE","source":"ndw","priceKwh":0.511}},{"type":"Feature","geometry":{"type":"Point","coordinates":[4.676884,51.814618]},"properties":{"type":"charge","layer":"passenger","locationId":"NLLOC000030","name":"NLD, Dordrecht, Matena's Pad 60","address":"Matena's Pad 60","city":"Dordrecht","operatorName":"Allego","maxPowerKw":11,"isMegawatt":false,"status":"AVAILABLE","source":"ndw","priceKwh":0.511}},{"type":"Feature","geometry":{"type":"Point","coordinates":[4.721795,51.804679]},"properties":{"type":"charge","layer":"passenger","locationId":"NLLOC009204","name":"NL, Berlage-Erf 51 3315 JJ Dordrecht","address":"Berlage-Erf 51","city":"Dordrecht","operatorName":"Allego","maxPowerKw":11,"isMegawatt":false,"status":"AVAILABLE","source":"ndw","priceKwh":0.511}},{"type":"Feature","geometry":{"type":"Point","coordinates":[4.672433,51.805499]},"properties":{"type":"charge","layer":"passenger","locationId":"NLLOC005921","name":"NLD Mauritsweg 38, 3314 JH Dordrecht","address":"Mauritsweg 38","city":"Dordrecht","operatorName":"Allego","maxPowerKw":11,"isMegawatt":false,"status":"AVAILABLE","source":"ndw","priceKwh":0.511}},{"type":"Feature","geometry":{"type":"Point","coordinates":[4.70604,51.807484]},"properties":{"type":"charge","layer":"passenger","locationId":"NLLOC000194","name":"NLD, Dordrecht, Chico Mendesring 459","address":"Chico Mendesring 459","city":"Dordrecht","operatorName":"Allego","maxPowerKw":11,"isMegawatt":false,"status":"AVAILABLE","source":"ndw","priceKwh":0.511}},{"type":"Feature","geometry":{"type":"Point","coordinates":[4.685675,51.780765]},"properties":{"type":"charge","layer":"passenger","locationId":"NLLOC001378","name":"NLD, Dordrecht, Minnaertweg 42","address":"Minnaertweg 42","city":"Dordrecht","operatorName":"Allego","maxPowerKw":22,"isMegawatt":false,"status":"AVAILABLE","source":"ndw","priceKwh":0.511}},{"type":"Feature","geometry":{"type":"Point","coordinates":[4.713279,51.806001]},"properties":{"type":"charge","layer":"passenger","locationId":"NLLOC006202","name":"NL, Chico Mendesring 160, 3315MB, Dordrecht","address":"Chico Mendesring 160","city":"Dordrecht","operatorName":"Allego","maxPowerKw":11,"isMegawatt":false,"status":"AVAILABLE","source":"ndw","priceKwh":0.511}},{"type":"Feature","geometry":{"type":"Point","coordinates":[4.67377,51.819436]},"properties":{"type":"charge","layer":"passenger","locationId":"NLLOC001638","name":"NLD, Dordrecht, Merwekade 66","address":"Merwekade 66","city":"Dordrecht","operatorName":"Allego","maxPowerKw":11,"isMegawatt":false,"status":"AVAILABLE","source":"ndw","priceKwh":0.511}},{"type":"Feature","geometry":{"type":"Point","coordinates":[4.659757,51.788395]},"properties":{"type":"charge","layer":"passenger","locationId":"NLLOC023663","name":"NL, Treubstraat 21, 3371LS, Dordrecht","address":"Treubstraat 21","city":"Dordrecht","operatorName":"Allego","maxPowerKw":11,"isMegawatt":false,"status":"AVAILABLE","source":"ndw","priceKwh":0.511}},{"type":"Feature","geometry":{"type":"Point","coordinates":[4.669823,51.771206]},"properties":{"type":"charge","layer":"passenger","locationId":"NLLOC014909","name":"NL, Weerdestein 153, 3328MN, Dordrecht","address":"Weerdestein 153","city":"Dordrecht","operatorName":"Allego","maxPowerKw":11,"isMegawatt":false,"status":"CHARGING","source":"ndw","priceKwh":0.511}},{"type":"Feature","geometry":{"type":"Point","coordinates":[4.668725,51.803707]},"properties":{"type":"charge","layer":"passenger","locationId":"NLLOC011609","name":"NL, Amalia van Solmsstraat 5, 3314 LD, Dordrecht","address":"Amalia van Solmsstraat 5","city":"Dordrecht","operatorName":"Allego","maxPowerKw":11,"isMegawatt":false,"status":"AVAILABLE","source":"ndw","priceKwh":0.511}},{"type":"Feature","geometry":{"type":"Point","coordinates":[4.69517,51.795863]},"properties":{"type":"charge","layer":"passenger","locationId":"NLLOC001143","name":"NLD, Dordrecht, Drakensteynlaan 29","address":"Drakensteynlaan 29","city":"Dordrecht","operatorName":"Allego","maxPowerKw":22,"isMegawatt":false,"status":"AVAILABLE","source":"ndw","priceKwh":0.511}},{"type":"Feature","geometry":{"type":"Point","coordinates":[4.667188,51.818449]},"properties":{"type":"charge","layer":"passenger","locationId":"NLLOC025733","name":"NL, Kuipershaven 38, 3311AL, Dordrecht","address":"Kuipershaven 38","city":"Dordrecht","operatorName":"Allego","maxPowerKw":11,"isMegawatt":false,"status":"AVAILABLE","source":"ndw","priceKwh":0.511}},{"type":"Feature","geometry":{"type":"Point","coordinates":[4.671188,51.791633]},"properties":{"type":"charge","layer":"passenger","locationId":"NLLOC001461","name":"NLD, Dordrecht, Spirea 5","address":"Spirea 5","city":"Dordrecht","operatorName":"Allego","maxPowerKw":22,"isMegawatt":false,"status":"AVAILABLE","source":"ndw","priceKwh":0.511}},{"type":"Feature","geometry":{"type":"Point","coordinates":[4.625184,51.793712]},"properties":{"type":"charge","layer":"passenger","locationId":"4227419","name":"Laadnet Mampaey Offshore Industries BV","address":"Jacobus Lipsweg 38","city":"Dordrecht","operatorName":"Laadnet","maxPowerKw":22,"isMegawatt":false,"status":"AVAILABLE","source":"ndw"}},{"type":"Feature","geometry":{"type":"Point","coordinates":[4.722899,51.799048]},"properties":{"type":"charge","layer":"passenger","locationId":"63c01c9cceeefb0012ecbcf9","name":"Dordrecht/Selma Lagerlof-Erf","address":"Selma Lagerlof-Erf 200","city":"Dordrecht","operatorName":"E-Flux by Road","maxPowerKw":14,"isMegawatt":false,"status":"AVAILABLE","source":"ndw","priceKwh":0.5217}},{"type":"Feature","geometry":{"type":"Point","coordinates":[4.644751,51.779139]},"properties":{"type":"charge","layer":"passenger","locationId":"646222e05f89f60012b5524a","name":"Grand Cru wijnen","address":"Rijksstraatweg 24","city":"Dordrecht","operatorName":"E-Flux by Road","maxPowerKw":11,"isMegawatt":false,"status":"UNAVAILABLE","source":"ndw"}},{"type":"Feature","geometry":{"type":"Point","coordinates":[4.703492,51.804068]},"properties":{"type":"charge","layer":"passenger","locationId":"66883cdf0f6da1001cdf4c17","name":"Dordrecht/Jan Valserweg 10","address":"Jan Valsterweg 10","city":"Dordrecht","operatorName":"E-Flux by Road","maxPowerKw":11,"isMegawatt":false,"status":"AVAILABLE","source":"ndw","priceKwh":0.5217}},{"type":"Feature","geometry":{"type":"Point","coordinates":[4.709284,51.81808]},"properties":{"type":"charge","layer":"passenger","locationId":"648e1b0a-a08a-48f0-8a06-388953067048","name":"Kerkeplaat","address":"Kerkeplaat 2","city":"Dordrecht","operatorName":"Vattenfall InCharge","maxPowerKw":50,"isMegawatt":false,"status":"AVAILABLE","source":"ndw"}},{"type":"Feature","geometry":{"type":"Point","coordinates":[4.658104,51.803579]},"properties":{"type":"charge","layer":"passenger","locationId":"NLLOC020486","name":"NL, Brouwersdijk 4, 3341GR Dordrecht","address":"Brouwersdijk 4","city":"Dordrecht","operatorName":"Allego","maxPowerKw":11,"isMegawatt":false,"status":"AVAILABLE","source":"ndw","priceKwh":0.511}},{"type":"Feature","geometry":{"type":"Point","coordinates":[4.659699,51.798053]},"properties":{"type":"charge","layer":"passenger","locationId":"6703a296f8cd53001c18e717","name":"Dordrecht/Weissenbruchstraat 2","address":"Weissenbruchstraat 2","city":"Dordrecht","operatorName":"E-Flux by Road","maxPowerKw":14,"isMegawatt":false,"status":"AVAILABLE","source":"ndw","priceKwh":0.5217}},{"type":"Feature","geometry":{"type":"Point","coordinates":[4.680034,51.774588]},"properties":{"type":"charge","layer":"passenger","locationId":"NLLOC000773","name":"NLD, Dordrecht, Pijnenburg 1","address":"Pijnenburg 1","city":"Dordrecht","operatorName":"Allego","maxPowerKw":11,"isMegawatt":false,"status":"AVAILABLE","source":"ndw","priceKwh":0.511}},{"type":"Feature","geometry":{"type":"Point","coordinates":[4.730737,51.801411]},"properties":{"type":"charge","layer":"passenger","locationId":"NLLOC015915","name":"NL, Simon Vestdijk-erf 168, 3315CW, Dordrecht","address":"Simon Vestdijk-erf 168","city":"Dordrecht","operatorName":"Allego","maxPowerKw":11,"isMegawatt":false,"status":"AVAILABLE","source":"ndw","priceKwh":0.511}},{"type":"Feature","geometry":{"type":"Point","coordinates":[4.655106,51.769694]},"properties":{"type":"charge","layer":"passenger","locationId":"666bea5153e295001cf34be1","name":"Dordrecht/Buitenplaats 116","address":"Buitenplaats 116","city":"Dordrecht","operatorName":"E-Flux by Road","maxPowerKw":14,"isMegawatt":false,"status":"AVAILABLE","source":"ndw","priceKwh":0.5217}},{"type":"Feature","geometry":{"type":"Point","coordinates":[4.672739,51.814461]},"properties":{"type":"charge","layer":"passenger","locationId":"NLLOC009584","name":"NL, Vest 105, 3311 TT Dordrecht","address":"Vest 105","city":"Dordrecht","operatorName":"Allego","maxPowerKw":11,"isMegawatt":false,"status":"AVAILABLE","source":"ndw","priceKwh":0.511}},{"type":"Feature","geometry":{"type":"Point","coordinates":[4.663122,51.801724]},"properties":{"type":"charge","layer":"passenger","locationId":"NLLOC006839","name":"NL, J.J.A. Goeverneurstraat 41, 3314rk, Dordrecht","address":"J.J.A. Goeverneurstraat 41","city":"Dordrecht","operatorName":"Allego","maxPowerKw":11,"isMegawatt":false,"status":"AVAILABLE","source":"ndw","priceKwh":0.511}},{"type":"Feature","geometry":{"type":"Point","coordinates":[4.679226,51.780808]},"properties":{"type":"charge","layer":"passenger","locationId":"NLLOC001232","name":"NLD, Dordrecht, Stratosfeerstraat 1","address":"Stratosfeerstraat 1","city":"Dordrecht","operatorName":"Allego","maxPowerKw":11,"isMegawatt":false,"status":"AVAILABLE","source":"ndw","priceKwh":0.511}},{"type":"Feature","geometry":{"type":"Point","coordinates":[4.686729,51.779316]},"properties":{"type":"charge","layer":"passenger","locationId":"NLCCH00940","name":"Dordrecht - Kameleonring 46","address":"Kameleonring 46","city":"Dordrecht","operatorName":"","maxPowerKw":11,"isMegawatt":false,"status":"AVAILABLE","source":"ndw","priceKwh":0.5549}},{"type":"Feature","geometry":{"type":"Point","coordinates":[4.652122,51.783418]},"properties":{"type":"charge","layer":"passenger","locationId":"66604974ad6e7c001c818536","name":"Dordrecht/Van der Steenhovenplein 42 ELP3","address":"Van der Steenhovenplein 42","city":"Dordrecht","operatorName":"E-Flux by Road","maxPowerKw":14,"isMegawatt":false,"status":"UNAVAILABLE","source":"ndw","priceKwh":0.5217}},{"type":"Feature","geometry":{"type":"Point","coordinates":[4.670358,51.815709]},"properties":{"type":"charge","layer":"passenger","locationId":"NLLOC004980","name":"NLD, Dordrecht, Steegoversloot 29","address":"Steegoversloot 29","city":"Dordrecht","operatorName":"Allego","maxPowerKw":11,"isMegawatt":false,"status":"AVAILABLE","source":"ndw","priceKwh":0.511}},{"type":"Feature","geometry":{"type":"Point","coordinates":[4.677184,51.813267]},"properties":{"type":"charge","layer":"passenger","locationId":"658999c072df7d001c5107f3","name":"Dordrecht/Singel 76","address":"Singel  76","city":"Dordrecht","operatorName":"E-Flux by Road","maxPowerKw":14,"isMegawatt":false,"status":"AVAILABLE","source":"ndw","priceKwh":0.5217}},{"type":"Feature","geometry":{"type":"Point","coordinates":[4.683272,51.814]},"properties":{"type":"charge","layer":"passenger","locationId":"NLLOC027184","name":"NL, Noordendijk 250, 3311 RR Dordrecht","address":"Noordendijk 250","city":"Dordrecht","operatorName":"Allego","maxPowerKw":11,"isMegawatt":false,"status":"AVAILABLE","source":"ndw","priceKwh":0.511}},{"type":"Feature","geometry":{"type":"Point","coordinates":[4.666773,51.788378]},"properties":{"type":"charge","layer":"passenger","locationId":"NLLOC021913","name":"NL, Abraham Kuyperweg 276, 3317 KJ Dordrecht","address":"Abraham Kuyperweg 276","city":"Dordrecht","operatorName":"Allego","maxPowerKw":11,"isMegawatt":false,"status":"AVAILABLE","source":"ndw","priceKwh":0.511}},{"type":"Feature","geometry":{"type":"Point","coordinates":[4.727338,51.804276]},"properties":{"type":"charge","layer":"passenger","locationId":"NLLOC001059","name":"NLD, Dordrecht, Van den Broek-Erf 282","address":"Van den Broek-Erf 282","city":"Dordrecht","operatorName":"Allego","maxPowerKw":11,"isMegawatt":false,"status":"AVAILABLE","source":"ndw","priceKwh":0.511}},{"type":"Feature","geometry":{"type":"Point","coordinates":[4.68205,51.803407]},"properties":{"type":"charge","layer":"passenger","locationId":"NLCCH00400","name":"Dordrecht - Eemsteynplein 27","address":"Eemsteynplein 27","city":"Dordrecht","operatorName":"","maxPowerKw":11,"isMegawatt":false,"status":"AVAILABLE","source":"ndw","priceKwh":0.5549}},{"type":"Feature","geometry":{"type":"Point","coordinates":[4.646204,51.77536]},"properties":{"type":"charge","layer":"passenger","locationId":"NLLOC027788","name":"Allego - Postillion Dordrecht A16","address":"Rijksstraatweg 30","city":"Dordrecht","operatorName":"Allego","maxPowerKw":300,"isMegawatt":false,"status":"AVAILABLE","source":"ndw","priceKwh":0.655}},{"type":"Feature","geometry":{"type":"Point","coordinates":[4.730049,51.803598]},"properties":{"type":"charge","layer":"passenger","locationId":"NLLOC016931","name":"NL, Rietveld-erf 12, 3315 DA Dordrecht","address":"Rietveld-erf 12","city":"Dordrecht","operatorName":"Allego","maxPowerKw":11,"isMegawatt":false,"status":"UNAVAILABLE","source":"ndw","priceKwh":0.511}},{"type":"Feature","geometry":{"type":"Point","coordinates":[4.670821,51.77718]},"properties":{"type":"charge","layer":"passenger","locationId":"64356fb0b2021700122a0459","name":"Dordrecht/Arentsburg 61","address":"Arentsburg  61","city":"Dordrecht","operatorName":"E-Flux by Road","maxPowerKw":14,"isMegawatt":false,"status":"AVAILABLE","source":"ndw","priceKwh":0.5217}},{"type":"Feature","geometry":{"type":"Point","coordinates":[4.647196,51.775277]},"properties":{"type":"charge","layer":"passenger","locationId":"NLLOC000910","name":"NLD, Postillion Hotel Dordrecht, Rijksstraatweg 30, Dordrecht","address":"Rijksstraatweg 30","city":"Dordrecht","operatorName":"Allego","maxPowerKw":11,"isMegawatt":false,"status":"CHARGING","source":"ndw","priceKwh":0.511}},{"type":"Feature","geometry":{"type":"Point","coordinates":[4.707815,51.808942]},"properties":{"type":"charge","layer":"passenger","locationId":"NLLOC000730","name":"NLD, Dordrecht, Chico Mendesring 379","address":"Chico Mendesring 379","city":"Dordrecht","operatorName":"Allego","maxPowerKw":11,"isMegawatt":false,"status":"AVAILABLE","source":"ndw","priceKwh":0.511}},{"type":"Feature","geometry":{"type":"Point","coordinates":[4.693391,51.80262]},"properties":{"type":"charge","layer":"passenger","locationId":"67ec00ccc429ce609fecdb22","name":"DFC Laadstation","address":"reewegoost 267","city":"Dordrecht","operatorName":"E-Flux by Road","maxPowerKw":22,"isMegawatt":false,"status":"AVAILABLE","source":"ndw","priceKwh":0.58}},{"type":"Feature","geometry":{"type":"Point","coordinates":[4.677977,51.775598]},"properties":{"type":"charge","layer":"passenger","locationId":"64904009c8a823001ba4676d","name":"Dordrecht/Zuilenburg","address":"Zuilenburg 81","city":"Dordrecht","operatorName":"E-Flux by Road","maxPowerKw":14,"isMegawatt":false,"status":"AVAILABLE","source":"ndw","priceKwh":0.5217}},{"type":"Feature","geometry":{"type":"Point","coordinates":[4.71807,51.799473]},"properties":{"type":"charge","layer":"passenger","locationId":"6666c4be56cef7001c63159c","name":"Dordrecht/Suze Groeneweg-erf 420","address":"Suze Groeneweg-erf  420","city":"Dordrecht","operatorName":"E-Flux by Road","maxPowerKw":14,"isMegawatt":false,"status":"AVAILABLE","source":"ndw","priceKwh":0.5217}},{"type":"Feature","geometry":{"type":"Point","coordinates":[4.673652,51.77559]},"properties":{"type":"charge","layer":"passenger","locationId":"NLLOC000306","name":"NLD, Dordrecht, Essenburg 121","address":"Essenburg 121","city":"Dordrecht","operatorName":"Allego","maxPowerKw":22,"isMegawatt":false,"status":"AVAILABLE","source":"ndw","priceKwh":0.511}},{"type":"Feature","geometry":{"type":"Point","coordinates":[4.663851,51.787536]},"properties":{"type":"charge","layer":"passenger","locationId":"NLLOC004363","name":"NLD, Dordrecht, Groen van Prinstererweg 261","address":"Groen van Prinstererweg 261","city":"Dordrecht","operatorName":"Allego","maxPowerKw":11,"isMegawatt":false,"status":"AVAILABLE","source":"ndw","priceKwh":0.511}},{"type":"Feature","geometry":{"type":"Point","coordinates":[4.638363,51.77716]},"properties":{"type":"charge","layer":"passenger","locationId":"656871abb00575001ccec68a","name":"Laadpaal 1","address":"Daltonstraat 30","city":"Dordrecht","operatorName":"E-Flux by Road","maxPowerKw":22,"isMegawatt":false,"status":"AVAILABLE","source":"ndw","priceKwh":0.59}},{"type":"Feature","geometry":{"type":"Point","coordinates":[4.668149,51.772928]},"properties":{"type":"charge","layer":"passenger","locationId":"NLLOC000622","name":"NLD, Dordrecht, Assumburg 88","address":"Assumburg 88","city":"Dordrecht","operatorName":"Allego","maxPowerKw":11,"isMegawatt":false,"status":"CHARGING","source":"ndw","priceKwh":0.511}},{"type":"Feature","geometry":{"type":"Point","coordinates":[4.653113,51.792242]},"properties":{"type":"charge","layer":"passenger","locationId":"NLLOC003108","name":"NLD, Dordrecht, Jacob van Heemskerckstraat 53","address":"Jacob van Heemskerckstraat 53","city":"Dordrecht","operatorName":"Allego","maxPowerKw":11,"isMegawatt":false,"status":"AVAILABLE","source":"ndw","priceKwh":0.511}},{"type":"Feature","geometry":{"type":"Point","coordinates":[4.627677,51.798212]},"properties":{"type":"charge","layer":"passenger","locationId":"6422c9bf4f763a0012626c09","name":"KSGS008(LGMG)","address":"Donker Duyvisweg 301","city":"Dordrecht","operatorName":"E-Flux by Road","maxPowerKw":22,"isMegawatt":false,"status":"AVAILABLE","source":"ndw","priceKwh":0.28}},{"type":"Feature","geometry":{"type":"Point","coordinates":[4.72627,51.796057]},"properties":{"type":"charge","layer":"passenger","locationId":"667d3687c93de5001c044967","name":"Dordrecht/Frida Katz-Erf 191","address":"Frida Katz-Erf 191","city":"Dordrecht","operatorName":"E-Flux by Road","maxPowerKw":14,"isMegawatt":false,"status":"AVAILABLE","source":"ndw","priceKwh":0.5217}},{"type":"Feature","geometry":{"type":"Point","coordinates":[4.671094,51.792877]},"properties":{"type":"charge","layer":"passenger","locationId":"6854012a453ebd4eddcb6001","name":"Dordrecht / Campanula 122 /3317HE","address":"Campanula  122","city":"Dordrecht","operatorName":"E-Flux by Road","maxPowerKw":14,"isMegawatt":false,"status":"AVAILABLE","source":"ndw","priceKwh":0.5217}},{"type":"Feature","geometry":{"type":"Point","coordinates":[4.698594,51.817774]},"properties":{"type":"charge","layer":"passenger","locationId":"NLLOC017704","name":"NL, Markstraat 3, 3313GM Dordrecht","address":"Markstraat 3","city":"Dordrecht","operatorName":"Allego","maxPowerKw":11,"isMegawatt":false,"status":"AVAILABLE","source":"ndw","priceKwh":0.511}},{"type":"Feature","geometry":{"type":"Point","coordinates":[4.712915,51.816097]},"properties":{"type":"charge","layer":"passenger","locationId":"66f3f67d236cc4001c0c0431","name":"Dordrecht/Schipbeekstraat 174","address":"Schipbeekstraat 174","city":"Dordrecht","operatorName":"E-Flux by Road","maxPowerKw":14,"isMegawatt":false,"status":"AVAILABLE","source":"ndw","priceKwh":0.5217}},{"type":"Feature","geometry":{"type":"Point","coordinates":[4.721019,51.811827]},"properties":{"type":"charge","layer":"passenger","locationId":"NLLOC011425","name":"NL Oosterdiep 48, 3313TG, Dordrecht","address":"Oosterdiep 48","city":"Dordrecht","operatorName":"Allego","maxPowerKw":11,"isMegawatt":false,"status":"AVAILABLE","source":"ndw","priceKwh":0.511}},{"type":"Feature","geometry":{"type":"Point","coordinates":[4.627677,51.798212]},"properties":{"type":"charge","layer":"passenger","locationId":"6422c72a3021bb0012debdaa","name":"KSGS007(LGMG)","address":"Donker Duyvisweg  301","city":"Dordrecht","operatorName":"E-Flux by Road","maxPowerKw":22,"isMegawatt":false,"status":"AVAILABLE","source":"ndw","priceKwh":0.28}},{"type":"Feature","geometry":{"type":"Point","coordinates":[4.661162,51.770136]},"properties":{"type":"charge","layer":"passenger","locationId":"NLLOC001377","name":"NLD, Dordrecht, Moestuin 1","address":"Moestuin 1","city":"Dordrecht","operatorName":"Allego","maxPowerKw":11,"isMegawatt":false,"status":"CHARGING","source":"ndw","priceKwh":0.511}},{"type":"Feature","geometry":{"type":"Point","coordinates":[4.638393,51.769616]},"properties":{"type":"charge","layer":"passenger","locationId":"NLCPIL7302845","name":"FOURCE BV DORDRECHT 4","address":"300 Labradoriet","city":"Dordrecht","operatorName":"ChargePoint","maxPowerKw":22,"isMegawatt":false,"status":"AVAILABLE","source":"ndw","priceKwh":0.5}},{"type":"Feature","geometry":{"type":"Point","coordinates":[4.668185,51.789378]},"properties":{"type":"charge","layer":"passenger","locationId":"69c678587ed633a630e086e1","name":"Dordrecht/ Vorrinklaan 3","address":"Vorrinklaan 3","city":"Dordrecht","operatorName":"E-Flux by Road","maxPowerKw":14,"isMegawatt":false,"status":"AVAILABLE","source":"ndw","priceKwh":0.5217}},{"type":"Feature","geometry":{"type":"Point","coordinates":[4.70939,51.79275]},"properties":{"type":"charge","layer":"passenger","locationId":"NL000027","name":"Gravensingel 205 Dordrecht","address":"Gravensingel 205","city":"Dordrecht","operatorName":"StellaPower®","maxPowerKw":17,"isMegawatt":false,"status":"AVAILABLE","source":"ndw","priceKwh":0.471}},{"type":"Feature","geometry":{"type":"Point","coordinates":[4.652475,51.795298]},"properties":{"type":"charge","layer":"passenger","locationId":"NLLOC004504","name":"NLD Zeehavenlaan 106, 3317 ZT Dordrecht","address":"Zeehavenlaan 106","city":"Dordrecht","operatorName":"Allego","maxPowerKw":11,"isMegawatt":false,"status":"AVAILABLE","source":"ndw","priceKwh":0.511}},{"type":"Feature","geometry":{"type":"Point","coordinates":[4.700083,51.801692]},"properties":{"type":"charge","layer":"passenger","locationId":"374c402a-4fe1-4bdf-96f5-623254624d2c","name":"bp pulse Dubbeldam","address":"Provincialeweg 11","city":"Dordrecht","operatorName":"bp pulse","maxPowerKw":150,"isMegawatt":false,"status":"AVAILABLE","source":"ndw","priceKwh":0.7}},{"type":"Feature","geometry":{"type":"Point","coordinates":[4.680591,51.818869]},"properties":{"type":"charge","layer":"passenger","locationId":"47f171cb889c4cca98b578a1d77d885c","name":"Bouwlocatie JP van Eesteren Stadswerven Dordrecht","address":"Werf van de Biesbosch 48","city":"Dordrecht","operatorName":"","maxPowerKw":11,"isMegawatt":false,"status":"AVAILABLE","source":"ndw","priceKwh":0.6}},{"type":"Feature","geometry":{"type":"Point","coordinates":[4.699561,51.797608]},"properties":{"type":"charge","layer":"passenger","locationId":"NLLOC002781","name":"NLD, Dordrecht, Nijhofflaan 92","address":"Nijhofflaan 92","city":"Dordrecht","operatorName":"Allego","maxPowerKw":11,"isMegawatt":false,"status":"AVAILABLE","source":"ndw","priceKwh":0.511}},{"type":"Feature","geometry":{"type":"Point","coordinates":[4.647635,51.788073]},"properties":{"type":"charge","layer":"passenger","locationId":"144e07a1792749cda05ebefbdb289fd3","name":"Croonwolter&dros Dordrecht","address":"Mijlweg 75","city":"Dordrecht","operatorName":"NRG Accounting","maxPowerKw":11,"isMegawatt":false,"status":"AVAILABLE","source":"ndw","priceKwh":0.52}},{"type":"Feature","geometry":{"type":"Point","coordinates":[4.714981,51.808803]},"properties":{"type":"charge","layer":"passenger","locationId":"NLLOC009205","name":"NL, Chico Mendesring 310, 3315NP, Dordrecht","address":"Chico Mendesring 310","city":"Dordrecht","operatorName":"Allego","maxPowerKw":11,"isMegawatt":false,"status":"UNAVAILABLE","source":"ndw","priceKwh":0.511}},{"type":"Feature","geometry":{"type":"Point","coordinates":[4.65241,51.804182]},"properties":{"type":"charge","layer":"passenger","locationId":"NLLOC006837","name":"NL, Diepenbrockweg 146, 3314CC, Dordrecht","address":"Diepenbrockweg 146","city":"Dordrecht","operatorName":"Allego","maxPowerKw":11,"isMegawatt":false,"status":"CHARGING","source":"ndw","priceKwh":0.511}},{"type":"Feature","geometry":{"type":"Point","coordinates":[4.676028,51.808421]},"properties":{"type":"charge","layer":"passenger","locationId":"66265e7b13e257001c9f8c26","name":"Dordrecht/Toulonselaan 56","address":"Toulonselaan 56","city":"Dordrecht","operatorName":"E-Flux by Road","maxPowerKw":14,"isMegawatt":false,"status":"AVAILABLE","source":"ndw","priceKwh":0.5217}},{"type":"Feature","geometry":{"type":"Point","coordinates":[4.700425,51.790538]},"properties":{"type":"charge","layer":"passenger","locationId":"NLLOC000580","name":"NLD, Dordrecht, Kastanjelaan 3","address":"Kastanjelaan 3","city":"Dordrecht","operatorName":"Allego","maxPowerKw":11,"isMegawatt":false,"status":"AVAILABLE","source":"ndw","priceKwh":0.511}},{"type":"Feature","geometry":{"type":"Point","coordinates":[4.715843,51.802403]},"properties":{"type":"charge","layer":"passenger","locationId":"NLLOC000087","name":"NLD, Dordrecht, Dudokplein 210","address":"Dudokplein 210","city":"Dordrecht","operatorName":"Allego","maxPowerKw":11,"isMegawatt":false,"status":"AVAILABLE","source":"ndw","priceKwh":0.511}},{"type":"Feature","geometry":{"type":"Point","coordinates":[4.683103,51.788562]},"properties":{"type":"charge","layer":"passenger","locationId":"NLLOC000652","name":"NLD, Dordrecht, Eddingtonweg 25","address":"Eddingtonweg 25","city":"Dordrecht","operatorName":"Allego","maxPowerKw":22,"isMegawatt":false,"status":"AVAILABLE","source":"ndw","priceKwh":0.511}},{"type":"Feature","geometry":{"type":"Point","coordinates":[4.668512,51.778273]},"properties":{"type":"charge","layer":"passenger","locationId":"NLLOC009551","name":"NL, Brittenburg 135, 3328 JD, Dordrecht","address":"Brittenburg 135","city":"Dordrecht","operatorName":"Allego","maxPowerKw":11,"isMegawatt":false,"status":"AVAILABLE","source":"ndw","priceKwh":0.511}},{"type":"Feature","geometry":{"type":"Point","coordinates":[4.638181,51.767566]},"properties":{"type":"charge","layer":"passenger","locationId":"NLCPIL7003975","name":"CUMMINS DORDT OLIVIJN 2","address":"800 Olivijn","city":"Dordrecht","operatorName":"ChargePoint","maxPowerKw":22,"isMegawatt":false,"status":"AVAILABLE","source":"ndw"}},{"type":"Feature","geometry":{"type":"Point","coordinates":[4.66757,51.778291]},"properties":{"type":"charge","layer":"passenger","locationId":"NLLOC010205","name":"NL, Brittenburg 123, 3328JD, Dordrecht","address":"Brittenburg 123","city":"Dordrecht","operatorName":"Allego","maxPowerKw":11,"isMegawatt":false,"status":"AVAILABLE","source":"ndw","priceKwh":0.511}},{"type":"Feature","geometry":{"type":"Point","coordinates":[4.691262,51.788248]},"properties":{"type":"charge","layer":"passenger","locationId":"667ec21de3b0c1001c2547b6","name":"Dordrecht/ Stevenshof 27","address":"Stevenshof 27","city":"Dordrecht","operatorName":"E-Flux by Road","maxPowerKw":11,"isMegawatt":false,"status":"AVAILABLE","source":"ndw","priceKwh":0.5217}},{"type":"Feature","geometry":{"type":"Point","coordinates":[4.644507,51.779081]},"properties":{"type":"charge","layer":"passenger","locationId":"fd227e5fac374869824bc46ca96ca855","name":"Dordrecht Grandcruwijnen B.V.","address":"Rijksstraatweg 24","city":"Dordrecht","operatorName":"Opcharge","maxPowerKw":11,"isMegawatt":false,"status":"AVAILABLE","source":"ndw","priceKwh":0.49}},{"type":"Feature","geometry":{"type":"Point","coordinates":[4.684895,51.792654]},"properties":{"type":"charge","layer":"passenger","locationId":"NLLOC003250","name":"NLD, Dordrecht, Overkampweg 109","address":"Overkampweg 109","city":"Dordrecht","operatorName":"Allego","maxPowerKw":11,"isMegawatt":false,"status":"AVAILABLE","source":"ndw","priceKwh":0.511}},{"type":"Feature","geometry":{"type":"Point","coordinates":[4.654929,51.811332]},"properties":{"type":"charge","layer":"passenger","locationId":"66f3ff549e41c3001d8180ee","name":"Dordrecht/Draai 15","address":"Draai 15","city":"Dordrecht","operatorName":"E-Flux by Road","maxPowerKw":14,"isMegawatt":false,"status":"AVAILABLE","source":"ndw","priceKwh":0.5217}},{"type":"Feature","geometry":{"type":"Point","coordinates":[4.657195,51.795904]},"properties":{"type":"charge","layer":"passenger","locationId":"67177412725186001cd4b69a","name":"Dordrecht/Zuidendijk 211","address":"Zuidendijk 211","city":"Dordrecht","operatorName":"E-Flux by Road","maxPowerKw":14,"isMegawatt":false,"status":"AVAILABLE","source":"ndw","priceKwh":0.5217}},{"type":"Feature","geometry":{"type":"Point","coordinates":[4.647415,51.774169]},"properties":{"type":"charge","layer":"passenger","locationId":"7e6a5e03-25d0-47f3-bca5-02ab9ead4883","name":"Rijksstraatweg","address":"Rijksstraatweg 32","city":"Dordrecht","operatorName":"Vattenfall InCharge","maxPowerKw":50,"isMegawatt":false,"status":"AVAILABLE","source":"ndw"}},{"type":"Feature","geometry":{"type":"Point","coordinates":[4.652215,51.800844]},"properties":{"type":"charge","layer":"passenger","locationId":"NLLOC001539","name":"NLD, Dordrecht, Johan Wagenaarstraat 44","address":"Johan Wagenaarstraat 44","city":"Dordrecht","operatorName":"Allego","maxPowerKw":11,"isMegawatt":false,"status":"AVAILABLE","source":"ndw","priceKwh":0.511}},{"type":"Feature","geometry":{"type":"Point","coordinates":[4.69892,51.793404]},"properties":{"type":"charge","layer":"passenger","locationId":"NLLOC007946","name":"NL, Gravensingel 6 3319 EN Dordrecht","address":"Gravensingel 6","city":"Dordrecht","operatorName":"Allego","maxPowerKw":11,"isMegawatt":false,"status":"AVAILABLE","source":"ndw","priceKwh":0.511}},{"type":"Feature","geometry":{"type":"Point","coordinates":[4.626346,51.794363]},"properties":{"type":"charge","layer":"passenger","locationId":"a335b9e3b1944eed8e878f9d8fb060aa","name":"Dordrecht - Penta Infra","address":"Rudolf Albert Jasstraat 30","city":"Dordrecht","operatorName":"Opcharge","maxPowerKw":22,"isMegawatt":false,"status":"AVAILABLE","source":"ndw","priceKwh":0.63}},{"type":"Feature","geometry":{"type":"Point","coordinates":[4.647689,51.78796]},"properties":{"type":"charge","layer":"passenger","locationId":"e251656afaaa4beab008","name":"Croonwolter&dros Dordrecht - magazijnlader","address":"Mijlweg 75","city":"Dordrecht","operatorName":"","maxPowerKw":22,"isMegawatt":false,"status":"CHARGING","source":"ndw"}},{"type":"Feature","geometry":{"type":"Point","coordinates":[4.662527,51.790349]},"properties":{"type":"charge","layer":"passenger","locationId":"NLLOC010293","name":"NL, Thorbeckeweg 302, 3317EN, Dordrecht","address":"Thorbeckeweg 302","city":"Dordrecht","operatorName":"Allego","maxPowerKw":11,"isMegawatt":false,"status":"AVAILABLE","source":"ndw","priceKwh":0.511}},{"type":"Feature","geometry":{"type":"Point","coordinates":[4.657525,51.807904]},"properties":{"type":"charge","layer":"passenger","locationId":"NLLOC000664","name":"NLD, Dordrecht, Vlietweg 16","address":"Vlietweg 16","city":"Dordrecht","operatorName":"Allego","maxPowerKw":11,"isMegawatt":false,"status":"AVAILABLE","source":"ndw","priceKwh":0.511}},{"type":"Feature","geometry":{"type":"Point","coordinates":[4.68172,51.808015]},"properties":{"type":"charge","layer":"passenger","locationId":"NLLOC000584","name":"NLD, Dordrecht, Riouwstraat 136","address":"Riouwstraat 136","city":"Dordrecht","operatorName":"Allego","maxPowerKw":11,"isMegawatt":false,"status":"AVAILABLE","source":"ndw","priceKwh":0.511}},{"type":"Feature","geometry":{"type":"Point","coordinates":[4.693633,51.790418]},"properties":{"type":"charge","layer":"passenger","locationId":"NLLOC001878","name":"NLD, Dordrecht, Burgemeester Beelaertspark 5","address":"Burgemeester Beelaertspark 5","city":"Dordrecht","operatorName":"Allego","maxPowerKw":11,"isMegawatt":false,"status":"CHARGING","source":"ndw","priceKwh":0.511}},{"type":"Feature","geometry":{"type":"Point","coordinates":[4.685145,51.778161]},"properties":{"type":"charge","layer":"passenger","locationId":"662a48087e1d33001cc6eb1e","name":"Dordrecht/Cannenburg 168","address":"Cannenburg 168","city":"Dordrecht","operatorName":"E-Flux by Road","maxPowerKw":14,"isMegawatt":false,"status":"CHARGING","source":"ndw","priceKwh":0.5217}},{"type":"Feature","geometry":{"type":"Point","coordinates":[4.639654,51.764644]},"properties":{"type":"charge","layer":"passenger","locationId":"65eefc5656f0e6001ced6afe","name":"Display4all","address":"Heliotroopring  500","city":"Dordrecht","operatorName":"E-Flux by Road","maxPowerKw":11,"isMegawatt":false,"status":"AVAILABLE","source":"ndw","priceKwh":1.03}},{"type":"Feature","geometry":{"type":"Point","coordinates":[4.634135,51.767046]},"properties":{"type":"charge","layer":"passenger","locationId":"C2F0F111-EFE4-443A-B4B4-7FD624CF80D5","name":"Eneco eMobility Gold-IP - Dordrecht","address":"Malachiet 930","city":"Dordrecht","operatorName":"Eneco","maxPowerKw":11,"isMegawatt":false,"status":"AVAILABLE","source":"ndw","priceKwh":0.55}},{"type":"Feature","geometry":{"type":"Point","coordinates":[4.655995,51.770787]},"properties":{"type":"charge","layer":"passenger","locationId":"64f5d3d9e24b1c001ca42d00","name":"Dordrecht/Buitenplaats 84","address":"Buitenplaats 84","city":"Dordrecht","operatorName":"E-Flux by Road","maxPowerKw":14,"isMegawatt":false,"status":"AVAILABLE","source":"ndw","priceKwh":0.5217}},{"type":"Feature","geometry":{"type":"Point","coordinates":[4.680732,51.785606]},"properties":{"type":"charge","layer":"passenger","locationId":"NLCCH00392","name":"Dordrecht - Orionstraat 23","address":"Orionstraat 23","city":"Dordrecht","operatorName":"","maxPowerKw":11,"isMegawatt":false,"status":"AVAILABLE","source":"ndw","priceKwh":0.5549}},{"type":"Feature","geometry":{"type":"Point","coordinates":[4.676221,51.773002]},"properties":{"type":"charge","layer":"passenger","locationId":"NLLOC020236","name":"NL, Slangenburg 227, 3328 DW Dordrecht","address":"Slangenburg 227","city":"Dordrecht","operatorName":"Allego","maxPowerKw":11,"isMegawatt":false,"status":"AVAILABLE","source":"ndw","priceKwh":0.511}},{"type":"Feature","geometry":{"type":"Point","coordinates":[4.725372,51.797904]},"properties":{"type":"charge","layer":"passenger","locationId":"NLLOC002734","name":"NLD, Dordrecht, Pearl Buck-Erf 79","address":"Pearl Buck-Erf 79","city":"Dordrecht","operatorName":"Allego","maxPowerKw":11,"isMegawatt":false,"status":"AVAILABLE","source":"ndw","priceKwh":0.511}},{"type":"Feature","geometry":{"type":"Point","coordinates":[4.65397,51.7794]},"properties":{"type":"charge","layer":"passenger","locationId":"6a2fbeb99a4db4955a1fb924","name":"Dordrecht/ Viermorgen 21 T/ Laadpaal 2","address":"Viermorgen 21T","city":"Dordrecht","operatorName":"E-Flux by Road","maxPowerKw":14,"isMegawatt":false,"status":"AVAILABLE","source":"ndw","priceKwh":0.5217}},{"type":"Feature","geometry":{"type":"Point","coordinates":[4.727344,51.804275]},"properties":{"type":"charge","layer":"passenger","locationId":"NLCCH00140","name":"Dordrecht - Van den Broek-Erf 282","address":"Van den Broek-Erf 282","city":"Dordrecht","operatorName":"","maxPowerKw":11,"isMegawatt":false,"status":"AVAILABLE","source":"ndw","priceKwh":0.5549}},{"type":"Feature","geometry":{"type":"Point","coordinates":[4.663019,51.798525]},"properties":{"type":"charge","layer":"passenger","locationId":"NLCCH00136","name":"Dordrecht - Matthijs Marisstraat 7 ","address":"Matthijs Marisstraat 7","city":"Dordrecht","operatorName":"","maxPowerKw":11,"isMegawatt":false,"status":"AVAILABLE","source":"ndw","priceKwh":0.5549}},{"type":"Feature","geometry":{"type":"Point","coordinates":[4.717731,51.800562]},"properties":{"type":"charge","layer":"passenger","locationId":"NLLOC019167","name":"NL, Suze Groeneweg-Erf 15, 3315 XA Dordrecht","address":"Suze Groeneweg-Erf 15","city":"Dordrecht","operatorName":"Allego","maxPowerKw":11,"isMegawatt":false,"status":"AVAILABLE","source":"ndw","priceKwh":0.511}},{"type":"Feature","geometry":{"type":"Point","coordinates":[4.716957,51.804115]},"properties":{"type":"charge","layer":"passenger","locationId":"NLCCH00734","name":"Dordrecht - Maaskant-Erf 102","address":"Maaskant-Erf 102","city":"Dordrecht","operatorName":"","maxPowerKw":11,"isMegawatt":false,"status":"AVAILABLE","source":"ndw","priceKwh":0.5549}},{"type":"Feature","geometry":{"type":"Point","coordinates":[4.682746,51.777889]},"properties":{"type":"charge","layer":"passenger","locationId":"NLLOC000100","name":"NLD, Dordrecht, Walenburg 1","address":"Walenburg 1","city":"Dordrecht","operatorName":"Allego","maxPowerKw":11,"isMegawatt":false,"status":"CHARGING","source":"ndw","priceKwh":0.511}},{"type":"Feature","geometry":{"type":"Point","coordinates":[4.664876,51.81524]},"properties":{"type":"charge","layer":"passenger","locationId":"NLCCH00967","name":"Dordrecht - Buddingh' Plein 25","address":"Buddingh'plein 25","city":"Dordrecht","operatorName":"","maxPowerKw":11,"isMegawatt":false,"status":"AVAILABLE","source":"ndw","priceKwh":0.5549}},{"type":"Feature","geometry":{"type":"Point","coordinates":[4.73199,51.79828]},"properties":{"type":"charge","layer":"passenger","locationId":"NL000021","name":"H. Roland Holst-Erf 182 Dordrecht","address":"Henriëtte Roland Holst-Erf 182","city":"Dordrecht","operatorName":"StellaPower®","maxPowerKw":17,"isMegawatt":false,"status":"AVAILABLE","source":"ndw","priceKwh":0.471}},{"type":"Feature","geometry":{"type":"Point","coordinates":[4.66999,51.812195]},"properties":{"type":"charge","layer":"passenger","locationId":"NLLOC000266","name":"NLD, Dordrecht, Vest 161","address":"Vest 161","city":"Dordrecht","operatorName":"Allego","maxPowerKw":11,"isMegawatt":false,"status":"AVAILABLE","source":"ndw","priceKwh":0.511}},{"type":"Feature","geometry":{"type":"Point","coordinates":[4.679489,51.8113]},"properties":{"type":"charge","layer":"passenger","locationId":"NLLOC000677","name":"NLD, Dordrecht, Groenedijk 76","address":"Groenedijk 76","city":"Dordrecht","operatorName":"Allego","maxPowerKw":11,"isMegawatt":false,"status":"AVAILABLE","source":"ndw","priceKwh":0.511}},{"type":"Feature","geometry":{"type":"Point","coordinates":[4.671256,51.792972]},"properties":{"type":"charge","layer":"passenger","locationId":"NLLOC004248","name":"NLD, Dordrecht, Campanula 46","address":"Campanula 46","city":"Dordrecht","operatorName":"Allego","maxPowerKw":11,"isMegawatt":false,"status":"AVAILABLE","source":"ndw","priceKwh":0.511}},{"type":"Feature","geometry":{"type":"Point","coordinates":[4.665278,51.816286]},"properties":{"type":"charge","layer":"passenger","locationId":"NLLOC013494","name":"NL, Knolhaven, 19, 3311bj, Dordrecht","address":"Knolhaven 19","city":"Dordrecht","operatorName":"Allego","maxPowerKw":11,"isMegawatt":false,"status":"AVAILABLE","source":"ndw","priceKwh":0.511}},{"type":"Feature","geometry":{"type":"Point","coordinates":[4.638329,51.767866]},"properties":{"type":"charge","layer":"passenger","locationId":"NLCPIL7003995","name":"CUMMINS DORDT OLIVIJN 3","address":"800 Olivijn","city":"Dordrecht","operatorName":"ChargePoint","maxPowerKw":22,"isMegawatt":false,"status":"AVAILABLE","source":"ndw"}},{"type":"Feature","geometry":{"type":"Point","coordinates":[4.638317,51.769347]},"properties":{"type":"charge","layer":"passenger","locationId":"NLCPIL7302835","name":"FOURCE BV DORDRECHT 2","address":"300 Labradoriet","city":"Dordrecht","operatorName":"ChargePoint","maxPowerKw":22,"isMegawatt":false,"status":"AVAILABLE","source":"ndw","priceKwh":0.5}},{"type":"Feature","geometry":{"type":"Point","coordinates":[4.709761,51.810941]},"properties":{"type":"charge","layer":"passenger","locationId":"NLLOC002681","name":"NLD, Dordrecht, Chico Mendesring 448","address":"Chico Mendesring 448","city":"Dordrecht","operatorName":"Allego","maxPowerKw":11,"isMegawatt":false,"status":"AVAILABLE","source":"ndw","priceKwh":0.511}},{"type":"Feature","geometry":{"type":"Point","coordinates":[4.68041,51.813405]},"properties":{"type":"charge","layer":"passenger","locationId":"NLLOC004112","name":"NLD, Dordrecht, Groenedijk 40","address":"Groenedijk 40","city":"Dordrecht","operatorName":"Allego","maxPowerKw":11,"isMegawatt":false,"status":"AVAILABLE","source":"ndw","priceKwh":0.511}},{"type":"Feature","geometry":{"type":"Point","coordinates":[4.6803,51.801218]},"properties":{"type":"charge","layer":"passenger","locationId":"NLLOC006991","name":"NL, Jan Ligthartlaan 20, 3312KD, Dordrecht","address":"Jan Ligthartlaan 20","city":"Dordrecht","operatorName":"Allego","maxPowerKw":11,"isMegawatt":false,"status":"CHARGING","source":"ndw","priceKwh":0.511}},{"type":"Feature","geometry":{"type":"Point","coordinates":[4.715962,51.79649]},"properties":{"type":"charge","layer":"passenger","locationId":"NLCCH00780","name":"Dordrecht - Egstraat 4","address":"Egstraat 4","city":"Dordrecht","operatorName":"","maxPowerKw":11,"isMegawatt":false,"status":"AVAILABLE","source":"ndw","priceKwh":0.5549}},{"type":"Feature","geometry":{"type":"Point","coordinates":[4.661075,51.815595]},"properties":{"type":"charge","layer":"passenger","locationId":"NLLOC027653","name":"NL, Nieuwe Haven 53, 3311 AR Dordrecht","address":"Nieuwe Haven 53","city":"Dordrecht","operatorName":"Allego","maxPowerKw":11,"isMegawatt":false,"status":"CHARGING","source":"ndw","priceKwh":0.511}},{"type":"Feature","geometry":{"type":"Point","coordinates":[4.662527,51.790349]},"properties":{"type":"charge","layer":"passenger","locationId":"NLLOC019442","name":"NL, Thorbeckeweg 302, 3317EN, Dordrecht","address":"Thorbeckeweg 302","city":"Dordrecht","operatorName":"Allego","maxPowerKw":11,"isMegawatt":false,"status":"CHARGING","source":"ndw","priceKwh":0.511}},{"type":"Feature","geometry":{"type":"Point","coordinates":[4.725975,51.793352]},"properties":{"type":"charge","layer":"passenger","locationId":"668284fc90eaa3001c8d906b","name":"Dordrecht/Hovenlaan134","address":"Hovenlaan 134","city":"Dordrecht","operatorName":"E-Flux by Road","maxPowerKw":11,"isMegawatt":false,"status":"CHARGING","source":"ndw","priceKwh":0.5217}},{"type":"Feature","geometry":{"type":"Point","coordinates":[4.639831,51.779553]},"properties":{"type":"charge","layer":"passenger","locationId":"668d08b15a90f0001c7bc0d7","name":"Huibert Slingerland 's station","address":"Madame Curiestraat  4","city":"Dordrecht","operatorName":"Lanova Laadpalen","maxPowerKw":22,"isMegawatt":false,"status":"AVAILABLE","source":"ndw","priceKwh":0.53}},{"type":"Feature","geometry":{"type":"Point","coordinates":[4.65801,51.80355]},"properties":{"type":"charge","layer":"passenger","locationId":"NL000017","name":"Brouwersdijk 30P Dordrecht","address":"Brouwersdijk 30P","city":"Dordrecht","operatorName":"StellaPower®","maxPowerKw":17,"isMegawatt":false,"status":"AVAILABLE","source":"ndw","priceKwh":0.471}},{"type":"Feature","geometry":{"type":"Point","coordinates":[4.666186,51.803254]},"properties":{"type":"charge","layer":"passenger","locationId":"NLCCH00214","name":"Dordrecht - Amalia van Solmsstraat 77","address":"Amalia van Solmsstraat 77","city":"Dordrecht","operatorName":"","maxPowerKw":11,"isMegawatt":false,"status":"AVAILABLE","source":"ndw","priceKwh":0.5549}},{"type":"Feature","geometry":{"type":"Point","coordinates":[4.663701,51.801987]},"properties":{"type":"charge","layer":"passenger","locationId":"NLCCH00740","name":"Dordrecht - H.F. Tollensstraat 22","address":"H.F. Tollensstraat 22","city":"Dordrecht","operatorName":"","maxPowerKw":11,"isMegawatt":false,"status":"AVAILABLE","source":"ndw","priceKwh":0.5549}},{"type":"Feature","geometry":{"type":"Point","coordinates":[4.677461,51.798472]},"properties":{"type":"charge","layer":"passenger","locationId":"639afd6e6b2c200012694a63","name":"Dordrecht/Max Gootelaan","address":"Max Gootelaan","city":"Dordrecht","operatorName":"E-Flux by Road","maxPowerKw":14,"isMegawatt":false,"status":"AVAILABLE","source":"ndw","priceKwh":0.5217}},{"type":"Feature","geometry":{"type":"Point","coordinates":[4.668835,51.809118]},"properties":{"type":"charge","layer":"passenger","locationId":"6735b2ca54d9ce9d07c3cf6b","name":"Dordrecht/Singel 253","address":"Singel 253","city":"Dordrecht","operatorName":"E-Flux by Road","maxPowerKw":14,"isMegawatt":false,"status":"AVAILABLE","source":"ndw","priceKwh":0.5217}},{"type":"Feature","geometry":{"type":"Point","coordinates":[4.716916,51.813651]},"properties":{"type":"charge","layer":"passenger","locationId":"64304ae2cb84fb0012404abe","name":"Dordrecht/Westerdiep","address":"Westerdiep 46","city":"Dordrecht","operatorName":"E-Flux by Road","maxPowerKw":14,"isMegawatt":false,"status":"AVAILABLE","source":"ndw","priceKwh":0.5217}},{"type":"Feature","geometry":{"type":"Point","coordinates":[4.672975,51.805674]},"properties":{"type":"charge","layer":"passenger","locationId":"64304ce5375cd4001229c66b","name":"Dordrecht/Mauritsweg 26","address":"Mauritsweg 26","city":"Dordrecht","operatorName":"E-Flux by Road","maxPowerKw":14,"isMegawatt":false,"status":"AVAILABLE","source":"ndw","priceKwh":0.5217}},{"type":"Feature","geometry":{"type":"Point","coordinates":[4.725214,51.805861]},"properties":{"type":"charge","layer":"passenger","locationId":"NLLOC002545","name":"NLD, Dordrecht, Van Ravesteyn-Erf 328","address":"Van Ravesteyn-Erf 328","city":"Dordrecht","operatorName":"Allego","maxPowerKw":11,"isMegawatt":false,"status":"CHARGING","source":"ndw","priceKwh":0.511}},{"type":"Feature","geometry":{"type":"Point","coordinates":[4.71594,51.802963]},"properties":{"type":"charge","layer":"passenger","locationId":"NLLOC025129","name":"NL, Van Eesterenplein 195a, 3315 KW Dordrecht","address":"Van Eesterenplein 195A","city":"Dordrecht","operatorName":"Allego","maxPowerKw":11,"isMegawatt":false,"status":"AVAILABLE","source":"ndw","priceKwh":0.511}},{"type":"Feature","geometry":{"type":"Point","coordinates":[4.730006,51.795837]},"properties":{"type":"charge","layer":"passenger","locationId":"649a86308f6eea001c5827d9","name":"Dordrecht/Aletta Jacobs-Erf 150","address":"Aletta Jacobs-Erf 150","city":"Dordrecht","operatorName":"E-Flux by Road","maxPowerKw":14,"isMegawatt":false,"status":"AVAILABLE","source":"ndw","priceKwh":0.5217}},{"type":"Feature","geometry":{"type":"Point","coordinates":[4.638945,51.77415]},"properties":{"type":"charge","layer":"passenger","locationId":"662229b429bb22001cbe5485","name":"Dordrecht/Pieter Zeemanweg 119","address":"Pieter Zeemanweg 119","city":"Dordrecht","operatorName":"E-Flux by Road","maxPowerKw":14,"isMegawatt":false,"status":"CHARGING","source":"ndw","priceKwh":0.5217}},{"type":"Feature","geometry":{"type":"Point","coordinates":[4.632243,51.776879]},"properties":{"type":"charge","layer":"passenger","locationId":"667d2dce18f05c001c0a4050","name":"Dordrecht/Bunsenstraat 38 A","address":"Bunsenstraat  38A","city":"Dordrecht","operatorName":"E-Flux by Road","maxPowerKw":14,"isMegawatt":false,"status":"AVAILABLE","source":"ndw","priceKwh":0.5217}},{"type":"Feature","geometry":{"type":"Point","coordinates":[4.671626,51.773033]},"properties":{"type":"charge","layer":"passenger","locationId":"667d38f8f3dc2c001cb8c071","name":"Dordrecht/Hellenburg 30","address":"Hellenburg 30","city":"Dordrecht","operatorName":"E-Flux by Road","maxPowerKw":14,"isMegawatt":false,"status":"AVAILABLE","source":"ndw","priceKwh":0.5217}},{"type":"Feature","geometry":{"type":"Point","coordinates":[4.629335,51.796529]},"properties":{"type":"charge","layer":"passenger","locationId":"24aa5da0-a951-4645-9ea0-00676e530f7b","name":"Pieter Hoebeeweg 50","address":"Pieter Hoebeeweg 50","city":"Dordrecht","operatorName":"Vattenfall InCharge","maxPowerKw":22,"isMegawatt":false,"status":"UNAVAILABLE","source":"ndw"}},{"type":"Feature","geometry":{"type":"Point","coordinates":[4.652554,51.782215]},"properties":{"type":"charge","layer":"passenger","locationId":"667fe5a821ac7a001cd8258a","name":"Dordrecht/Laan van Londen 15","address":"Laan van Londen 15","city":"Dordrecht","operatorName":"E-Flux by Road","maxPowerKw":11,"isMegawatt":false,"status":"AVAILABLE","source":"ndw","priceKwh":0.5217}},{"type":"Feature","geometry":{"type":"Point","coordinates":[4.637306,51.769828]},"properties":{"type":"charge","layer":"passenger","locationId":"NLCPIL7290405","name":"FOURCE BV DORDRECHT 1","address":"300 Labradoriet","city":"Dordrecht","operatorName":"ChargePoint","maxPowerKw":22,"isMegawatt":false,"status":"AVAILABLE","source":"ndw","priceKwh":0.5}},{"type":"Feature","geometry":{"type":"Point","coordinates":[4.66809,51.81056]},"properties":{"type":"charge","layer":"passenger","locationId":"185F9CE5-8872-4634-9702-529CC5771B70","name":"Eneco eMobility ING KNK, Johan de Wittstraat 27, Dordrecht","address":"Johan de Wittstraat 27","city":"Dordrecht","operatorName":"Eneco","maxPowerKw":22,"isMegawatt":false,"status":"AVAILABLE","source":"ndw","priceKwh":0.3}},{"type":"Feature","geometry":{"type":"Point","coordinates":[4.704799,51.794742]},"properties":{"type":"charge","layer":"passenger","locationId":"NLCCH00401","name":"Dordrecht - Damplein 1","address":"Damplein 1","city":"Dordrecht","operatorName":"","maxPowerKw":11,"isMegawatt":false,"status":"AVAILABLE","source":"ndw","priceKwh":0.5549}},{"type":"Feature","geometry":{"type":"Point","coordinates":[4.649496,51.805439]},"properties":{"type":"charge","layer":"passenger","locationId":"NLCCH00494","name":"Dordrecht - Ámperestraat t.h.v. Wattstraat 2","address":"Wattstraat 2A","city":"Dordrecht","operatorName":"","maxPowerKw":11,"isMegawatt":false,"status":"AVAILABLE","source":"ndw","priceKwh":0.5549}},{"type":"Feature","geometry":{"type":"Point","coordinates":[4.665972,51.809841]},"properties":{"type":"charge","layer":"passenger","locationId":"NLLOC006457","name":"NL, Beverwijckstraat 43, 3311GB, Dordrecht","address":"Beverwijckstraat 43","city":"Dordrecht","operatorName":"Allego","maxPowerKw":11,"isMegawatt":false,"status":"AVAILABLE","source":"ndw","priceKwh":0.511}},{"type":"Feature","geometry":{"type":"Point","coordinates":[4.66886,51.809088]},"properties":{"type":"charge","layer":"passenger","locationId":"NLLOC000731","name":"NLD, Dordrecht, Singel 271","address":"Singel 271","city":"Dordrecht","operatorName":"Allego","maxPowerKw":22,"isMegawatt":false,"status":"AVAILABLE","source":"ndw","priceKwh":0.511}},{"type":"Feature","geometry":{"type":"Point","coordinates":[4.724999,51.794879]},"properties":{"type":"charge","layer":"passenger","locationId":"4720015","name":"Laadnet Oudendijk 263","address":"Oudendijk 263","city":"Dordrecht","operatorName":"Laadnet","maxPowerKw":22,"isMegawatt":false,"status":"UNAVAILABLE","source":"ndw"}},{"type":"Feature","geometry":{"type":"Point","coordinates":[4.73412,51.799504]},"properties":{"type":"charge","layer":"passenger","locationId":"NLLOC012683","name":"NL, Mina Krὒseman-erf 223, 3315GJ, Dordrecht","address":"Mina Krüseman-erf 223","city":"Dordrecht","operatorName":"Allego","maxPowerKw":11,"isMegawatt":false,"status":"AVAILABLE","source":"ndw","priceKwh":0.511}},{"type":"Feature","geometry":{"type":"Point","coordinates":[4.68229,51.781692]},"properties":{"type":"charge","layer":"passenger","locationId":"NLLOC006761","name":"NL, Blauwweg 61, 3328XB, Dordrecht","address":"Blauwweg 61","city":"Dordrecht","operatorName":"Allego","maxPowerKw":11,"isMegawatt":false,"status":"AVAILABLE","source":"ndw","priceKwh":0.511}},{"type":"Feature","geometry":{"type":"Point","coordinates":[4.681267,51.774634]},"properties":{"type":"charge","layer":"passenger","locationId":"NLCCH00122","name":"Dordrecht - De Jagerweg 266","address":"De Jagerweg 266","city":"Dordrecht","operatorName":"","maxPowerKw":11,"isMegawatt":false,"status":"AVAILABLE","source":"ndw","priceKwh":0.5549}},{"type":"Feature","geometry":{"type":"Point","coordinates":[4.658468,51.810204]},"properties":{"type":"charge","layer":"passenger","locationId":"NLCCH00212","name":"Dordrecht - Rozenhof t.h.v. Singel 522","address":"Singel 522","city":"Dordrecht","operatorName":"","maxPowerKw":11,"isMegawatt":false,"status":"AVAILABLE","source":"ndw","priceKwh":0.5549}},{"type":"Feature","geometry":{"type":"Point","coordinates":[4.672096,51.816762]},"properties":{"type":"charge","layer":"passenger","locationId":"NLCCH00496","name":"Dordrecht - Mariënbornstraat 15","address":"Mariënbornstraat 15","city":"Dordrecht","operatorName":"","maxPowerKw":11,"isMegawatt":false,"status":"AVAILABLE","source":"ndw","priceKwh":0.5549}},{"type":"Feature","geometry":{"type":"Point","coordinates":[4.712331,51.81561]},"properties":{"type":"charge","layer":"passenger","locationId":"NLLOC007114","name":"NL, Volkerakweg 26, 3313BN, Dordrecht","address":"Volkerakweg 26","city":"Dordrecht","operatorName":"Allego","maxPowerKw":11,"isMegawatt":false,"status":"AVAILABLE","source":"ndw","priceKwh":0.511}},{"type":"Feature","geometry":{"type":"Point","coordinates":[4.656251,51.810773]},"properties":{"type":"charge","layer":"passenger","locationId":"639874cdd30dfa001d96071b","name":"Dordrecht/Twintighuizen","address":"Twintighuizen 24","city":"Dordrecht","operatorName":"E-Flux by Road","maxPowerKw":14,"isMegawatt":false,"status":"AVAILABLE","source":"ndw","priceKwh":0.5217}},{"type":"Feature","geometry":{"type":"Point","coordinates":[4.639261,51.78506]},"properties":{"type":"charge","layer":"passenger","locationId":"NLENVNL-ENV-00005","name":"Wieldrechtseweg 37, 3316 BG Dordrecht","address":"Wieldrechtseweg 37","city":"Dordrecht","operatorName":"","maxPowerKw":6,"isMegawatt":false,"status":"AVAILABLE","source":"ndw","priceKwh":0.5}},{"type":"Feature","geometry":{"type":"Point","coordinates":[4.670084,51.772289]},"properties":{"type":"charge","layer":"passenger","locationId":"NL000031","name":"Weerdestein 1 Dordrecht","address":"Weerdestein 1","city":"Dordrecht","operatorName":"StellaPower®","maxPowerKw":17,"isMegawatt":false,"status":"AVAILABLE","source":"ndw","priceKwh":0.471}},{"type":"Feature","geometry":{"type":"Point","coordinates":[4.704574,51.796734]},"properties":{"type":"charge","layer":"passenger","locationId":"NLLOC002140","name":"NLD, Dordrecht, Van Deysselstraat 42","address":"Van Deysselstraat 42","city":"Dordrecht","operatorName":"Allego","maxPowerKw":11,"isMegawatt":false,"status":"AVAILABLE","source":"ndw","priceKwh":0.511}},{"type":"Feature","geometry":{"type":"Point","coordinates":[4.667816,51.81459]},"properties":{"type":"charge","layer":"passenger","locationId":"NLCCH00043","name":"Dordrecht - Cornelis de Wittstraat 85","address":"Cornelis de Wittstraat 85","city":"Dordrecht","operatorName":"","maxPowerKw":11,"isMegawatt":false,"status":"AVAILABLE","source":"ndw","priceKwh":0.5549}},{"type":"Feature","geometry":{"type":"Point","coordinates":[4.67607,51.817106]},"properties":{"type":"charge","layer":"passenger","locationId":"NLCCH00969","name":"Dordrecht -Noorderstraat 48","address":"Noorderstraat 48","city":"Dordrecht","operatorName":"","maxPowerKw":11,"isMegawatt":false,"status":"AVAILABLE","source":"ndw","priceKwh":0.5549}},{"type":"Feature","geometry":{"type":"Point","coordinates":[4.63571,51.77986]},"properties":{"type":"charge","layer":"passenger","locationId":"NL000020","name":"Kamerlingh Onnesweg 28 Dordrecht","address":"Kamerlingh Onnesweg 28","city":"Dordrecht","operatorName":"StellaPower®","maxPowerKw":17,"isMegawatt":false,"status":"AVAILABLE","source":"ndw","priceKwh":0.471}},{"type":"Feature","geometry":{"type":"Point","coordinates":[4.733987,51.796698]},"properties":{"type":"charge","layer":"passenger","locationId":"NLCCH00966","name":"Dordrecht - Henriëtte Roland Holsterf 80","address":"Henriëtte Roland Holst-Erf 80","city":"Dordrecht","operatorName":"","maxPowerKw":11,"isMegawatt":false,"status":"AVAILABLE","source":"ndw","priceKwh":0.5549}},{"type":"Feature","geometry":{"type":"Point","coordinates":[4.709579,51.787546]},"properties":{"type":"charge","layer":"passenger","locationId":"NLCCH00395","name":"Dordrecht - Abeelstraat 98","address":"Abeelstraat 98","city":"Dordrecht","operatorName":"","maxPowerKw":11,"isMegawatt":false,"status":"AVAILABLE","source":"ndw","priceKwh":0.5549}},{"type":"Feature","geometry":{"type":"Point","coordinates":[4.73327,51.79531]},"properties":{"type":"charge","layer":"passenger","locationId":"NL000002","name":"Aletta Jacobs-Erf 342 Dordrecht","address":"Aletta Jacobs-Erf 342","city":"Dordrecht","operatorName":"StellaPower®","maxPowerKw":17,"isMegawatt":false,"status":"AVAILABLE","source":"ndw","priceKwh":0.471}},{"type":"Feature","geometry":{"type":"Point","coordinates":[4.676201,51.774049]},"properties":{"type":"charge","layer":"passenger","locationId":"NLLOC000307","name":"NLD, Dordrecht, Slangenburg 282","address":"Slangenburg 282","city":"Dordrecht","operatorName":"Allego","maxPowerKw":11,"isMegawatt":false,"status":"AVAILABLE","source":"ndw","priceKwh":0.511}},{"type":"Feature","geometry":{"type":"Point","coordinates":[4.709513,51.787546]},"properties":{"type":"charge","layer":"passenger","locationId":"NLLOC000203","name":"NLD, Dordrecht, Lariksstraat 28","address":"Lariksstraat 28","city":"Dordrecht","operatorName":"Allego","maxPowerKw":11,"isMegawatt":false,"status":"UNAVAILABLE","source":"ndw","priceKwh":0.511}},{"type":"Feature","geometry":{"type":"Point","coordinates":[4.752637,51.810806]},"properties":{"type":"charge","layer":"passenger","locationId":"NLCPIL7089695","name":"INDAVER EUR DORDRECHT AC3","address":"Moldiepweg","city":"Dordrecht","operatorName":"ChargePoint","maxPowerKw":22,"isMegawatt":false,"status":"AVAILABLE","source":"ndw","priceKwh":0.298}},{"type":"Feature","geometry":{"type":"Point","coordinates":[4.68134,51.807783]},"properties":{"type":"charge","layer":"passenger","locationId":"NLLOC006859","name":"NL, Balistraat 1, 3312VA, Dordrecht","address":"Balistraat 1","city":"Dordrecht","operatorName":"Allego","maxPowerKw":11,"isMegawatt":false,"status":"AVAILABLE","source":"ndw","priceKwh":0.511}},{"type":"Feature","geometry":{"type":"Point","coordinates":[4.731251,51.796011]},"properties":{"type":"charge","layer":"passenger","locationId":"NLLOC018362","name":"NL, Aletta Jacobs-erf 214, 3315EJ, Dordrecht","address":"Aletta Jacobs-erf 214","city":"Dordrecht","operatorName":"Allego","maxPowerKw":11,"isMegawatt":false,"status":"AVAILABLE","source":"ndw","priceKwh":0.511}},{"type":"Feature","geometry":{"type":"Point","coordinates":[4.668133,51.818998]},"properties":{"type":"charge","layer":"passenger","locationId":"NLLOC000708","name":"NLD, Dordrecht, Kuipershaven 22","address":"Kuipershaven 22","city":"Dordrecht","operatorName":"Allego","maxPowerKw":11,"isMegawatt":false,"status":"CHARGING","source":"ndw","priceKwh":0.511}},{"type":"Feature","geometry":{"type":"Point","coordinates":[4.657801,51.811613]},"properties":{"type":"charge","layer":"passenger","locationId":"NLLOC000258","name":"NLD, Dordrecht, Sluisweg 9","address":"Sluisweg 9","city":"Dordrecht","operatorName":"Allego","maxPowerKw":22,"isMegawatt":false,"status":"AVAILABLE","source":"ndw","priceKwh":0.511}},{"type":"Feature","geometry":{"type":"Point","coordinates":[4.719646,51.803441]},"properties":{"type":"charge","layer":"passenger","locationId":"NLLOC004108","name":"NLD, Dordrecht, Maaskant-Erf 240","address":"Maaskant-Erf 240","city":"Dordrecht","operatorName":"Allego","maxPowerKw":11,"isMegawatt":false,"status":"AVAILABLE","source":"ndw","priceKwh":0.511}},{"type":"Feature","geometry":{"type":"Point","coordinates":[4.654839,51.8029]},"properties":{"type":"charge","layer":"passenger","locationId":"NLLOC013082","name":"NL, Viottakade 71, 3314 EP Dordrecht","address":"Viottakade 71","city":"Dordrecht","operatorName":"Allego","maxPowerKw":11,"isMegawatt":false,"status":"AVAILABLE","source":"ndw","priceKwh":0.511}},{"type":"Feature","geometry":{"type":"Point","coordinates":[4.663312,51.813137]},"properties":{"type":"charge","layer":"passenger","locationId":"NLCCH00479","name":"Dordrecht - Kleine Spuistraat 4","address":"Kleine Spuistraat 4","city":"Dordrecht","operatorName":"","maxPowerKw":11,"isMegawatt":false,"status":"AVAILABLE","source":"ndw","priceKwh":0.5549}},{"type":"Feature","geometry":{"type":"Point","coordinates":[4.660625,51.805023]},"properties":{"type":"charge","layer":"passenger","locationId":"NLLOC027859","name":"NL, Hooftstraat 88, 3314 BE Dordrecht","address":"Hooftstraat 88","city":"Dordrecht","operatorName":"Allego","maxPowerKw":11,"isMegawatt":false,"status":"CHARGING","source":"ndw","priceKwh":0.511}},{"type":"Feature","geometry":{"type":"Point","coordinates":[4.632111,51.778749]},"properties":{"type":"charge","layer":"passenger","locationId":"NLCCH00423","name":"Dordrecht - Bunsenstraat 23","address":"Bunsenstraat 23","city":"Dordrecht","operatorName":"","maxPowerKw":11,"isMegawatt":false,"status":"AVAILABLE","source":"ndw","priceKwh":0.5549}},{"type":"Feature","geometry":{"type":"Point","coordinates":[4.627677,51.798212]},"properties":{"type":"charge","layer":"passenger","locationId":"6422b02b3c37df0012510294","name":"KSGS004(LGMG)","address":"Donker Duyvisweg 301","city":"Dordrecht","operatorName":"E-Flux by Road","maxPowerKw":22,"isMegawatt":false,"status":"AVAILABLE","source":"ndw","priceKwh":0.28}},{"type":"Feature","geometry":{"type":"Point","coordinates":[4.66518,51.81506]},"properties":{"type":"charge","layer":"passenger","locationId":"NLLOC000056","name":"NLD, Dordrecht, Buddingh'plein 10","address":"Buddingh'plein 10","city":"Dordrecht","operatorName":"Allego","maxPowerKw":11,"isMegawatt":false,"status":"AVAILABLE","source":"ndw","priceKwh":0.511}},{"type":"Feature","geometry":{"type":"Point","coordinates":[4.710991,51.794031]},"properties":{"type":"charge","layer":"passenger","locationId":"NLLOC010338","name":"NL, Dubbelsteynlaan Oost 252, 3319EG, Dordrecht","address":"Dubbelsteynlaan Oost 252","city":"Dordrecht","operatorName":"Allego","maxPowerKw":11,"isMegawatt":false,"status":"AVAILABLE","source":"ndw","priceKwh":0.511}},{"type":"Feature","geometry":{"type":"Point","coordinates":[4.658029,51.772372]},"properties":{"type":"charge","layer":"passenger","locationId":"NLLOC021323","name":"NL, Buitenplaats 40, 3328LJ, Dordrecht","address":"Buitenplaats 40","city":"Dordrecht","operatorName":"Allego","maxPowerKw":11,"isMegawatt":false,"status":"CHARGING","source":"ndw","priceKwh":0.511}},{"type":"Feature","geometry":{"type":"Point","coordinates":[4.672189,51.776653]},"properties":{"type":"charge","layer":"passenger","locationId":"65cde5d8ab2690001cadfbaa","name":"Dordrecht/Schuilenburg 56","address":"Schuilenburg 56","city":"Dordrecht","operatorName":"E-Flux by Road","maxPowerKw":14,"isMegawatt":false,"status":"AVAILABLE","source":"ndw","priceKwh":0.5217}},{"type":"Feature","geometry":{"type":"Point","coordinates":[4.657558,51.809311]},"properties":{"type":"charge","layer":"passenger","locationId":"NLLOC007038","name":"NL, Rozenhof 31, 3311JT, Dordrecht","address":"Rozenhof 31","city":"Dordrecht","operatorName":"Allego","maxPowerKw":11,"isMegawatt":false,"status":"AVAILABLE","source":"ndw","priceKwh":0.511}},{"type":"Feature","geometry":{"type":"Point","coordinates":[4.656269,51.790897]},"properties":{"type":"charge","layer":"passenger","locationId":"NLLOC000032","name":"NLD, Abel Tasmanstraat 15, 3317 WB Dordrecht","address":"Abel Tasmanstraat 15","city":"Dordrecht","operatorName":"Allego","maxPowerKw":11,"isMegawatt":false,"status":"CHARGING","source":"ndw","priceKwh":0.511}},{"type":"Feature","geometry":{"type":"Point","coordinates":[4.707241,51.807991]},"properties":{"type":"charge","layer":"passenger","locationId":"668836380f6da1001cdf367b","name":"Dordrecht/Chico Mendesring 554","address":"Chico Mendesring 554","city":"Dordrecht","operatorName":"E-Flux by Road","maxPowerKw":11,"isMegawatt":false,"status":"AVAILABLE","source":"ndw","priceKwh":0.5217}},{"type":"Feature","geometry":{"type":"Point","coordinates":[4.681213,51.804747]},"properties":{"type":"charge","layer":"passenger","locationId":"NLCCH00948","name":"Dordrecht - Krommedijk 151","address":"Krommedijk 151","city":"Dordrecht","operatorName":"","maxPowerKw":11,"isMegawatt":false,"status":"CHARGING","source":"ndw","priceKwh":0.5549}},{"type":"Feature","geometry":{"type":"Point","coordinates":[4.678536,51.80764]},"properties":{"type":"charge","layer":"passenger","locationId":"NLLOC000273","name":"NLD, Dordrecht, Krommedijk 57","address":"Krommedijk 57","city":"Dordrecht","operatorName":"Allego","maxPowerKw":11,"isMegawatt":false,"status":"AVAILABLE","source":"ndw","priceKwh":0.511}},{"type":"Feature","geometry":{"type":"Point","coordinates":[4.730228,51.796563]},"properties":{"type":"charge","layer":"passenger","locationId":"NLCCH00933","name":"Dordrecht - Aletta Jacobs-Erf 127","address":"Aletta Jacobs-Erf 127","city":"Dordrecht","operatorName":"","maxPowerKw":11,"isMegawatt":false,"status":"AVAILABLE","source":"ndw","priceKwh":0.5549}},{"type":"Feature","geometry":{"type":"Point","coordinates":[4.63765,51.781534]},"properties":{"type":"charge","layer":"passenger","locationId":"NLCCH00824","name":"Dordrecht - Maxwellstraat 27","address":"Maxwellstraat 27","city":"Dordrecht","operatorName":"","maxPowerKw":11,"isMegawatt":false,"status":"AVAILABLE","source":"ndw","priceKwh":0.5549}},{"type":"Feature","geometry":{"type":"Point","coordinates":[4.68341,51.810262]},"properties":{"type":"charge","layer":"passenger","locationId":"NLLOC006749","name":"NL, Bankastraat 10, 3312 GD, Dordrecht","address":"Bankastraat 10","city":"Dordrecht","operatorName":"Allego","maxPowerKw":11,"isMegawatt":false,"status":"AVAILABLE","source":"ndw","priceKwh":0.511}},{"type":"Feature","geometry":{"type":"Point","coordinates":[4.656357,51.793032]},"properties":{"type":"charge","layer":"passenger","locationId":"NLLOC018246","name":"NL, Frans Naereboutstraat 2, 3317 VB Dordrecht","address":"Frans Naereboutstraat 2","city":"Dordrecht","operatorName":"Allego","maxPowerKw":11,"isMegawatt":false,"status":"UNAVAILABLE","source":"ndw","priceKwh":0.511}},{"type":"Feature","geometry":{"type":"Point","coordinates":[4.668024,51.779396]},"properties":{"type":"charge","layer":"passenger","locationId":"NLLOC007370","name":"NL, Waterman 123, 3328 RK Dordrecht","address":"Waterman 123","city":"Dordrecht","operatorName":"Allego","maxPowerKw":11,"isMegawatt":false,"status":"AVAILABLE","source":"ndw","priceKwh":0.511}},{"type":"Feature","geometry":{"type":"Point","coordinates":[4.67046,51.779892]},"properties":{"type":"charge","layer":"passenger","locationId":"NLLOC000309","name":"NLD, Dordrecht, Boogschutter 1","address":"Boogschutter 1","city":"Dordrecht","operatorName":"Allego","maxPowerKw":11,"isMegawatt":false,"status":"AVAILABLE","source":"ndw","priceKwh":0.511}},{"type":"Feature","geometry":{"type":"Point","coordinates":[4.657217,51.813467]},"properties":{"type":"charge","layer":"passenger","locationId":"NLLOC000729","name":"NLD, Dordrecht, Korte Kalkhaven 7","address":"Korte Kalkhaven 7","city":"Dordrecht","operatorName":"Allego","maxPowerKw":11,"isMegawatt":false,"status":"AVAILABLE","source":"ndw","priceKwh":0.511}},{"type":"Feature","geometry":{"type":"Point","coordinates":[4.64842,51.800657]},"properties":{"type":"charge","layer":"passenger","locationId":"NLCCH00478","name":"Dordrecht - Mijlweg 25","address":"Mijlweg 25","city":"Dordrecht","operatorName":"","maxPowerKw":11,"isMegawatt":false,"status":"AVAILABLE","source":"ndw","priceKwh":0.5549}},{"type":"Feature","geometry":{"type":"Point","coordinates":[4.727149,51.800918]},"properties":{"type":"charge","layer":"passenger","locationId":"NLCCH00493","name":"Dordrecht - Simon Vestdijk-erf 126","address":"Simon Vestdijk-Erf 126","city":"Dordrecht","operatorName":"","maxPowerKw":11,"isMegawatt":false,"status":"AVAILABLE","source":"ndw","priceKwh":0.5549}},{"type":"Feature","geometry":{"type":"Point","coordinates":[4.677965,51.77719]},"properties":{"type":"charge","layer":"passenger","locationId":"NLLOC000058","name":"NLD, Dordrecht, Prattenburg 82","address":"Prattenburg 82","city":"Dordrecht","operatorName":"Allego","maxPowerKw":11,"isMegawatt":false,"status":"AVAILABLE","source":"ndw","priceKwh":0.511}},{"type":"Feature","geometry":{"type":"Point","coordinates":[4.663483,51.812248]},"properties":{"type":"charge","layer":"passenger","locationId":"NLLOC006622","name":"NL, Boogjes 1, 3311VC, Dordrecht","address":"Boogjes 1","city":"Dordrecht","operatorName":"Allego","maxPowerKw":11,"isMegawatt":false,"status":"AVAILABLE","source":"ndw","priceKwh":0.511}},{"type":"Feature","geometry":{"type":"Point","coordinates":[4.690232,51.801465]},"properties":{"type":"charge","layer":"passenger","locationId":"6463b93f87f0630012851cf7","name":"Clubcharge - Energiek Dordrecht/FC Dordrecht","address":"krommedijk  210","city":"Dordrecht","operatorName":"E-Flux by Road","maxPowerKw":22,"isMegawatt":false,"status":"AVAILABLE","source":"ndw","priceKwh":0.48}},{"type":"Feature","geometry":{"type":"Point","coordinates":[4.671866,51.799833]},"properties":{"type":"charge","layer":"passenger","locationId":"NLLOC009473","name":"NL, Waldeck Pyrmontweg 2, 3314 NZ Dordrecht","address":"Waldeck Pyrmontweg 2","city":"Dordrecht","operatorName":"Allego","maxPowerKw":11,"isMegawatt":false,"status":"AVAILABLE","source":"ndw","priceKwh":0.511}},{"type":"Feature","geometry":{"type":"Point","coordinates":[4.677477,51.798456]},"properties":{"type":"charge","layer":"passenger","locationId":"6398918a2b56b0001d7e6640","name":"Dordrecht/Max Gootelaan","address":"Max Gootelaan","city":"Dordrecht","operatorName":"E-Flux by Road","maxPowerKw":14,"isMegawatt":false,"status":"AVAILABLE","source":"ndw","priceKwh":0.5217}},{"type":"Feature","geometry":{"type":"Point","coordinates":[4.635153,51.780901]},"properties":{"type":"charge","layer":"passenger","locationId":"674d9b0a953eb59662b2d6b4","name":"Dordrecht/Debijestraat 14","address":"Debijestraat 14","city":"Dordrecht","operatorName":"E-Flux by Road","maxPowerKw":14,"isMegawatt":false,"status":"AVAILABLE","source":"ndw","priceKwh":0.5217}},{"type":"Feature","geometry":{"type":"Point","coordinates":[4.707528,51.793354]},"properties":{"type":"charge","layer":"passenger","locationId":"NLLOC012799","name":"NL, Esdoornlaan 1a, 3319 XD Dordrecht","address":"Esdoornlaan 1a","city":"Dordrecht","operatorName":"Allego","maxPowerKw":11,"isMegawatt":false,"status":"AVAILABLE","source":"ndw","priceKwh":0.511}},{"type":"Feature","geometry":{"type":"Point","coordinates":[4.730533,51.79855]},"properties":{"type":"charge","layer":"passenger","locationId":"NLLOC000716","name":"NLD, Dordrecht, Boris Pasternak-Erf 292","address":"Boris Pasternak-Erf 292","city":"Dordrecht","operatorName":"Allego","maxPowerKw":11,"isMegawatt":false,"status":"AVAILABLE","source":"ndw","priceKwh":0.511}},{"type":"Feature","geometry":{"type":"Point","coordinates":[4.711421,51.791836]},"properties":{"type":"charge","layer":"passenger","locationId":"64a284cc033eda001ca41583","name":"Dordrecht/Lindelaan 51","address":"Lindelaan 51","city":"Dordrecht","operatorName":"E-Flux by Road","maxPowerKw":14,"isMegawatt":false,"status":"AVAILABLE","source":"ndw","priceKwh":0.5217}},{"type":"Feature","geometry":{"type":"Point","coordinates":[4.662994,51.808361]},"properties":{"type":"charge","layer":"passenger","locationId":"667d2ab979c2d0001c4d00b4","name":"Dordrecht/Spuiweg 184","address":"Spuiweg 184","city":"Dordrecht","operatorName":"E-Flux by Road","maxPowerKw":14,"isMegawatt":false,"status":"AVAILABLE","source":"ndw","priceKwh":0.5217}},{"type":"Feature","geometry":{"type":"Point","coordinates":[4.726916,51.798839]},"properties":{"type":"charge","layer":"passenger","locationId":"NLCCH00391","name":"Dordrecht - Pearl Buck Erf 106","address":"Pearl Buck-Erf 106","city":"Dordrecht","operatorName":"","maxPowerKw":11,"isMegawatt":false,"status":"AVAILABLE","source":"ndw","priceKwh":0.5549}},{"type":"Feature","geometry":{"type":"Point","coordinates":[4.665619,51.81191]},"properties":{"type":"charge","layer":"passenger","locationId":"NLLOC000279","name":"NLD, Dordrecht, Spuiboulevard 267","address":"Spuiboulevard 267","city":"Dordrecht","operatorName":"Allego","maxPowerKw":22,"isMegawatt":false,"status":"AVAILABLE","source":"ndw","priceKwh":0.511}},{"type":"Feature","geometry":{"type":"Point","coordinates":[4.684356,51.801793]},"properties":{"type":"charge","layer":"passenger","locationId":"NLLOC000714","name":"NLD, Dordrecht, Heysterbachstraat 91","address":"Heysterbachstraat 91","city":"Dordrecht","operatorName":"Allego","maxPowerKw":11,"isMegawatt":false,"status":"CHARGING","source":"ndw","priceKwh":0.511}},{"type":"Feature","geometry":{"type":"Point","coordinates":[4.732202,51.800916]},"properties":{"type":"charge","layer":"passenger","locationId":"NLLOC000202","name":"NLD, Dordrecht, Stadspolderring 263","address":"Stadspolderring 263","city":"Dordrecht","operatorName":"Allego","maxPowerKw":11,"isMegawatt":false,"status":"AVAILABLE","source":"ndw","priceKwh":0.511}},{"type":"Feature","geometry":{"type":"Point","coordinates":[4.674556,51.782372]},"properties":{"type":"charge","layer":"passenger","locationId":"NLCCH00216","name":"Dordrecht - Tafelberg 35","address":"Tafelberg 35","city":"Dordrecht","operatorName":"","maxPowerKw":11,"isMegawatt":false,"status":"AVAILABLE","source":"ndw","priceKwh":0.5549}},{"type":"Feature","geometry":{"type":"Point","coordinates":[4.709847,51.791214]},"properties":{"type":"charge","layer":"passenger","locationId":"NLLOC009853","name":"NL, Lindelaan 105, 33149XJ, Dordrecht","address":"Lindelaan 105","city":"Dordrecht","operatorName":"Allego","maxPowerKw":11,"isMegawatt":false,"status":"AVAILABLE","source":"ndw","priceKwh":0.511}},{"type":"Feature","geometry":{"type":"Point","coordinates":[4.697441,51.796414]},"properties":{"type":"charge","layer":"passenger","locationId":"NLLOC001204","name":"NLD, Dordrecht, Groenekruislaan 51","address":"Groenekruislaan 51","city":"Dordrecht","operatorName":"Allego","maxPowerKw":11,"isMegawatt":false,"status":"CHARGING","source":"ndw","priceKwh":0.511}},{"type":"Feature","geometry":{"type":"Point","coordinates":[4.697181,51.799255]},"properties":{"type":"charge","layer":"passenger","locationId":"NLLOC006832","name":"NL, Berkenhof 13, 3319 WB, Dordrecht","address":"Berkenhof 13","city":"Dordrecht","operatorName":"Allego","maxPowerKw":11,"isMegawatt":false,"status":"AVAILABLE","source":"ndw","priceKwh":0.511}},{"type":"Feature","geometry":{"type":"Point","coordinates":[4.652184,51.800878]},"properties":{"type":"charge","layer":"passenger","locationId":"NLCCH00822","name":"Dordrecht - Johan Wagenaarstraat 42","address":"Johan Wagenaarstraat 42","city":"Dordrecht","operatorName":"","maxPowerKw":11,"isMegawatt":false,"status":"AVAILABLE","source":"ndw","priceKwh":0.5549}},{"type":"Feature","geometry":{"type":"Point","coordinates":[4.676319,51.773033]},"properties":{"type":"charge","layer":"passenger","locationId":"NLCCH00898","name":"Dordrecht - Slangenburg 227","address":"Slangenburg 227","city":"Dordrecht","operatorName":"","maxPowerKw":11,"isMegawatt":false,"status":"CHARGING","source":"ndw","priceKwh":0.5549}},{"type":"Feature","geometry":{"type":"Point","coordinates":[4.664551,51.791451]},"properties":{"type":"charge","layer":"passenger","locationId":"NLLOC000081","name":"NLD, Dordrecht, Groen van Prinstererweg 65","address":"Groen van Prinstererweg 65","city":"Dordrecht","operatorName":"Allego","maxPowerKw":11,"isMegawatt":false,"status":"AVAILABLE","source":"ndw","priceKwh":0.511}},{"type":"Feature","geometry":{"type":"Point","coordinates":[4.663464,51.793198]},"properties":{"type":"charge","layer":"passenger","locationId":"6587253cc8befd001c47c026","name":"Dordrecht/Thorbeckeweg 146","address":"Vd Duyn van Maasdamplnts 1","city":"Dordrecht","operatorName":"E-Flux by Road","maxPowerKw":14,"isMegawatt":false,"status":"AVAILABLE","source":"ndw","priceKwh":0.5217}},{"type":"Feature","geometry":{"type":"Point","coordinates":[4.744891,51.816045]},"properties":{"type":"charge","layer":"passenger","locationId":"96B10D88-94C2-489E-8A20-1397E0A23303","name":"Eneco eMobility Crayestein Golf - Dordrecht","address":"Baanhoekweg 50 A","city":"Dordrecht","operatorName":"Eneco","maxPowerKw":11,"isMegawatt":false,"status":"AVAILABLE","source":"ndw","priceKwh":0.53}},{"type":"Feature","geometry":{"type":"Point","coordinates":[4.682444,51.81196]},"properties":{"type":"charge","layer":"passenger","locationId":"6784c69f6b615259cdbf0feb","name":"Dordrecht/Van Slingelandtlaan 55","address":"Van Slingelandtlaan 55","city":"Dordrecht","operatorName":"E-Flux by Road","maxPowerKw":14,"isMegawatt":false,"status":"AVAILABLE","source":"ndw","priceKwh":0.5217}},{"type":"Feature","geometry":{"type":"Point","coordinates":[4.684386,51.779728]},"properties":{"type":"charge","layer":"passenger","locationId":"6688385f9f48f3001bc77de3","name":"Dordrecht/Grote Hondring","address":"Minnaertweg  111","city":"Dordrecht","operatorName":"E-Flux by Road","maxPowerKw":11,"isMegawatt":false,"status":"AVAILABLE","source":"ndw","priceKwh":0.5217}},{"type":"Feature","geometry":{"type":"Point","coordinates":[4.675435,51.776174]},"properties":{"type":"charge","layer":"passenger","locationId":"NLCCH00497","name":"Dordrecht - Toutenburg 101","address":"Toutenburg 101","city":"Dordrecht","operatorName":"","maxPowerKw":11,"isMegawatt":false,"status":"AVAILABLE","source":"ndw","priceKwh":0.5549}},{"type":"Feature","geometry":{"type":"Point","coordinates":[4.658638,51.802105]},"properties":{"type":"charge","layer":"passenger","locationId":"NLLOC000015","name":"NLD, Dordrecht, Brouwersdijk 117A","address":"Brouwersdijk 117A","city":"Dordrecht","operatorName":"Allego","maxPowerKw":11,"isMegawatt":false,"status":"AVAILABLE","source":"ndw","priceKwh":0.511}},{"type":"Feature","geometry":{"type":"Point","coordinates":[4.684486,51.775413]},"properties":{"type":"charge","layer":"passenger","locationId":"NLLOC000582","name":"NLD, Dordrecht, Kinkelenburg 46","address":"Kinkelenburg 46","city":"Dordrecht","operatorName":"Allego","maxPowerKw":11,"isMegawatt":false,"status":"CHARGING","source":"ndw","priceKwh":0.511}},{"type":"Feature","geometry":{"type":"Point","coordinates":[4.671432,51.780738]},"properties":{"type":"charge","layer":"passenger","locationId":"NLCCH00161","name":"Dordrecht – Pijl 61","address":"Pijl 61","city":"Dordrecht","operatorName":"","maxPowerKw":11,"isMegawatt":false,"status":"AVAILABLE","source":"ndw","priceKwh":0.5549}},{"type":"Feature","geometry":{"type":"Point","coordinates":[4.6552,51.801558]},"properties":{"type":"charge","layer":"passenger","locationId":"NLLOC000735","name":"NLD, Dordrecht, Frans Lebretlaan 37","address":"Frans Lebretlaan 37","city":"Dordrecht","operatorName":"Allego","maxPowerKw":11,"isMegawatt":false,"status":"AVAILABLE","source":"ndw","priceKwh":0.511}},{"type":"Feature","geometry":{"type":"Point","coordinates":[4.66802,51.794877]},"properties":{"type":"charge","layer":"passenger","locationId":"NLLOC004001","name":"NLD, Dordrecht, S.M. Hugo van Gijnweg 111","address":"S.M. Hugo van Gijnweg 111","city":"Dordrecht","operatorName":"Allego","maxPowerKw":11,"isMegawatt":false,"status":"AVAILABLE","source":"ndw","priceKwh":0.511}},{"type":"Feature","geometry":{"type":"Point","coordinates":[4.670993,51.814056]},"properties":{"type":"charge","layer":"passenger","locationId":"NLLOC017040","name":"NL, Museumstraat 50, 3311 XP Dordrecht","address":"Museumstraat 50","city":"Dordrecht","operatorName":"Allego","maxPowerKw":11,"isMegawatt":false,"status":"AVAILABLE","source":"ndw","priceKwh":0.511}},{"type":"Feature","geometry":{"type":"Point","coordinates":[4.656603,51.805786]},"properties":{"type":"charge","layer":"passenger","locationId":"NLLOC003684","name":"NLD, Dordrecht, Erasmuslaan 62","address":"Erasmuslaan 62","city":"Dordrecht","operatorName":"Allego","maxPowerKw":11,"isMegawatt":false,"status":"AVAILABLE","source":"ndw","priceKwh":0.511}},{"type":"Feature","geometry":{"type":"Point","coordinates":[4.68968,51.809158]},"properties":{"type":"charge","layer":"passenger","locationId":"NLLOC004809","name":"NLD, Dordrecht, Reigerstraat 32","address":"Reigerstraat 32","city":"Dordrecht","operatorName":"Allego","maxPowerKw":11,"isMegawatt":false,"status":"AVAILABLE","source":"ndw","priceKwh":0.511}},{"type":"Feature","geometry":{"type":"Point","coordinates":[4.72178,51.805916]},"properties":{"type":"charge","layer":"passenger","locationId":"672b4a3e59f062e122bf47e2","name":"Dordrecht/Van Ravesteyn-Erf 198","address":"Van Ravesteyn-Erf 198","city":"Dordrecht","operatorName":"E-Flux by Road","maxPowerKw":14,"isMegawatt":false,"status":"AVAILABLE","source":"ndw","priceKwh":0.5217}},{"type":"Feature","geometry":{"type":"Point","coordinates":[4.709843,51.8005]},"properties":{"type":"charge","layer":"passenger","locationId":"5301","name":"Shell Recharge NL9241 - Karwei Dordrecht","address":"Vissersdijk Beneden 60","city":"Dordrecht","operatorName":"Shell Recharge","maxPowerKw":150,"isMegawatt":false,"status":"AVAILABLE","source":"ndw","priceKwh":0.7025}},{"type":"Feature","geometry":{"type":"Point","coordinates":[4.69018,51.8194]},"properties":{"type":"charge","layer":"passenger","locationId":"2D7905D7-125C-487A-9937-00CE361BE2F4","name":"Eneco eMobility CRH - Struyk Verwo Infra - Dordrecht","address":"Merwedestraat 40","city":"Dordrecht","operatorName":"Eneco","maxPowerKw":22,"isMegawatt":false,"status":"AVAILABLE","source":"ndw","priceKwh":0.32}},{"type":"Feature","geometry":{"type":"Point","coordinates":[4.659425,51.798573]},"properties":{"type":"charge","layer":"passenger","locationId":"63c01d26ceeefb0012ecd54d","name":"Dordrecht/Jongkindstraat","address":"Jongkindstraat 14","city":"Dordrecht","operatorName":"E-Flux by Road","maxPowerKw":14,"isMegawatt":false,"status":"AVAILABLE","source":"ndw","priceKwh":0.5217}},{"type":"Feature","geometry":{"type":"Point","coordinates":[4.731785,51.796008]},"properties":{"type":"charge","layer":"passenger","locationId":"NLLOC000029","name":"NLD, Dordrecht, Aletta Jacobserf 462","address":"Aletta Jacobserf 462","city":"Dordrecht","operatorName":"Allego","maxPowerKw":11,"isMegawatt":false,"status":"AVAILABLE","source":"ndw","priceKwh":0.511}},{"type":"Feature","geometry":{"type":"Point","coordinates":[4.684734,51.810829]},"properties":{"type":"charge","layer":"passenger","locationId":"NLLOC019429","name":"NL, Vogelplein 22, 3312 GR Dordrecht","address":"Vogelplein 22","city":"Dordrecht","operatorName":"Allego","maxPowerKw":11,"isMegawatt":false,"status":"AVAILABLE","source":"ndw","priceKwh":0.511}},{"type":"Feature","geometry":{"type":"Point","coordinates":[4.666761,51.813897]},"properties":{"type":"charge","layer":"passenger","locationId":"NLLOC003745","name":"NLD, Dordrecht, Korte Breehof 2","address":"Korte Breehof 2","city":"Dordrecht","operatorName":"Allego","maxPowerKw":11,"isMegawatt":false,"status":"AVAILABLE","source":"ndw","priceKwh":0.511}},{"type":"Feature","geometry":{"type":"Point","coordinates":[4.706235,51.815295]},"properties":{"type":"charge","layer":"passenger","locationId":"6654a1c0e99db6001cb1369f","name":"Dordrecht/Reggestraat 37","address":"Reggestraat 37","city":"Dordrecht","operatorName":"E-Flux by Road","maxPowerKw":11,"isMegawatt":false,"status":"AVAILABLE","source":"ndw","priceKwh":0.5217}},{"type":"Feature","geometry":{"type":"Point","coordinates":[4.656577,51.805703]},"properties":{"type":"charge","layer":"passenger","locationId":"NLCCH00739","name":"Dordrecht - Erasmuslaan 62","address":"Erasmuslaan 62","city":"Dordrecht","operatorName":"","maxPowerKw":11,"isMegawatt":false,"status":"AVAILABLE","source":"ndw","priceKwh":0.5549}},{"type":"Feature","geometry":{"type":"Point","coordinates":[4.676732,51.80388]},"properties":{"type":"charge","layer":"passenger","locationId":"NLLOC000668","name":"NLD, Dordrecht, Dubbeldamseweg Zuid 179","address":"Dubbeldamseweg Zuid 179","city":"Dordrecht","operatorName":"Allego","maxPowerKw":11,"isMegawatt":false,"status":"AVAILABLE","source":"ndw","priceKwh":0.511}},{"type":"Feature","geometry":{"type":"Point","coordinates":[4.668707,51.790129]},"properties":{"type":"charge","layer":"passenger","locationId":"NLLOC002030","name":"NLD, Dordrecht, Vorrinklaan 19","address":"Vorrinklaan 19","city":"Dordrecht","operatorName":"Allego","maxPowerKw":11,"isMegawatt":false,"status":"AVAILABLE","source":"ndw","priceKwh":0.511}},{"type":"Feature","geometry":{"type":"Point","coordinates":[4.719241,51.800354]},"properties":{"type":"charge","layer":"passenger","locationId":"NLLOC000088","name":"NLD, Dordrecht, Rudyard Kipling erf 312","address":"Rudyard Kipling erf 312","city":"Dordrecht","operatorName":"Allego","maxPowerKw":11,"isMegawatt":false,"status":"AVAILABLE","source":"ndw","priceKwh":0.511}},{"type":"Feature","geometry":{"type":"Point","coordinates":[4.709564,51.788247]},"properties":{"type":"charge","layer":"passenger","locationId":"64304feae79e4e0012413cd3","name":"Dordrecht/Abeelstraat","address":"Abeelstraat 112","city":"Dordrecht","operatorName":"E-Flux by Road","maxPowerKw":14,"isMegawatt":false,"status":"UNAVAILABLE","source":"ndw","priceKwh":0.5217}},{"type":"Feature","geometry":{"type":"Point","coordinates":[4.668781,51.771028]},"properties":{"type":"charge","layer":"passenger","locationId":"66883a4e003c13001cc51c9d","name":"Dordrecht/Weerestein 33","address":"Weerdestein 33","city":"Dordrecht","operatorName":"E-Flux by Road","maxPowerKw":11,"isMegawatt":false,"status":"AVAILABLE","source":"ndw","priceKwh":0.5217}},{"type":"Feature","geometry":{"type":"Point","coordinates":[4.665779,51.816949]},"properties":{"type":"charge","layer":"passenger","locationId":"NLLOC027913","name":"NL, Knolhaven 19, 3311 BJ Dordrecht","address":"Knolhaven 19","city":"Dordrecht","operatorName":"Allego","maxPowerKw":11,"isMegawatt":false,"status":"AVAILABLE","source":"ndw","priceKwh":0.511}},{"type":"Feature","geometry":{"type":"Point","coordinates":[4.638363,51.77716]},"properties":{"type":"charge","layer":"passenger","locationId":"6568700b2d2d2e001c672a91","name":"Laadpaal 3","address":"Daltonstraat  30","city":"Dordrecht","operatorName":"E-Flux by Road","maxPowerKw":22,"isMegawatt":false,"status":"AVAILABLE","source":"ndw","priceKwh":0.58}},{"type":"Feature","geometry":{"type":"Point","coordinates":[4.653361,51.792761]},"properties":{"type":"charge","layer":"passenger","locationId":"NLLOC023994","name":"NL, Jan Den Haenstraat 15, 3317 VG Dordrecht","address":"Jan den Haenstraat 15","city":"Dordrecht","operatorName":"Allego","maxPowerKw":11,"isMegawatt":false,"status":"AVAILABLE","source":"ndw","priceKwh":0.511}},{"type":"Feature","geometry":{"type":"Point","coordinates":[4.693391,51.80262]},"properties":{"type":"charge","layer":"passenger","locationId":"67ec01c295ea8ee1367faa49","name":"DFC 2","address":"reewegoost 267","city":"Dordrecht","operatorName":"E-Flux by Road","maxPowerKw":22,"isMegawatt":false,"status":"AVAILABLE","source":"ndw","priceKwh":0.58}},{"type":"Feature","geometry":{"type":"Point","coordinates":[4.671869,51.79864]},"properties":{"type":"charge","layer":"passenger","locationId":"NLLOC027884","name":"NL, Willem de Zwijgerlaan 1, 3314 NX Dordrecht","address":"Willem de Zwijgerlaan 1","city":"Dordrecht","operatorName":"Allego","maxPowerKw":11,"isMegawatt":false,"status":"AVAILABLE","source":"ndw","priceKwh":0.511}},{"type":"Feature","geometry":{"type":"Point","coordinates":[4.667995,51.794017]},"properties":{"type":"charge","layer":"passenger","locationId":"67e161b8d35c5ce6c51e6e57","name":"Dordrecht/W.H. Vliegenstraat 2","address":"S.M. Hugo van Gijnweg 163","city":"Dordrecht","operatorName":"E-Flux by Road","maxPowerKw":14,"isMegawatt":false,"status":"CHARGING","source":"ndw","priceKwh":0.5217}},{"type":"Feature","geometry":{"type":"Point","coordinates":[4.68649,51.803666]},"properties":{"type":"charge","layer":"passenger","locationId":"NLLOC001550","name":"NLD, Dordrecht, Standhasenstraat 30","address":"Standhasenstraat 30","city":"Dordrecht","operatorName":"Allego","maxPowerKw":11,"isMegawatt":false,"status":"AVAILABLE","source":"ndw","priceKwh":0.511}},{"type":"Feature","geometry":{"type":"Point","coordinates":[4.649232,51.805629]},"properties":{"type":"charge","layer":"passenger","locationId":"62b1cec9ac6a5d16e8046529","name":"frank van Bodegraven's station","address":"Wattstraat 8","city":"dordrecht","operatorName":"E-Flux by Road","maxPowerKw":22,"isMegawatt":false,"status":"AVAILABLE","source":"ndw","priceKwh":0.58}},{"type":"Feature","geometry":{"type":"Point","coordinates":[4.672591,51.779799]},"properties":{"type":"charge","layer":"passenger","locationId":"NLLOC000343","name":"NLD, Dordrecht, Lyra 1","address":"Lyra 1","city":"Dordrecht","operatorName":"Allego","maxPowerKw":11,"isMegawatt":false,"status":"AVAILABLE","source":"ndw","priceKwh":0.511}},{"type":"Feature","geometry":{"type":"Point","coordinates":[4.663493,51.79742]},"properties":{"type":"charge","layer":"passenger","locationId":"NLLOC010113","name":"NL, Patersweg 53, 3314HT, Dordrecht","address":"Patersweg 53","city":"Dordrecht","operatorName":"Allego","maxPowerKw":11,"isMegawatt":false,"status":"AVAILABLE","source":"ndw","priceKwh":0.511}},{"type":"Feature","geometry":{"type":"Point","coordinates":[4.656757,51.797323]},"properties":{"type":"charge","layer":"passenger","locationId":"NLLOC007274","name":"NL, Marisplein 64, 3314CJ, Dordrecht","address":"Marisplein 64","city":"Dordrecht","operatorName":"Allego","maxPowerKw":11,"isMegawatt":false,"status":"AVAILABLE","source":"ndw","priceKwh":0.511}},{"type":"Feature","geometry":{"type":"Point","coordinates":[4.732608,51.802278]},"properties":{"type":"charge","layer":"passenger","locationId":"NLLOC002529","name":"NLD, Dordrecht, Johanna Naber-Erf 481","address":"Johanna Naber-Erf 481","city":"Dordrecht","operatorName":"Allego","maxPowerKw":11,"isMegawatt":false,"status":"CHARGING","source":"ndw","priceKwh":0.511}},{"type":"Feature","geometry":{"type":"Point","coordinates":[4.72656,51.803347]},"properties":{"type":"charge","layer":"passenger","locationId":"NLCCH00480","name":"Dordrecht - Van den Broek-erf 30","address":"Van den Broek-Erf 30","city":"Dordrecht","operatorName":"","maxPowerKw":11,"isMegawatt":false,"status":"AVAILABLE","source":"ndw","priceKwh":0.5549}},{"type":"Feature","geometry":{"type":"Point","coordinates":[4.729559,51.801158]},"properties":{"type":"charge","layer":"passenger","locationId":"NLCCH00218","name":"Dordrecht - Simon Vestdijk-erf t.h.v. Jean-Paul Sartre-erf 12","address":"Jean-Paul Sartre-Erf 12","city":"Dordrecht","operatorName":"","maxPowerKw":11,"isMegawatt":false,"status":"AVAILABLE","source":"ndw","priceKwh":0.5549}},{"type":"Feature","geometry":{"type":"Point","coordinates":[4.70399,51.794197]},"properties":{"type":"charge","layer":"passenger","locationId":"NLLOC000054","name":"NLD, Dordrecht, Damplein 66","address":"Damplein 66","city":"Dordrecht","operatorName":"Allego","maxPowerKw":11,"isMegawatt":false,"status":"AVAILABLE","source":"ndw","priceKwh":0.511}},{"type":"Feature","geometry":{"type":"Point","coordinates":[4.674587,51.779631]},"properties":{"type":"charge","layer":"passenger","locationId":"NLLOC001039","name":"NLD, Dordrecht, Wega 87","address":"Wega 87","city":"Dordrecht","operatorName":"Allego","maxPowerKw":11,"isMegawatt":false,"status":"AVAILABLE","source":"ndw","priceKwh":0.511}},{"type":"Feature","geometry":{"type":"Point","coordinates":[4.682288,51.803461]},"properties":{"type":"charge","layer":"passenger","locationId":"664ca7fe27c0f3001c4f18d3","name":"Dordrecht/Eemsteynplein 29","address":"Eemsteynplein 29","city":"Dordrecht","operatorName":"E-Flux by Road","maxPowerKw":14,"isMegawatt":false,"status":"AVAILABLE","source":"ndw","priceKwh":0.5217}},{"type":"Feature","geometry":{"type":"Point","coordinates":[4.660015,51.771624]},"properties":{"type":"charge","layer":"passenger","locationId":"NLLOC001870","name":"NLD, Dordrecht, Vinkenbaan 39","address":"Vinkenbaan 39","city":"Dordrecht","operatorName":"Allego","maxPowerKw":11,"isMegawatt":false,"status":"CHARGING","source":"ndw","priceKwh":0.511}},{"type":"Feature","geometry":{"type":"Point","coordinates":[4.70429,51.816598]},"properties":{"type":"charge","layer":"passenger","locationId":"NLLOC006824","name":"NL, Beinemastraat 46, 3313CH, Dordrecht","address":"Beinemastraat 46","city":"Dordrecht","operatorName":"Allego","maxPowerKw":11,"isMegawatt":false,"status":"AVAILABLE","source":"ndw","priceKwh":0.511}},{"type":"Feature","geometry":{"type":"Point","coordinates":[4.717325,51.815079]},"properties":{"type":"charge","layer":"passenger","locationId":"NLLOC000033","name":"NLD, Dordrecht, Wielingenstraat 73","address":"Wielingenstraat 73","city":"Dordrecht","operatorName":"Allego","maxPowerKw":22,"isMegawatt":false,"status":"AVAILABLE","source":"ndw","priceKwh":0.511}},{"type":"Feature","geometry":{"type":"Point","coordinates":[4.674743,51.78009]},"properties":{"type":"charge","layer":"passenger","locationId":"NLLOC000027","name":"NLD, Dordrecht, Weegschaal 1","address":"Weegschaal 1","city":"Dordrecht","operatorName":"Allego","maxPowerKw":22,"isMegawatt":false,"status":"AVAILABLE","source":"ndw","priceKwh":0.511}},{"type":"Feature","geometry":{"type":"Point","coordinates":[4.650905,51.774375]},"properties":{"type":"charge","layer":"passenger","locationId":"88988147","name":"EQUANS Testlaadpaal","address":"Laan van Barcelona 800a","city":"Dordrecht","operatorName":"EQUANS","maxPowerKw":22,"isMegawatt":false,"status":"UNAVAILABLE","source":"ndw","priceKwh":0.3}},{"type":"Feature","geometry":{"type":"Point","coordinates":[4.68,51.813644]},"properties":{"type":"charge","layer":"passenger","locationId":"NLLOC002628","name":"NLD, Dordrecht, Groenedijk 41","address":"Groenedijk 41","city":"Dordrecht","operatorName":"Allego","maxPowerKw":11,"isMegawatt":false,"status":"AVAILABLE","source":"ndw","priceKwh":0.511}},{"type":"Feature","geometry":{"type":"Point","coordinates":[4.679628,51.789104]},"properties":{"type":"charge","layer":"passenger","locationId":"NLLOC006221","name":"NL, Tweelingenstraat 1, 3318BP, Dordrecht","address":"Tweelingenstraat 1","city":"Dordrecht","operatorName":"Allego","maxPowerKw":11,"isMegawatt":false,"status":"AVAILABLE","source":"ndw","priceKwh":0.511}},{"type":"Feature","geometry":{"type":"Point","coordinates":[4.704316,51.790481]},"properties":{"type":"charge","layer":"passenger","locationId":"NLLOC002622","name":"NLD, Dordrecht, Goudenregenstraat 2","address":"Goudenregenstraat 2","city":"Dordrecht","operatorName":"Allego","maxPowerKw":11,"isMegawatt":false,"status":"AVAILABLE","source":"ndw","priceKwh":0.511}},{"type":"Feature","geometry":{"type":"Point","coordinates":[4.707705,51.797986]},"properties":{"type":"charge","layer":"passenger","locationId":"NLCCH00111","name":"Dordrecht - Haaswijkweg Oost 6","address":"Haaswijkweg Oost 6","city":"Dordrecht","operatorName":"","maxPowerKw":11,"isMegawatt":false,"status":"AVAILABLE","source":"ndw","priceKwh":0.5549}},{"type":"Feature","geometry":{"type":"Point","coordinates":[4.731888,51.797371]},"properties":{"type":"charge","layer":"passenger","locationId":"NLCCH00738","name":"Dordrecht - Henriëtte Roland Holst-erf 123","address":"Henriëtte Roland Holst-Erf 123","city":"Dordrecht","operatorName":"","maxPowerKw":11,"isMegawatt":false,"status":"AVAILABLE","source":"ndw","priceKwh":0.5549}},{"type":"Feature","geometry":{"type":"Point","coordinates":[4.633712,51.774266]},"properties":{"type":"charge","layer":"passenger","locationId":"NLCCH00897","name":"Dordrecht - Pieter Zeemanweg 188","address":"Pieter Zeemanweg 188","city":"Dordrecht","operatorName":"","maxPowerKw":11,"isMegawatt":false,"status":"AVAILABLE","source":"ndw","priceKwh":0.5549}},{"type":"Feature","geometry":{"type":"Point","coordinates":[4.685597,51.786924]},"properties":{"type":"charge","layer":"passenger","locationId":"NLCCH00788","name":"Dordrecht - Leeuwstraat 52","address":"Leeuwstraat 52","city":"Dordrecht","operatorName":"","maxPowerKw":11,"isMegawatt":false,"status":"AVAILABLE","source":"ndw","priceKwh":0.5549}},{"type":"Feature","geometry":{"type":"Point","coordinates":[4.725638,51.80484]},"properties":{"type":"charge","layer":"passenger","locationId":"NLCCH00896","name":"Dordrecht - Stadspolderring t.h.v. Berlage-Erf 178","address":"Berlage-Erf 178","city":"Dordrecht","operatorName":"","maxPowerKw":11,"isMegawatt":false,"status":"AVAILABLE","source":"ndw","priceKwh":0.5549}},{"type":"Feature","geometry":{"type":"Point","coordinates":[4.722672,51.800651]},"properties":{"type":"charge","layer":"passenger","locationId":"NLCCH00840","name":"Dordrecht - Rudyard Kipling-erf 116","address":"Rudyard Kipling-Erf 116","city":"Dordrecht","operatorName":"","maxPowerKw":11,"isMegawatt":false,"status":"AVAILABLE","source":"ndw","priceKwh":0.5549}},{"type":"Feature","geometry":{"type":"Point","coordinates":[4.681952,51.80895]},"properties":{"type":"charge","layer":"passenger","locationId":"NLCCH00947","name":"Dordrecht - Javastraat 30","address":"Javastraat 30","city":"Dordrecht","operatorName":"","maxPowerKw":11,"isMegawatt":false,"status":"AVAILABLE","source":"ndw","priceKwh":0.5549}},{"type":"Feature","geometry":{"type":"Point","coordinates":[4.681033,51.79728]},"properties":{"type":"charge","layer":"passenger","locationId":"NLCCH00156","name":"Dordrecht - Prof. Langeveldlaan thv Prof. Kohnstammlaan 10","address":"Professor Kohnstammlaan 10","city":"Dordrecht","operatorName":"","maxPowerKw":11,"isMegawatt":false,"status":"AVAILABLE","source":"ndw","priceKwh":0.5549}},{"type":"Feature","geometry":{"type":"Point","coordinates":[4.680615,51.810795]},"properties":{"type":"charge","layer":"passenger","locationId":"NLLOC001868","name":"NLD, Dordrecht, Oranjelaan 109","address":"Oranjelaan 109","city":"Dordrecht","operatorName":"Allego","maxPowerKw":11,"isMegawatt":false,"status":"AVAILABLE","source":"ndw","priceKwh":0.511}},{"type":"Feature","geometry":{"type":"Point","coordinates":[4.676535,51.78978]},"properties":{"type":"charge","layer":"passenger","locationId":"NLCCH00833","name":"Dordrecht - Kapteynweg 127","address":"Kapteynweg 127","city":"Dordrecht","operatorName":"","maxPowerKw":11,"isMegawatt":false,"status":"AVAILABLE","source":"ndw","priceKwh":0.5549}},{"type":"Feature","geometry":{"type":"Point","coordinates":[4.707333,51.796343]},"properties":{"type":"charge","layer":"passenger","locationId":"NLCCH00486","name":"Dordrecht - Hortensiastraat 1","address":"Hortensiastraat 1","city":"Dordrecht","operatorName":"","maxPowerKw":11,"isMegawatt":false,"status":"AVAILABLE","source":"ndw","priceKwh":0.5549}},{"type":"Feature","geometry":{"type":"Point","coordinates":[4.693514,51.790721]},"properties":{"type":"charge","layer":"passenger","locationId":"NLCCH00417","name":"Dordrecht - Burgemeester Beelaertspark 13","address":"Burgemeester Beelaertspark 13","city":"Dordrecht","operatorName":"","maxPowerKw":11,"isMegawatt":false,"status":"AVAILABLE","source":"ndw","priceKwh":0.5549}},{"type":"Feature","geometry":{"type":"Point","coordinates":[4.676382,51.80978]},"properties":{"type":"charge","layer":"passenger","locationId":"NLCCH00970","name":"Dordrecht - Vrieseweg 153 A","address":"Vrieseweg 153A","city":"Dordrecht","operatorName":"","maxPowerKw":11,"isMegawatt":false,"status":"AVAILABLE","source":"ndw","priceKwh":0.5549}},{"type":"Feature","geometry":{"type":"Point","coordinates":[4.660024,51.771634]},"properties":{"type":"charge","layer":"passenger","locationId":"NLCCH00109","name":"Dordrecht - Vinkenbaan 39","address":"Vinkenbaan 39","city":"Dordrecht","operatorName":"","maxPowerKw":11,"isMegawatt":false,"status":"AVAILABLE","source":"ndw","priceKwh":0.5549}},{"type":"Feature","geometry":{"type":"Point","coordinates":[4.65607,51.78402]},"properties":{"type":"charge","layer":"passenger","locationId":"NL000035","name":"Reeweg Zuid 32A Dordrecht","address":"Reeweg Zuid 32A","city":"Dordrecht","operatorName":"StellaPower®","maxPowerKw":17,"isMegawatt":false,"status":"AVAILABLE","source":"ndw","priceKwh":0.471}},{"type":"Feature","geometry":{"type":"Point","coordinates":[4.701367,51.793737]},"properties":{"type":"charge","layer":"passenger","locationId":"NLCCH00899","name":"Dordrecht - Dubbelsteynlaan West 74","address":"Dubbelsteynlaan West 74","city":"Dordrecht","operatorName":"","maxPowerKw":11,"isMegawatt":false,"status":"AVAILABLE","source":"ndw","priceKwh":0.5549}},{"type":"Feature","geometry":{"type":"Point","coordinates":[4.657538,51.807913]},"properties":{"type":"charge","layer":"passenger","locationId":"NLCCH00419","name":"Dordrecht - Erasmuslaan 2","address":"Erasmuslaan 2","city":"Dordrecht","operatorName":"","maxPowerKw":11,"isMegawatt":false,"status":"AVAILABLE","source":"ndw","priceKwh":0.5549}},{"type":"Feature","geometry":{"type":"Point","coordinates":[4.706965,51.789966]},"properties":{"type":"charge","layer":"passenger","locationId":"NLCCH00487","name":"Dordrecht - Lijsterbesstraat 19","address":"Lijsterbesstraat 19","city":"Dordrecht","operatorName":"","maxPowerKw":11,"isMegawatt":false,"status":"AVAILABLE","source":"ndw","priceKwh":0.5549}},{"type":"Feature","geometry":{"type":"Point","coordinates":[4.675455,51.783484]},"properties":{"type":"charge","layer":"passenger","locationId":"NLCCH00426","name":"Dordrecht - Octant 49","address":"Octant 49","city":"Dordrecht","operatorName":"","maxPowerKw":11,"isMegawatt":false,"status":"AVAILABLE","source":"ndw","priceKwh":0.5549}},{"type":"Feature","geometry":{"type":"Point","coordinates":[4.673622,51.782674]},"properties":{"type":"charge","layer":"passenger","locationId":"NLLOC004361","name":"NLD, Dordrecht, Tafelberg 42","address":"Tafelberg 42","city":"Dordrecht","operatorName":"Allego","maxPowerKw":11,"isMegawatt":false,"status":"AVAILABLE","source":"ndw","priceKwh":0.511}},{"type":"Feature","geometry":{"type":"Point","coordinates":[4.667396,51.808842]},"properties":{"type":"charge","layer":"passenger","locationId":"NL000095","name":"Singel 268 Dordrecht","address":"Singel 268","city":"Dordrecht","operatorName":"StellaPower®","maxPowerKw":17,"isMegawatt":false,"status":"AVAILABLE","source":"ndw","priceKwh":0.471}},{"type":"Feature","geometry":{"type":"Point","coordinates":[4.671653,51.785104]},"properties":{"type":"charge","layer":"passenger","locationId":"NLLOC000192","name":"NLD, Dordrecht, Callistolaan 12","address":"Callistolaan 12","city":"Dordrecht","operatorName":"Allego","maxPowerKw":11,"isMegawatt":false,"status":"AVAILABLE","source":"ndw","priceKwh":0.511}},{"type":"Feature","geometry":{"type":"Point","coordinates":[4.68704,51.81103]},"properties":{"type":"charge","layer":"passenger","locationId":"NL000014","name":"Noordendijk 517 Dordrecht","address":"Noordendijk 517","city":"Dordrecht","operatorName":"StellaPower®","maxPowerKw":17,"isMegawatt":false,"status":"AVAILABLE","source":"ndw","priceKwh":0.471}},{"type":"Feature","geometry":{"type":"Point","coordinates":[4.70129,51.81665]},"properties":{"type":"charge","layer":"passenger","locationId":"NL000013","name":"Plein 1940-1945 51 Dordrecht","address":"Plein 1940-1945 51","city":"Dordrecht","operatorName":"StellaPower®","maxPowerKw":17,"isMegawatt":false,"status":"AVAILABLE","source":"ndw","priceKwh":0.471}},{"type":"Feature","geometry":{"type":"Point","coordinates":[4.63766,51.779799]},"properties":{"type":"charge","layer":"passenger","locationId":"662661b22f3bc3001c20bc22","name":"Dordrecht/Daltonstraat 1","address":"Daltonstraat 1","city":"Dordrecht","operatorName":"E-Flux by Road","maxPowerKw":14,"isMegawatt":false,"status":"AVAILABLE","source":"ndw","priceKwh":0.5217}},{"type":"Feature","geometry":{"type":"Point","coordinates":[4.705511,51.788704]},"properties":{"type":"charge","layer":"passenger","locationId":"NLLOC003707","name":"NLD, Dordrecht, Iepenlaan 65","address":"Iepenlaan 65","city":"Dordrecht","operatorName":"Allego","maxPowerKw":11,"isMegawatt":false,"status":"AVAILABLE","source":"ndw","priceKwh":0.511}},{"type":"Feature","geometry":{"type":"Point","coordinates":[4.672436,51.809157]},"properties":{"type":"charge","layer":"passenger","locationId":"64f5d8af0660f2001cba4c0d","name":"Dordrecht/Ferdinand Bolsingel 190","address":"Ferdinand Bolsingel 190","city":"Dordrecht","operatorName":"E-Flux by Road","maxPowerKw":14,"isMegawatt":false,"status":"AVAILABLE","source":"ndw","priceKwh":0.5217}},{"type":"Feature","geometry":{"type":"Point","coordinates":[4.672115,51.797444]},"properties":{"type":"charge","layer":"passenger","locationId":"66b9fa8feb32b2001cb0cd55","name":"Stichting Het Spectrum","address":"Vreedonklaan 2","city":"Dordrecht","operatorName":"Pluq","maxPowerKw":22,"isMegawatt":false,"status":"UNAVAILABLE","source":"ndw","priceKwh":0.38}},{"type":"Feature","geometry":{"type":"Point","coordinates":[4.675597,51.785655]},"properties":{"type":"charge","layer":"passenger","locationId":"NLCCH00464","name":"Dordrecht - Planetenlaan 230","address":"Planetenlaan 230","city":"Dordrecht","operatorName":"","maxPowerKw":11,"isMegawatt":false,"status":"AVAILABLE","source":"ndw","priceKwh":0.5549}},{"type":"Feature","geometry":{"type":"Point","coordinates":[4.68214,51.781681]},"properties":{"type":"charge","layer":"passenger","locationId":"NLCCH00108","name":"Dordrecht - Blaauwweg 1","address":"Blaauwweg 1","city":"Dordrecht","operatorName":"","maxPowerKw":11,"isMegawatt":false,"status":"AVAILABLE","source":"ndw","priceKwh":0.5549}},{"type":"Feature","geometry":{"type":"Point","coordinates":[4.7186,51.802842]},"properties":{"type":"charge","layer":"passenger","locationId":"NLCCH00147","name":"Dordrecht - Van Eesterenplein 15","address":"Van Eesterenplein 15","city":"Dordrecht","operatorName":"","maxPowerKw":11,"isMegawatt":false,"status":"AVAILABLE","source":"ndw","priceKwh":0.5549}},{"type":"Feature","geometry":{"type":"Point","coordinates":[4.714928,51.807729]},"properties":{"type":"charge","layer":"passenger","locationId":"NLCCH00787","name":"Dordrecht - Chico Mendesring 282","address":"Chico Mendesring 282","city":"Dordrecht","operatorName":"","maxPowerKw":11,"isMegawatt":false,"status":"AVAILABLE","source":"ndw","priceKwh":0.5549}},{"type":"Feature","geometry":{"type":"Point","coordinates":[4.656666,51.804496]},"properties":{"type":"charge","layer":"passenger","locationId":"NLCCH00399","name":"Dordrecht - Brouwersdijk 45","address":"Brouwersdijk 45","city":"Dordrecht","operatorName":"","maxPowerKw":11,"isMegawatt":false,"status":"AVAILABLE","source":"ndw","priceKwh":0.5549}},{"type":"Feature","geometry":{"type":"Point","coordinates":[4.651469,51.790513]},"properties":{"type":"charge","layer":"passenger","locationId":"664756480b4a79001ccf7156","name":"Dordrecht/Zoutmanstraat","address":"Zoutmanstraat 28","city":"Dordrecht","operatorName":"E-Flux by Road","maxPowerKw":11,"isMegawatt":false,"status":"AVAILABLE","source":"ndw","priceKwh":0.5217}},{"type":"Feature","geometry":{"type":"Point","coordinates":[4.661759,51.803254]},"properties":{"type":"charge","layer":"passenger","locationId":"NLCCH00893","name":"Dordrecht - Bosboom-Toussaintstraat 47","address":"Bosboom-Toussaintstraat 47","city":"Dordrecht","operatorName":"","maxPowerKw":11,"isMegawatt":false,"status":"AVAILABLE","source":"ndw","priceKwh":0.5549}},{"type":"Feature","geometry":{"type":"Point","coordinates":[4.723234,51.803905]},"properties":{"type":"charge","layer":"passenger","locationId":"NLCCH00981","name":"Dordrecht - Berlage-Erf 17","address":"Berlage-Erf 17","city":"Dordrecht","operatorName":"","maxPowerKw":11,"isMegawatt":false,"status":"AVAILABLE","source":"ndw","priceKwh":0.5549}},{"type":"Feature","geometry":{"type":"Point","coordinates":[4.704381,51.79401]},"properties":{"type":"charge","layer":"passenger","locationId":"NLCCH00116","name":"Dordrecht - Damplein 66","address":"Damplein 66","city":"Dordrecht","operatorName":"","maxPowerKw":11,"isMegawatt":false,"status":"AVAILABLE","source":"ndw","priceKwh":0.5549}},{"type":"Feature","geometry":{"type":"Point","coordinates":[4.638363,51.77716]},"properties":{"type":"charge","layer":"passenger","locationId":"65687105b00575001cceb4c2","name":"Laadpaal 2","address":"Daltonstraat 30","city":"Dordrecht","operatorName":"E-Flux by Road","maxPowerKw":22,"isMegawatt":false,"status":"AVAILABLE","source":"ndw","priceKwh":0.59}},{"type":"Feature","geometry":{"type":"Point","coordinates":[4.721836,51.813122]},"properties":{"type":"charge","layer":"passenger","locationId":"669922ea053cce001c74c786","name":"Dordrecht/Oosterdiep 2","address":"Oosterdiep 2a","city":"Dordrecht","operatorName":"E-Flux by Road","maxPowerKw":11,"isMegawatt":false,"status":"AVAILABLE","source":"ndw","priceKwh":0.5217}},{"type":"Feature","geometry":{"type":"Point","coordinates":[4.672215,51.797234]},"properties":{"type":"charge","layer":"passenger","locationId":"657aee37a078bf001c3ac727","name":"Dordrecht/Vreedonklaan 32","address":"Reseda 1","city":"Dordrecht","operatorName":"E-Flux by Road","maxPowerKw":14,"isMegawatt":false,"status":"AVAILABLE","source":"ndw","priceKwh":0.5217}},{"type":"Feature","geometry":{"type":"Point","coordinates":[4.686805,51.810813]},"properties":{"type":"charge","layer":"passenger","locationId":"63cfe5bb7e039a0012da0862","name":"Dordrecht/Wouwstraat","address":"Wouwstraat 2","city":"Dordrecht","operatorName":"E-Flux by Road","maxPowerKw":14,"isMegawatt":false,"status":"AVAILABLE","source":"ndw","priceKwh":0.5217}},{"type":"Feature","geometry":{"type":"Point","coordinates":[4.72372,51.79843]},"properties":{"type":"charge","layer":"passenger","locationId":"NLCCH00926","name":"Dordrecht - Selma Lagerlöf-Erf 20","address":"Selma Lagerlöf-Erf 20","city":"Dordrecht","operatorName":"","maxPowerKw":11,"isMegawatt":false,"status":"AVAILABLE","source":"ndw","priceKwh":0.5549}},{"type":"Feature","geometry":{"type":"Point","coordinates":[4.654707,51.78136]},"properties":{"type":"charge","layer":"passenger","locationId":"67add11bc549a5b41510364d","name":"Dordrecht/Diaconessenlaan 22","address":"Diaconessenlaan 22","city":"Dordrecht","operatorName":"E-Flux by Road","maxPowerKw":14,"isMegawatt":false,"status":"AVAILABLE","source":"ndw","priceKwh":0.5217}},{"type":"Feature","geometry":{"type":"Point","coordinates":[4.700458,51.80008]},"properties":{"type":"charge","layer":"passenger","locationId":"NLCCH00485","name":"Dordrecht - Ambachtstraat 27","address":"Ambachtstraat 27","city":"Dordrecht","operatorName":"","maxPowerKw":11,"isMegawatt":false,"status":"AVAILABLE","source":"ndw","priceKwh":0.5549}},{"type":"Feature","geometry":{"type":"Point","coordinates":[4.718175,51.815131]},"properties":{"type":"charge","layer":"passenger","locationId":"NLCCH00890","name":"Dordrecht - Reitdiepstraat 42","address":"Reitdiepstraat 42","city":"Dordrecht","operatorName":"","maxPowerKw":11,"isMegawatt":false,"status":"AVAILABLE","source":"ndw","priceKwh":0.5549}},{"type":"Feature","geometry":{"type":"Point","coordinates":[4.653207,51.794126]},"properties":{"type":"charge","layer":"passenger","locationId":"667d288518f05c001c09fcab","name":"Dordrecht/Van Aerssenstraat 14","address":"Van Aerssenstraat 14","city":"Dordrecht","operatorName":"E-Flux by Road","maxPowerKw":14,"isMegawatt":false,"status":"AVAILABLE","source":"ndw","priceKwh":0.5217}},{"type":"Feature","geometry":{"type":"Point","coordinates":[4.65487,51.812413]},"properties":{"type":"charge","layer":"passenger","locationId":"66473ffe8f7b17001c762c45","name":"Dordrecht/Buiten Kalkhaven","address":"Buiten Kalkhaven 22","city":"Dordrecht","operatorName":"E-Flux by Road","maxPowerKw":14,"isMegawatt":false,"status":"AVAILABLE","source":"ndw","priceKwh":0.5217}},{"type":"Feature","geometry":{"type":"Point","coordinates":[4.681281,51.805042]},"properties":{"type":"charge","layer":"passenger","locationId":"NLCCH00165","name":"Dordrecht - Krommedijk 143","address":"Krommedijk 143","city":"Dordrecht","operatorName":"","maxPowerKw":11,"isMegawatt":false,"status":"AVAILABLE","source":"ndw","priceKwh":0.5549}},{"type":"Feature","geometry":{"type":"Point","coordinates":[4.716359,51.800661]},"properties":{"type":"charge","layer":"passenger","locationId":"67eec4fc0fcec81b37852f45","name":"Dordrecht/Suze Groeneweg-Erf 151","address":"Suze Groeneweg-Erf  151","city":"Dordrecht","operatorName":"E-Flux by Road","maxPowerKw":14,"isMegawatt":false,"status":"CHARGING","source":"ndw","priceKwh":0.5217}},{"type":"Feature","geometry":{"type":"Point","coordinates":[4.680802,51.774443]},"properties":{"type":"charge","layer":"passenger","locationId":"67129393ad71a4001cfb145c","name":"Dordrecht/Vredenburg 19","address":"Vredenburg 19","city":"dordrecht","operatorName":"E-Flux by Road","maxPowerKw":14,"isMegawatt":false,"status":"AVAILABLE","source":"ndw","priceKwh":0.5217}},{"type":"Feature","geometry":{"type":"Point","coordinates":[4.666947,51.801384]},"properties":{"type":"charge","layer":"passenger","locationId":"NLCCH00215","name":"Dordrecht - Prins Bernhardstraat 28","address":"Prins Bernhardstraat 28","city":"Dordrecht","operatorName":"","maxPowerKw":11,"isMegawatt":false,"status":"AVAILABLE","source":"ndw","priceKwh":0.5549}},{"type":"Feature","geometry":{"type":"Point","coordinates":[4.680509,51.806967]},"properties":{"type":"charge","layer":"passenger","locationId":"649d9450b2eab9001c0177a5","name":"Dordrecht/Balistraat 42","address":"Balistraat 42","city":"Dordrecht","operatorName":"E-Flux by Road","maxPowerKw":22,"isMegawatt":false,"status":"AVAILABLE","source":"ndw","priceKwh":0.5217}},{"type":"Feature","geometry":{"type":"Point","coordinates":[4.686484,51.777527]},"properties":{"type":"charge","layer":"passenger","locationId":"NLCCH00944","name":"Dordrecht - Cannenburg 121","address":"Cannenburg 121","city":"Dordrecht","operatorName":"","maxPowerKw":11,"isMegawatt":false,"status":"AVAILABLE","source":"ndw","priceKwh":0.5549}},{"type":"Feature","geometry":{"type":"Point","coordinates":[4.668707,51.790146]},"properties":{"type":"charge","layer":"passenger","locationId":"NLCCH00418","name":"Dordrecht - Vorrinklaan 19","address":"Vorrinklaan 19","city":"Dordrecht","operatorName":"","maxPowerKw":11,"isMegawatt":false,"status":"AVAILABLE","source":"ndw","priceKwh":0.5549}},{"type":"Feature","geometry":{"type":"Point","coordinates":[4.671047,51.785222]},"properties":{"type":"charge","layer":"passenger","locationId":"NLCCH00458","name":"Dordrecht - Jupiterlaan t.h.v. Callistolaan 10A","address":"Callistolaan 10A","city":"Dordrecht","operatorName":"","maxPowerKw":11,"isMegawatt":false,"status":"AVAILABLE","source":"ndw","priceKwh":0.5549}},{"type":"Feature","geometry":{"type":"Point","coordinates":[4.662099,51.817003]},"properties":{"type":"charge","layer":"passenger","locationId":"NLCCH00461","name":"Dordrecht - Buiten Walevest 15","address":"Buiten Walevest 15","city":"Dordrecht","operatorName":"","maxPowerKw":11,"isMegawatt":false,"status":"AVAILABLE","source":"ndw","priceKwh":0.5549}},{"type":"Feature","geometry":{"type":"Point","coordinates":[4.680705,51.810511]},"properties":{"type":"charge","layer":"passenger","locationId":"NLCCH00733","name":"Dordrecht - Oranjelaan 264","address":"Oranjelaan 264","city":"Dordrecht","operatorName":"","maxPowerKw":11,"isMegawatt":false,"status":"AVAILABLE","source":"ndw","priceKwh":0.5549}},{"type":"Feature","geometry":{"type":"Point","coordinates":[4.660167,51.787601]},"properties":{"type":"charge","layer":"passenger","locationId":"NLCCH00935","name":"Dordrecht - Schaperstraat 80","address":"Schaperstraat 80","city":"Dordrecht","operatorName":"","maxPowerKw":11,"isMegawatt":false,"status":"AVAILABLE","source":"ndw","priceKwh":0.5549}},{"type":"Feature","geometry":{"type":"Point","coordinates":[4.66666,51.77223]},"properties":{"type":"charge","layer":"passenger","locationId":"NLCCH00943","name":"Dordrecht - Wittenstein 263","address":"Wittenstein 263","city":"Dordrecht","operatorName":"","maxPowerKw":11,"isMegawatt":false,"status":"CHARGING","source":"ndw","priceKwh":0.5549}},{"type":"Feature","geometry":{"type":"Point","coordinates":[4.653559,51.782695]},"properties":{"type":"charge","layer":"passenger","locationId":"67597b77801fe9041a85b233","name":"Dordrecht/Frederika Meyboomhof 1","address":"Frederika Meyboomhof 1","city":"Dordrecht","operatorName":"E-Flux by Road","maxPowerKw":14,"isMegawatt":false,"status":"AVAILABLE","source":"ndw","priceKwh":0.5217}},{"type":"Feature","geometry":{"type":"Point","coordinates":[4.681132,51.810063]},"properties":{"type":"charge","layer":"passenger","locationId":"NLCCH00047","name":"Dordrecht - Borneostraat thv Javastraat 3","address":"Javastraat 3","city":"Dordrecht","operatorName":"","maxPowerKw":11,"isMegawatt":false,"status":"AVAILABLE","source":"ndw","priceKwh":0.5549}},{"type":"Feature","geometry":{"type":"Point","coordinates":[4.671268,51.819241]},"properties":{"type":"charge","layer":"passenger","locationId":"NLCCH00390","name":"Dordrecht - Boomstraat 25","address":"Boomstraat 25","city":"Dordrecht","operatorName":"","maxPowerKw":11,"isMegawatt":false,"status":"AVAILABLE","source":"ndw","priceKwh":0.5549}},{"type":"Feature","geometry":{"type":"Point","coordinates":[4.660967,51.807824]},"properties":{"type":"charge","layer":"passenger","locationId":"NLCCH00393","name":"Dordrecht - Vlietweg 1","address":"Vlietweg 1","city":"Dordrecht","operatorName":"","maxPowerKw":11,"isMegawatt":false,"status":"AVAILABLE","source":"ndw","priceKwh":0.5549}},{"type":"Feature","geometry":{"type":"Point","coordinates":[4.665802,51.794149]},"properties":{"type":"charge","layer":"passenger","locationId":"NLCCH00794","name":"Dordrecht - Frank van der Goesstraat 2","address":"Frank van der Goesstraat 2","city":"Dordrecht","operatorName":"","maxPowerKw":11,"isMegawatt":false,"status":"AVAILABLE","source":"ndw","priceKwh":0.5549}},{"type":"Feature","geometry":{"type":"Point","coordinates":[4.714408,51.815934]},"properties":{"type":"charge","layer":"passenger","locationId":"NLCCH00465","name":"Dordrecht - Schipbeekstraat 220","address":"Schipbeekstraat 220","city":"Dordrecht","operatorName":"","maxPowerKw":11,"isMegawatt":false,"status":"AVAILABLE","source":"ndw","priceKwh":0.5549}},{"type":"Feature","geometry":{"type":"Point","coordinates":[4.707041,51.798245]},"properties":{"type":"charge","layer":"passenger","locationId":"NLCCH00492","name":"Dordrecht - Haaswijkweg West 2","address":"Haaswijkweg West 2","city":"Dordrecht","operatorName":"","maxPowerKw":11,"isMegawatt":false,"status":"AVAILABLE","source":"ndw","priceKwh":0.5549}},{"type":"Feature","geometry":{"type":"Point","coordinates":[4.655617,51.794296]},"properties":{"type":"charge","layer":"passenger","locationId":"NLCCH00919","name":"Dordrecht - Kotterstraat 1","address":"Kotterstraat 1","city":"Dordrecht","operatorName":"","maxPowerKw":11,"isMegawatt":false,"status":"AVAILABLE","source":"ndw","priceKwh":0.5549}},{"type":"Feature","geometry":{"type":"Point","coordinates":[4.668467,51.772883]},"properties":{"type":"charge","layer":"passenger","locationId":"NLCCH00110","name":"Dordrecht - Assumburg 88","address":"Assumburg 88","city":"Dordrecht","operatorName":"","maxPowerKw":11,"isMegawatt":false,"status":"CHARGING","source":"ndw","priceKwh":0.5549}},{"type":"Feature","geometry":{"type":"Point","coordinates":[4.670502,51.782125]},"properties":{"type":"charge","layer":"passenger","locationId":"NLCCH00124","name":"Dordrecht - Driehoek 56","address":"Driehoek 56","city":"Dordrecht","operatorName":"","maxPowerKw":11,"isMegawatt":false,"status":"AVAILABLE","source":"ndw","priceKwh":0.5549}},{"type":"Feature","geometry":{"type":"Point","coordinates":[4.726006,51.797573]},"properties":{"type":"charge","layer":"passenger","locationId":"NLCCH00141","name":"Dordrecht - Pearl Buck-erf 20","address":"Pearl Buck-Erf 20","city":"Dordrecht","operatorName":"","maxPowerKw":11,"isMegawatt":false,"status":"AVAILABLE","source":"ndw","priceKwh":0.5549}},{"type":"Feature","geometry":{"type":"Point","coordinates":[4.656229,51.798395]},"properties":{"type":"charge","layer":"passenger","locationId":"69971d5a70558e2cf1ce6f49","name":"Dordrecht/ Marisplein 14","address":"Marisplein 14","city":"Dordrecht","operatorName":"E-Flux by Road","maxPowerKw":14,"isMegawatt":false,"status":"AVAILABLE","source":"ndw","priceKwh":0.5217}},{"type":"Feature","geometry":{"type":"Point","coordinates":[4.655143,51.80104]},"properties":{"type":"charge","layer":"passenger","locationId":"NLCCH00389","name":"Dordrecht - H.W. Mesdagstraat 4","address":"H.W. Mesdagstraat 4","city":"Dordrecht","operatorName":"","maxPowerKw":11,"isMegawatt":false,"status":"AVAILABLE","source":"ndw","priceKwh":0.5549}},{"type":"Feature","geometry":{"type":"Point","coordinates":[4.727078,51.800012]},"properties":{"type":"charge","layer":"passenger","locationId":"NLCCH00411","name":"Dordrecht - Boris Pasternak-erf 149","address":"Boris Pasternak-Erf 149","city":"Dordrecht","operatorName":"","maxPowerKw":11,"isMegawatt":false,"status":"AVAILABLE","source":"ndw","priceKwh":0.5549}},{"type":"Feature","geometry":{"type":"Point","coordinates":[4.708996,51.799645]},"properties":{"type":"charge","layer":"passenger","locationId":"NLCCH00736","name":"Dordrecht - Vissersdijk Beneden 17","address":"Vissersdijk Beneden 17","city":"Dordrecht","operatorName":"","maxPowerKw":11,"isMegawatt":false,"status":"AVAILABLE","source":"ndw","priceKwh":0.5549}},{"type":"Feature","geometry":{"type":"Point","coordinates":[4.65617,51.791062]},"properties":{"type":"charge","layer":"passenger","locationId":"NLCCH00834","name":"Dordrecht - Cornelis Trompweg t.h.v. Abel Tasmanstraat 15","address":"Abel Tasmanstraat 15","city":"Dordrecht","operatorName":"","maxPowerKw":11,"isMegawatt":false,"status":"AVAILABLE","source":"ndw","priceKwh":0.5549}},{"type":"Feature","geometry":{"type":"Point","coordinates":[4.720975,51.799508]},"properties":{"type":"charge","layer":"passenger","locationId":"NLCCH00841","name":"Dordrecht - Rudyard Kipling-erf 24","address":"Rudyard Kipling-Erf 24","city":"Dordrecht","operatorName":"","maxPowerKw":11,"isMegawatt":false,"status":"AVAILABLE","source":"ndw","priceKwh":0.5549}},{"type":"Feature","geometry":{"type":"Point","coordinates":[4.652478,51.804212]},"properties":{"type":"charge","layer":"passenger","locationId":"NLCCH00112","name":"Dordrecht - Diepenbrockweg 144","address":"Diepenbrockweg 144","city":"Dordrecht","operatorName":"","maxPowerKw":11,"isMegawatt":false,"status":"AVAILABLE","source":"ndw","priceKwh":0.5549}},{"type":"Feature","geometry":{"type":"Point","coordinates":[4.692842,51.818933]},"properties":{"type":"charge","layer":"passenger","locationId":"NLCCH00217","name":"Dordrecht - IJsselstraat 2","address":"IJsselstraat 2","city":"Dordrecht","operatorName":"","maxPowerKw":11,"isMegawatt":false,"status":"AVAILABLE","source":"ndw","priceKwh":0.5549}},{"type":"Feature","geometry":{"type":"Point","coordinates":[4.695096,51.794013]},"properties":{"type":"charge","layer":"passenger","locationId":"NLCCH00475","name":"Dordrecht - Dubbelsteynlaan West 37","address":"Dubbelsteynlaan West 37","city":"Dordrecht","operatorName":"","maxPowerKw":11,"isMegawatt":false,"status":"AVAILABLE","source":"ndw","priceKwh":0.5549}},{"type":"Feature","geometry":{"type":"Point","coordinates":[4.698533,51.801144]},"properties":{"type":"charge","layer":"passenger","locationId":"NLCCH00460","name":"Dordrecht - Berkenhof 80","address":"Berkenhof 80","city":"Dordrecht","operatorName":"","maxPowerKw":11,"isMegawatt":false,"status":"AVAILABLE","source":"ndw","priceKwh":0.5549}},{"type":"Feature","geometry":{"type":"Point","coordinates":[4.720369,51.805688]},"properties":{"type":"charge","layer":"passenger","locationId":"NLCCH00211","name":"Dordrecht - Van Doesburg-erf 6","address":"Van Doesburg-Erf 6","city":"Dordrecht","operatorName":"","maxPowerKw":11,"isMegawatt":false,"status":"AVAILABLE","source":"ndw","priceKwh":0.5549}},{"type":"Feature","geometry":{"type":"Point","coordinates":[4.69699,51.79072]},"properties":{"type":"charge","layer":"passenger","locationId":"NL000007","name":"Platanenlaan 17 Dordrecht","address":"Platanenlaan 17","city":"Dordrecht","operatorName":"StellaPower®","maxPowerKw":17,"isMegawatt":false,"status":"AVAILABLE","source":"ndw","priceKwh":0.471}},{"type":"Feature","geometry":{"type":"Point","coordinates":[4.71724,51.81592]},"properties":{"type":"charge","layer":"passenger","locationId":"NL000037","name":"Tjongerstraat 2 Dordrecht","address":"Tjongerstraat 2","city":"Dordrecht","operatorName":"StellaPower®","maxPowerKw":17,"isMegawatt":false,"status":"AVAILABLE","source":"ndw","priceKwh":0.471}},{"type":"Feature","geometry":{"type":"Point","coordinates":[4.68335,51.80331]},"properties":{"type":"charge","layer":"passenger","locationId":"NL000041","name":"Krommedijk 189 Dordrecht","address":"Krommedijk 189","city":"Dordrecht","operatorName":"StellaPower®","maxPowerKw":17,"isMegawatt":false,"status":"AVAILABLE","source":"ndw","priceKwh":0.471}},{"type":"Feature","geometry":{"type":"Point","coordinates":[4.707084,51.794055]},"properties":{"type":"charge","layer":"passenger","locationId":"NLCCH00396","name":"Dordrecht - Dubbelsteynlaan Oost 136","address":"Dubbelsteynlaan Oost 136","city":"Dordrecht","operatorName":"","maxPowerKw":11,"isMegawatt":false,"status":"AVAILABLE","source":"ndw","priceKwh":0.5549}},{"type":"Feature","geometry":{"type":"Point","coordinates":[4.67383,51.804]},"properties":{"type":"charge","layer":"passenger","locationId":"NL000015","name":"Frederikstraat 47 Dordrecht","address":"Frederikstraat 47","city":"Dordrecht","operatorName":"StellaPower®","maxPowerKw":17,"isMegawatt":false,"status":"AVAILABLE","source":"ndw","priceKwh":0.471}},{"type":"Feature","geometry":{"type":"Point","coordinates":[4.66485,51.79181]},"properties":{"type":"charge","layer":"passenger","locationId":"NL000006","name":"Groen van Prinstererweg 25 Dordrecht","address":"Groen van Prinstererweg 25","city":"Dordrecht","operatorName":"StellaPower®","maxPowerKw":17,"isMegawatt":false,"status":"AVAILABLE","source":"ndw","priceKwh":0.471}},{"type":"Feature","geometry":{"type":"Point","coordinates":[4.70865,51.79677]},"properties":{"type":"charge","layer":"passenger","locationId":"NL000010","name":"Laurierstraat 7 Dordrecht","address":"Laurierstraat 7","city":"Dordrecht","operatorName":"StellaPower®","maxPowerKw":17,"isMegawatt":false,"status":"AVAILABLE","source":"ndw","priceKwh":0.471}},{"type":"Feature","geometry":{"type":"Point","coordinates":[4.6778,51.7807]},"properties":{"type":"charge","layer":"passenger","locationId":"NL000005","name":"Atmosfeerstraat 83 Dordrecht","address":"Atmosfeerstraat 83","city":"Dordrecht","operatorName":"StellaPower®","maxPowerKw":17,"isMegawatt":false,"status":"AVAILABLE","source":"ndw","priceKwh":0.471}},{"type":"Feature","geometry":{"type":"Point","coordinates":[4.63906,51.750923]},"properties":{"type":"charge","layer":"freight","locationId":"63d1086b186737001202c107","name":"DCB CHARGE Dordrecht (E-Truck)","address":"Rijksstraatweg  124","city":"Dordrecht","operatorName":"E-Flux by Road","maxPowerKw":360,"isMegawatt":false,"status":"AVAILABLE","source":"ndw","priceKwh":0.63,"freightKind":"dedicated","freightReason":"truck-name"}},{"type":"Feature","geometry":{"type":"MultiPolygon","coordinates":[[[[4.72963840216221,51.82216896753621],[4.74169145481919,51.82221859330733],[4.741764338959273,51.82222130681482],[4.751440198489669,51.82161093361125],[4.757756792433404,51.81919148921458],[4.766179874222612,51.81606569991892],[4.772091107422946,51.815319313152834],[4.778547158262123,51.81529364216436],[4.785354343201864,51.815198604090696],[4.789741243131545,51.81573839440136],[4.797476016390785,51.81716530240765],[4.811415220054722,51.81865836806667],[4.820114320504629,51.819058032617264],[4.839051326378621,51.81925477929541],[4.8476769093635745,51.81891603886839],[4.856110041829419,51.81839485624486],[4.874879183959387,51.81759961874793],[4.883322141530062,51.81862754037085],[4.884641732952574,51.81647155176786],[4.859666436975259,51.80268457229517],[4.854412633004745,51.80068336520409],[4.845983516664003,51.798757203276175],[4.836107645100598,51.79783935013363],[4.8288714485602275,51.798020867986054],[4.806874993305254,51.80033654466072],[4.7971934813922585,51.79977023113224],[4.773538425769434,51.79332463266445],[4.765982562459584,51.78963197671713],[4.7652239051718634,51.78920867214661],[4.755239114352714,51.781611730642965],[4.7505683273166905,51.77576183786272],[4.744787656553931,51.76348776612177],[4.740769464554532,51.758818539859526],[4.736630275269825,51.75556870993264],[4.724591109331145,51.74790583950672],[4.703745299261104,51.73692777224961],[4.6932625610435545,51.73228190974651],[4.681597301339696,51.72841899216344],[4.676303957828994,51.72492389952645],[4.675222330342004,51.72420963575222],[4.645136408235576,51.71906747409995],[4.644499850835337,51.718955919397104],[4.641569043676779,51.723376078493686],[4.641044759333369,51.72341435125559],[4.644033565843403,51.718863207328354],[4.643852122631079,51.71882713070824],[4.640868266481059,51.72335905032976],[4.639805311000726,51.7232058578228],[4.635000754363728,51.7219910009945],[4.634932057027413,51.72170687138363],[4.634357713083355,51.72153999549543],[4.636854066548724,51.71743541214338],[4.636430346657857,51.71735061555121],[4.6339180883198345,51.72142282779803],[4.633338751144478,51.721354277399],[4.6328142298616735,51.72151954790993],[4.628184932650514,51.720350546854746],[4.6276668856647944,51.7236133417983],[4.6287615410401575,51.72552534687324],[4.6278650313783585,51.72551083276443],[4.627070559951845,51.724094055763516],[4.6264625316523444,51.72226618549058],[4.626414283037286,51.72080537112433],[4.627442337231796,51.720542075801305],[4.627739626153547,51.71997668596992],[4.626659826700034,51.71995424241588],[4.626218446935508,51.72016207848992],[4.625969722664287,51.72053286071958],[4.625665093245904,51.72056063006645],[4.623596894583145,51.72139590949798],[4.626579081310477,51.72825635422671],[4.631125942303366,51.741746079531474],[4.631121936451162,51.750107119097954],[4.627110049957504,51.76028330848939],[4.626115141657025,51.766051774998274],[4.626928984984302,51.77266338366535],[4.626985169489771,51.77290668823052],[4.627711826839245,51.7776383457918],[4.6274952716710684,51.78217220364018],[4.627421819414494,51.782485769292634],[4.6268402867079805,51.784751582353294],[4.623212639714685,51.79241342999271],[4.621871674379717,51.79769075907342],[4.621221587744014,51.80080394768958],[4.632178852716049,51.80213133294609],[4.641957784814327,51.80571020912176],[4.6480710827998815,51.80927800118219],[4.650545246185814,51.811316114350184],[4.650792097413388,51.81151319519587],[4.654747471809629,51.814444881247965],[4.656316673056949,51.81542998286173],[4.656458553070615,51.81550887793656],[4.658584396462974,51.81669094360058],[4.663248813228197,51.81902709724048],[4.664442448913675,51.8194825310755],[4.668392054167001,51.820546799987675],[4.671376103035668,51.82084575815373],[4.6717086855794205,51.82085421222917],[4.671729449446748,51.82079154434918],[4.676369770430071,51.820416406101934],[4.684631719397249,51.820775705698935],[4.688343772918754,51.82141317054053],[4.692267478379281,51.82200659607503],[4.697838257707739,51.82258773169966],[4.703732991128709,51.8231421225789],[4.707923846360118,51.823350652160464],[4.7099762179391815,51.823348507453105],[4.72963840216221,51.82216896753621]]]]},"properties":{"type":"boundary","gemeente":"Dordrecht","code":"GM0505"}}]}