{"type":"FeatureCollection","metadata":{"gemeente":"Gooise Meren","slug":"gooise-meren","code":"GM1942","generated_at":"2026-07-06T16:26:11.361Z","total_passenger":315,"total_freight":2,"bounds":[5.012792826488169,52.25579625382124,5.230352148355132,52.36553177235944],"operators":["DAEN Mobility","E-Flux by Road","Eneco","Fastned","Greenchoice B.V.","Laadnet","NRG Mobility","Opcharge","Pluq","PowerGo","Shell Recharge","TotalEnergies","Ubitricity","Vattenfall InCharge","e-VOLTT"]},"features":[{"type":"Feature","geometry":{"type":"Point","coordinates":[5.179038,52.271057]},"properties":{"type":"charge","layer":"passenger","locationId":"2799c77b-9ed1-447a-92cc-440740fd5a26","name":"TNLP015056 - H. Kamerlingh Onnesweg 1, Bussum","address":"1 H. Kamerlingh Onnesweg","city":"Bussum","operatorName":"TotalEnergies","maxPowerKw":17,"isMegawatt":false,"status":"AVAILABLE","source":"ndw"}},{"type":"Feature","geometry":{"type":"Point","coordinates":[5.083473,52.321486]},"properties":{"type":"charge","layer":"passenger","locationId":"68","name":"Shell Recharge NL2027 - Shell De Hackelaar","address":"A1 E231 NZ","city":"Muiden","operatorName":"Shell Recharge","maxPowerKw":175,"isMegawatt":false,"status":"AVAILABLE","source":"ndw","priceKwh":0.7025}},{"type":"Feature","geometry":{"type":"Point","coordinates":[5.151801,52.297211]},"properties":{"type":"charge","layer":"passenger","locationId":"92ec4bd6-78aa-481e-b8ad-ff167b1a1e97","name":"PP005551","address":"Meerstraat 36","city":"Naarden","operatorName":"TotalEnergies","maxPowerKw":11,"isMegawatt":false,"status":"AVAILABLE","source":"ndw"}},{"type":"Feature","geometry":{"type":"Point","coordinates":[5.063909,52.334801]},"properties":{"type":"charge","layer":"passenger","locationId":"a5b80adc-8219-495e-8037-9bb3051f8aeb","name":"TNLP006250","address":"Rietpolderlaan 8","city":"Muiden","operatorName":"TotalEnergies","maxPowerKw":17,"isMegawatt":false,"status":"AVAILABLE","source":"ndw"}},{"type":"Feature","geometry":{"type":"Point","coordinates":[5.171961,52.288251]},"properties":{"type":"charge","layer":"passenger","locationId":"9fd479f9-7992-4339-803b-0f4432433246","name":"TNLP006519","address":"Amersfoortsestraatweg 3 A","city":"Naarden","operatorName":"TotalEnergies","maxPowerKw":17,"isMegawatt":false,"status":"AVAILABLE","source":"ndw"}},{"type":"Feature","geometry":{"type":"Point","coordinates":[5.16912,52.28142]},"properties":{"type":"charge","layer":"passenger","locationId":"a5f399d9-d027-44eb-aea0-157eee5bc2e6","name":"TNLP003606 - Brediusweg 35, Bussum","address":"35 Brediusweg","city":"Bussum","operatorName":"TotalEnergies","maxPowerKw":17,"isMegawatt":false,"status":"AVAILABLE","source":"ndw"}},{"type":"Feature","geometry":{"type":"Point","coordinates":[5.15047,52.28203]},"properties":{"type":"charge","layer":"passenger","locationId":"3ed18e71-734f-4436-bf97-e5ddd5cf2958","name":"PP005079","address":"Verlengde Fortlaan 15","city":"Naarden","operatorName":"TotalEnergies","maxPowerKw":11,"isMegawatt":false,"status":"CHARGING","source":"ndw"}},{"type":"Feature","geometry":{"type":"Point","coordinates":[5.062409,52.327816]},"properties":{"type":"charge","layer":"passenger","locationId":"b43bead4-0952-4641-81bc-50f32a3c3466","name":"Laadplein - TNLP015048 - Weesperweg 2a, Muiden","address":"2a Weesperweg","city":"Muiden","operatorName":"TotalEnergies","maxPowerKw":15,"isMegawatt":false,"status":"AVAILABLE","source":"ndw"}},{"type":"Feature","geometry":{"type":"Point","coordinates":[5.193048,52.304948]},"properties":{"type":"charge","layer":"passenger","locationId":"1058342","name":"DAE_NL_2001375","address":"oud Huizerweg 2","city":"Naarden","operatorName":"DAEN Mobility","maxPowerKw":11,"isMegawatt":false,"status":"AVAILABLE","source":"ndw","priceKwh":0.6}},{"type":"Feature","geometry":{"type":"Point","coordinates":[5.18012,52.27269]},"properties":{"type":"charge","layer":"passenger","locationId":"374","name":"Shell Recharge NL J.H. van 't Hoffweg 26","address":"J.H. van 't Hoffweg 26","city":"Bussum","operatorName":"Ubitricity","maxPowerKw":11,"isMegawatt":false,"status":"AVAILABLE","source":"ndw","priceKwh":0.388}},{"type":"Feature","geometry":{"type":"Point","coordinates":[5.1657,52.26409]},"properties":{"type":"charge","layer":"passenger","locationId":"56bf7b82-ef03-49f9-a378-9738edf29e88","name":"PP005092","address":"Bloemhof 169","city":"Bussum","operatorName":"TotalEnergies","maxPowerKw":11,"isMegawatt":false,"status":"AVAILABLE","source":"ndw"}},{"type":"Feature","geometry":{"type":"Point","coordinates":[5.149378,52.279393]},"properties":{"type":"charge","layer":"passenger","locationId":"E7D775D8-692B-4A27-9C99-AF6ECE715765","name":"TNLP007703","address":"Prins Mauritslaan 16","city":"Bussum","operatorName":"TotalEnergies","maxPowerKw":17,"isMegawatt":false,"status":"CHARGING","source":"ndw"}},{"type":"Feature","geometry":{"type":"Point","coordinates":[5.170192,52.27858]},"properties":{"type":"charge","layer":"passenger","locationId":"6a186b0e-9c5f-4201-aa4c-3bc8d29d81ba","name":"TNLP034065","address":"Oud-Bussummerweg 69","city":"Bussum","operatorName":"TotalEnergies","maxPowerKw":14,"isMegawatt":false,"status":"AVAILABLE","source":"ndw"}},{"type":"Feature","geometry":{"type":"Point","coordinates":[5.193048,52.304948]},"properties":{"type":"charge","layer":"passenger","locationId":"1058431","name":"DAE_NL_2001374","address":"oud Huizerweg 2","city":"Naarden","operatorName":"DAEN Mobility","maxPowerKw":11,"isMegawatt":false,"status":"AVAILABLE","source":"ndw","priceKwh":0.6}},{"type":"Feature","geometry":{"type":"Point","coordinates":[5.147235,52.286028]},"properties":{"type":"charge","layer":"passenger","locationId":"cfc8d492-a69b-4cad-8db4-94cefa36903b","name":"TNLP006449","address":"Baljuw 63","city":"Naarden","operatorName":"TotalEnergies","maxPowerKw":17,"isMegawatt":false,"status":"CHARGING","source":"ndw"}},{"type":"Feature","geometry":{"type":"Point","coordinates":[5.167771,52.268423]},"properties":{"type":"charge","layer":"passenger","locationId":"8d1cce64-3672-402e-91c8-da3a42350eb1","name":"TNLP005939","address":"Hamerstraat 2","city":"Bussum","operatorName":"TotalEnergies","maxPowerKw":11,"isMegawatt":false,"status":"AVAILABLE","source":"ndw"}},{"type":"Feature","geometry":{"type":"Point","coordinates":[5.192828,52.268327]},"properties":{"type":"charge","layer":"passenger","locationId":"6dd832be-d0c2-48bb-8d90-c81708746121","name":"TNLP007373","address":"Anne Franklaan 102","city":"Bussum","operatorName":"TotalEnergies","maxPowerKw":17,"isMegawatt":false,"status":"AVAILABLE","source":"ndw"}},{"type":"Feature","geometry":{"type":"Point","coordinates":[5.19003,52.27011]},"properties":{"type":"charge","layer":"passenger","locationId":"400d4e93-b92d-4c22-9c95-539a6cd00356","name":"PP002079 - Wielewaallaan 38, Bussum","address":"38 Wielewaallaan","city":"Bussum","operatorName":"TotalEnergies","maxPowerKw":11,"isMegawatt":false,"status":"CHARGING","source":"ndw"}},{"type":"Feature","geometry":{"type":"Point","coordinates":[5.16072,52.2745]},"properties":{"type":"charge","layer":"passenger","locationId":"79ab2cd9-a518-4673-9040-5e34e905eb5b","name":"PP002505 - Veldweg 28, Bussum","address":"28 Veldweg","city":"Bussum","operatorName":"TotalEnergies","maxPowerKw":13,"isMegawatt":false,"status":"AVAILABLE","source":"ndw"}},{"type":"Feature","geometry":{"type":"Point","coordinates":[5.167777,52.275185]},"properties":{"type":"charge","layer":"passenger","locationId":"B61A9B8A-E516-4FD2-802B-B139026D5D52","name":"TNLP009760","address":"Driestweg 11","city":"Bussum","operatorName":"TotalEnergies","maxPowerKw":17,"isMegawatt":false,"status":"AVAILABLE","source":"ndw"}},{"type":"Feature","geometry":{"type":"Point","coordinates":[5.166183,52.284348]},"properties":{"type":"charge","layer":"passenger","locationId":"d1967144-59f3-48b5-a845-3ff3eb1ebc95","name":"Jan ter Gouwweg","address":"Jan ter Gouwweg 86","city":"Naarden","operatorName":"Vattenfall InCharge","maxPowerKw":11,"isMegawatt":false,"status":"AVAILABLE","source":"ndw"}},{"type":"Feature","geometry":{"type":"Point","coordinates":[5.18084,52.27647]},"properties":{"type":"charge","layer":"passenger","locationId":"ec67d2f5-ba65-42ee-a43a-a3e4ae40a494","name":"PP001734 - K.P.C. de Bazelstraat 16, Bussum","address":"16 K.P.C. de Bazelstraat","city":"Bussum","operatorName":"TotalEnergies","maxPowerKw":11,"isMegawatt":false,"status":"AVAILABLE","source":"ndw"}},{"type":"Feature","geometry":{"type":"Point","coordinates":[5.18144,52.27242]},"properties":{"type":"charge","layer":"passenger","locationId":"01ee131b-19f2-40a7-9d86-fa80fc51b84f","name":"PP001233 - H. Kamerlingh Onnesweg 25, Bussum","address":"25 H. Kamerlingh Onnesweg","city":"Bussum","operatorName":"TotalEnergies","maxPowerKw":11,"isMegawatt":false,"status":"AVAILABLE","source":"ndw"}},{"type":"Feature","geometry":{"type":"Point","coordinates":[5.15479,52.28377]},"properties":{"type":"charge","layer":"passenger","locationId":"3eda74f7-6b84-414b-8194-545ca8a9cd95","name":"PP001276 - Piersonlaan 12, Naarden","address":"12 Piersonlaan","city":"Naarden","operatorName":"TotalEnergies","maxPowerKw":11,"isMegawatt":false,"status":"AVAILABLE","source":"ndw"}},{"type":"Feature","geometry":{"type":"Point","coordinates":[5.145136,52.299247]},"properties":{"type":"charge","layer":"passenger","locationId":"4cb9d704-3452-4920-8e80-5d4522ff647f","name":"Evert de Bruynstraat","address":"Evert de Bruynstraat 92","city":"Naarden","operatorName":"Vattenfall InCharge","maxPowerKw":11,"isMegawatt":false,"status":"CHARGING","source":"ndw"}},{"type":"Feature","geometry":{"type":"Point","coordinates":[5.163997,52.278258]},"properties":{"type":"charge","layer":"passenger","locationId":"57627C9D-9982-402F-867C-1808BA690A40","name":"TNLP007621","address":"Landstraat 148a 148a","city":"Bussum","operatorName":"TotalEnergies","maxPowerKw":17,"isMegawatt":false,"status":"AVAILABLE","source":"ndw"}},{"type":"Feature","geometry":{"type":"Point","coordinates":[5.14819,52.28155]},"properties":{"type":"charge","layer":"passenger","locationId":"608","name":"Shell Recharge NL Kuyperlaan 46","address":"Kuyperlaan 46","city":"Naarden","operatorName":"Ubitricity","maxPowerKw":11,"isMegawatt":false,"status":"CHARGING","source":"ndw","priceKwh":0.388}},{"type":"Feature","geometry":{"type":"Point","coordinates":[5.15304,52.2734]},"properties":{"type":"charge","layer":"passenger","locationId":"78d3207f-f623-4a2c-8a55-7d7938b0c226","name":"PP002508 - Meentweg 47, Bussum","address":"47 Meentweg","city":"Bussum","operatorName":"TotalEnergies","maxPowerKw":13,"isMegawatt":false,"status":"AVAILABLE","source":"ndw"}},{"type":"Feature","geometry":{"type":"Point","coordinates":[5.11568,52.32379]},"properties":{"type":"charge","layer":"passenger","locationId":"0ec4a825-7c62-4431-b461-fb07cc4ba789","name":"PP005072","address":"Gerard Doulaan 29","city":"Muiderberg","operatorName":"TotalEnergies","maxPowerKw":11,"isMegawatt":false,"status":"AVAILABLE","source":"ndw"}},{"type":"Feature","geometry":{"type":"Point","coordinates":[5.163712,52.294556]},"properties":{"type":"charge","layer":"passenger","locationId":"aec55392-74ee-459d-a740-cbefb97de686","name":"Laadplein - PP005521 - Adriaan Dortsmanplein 11, Naarden","address":"11 Adriaan Dortsmanplein","city":"Naarden","operatorName":"TotalEnergies","maxPowerKw":15,"isMegawatt":false,"status":"AVAILABLE","source":"ndw"}},{"type":"Feature","geometry":{"type":"Point","coordinates":[5.160354,52.271387]},"properties":{"type":"charge","layer":"passenger","locationId":"8815E4EE-47F3-4E90-8A1C-AC37F4D20484","name":"TNLP009538","address":"Bensdorpplein 8","city":"Bussum","operatorName":"TotalEnergies","maxPowerKw":17,"isMegawatt":false,"status":"AVAILABLE","source":"ndw"}},{"type":"Feature","geometry":{"type":"Point","coordinates":[5.073644,52.328473]},"properties":{"type":"charge","layer":"passenger","locationId":"57142F91-6E42-4133-AE3B-538A4DBDCDDC","name":"TNLP007673","address":"de Pauw 2","city":"Muiden","operatorName":"TotalEnergies","maxPowerKw":17,"isMegawatt":false,"status":"CHARGING","source":"ndw"}},{"type":"Feature","geometry":{"type":"Point","coordinates":[5.14305,52.30255]},"properties":{"type":"charge","layer":"passenger","locationId":"76d6f9f1-db1d-4bf7-acbc-acbacecd7a9a","name":"TNLP009850","address":"Jac. P. Thijssepark 329","city":"Naarden","operatorName":"TotalEnergies","maxPowerKw":17,"isMegawatt":false,"status":"AVAILABLE","source":"ndw"}},{"type":"Feature","geometry":{"type":"Point","coordinates":[5.14902,52.28916]},"properties":{"type":"charge","layer":"passenger","locationId":"d67909e5-7fe2-415d-9c98-927f66f8920f","name":"PP005254","address":"Graaf Adolflaan 4","city":"Naarden","operatorName":"TotalEnergies","maxPowerKw":11,"isMegawatt":false,"status":"AVAILABLE","source":"ndw"}},{"type":"Feature","geometry":{"type":"Point","coordinates":[5.167635,52.278016]},"properties":{"type":"charge","layer":"passenger","locationId":"40a9a006-757e-4679-951f-ad66cc03f867","name":"TNLP005901","address":"Tesselschadelaan 8","city":"Bussum","operatorName":"TotalEnergies","maxPowerKw":17,"isMegawatt":false,"status":"AVAILABLE","source":"ndw"}},{"type":"Feature","geometry":{"type":"Point","coordinates":[5.1425,52.30843]},"properties":{"type":"charge","layer":"passenger","locationId":"4E650E79-9127-4F62-8E44-D3C3E29B3421","name":"Eneco eMobility Hotel NH Naarden","address":"IJsselmeerweg 3","city":"Naarden","operatorName":"Eneco","maxPowerKw":22,"isMegawatt":false,"status":"AVAILABLE","source":"ndw","priceKwh":0.45}},{"type":"Feature","geometry":{"type":"Point","coordinates":[5.166491,52.276832]},"properties":{"type":"charge","layer":"passenger","locationId":"f0b8a7a6-6f64-4151-82a0-796f7a172516","name":"TNLP006871","address":"Oud-Bussummerweg 20","city":"Bussum","operatorName":"TotalEnergies","maxPowerKw":17,"isMegawatt":false,"status":"CHARGING","source":"ndw"}},{"type":"Feature","geometry":{"type":"Point","coordinates":[5.14741,52.297677]},"properties":{"type":"charge","layer":"passenger","locationId":"9077f9f7-4ea1-474d-b473-ce1c044f8da6","name":"PP005150","address":"E. de Bruynstraat 5","city":"Naarden","operatorName":"TotalEnergies","maxPowerKw":11,"isMegawatt":false,"status":"AVAILABLE","source":"ndw"}},{"type":"Feature","geometry":{"type":"Point","coordinates":[5.145852,52.280725]},"properties":{"type":"charge","layer":"passenger","locationId":"923361","name":"DAE_NL_2001197","address":"Laegieskampweg 7","city":"Naarden","operatorName":"DAEN Mobility","maxPowerKw":11,"isMegawatt":false,"status":"AVAILABLE","source":"ndw","priceKwh":0.28}},{"type":"Feature","geometry":{"type":"Point","coordinates":[5.167809,52.274047]},"properties":{"type":"charge","layer":"passenger","locationId":"e3ba8e3821bf23c1f00ca0c9f594815b","name":"Poststraat 1","address":"Poststraat 1","city":"Bussum","operatorName":"Vattenfall InCharge","maxPowerKw":11,"isMegawatt":false,"status":"AVAILABLE","source":"ndw"}},{"type":"Feature","geometry":{"type":"Point","coordinates":[5.139205,52.307079]},"properties":{"type":"charge","layer":"passenger","locationId":"660d271340783b001cfdf2f7","name":"Gooimeer 5","address":"Gooimeer 5","city":"Naarden","operatorName":"Greenchoice B.V.","maxPowerKw":22,"isMegawatt":false,"status":"AVAILABLE","source":"ndw","priceKwh":0.38}},{"type":"Feature","geometry":{"type":"Point","coordinates":[5.071617,52.326187]},"properties":{"type":"charge","layer":"passenger","locationId":"59d12e6a-1f2e-4193-a5ec-3f9fd15a675a","name":"TNLP003550 - De Blauwe Wereld 5, Muiden","address":"5 De Blauwe Wereld","city":"Muiden","operatorName":"TotalEnergies","maxPowerKw":17,"isMegawatt":false,"status":"AVAILABLE","source":"ndw"}},{"type":"Feature","geometry":{"type":"Point","coordinates":[5.174705,52.284729]},"properties":{"type":"charge","layer":"passenger","locationId":"C9D50886-808F-4502-BE17-EE33ACA87429","name":"TNLP009332","address":"van Ostadelaan 18","city":"Naarden","operatorName":"TotalEnergies","maxPowerKw":17,"isMegawatt":false,"status":"AVAILABLE","source":"ndw"}},{"type":"Feature","geometry":{"type":"Point","coordinates":[5.16478,52.29503]},"properties":{"type":"charge","layer":"passenger","locationId":"67b0d5f4-8c88-4372-88a2-495d0dfdef7f","name":"Laadplein - PP001840 - Ruijsdaelplein 2, Naarden","address":"2 Ruijsdaelplein","city":"Naarden","operatorName":"TotalEnergies","maxPowerKw":11,"isMegawatt":false,"status":"AVAILABLE","source":"ndw"}},{"type":"Feature","geometry":{"type":"Point","coordinates":[5.165135,52.279753]},"properties":{"type":"charge","layer":"passenger","locationId":"47EA04B0-C07E-49E1-9805-D22360B95829","name":"TNLP008105","address":"Vossiuslaan 16","city":"Bussum","operatorName":"TotalEnergies","maxPowerKw":17,"isMegawatt":false,"status":"CHARGING","source":"ndw"}},{"type":"Feature","geometry":{"type":"Point","coordinates":[5.16583,52.27937]},"properties":{"type":"charge","layer":"passenger","locationId":"565","name":"Shell Recharge NL Vossiuslaan 7","address":"Vossiuslaan 7","city":"Bussum","operatorName":"Ubitricity","maxPowerKw":11,"isMegawatt":false,"status":"AVAILABLE","source":"ndw","priceKwh":0.388}},{"type":"Feature","geometry":{"type":"Point","coordinates":[5.162315,52.271333]},"properties":{"type":"charge","layer":"passenger","locationId":"3543053","name":"Laadnet Sectie 5 Vastgoed","address":"Brinklaan 134","city":"Bussum","operatorName":"Laadnet","maxPowerKw":22,"isMegawatt":false,"status":"AVAILABLE","source":"ndw"}},{"type":"Feature","geometry":{"type":"Point","coordinates":[5.1410432,52.3201141]},"properties":{"type":"charge","layer":"passenger","locationId":"43856","name":"Waterfront Naarderbos AC (PowerGo)","address":"IJsselmeerweg 100","city":"Naarden","operatorName":"PowerGo","maxPowerKw":50,"isMegawatt":false,"status":"AVAILABLE","source":"ndw","priceKwh":0.68}},{"type":"Feature","geometry":{"type":"Point","coordinates":[5.1238,52.32677]},"properties":{"type":"charge","layer":"passenger","locationId":"529","name":"Shell Recharge NL Nienhuis Ruyskade 29","address":"Nienhuis Ruyskade 29","city":"Muiderberg","operatorName":"Ubitricity","maxPowerKw":11,"isMegawatt":false,"status":"AVAILABLE","source":"ndw","priceKwh":0.388}},{"type":"Feature","geometry":{"type":"Point","coordinates":[5.1562,52.26614]},"properties":{"type":"charge","layer":"passenger","locationId":"1642","name":"Shell Recharge NL Struikheiweg 14","address":"Struikheiweg 14","city":"Gooise Meren","operatorName":"Ubitricity","maxPowerKw":11,"isMegawatt":false,"status":"AVAILABLE","source":"ndw","priceKwh":0.388}},{"type":"Feature","geometry":{"type":"Point","coordinates":[5.1588279,52.2947396]},"properties":{"type":"charge","layer":"passenger","locationId":"1403","name":"Shell Recharge NL Westwalstraat 29","address":"Westwalstraat 29","city":"Naarden","operatorName":"Ubitricity","maxPowerKw":22,"isMegawatt":false,"status":"AVAILABLE","source":"ndw","priceKwh":0.266}},{"type":"Feature","geometry":{"type":"Point","coordinates":[5.1726,52.26182]},"properties":{"type":"charge","layer":"passenger","locationId":"612","name":"Shell Recharge NL Lange Heul 774","address":"Lange Heul 774","city":"Bussum","operatorName":"Ubitricity","maxPowerKw":11,"isMegawatt":false,"status":"AVAILABLE","source":"ndw","priceKwh":0.388}},{"type":"Feature","geometry":{"type":"Point","coordinates":[5.16926,52.26189]},"properties":{"type":"charge","layer":"passenger","locationId":"1557","name":"Shell Recharge NL Lange Heul 181","address":"Lange Heul 181","city":"Gooise Meren","operatorName":"Ubitricity","maxPowerKw":11,"isMegawatt":false,"status":"AVAILABLE","source":"ndw","priceKwh":0.388}},{"type":"Feature","geometry":{"type":"Point","coordinates":[5.17879,52.26525]},"properties":{"type":"charge","layer":"passenger","locationId":"388","name":"Shell Recharge NL Karel Doormanlaan 65","address":"Karel Doormanlaan 65","city":"Bussum","operatorName":"Ubitricity","maxPowerKw":11,"isMegawatt":false,"status":"CHARGING","source":"ndw","priceKwh":0.388}},{"type":"Feature","geometry":{"type":"Point","coordinates":[5.151633,52.290141]},"properties":{"type":"charge","layer":"passenger","locationId":"OST23P0069_0038_0","name":"OST23P0069_0038_0","address":"Koningin Wilhelminalaan 31","city":"Naarden","operatorName":"e-VOLTT","maxPowerKw":19,"isMegawatt":false,"status":"AVAILABLE","source":"ndw","priceKwh":0.5289}},{"type":"Feature","geometry":{"type":"Point","coordinates":[5.072542,52.326002]},"properties":{"type":"charge","layer":"passenger","locationId":"77159154-2de3-4838-a786-1e109f165cbd","name":"TNLP034228","address":"De Lange Gangh 36","city":"Muiden","operatorName":"TotalEnergies","maxPowerKw":14,"isMegawatt":false,"status":"CHARGING","source":"ndw"}},{"type":"Feature","geometry":{"type":"Point","coordinates":[5.14991,52.284456]},"properties":{"type":"charge","layer":"passenger","locationId":"9e2b1d5f-fd18-495e-956c-f83d66bd1b8c","name":"TNLP034009","address":"Keizer Ottoweg 47","city":"Naarden","operatorName":"TotalEnergies","maxPowerKw":14,"isMegawatt":false,"status":"AVAILABLE","source":"ndw"}},{"type":"Feature","geometry":{"type":"Point","coordinates":[5.16408,52.2949]},"properties":{"type":"charge","layer":"passenger","locationId":"1451","name":"Shell Recharge NL Adriaan Dortsmanplein 2","address":"Adriaan Dortsmanplein 2","city":"Gooise Meren","operatorName":"Ubitricity","maxPowerKw":11,"isMegawatt":false,"status":"AVAILABLE","source":"ndw","priceKwh":0.388}},{"type":"Feature","geometry":{"type":"Point","coordinates":[5.05915,52.332267]},"properties":{"type":"charge","layer":"passenger","locationId":"66ea91cad5108e001cfcf075","name":"Vloto laadpaal Vuursteen 5","address":"Vuursteen 5","city":"Muiden","operatorName":"E-Flux by Road","maxPowerKw":14,"isMegawatt":false,"status":"AVAILABLE","source":"ndw","priceKwh":0.34}},{"type":"Feature","geometry":{"type":"Point","coordinates":[5.15052,52.29695]},"properties":{"type":"charge","layer":"passenger","locationId":"732","name":"Shell Recharge NL Gen. Kraijenhoffstraat 56","address":"Gen. Kraijenhoffstraat 56","city":"Naarden","operatorName":"Ubitricity","maxPowerKw":11,"isMegawatt":false,"status":"AVAILABLE","source":"ndw","priceKwh":0.388}},{"type":"Feature","geometry":{"type":"Point","coordinates":[5.062105,52.333191]},"properties":{"type":"charge","layer":"passenger","locationId":"923236","name":"DAE_NL_2001075_NR14","address":"kruitmolen 14","city":"Muiden","operatorName":"DAEN Mobility","maxPowerKw":11,"isMegawatt":false,"status":"AVAILABLE","source":"ndw","priceKwh":0.4}},{"type":"Feature","geometry":{"type":"Point","coordinates":[5.1635631,52.2676681]},"properties":{"type":"charge","layer":"passenger","locationId":"1215","name":"Shell Recharge NL De Sparren 12","address":"De Sparren 12","city":"Bussum","operatorName":"Ubitricity","maxPowerKw":22,"isMegawatt":false,"status":"AVAILABLE","source":"ndw","priceKwh":0.266}},{"type":"Feature","geometry":{"type":"Point","coordinates":[5.15746,52.27192]},"properties":{"type":"charge","layer":"passenger","locationId":"499","name":"Shell Recharge NL Beerensteinerhof 7","address":"Beerensteinerhof 7","city":"Bussum","operatorName":"Ubitricity","maxPowerKw":11,"isMegawatt":false,"status":"AVAILABLE","source":"ndw","priceKwh":0.388}},{"type":"Feature","geometry":{"type":"Point","coordinates":[5.123456,52.323199]},"properties":{"type":"charge","layer":"passenger","locationId":"A4FCCCF5-DFFB-4F62-B54A-78408094CCF7","name":"TNLP008039","address":"Watersnip 6","city":"Muiderberg","operatorName":"TotalEnergies","maxPowerKw":17,"isMegawatt":false,"status":"CHARGING","source":"ndw"}},{"type":"Feature","geometry":{"type":"Point","coordinates":[5.193048,52.304948]},"properties":{"type":"charge","layer":"passenger","locationId":"1058370","name":"DAE_NL_2001373","address":"oud Huizerweg 2","city":"Naarden","operatorName":"DAEN Mobility","maxPowerKw":11,"isMegawatt":false,"status":"AVAILABLE","source":"ndw","priceKwh":0.6}},{"type":"Feature","geometry":{"type":"Point","coordinates":[5.065149,52.334266]},"properties":{"type":"charge","layer":"passenger","locationId":"68b1605e0abda648591c9d83","name":"Vloto laadpaal PC Hooftlaan 37","address":"PC Hooftlaan  37","city":"Muiden","operatorName":"E-Flux by Road","maxPowerKw":14,"isMegawatt":false,"status":"UNAVAILABLE","source":"ndw","priceKwh":0.34}},{"type":"Feature","geometry":{"type":"Point","coordinates":[5.052345,52.333183]},"properties":{"type":"charge","layer":"passenger","locationId":"62dff33b962e36b94f1f9fb0","name":"E.J. Ruijgplein 1","address":"E.J. Ruijgplein 1","city":"Muiden","operatorName":"E-Flux by Road","maxPowerKw":87,"isMegawatt":false,"status":"UNAVAILABLE","source":"ndw","priceKwh":0.57}},{"type":"Feature","geometry":{"type":"Point","coordinates":[5.1879877,52.2735592]},"properties":{"type":"charge","layer":"passenger","locationId":"1298","name":"Shell Recharge NL Lothariuslaan 82","address":"Lothariuslaan 82","city":"Bussum","operatorName":"Ubitricity","maxPowerKw":22,"isMegawatt":false,"status":"CHARGING","source":"ndw","priceKwh":0.266}},{"type":"Feature","geometry":{"type":"Point","coordinates":[5.1512,52.28633]},"properties":{"type":"charge","layer":"passenger","locationId":"733","name":"Shell Recharge NL Thorbeckelaan 74","address":"Thorbeckelaan 74","city":"Naarden","operatorName":"Ubitricity","maxPowerKw":11,"isMegawatt":false,"status":"CHARGING","source":"ndw","priceKwh":0.388}},{"type":"Feature","geometry":{"type":"Point","coordinates":[5.1718189,52.2707145]},"properties":{"type":"charge","layer":"passenger","locationId":"1229","name":"Shell Recharge NL Eendrachtpark 1","address":"Eendrachtpark 1","city":"Bussum","operatorName":"Ubitricity","maxPowerKw":22,"isMegawatt":false,"status":"AVAILABLE","source":"ndw","priceKwh":0.266}},{"type":"Feature","geometry":{"type":"Point","coordinates":[5.169107,52.273116]},"properties":{"type":"charge","layer":"passenger","locationId":"0ff52bdf-29e1-42dc-9b8d-3b38d2c9fa85","name":"TNLP005815","address":"Veldheimerlaan 39","city":"Bussum","operatorName":"TotalEnergies","maxPowerKw":11,"isMegawatt":false,"status":"CHARGING","source":"ndw"}},{"type":"Feature","geometry":{"type":"Point","coordinates":[5.142412,52.29198]},"properties":{"type":"charge","layer":"passenger","locationId":"6933ed3f897e4f556908604e","name":"Gooi en vechtstreek 64101 - Parkeerplaats Stadzigt nr 2","address":"Meerkade 2","city":"Naarden","operatorName":"E-Flux by Road","maxPowerKw":11,"isMegawatt":false,"status":"AVAILABLE","source":"ndw","priceKwh":0.43}},{"type":"Feature","geometry":{"type":"Point","coordinates":[5.138224,52.306946]},"properties":{"type":"charge","layer":"passenger","locationId":"4227438","name":"Laadnet Pink Elephant BV","address":"Gooimeer 18","city":"Naarden","operatorName":"Laadnet","maxPowerKw":22,"isMegawatt":false,"status":"AVAILABLE","source":"ndw"}},{"type":"Feature","geometry":{"type":"Point","coordinates":[5.147817,52.301324]},"properties":{"type":"charge","layer":"passenger","locationId":"28441b57a66776e47a9a1f4dd9f631eb","name":"Vaartweg 86","address":"Vaartweg 86","city":"Naarden","operatorName":"Vattenfall InCharge","maxPowerKw":11,"isMegawatt":false,"status":"AVAILABLE","source":"ndw"}},{"type":"Feature","geometry":{"type":"Point","coordinates":[5.1739,52.27284]},"properties":{"type":"charge","layer":"passenger","locationId":"497","name":"Shell Recharge NL Voormeulenweg 39","address":"Voormeulenweg 39","city":"Bussum","operatorName":"Ubitricity","maxPowerKw":11,"isMegawatt":false,"status":"AVAILABLE","source":"ndw","priceKwh":0.388}},{"type":"Feature","geometry":{"type":"Point","coordinates":[5.187991,52.266827]},"properties":{"type":"charge","layer":"passenger","locationId":"4334b3a2-71d5-4b8a-82f3-e6f1b8bae24b","name":"PP005142","address":"Aaltje Noordewierlaan 49","city":"Bussum","operatorName":"TotalEnergies","maxPowerKw":11,"isMegawatt":false,"status":"AVAILABLE","source":"ndw"}},{"type":"Feature","geometry":{"type":"Point","coordinates":[5.160079,52.296719]},"properties":{"type":"charge","layer":"passenger","locationId":"3449d443-e8b1-4b5a-8abd-4efef6efffa9","name":"Kooltjesbuurt","address":"Kooltjesbuurt 1","city":"Naarden","operatorName":"Vattenfall InCharge","maxPowerKw":11,"isMegawatt":false,"status":"AVAILABLE","source":"ndw"}},{"type":"Feature","geometry":{"type":"Point","coordinates":[5.14631,52.27135]},"properties":{"type":"charge","layer":"passenger","locationId":"617","name":"Shell Recharge NL J.F. Evertslaan 20","address":"J.F. Evertslaan 20","city":"Bussum","operatorName":"Ubitricity","maxPowerKw":11,"isMegawatt":false,"status":"AVAILABLE","source":"ndw","priceKwh":0.388}},{"type":"Feature","geometry":{"type":"Point","coordinates":[5.171052,52.271288]},"properties":{"type":"charge","layer":"passenger","locationId":"40c5609e-8bc4-48bb-93cc-cd37af8ec6c4","name":"TNLP006370","address":"Sint Janslaan 73","city":"Bussum","operatorName":"TotalEnergies","maxPowerKw":17,"isMegawatt":false,"status":"AVAILABLE","source":"ndw"}},{"type":"Feature","geometry":{"type":"Point","coordinates":[5.181626,52.29512]},"properties":{"type":"charge","layer":"passenger","locationId":"66704c94c2af14001c4cbd9c","name":"Givaudan Nederland B.V. Personeel","address":"Huizerstraatweg 28","city":"Naarden","operatorName":"Pluq","maxPowerKw":22,"isMegawatt":false,"status":"AVAILABLE","source":"ndw","priceKwh":0.3}},{"type":"Feature","geometry":{"type":"Point","coordinates":[5.060441,52.332369]},"properties":{"type":"charge","layer":"passenger","locationId":"67850813d27551b8ad807870","name":"Vloto's laadpaal Kruitmolen 17","address":"Kruitmolen 17","city":"Muiden","operatorName":"E-Flux by Road","maxPowerKw":14,"isMegawatt":false,"status":"CHARGING","source":"ndw","priceKwh":0.34}},{"type":"Feature","geometry":{"type":"Point","coordinates":[5.1613,52.27238]},"properties":{"type":"charge","layer":"passenger","locationId":"570abc53-aef7-48e7-bd1f-c31bf1a70954","name":"PP001985 - Mariastraat 22, Bussum","address":"22 Mariastraat","city":"Bussum","operatorName":"TotalEnergies","maxPowerKw":11,"isMegawatt":false,"status":"AVAILABLE","source":"ndw"}},{"type":"Feature","geometry":{"type":"Point","coordinates":[5.179301,52.27305]},"properties":{"type":"charge","layer":"passenger","locationId":"6eda55e5-a28a-4bb4-9c00-a4c984f43dd5","name":"PP005163","address":"H. Zwaardemakerstraat 23","city":"Bussum","operatorName":"TotalEnergies","maxPowerKw":11,"isMegawatt":false,"status":"AVAILABLE","source":"ndw"}},{"type":"Feature","geometry":{"type":"Point","coordinates":[5.17696,52.27066]},"properties":{"type":"charge","layer":"passenger","locationId":"5bf49a28-e712-48ff-9446-5d9f5c9afc79","name":"PP002504 - Doctor Abraham Kuyperlaan 5, Bussum","address":"5 Doctor Abraham Kuyperlaan","city":"Bussum","operatorName":"TotalEnergies","maxPowerKw":13,"isMegawatt":false,"status":"AVAILABLE","source":"ndw"}},{"type":"Feature","geometry":{"type":"Point","coordinates":[5.140606,52.303169]},"properties":{"type":"charge","layer":"passenger","locationId":"bea686a3-fdbb-4fd3-bd4b-8dae7367b2ca","name":"TNLP006349","address":"Jac. P. Thijssepark 243","city":"Naarden","operatorName":"TotalEnergies","maxPowerKw":17,"isMegawatt":false,"status":"AVAILABLE","source":"ndw"}},{"type":"Feature","geometry":{"type":"Point","coordinates":[5.123921,52.326993]},"properties":{"type":"charge","layer":"passenger","locationId":"7402C553-1F4B-4B07-92E5-EC27D0066CDA","name":"TNLP009341","address":"Nienhuis Ruijskade 44","city":"Muiderberg","operatorName":"TotalEnergies","maxPowerKw":17,"isMegawatt":false,"status":"CHARGING","source":"ndw"}},{"type":"Feature","geometry":{"type":"Point","coordinates":[5.05602,52.333078]},"properties":{"type":"charge","layer":"passenger","locationId":"66dffcc326a9ff001cc7bf75","name":"Vloto Laadpaal Krijgsmanlaan 44","address":"Krijgsmanlaan 44","city":"Muiden","operatorName":"E-Flux by Road","maxPowerKw":14,"isMegawatt":false,"status":"AVAILABLE","source":"ndw","priceKwh":0.34}},{"type":"Feature","geometry":{"type":"Point","coordinates":[5.065609,52.327957]},"properties":{"type":"charge","layer":"passenger","locationId":"a6042035-82d7-4409-89ad-f09218358956","name":"TNLP005717","address":"Weesperstraat 113","city":"Muiden","operatorName":"TotalEnergies","maxPowerKw":17,"isMegawatt":false,"status":"CHARGING","source":"ndw"}},{"type":"Feature","geometry":{"type":"Point","coordinates":[5.17664,52.276]},"properties":{"type":"charge","layer":"passenger","locationId":"28a346f5-191f-47f0-addc-793b274725d8","name":"PP004342","address":"Bisonstraat 1","city":"Bussum","operatorName":"TotalEnergies","maxPowerKw":11,"isMegawatt":false,"status":"AVAILABLE","source":"ndw"}},{"type":"Feature","geometry":{"type":"Point","coordinates":[5.052463,52.333244]},"properties":{"type":"charge","layer":"passenger","locationId":"68d55781317606c125bc89ce","name":"Vloto laadpaal E.J. Ruijgplein 2","address":"E.J. Ruijgplein  1","city":"Muiden","operatorName":"E-Flux by Road","maxPowerKw":14,"isMegawatt":false,"status":"AVAILABLE","source":"ndw","priceKwh":0.34}},{"type":"Feature","geometry":{"type":"Point","coordinates":[5.182275,52.274264]},"properties":{"type":"charge","layer":"passenger","locationId":"f7ca0fc7-9f11-440b-baff-f95dfce2d97d","name":"TNLP005787","address":"Godelindedwarsstraat 34","city":"Bussum","operatorName":"TotalEnergies","maxPowerKw":11,"isMegawatt":false,"status":"AVAILABLE","source":"ndw"}},{"type":"Feature","geometry":{"type":"Point","coordinates":[5.139935,52.308204]},"properties":{"type":"charge","layer":"passenger","locationId":"67499b3e0834fe35cd1fa645","name":"Gooimeer 12 & 14","address":"Gooimeer 12","city":"Naarden","operatorName":"Greenchoice B.V.","maxPowerKw":22,"isMegawatt":false,"status":"AVAILABLE","source":"ndw","priceKwh":0.61}},{"type":"Feature","geometry":{"type":"Point","coordinates":[5.15716,52.278815]},"properties":{"type":"charge","layer":"passenger","locationId":"19e9a54f-b5c6-4acd-9d8f-517027129ad0","name":"TNLP007957","address":"Oranjepark 2","city":"Bussum","operatorName":"TotalEnergies","maxPowerKw":17,"isMegawatt":false,"status":"AVAILABLE","source":"ndw"}},{"type":"Feature","geometry":{"type":"Point","coordinates":[5.1692,52.27524]},"properties":{"type":"charge","layer":"passenger","locationId":"496","name":"Shell Recharge NL Noorderweg 16","address":"Noorderweg 16","city":"Bussum","operatorName":"Ubitricity","maxPowerKw":11,"isMegawatt":false,"status":"AVAILABLE","source":"ndw","priceKwh":0.388}},{"type":"Feature","geometry":{"type":"Point","coordinates":[5.179837,52.27404]},"properties":{"type":"charge","layer":"passenger","locationId":"7f7c19b2-3d81-429b-8b15-d61c49f134b2","name":"PP005418","address":"Keizer Ottostraat 77","city":"Bussum","operatorName":"TotalEnergies","maxPowerKw":11,"isMegawatt":false,"status":"AVAILABLE","source":"ndw"}},{"type":"Feature","geometry":{"type":"Point","coordinates":[5.16338,52.276347]},"properties":{"type":"charge","layer":"passenger","locationId":"BFFE57BA-8955-4064-A193-D3B6B23D74CC","name":"TNLP007592","address":"Wilhelminaplantsoen 101","city":"Bussum","operatorName":"TotalEnergies","maxPowerKw":17,"isMegawatt":false,"status":"CHARGING","source":"ndw"}},{"type":"Feature","geometry":{"type":"Point","coordinates":[5.169824,52.264041]},"properties":{"type":"charge","layer":"passenger","locationId":"F27F4C22-FC78-47AE-BF93-8303643B145B","name":"TNLP008933","address":"Beeklaan 46","city":"Bussum","operatorName":"TotalEnergies","maxPowerKw":14,"isMegawatt":false,"status":"AVAILABLE","source":"ndw"}},{"type":"Feature","geometry":{"type":"Point","coordinates":[5.166392,52.267583]},"properties":{"type":"charge","layer":"passenger","locationId":"cb14b68f-2bfc-419d-899e-d799877626f8","name":"PP005146","address":"De Dennen 178","city":"Bussum","operatorName":"TotalEnergies","maxPowerKw":11,"isMegawatt":false,"status":"CHARGING","source":"ndw"}},{"type":"Feature","geometry":{"type":"Point","coordinates":[5.152221,52.281657]},"properties":{"type":"charge","layer":"passenger","locationId":"8335e876-95cf-41d0-beef-b5ec4f49d3c4","name":"PP005649","address":"Zwarteweg 42","city":"Naarden","operatorName":"TotalEnergies","maxPowerKw":11,"isMegawatt":false,"status":"CHARGING","source":"ndw"}},{"type":"Feature","geometry":{"type":"Point","coordinates":[5.156074,52.281015]},"properties":{"type":"charge","layer":"passenger","locationId":"A53FE39B-3F2F-4E82-B94E-1B0704FE73A5","name":"TNLP008818","address":"Parallelweg 3","city":"Bussum","operatorName":"TotalEnergies","maxPowerKw":14,"isMegawatt":false,"status":"AVAILABLE","source":"ndw"}},{"type":"Feature","geometry":{"type":"Point","coordinates":[5.119646,52.323791]},"properties":{"type":"charge","layer":"passenger","locationId":"ea34e97f-bf9e-4b9a-a9e6-ad0476140c7c","name":"TNLP006150","address":"van der Helstpark 13","city":"Muiderberg","operatorName":"TotalEnergies","maxPowerKw":17,"isMegawatt":false,"status":"AVAILABLE","source":"ndw"}},{"type":"Feature","geometry":{"type":"Point","coordinates":[5.190626,52.270031]},"properties":{"type":"charge","layer":"passenger","locationId":"d7a5d79f-fec8-4447-82c5-7855ed39e514","name":"TNLP006719","address":"Wielewaallaan 39","city":"Bussum","operatorName":"TotalEnergies","maxPowerKw":17,"isMegawatt":false,"status":"CHARGING","source":"ndw"}},{"type":"Feature","geometry":{"type":"Point","coordinates":[5.15894,52.26971]},"properties":{"type":"charge","layer":"passenger","locationId":"f85a786d-1eea-4286-af41-3671de4a8936","name":"PP002071 - Iepenlaan 51, Bussum","address":"51 Iepenlaan","city":"Bussum","operatorName":"TotalEnergies","maxPowerKw":11,"isMegawatt":false,"status":"CHARGING","source":"ndw"}},{"type":"Feature","geometry":{"type":"Point","coordinates":[5.06545,52.32895]},"properties":{"type":"charge","layer":"passenger","locationId":"1630","name":"Shell Recharge NL Singelstraat 32","address":"Singelstraat 32","city":"Gooise Meren","operatorName":"Ubitricity","maxPowerKw":11,"isMegawatt":false,"status":"CHARGING","source":"ndw","priceKwh":0.388}},{"type":"Feature","geometry":{"type":"Point","coordinates":[5.16899,52.27719]},"properties":{"type":"charge","layer":"passenger","locationId":"0fec902e-c833-40d6-ac52-df16ed24c0bb","name":"PP001699 - Simon Stevinweg 5, Bussum","address":"5 Simon Stevinweg","city":"Bussum","operatorName":"TotalEnergies","maxPowerKw":11,"isMegawatt":false,"status":"UNAVAILABLE","source":"ndw"}},{"type":"Feature","geometry":{"type":"Point","coordinates":[5.181649,52.272161]},"properties":{"type":"charge","layer":"passenger","locationId":"4f412aea-3dc3-4af6-a7db-25b75b4d3bdb","name":"PP005143","address":"H. Kamerlingh Onnesweg 25 a","city":"Bussum","operatorName":"TotalEnergies","maxPowerKw":11,"isMegawatt":false,"status":"AVAILABLE","source":"ndw"}},{"type":"Feature","geometry":{"type":"Point","coordinates":[5.147222,52.290774]},"properties":{"type":"charge","layer":"passenger","locationId":"BA8E6B7D-8F84-47A0-B5FF-2212EFBD9EBE","name":"TNLP009789","address":"Graaf Willem de Oudelaan 108","city":"Naarden","operatorName":"TotalEnergies","maxPowerKw":17,"isMegawatt":false,"status":"CHARGING","source":"ndw"}},{"type":"Feature","geometry":{"type":"Point","coordinates":[5.154844,52.289383]},"properties":{"type":"charge","layer":"passenger","locationId":"0B799A26-540F-4E16-B96D-4E429C0275DF","name":"TNLP007822","address":"Albertine Agneslaan 21","city":"Naarden","operatorName":"TotalEnergies","maxPowerKw":17,"isMegawatt":false,"status":"AVAILABLE","source":"ndw"}},{"type":"Feature","geometry":{"type":"Point","coordinates":[5.160727,52.293484]},"properties":{"type":"charge","layer":"passenger","locationId":"6d12c0ed-7b84-4648-910e-73ed0258d01e","name":"PP005643","address":"Westwalstraat 63","city":"Naarden","operatorName":"TotalEnergies","maxPowerKw":11,"isMegawatt":false,"status":"CHARGING","source":"ndw"}},{"type":"Feature","geometry":{"type":"Point","coordinates":[5.161384,52.282676]},"properties":{"type":"charge","layer":"passenger","locationId":"99286101-fe34-45ad-a625-8438c85154a6","name":"PP005616","address":"Rostocklaan 25","city":"Bussum","operatorName":"TotalEnergies","maxPowerKw":11,"isMegawatt":false,"status":"AVAILABLE","source":"ndw"}},{"type":"Feature","geometry":{"type":"Point","coordinates":[5.176436,52.266257]},"properties":{"type":"charge","layer":"passenger","locationId":"B3D23FB2-73DB-47C0-8AF7-FAF3AEBA81BA","name":"TNLP007858","address":"Jan Bottemastraat 3G","city":"Bussum","operatorName":"TotalEnergies","maxPowerKw":17,"isMegawatt":false,"status":"AVAILABLE","source":"ndw"}},{"type":"Feature","geometry":{"type":"Point","coordinates":[5.15505,52.285761]},"properties":{"type":"charge","layer":"passenger","locationId":"10697644-a06e-4563-96a7-94f71b3de72c","name":"PP005566","address":"Juliana van Stolberglaan 48","city":"Naarden","operatorName":"TotalEnergies","maxPowerKw":11,"isMegawatt":false,"status":"AVAILABLE","source":"ndw"}},{"type":"Feature","geometry":{"type":"Point","coordinates":[5.186451,52.268543]},"properties":{"type":"charge","layer":"passenger","locationId":"68172941-2999-4663-81a7-3af5c77e9cca","name":"TNLP006686","address":"Koekoeklaan 39","city":"Bussum","operatorName":"TotalEnergies","maxPowerKw":17,"isMegawatt":false,"status":"CHARGING","source":"ndw"}},{"type":"Feature","geometry":{"type":"Point","coordinates":[5.16057,52.28796]},"properties":{"type":"charge","layer":"passenger","locationId":"15e7aabf-9a15-410f-9eb6-aa3e7b8f5a33","name":"PP004172","address":"Thierensweg 30","city":"Naarden","operatorName":"TotalEnergies","maxPowerKw":11,"isMegawatt":false,"status":"AVAILABLE","source":"ndw"}},{"type":"Feature","geometry":{"type":"Point","coordinates":[5.024983,52.333913]},"properties":{"type":"charge","layer":"passenger","locationId":"1B0C220C-E918-40D2-8EB1-D32918F272D1","name":"Eneco eMobility Albert Heijn - Pampusweg 26","address":"Pampusweg 26","city":"Muiden","operatorName":"Eneco","maxPowerKw":150,"isMegawatt":false,"status":"AVAILABLE","source":"ndw","priceKwh":0.62}},{"type":"Feature","geometry":{"type":"Point","coordinates":[5.152234,52.301943]},"properties":{"type":"charge","layer":"passenger","locationId":"7AFB3561-560E-4CF8-BDA7-F93B7EB232BE","name":"TNLP007754","address":"Kobaltstraat 2","city":"Naarden","operatorName":"TotalEnergies","maxPowerKw":17,"isMegawatt":false,"status":"AVAILABLE","source":"ndw"}},{"type":"Feature","geometry":{"type":"Point","coordinates":[5.15745,52.28395]},"properties":{"type":"charge","layer":"passenger","locationId":"1604","name":"Shell Recharge NL Pater Wijnterlaan 41","address":"Pater Wijnterlaan 41","city":"Gooise Meren","operatorName":"Ubitricity","maxPowerKw":11,"isMegawatt":false,"status":"AVAILABLE","source":"ndw","priceKwh":0.388}},{"type":"Feature","geometry":{"type":"Point","coordinates":[5.104618,52.320202]},"properties":{"type":"charge","layer":"passenger","locationId":"EVB-P1606164","name":"EVB-P1606164","address":"Googweg 9A","city":"Muiderberg","operatorName":"e-VOLTT","maxPowerKw":11,"isMegawatt":false,"status":"UNAVAILABLE","source":"ndw","priceKwh":0.6}},{"type":"Feature","geometry":{"type":"Point","coordinates":[5.15698,52.27467]},"properties":{"type":"charge","layer":"passenger","locationId":"411","name":"Shell Recharge NL Graaf Wichmanlaan 20","address":"Graaf Wichmanlaan 20","city":"Bussum","operatorName":"Ubitricity","maxPowerKw":11,"isMegawatt":false,"status":"AVAILABLE","source":"ndw","priceKwh":0.388}},{"type":"Feature","geometry":{"type":"Point","coordinates":[5.157325,52.27347]},"properties":{"type":"charge","layer":"passenger","locationId":"bf8b638a-3975-412f-abf9-96753718dc08","name":"TNLP006386","address":"Meentweg 11","city":"Bussum","operatorName":"TotalEnergies","maxPowerKw":17,"isMegawatt":false,"status":"AVAILABLE","source":"ndw"}},{"type":"Feature","geometry":{"type":"Point","coordinates":[5.17792,52.274402]},"properties":{"type":"charge","layer":"passenger","locationId":"666369ed-3a47-48be-9f27-618ea39fb7eb","name":"TNLP006381","address":"Voormeulenweg 87","city":"Bussum","operatorName":"TotalEnergies","maxPowerKw":17,"isMegawatt":false,"status":"AVAILABLE","source":"ndw"}},{"type":"Feature","geometry":{"type":"Point","coordinates":[5.16337,52.28151]},"properties":{"type":"charge","layer":"passenger","locationId":"722","name":"Shell Recharge NL Vaartweg 36","address":"Vaartweg 36","city":"Bussum","operatorName":"Ubitricity","maxPowerKw":11,"isMegawatt":false,"status":"CHARGING","source":"ndw","priceKwh":0.388}},{"type":"Feature","geometry":{"type":"Point","coordinates":[5.170751,52.276771]},"properties":{"type":"charge","layer":"passenger","locationId":"a6c6dc83-4e2f-4140-b387-3ea9f6dd7c13","name":"PP005607","address":"Marconiweg 41","city":"Bussum","operatorName":"TotalEnergies","maxPowerKw":11,"isMegawatt":false,"status":"AVAILABLE","source":"ndw"}},{"type":"Feature","geometry":{"type":"Point","coordinates":[5.189817,52.267066]},"properties":{"type":"charge","layer":"passenger","locationId":"ed6a0cac-1a91-45b9-ac6c-254c8a66a82f","name":"TNLP007023","address":"Aagje Dekenlaan 98","city":"Bussum","operatorName":"TotalEnergies","maxPowerKw":17,"isMegawatt":false,"status":"AVAILABLE","source":"ndw"}},{"type":"Feature","geometry":{"type":"Point","coordinates":[5.18302,52.268343]},"properties":{"type":"charge","layer":"passenger","locationId":"9ee6ad85-12e8-463b-b935-d564c58194d6","name":"TNLP015389","address":"Catharina van Renneslaan 2","city":"Bussum","operatorName":"TotalEnergies","maxPowerKw":17,"isMegawatt":false,"status":"AVAILABLE","source":"ndw"}},{"type":"Feature","geometry":{"type":"Point","coordinates":[5.178775,52.267308]},"properties":{"type":"charge","layer":"passenger","locationId":"3CF020B8-819F-42B6-BC3A-4D8B0063EB9A","name":"TNLP007602","address":"Van Speijklaan 18","city":"Bussum","operatorName":"TotalEnergies","maxPowerKw":17,"isMegawatt":false,"status":"AVAILABLE","source":"ndw"}},{"type":"Feature","geometry":{"type":"Point","coordinates":[5.06515,52.334242]},"properties":{"type":"charge","layer":"passenger","locationId":"F6BBEC95-5AD9-4510-A96F-76B8947D55FC","name":"TNLP007599","address":"Muiderkring 8","city":"Muiden","operatorName":"TotalEnergies","maxPowerKw":17,"isMegawatt":false,"status":"AVAILABLE","source":"ndw"}},{"type":"Feature","geometry":{"type":"Point","coordinates":[5.18239,52.271629]},"properties":{"type":"charge","layer":"passenger","locationId":"52d1cece-5fec-47a7-9cb4-5651fdf2c892","name":"TNLP006687","address":"Bremstraat 2","city":"Bussum","operatorName":"TotalEnergies","maxPowerKw":17,"isMegawatt":false,"status":"AVAILABLE","source":"ndw"}},{"type":"Feature","geometry":{"type":"Point","coordinates":[5.12504,52.32442]},"properties":{"type":"charge","layer":"passenger","locationId":"3aecf525-a90e-42e1-a130-b7de84a2a216","name":"PP001940 - Nienhuis Ruijskade 106, Muiderberg","address":"106 Nienhuis Ruijskade","city":"Muiderberg","operatorName":"TotalEnergies","maxPowerKw":11,"isMegawatt":false,"status":"AVAILABLE","source":"ndw"}},{"type":"Feature","geometry":{"type":"Point","coordinates":[5.142412,52.29198]},"properties":{"type":"charge","layer":"passenger","locationId":"6933ee4f25a7abb33c19c4b8","name":"Gooi en Vechtstreek 64101 - Parkeerplaats Stadzigt nr 1","address":"Meerkade 2","city":"Naarden","operatorName":"E-Flux by Road","maxPowerKw":11,"isMegawatt":false,"status":"AVAILABLE","source":"ndw","priceKwh":0.43}},{"type":"Feature","geometry":{"type":"Point","coordinates":[5.156125,52.290153]},"properties":{"type":"charge","layer":"passenger","locationId":"2700128","name":"Laadnet Thuis","address":"Stadhouder Willem II Laan 32","city":"Naarden","operatorName":"Laadnet","maxPowerKw":11,"isMegawatt":false,"status":"UNAVAILABLE","source":"ndw"}},{"type":"Feature","geometry":{"type":"Point","coordinates":[5.052939,52.335336]},"properties":{"type":"charge","layer":"passenger","locationId":"66e7deffc8d603001cc68a21","name":"Vloto laadpaal IJsvogel 26","address":"IJsvogel  26","city":"Muiden","operatorName":"E-Flux by Road","maxPowerKw":14,"isMegawatt":false,"status":"AVAILABLE","source":"ndw","priceKwh":0.34}},{"type":"Feature","geometry":{"type":"Point","coordinates":[5.176454,52.286994]},"properties":{"type":"charge","layer":"passenger","locationId":"ac363421-6b98-4c71-9679-beb8ee4cac69","name":"TNLP006715","address":"Chopinlaan 1","city":"Naarden","operatorName":"TotalEnergies","maxPowerKw":17,"isMegawatt":false,"status":"AVAILABLE","source":"ndw"}},{"type":"Feature","geometry":{"type":"Point","coordinates":[5.14973,52.29896]},"properties":{"type":"charge","layer":"passenger","locationId":"138","name":"Shell Recharge NL Jan Houtmanstraat 2","address":"Jan Houtmanstraat 2","city":"Naarden","operatorName":"Ubitricity","maxPowerKw":11,"isMegawatt":false,"status":"CHARGING","source":"ndw","priceKwh":0.388}},{"type":"Feature","geometry":{"type":"Point","coordinates":[5.1730795,52.2695145]},"properties":{"type":"charge","layer":"passenger","locationId":"1363","name":"Shell Recharge NL Sint Janslaan 131","address":"Sint Janslaan 131","city":"Bussum","operatorName":"Ubitricity","maxPowerKw":22,"isMegawatt":false,"status":"CHARGING","source":"ndw","priceKwh":0.266}},{"type":"Feature","geometry":{"type":"Point","coordinates":[5.142428,52.306957]},"properties":{"type":"charge","layer":"passenger","locationId":"660c095250b1d2001ca5e44d","name":"Gooimeer 1","address":"Gooimeer 1","city":"Naarden","operatorName":"Greenchoice B.V.","maxPowerKw":22,"isMegawatt":false,"status":"AVAILABLE","source":"ndw","priceKwh":0.61}},{"type":"Feature","geometry":{"type":"Point","coordinates":[5.17117,52.28985]},"properties":{"type":"charge","layer":"passenger","locationId":"1958f40e-34ba-490e-97a7-235ff6d98f32","name":"TNLP003661 - Amersfoortsestraatweg 16, Naarden","address":"16 Amersfoortsestraatweg","city":"Naarden","operatorName":"TotalEnergies","maxPowerKw":17,"isMegawatt":false,"status":"AVAILABLE","source":"ndw"}},{"type":"Feature","geometry":{"type":"Point","coordinates":[5.152473,52.279442]},"properties":{"type":"charge","layer":"passenger","locationId":"d55d7eb8-f882-4be4-9979-f919c7682b6a","name":"TNLP007051","address":"P.J. Lomanplein 2","city":"Bussum","operatorName":"TotalEnergies","maxPowerKw":17,"isMegawatt":false,"status":"CHARGING","source":"ndw"}},{"type":"Feature","geometry":{"type":"Point","coordinates":[5.16475,52.29783]},"properties":{"type":"charge","layer":"passenger","locationId":"593","name":"Shell Recharge NL Zusterenstraat 25","address":"Zusterenstraat 25","city":"Naarden","operatorName":"Ubitricity","maxPowerKw":11,"isMegawatt":false,"status":"AVAILABLE","source":"ndw","priceKwh":0.388}},{"type":"Feature","geometry":{"type":"Point","coordinates":[5.1758254,52.2690054]},"properties":{"type":"charge","layer":"passenger","locationId":"1219","name":"Shell Recharge NL Doctor Abraham Kuyperlaan 62","address":"Doctor Abraham Kuyperlaan 62","city":"Bussum","operatorName":"Ubitricity","maxPowerKw":22,"isMegawatt":false,"status":"AVAILABLE","source":"ndw","priceKwh":0.266}},{"type":"Feature","geometry":{"type":"Point","coordinates":[5.17067,52.28561]},"properties":{"type":"charge","layer":"passenger","locationId":"a1475778-d2a8-40b2-9281-4ad99a31b7d6","name":"PP004074","address":"Tenierslaan 3","city":"Naarden","operatorName":"TotalEnergies","maxPowerKw":11,"isMegawatt":false,"status":"CHARGING","source":"ndw"}},{"type":"Feature","geometry":{"type":"Point","coordinates":[5.15098,52.290022]},"properties":{"type":"charge","layer":"passenger","locationId":"OST22P0016_0045_0","name":"OST22P0016_0045_0","address":"Koningin Wilhelminalaan 31","city":"Naarden","operatorName":"e-VOLTT","maxPowerKw":19,"isMegawatt":false,"status":"AVAILABLE","source":"ndw","priceKwh":0.537}},{"type":"Feature","geometry":{"type":"Point","coordinates":[5.064358,52.333639]},"properties":{"type":"charge","layer":"passenger","locationId":"66e2a43bf5fbe3001cd003a7","name":"vloto laadpaal waterlinie 38","address":"Waterlinie  38","city":"Muiden","operatorName":"E-Flux by Road","maxPowerKw":14,"isMegawatt":false,"status":"AVAILABLE","source":"ndw","priceKwh":0.34}},{"type":"Feature","geometry":{"type":"Point","coordinates":[5.183668,52.274494]},"properties":{"type":"charge","layer":"passenger","locationId":"0087a693-326e-4ac8-8cb2-5c1fc0f96b9f","name":"PP001272 - Radboudlaan 1, Bussum","address":"1 Radboudlaan","city":"Bussum","operatorName":"TotalEnergies","maxPowerKw":11,"isMegawatt":false,"status":"AVAILABLE","source":"ndw"}},{"type":"Feature","geometry":{"type":"Point","coordinates":[5.14801,52.2755]},"properties":{"type":"charge","layer":"passenger","locationId":"423c7be3-2ac5-4f4f-95fc-773897faaf99","name":"TNLP007667 - Boslaan 21, Bussum","address":"21 Boslaan","city":"Bussum","operatorName":"TotalEnergies","maxPowerKw":17,"isMegawatt":false,"status":"AVAILABLE","source":"ndw"}},{"type":"Feature","geometry":{"type":"Point","coordinates":[5.064927,52.333231]},"properties":{"type":"charge","layer":"passenger","locationId":"4B7EAF60-6246-47E0-9D18-BE73E378177E","name":"TNLP009548","address":"De Stelling 2a","city":"Muiden","operatorName":"TotalEnergies","maxPowerKw":17,"isMegawatt":false,"status":"CHARGING","source":"ndw"}},{"type":"Feature","geometry":{"type":"Point","coordinates":[5.11797,52.32357]},"properties":{"type":"charge","layer":"passenger","locationId":"5995748a-b459-48ba-9ac9-e3614955435e","name":"PP001222 - Frans van Mierislaan 1, Muiderberg","address":"1 Frans van Mierislaan","city":"Muiderberg","operatorName":"TotalEnergies","maxPowerKw":11,"isMegawatt":false,"status":"UNAVAILABLE","source":"ndw"}},{"type":"Feature","geometry":{"type":"Point","coordinates":[5.17155,52.27577]},"properties":{"type":"charge","layer":"passenger","locationId":"61856cc8-8177-4adf-9b90-12fccb57f11d","name":"PP001307 - Kruislaan 32, Bussum","address":"32 Kruislaan","city":"Bussum","operatorName":"TotalEnergies","maxPowerKw":11,"isMegawatt":false,"status":"UNAVAILABLE","source":"ndw"}},{"type":"Feature","geometry":{"type":"Point","coordinates":[5.162711,52.278809]},"properties":{"type":"charge","layer":"passenger","locationId":"8a397f97-ff37-46be-8feb-a60841d49eae","name":"TNLP007027","address":"Nieuwe Englaan 2","city":"Bussum","operatorName":"TotalEnergies","maxPowerKw":17,"isMegawatt":false,"status":"AVAILABLE","source":"ndw"}},{"type":"Feature","geometry":{"type":"Point","coordinates":[5.16742,52.28361]},"properties":{"type":"charge","layer":"passenger","locationId":"491","name":"Shell Recharge NL Paulus Potterlaan 7","address":"Paulus Potterlaan 7","city":"Naarden","operatorName":"Ubitricity","maxPowerKw":11,"isMegawatt":false,"status":"CHARGING","source":"ndw","priceKwh":0.388}},{"type":"Feature","geometry":{"type":"Point","coordinates":[5.18853,52.27134]},"properties":{"type":"charge","layer":"passenger","locationId":"e3e8bcce-8c64-4072-96d0-c3939b2ce686","name":"PP005088","address":"Lijsterlaan 62","city":"Bussum","operatorName":"TotalEnergies","maxPowerKw":11,"isMegawatt":false,"status":"AVAILABLE","source":"ndw"}},{"type":"Feature","geometry":{"type":"Point","coordinates":[5.18326,52.27036]},"properties":{"type":"charge","layer":"passenger","locationId":"673","name":"Shell Recharge NL Ceintuurbaan 213","address":"Ceintuurbaan 213","city":"Bussum","operatorName":"Ubitricity","maxPowerKw":11,"isMegawatt":false,"status":"AVAILABLE","source":"ndw","priceKwh":0.388}},{"type":"Feature","geometry":{"type":"Point","coordinates":[5.149814,52.301632]},"properties":{"type":"charge","layer":"passenger","locationId":"6ef41cf7-0912-404e-b7da-73af3063dfab","name":"PP001286 - Amsterdamsestraatweg 19, Naarden","address":"19 Amsterdamsestraatweg","city":"Naarden","operatorName":"TotalEnergies","maxPowerKw":11,"isMegawatt":false,"status":"UNAVAILABLE","source":"ndw"}},{"type":"Feature","geometry":{"type":"Point","coordinates":[5.163722,52.27372]},"properties":{"type":"charge","layer":"passenger","locationId":"59be1ef4-3dc9-43be-9241-37f3b43823b3","name":"TNLP009967","address":"Kerkstraat 1","city":"Bussum","operatorName":"TotalEnergies","maxPowerKw":17,"isMegawatt":false,"status":"AVAILABLE","source":"ndw"}},{"type":"Feature","geometry":{"type":"Point","coordinates":[5.07099,52.326063]},"properties":{"type":"charge","layer":"passenger","locationId":"922684","name":"DAE-NL-2000217","address":"De Blauwe Wereld 13","city":"Muiden","operatorName":"DAEN Mobility","maxPowerKw":11,"isMegawatt":false,"status":"AVAILABLE","source":"ndw","priceKwh":0.28}},{"type":"Feature","geometry":{"type":"Point","coordinates":[5.166654,52.269941]},"properties":{"type":"charge","layer":"passenger","locationId":"57114A62-A79F-4B2E-B60A-F30D6F8B9CB9","name":"TNLP007608","address":"Laarderweg 64","city":"Bussum","operatorName":"TotalEnergies","maxPowerKw":17,"isMegawatt":false,"status":"CHARGING","source":"ndw"}},{"type":"Feature","geometry":{"type":"Point","coordinates":[5.17543,52.28334]},"properties":{"type":"charge","layer":"passenger","locationId":"65dc55f1-b2e8-4e01-8d3b-816ae2fe8ba0","name":"TNLP003570 - Jan Toebacklaan 33, Naarden","address":"33 Jan Toebacklaan","city":"Naarden","operatorName":"TotalEnergies","maxPowerKw":17,"isMegawatt":false,"status":"CHARGING","source":"ndw"}},{"type":"Feature","geometry":{"type":"Point","coordinates":[5.181079,52.276041]},"properties":{"type":"charge","layer":"passenger","locationId":"a4ccd2da-3a87-4a64-97de-70d49552eead","name":"TNLP034020","address":"K.P.C. de Bazelstraat 50","city":"Bussum","operatorName":"TotalEnergies","maxPowerKw":14,"isMegawatt":false,"status":"AVAILABLE","source":"ndw"}},{"type":"Feature","geometry":{"type":"Point","coordinates":[5.193048,52.304948]},"properties":{"type":"charge","layer":"passenger","locationId":"1058398","name":"DAE_NL_2001376","address":"oud Huizerweg 2","city":"Naarden","operatorName":"DAEN Mobility","maxPowerKw":11,"isMegawatt":false,"status":"AVAILABLE","source":"ndw","priceKwh":0.6}},{"type":"Feature","geometry":{"type":"Point","coordinates":[5.143363,52.300368]},"properties":{"type":"charge","layer":"passenger","locationId":"b50ff22f-42a3-4f44-be29-1d71fe9b6e52","name":"TNLP007048","address":"Roerdompstraat 2","city":"Naarden","operatorName":"TotalEnergies","maxPowerKw":17,"isMegawatt":false,"status":"AVAILABLE","source":"ndw"}},{"type":"Feature","geometry":{"type":"Point","coordinates":[5.14885,52.28321]},"properties":{"type":"charge","layer":"passenger","locationId":"42afc7d5-79ed-4cb7-894b-79279991463f","name":"PP005227","address":"Van Tienhovenlaan 1","city":"Naarden","operatorName":"TotalEnergies","maxPowerKw":11,"isMegawatt":false,"status":"UNAVAILABLE","source":"ndw"}},{"type":"Feature","geometry":{"type":"Point","coordinates":[5.166199,52.268596]},"properties":{"type":"charge","layer":"passenger","locationId":"db2ba211b2810b4d49a311dc11daa542","name":"De Berken 25","address":"De Berken 25","city":"Bussum","operatorName":"Vattenfall InCharge","maxPowerKw":11,"isMegawatt":false,"status":"AVAILABLE","source":"ndw"}},{"type":"Feature","geometry":{"type":"Point","coordinates":[5.14099,52.30156]},"properties":{"type":"charge","layer":"passenger","locationId":"564","name":"Shell Recharge NL Jac. P. Thijssepark 85","address":"Jac. P. Thijssepark 85","city":"Naarden","operatorName":"Ubitricity","maxPowerKw":11,"isMegawatt":false,"status":"AVAILABLE","source":"ndw","priceKwh":0.388}},{"type":"Feature","geometry":{"type":"Point","coordinates":[5.177175,52.273163]},"properties":{"type":"charge","layer":"passenger","locationId":"64446c3e-dac3-4e0a-b92e-99595344fb45","name":"PP005474","address":"F.C. Dondersstraat 2","city":"Bussum","operatorName":"TotalEnergies","maxPowerKw":11,"isMegawatt":false,"status":"AVAILABLE","source":"ndw"}},{"type":"Feature","geometry":{"type":"Point","coordinates":[5.0634457,52.3301426]},"properties":{"type":"charge","layer":"passenger","locationId":"1212","name":"Shell Recharge NL de Fluit 8","address":"de Fluit 8","city":"Muiden","operatorName":"Ubitricity","maxPowerKw":22,"isMegawatt":false,"status":"CHARGING","source":"ndw","priceKwh":0.266}},{"type":"Feature","geometry":{"type":"Point","coordinates":[5.16237,52.27134]},"properties":{"type":"charge","layer":"passenger","locationId":"657","name":"Shell Recharge NL Brinklaan 134","address":"Brinklaan 134","city":"Bussum","operatorName":"Ubitricity","maxPowerKw":11,"isMegawatt":false,"status":"AVAILABLE","source":"ndw","priceKwh":0.388}},{"type":"Feature","geometry":{"type":"Point","coordinates":[5.0677248,52.3342837]},"properties":{"type":"charge","layer":"passenger","locationId":"1207","name":"Shell Recharge NL Constantijn Huygenslaan 50","address":"Constantijn Huygenslaan 50","city":"Muiden","operatorName":"Ubitricity","maxPowerKw":22,"isMegawatt":false,"status":"AVAILABLE","source":"ndw","priceKwh":0.266}},{"type":"Feature","geometry":{"type":"Point","coordinates":[5.152838,52.2735]},"properties":{"type":"charge","layer":"passenger","locationId":"c4cc0eb4-320d-4827-9572-f8be1f2289ea","name":"TNLP015119 - Meentweg 47a, Bussum","address":"47a Meentweg","city":"Bussum","operatorName":"TotalEnergies","maxPowerKw":17,"isMegawatt":false,"status":"AVAILABLE","source":"ndw"}},{"type":"Feature","geometry":{"type":"Point","coordinates":[5.060407,52.332246]},"properties":{"type":"charge","layer":"passenger","locationId":"678509043a6a39ec59254ab5","name":"Vloto's laadpaal Voorlader 10","address":"Voorlader 10","city":"Muiden","operatorName":"E-Flux by Road","maxPowerKw":14,"isMegawatt":false,"status":"AVAILABLE","source":"ndw","priceKwh":0.34}},{"type":"Feature","geometry":{"type":"Point","coordinates":[5.152171,52.284528]},"properties":{"type":"charge","layer":"passenger","locationId":"6584625cce3bc0001cd5b33a","name":"Van Hall-laan 28","address":"Van Hall-laan 28","city":"Naarden","operatorName":"E-Flux by Road","maxPowerKw":11,"isMegawatt":false,"status":"AVAILABLE","source":"ndw","priceKwh":0.501}},{"type":"Feature","geometry":{"type":"Point","coordinates":[5.16227,52.28238]},"properties":{"type":"charge","layer":"passenger","locationId":"3920d524-2781-4f78-aef7-8d607e7cf7fa","name":"PP004221","address":"Brinklaan 12","city":"Bussum","operatorName":"TotalEnergies","maxPowerKw":11,"isMegawatt":false,"status":"AVAILABLE","source":"ndw"}},{"type":"Feature","geometry":{"type":"Point","coordinates":[5.169533,52.274484]},"properties":{"type":"charge","layer":"passenger","locationId":"DD150747-5E58-4438-91A0-F9817CDD4661","name":"TNLP008890","address":"Noorderweg 1","city":"Bussum","operatorName":"TotalEnergies","maxPowerKw":14,"isMegawatt":false,"status":"AVAILABLE","source":"ndw"}},{"type":"Feature","geometry":{"type":"Point","coordinates":[5.161276,52.283128]},"properties":{"type":"charge","layer":"passenger","locationId":"0CD9A66D-4E61-4D80-A4F6-037D85B53207","name":"TNLP007855","address":"Comeniuslaan 1","city":"Bussum","operatorName":"TotalEnergies","maxPowerKw":17,"isMegawatt":false,"status":"AVAILABLE","source":"ndw"}},{"type":"Feature","geometry":{"type":"Point","coordinates":[5.17044,52.27226]},"properties":{"type":"charge","layer":"passenger","locationId":"ed0046d9-c59e-4b4c-9ef5-c443116ba7c8","name":"PP004248","address":"Sint Janslaan 53","city":"Bussum","operatorName":"TotalEnergies","maxPowerKw":11,"isMegawatt":false,"status":"AVAILABLE","source":"ndw"}},{"type":"Feature","geometry":{"type":"Point","coordinates":[5.167824,52.271629]},"properties":{"type":"charge","layer":"passenger","locationId":"9c0204fb-e780-4196-9f17-1f6659ce0c56","name":"TNLP006869","address":"Oosterpad 34","city":"Bussum","operatorName":"TotalEnergies","maxPowerKw":17,"isMegawatt":false,"status":"AVAILABLE","source":"ndw"}},{"type":"Feature","geometry":{"type":"Point","coordinates":[5.06826,52.331693]},"properties":{"type":"charge","layer":"passenger","locationId":"71fe2c53-06a6-427a-9c11-d16817c911f6","name":"TNLP007361","address":"Korte Zeestraat 1","city":"Muiden","operatorName":"TotalEnergies","maxPowerKw":17,"isMegawatt":false,"status":"CHARGING","source":"ndw"}},{"type":"Feature","geometry":{"type":"Point","coordinates":[5.17384,52.28453]},"properties":{"type":"charge","layer":"passenger","locationId":"b54aabcc-5aff-4986-a42d-1205b85a9f44","name":"PP001696 - Van Ostadelaan 24, Naarden","address":"24 Van Ostadelaan","city":"Naarden","operatorName":"TotalEnergies","maxPowerKw":11,"isMegawatt":false,"status":"AVAILABLE","source":"ndw"}},{"type":"Feature","geometry":{"type":"Point","coordinates":[5.1929,52.26746]},"properties":{"type":"charge","layer":"passenger","locationId":"51ca9ab3-b2ff-4562-958f-4eb3207c2c22","name":"PP001234 - Anne Franklaan 144, Bussum","address":"144 Anne Franklaan","city":"Bussum","operatorName":"TotalEnergies","maxPowerKw":11,"isMegawatt":false,"status":"UNAVAILABLE","source":"ndw"}},{"type":"Feature","geometry":{"type":"Point","coordinates":[5.175976,52.263049]},"properties":{"type":"charge","layer":"passenger","locationId":"8D22E031-00BF-43A6-A290-A0A98B325E7D","name":"TNLP008909","address":"Randweg 147","city":"Bussum","operatorName":"TotalEnergies","maxPowerKw":14,"isMegawatt":false,"status":"AVAILABLE","source":"ndw"}},{"type":"Feature","geometry":{"type":"Point","coordinates":[5.18367,52.26595]},"properties":{"type":"charge","layer":"passenger","locationId":"a13a9d24-0e96-4ddd-b7c9-fb10b84ff4ae","name":"PP001901 - Aaltje Noordewierlaan 10, Bussum","address":"10 Aaltje Noordewierlaan","city":"Bussum","operatorName":"TotalEnergies","maxPowerKw":11,"isMegawatt":false,"status":"AVAILABLE","source":"ndw"}},{"type":"Feature","geometry":{"type":"Point","coordinates":[5.17237,52.26903]},"properties":{"type":"charge","layer":"passenger","locationId":"636b2458-719f-418d-ba84-cc0542806f7c","name":"PP001981 - Spijkerstraat 88, Bussum","address":"88 Spijkerstraat","city":"Bussum","operatorName":"TotalEnergies","maxPowerKw":11,"isMegawatt":false,"status":"AVAILABLE","source":"ndw"}},{"type":"Feature","geometry":{"type":"Point","coordinates":[5.064533,52.333866]},"properties":{"type":"charge","layer":"passenger","locationId":"66d83313895da4001c9ebde0","name":"Vloto laadpaal Waterlinie 13","address":"Waterlinie 13","city":"Muiden","operatorName":"E-Flux by Road","maxPowerKw":14,"isMegawatt":false,"status":"AVAILABLE","source":"ndw","priceKwh":0.34}},{"type":"Feature","geometry":{"type":"Point","coordinates":[5.16727,52.2759]},"properties":{"type":"charge","layer":"passenger","locationId":"15ca4d16-8207-4b7b-a0f8-9ac370677e98","name":"TNLP007151","address":"Havenstraat 198","city":"Bussum","operatorName":"TotalEnergies","maxPowerKw":17,"isMegawatt":false,"status":"AVAILABLE","source":"ndw"}},{"type":"Feature","geometry":{"type":"Point","coordinates":[5.182235,52.270931]},"properties":{"type":"charge","layer":"passenger","locationId":"c9dac4d6-2bea-4997-a9bd-f48178d16a15","name":"TNLP034092","address":"Papaverstraat 15","city":"Bussum","operatorName":"TotalEnergies","maxPowerKw":14,"isMegawatt":false,"status":"CHARGING","source":"ndw"}},{"type":"Feature","geometry":{"type":"Point","coordinates":[5.180267,52.275006]},"properties":{"type":"charge","layer":"passenger","locationId":"6bda5039-84b5-4055-bd0a-3fecc21734fc","name":"PP005133","address":"Adelheidstraat 41","city":"Bussum","operatorName":"TotalEnergies","maxPowerKw":11,"isMegawatt":false,"status":"AVAILABLE","source":"ndw"}},{"type":"Feature","geometry":{"type":"Point","coordinates":[5.165418,52.283147]},"properties":{"type":"charge","layer":"passenger","locationId":"6a1558ed8fd0b89e78763051","name":"Mauritzhof gebouw C","address":"Hooftlaan 28","city":"Bussum","operatorName":"E-Flux by Road","maxPowerKw":11,"isMegawatt":false,"status":"AVAILABLE","source":"ndw","priceKwh":0.43}},{"type":"Feature","geometry":{"type":"Point","coordinates":[5.152873,52.283472]},"properties":{"type":"charge","layer":"passenger","locationId":"bb1f034b-7bea-4050-9676-744b9a4efde6","name":"PP005537","address":"van Hall-laan 1","city":"Naarden","operatorName":"TotalEnergies","maxPowerKw":11,"isMegawatt":false,"status":"CHARGING","source":"ndw"}},{"type":"Feature","geometry":{"type":"Point","coordinates":[5.123539,52.32508]},"properties":{"type":"charge","layer":"passenger","locationId":"3E58F824-C456-417E-BEF2-B56BCC51C89D","name":"TNLP008431","address":"De Grote Haar 25","city":"Muiderberg","operatorName":"TotalEnergies","maxPowerKw":14,"isMegawatt":false,"status":"AVAILABLE","source":"ndw"}},{"type":"Feature","geometry":{"type":"Point","coordinates":[5.179857,52.278376]},"properties":{"type":"charge","layer":"passenger","locationId":"7ec9923f-14fc-4791-ac88-ff019407ca96","name":"TNLP007374","address":"Anton Mauvelaan 17","city":"Bussum","operatorName":"TotalEnergies","maxPowerKw":17,"isMegawatt":false,"status":"AVAILABLE","source":"ndw"}},{"type":"Feature","geometry":{"type":"Point","coordinates":[5.161767,52.270408]},"properties":{"type":"charge","layer":"passenger","locationId":"0C51BB13-1D1B-457A-A548-0C52C3733181","name":"Eneco eMobility Burgemeester de Bordesstraat 80 Bussum","address":"Burgemeester de Bordesstraat 80","city":"Bussum","operatorName":"Eneco","maxPowerKw":22,"isMegawatt":false,"status":"UNAVAILABLE","source":"ndw","priceKwh":0.32}},{"type":"Feature","geometry":{"type":"Point","coordinates":[5.150681,52.285693]},"properties":{"type":"charge","layer":"passenger","locationId":"97bf00e3-e9ea-49a0-8ec0-25c117a58177","name":"TNLP006452","address":"Heemskerklaan 56","city":"Naarden","operatorName":"TotalEnergies","maxPowerKw":17,"isMegawatt":false,"status":"AVAILABLE","source":"ndw"}},{"type":"Feature","geometry":{"type":"Point","coordinates":[5.170756,52.289019]},"properties":{"type":"charge","layer":"passenger","locationId":"73C36410-FBD5-4357-97BA-6BF437579609","name":"Eneco eMobility Albert Heijn - Amersfoortsestraatweg 3 A","address":"Amersfoortsestraatweg 3 A","city":"Naarden","operatorName":"Eneco","maxPowerKw":150,"isMegawatt":false,"status":"AVAILABLE","source":"ndw","priceKwh":0.62}},{"type":"Feature","geometry":{"type":"Point","coordinates":[5.14455,52.302166]},"properties":{"type":"charge","layer":"passenger","locationId":"e67cecf9-892e-4fab-973c-30bdcb1d7c4e","name":"TNLP007305","address":"Nesciohof 80","city":"Naarden","operatorName":"TotalEnergies","maxPowerKw":17,"isMegawatt":false,"status":"CHARGING","source":"ndw"}},{"type":"Feature","geometry":{"type":"Point","coordinates":[5.18036,52.27134]},"properties":{"type":"charge","layer":"passenger","locationId":"22b343d8-4052-4f36-8ba0-562c25e21f74","name":"PP001757 - H. Kamerlingh Onnesweg 64, Bussum","address":"64 H. Kamerlingh Onnesweg","city":"Bussum","operatorName":"TotalEnergies","maxPowerKw":11,"isMegawatt":false,"status":"AVAILABLE","source":"ndw"}},{"type":"Feature","geometry":{"type":"Point","coordinates":[5.0568,52.332594]},"properties":{"type":"charge","layer":"passenger","locationId":"66ed6c51bda402001b012166","name":"Vloto laadpaal Kogelmolen 14","address":"Kogelmolen 14","city":"Muiden","operatorName":"E-Flux by Road","maxPowerKw":14,"isMegawatt":false,"status":"CHARGING","source":"ndw","priceKwh":0.34}},{"type":"Feature","geometry":{"type":"Point","coordinates":[5.187116,52.271461]},"properties":{"type":"charge","layer":"passenger","locationId":"715a57d3-0348-44ab-b55a-b80c3006fa03","name":"Zwaluwlaan","address":"Zwaluwlaan 1","city":"Bussum","operatorName":"Vattenfall InCharge","maxPowerKw":11,"isMegawatt":false,"status":"AVAILABLE","source":"ndw"}},{"type":"Feature","geometry":{"type":"Point","coordinates":[5.1760579,52.2675683]},"properties":{"type":"charge","layer":"passenger","locationId":"1208","name":"Shell Recharge NL Cornelis van den Bergstraat 31","address":"Cornelis van den Bergstraat 31","city":"Bussum","operatorName":"Ubitricity","maxPowerKw":22,"isMegawatt":false,"status":"AVAILABLE","source":"ndw","priceKwh":0.266}},{"type":"Feature","geometry":{"type":"Point","coordinates":[5.07112,52.3308]},"properties":{"type":"charge","layer":"passenger","locationId":"1534","name":"Shell Recharge NL Kazernestraat 14","address":"Kazernestraat 14","city":"Gooise Meren","operatorName":"Ubitricity","maxPowerKw":11,"isMegawatt":false,"status":"CHARGING","source":"ndw","priceKwh":0.388}},{"type":"Feature","geometry":{"type":"Point","coordinates":[5.14516,52.2855]},"properties":{"type":"charge","layer":"passenger","locationId":"2bd17085-ed27-4b9c-8461-0023a212f277","name":"PP004276","address":"Heemraad 17","city":"Naarden","operatorName":"TotalEnergies","maxPowerKw":11,"isMegawatt":false,"status":"AVAILABLE","source":"ndw"}},{"type":"Feature","geometry":{"type":"Point","coordinates":[5.19024,52.27059]},"properties":{"type":"charge","layer":"passenger","locationId":"10093665-33c9-4263-8c63-6e1b1a379bd6","name":"TNLP006417","address":"Wielewaallaan 2","city":"Bussum","operatorName":"TotalEnergies","maxPowerKw":17,"isMegawatt":false,"status":"AVAILABLE","source":"ndw"}},{"type":"Feature","geometry":{"type":"Point","coordinates":[5.07306,52.32799]},"properties":{"type":"charge","layer":"passenger","locationId":"3d84d289-6584-49ac-af56-1d2b2fe26a11","name":"PP004309","address":"De Duyf 1","city":"Muiden","operatorName":"TotalEnergies","maxPowerKw":11,"isMegawatt":false,"status":"AVAILABLE","source":"ndw"}},{"type":"Feature","geometry":{"type":"Point","coordinates":[5.15431,52.28242]},"properties":{"type":"charge","layer":"passenger","locationId":"2c1704ce-f56d-4b1d-91bb-70e66d340114","name":"PP001195 - Thorbeckelaan 4, Naarden","address":"4 Thorbeckelaan","city":"Naarden","operatorName":"TotalEnergies","maxPowerKw":11,"isMegawatt":false,"status":"AVAILABLE","source":"ndw"}},{"type":"Feature","geometry":{"type":"Point","coordinates":[5.17288,52.27528]},"properties":{"type":"charge","layer":"passenger","locationId":"c9aec28a-88fb-4aab-b56d-50ef28ee487b","name":"PP004277","address":"Doctor Frederik Van Eedenweg 1","city":"Bussum","operatorName":"TotalEnergies","maxPowerKw":11,"isMegawatt":false,"status":"AVAILABLE","source":"ndw"}},{"type":"Feature","geometry":{"type":"Point","coordinates":[5.1176573,52.3227024]},"properties":{"type":"charge","layer":"passenger","locationId":"1331","name":"Shell Recharge NL Pieter de Hooghlaan 9","address":"Pieter de Hooghlaan 9","city":"Muiderberg","operatorName":"Ubitricity","maxPowerKw":22,"isMegawatt":false,"status":"CHARGING","source":"ndw","priceKwh":0.266}},{"type":"Feature","geometry":{"type":"Point","coordinates":[5.176633,52.265301]},"properties":{"type":"charge","layer":"passenger","locationId":"904afd32-0293-4314-95e3-6af11f205dfa","name":"TNLP007071","address":"Prinses Margrietplantsoen 90","city":"Bussum","operatorName":"TotalEnergies","maxPowerKw":17,"isMegawatt":false,"status":"AVAILABLE","source":"ndw"}},{"type":"Feature","geometry":{"type":"Point","coordinates":[5.063657,52.332704]},"properties":{"type":"charge","layer":"passenger","locationId":"66dafbc6c2cdba001c104c27","name":"Vloto Laadpaal stelling 39","address":"Stelling 39 39","city":"Muiden","operatorName":"E-Flux by Road","maxPowerKw":14,"isMegawatt":false,"status":"AVAILABLE","source":"ndw","priceKwh":0.34}},{"type":"Feature","geometry":{"type":"Point","coordinates":[5.159639,52.276393]},"properties":{"type":"charge","layer":"passenger","locationId":"79F9A5F5-302B-4C77-B627-13659B0089B5","name":"TNLP008888","address":"Olmenlaan 159","city":"Bussum","operatorName":"TotalEnergies","maxPowerKw":14,"isMegawatt":false,"status":"AVAILABLE","source":"ndw"}},{"type":"Feature","geometry":{"type":"Point","coordinates":[5.176671,52.275642]},"properties":{"type":"charge","layer":"passenger","locationId":"FB74C535-C731-424F-A4E5-080E6AC8028C","name":"TNLP008476","address":"Bisonstraat 4a","city":"Bussum","operatorName":"TotalEnergies","maxPowerKw":14,"isMegawatt":false,"status":"CHARGING","source":"ndw"}},{"type":"Feature","geometry":{"type":"Point","coordinates":[5.229852,52.304195]},"properties":{"type":"charge","layer":"passenger","locationId":"bd23a5ad-3bc6-40b1-a336-b1fa5c10e571","name":"TNLP006854 - Grenspad 50, Huizen","address":"50 Grenspad","city":"Huizen","operatorName":"TotalEnergies","maxPowerKw":17,"isMegawatt":false,"status":"UNAVAILABLE","source":"ndw"}},{"type":"Feature","geometry":{"type":"Point","coordinates":[5.15921,52.271057]},"properties":{"type":"charge","layer":"passenger","locationId":"2c460924-07dc-4733-9eab-11f5dab36b29","name":"TNLP034026","address":"Nieuwe Hilversumseweg 15","city":"Bussum","operatorName":"TotalEnergies","maxPowerKw":14,"isMegawatt":false,"status":"AVAILABLE","source":"ndw"}},{"type":"Feature","geometry":{"type":"Point","coordinates":[5.160032,52.288974]},"properties":{"type":"charge","layer":"passenger","locationId":"F62B894A-9867-498C-B145-9B2E8BA80ADB","name":"TNLP008189","address":"Thierensweg 9","city":"Naarden","operatorName":"TotalEnergies","maxPowerKw":17,"isMegawatt":false,"status":"AVAILABLE","source":"ndw"}},{"type":"Feature","geometry":{"type":"Point","coordinates":[5.171031,52.262394]},"properties":{"type":"charge","layer":"passenger","locationId":"990646E0-943A-4D09-A458-B6C7362DC02E","name":"TNLP007857","address":"Imkerweg 33","city":"Bussum","operatorName":"TotalEnergies","maxPowerKw":17,"isMegawatt":false,"status":"CHARGING","source":"ndw"}},{"type":"Feature","geometry":{"type":"Point","coordinates":[5.16354,52.27224]},"properties":{"type":"charge","layer":"passenger","locationId":"b25a0996ba8346c3998c4980b2bf1e5e","name":"Bussem Aim4 ","address":"Brinklaan 121","city":"Bussum","operatorName":"Opcharge","maxPowerKw":22,"isMegawatt":false,"status":"AVAILABLE","source":"ndw","priceKwh":0.49}},{"type":"Feature","geometry":{"type":"Point","coordinates":[5.16584,52.27247]},"properties":{"type":"charge","layer":"passenger","locationId":"bca7456d-cb32-4942-bab2-07764da5027c","name":"PP001727 - Nieuwstraat 23, Bussum","address":"23 Nieuwstraat","city":"Bussum","operatorName":"TotalEnergies","maxPowerKw":11,"isMegawatt":false,"status":"AVAILABLE","source":"ndw"}},{"type":"Feature","geometry":{"type":"Point","coordinates":[5.05907,52.332285]},"properties":{"type":"charge","layer":"passenger","locationId":"66ea9154b0feb0001decb490","name":"Vloto laadpaal Vuursteen 7","address":"Vuursteen 7","city":"Muiden","operatorName":"E-Flux by Road","maxPowerKw":14,"isMegawatt":false,"status":"UNAVAILABLE","source":"ndw","priceKwh":0.34}},{"type":"Feature","geometry":{"type":"Point","coordinates":[5.111286,52.326311]},"properties":{"type":"charge","layer":"passenger","locationId":"4208926","name":"Laadnet Veiligheidsregio Laadpalen Muiderberg","address":"Echolaan 1","city":"Muiderberg","operatorName":"Laadnet","maxPowerKw":11,"isMegawatt":false,"status":"AVAILABLE","source":"ndw"}},{"type":"Feature","geometry":{"type":"Point","coordinates":[5.16166,52.28548]},"properties":{"type":"charge","layer":"passenger","locationId":"607","name":"Shell Recharge NL Lambertus Hortensiuslaan 16","address":"Lambertus Hortensiuslaan 16","city":"Naarden","operatorName":"Ubitricity","maxPowerKw":11,"isMegawatt":false,"status":"CHARGING","source":"ndw","priceKwh":0.388}},{"type":"Feature","geometry":{"type":"Point","coordinates":[5.058571,52.332921]},"properties":{"type":"charge","layer":"passenger","locationId":"66e7ddc29dd3a4001c043db7","name":"Vloto laadpaal kruitmolen 47","address":"Kruitmolen 47","city":"Muiden","operatorName":"E-Flux by Road","maxPowerKw":14,"isMegawatt":false,"status":"AVAILABLE","source":"ndw","priceKwh":0.34}},{"type":"Feature","geometry":{"type":"Point","coordinates":[5.156124,52.290153]},"properties":{"type":"charge","layer":"passenger","locationId":"669a315a5f4383001ca2c42c","name":"Public station","address":"Stadhouder Willem II laan 32","city":"Naarden","operatorName":"E-Flux by Road","maxPowerKw":11,"isMegawatt":false,"status":"AVAILABLE","source":"ndw","priceKwh":1.28}},{"type":"Feature","geometry":{"type":"Point","coordinates":[5.05462,52.334804]},"properties":{"type":"charge","layer":"passenger","locationId":"66db1a10231266001c9b35d3","name":"Vloto laadpaal Groene Kikker 1","address":"Groene Kikker 1","city":"Muiden","operatorName":"E-Flux by Road","maxPowerKw":14,"isMegawatt":false,"status":"AVAILABLE","source":"ndw","priceKwh":0.34}},{"type":"Feature","geometry":{"type":"Point","coordinates":[5.05643,52.333109]},"properties":{"type":"charge","layer":"passenger","locationId":"66dffdda8c7797001c4fe6e9","name":"Vloto Laadpaal Krijgsmanlaan 48","address":"Krijgsmanlaan 48","city":"Muiden","operatorName":"E-Flux by Road","maxPowerKw":14,"isMegawatt":false,"status":"AVAILABLE","source":"ndw","priceKwh":0.34}},{"type":"Feature","geometry":{"type":"Point","coordinates":[5.15516,52.27606]},"properties":{"type":"charge","layer":"passenger","locationId":"ac693691-76ef-46f9-b5a2-eaba6a04cd84","name":"TNLP003551 - Meerweg 17a, Bussum","address":"17a Meerweg","city":"Bussum","operatorName":"TotalEnergies","maxPowerKw":17,"isMegawatt":false,"status":"AVAILABLE","source":"ndw"}},{"type":"Feature","geometry":{"type":"Point","coordinates":[5.172463,52.273332]},"properties":{"type":"charge","layer":"passenger","locationId":"ea6d0bb8-0eba-406d-a4f4-c4aa4662ef90","name":"TNLP006640","address":"Batterijlaan 18","city":"Bussum","operatorName":"TotalEnergies","maxPowerKw":17,"isMegawatt":false,"status":"CHARGING","source":"ndw"}},{"type":"Feature","geometry":{"type":"Point","coordinates":[5.15218,52.29875]},"properties":{"type":"charge","layer":"passenger","locationId":"09eeef77-0137-4c90-96be-b664fe9c2017","name":"PP004266","address":"Generaal Kraijenhoffstraat 29","city":"Naarden","operatorName":"TotalEnergies","maxPowerKw":11,"isMegawatt":false,"status":"CHARGING","source":"ndw"}},{"type":"Feature","geometry":{"type":"Point","coordinates":[5.147923,52.304135]},"properties":{"type":"charge","layer":"passenger","locationId":"6924450272574f5398f016e8","name":"In the Mood 's station","address":"Rubberstraat 9","city":"Naarden","operatorName":"E-Flux by Road","maxPowerKw":11,"isMegawatt":false,"status":"AVAILABLE","source":"ndw","priceKwh":0.55}},{"type":"Feature","geometry":{"type":"Point","coordinates":[5.172928,52.266843]},"properties":{"type":"charge","layer":"passenger","locationId":"F2600BB5-D923-4ABF-A88D-5C80EE985912","name":"TNLP008910","address":"Ruysstraat 67","city":"Bussum","operatorName":"TotalEnergies","maxPowerKw":14,"isMegawatt":false,"status":"AVAILABLE","source":"ndw"}},{"type":"Feature","geometry":{"type":"Point","coordinates":[5.064914,52.333428]},"properties":{"type":"charge","layer":"passenger","locationId":"0A9478AD-89AC-49E3-A543-DED9F846D94A","name":"TNLP007445","address":"De Stelling 2","city":"Muiden","operatorName":"TotalEnergies","maxPowerKw":17,"isMegawatt":false,"status":"CHARGING","source":"ndw"}},{"type":"Feature","geometry":{"type":"Point","coordinates":[5.1217712,52.3254031]},"properties":{"type":"charge","layer":"passenger","locationId":"1214","name":"Shell Recharge NL De Lent 2","address":"De Lent 2","city":"Muiderberg","operatorName":"Ubitricity","maxPowerKw":22,"isMegawatt":false,"status":"AVAILABLE","source":"ndw","priceKwh":0.266}},{"type":"Feature","geometry":{"type":"Point","coordinates":[5.173022,52.272657]},"properties":{"type":"charge","layer":"passenger","locationId":"34ff7cfc-1da9-443f-9446-ff389dbe173d","name":"PP005447","address":"Voormeulenweg 39B","city":"Bussum","operatorName":"TotalEnergies","maxPowerKw":11,"isMegawatt":false,"status":"CHARGING","source":"ndw"}},{"type":"Feature","geometry":{"type":"Point","coordinates":[5.172023,52.263341]},"properties":{"type":"charge","layer":"passenger","locationId":"c41ea363-4fa9-4446-bb65-76c53fe3a238","name":"PP005020","address":"Laarderweg 211","city":"Bussum","operatorName":"TotalEnergies","maxPowerKw":11,"isMegawatt":false,"status":"AVAILABLE","source":"ndw"}},{"type":"Feature","geometry":{"type":"Point","coordinates":[5.17521,52.27389]},"properties":{"type":"charge","layer":"passenger","locationId":"02df9cdb-bd2f-4b4a-bd21-e4a01f777bc4","name":"PP001670 - Meulenwiekelaan 49, Bussum","address":"49 Meulenwiekelaan","city":"Bussum","operatorName":"TotalEnergies","maxPowerKw":11,"isMegawatt":false,"status":"AVAILABLE","source":"ndw"}},{"type":"Feature","geometry":{"type":"Point","coordinates":[5.176529,52.27455]},"properties":{"type":"charge","layer":"passenger","locationId":"57581E6B-E8AF-4AD1-AFE5-1AB1983F4859","name":"TNLP008165","address":"Wisentstraat 40","city":"Bussum","operatorName":"TotalEnergies","maxPowerKw":17,"isMegawatt":false,"status":"AVAILABLE","source":"ndw"}},{"type":"Feature","geometry":{"type":"Point","coordinates":[5.188064,52.269597]},"properties":{"type":"charge","layer":"passenger","locationId":"d2217c26-a03a-4218-bc8a-9930a0f537ba","name":"TNLP005748","address":"Boomkleverlaan 26","city":"Bussum","operatorName":"TotalEnergies","maxPowerKw":11,"isMegawatt":false,"status":"CHARGING","source":"ndw"}},{"type":"Feature","geometry":{"type":"Point","coordinates":[5.071499,52.329678]},"properties":{"type":"charge","layer":"passenger","locationId":"2fed9183-9fd3-4a3c-a319-e322fa858ae2","name":"TNLP008821 - Vestingplein 2, Muiden","address":"2 Vestingplein","city":"Muiden","operatorName":"TotalEnergies","maxPowerKw":14,"isMegawatt":false,"status":"CHARGING","source":"ndw"}},{"type":"Feature","geometry":{"type":"Point","coordinates":[5.177907,52.263842]},"properties":{"type":"charge","layer":"passenger","locationId":"78734752-3559-4020-BC4F-B59975915537","name":"TNLP007733","address":"Randweg 173","city":"Bussum","operatorName":"TotalEnergies","maxPowerKw":17,"isMegawatt":false,"status":"AVAILABLE","source":"ndw"}},{"type":"Feature","geometry":{"type":"Point","coordinates":[5.158896,52.277658]},"properties":{"type":"charge","layer":"passenger","locationId":"f10fad79b0033b6ba60ed392b732df2d","name":"Eslaan 19","address":"Eslaan 19","city":"Bussum","operatorName":"Vattenfall InCharge","maxPowerKw":11,"isMegawatt":false,"status":"AVAILABLE","source":"ndw"}},{"type":"Feature","geometry":{"type":"Point","coordinates":[5.146713,52.262737]},"properties":{"type":"charge","layer":"passenger","locationId":"E63BF2D8-94DE-4F53-805C-0030BAEAEAD7","name":"TNLP008384","address":"Kleine Johanneslaan 2","city":"Bussum","operatorName":"TotalEnergies","maxPowerKw":14,"isMegawatt":false,"status":"AVAILABLE","source":"ndw"}},{"type":"Feature","geometry":{"type":"Point","coordinates":[5.173781,52.267884]},"properties":{"type":"charge","layer":"passenger","locationId":"0a8cfcc4-8b71-4741-b682-d64ff32aaf8b","name":"TNLP006364","address":"Ceintuurbaan 91","city":"Bussum","operatorName":"TotalEnergies","maxPowerKw":17,"isMegawatt":false,"status":"CHARGING","source":"ndw"}},{"type":"Feature","geometry":{"type":"Point","coordinates":[5.179916,52.264394]},"properties":{"type":"charge","layer":"passenger","locationId":"B7676D8E-58AA-454D-9591-FE8E2E0F24C5","name":"TNLP007574","address":"Karel Doormanlaan 87","city":"Bussum","operatorName":"TotalEnergies","maxPowerKw":17,"isMegawatt":false,"status":"AVAILABLE","source":"ndw"}},{"type":"Feature","geometry":{"type":"Point","coordinates":[5.185361,52.275452]},"properties":{"type":"charge","layer":"passenger","locationId":"7E6EBD97-7486-4321-B288-82DCB9F051F3","name":"TNLP008893","address":"Lothariuslaan 65","city":"Bussum","operatorName":"TotalEnergies","maxPowerKw":14,"isMegawatt":false,"status":"AVAILABLE","source":"ndw"}},{"type":"Feature","geometry":{"type":"Point","coordinates":[5.157188,52.273827]},"properties":{"type":"charge","layer":"passenger","locationId":"83727B90-C74C-4077-8DC8-A99AAB070D29","name":"TNLP008374","address":"Graaf Wichmanlaan 12","city":"Bussum","operatorName":"TotalEnergies","maxPowerKw":14,"isMegawatt":false,"status":"AVAILABLE","source":"ndw"}},{"type":"Feature","geometry":{"type":"Point","coordinates":[5.18388,52.27264]},"properties":{"type":"charge","layer":"passenger","locationId":"762b6fe2-c099-4e17-9f35-9119d174bbd7","name":"PP001929 - Irisstraat 9, Bussum","address":"9 Irisstraat","city":"Bussum","operatorName":"TotalEnergies","maxPowerKw":11,"isMegawatt":false,"status":"CHARGING","source":"ndw"}},{"type":"Feature","geometry":{"type":"Point","coordinates":[5.1712,52.26506]},"properties":{"type":"charge","layer":"passenger","locationId":"cb612573-5fac-4c2c-94ae-265447e1eff9","name":"PP005091","address":"Ruysstraat 7","city":"Bussum","operatorName":"TotalEnergies","maxPowerKw":11,"isMegawatt":false,"status":"AVAILABLE","source":"ndw"}},{"type":"Feature","geometry":{"type":"Point","coordinates":[5.184758,52.266658]},"properties":{"type":"charge","layer":"passenger","locationId":"e342c187-82da-46ff-a20a-f0ecb892ba12","name":"PP005473","address":"Top Naefflaan 57","city":"Bussum","operatorName":"TotalEnergies","maxPowerKw":11,"isMegawatt":false,"status":"AVAILABLE","source":"ndw"}},{"type":"Feature","geometry":{"type":"Point","coordinates":[5.193861,52.269393]},"properties":{"type":"charge","layer":"passenger","locationId":"089b4b5ec56b4623b610282006f4d3bd","name":"Bouwlocatie NicodeBont - Bussum","address":"Jo Muurlingplaats 1","city":"Bussum","operatorName":"NRG Mobility","maxPowerKw":11,"isMegawatt":false,"status":"AVAILABLE","source":"ndw","priceKwh":0.6}},{"type":"Feature","geometry":{"type":"Point","coordinates":[5.174335,52.27046]},"properties":{"type":"charge","layer":"passenger","locationId":"92bc973f-bb50-44cd-b6b0-fec8ddd9b453","name":"Laadplein - TNLP006710 - dr. Abraham Kuyperlaan 32, Bussum","address":"32 dr. Abraham Kuyperlaan","city":"Bussum","operatorName":"TotalEnergies","maxPowerKw":15,"isMegawatt":false,"status":"AVAILABLE","source":"ndw"}},{"type":"Feature","geometry":{"type":"Point","coordinates":[5.17087,52.27202]},"properties":{"type":"charge","layer":"passenger","locationId":"485801f1-abb7-47c0-a433-140e7f020356","name":"PP001742 - Singel 89A, Bussum","address":"89A Singel","city":"Bussum","operatorName":"TotalEnergies","maxPowerKw":11,"isMegawatt":false,"status":"AVAILABLE","source":"ndw"}},{"type":"Feature","geometry":{"type":"Point","coordinates":[5.183497,52.292028]},"properties":{"type":"charge","layer":"passenger","locationId":"291bd1fc557442bf93b8933c0bb88e3d","name":"Naarden - Greenfield Management","address":"Huizerstraatweg 111","city":"Naarden","operatorName":"Opcharge","maxPowerKw":22,"isMegawatt":false,"status":"AVAILABLE","source":"ndw","priceKwh":0.49}},{"type":"Feature","geometry":{"type":"Point","coordinates":[5.15682,52.28551]},"properties":{"type":"charge","layer":"passenger","locationId":"382","name":"Shell Recharge NL Graaf Janlaan 38","address":"Graaf Janlaan 38","city":"Naarden","operatorName":"Ubitricity","maxPowerKw":11,"isMegawatt":false,"status":"AVAILABLE","source":"ndw","priceKwh":0.388}},{"type":"Feature","geometry":{"type":"Point","coordinates":[5.159378,52.272949]},"properties":{"type":"charge","layer":"passenger","locationId":"b3b28ed3-8361-40b9-a4eb-dae8dd2314b7","name":"TNLP006209","address":"Nieuwe Spiegelstraat 6","city":"Bussum","operatorName":"TotalEnergies","maxPowerKw":17,"isMegawatt":false,"status":"AVAILABLE","source":"ndw"}},{"type":"Feature","geometry":{"type":"Point","coordinates":[5.169338,52.273099]},"properties":{"type":"charge","layer":"passenger","locationId":"3326a313074836630e785b951c3944cf","name":"Veldheimerlaan 68","address":"Veldheimerlaan 68","city":"Bussum","operatorName":"Vattenfall InCharge","maxPowerKw":11,"isMegawatt":false,"status":"CHARGING","source":"ndw"}},{"type":"Feature","geometry":{"type":"Point","coordinates":[5.125417,52.32517]},"properties":{"type":"charge","layer":"passenger","locationId":"66d74fec-5786-4f84-9b22-b5beffb92c32","name":"TNLP008553 - Meerkoet 1, Muiderberg","address":"1 Meerkoet","city":"Muiderberg","operatorName":"TotalEnergies","maxPowerKw":14,"isMegawatt":false,"status":"UNAVAILABLE","source":"ndw"}},{"type":"Feature","geometry":{"type":"Point","coordinates":[5.137243,52.307639]},"properties":{"type":"charge","layer":"passenger","locationId":"660daaa775cc1f001c4db9bb","name":"Gooimeer 9","address":"Gooimeer 9","city":"Naarden","operatorName":"Greenchoice B.V.","maxPowerKw":22,"isMegawatt":false,"status":"AVAILABLE","source":"ndw","priceKwh":0.61}},{"type":"Feature","geometry":{"type":"Point","coordinates":[5.15037,52.2908]},"properties":{"type":"charge","layer":"passenger","locationId":"613","name":"Shell Recharge NL Prinses Irenehof 2","address":"Prinses Irenehof 2","city":"Naarden","operatorName":"Ubitricity","maxPowerKw":11,"isMegawatt":false,"status":"AVAILABLE","source":"ndw","priceKwh":0.388}},{"type":"Feature","geometry":{"type":"Point","coordinates":[5.188268,52.27061]},"properties":{"type":"charge","layer":"passenger","locationId":"b47f981e516892d5491d4aceab14cd1a","name":"Zwaluwlaan 54","address":"Zwaluwlaan 54","city":"Bussum","operatorName":"Vattenfall InCharge","maxPowerKw":11,"isMegawatt":false,"status":"CHARGING","source":"ndw"}},{"type":"Feature","geometry":{"type":"Point","coordinates":[5.143186,52.260004]},"properties":{"type":"charge","layer":"passenger","locationId":"5072","name":"Shell Recharge NL9069 - Gamma Bussum","address":"Franse Kampweg 12","city":"Bussum","operatorName":"Shell Recharge","maxPowerKw":150,"isMegawatt":false,"status":"AVAILABLE","source":"ndw","priceKwh":0.7025}},{"type":"Feature","geometry":{"type":"Point","coordinates":[5.174633,52.264943]},"properties":{"type":"charge","layer":"passenger","locationId":"F4DA64AC-5EC9-4347-93E4-BB3E247AA8A9","name":"TNLP009969","address":"Prinses Margrietplantsoen 58","city":"Bussum","operatorName":"TotalEnergies","maxPowerKw":17,"isMegawatt":false,"status":"AVAILABLE","source":"ndw"}},{"type":"Feature","geometry":{"type":"Point","coordinates":[5.177721,52.283421]},"properties":{"type":"charge","layer":"passenger","locationId":"439EE930-1F59-4D4B-BE6A-040E793BA050","name":"Eneco eMobility Hotel NH Jan Tabak","address":"Amersfoortsestraatweg 27","city":"Bussum","operatorName":"Eneco","maxPowerKw":22,"isMegawatt":false,"status":"AVAILABLE","source":"ndw","priceKwh":0.45}},{"type":"Feature","geometry":{"type":"Point","coordinates":[5.161991,52.269841]},"properties":{"type":"charge","layer":"passenger","locationId":"4208925","name":"Laadnet Veiligheidsregio Laadpalen Bussum","address":"Brinklaan 140","city":"Bussum","operatorName":"Laadnet","maxPowerKw":22,"isMegawatt":false,"status":"AVAILABLE","source":"ndw"}},{"type":"Feature","geometry":{"type":"Point","coordinates":[5.16965,52.26626]},"properties":{"type":"charge","layer":"passenger","locationId":"0e34f2a5-bc70-4f61-8340-cd481cbbb296","name":"PP005033","address":"Laarderweg 127","city":"Bussum","operatorName":"TotalEnergies","maxPowerKw":11,"isMegawatt":false,"status":"AVAILABLE","source":"ndw"}},{"type":"Feature","geometry":{"type":"Point","coordinates":[5.161529,52.279758]},"properties":{"type":"charge","layer":"passenger","locationId":"7a626360-c568-4ea4-bbaf-e6ca78db5189","name":"PP005553","address":"Generaal de la Reijlaan 8","city":"Bussum","operatorName":"TotalEnergies","maxPowerKw":11,"isMegawatt":false,"status":"AVAILABLE","source":"ndw"}},{"type":"Feature","geometry":{"type":"Point","coordinates":[5.061326,52.334732]},"properties":{"type":"charge","layer":"passenger","locationId":"66e7dc895655ce001c8ec0e3","name":"Vloto Laadpaal Rietpolderlaan 28","address":"Rietpolderlaan 28","city":"Muiden","operatorName":"E-Flux by Road","maxPowerKw":14,"isMegawatt":false,"status":"AVAILABLE","source":"ndw","priceKwh":0.34}},{"type":"Feature","geometry":{"type":"Point","coordinates":[5.168201,52.265829]},"properties":{"type":"charge","layer":"passenger","locationId":"6F1903CF-417E-410D-88DF-19DD12C2C88D","name":"TNLP008610","address":"Lange Heul 57","city":"Bussum","operatorName":"TotalEnergies","maxPowerKw":14,"isMegawatt":false,"status":"AVAILABLE","source":"ndw"}},{"type":"Feature","geometry":{"type":"Point","coordinates":[5.16725,52.279292]},"properties":{"type":"charge","layer":"passenger","locationId":"2d48af0a-2d50-440c-9e95-73ddbb22e7f3","name":"TNLP034008","address":"Vondellaan 21","city":"Bussum","operatorName":"TotalEnergies","maxPowerKw":14,"isMegawatt":false,"status":"AVAILABLE","source":"ndw"}},{"type":"Feature","geometry":{"type":"Point","coordinates":[5.15103,52.290336]},"properties":{"type":"charge","layer":"passenger","locationId":"OST23P0069_0038_1","name":"OST23P0069_0038_1","address":"Koningin Wilhelminalaan 31","city":"Naarden","operatorName":"e-VOLTT","maxPowerKw":19,"isMegawatt":false,"status":"AVAILABLE","source":"ndw","priceKwh":0.537}},{"type":"Feature","geometry":{"type":"Point","coordinates":[5.06538,52.33007]},"properties":{"type":"charge","layer":"passenger","locationId":"af193022-2954-467e-9789-39673cde17db","name":"TNLP003546 - Weesperweg 2, Muiden","address":"2 Weesperweg","city":"Muiden","operatorName":"TotalEnergies","maxPowerKw":17,"isMegawatt":false,"status":"AVAILABLE","source":"ndw"}},{"type":"Feature","geometry":{"type":"Point","coordinates":[5.18267,52.27145]},"properties":{"type":"charge","layer":"passenger","locationId":"68e4e9d1-335a-47b5-831d-6ed457acb16f","name":"PP001899 - Bremstraat 2, Bussum","address":"2 Bremstraat","city":"Bussum","operatorName":"TotalEnergies","maxPowerKw":11,"isMegawatt":false,"status":"AVAILABLE","source":"ndw"}},{"type":"Feature","geometry":{"type":"Point","coordinates":[5.15042,52.30018]},"properties":{"type":"charge","layer":"passenger","locationId":"709f9fe0-8a8e-4f8c-853d-48f5420c4816","name":"PP002057 - Tets van Goudriaanstraat 2, Naarden","address":"2 Tets van Goudriaanstraat","city":"Naarden","operatorName":"TotalEnergies","maxPowerKw":11,"isMegawatt":false,"status":"AVAILABLE","source":"ndw"}},{"type":"Feature","geometry":{"type":"Point","coordinates":[5.15612,52.28173]},"properties":{"type":"charge","layer":"passenger","locationId":"B8612F25-0588-42BB-878B-7DC3E428E6BB","name":"Eneco eMobility NS Parallelweg 1 Bussum","address":"Parallelweg 1","city":"Bussum","operatorName":"Eneco","maxPowerKw":22,"isMegawatt":false,"status":"UNAVAILABLE","source":"ndw","priceKwh":0.48}},{"type":"Feature","geometry":{"type":"Point","coordinates":[5.15269,52.293071]},"properties":{"type":"charge","layer":"passenger","locationId":"82719f22-f938-4f11-8792-a11756b112fd","name":"PP005220","address":"Prinses Beatrixhof 51","city":"Naarden","operatorName":"TotalEnergies","maxPowerKw":11,"isMegawatt":false,"status":"AVAILABLE","source":"ndw"}},{"type":"Feature","geometry":{"type":"Point","coordinates":[5.163198,52.272802]},"properties":{"type":"charge","layer":"passenger","locationId":"CF69FA9C-7DC5-4C04-9EE4-56593308620C","name":"TNLP009962","address":"Brinklaan 115","city":"Bussum","operatorName":"TotalEnergies","maxPowerKw":17,"isMegawatt":false,"status":"CHARGING","source":"ndw"}},{"type":"Feature","geometry":{"type":"Point","coordinates":[5.15392,52.29757]},"properties":{"type":"charge","layer":"passenger","locationId":"3c90da0c-453f-4c14-afd8-81fa9ce0f28c","name":"PP004274","address":"Van Limburg Stirumlaan 19A","city":"Naarden","operatorName":"TotalEnergies","maxPowerKw":11,"isMegawatt":false,"status":"CHARGING","source":"ndw"}},{"type":"Feature","geometry":{"type":"Point","coordinates":[5.152887,52.291566]},"properties":{"type":"charge","layer":"passenger","locationId":"FD2DEF83-C67F-4B13-9C31-B9279D9B645E","name":"TNLP009107","address":"Prinses Margriethof 102","city":"Naarden","operatorName":"TotalEnergies","maxPowerKw":17,"isMegawatt":false,"status":"AVAILABLE","source":"ndw"}},{"type":"Feature","geometry":{"type":"Point","coordinates":[5.15336,52.2694]},"properties":{"type":"charge","layer":"passenger","locationId":"bb63b39f-c3e0-41cb-8c43-faaf6309956c","name":"PP002064 - Beerensteinerlaan 59, Bussum","address":"59 Beerensteinerlaan","city":"Bussum","operatorName":"TotalEnergies","maxPowerKw":11,"isMegawatt":false,"status":"CHARGING","source":"ndw"}},{"type":"Feature","geometry":{"type":"Point","coordinates":[5.112411,52.325677]},"properties":{"type":"charge","layer":"passenger","locationId":"8E3390B4-B694-493E-A339-FFCC3C8C9859","name":"TNLP007507","address":"Googweg 1","city":"Muiderberg","operatorName":"TotalEnergies","maxPowerKw":17,"isMegawatt":false,"status":"AVAILABLE","source":"ndw"}},{"type":"Feature","geometry":{"type":"Point","coordinates":[5.15072,52.288467]},"properties":{"type":"charge","layer":"passenger","locationId":"21180eee-4a75-4ad8-bc29-65107c947258","name":"TNLP015320 - Juliana van Stolberglaan 114, Naarden","address":"114 Juliana van Stolberglaan","city":"Naarden","operatorName":"TotalEnergies","maxPowerKw":17,"isMegawatt":false,"status":"CHARGING","source":"ndw"}},{"type":"Feature","geometry":{"type":"Point","coordinates":[5.186826,52.274712]},"properties":{"type":"charge","layer":"passenger","locationId":"18448fba-8b44-4788-89be-ea9e7289bf16","name":"PP005586","address":"Lothariuslaan 58","city":"Bussum","operatorName":"TotalEnergies","maxPowerKw":11,"isMegawatt":false,"status":"AVAILABLE","source":"ndw"}},{"type":"Feature","geometry":{"type":"Point","coordinates":[5.16341,52.27656]},"properties":{"type":"charge","layer":"passenger","locationId":"1a32b47f-2f1f-471d-a004-2b5f31a6d56f","name":"PP005084","address":"Wilhelminaplantsoen 85","city":"Bussum","operatorName":"TotalEnergies","maxPowerKw":11,"isMegawatt":false,"status":"CHARGING","source":"ndw"}},{"type":"Feature","geometry":{"type":"Point","coordinates":[5.18513,52.273118]},"properties":{"type":"charge","layer":"passenger","locationId":"1d2ba48a-1f50-408a-976d-56077c7d87a7","name":"PP005526","address":"Goudenregenstraat 9","city":"Bussum","operatorName":"TotalEnergies","maxPowerKw":11,"isMegawatt":false,"status":"AVAILABLE","source":"ndw"}},{"type":"Feature","geometry":{"type":"Point","coordinates":[5.171642,52.272891]},"properties":{"type":"charge","layer":"passenger","locationId":"e86b5e64-633b-4677-bf2f-590e5047ee86","name":"TNLP005736","address":"Korte Singel 31","city":"Bussum","operatorName":"TotalEnergies","maxPowerKw":11,"isMegawatt":false,"status":"AVAILABLE","source":"ndw"}},{"type":"Feature","geometry":{"type":"Point","coordinates":[5.184562,52.26921]},"properties":{"type":"charge","layer":"passenger","locationId":"0969ED5E-8239-4927-9263-A2C9C0D78D62","name":"TNLP008608","address":"Lijsterlaan 8","city":"Bussum","operatorName":"TotalEnergies","maxPowerKw":14,"isMegawatt":false,"status":"CHARGING","source":"ndw"}},{"type":"Feature","geometry":{"type":"Point","coordinates":[5.163467,52.277264]},"properties":{"type":"charge","layer":"passenger","locationId":"b76d1a5f-7b00-40f9-8887-846096bedb60","name":"Laadplein - TNLP006738 - Nieuwe Raadhuisstraat 8, Bussum","address":"8 Nieuwe Raadhuisstraat","city":"Bussum","operatorName":"TotalEnergies","maxPowerKw":15,"isMegawatt":false,"status":"UNAVAILABLE","source":"ndw"}},{"type":"Feature","geometry":{"type":"Point","coordinates":[5.17358,52.275089]},"properties":{"type":"charge","layer":"passenger","locationId":"6AC93A66-08D1-4C91-9656-E45B3FDBDD11","name":"TNLP009977","address":"Huizerweg 80","city":"Bussum","operatorName":"TotalEnergies","maxPowerKw":17,"isMegawatt":false,"status":"AVAILABLE","source":"ndw"}},{"type":"Feature","geometry":{"type":"Point","coordinates":[5.180765,52.264835]},"properties":{"type":"charge","layer":"passenger","locationId":"ddd561df-bfb9-4c21-880e-e07930b2a940","name":"TNLP034317","address":"Randweg 201","city":"Bussum","operatorName":"TotalEnergies","maxPowerKw":14,"isMegawatt":false,"status":"AVAILABLE","source":"ndw"}},{"type":"Feature","geometry":{"type":"Point","coordinates":[5.16485,52.2785]},"properties":{"type":"charge","layer":"passenger","locationId":"1e55f18e-ffa8-4ad5-82ab-a0c4f4411350","name":"PP004239","address":"Lammert Majoorlaan 33","city":"Bussum","operatorName":"TotalEnergies","maxPowerKw":11,"isMegawatt":false,"status":"AVAILABLE","source":"ndw"}},{"type":"Feature","geometry":{"type":"Point","coordinates":[5.148364,52.287702]},"properties":{"type":"charge","layer":"passenger","locationId":"73b05dae-b8cf-4016-98da-c1bb3353da53","name":"TNLP005893","address":"Schout 149","city":"Naarden","operatorName":"TotalEnergies","maxPowerKw":17,"isMegawatt":false,"status":"CHARGING","source":"ndw"}},{"type":"Feature","geometry":{"type":"Point","coordinates":[5.063646,52.332533]},"properties":{"type":"charge","layer":"passenger","locationId":"66deb917efbc88001ce072b7","name":"Vloto laadpaal Kroonwerk 12","address":"Kroonwerk 12","city":"Muiden","operatorName":"E-Flux by Road","maxPowerKw":14,"isMegawatt":false,"status":"AVAILABLE","source":"ndw","priceKwh":0.34}},{"type":"Feature","geometry":{"type":"Point","coordinates":[5.157007,52.27289]},"properties":{"type":"charge","layer":"passenger","locationId":"3BAEC299-25B8-4241-8D88-EC9F876DB163","name":"TNLP009947","address":"Herenstraat 93","city":"Bussum","operatorName":"TotalEnergies","maxPowerKw":17,"isMegawatt":false,"status":"AVAILABLE","source":"ndw"}},{"type":"Feature","geometry":{"type":"Point","coordinates":[5.137271,52.307663]},"properties":{"type":"charge","layer":"passenger","locationId":"69de4243c925529cb912b9a9","name":"Gooimeer 8","address":"Gooimeer 8","city":"Naarden","operatorName":"Greenchoice B.V.","maxPowerKw":22,"isMegawatt":false,"status":"AVAILABLE","source":"ndw","priceKwh":0.61}},{"type":"Feature","geometry":{"type":"Point","coordinates":[5.157471,52.288397]},"properties":{"type":"charge","layer":"passenger","locationId":"7ebdeed0ebde98f57b3d8e028683ad87","name":"Sophialaan 2","address":"Sophialaan 2","city":"Naarden","operatorName":"Vattenfall InCharge","maxPowerKw":11,"isMegawatt":false,"status":"AVAILABLE","source":"ndw"}},{"type":"Feature","geometry":{"type":"Point","coordinates":[5.15829,52.26689]},"properties":{"type":"charge","layer":"passenger","locationId":"3133ca49-01b0-4924-91f3-81d921f18cea","name":"PP004240","address":"Gooiberg 37","city":"Bussum","operatorName":"TotalEnergies","maxPowerKw":11,"isMegawatt":false,"status":"AVAILABLE","source":"ndw"}},{"type":"Feature","geometry":{"type":"Point","coordinates":[5.11749,52.32758]},"properties":{"type":"charge","layer":"passenger","locationId":"86c3b8ea-6bb0-4926-a604-3fd43f98f8dc","name":"TNLP003637 - G.A. Heinzeplein 4, Muiderberg","address":"4 G.A. Heinzeplein","city":"Muiderberg","operatorName":"TotalEnergies","maxPowerKw":17,"isMegawatt":false,"status":"AVAILABLE","source":"ndw"}},{"type":"Feature","geometry":{"type":"Point","coordinates":[5.17895,52.27655]},"properties":{"type":"charge","layer":"passenger","locationId":"5de244c9-2d09-415d-b416-d12fe7112d3e","name":"TNLP003664 - Huizerweg 152, Bussum","address":"152 Huizerweg","city":"Bussum","operatorName":"TotalEnergies","maxPowerKw":17,"isMegawatt":false,"status":"AVAILABLE","source":"ndw"}},{"type":"Feature","geometry":{"type":"Point","coordinates":[5.061378,52.330399]},"properties":{"type":"charge","layer":"passenger","locationId":"d7e7c99a-35bc-4db5-89f4-f65fd748dcfb","name":"TNLP005895","address":"De Kogge 18","city":"Muiden","operatorName":"TotalEnergies","maxPowerKw":17,"isMegawatt":false,"status":"AVAILABLE","source":"ndw"}},{"type":"Feature","geometry":{"type":"Point","coordinates":[5.18226,52.27377]},"properties":{"type":"charge","layer":"passenger","locationId":"dccf048a-a1d1-4409-82e3-88b49dc9756c","name":"PP001739 - Korte Godelindestraat 20, Bussum","address":"20 Korte Godelindestraat","city":"Bussum","operatorName":"TotalEnergies","maxPowerKw":11,"isMegawatt":false,"status":"AVAILABLE","source":"ndw"}},{"type":"Feature","geometry":{"type":"Point","coordinates":[5.063771,52.332846]},"properties":{"type":"charge","layer":"passenger","locationId":"66dafb2354c910001cbf758f","name":"Vloto laadpaal Stelling 9","address":"Stelling 9","city":"Muiden","operatorName":"E-Flux by Road","maxPowerKw":14,"isMegawatt":false,"status":"AVAILABLE","source":"ndw","priceKwh":0.34}},{"type":"Feature","geometry":{"type":"Point","coordinates":[5.065679,52.331649]},"properties":{"type":"charge","layer":"passenger","locationId":"cfdb7cec-0527-4ad3-875e-09b18e05dff2","name":"TNLP034311","address":"Prinses Irenestraat 11","city":"Muiden","operatorName":"TotalEnergies","maxPowerKw":14,"isMegawatt":false,"status":"CHARGING","source":"ndw"}},{"type":"Feature","geometry":{"type":"Point","coordinates":[5.17909,52.27337]},"properties":{"type":"charge","layer":"passenger","locationId":"be4f1c50-b58e-438b-aa5d-2fbbd6db0b48","name":"PP002597 - J.H. van Het Hoffweg 12, Bussum","address":"12 J.H. van Het Hoffweg","city":"Bussum","operatorName":"TotalEnergies","maxPowerKw":13,"isMegawatt":false,"status":"UNAVAILABLE","source":"ndw"}},{"type":"Feature","geometry":{"type":"Point","coordinates":[5.16012,52.29396]},"properties":{"type":"charge","layer":"passenger","locationId":"c2e52f31-a2f9-4fde-bce3-48dcef469732","name":"PP002047 - Westwalstraat 49, Naarden","address":"49 Westwalstraat","city":"Naarden","operatorName":"TotalEnergies","maxPowerKw":11,"isMegawatt":false,"status":"AVAILABLE","source":"ndw"}},{"type":"Feature","geometry":{"type":"Point","coordinates":[5.071331,52.332939]},"properties":{"type":"charge","layer":"passenger","locationId":"8668DC9F-A76A-44D8-9F56-C559FCF704EC","name":"TNLP009971","address":"Herengracht 3","city":"Muiden","operatorName":"TotalEnergies","maxPowerKw":17,"isMegawatt":false,"status":"CHARGING","source":"ndw"}},{"type":"Feature","geometry":{"type":"Point","coordinates":[5.174047,52.28021]},"properties":{"type":"charge","layer":"passenger","locationId":"2901C725-97B5-4D8D-8C12-5682BDF50CC9","name":"TNLP007702","address":"Burgemeester s'Jacoblaan 15","city":"Bussum","operatorName":"TotalEnergies","maxPowerKw":17,"isMegawatt":false,"status":"CHARGING","source":"ndw"}},{"type":"Feature","geometry":{"type":"Point","coordinates":[5.15556,52.28305]},"properties":{"type":"charge","layer":"passenger","locationId":"f4116a6c-2091-43a8-9bc6-7f72c6f21cb3","name":"TNLP007837","address":"Binnenhof 37","city":"Naarden","operatorName":"TotalEnergies","maxPowerKw":17,"isMegawatt":false,"status":"AVAILABLE","source":"ndw"}},{"type":"Feature","geometry":{"type":"Point","coordinates":[5.158565,52.2697]},"properties":{"type":"charge","layer":"passenger","locationId":"ca0318adbd79c3998e2704ccb6a5052f","name":"Iepenlaan 51","address":"Iepenlaan 51","city":"Bussum","operatorName":"Vattenfall InCharge","maxPowerKw":11,"isMegawatt":false,"status":"AVAILABLE","source":"ndw"}},{"type":"Feature","geometry":{"type":"Point","coordinates":[5.062737,52.334592]},"properties":{"type":"charge","layer":"passenger","locationId":"66e14f4a99f104001b44f3b8","name":"Vloto laadpaal Rietpolderlaan 15","address":"Rietpolderlaan 15","city":"Muiden","operatorName":"E-Flux by Road","maxPowerKw":14,"isMegawatt":false,"status":"AVAILABLE","source":"ndw","priceKwh":0.34}},{"type":"Feature","geometry":{"type":"Point","coordinates":[5.053234,52.334063]},"properties":{"type":"charge","layer":"passenger","locationId":"66e7df68c8d603001cc68d77","name":"Vloto laadpaal Winterkoninkje 1","address":"Winterkoninkje 1","city":"Muiden","operatorName":"E-Flux by Road","maxPowerKw":14,"isMegawatt":false,"status":"UNAVAILABLE","source":"ndw","priceKwh":0.34}},{"type":"Feature","geometry":{"type":"Point","coordinates":[5.171928,52.265867]},"properties":{"type":"charge","layer":"passenger","locationId":"6ef2468d0180168f4c322b2cd6b3a0ff","name":"Elise Dammershof 34","address":"Elise Dammershof 34","city":"Bussum","operatorName":"Vattenfall InCharge","maxPowerKw":11,"isMegawatt":false,"status":"AVAILABLE","source":"ndw"}},{"type":"Feature","geometry":{"type":"Point","coordinates":[5.120634,52.311193]},"properties":{"type":"charge","layer":"passenger","locationId":"61f2bcddf260490db965d43a","name":"De boer dier en ruiter","address":"Naardervaart 1A","city":"Muiderberg","operatorName":"E-Flux by Road","maxPowerKw":22,"isMegawatt":false,"status":"AVAILABLE","source":"ndw","priceKwh":0.58}},{"type":"Feature","geometry":{"type":"Point","coordinates":[5.066615,52.326142]},"properties":{"type":"charge","layer":"passenger","locationId":"7b6a8f040b5eb999837a74515d19cec2","name":"Herengracht 119","address":"Herengracht 119","city":"Muiden","operatorName":"Vattenfall InCharge","maxPowerKw":11,"isMegawatt":false,"status":"AVAILABLE","source":"ndw"}},{"type":"Feature","geometry":{"type":"Point","coordinates":[5.184265,52.29361]},"properties":{"type":"charge","layer":"passenger","locationId":"6670458b3da4cb001c269625","name":"Givaudan Nederland B.V. Bezoekersparking","address":"Huizerstraatweg 28","city":"Naarden","operatorName":"Pluq","maxPowerKw":11,"isMegawatt":false,"status":"AVAILABLE","source":"ndw","priceKwh":0.3}},{"type":"Feature","geometry":{"type":"Point","coordinates":[5.145811,52.286832]},"properties":{"type":"charge","layer":"passenger","locationId":"b4b5fffdd4f3365d00c6a0f4bd98c343","name":"Drossaard 1","address":"Drossaard 1","city":"Naarden","operatorName":"Vattenfall InCharge","maxPowerKw":11,"isMegawatt":false,"status":"AVAILABLE","source":"ndw"}},{"type":"Feature","geometry":{"type":"Point","coordinates":[5.058831,52.332899]},"properties":{"type":"charge","layer":"passenger","locationId":"66e14fd26d1113001c6b0533","name":"Vloto laadpaal Kruitmolen 41","address":"Kruitmolen 41","city":"Muiden","operatorName":"E-Flux by Road","maxPowerKw":14,"isMegawatt":false,"status":"AVAILABLE","source":"ndw","priceKwh":0.34}},{"type":"Feature","geometry":{"type":"Point","coordinates":[5.153451,52.270408]},"properties":{"type":"charge","layer":"passenger","locationId":"68cbcd7a092e91ca9284865e","name":"Station Parklaan","address":"Parklaan 2","city":"Bussum","operatorName":"E-Flux by Road","maxPowerKw":11,"isMegawatt":false,"status":"AVAILABLE","source":"ndw","priceKwh":0.74}},{"type":"Feature","geometry":{"type":"Point","coordinates":[5.16083,52.28533]},"properties":{"type":"charge","layer":"passenger","locationId":"d53400c63c699ad5fa045379c1b61c23","name":"Julianalaan 2","address":"Julianalaan 2","city":"Naarden","operatorName":"Vattenfall InCharge","maxPowerKw":11,"isMegawatt":false,"status":"AVAILABLE","source":"ndw"}},{"type":"Feature","geometry":{"type":"Point","coordinates":[5.159305,52.286049]},"properties":{"type":"charge","layer":"passenger","locationId":"cf10f9a960ac71c5ce10698423b459e8","name":"Graaf Lodewijklaan 262","address":"Graaf Lodewijklaan 262","city":"Naarden","operatorName":"Vattenfall InCharge","maxPowerKw":11,"isMegawatt":false,"status":"AVAILABLE","source":"ndw"}},{"type":"Feature","geometry":{"type":"Point","coordinates":[5.169877,52.265644]},"properties":{"type":"charge","layer":"passenger","locationId":"aae1e78db4bb7ff66fd53ab264b14056","name":"Laarderweg 145","address":"Laarderweg 145","city":"Bussum","operatorName":"Vattenfall InCharge","maxPowerKw":11,"isMegawatt":false,"status":"AVAILABLE","source":"ndw"}},{"type":"Feature","geometry":{"type":"Point","coordinates":[5.084259,52.322189]},"properties":{"type":"charge","layer":"freight","locationId":"50101","name":"Fastned Hackelaar","address":"Hackelaar A1","city":"Muiden","operatorName":"Fastned","maxPowerKw":400,"isMegawatt":false,"status":"AVAILABLE","source":"ndw","priceKwh":0.6364,"freightKind":"hpc","freightReason":"power"}},{"type":"Feature","geometry":{"type":"Point","coordinates":[5.077946,52.320128]},"properties":{"type":"charge","layer":"freight","locationId":"50035","name":"Fastned Honswijck","address":"Honswijck A1","city":"Muiden","operatorName":"Fastned","maxPowerKw":400,"isMegawatt":false,"status":"AVAILABLE","source":"ndw","priceKwh":0.6364,"freightKind":"hpc","freightReason":"power"}},{"type":"Feature","geometry":{"type":"MultiPolygon","coordinates":[[[[5.108903097912337,52.332029540142315],[5.110038445184216,52.33111648577708],[5.110467214297607,52.330144108245904],[5.123558719401778,52.32940824118669],[5.129030818063539,52.3251885276997],[5.133434699653404,52.32764550433387],[5.137184470259134,52.32532271515181],[5.138323824729371,52.32590190034009],[5.138440462494203,52.325812185137686],[5.138822035202146,52.32551871001216],[5.139211858672695,52.32521888316154],[5.138097711955604,52.32465877472509],[5.147908944062705,52.314584486111166],[5.151385413087399,52.312327073587426],[5.149435852589973,52.31194388225729],[5.146765687039407,52.31261180752657],[5.147762357658275,52.31388232214058],[5.147140666109174,52.313738578157356],[5.145352739031996,52.31203956881479],[5.143629198208167,52.31087601957362],[5.146294515203843,52.30931398506383],[5.149993181238052,52.31012796097576],[5.151243634493096,52.308765949447796],[5.149948509661181,52.30841470311156],[5.149538606637036,52.3087519974041],[5.148848771729922,52.30846112360461],[5.149037546411844,52.308006043530625],[5.1500277665437295,52.30803664834025],[5.150112450783898,52.30823906083527],[5.15172941545717,52.30822281415859],[5.151941525129028,52.3077023743163],[5.15259602439101,52.30776327833151],[5.152557698278442,52.3080025426934],[5.154243328300691,52.30864565724616],[5.154140847569405,52.30880575443593],[5.152194188732136,52.308401437303715],[5.151275100778265,52.30935063698636],[5.153091127238523,52.309968942990345],[5.152602792115546,52.310189901599976],[5.152081879307327,52.311011559938684],[5.151313794935495,52.310862317007576],[5.151970354040967,52.31041874613392],[5.1521940417173875,52.310025049128384],[5.151909810495086,52.309813838138396],[5.15105269837309,52.30960075659045],[5.149961515796723,52.31080161710409],[5.150099918853056,52.311467574520385],[5.152408630515676,52.31194709169313],[5.161504435791411,52.30641817781621],[5.165580185928029,52.30495798116402],[5.173568531152889,52.30402352350881],[5.181538865689606,52.305210863226726],[5.187205224593415,52.30742888552732],[5.196994332974303,52.30894471098675],[5.2284881193608275,52.31125423395704],[5.230352148355132,52.30544722618222],[5.229812078983099,52.30448121202806],[5.230080253461971,52.302924735829485],[5.229134146173984,52.30280336371757],[5.229560454255987,52.301724200446465],[5.227173396221927,52.30116716400763],[5.219479993894906,52.299157419294986],[5.21412633170284,52.29849833334381],[5.211759286869609,52.30009556508444],[5.210489177533556,52.30186096430009],[5.209009758553102,52.302020603130174],[5.208721459268581,52.300257659072116],[5.20349579158434,52.29965697240269],[5.2022460539216695,52.29971849866913],[5.1977978330966055,52.300334821177955],[5.195805173684352,52.2988992644401],[5.194991431761658,52.297107653382064],[5.195916922310387,52.295076967920295],[5.190433702554449,52.29346451882812],[5.190372849243413,52.293234309398606],[5.188223735575314,52.29255090141623],[5.187690539402388,52.29295358604997],[5.187075049359023,52.29260319438277],[5.192379292847681,52.29032960309722],[5.193232010374055,52.288223293429475],[5.195383185964726,52.2885810992258],[5.19530560461054,52.288244517243214],[5.195763834300159,52.286009472579856],[5.195683002471099,52.284765714774394],[5.193802706098612,52.28552822501043],[5.192137243674023,52.284116039229524],[5.194662022153984,52.28347890580715],[5.1943472579998975,52.2824288221067],[5.194473127228547,52.28094102858555],[5.18998717076063,52.27909900588466],[5.184702685192581,52.27801004518258],[5.187598142419421,52.27524475919362],[5.191179752900123,52.27374282742437],[5.196222730033625,52.27089335115953],[5.201116993840097,52.26814038285819],[5.201103236684776,52.26813713460013],[5.201580229594914,52.267937449861414],[5.2009361666266205,52.26737179187563],[5.199784181577824,52.26782615975381],[5.193512955445057,52.266371684065284],[5.183139139165086,52.26396963647698],[5.1831312389156015,52.26460358750809],[5.176938922044085,52.262886884443674],[5.173884002081956,52.26167823242878],[5.165946614696078,52.25770651119471],[5.162128665375941,52.25579625382124],[5.161808193815377,52.25992685872031],[5.1376090499760085,52.259604312923166],[5.137454890561564,52.259886211697584],[5.137496746518524,52.26041728740667],[5.137636092568101,52.260422410779654],[5.137708619770906,52.26042507774287],[5.137700425280796,52.260486374875285],[5.1376385485454374,52.26049668083996],[5.137493617154882,52.260520819671754],[5.137558689479564,52.260900572666515],[5.1372085676730865,52.26147666469147],[5.137723418591374,52.26306396572668],[5.140478545607787,52.26509349115245],[5.1439570796441965,52.270535538545275],[5.1443543007896135,52.27131446165096],[5.1439359397863065,52.27134372749004],[5.143894980317786,52.27290953018699],[5.143718869379393,52.27382694840406],[5.143945426537302,52.27430158934827],[5.141440467060726,52.275260828230614],[5.136265394660447,52.2771469726031],[5.135358251858452,52.27808702110123],[5.134405050007501,52.27781673970442],[5.134169478004326,52.27804263678618],[5.133067861784575,52.278667914680874],[5.13104801702683,52.278363366981466],[5.127191066815459,52.27864804898387],[5.121799787598068,52.281722108730435],[5.116026140524444,52.282775595829825],[5.107354064789839,52.28546191777743],[5.104645500272596,52.28538496161624],[5.098714428810059,52.29057398562952],[5.09847296917741,52.29163642908213],[5.099353413974422,52.29280377904769],[5.102918135462399,52.2944679726021],[5.106064537722699,52.29466875385411],[5.107673843912598,52.297291866045136],[5.106265797857436,52.29833630983711],[5.1019712614299015,52.29780445106102],[5.098942949461796,52.298696881172674],[5.096793089803948,52.30043691376159],[5.095770381882435,52.303761994017435],[5.096482121312358,52.307292832790374],[5.100566309792176,52.31029662887611],[5.094617989955107,52.31242658174499],[5.092106225141394,52.31302356378968],[5.093075985925564,52.314150510884545],[5.091652466395229,52.31464417300192],[5.075392954892287,52.31914542459575],[5.06932483821824,52.32167645539682],[5.064686044930218,52.32200614641833],[5.065720025241951,52.32048183268481],[5.065258603981683,52.319181738818266],[5.0632973108173855,52.31821076568683],[5.062535309001393,52.31764224536322],[5.058339146919169,52.31631751766534],[5.0580339693094665,52.31668348430676],[5.059091981203738,52.317052537104615],[5.056740895026393,52.3195996522162],[5.060124985577163,52.32107171315009],[5.06151824136393,52.32180090816271],[5.061107820229572,52.32210571900269],[5.061512685330142,52.32367492604879],[5.058210149765638,52.32481708706859],[5.049065461324712,52.32699180203861],[5.0455938391220645,52.326767986301014],[5.044394067673489,52.32714905507881],[5.044800400498257,52.327473429082296],[5.043951325787655,52.327960385014784],[5.039793747340447,52.32902710731444],[5.028951837851461,52.330769837766844],[5.021586338408945,52.33086251188457],[5.017272262923238,52.33018688927281],[5.0184229869146115,52.324339102093475],[5.017931828680572,52.32319253674697],[5.016652236538308,52.32298709457632],[5.016132661646647,52.324512315232774],[5.012792826488169,52.33020759973367],[5.01444908778175,52.33143149147709],[5.014991284379589,52.331776632500606],[5.018461516566727,52.33407459653868],[5.025342543940281,52.33704917534534],[5.02748541761594,52.33771924377973],[5.0279220305376375,52.33669505562327],[5.029970673165498,52.33660696479631],[5.0300936036083135,52.33626615891701],[5.028772655543376,52.33567457813726],[5.029597354854195,52.33466532352519],[5.03214843185225,52.33353646902299],[5.036614252268269,52.33352247602839],[5.040818210499013,52.334486374168755],[5.042923065083667,52.33604317939288],[5.044577628976295,52.33527651324171],[5.056180706735974,52.337732538750515],[5.061881523952293,52.33756448230514],[5.06709358702315,52.336684034683984],[5.068588978775442,52.33718545256146],[5.068107557063612,52.3364351845558],[5.0677381077842965,52.33636652142638],[5.068551796770765,52.33405236068554],[5.069318932686058,52.33407865007556],[5.069816783474438,52.33335453768629],[5.070040396865709,52.332794754416256],[5.069228451086378,52.33058832204933],[5.069653540315161,52.33046138717511],[5.070593159832252,52.331774810594375],[5.071266888925399,52.333687670716],[5.071037520206261,52.333749178299534],[5.07057302267884,52.333630028873145],[5.0698540184782575,52.3345987992292],[5.0701910696415675,52.33549257704701],[5.069796561277038,52.337087285926174],[5.07735007595556,52.33981213783034],[5.082602894661748,52.33947007907936],[5.0935723160819295,52.33876278799036],[5.107068831612572,52.33147901227716],[5.108903097912337,52.332029540142315]]],[[[5.0372002805132565,52.337428882759625],[5.036278332764544,52.33779819637988],[5.032819774230431,52.338096596100144],[5.032786059305355,52.33827700372987],[5.0345596407279,52.33830756065305],[5.038944480163074,52.337582415621625],[5.0419746682059206,52.33651643982459],[5.040004751662619,52.33497781844511],[5.0376664965288755,52.334603819065016],[5.0372002805132565,52.337428882759625]]],[[[5.109699900045505,52.343632951639165],[5.109215963055378,52.34398300619522],[5.108006387105279,52.34336667643777],[5.103625632197515,52.345997939452204],[5.102563308055866,52.34627527442346],[5.102199335120544,52.346869003886326],[5.100369598977141,52.34715892662785],[5.100336278688329,52.34721500254123],[5.1027151961412835,52.346869079916694],[5.106933219503376,52.345592893179294],[5.109797764215547,52.34368318294592],[5.109699900045505,52.343632951639165]]],[[[5.086750541990847,52.346662153580674],[5.088319517297098,52.34738659427067],[5.088376393719089,52.34728947078555],[5.086947676458857,52.34657612067305],[5.081051524368353,52.34546274293166],[5.079635147664102,52.34446475705345],[5.080818851975037,52.34568937584807],[5.086750541990847,52.346662153580674]]],[[[5.0676700218284605,52.3652497778172],[5.068523169821515,52.36553177235944],[5.069878530121623,52.365387261455055],[5.070008713728703,52.36423387862067],[5.069258684475656,52.36407724344216],[5.068031300175496,52.36426232993896],[5.0676700218284605,52.3652497778172]]]]},"properties":{"type":"boundary","gemeente":"Gooise Meren","code":"GM1942"}}]}