{"type":"FeatureCollection","metadata":{"gemeente":"Gouda","slug":"gouda","code":"GM0513","generated_at":"2026-07-06T16:26:11.361Z","total_passenger":327,"total_freight":1,"bounds":[4.659453881134015,51.99625842027634,4.757327396434524,52.04012021077849],"operators":["Alva Charging Services","DAEN Mobility","E-Flux by Road","EQUANS","Eneco","Fastned","Laadnet","Opcharge","Q-Park Netherlands","Shell Recharge","Tango electric","Tesla","Vattenfall InCharge"]},"features":[{"type":"Feature","geometry":{"type":"Point","coordinates":[4.724798,52.013015]},"properties":{"type":"charge","layer":"passenger","locationId":"89052323","name":"EQUANS SGZH 1.0 89052323","address":"Nansenstraat 38a","city":"Gouda","operatorName":"EQUANS","maxPowerKw":22,"isMegawatt":false,"status":"AVAILABLE","source":"ndw"}},{"type":"Feature","geometry":{"type":"Point","coordinates":[4.713488,52.023135]},"properties":{"type":"charge","layer":"passenger","locationId":"89262106","name":"EQUANS SGZH 1.0 89262106","address":"Talmastraat 1","city":"Gouda","operatorName":"EQUANS","maxPowerKw":11,"isMegawatt":false,"status":"CHARGING","source":"ndw"}},{"type":"Feature","geometry":{"type":"Point","coordinates":[4.705064,52.023702]},"properties":{"type":"charge","layer":"passenger","locationId":"90279219","name":"EQUANS SGZH 2.0 Abel Tasmanlaan 1","address":"Abel Tasmanlaan 1","city":"Gouda","operatorName":"EQUANS","maxPowerKw":11,"isMegawatt":false,"status":"AVAILABLE","source":"ndw"}},{"type":"Feature","geometry":{"type":"Point","coordinates":[4.709986,52.02995]},"properties":{"type":"charge","layer":"passenger","locationId":"89105556","name":"EQUANS SGZH 1.0 89105556","address":"Blommesteinsingel 45","city":"Gouda","operatorName":"EQUANS","maxPowerKw":11,"isMegawatt":false,"status":"AVAILABLE","source":"ndw"}},{"type":"Feature","geometry":{"type":"Point","coordinates":[4.697746,52.013301]},"properties":{"type":"charge","layer":"passenger","locationId":"90159873","name":"EQUANS SGZH 2.0 Nijverheidsstraat 4","address":"Nijverheidsstraat 4","city":"Gouda","operatorName":"EQUANS","maxPowerKw":11,"isMegawatt":false,"status":"AVAILABLE","source":"ndw"}},{"type":"Feature","geometry":{"type":"Point","coordinates":[4.67819,52.005778]},"properties":{"type":"charge","layer":"passenger","locationId":"89262153","name":"EQUANS SGZH 1.0 89262153","address":"Boenstoep 31","city":"Gouda","operatorName":"EQUANS","maxPowerKw":11,"isMegawatt":false,"status":"AVAILABLE","source":"ndw"}},{"type":"Feature","geometry":{"type":"Point","coordinates":[4.725558,52.014168]},"properties":{"type":"charge","layer":"passenger","locationId":"89190175","name":"EQUANS SGZH 2.0 89190175","address":"Bunchestraat 28","city":"Gouda","operatorName":"EQUANS","maxPowerKw":17,"isMegawatt":false,"status":"AVAILABLE","source":"ndw"}},{"type":"Feature","geometry":{"type":"Point","coordinates":[4.712056,52.030218]},"properties":{"type":"charge","layer":"passenger","locationId":"89262085","name":"EQUANS SGZH 1.0 89262085","address":"Weerestein 58","city":"Gouda","operatorName":"EQUANS","maxPowerKw":11,"isMegawatt":false,"status":"AVAILABLE","source":"ndw"}},{"type":"Feature","geometry":{"type":"Point","coordinates":[4.714543,52.037336]},"properties":{"type":"charge","layer":"passenger","locationId":"90386343","name":"EQUANS SGZH 2.0 Schouwwerf 1","address":"Schouwwerf 1","city":"Gouda","operatorName":"EQUANS","maxPowerKw":11,"isMegawatt":false,"status":"AVAILABLE","source":"ndw"}},{"type":"Feature","geometry":{"type":"Point","coordinates":[4.718597,52.018542]},"properties":{"type":"charge","layer":"passenger","locationId":"89262093","name":"EQUANS SGZH 1.0 89262093","address":"Graaf Florisweg 123","city":"Gouda","operatorName":"EQUANS","maxPowerKw":11,"isMegawatt":false,"status":"AVAILABLE","source":"ndw"}},{"type":"Feature","geometry":{"type":"Point","coordinates":[4.726736,52.012028]},"properties":{"type":"charge","layer":"passenger","locationId":"89262120","name":"EQUANS SGZH 1.0 89262120","address":"Dunantsingel 92","city":"Gouda","operatorName":"EQUANS","maxPowerKw":11,"isMegawatt":false,"status":"AVAILABLE","source":"ndw"}},{"type":"Feature","geometry":{"type":"Point","coordinates":[4.717672,52.01279]},"properties":{"type":"charge","layer":"passenger","locationId":"90121651","name":"EQUANS SGZH 2.0 IJssellaan 21","address":"IJssellaan 21","city":"Gouda","operatorName":"EQUANS","maxPowerKw":11,"isMegawatt":false,"status":"AVAILABLE","source":"ndw"}},{"type":"Feature","geometry":{"type":"Point","coordinates":[4.694295,52.008345]},"properties":{"type":"charge","layer":"passenger","locationId":"89291212","name":"EQUANS SGZH 2.0 89291212","address":"Koningin Wilhelminaweg 214","city":"Gouda","operatorName":"EQUANS","maxPowerKw":11,"isMegawatt":false,"status":"AVAILABLE","source":"ndw"}},{"type":"Feature","geometry":{"type":"Point","coordinates":[4.679293,52.003363]},"properties":{"type":"charge","layer":"passenger","locationId":"89641444","name":"EQUANS SGZH 2.0 89641444","address":"Buitenstuk 3","city":"Gouda","operatorName":"EQUANS","maxPowerKw":11,"isMegawatt":false,"status":"AVAILABLE","source":"ndw"}},{"type":"Feature","geometry":{"type":"Point","coordinates":[4.749224,52.005879]},"properties":{"type":"charge","layer":"passenger","locationId":"90386367","name":"EQUANS SGZH 2.0 Dammaspolderpad 15","address":"Dammaspolderpad 15","city":"Gouda","operatorName":"EQUANS","maxPowerKw":11,"isMegawatt":false,"status":"AVAILABLE","source":"ndw"}},{"type":"Feature","geometry":{"type":"Point","coordinates":[4.75184,52.009028]},"properties":{"type":"charge","layer":"passenger","locationId":"89127157","name":"EQUANS SGZH 1.0 Strookpolderstraat 2","address":"Strookpolderstraat 2","city":"Gouda","operatorName":"EQUANS","maxPowerKw":11,"isMegawatt":false,"status":"AVAILABLE","source":"ndw"}},{"type":"Feature","geometry":{"type":"Point","coordinates":[4.684668,52.02255]},"properties":{"type":"charge","layer":"passenger","locationId":"7a67f7aa-27c9-41fc-81ae-915583949093","name":"Gouda, Netherlands","address":"1, Harderwijkweg","city":"Gouda","operatorName":"Tesla","maxPowerKw":150,"isMegawatt":false,"status":"AVAILABLE","source":"ndw","priceKwh":0.53}},{"type":"Feature","geometry":{"type":"Point","coordinates":[4.70185,52.004046]},"properties":{"type":"charge","layer":"passenger","locationId":"90466099","name":"EQUANS SGZH 2.0 van der Palmstraat 62","address":"van der Palmstraat 62","city":"Gouda","operatorName":"EQUANS","maxPowerKw":11,"isMegawatt":false,"status":"AVAILABLE","source":"ndw"}},{"type":"Feature","geometry":{"type":"Point","coordinates":[4.692726,52.016491]},"properties":{"type":"charge","layer":"passenger","locationId":"6835c9068c76251c0ab39351","name":"Hoogvliet, Nieuwe Gouwe OZ 2 Gouda","address":"Nieuwe Gouwe OZ 2","city":"Gouda","operatorName":"E-Flux by Road","maxPowerKw":22,"isMegawatt":false,"status":"AVAILABLE","source":"ndw","priceKwh":0.38}},{"type":"Feature","geometry":{"type":"Point","coordinates":[4.734814,52.016076]},"properties":{"type":"charge","layer":"passenger","locationId":"89954330","name":"EQUANS SGZH 2.0 89954330","address":"Middenwillenseweg 47","city":"Gouda","operatorName":"EQUANS","maxPowerKw":11,"isMegawatt":false,"status":"AVAILABLE","source":"ndw"}},{"type":"Feature","geometry":{"type":"Point","coordinates":[4.712666,52.01632]},"properties":{"type":"charge","layer":"passenger","locationId":"88424667","name":"EQUANS SGZH 1.0 Laadplein Schouwburgplein","address":"Schouwburgplein","city":"Gouda","operatorName":"EQUANS","maxPowerKw":11,"isMegawatt":false,"status":"AVAILABLE","source":"ndw"}},{"type":"Feature","geometry":{"type":"Point","coordinates":[4.723615,52.022186]},"properties":{"type":"charge","layer":"passenger","locationId":"89262101","name":"EQUANS SGZH 1.0 89262101","address":"Driewegplein 4","city":"Gouda","operatorName":"EQUANS","maxPowerKw":11,"isMegawatt":false,"status":"CHARGING","source":"ndw"}},{"type":"Feature","geometry":{"type":"Point","coordinates":[4.70648,52.03999]},"properties":{"type":"charge","layer":"passenger","locationId":"31350","name":"Fastned De Andel","address":"De Andel A12","city":"Reeuwijk","operatorName":"Fastned","maxPowerKw":150,"isMegawatt":false,"status":"AVAILABLE","source":"ndw","priceKwh":0.6364}},{"type":"Feature","geometry":{"type":"Point","coordinates":[4.740979,52.01569]},"properties":{"type":"charge","layer":"passenger","locationId":"89445014","name":"EQUANS SGZH 2.0 89445014","address":"Vlinderpad 34","city":"Gouda","operatorName":"EQUANS","maxPowerKw":11,"isMegawatt":false,"status":"AVAILABLE","source":"ndw"}},{"type":"Feature","geometry":{"type":"Point","coordinates":[4.69788,52.01343]},"properties":{"type":"charge","layer":"passenger","locationId":"86C6957A-5A9A-4CE3-96BF-02C1CA24950D","name":"Eneco eMobility Holland Scherm B.V.","address":"Nijverheidsstraat 4","city":"Gouda","operatorName":"Eneco","maxPowerKw":150,"isMegawatt":false,"status":"AVAILABLE","source":"ndw","priceKwh":0.3}},{"type":"Feature","geometry":{"type":"Point","coordinates":[4.708095,52.013935]},"properties":{"type":"charge","layer":"passenger","locationId":"89262034","name":"EQUANS SGZH 1.0 89262034","address":"Herpstraat 1","city":"Gouda","operatorName":"EQUANS","maxPowerKw":11,"isMegawatt":false,"status":"AVAILABLE","source":"ndw"}},{"type":"Feature","geometry":{"type":"Point","coordinates":[4.689648,52.021531]},"properties":{"type":"charge","layer":"passenger","locationId":"4227626","name":"Laadnet Salure","address":"Gentseweg 17","city":"Gouda","operatorName":"Laadnet","maxPowerKw":22,"isMegawatt":false,"status":"AVAILABLE","source":"ndw"}},{"type":"Feature","geometry":{"type":"Point","coordinates":[4.728322,52.017675]},"properties":{"type":"charge","layer":"passenger","locationId":"89127149","name":"EQUANS SGZH 1.0 89127149","address":"Gloriantplantsoen 122","city":"Gouda","operatorName":"EQUANS","maxPowerKw":17,"isMegawatt":false,"status":"UNAVAILABLE","source":"ndw"}},{"type":"Feature","geometry":{"type":"Point","coordinates":[4.689737,52.028629]},"properties":{"type":"charge","layer":"passenger","locationId":"89052512","name":"EQUANS SGZH 1.0 89052512","address":"Plataanstraat 11","city":"Gouda","operatorName":"EQUANS","maxPowerKw":22,"isMegawatt":false,"status":"AVAILABLE","source":"ndw"}},{"type":"Feature","geometry":{"type":"Point","coordinates":[4.686814,52.016947]},"properties":{"type":"charge","layer":"passenger","locationId":"66eadb109e4c9b001c611c9e","name":"E. Prosman 's station","address":"meridiaan 40","city":"Gouda","operatorName":"E-Flux by Road","maxPowerKw":11,"isMegawatt":false,"status":"AVAILABLE","source":"ndw","priceKwh":0.48}},{"type":"Feature","geometry":{"type":"Point","coordinates":[4.713185,52.037546]},"properties":{"type":"charge","layer":"passenger","locationId":"89249658","name":"EQUANS SGZH 2.0 89249658","address":"Tjalkwerf 2 B","city":"Gouda","operatorName":"EQUANS","maxPowerKw":17,"isMegawatt":false,"status":"AVAILABLE","source":"ndw"}},{"type":"Feature","geometry":{"type":"Point","coordinates":[4.722066,52.011634]},"properties":{"type":"charge","layer":"passenger","locationId":"89262130","name":"EQUANS SGZH 1.0 89262130","address":"Zoutmanstraat 33","city":"Gouda","operatorName":"EQUANS","maxPowerKw":11,"isMegawatt":false,"status":"AVAILABLE","source":"ndw"}},{"type":"Feature","geometry":{"type":"Point","coordinates":[4.699968,52.010087]},"properties":{"type":"charge","layer":"passenger","locationId":"89228352","name":"EQUANS SGZH 2.0 89228352","address":"Onder de Boompjes 2","city":"Gouda","operatorName":"EQUANS","maxPowerKw":11,"isMegawatt":false,"status":"AVAILABLE","source":"ndw"}},{"type":"Feature","geometry":{"type":"Point","coordinates":[4.729554,52.012194]},"properties":{"type":"charge","layer":"passenger","locationId":"90281902","name":"EQUANS SGZH 2.0 Dunantsingel 314","address":"Dunantsingel 314","city":"Gouda","operatorName":"EQUANS","maxPowerKw":11,"isMegawatt":false,"status":"AVAILABLE","source":"ndw"}},{"type":"Feature","geometry":{"type":"Point","coordinates":[4.71417,52.01973]},"properties":{"type":"charge","layer":"passenger","locationId":"90273562","name":"EQUANS SGZH 2.0 Jozefhof 424","address":"Jozefhof 424","city":"Gouda","operatorName":"EQUANS","maxPowerKw":11,"isMegawatt":false,"status":"CHARGING","source":"ndw"}},{"type":"Feature","geometry":{"type":"Point","coordinates":[4.700552,52.034234]},"properties":{"type":"charge","layer":"passenger","locationId":"90832031","name":"EQUANS SGZH 2.0 Rietzoom 45","address":"Rietzoom 45","city":"Gouda","operatorName":"EQUANS","maxPowerKw":11,"isMegawatt":false,"status":"AVAILABLE","source":"ndw"}},{"type":"Feature","geometry":{"type":"Point","coordinates":[4.703272,52.031004]},"properties":{"type":"charge","layer":"passenger","locationId":"89262089","name":"EQUANS SGZH 1.0 89262089","address":"Swadenburg 66","city":"Gouda","operatorName":"EQUANS","maxPowerKw":11,"isMegawatt":false,"status":"AVAILABLE","source":"ndw"}},{"type":"Feature","geometry":{"type":"Point","coordinates":[4.695822,52.021929]},"properties":{"type":"charge","layer":"passenger","locationId":"89301053","name":"EQUANS SGZH 1.0 89301053","address":"Magalhaeslaan 12","city":"Gouda","operatorName":"EQUANS","maxPowerKw":11,"isMegawatt":false,"status":"AVAILABLE","source":"ndw"}},{"type":"Feature","geometry":{"type":"Point","coordinates":[4.726274,52.009264]},"properties":{"type":"charge","layer":"passenger","locationId":"89262124","name":"EQUANS SGZH 1.0 89262124","address":"Goejanverwelledijk 4","city":"Gouda","operatorName":"EQUANS","maxPowerKw":11,"isMegawatt":false,"status":"AVAILABLE","source":"ndw"}},{"type":"Feature","geometry":{"type":"Point","coordinates":[4.689207,52.030113]},"properties":{"type":"charge","layer":"passenger","locationId":"89262073","name":"EQUANS SGZH 1.0 89262073","address":"Akeleistraat 8","city":"Gouda","operatorName":"EQUANS","maxPowerKw":11,"isMegawatt":false,"status":"AVAILABLE","source":"ndw"}},{"type":"Feature","geometry":{"type":"Point","coordinates":[4.7162,52.00872]},"properties":{"type":"charge","layer":"passenger","locationId":"66DBE4A9-BBC7-4EC4-9F10-39A7E526155A","name":"Eneco eMobility Fluwelensingel 87 Gouda","address":"Fluwelensingel 87","city":"Gouda","operatorName":"Eneco","maxPowerKw":22,"isMegawatt":false,"status":"AVAILABLE","source":"ndw","priceKwh":0.32}},{"type":"Feature","geometry":{"type":"Point","coordinates":[4.69651,52.025999]},"properties":{"type":"charge","layer":"passenger","locationId":"89262060","name":"EQUANS SGZH 1.0 89262060","address":"Heesterlaan 46","city":"Gouda","operatorName":"EQUANS","maxPowerKw":11,"isMegawatt":false,"status":"AVAILABLE","source":"ndw"}},{"type":"Feature","geometry":{"type":"Point","coordinates":[4.747965,52.00765]},"properties":{"type":"charge","layer":"passenger","locationId":"89273878","name":"EQUANS SGZH 2.0 89273878","address":"Wilhelmina van Pruisenlaan 172","city":"Gouda","operatorName":"EQUANS","maxPowerKw":11,"isMegawatt":false,"status":"CHARGING","source":"ndw"}},{"type":"Feature","geometry":{"type":"Point","coordinates":[4.695395,52.031149]},"properties":{"type":"charge","layer":"passenger","locationId":"89641450","name":"EQUANS SGZH 2.0 89641450","address":"Hugo de Vrieslaan 90","city":"Gouda","operatorName":"EQUANS","maxPowerKw":11,"isMegawatt":false,"status":"CHARGING","source":"ndw"}},{"type":"Feature","geometry":{"type":"Point","coordinates":[4.705264,52.016965]},"properties":{"type":"charge","layer":"passenger","locationId":"641d83d15c5d690012df841e","name":"Stationsplein 9","address":"Stationsplein  9","city":"gouda","operatorName":"E-Flux by Road","maxPowerKw":22,"isMegawatt":false,"status":"AVAILABLE","source":"ndw","priceKwh":0.53}},{"type":"Feature","geometry":{"type":"Point","coordinates":[4.6917,52.02344]},"properties":{"type":"charge","layer":"passenger","locationId":"90953929","name":"EQUANS SGZH 2.0 Groenhovenweg 1","address":"Groenhovenweg 1","city":"Gouda","operatorName":"EQUANS","maxPowerKw":11,"isMegawatt":false,"status":"AVAILABLE","source":"ndw"}},{"type":"Feature","geometry":{"type":"Point","coordinates":[4.741069,52.013749]},"properties":{"type":"charge","layer":"passenger","locationId":"90260102","name":"EQUANS SGZH 2.0 Symfonielaan 41","address":"Symfonielaan 41","city":"Gouda","operatorName":"EQUANS","maxPowerKw":11,"isMegawatt":false,"status":"AVAILABLE","source":"ndw"}},{"type":"Feature","geometry":{"type":"Point","coordinates":[4.707295,52.019501]},"properties":{"type":"charge","layer":"passenger","locationId":"90967530","name":"EQUANS SGZH 2.0 Ronsseweg 152","address":"Ronsseweg 152","city":"Gouda","operatorName":"EQUANS","maxPowerKw":11,"isMegawatt":false,"status":"AVAILABLE","source":"ndw"}},{"type":"Feature","geometry":{"type":"Point","coordinates":[4.71495,52.015997]},"properties":{"type":"charge","layer":"passenger","locationId":"89262126","name":"EQUANS SGZH 1.0 89262126","address":"Eerste Kade 71","city":"Gouda","operatorName":"EQUANS","maxPowerKw":11,"isMegawatt":false,"status":"AVAILABLE","source":"ndw"}},{"type":"Feature","geometry":{"type":"Point","coordinates":[4.692851,52.030134]},"properties":{"type":"charge","layer":"passenger","locationId":"89262067","name":"EQUANS SGZH 1.0 89262067","address":"Denneweg 11","city":"Gouda","operatorName":"EQUANS","maxPowerKw":11,"isMegawatt":false,"status":"CHARGING","source":"ndw"}},{"type":"Feature","geometry":{"type":"Point","coordinates":[4.683443,52.018654]},"properties":{"type":"charge","layer":"passenger","locationId":"1629ae60-412d-40b5-a9db-44fe00a6717c","name":"Tango Gouda 1-2","address":"Nieuwe Gouwe Oostzijde 13A","city":"Gouda","operatorName":"Tango electric","maxPowerKw":300,"isMegawatt":false,"status":"AVAILABLE","source":"ndw","priceKwh":0.6}},{"type":"Feature","geometry":{"type":"Point","coordinates":[4.711429,52.035718]},"properties":{"type":"charge","layer":"passenger","locationId":"89273922","name":"EQUANS SGZH 2.0 89273922","address":"Vreelust 5","city":"Gouda","operatorName":"EQUANS","maxPowerKw":17,"isMegawatt":false,"status":"AVAILABLE","source":"ndw"}},{"type":"Feature","geometry":{"type":"Point","coordinates":[4.711289,52.01438]},"properties":{"type":"charge","layer":"passenger","locationId":"983A036D-0039-4ADA-AD87-A4CC54008E8A","name":"Q-Park Gouda Nieuwe Markt","address":"Lem Dulstraat 3","city":"Gouda","operatorName":"Q-Park Netherlands","maxPowerKw":11,"isMegawatt":false,"status":"CHARGING","source":"ndw"}},{"type":"Feature","geometry":{"type":"Point","coordinates":[4.73404,52.01201]},"properties":{"type":"charge","layer":"passenger","locationId":"91002928","name":"EQUANS SGZH 2.0 Rutgersstraat 2","address":"Rutgersstraat 2","city":"Gouda","operatorName":"EQUANS","maxPowerKw":11,"isMegawatt":false,"status":"CHARGING","source":"ndw"}},{"type":"Feature","geometry":{"type":"Point","coordinates":[4.744837,52.00932]},"properties":{"type":"charge","layer":"passenger","locationId":"89150570","name":"EQUANS SGZH 1.0 89150570","address":"Beukmolenplantsoen 1","city":"Gouda","operatorName":"EQUANS","maxPowerKw":17,"isMegawatt":false,"status":"CHARGING","source":"ndw"}},{"type":"Feature","geometry":{"type":"Point","coordinates":[4.705321,52.039646]},"properties":{"type":"charge","layer":"passenger","locationId":"621","name":"Shell Recharge NL0258 - Shell De Andel","address":"Rijksweg A12 E30/E25","city":"Gouda","operatorName":"Shell Recharge","maxPowerKw":300,"isMegawatt":false,"status":"AVAILABLE","source":"ndw","priceKwh":0.7025}},{"type":"Feature","geometry":{"type":"Point","coordinates":[4.708791,52.012062]},"properties":{"type":"charge","layer":"passenger","locationId":"89262037","name":"EQUANS SGZH 1.0 89262037","address":"Naaierstraat 25","city":"Gouda","operatorName":"EQUANS","maxPowerKw":11,"isMegawatt":false,"status":"CHARGING","source":"ndw"}},{"type":"Feature","geometry":{"type":"Point","coordinates":[4.675602,52.024723]},"properties":{"type":"charge","layer":"passenger","locationId":"89262071","name":"EQUANS SGZH 1.0 89262071","address":"Elburgplein 1","city":"Gouda","operatorName":"EQUANS","maxPowerKw":11,"isMegawatt":false,"status":"AVAILABLE","source":"ndw"}},{"type":"Feature","geometry":{"type":"Point","coordinates":[4.723734,52.009764]},"properties":{"type":"charge","layer":"passenger","locationId":"89927705","name":"EQUANS SGZH 2.0 89927705","address":"Krugerlaan 151","city":"Gouda","operatorName":"EQUANS","maxPowerKw":11,"isMegawatt":false,"status":"AVAILABLE","source":"ndw"}},{"type":"Feature","geometry":{"type":"Point","coordinates":[4.710168,52.009055]},"properties":{"type":"charge","layer":"passenger","locationId":"89262038","name":"EQUANS SGZH 2.0 Komijnsteeg 26","address":"Komijnsteeg 26","city":"Gouda","operatorName":"EQUANS","maxPowerKw":11,"isMegawatt":false,"status":"AVAILABLE","source":"ndw"}},{"type":"Feature","geometry":{"type":"Point","coordinates":[4.712203,52.0338]},"properties":{"type":"charge","layer":"passenger","locationId":"90294199","name":"EQUANS SGZH 2.0 Windhoek 16","address":"Windhoek 16","city":"Gouda","operatorName":"EQUANS","maxPowerKw":11,"isMegawatt":false,"status":"AVAILABLE","source":"ndw"}},{"type":"Feature","geometry":{"type":"Point","coordinates":[4.714395,52.012642]},"properties":{"type":"charge","layer":"passenger","locationId":"89262043","name":"EQUANS SGZH 1.0 89262043","address":"Houtmansgracht 5","city":"Gouda","operatorName":"EQUANS","maxPowerKw":11,"isMegawatt":false,"status":"AVAILABLE","source":"ndw"}},{"type":"Feature","geometry":{"type":"Point","coordinates":[4.704352,52.014562]},"properties":{"type":"charge","layer":"passenger","locationId":"89264171","name":"EQUANS SGZH 1.0 89264171","address":"Van Swietenstraat 22","city":"Gouda","operatorName":"EQUANS","maxPowerKw":11,"isMegawatt":false,"status":"AVAILABLE","source":"ndw"}},{"type":"Feature","geometry":{"type":"Point","coordinates":[4.677341,52.005447]},"properties":{"type":"charge","layer":"passenger","locationId":"90225751","name":"EQUANS SGZH 2.0 Boenstoep 1","address":"Boenstoep 1","city":"Gouda","operatorName":"EQUANS","maxPowerKw":11,"isMegawatt":false,"status":"CHARGING","source":"ndw"}},{"type":"Feature","geometry":{"type":"Point","coordinates":[4.711118,52.003833]},"properties":{"type":"charge","layer":"passenger","locationId":"4242715","name":"Laadnet Gebroeders Bakker Groente en Fruit","address":"Gouderaksedijk 66A","city":"Gouda","operatorName":"Laadnet","maxPowerKw":22,"isMegawatt":false,"status":"AVAILABLE","source":"ndw"}},{"type":"Feature","geometry":{"type":"Point","coordinates":[4.68781,52.02995]},"properties":{"type":"charge","layer":"passenger","locationId":"91357941","name":"EQUANS SGZH 2.0 Prunuslaan 2","address":"Prunuslaan 2","city":"Gouda","operatorName":"EQUANS","maxPowerKw":11,"isMegawatt":false,"status":"AVAILABLE","source":"ndw"}},{"type":"Feature","geometry":{"type":"Point","coordinates":[4.74816,52.013279]},"properties":{"type":"charge","layer":"passenger","locationId":"89090311","name":"EQUANS SGZH 1.0 89090311","address":"Satiehof - Componistenlaan 99","city":"Gouda","operatorName":"EQUANS","maxPowerKw":11,"isMegawatt":false,"status":"CHARGING","source":"ndw"}},{"type":"Feature","geometry":{"type":"Point","coordinates":[4.741593,52.015796]},"properties":{"type":"charge","layer":"passenger","locationId":"90225749","name":"EQUANS SGZH 2.0 Vlinderpad 48","address":"Vlinderpad 48","city":"Gouda","operatorName":"EQUANS","maxPowerKw":22,"isMegawatt":false,"status":"AVAILABLE","source":"ndw"}},{"type":"Feature","geometry":{"type":"Point","coordinates":[4.687255,52.002841]},"properties":{"type":"charge","layer":"passenger","locationId":"89262146","name":"EQUANS SGZH 1.0 89262146","address":"Texellaan 59","city":"Gouda","operatorName":"EQUANS","maxPowerKw":11,"isMegawatt":false,"status":"AVAILABLE","source":"ndw"}},{"type":"Feature","geometry":{"type":"Point","coordinates":[4.715523,52.028172]},"properties":{"type":"charge","layer":"passenger","locationId":"8504EEDF-0AFC-4B03-AB3A-E5499D728F17","name":"Eneco eMobility Lansigt Accountants en Belastingadviseurs - Gouda","address":"Burgemeester van Reenensingel 39","city":"Gouda","operatorName":"Eneco","maxPowerKw":22,"isMegawatt":false,"status":"AVAILABLE","source":"ndw","priceKwh":0.28}},{"type":"Feature","geometry":{"type":"Point","coordinates":[4.6895,52.00477]},"properties":{"type":"charge","layer":"passenger","locationId":"3EFFE035-44FD-40BF-98A2-1114594A4593","name":"Eneco eMobility Marconistraat 62 Gouda","address":"Marconistraat 62","city":"Gouda","operatorName":"Eneco","maxPowerKw":22,"isMegawatt":false,"status":"AVAILABLE","source":"ndw","priceKwh":0.35}},{"type":"Feature","geometry":{"type":"Point","coordinates":[4.710361,52.007378]},"properties":{"type":"charge","layer":"passenger","locationId":"89262047","name":"EQUANS SGZH 1.0 89262047","address":"Vest 274","city":"Gouda","operatorName":"EQUANS","maxPowerKw":11,"isMegawatt":false,"status":"AVAILABLE","source":"ndw"}},{"type":"Feature","geometry":{"type":"Point","coordinates":[4.697943,52.033851]},"properties":{"type":"charge","layer":"passenger","locationId":"89190174","name":"EQUANS SGZH 2.0 89190174","address":"Rietzoom 186","city":"Gouda","operatorName":"EQUANS","maxPowerKw":17,"isMegawatt":false,"status":"AVAILABLE","source":"ndw"}},{"type":"Feature","geometry":{"type":"Point","coordinates":[4.745655,52.006084]},"properties":{"type":"charge","layer":"passenger","locationId":"89262136","name":"EQUANS SGZH 1.0 89262136","address":"Achthovenpolderpad 8","city":"Gouda","operatorName":"EQUANS","maxPowerKw":11,"isMegawatt":false,"status":"AVAILABLE","source":"ndw"}},{"type":"Feature","geometry":{"type":"Point","coordinates":[4.691478,52.003056]},"properties":{"type":"charge","layer":"passenger","locationId":"60b0de467e53d149599f78cc","name":"Bouwmaat Gouda","address":"Marconistraat 27","city":"Gouda","operatorName":"E-Flux by Road","maxPowerKw":22,"isMegawatt":false,"status":"AVAILABLE","source":"ndw","priceKwh":0.58}},{"type":"Feature","geometry":{"type":"Point","coordinates":[4.706657,52.018771]},"properties":{"type":"charge","layer":"passenger","locationId":"89273872","name":"EQUANS SGZH 2.0 89273872","address":"Ronsseweg 339","city":"Gouda","operatorName":"EQUANS","maxPowerKw":17,"isMegawatt":false,"status":"AVAILABLE","source":"ndw"}},{"type":"Feature","geometry":{"type":"Point","coordinates":[4.703319,52.009997]},"properties":{"type":"charge","layer":"passenger","locationId":"7EC97E1F-4862-4517-956F-E293F54F3073","name":"Q-Park Gouda Bolwerk","address":"Sint Mariewal 3","city":"Gouda","operatorName":"Q-Park Netherlands","maxPowerKw":11,"isMegawatt":false,"status":"AVAILABLE","source":"ndw"}},{"type":"Feature","geometry":{"type":"Point","coordinates":[4.7448,52.01382]},"properties":{"type":"charge","layer":"passenger","locationId":"89262141","name":"EQUANS SGZH 1.0 Beethovenhof 15","address":"Beethovenhof 15","city":"Gouda","operatorName":"EQUANS","maxPowerKw":11,"isMegawatt":false,"status":"AVAILABLE","source":"ndw"}},{"type":"Feature","geometry":{"type":"Point","coordinates":[4.697532,52.020825]},"properties":{"type":"charge","layer":"passenger","locationId":"89262068","name":"EQUANS SGZH 1.0 Anna van Hensbeeksingel 22","address":"Anna van Hensbeeksingel 22","city":"Gouda","operatorName":"EQUANS","maxPowerKw":11,"isMegawatt":false,"status":"AVAILABLE","source":"ndw"}},{"type":"Feature","geometry":{"type":"Point","coordinates":[4.707364,52.008999]},"properties":{"type":"charge","layer":"passenger","locationId":"90121645","name":"EQUANS SGZH 2.0 Raam 81 A","address":"Raam 81 A","city":"Gouda","operatorName":"EQUANS","maxPowerKw":11,"isMegawatt":false,"status":"AVAILABLE","source":"ndw"}},{"type":"Feature","geometry":{"type":"Point","coordinates":[4.700591,52.003357]},"properties":{"type":"charge","layer":"passenger","locationId":"89262056","name":"EQUANS SGZH 1.0 89262056","address":"Jacob Catsstraat 37","city":"Gouda","operatorName":"EQUANS","maxPowerKw":11,"isMegawatt":false,"status":"AVAILABLE","source":"ndw"}},{"type":"Feature","geometry":{"type":"Point","coordinates":[4.67802,52.00643]},"properties":{"type":"charge","layer":"passenger","locationId":"91326273","name":"EQUANS SGZH 2.0 De Deel 31","address":"De Deel 31","city":"Gouda","operatorName":"EQUANS","maxPowerKw":11,"isMegawatt":false,"status":"AVAILABLE","source":"ndw"}},{"type":"Feature","geometry":{"type":"Point","coordinates":[4.710811,52.017285]},"properties":{"type":"charge","layer":"passenger","locationId":"88483349","name":"EQUANS SGZH 1.0 Laadplein Vossenburchkade","address":"Graaf Florisweg 12","city":"Gouda","operatorName":"EQUANS","maxPowerKw":11,"isMegawatt":false,"status":"AVAILABLE","source":"ndw"}},{"type":"Feature","geometry":{"type":"Point","coordinates":[4.710014,52.0101]},"properties":{"type":"charge","layer":"passenger","locationId":"89262035","name":"EQUANS SGZH 1.0 89262035","address":"Hoge Gouwe 3","city":"Gouda","operatorName":"EQUANS","maxPowerKw":11,"isMegawatt":false,"status":"AVAILABLE","source":"ndw"}},{"type":"Feature","geometry":{"type":"Point","coordinates":[4.69028,52.02155]},"properties":{"type":"charge","layer":"passenger","locationId":"40EDB4C3-5F94-430F-88B8-6A786CA5C5BE","name":"Eneco eMobility White House Development B.V. - Gouda","address":"Burgemeester van Reenensingel 101","city":"Gouda","operatorName":"Eneco","maxPowerKw":22,"isMegawatt":false,"status":"AVAILABLE","source":"ndw","priceKwh":0.32}},{"type":"Feature","geometry":{"type":"Point","coordinates":[4.68669,52.002153]},"properties":{"type":"charge","layer":"passenger","locationId":"90099978","name":"EQUANS SGZH 2.0 Schoklandplantsoen 49","address":"Schoklandplantsoen 49","city":"Gouda","operatorName":"EQUANS","maxPowerKw":17,"isMegawatt":false,"status":"AVAILABLE","source":"ndw"}},{"type":"Feature","geometry":{"type":"Point","coordinates":[4.711918,52.036487]},"properties":{"type":"charge","layer":"passenger","locationId":"90281901","name":"EQUANS SGZH 2.0 Vreelust 8","address":"Vreelust 8","city":"Gouda","operatorName":"EQUANS","maxPowerKw":11,"isMegawatt":false,"status":"AVAILABLE","source":"ndw"}},{"type":"Feature","geometry":{"type":"Point","coordinates":[4.707276,52.015827]},"properties":{"type":"charge","layer":"passenger","locationId":"89052505","name":"EQUANS SGZH 1.0 89052505","address":"Crabethpark 15","city":"Gouda","operatorName":"EQUANS","maxPowerKw":17,"isMegawatt":false,"status":"AVAILABLE","source":"ndw"}},{"type":"Feature","geometry":{"type":"Point","coordinates":[4.717724,52.00959]},"properties":{"type":"charge","layer":"passenger","locationId":"89262114","name":"EQUANS SGZH 1.0 89262132","address":"Burgemeester Martenssingel 147","city":"Gouda","operatorName":"EQUANS","maxPowerKw":11,"isMegawatt":false,"status":"AVAILABLE","source":"ndw"}},{"type":"Feature","geometry":{"type":"Point","coordinates":[4.688785,52.00063]},"properties":{"type":"charge","layer":"passenger","locationId":"89262150","name":"EQUANS SGZH 1.0 89262150","address":"ijsseloogwal 55","city":"Gouda","operatorName":"EQUANS","maxPowerKw":11,"isMegawatt":false,"status":"AVAILABLE","source":"ndw"}},{"type":"Feature","geometry":{"type":"Point","coordinates":[4.705283,52.012752]},"properties":{"type":"charge","layer":"passenger","locationId":"89262033","name":"EQUANS SGZH 1.0 89262033","address":"Regentesseplantsoen 10","city":"Gouda","operatorName":"EQUANS","maxPowerKw":11,"isMegawatt":false,"status":"AVAILABLE","source":"ndw"}},{"type":"Feature","geometry":{"type":"Point","coordinates":[4.689126,52.027214]},"properties":{"type":"charge","layer":"passenger","locationId":"89262074","name":"EQUANS SGZH 1.0 89262074","address":"Plantaanstraat 43","city":"Gouda","operatorName":"EQUANS","maxPowerKw":11,"isMegawatt":false,"status":"AVAILABLE","source":"ndw"}},{"type":"Feature","geometry":{"type":"Point","coordinates":[4.697487,52.023375]},"properties":{"type":"charge","layer":"passenger","locationId":"89262077","name":"EQUANS SGZH 1.0 89262077","address":"Willem Barentszlaan 25","city":"Gouda","operatorName":"EQUANS","maxPowerKw":11,"isMegawatt":false,"status":"AVAILABLE","source":"ndw"}},{"type":"Feature","geometry":{"type":"Point","coordinates":[4.70357,52.013369]},"properties":{"type":"charge","layer":"passenger","locationId":"90310791","name":"EQUANS SGZH 2.0 van Vreumingenstraat 2","address":"van Vreumingenstraat 2","city":"Gouda","operatorName":"EQUANS","maxPowerKw":11,"isMegawatt":false,"status":"AVAILABLE","source":"ndw"}},{"type":"Feature","geometry":{"type":"Point","coordinates":[4.716903,52.020298]},"properties":{"type":"charge","layer":"passenger","locationId":"89127148","name":"EQUANS SGZH 1.0 SGZH","address":"Anna van Burenstraat 17","city":"Gouda","operatorName":"EQUANS","maxPowerKw":17,"isMegawatt":false,"status":"AVAILABLE","source":"ndw"}},{"type":"Feature","geometry":{"type":"Point","coordinates":[4.71275,52.02535]},"properties":{"type":"charge","layer":"passenger","locationId":"2940F320-51F4-4770-B90F-6819B4F104E0","name":"Eneco eMobility Groen van Prinsterersingel 47 Gouda","address":"Groen van Prinsterersingel 47","city":"Gouda","operatorName":"Eneco","maxPowerKw":22,"isMegawatt":false,"status":"AVAILABLE","source":"ndw","priceKwh":0.32}},{"type":"Feature","geometry":{"type":"Point","coordinates":[4.71522,52.01615]},"properties":{"type":"charge","layer":"passenger","locationId":"91421971","name":"EQUANS SGZH 2.0 Eerste kade 73","address":"Eerste kade 73","city":"Gouda","operatorName":"EQUANS","maxPowerKw":11,"isMegawatt":false,"status":"AVAILABLE","source":"ndw"}},{"type":"Feature","geometry":{"type":"Point","coordinates":[4.699728,52.004669]},"properties":{"type":"charge","layer":"passenger","locationId":"89927716","name":"EQUANS SGZH 2.0 89927716","address":"van der Palmstraat 124","city":"Gouda","operatorName":"EQUANS","maxPowerKw":11,"isMegawatt":false,"status":"CHARGING","source":"ndw"}},{"type":"Feature","geometry":{"type":"Point","coordinates":[4.721769,52.015583]},"properties":{"type":"charge","layer":"passenger","locationId":"89927734","name":"EQUANS SGZH 2.0 89927734","address":"Zuidelijke Burgvlietkade 12","city":"Gouda","operatorName":"EQUANS","maxPowerKw":11,"isMegawatt":false,"status":"AVAILABLE","source":"ndw"}},{"type":"Feature","geometry":{"type":"Point","coordinates":[4.71485,52.023628]},"properties":{"type":"charge","layer":"passenger","locationId":"89262107","name":"EQUANS SGZH 1.0 89262107","address":"Groen van Prinsterersingel 40","city":"Gouda","operatorName":"EQUANS","maxPowerKw":11,"isMegawatt":false,"status":"CHARGING","source":"ndw"}},{"type":"Feature","geometry":{"type":"Point","coordinates":[4.699528,52.009978]},"properties":{"type":"charge","layer":"passenger","locationId":"89262049","name":"EQUANS SGZH 1.0 89262049","address":"Onder de Boompjes 12","city":"Gouda","operatorName":"EQUANS","maxPowerKw":11,"isMegawatt":false,"status":"AVAILABLE","source":"ndw"}},{"type":"Feature","geometry":{"type":"Point","coordinates":[4.691528,52.030685]},"properties":{"type":"charge","layer":"passenger","locationId":"90159878","name":"EQUANS SGZH 2.0 Coniferensingel 1","address":"Coniferensingel 1","city":"Gouda","operatorName":"EQUANS","maxPowerKw":11,"isMegawatt":false,"status":"AVAILABLE","source":"ndw"}},{"type":"Feature","geometry":{"type":"Point","coordinates":[4.695118,52.019951]},"properties":{"type":"charge","layer":"passenger","locationId":"90249550","name":"EQUANS SGZH 2.0 Anna van Hensbeeksingel 186","address":"Anna van Hensbeeksingel 186","city":"Gouda","operatorName":"EQUANS","maxPowerKw":11,"isMegawatt":false,"status":"AVAILABLE","source":"ndw"}},{"type":"Feature","geometry":{"type":"Point","coordinates":[4.701154,52.008614]},"properties":{"type":"charge","layer":"passenger","locationId":"89187778","name":"EQUANS SGZH 2.0 89187778","address":"Snoystraat 23","city":"Gouda","operatorName":"EQUANS","maxPowerKw":17,"isMegawatt":false,"status":"CHARGING","source":"ndw"}},{"type":"Feature","geometry":{"type":"Point","coordinates":[4.70182,52.02429]},"properties":{"type":"charge","layer":"passenger","locationId":"91364192","name":"EQUANS SGZH 2.0 R.F. Burtonlaan 16","address":"R.F. Burtonlaan 16","city":"Gouda","operatorName":"EQUANS","maxPowerKw":11,"isMegawatt":false,"status":"AVAILABLE","source":"ndw"}},{"type":"Feature","geometry":{"type":"Point","coordinates":[4.716204,52.036381]},"properties":{"type":"charge","layer":"passenger","locationId":"923219","name":"DAE_NL_2001069","address":"Pluutwerf 15","city":"Gouda","operatorName":"DAEN Mobility","maxPowerKw":11,"isMegawatt":false,"status":"AVAILABLE","source":"ndw","priceKwh":0.28}},{"type":"Feature","geometry":{"type":"Point","coordinates":[4.680834,52.025495]},"properties":{"type":"charge","layer":"passenger","locationId":"3968794","name":"Laadnet DKA INVESTMENTS ICV","address":"Stavorenweg 8","city":"Gouda","operatorName":"Laadnet","maxPowerKw":22,"isMegawatt":false,"status":"AVAILABLE","source":"ndw"}},{"type":"Feature","geometry":{"type":"Point","coordinates":[4.711105,52.015981]},"properties":{"type":"charge","layer":"passenger","locationId":"89262112","name":"EQUANS SGZH 1.0 Jan van der Heijdenstraat 2","address":"Jan van der Heijdenstraat 2","city":"Gouda","operatorName":"EQUANS","maxPowerKw":11,"isMegawatt":false,"status":"CHARGING","source":"ndw"}},{"type":"Feature","geometry":{"type":"Point","coordinates":[4.699299,52.014362]},"properties":{"type":"charge","layer":"passenger","locationId":"89981389","name":"EQUANS SGZH 2.0 Noorderstraat 11","address":"Noorderstraat 11","city":"Gouda","operatorName":"EQUANS","maxPowerKw":11,"isMegawatt":false,"status":"CHARGING","source":"ndw"}},{"type":"Feature","geometry":{"type":"Point","coordinates":[4.709475,52.038985]},"properties":{"type":"charge","layer":"passenger","locationId":"89273917","name":"EQUANS SGZH 2.0 89273917","address":"Weidelust 31","city":"Gouda","operatorName":"EQUANS","maxPowerKw":17,"isMegawatt":false,"status":"AVAILABLE","source":"ndw"}},{"type":"Feature","geometry":{"type":"Point","coordinates":[4.743468,52.010923]},"properties":{"type":"charge","layer":"passenger","locationId":"89262135","name":"EQUANS SGZH 1.0 89262135","address":"Poldermolenplein 19","city":"Gouda","operatorName":"EQUANS","maxPowerKw":11,"isMegawatt":false,"status":"CHARGING","source":"ndw"}},{"type":"Feature","geometry":{"type":"Point","coordinates":[4.74298,52.008042]},"properties":{"type":"charge","layer":"passenger","locationId":"89877081","name":"EQUANS SGZH 2.0 89877081","address":"Middenmolenlaan 66","city":"Gouda","operatorName":"EQUANS","maxPowerKw":11,"isMegawatt":false,"status":"AVAILABLE","source":"ndw"}},{"type":"Feature","geometry":{"type":"Point","coordinates":[4.745061,52.010519]},"properties":{"type":"charge","layer":"passenger","locationId":"89981291","name":"EQUANS SGZH 2.0 Poldermolenplein 3","address":"Poldermolenplein 3","city":"Gouda","operatorName":"EQUANS","maxPowerKw":11,"isMegawatt":false,"status":"AVAILABLE","source":"ndw"}},{"type":"Feature","geometry":{"type":"Point","coordinates":[4.696527,52.006861]},"properties":{"type":"charge","layer":"passenger","locationId":"90260103","name":"EQUANS SGZH 2.0 Emmastraat 49","address":"Emmastraat 49","city":"Gouda","operatorName":"EQUANS","maxPowerKw":11,"isMegawatt":false,"status":"CHARGING","source":"ndw"}},{"type":"Feature","geometry":{"type":"Point","coordinates":[4.704227,52.005618]},"properties":{"type":"charge","layer":"passenger","locationId":"89262054","name":"EQUANS SGZH 1.0 89262054","address":"Vorstmanstraat 54","city":"Gouda","operatorName":"EQUANS","maxPowerKw":11,"isMegawatt":false,"status":"AVAILABLE","source":"ndw"}},{"type":"Feature","geometry":{"type":"Point","coordinates":[4.682816,52.003925]},"properties":{"type":"charge","layer":"passenger","locationId":"89641445","name":"EQUANS SGZH 2.0 89641445","address":"Hortus 1","city":"Gouda","operatorName":"EQUANS","maxPowerKw":11,"isMegawatt":false,"status":"AVAILABLE","source":"ndw"}},{"type":"Feature","geometry":{"type":"Point","coordinates":[4.702188,52.033253]},"properties":{"type":"charge","layer":"passenger","locationId":"89187771","name":"EQUANS SGZH 2.0 89187771","address":"Westhoef 1","city":"Gouda","operatorName":"EQUANS","maxPowerKw":17,"isMegawatt":false,"status":"AVAILABLE","source":"ndw"}},{"type":"Feature","geometry":{"type":"Point","coordinates":[4.68875,52.025971]},"properties":{"type":"charge","layer":"passenger","locationId":"89262061","name":"EQUANS SGZH 1.0 89262061","address":"Groenhovenweg 307","city":"Gouda","operatorName":"EQUANS","maxPowerKw":11,"isMegawatt":false,"status":"CHARGING","source":"ndw"}},{"type":"Feature","geometry":{"type":"Point","coordinates":[4.713288,52.009651]},"properties":{"type":"charge","layer":"passenger","locationId":"89262044","name":"EQUANS SGZH 1.0 89262044","address":"Spieringstraat 73","city":"Gouda","operatorName":"EQUANS","maxPowerKw":11,"isMegawatt":false,"status":"CHARGING","source":"ndw"}},{"type":"Feature","geometry":{"type":"Point","coordinates":[4.71923,52.013298]},"properties":{"type":"charge","layer":"passenger","locationId":"89127158","name":"EQUANS SGZH 1.0 89127158","address":"Zoutmanplein 4","city":"Gouda","operatorName":"EQUANS","maxPowerKw":11,"isMegawatt":false,"status":"CHARGING","source":"ndw"}},{"type":"Feature","geometry":{"type":"Point","coordinates":[4.69035,52.02496]},"properties":{"type":"charge","layer":"passenger","locationId":"91002926","name":"EQUANS SGZH 2.0 Groenhovenweg 141","address":"Groenhovenweg 141","city":"Gouda","operatorName":"EQUANS","maxPowerKw":11,"isMegawatt":false,"status":"AVAILABLE","source":"ndw"}},{"type":"Feature","geometry":{"type":"Point","coordinates":[4.71148,52.03061]},"properties":{"type":"charge","layer":"passenger","locationId":"91002933","name":"EQUANS SGZH 2.0 Weerestein 12","address":"Weerestein 12","city":"Gouda","operatorName":"EQUANS","maxPowerKw":11,"isMegawatt":false,"status":"AVAILABLE","source":"ndw"}},{"type":"Feature","geometry":{"type":"Point","coordinates":[4.679445,52.027608]},"properties":{"type":"charge","layer":"passenger","locationId":"b8773bb74611430d8070","name":"Campanile Hotel Gouda","address":"Kampenringweg 39-41","city":"Gouda","operatorName":"Opcharge","maxPowerKw":11,"isMegawatt":false,"status":"AVAILABLE","source":"ndw","priceKwh":0.49}},{"type":"Feature","geometry":{"type":"Point","coordinates":[4.685399,52.002443]},"properties":{"type":"charge","layer":"passenger","locationId":"89262148","name":"EQUANS SGZH 1.0 89262148","address":"Vlielandstraat 22","city":"Gouda","operatorName":"EQUANS","maxPowerKw":11,"isMegawatt":false,"status":"AVAILABLE","source":"ndw"}},{"type":"Feature","geometry":{"type":"Point","coordinates":[4.699395,52.0023]},"properties":{"type":"charge","layer":"passenger","locationId":"90466100","name":"EQUANS SGZH 2.0 Aernout Drostkade 11","address":"Aernout Drostkade 11","city":"Gouda","operatorName":"EQUANS","maxPowerKw":11,"isMegawatt":false,"status":"CHARGING","source":"ndw"}},{"type":"Feature","geometry":{"type":"Point","coordinates":[4.723805,52.009306]},"properties":{"type":"charge","layer":"passenger","locationId":"89262117","name":"EQUANS SGZH 1.0 89262117","address":"Krugerlaan 169","city":"Gouda","operatorName":"EQUANS","maxPowerKw":11,"isMegawatt":false,"status":"AVAILABLE","source":"ndw"}},{"type":"Feature","geometry":{"type":"Point","coordinates":[4.713618,52.016512]},"properties":{"type":"charge","layer":"passenger","locationId":"89262125","name":"EQUANS SGZH 1.0 89262125","address":"Jan Luykenstraat 66","city":"Gouda","operatorName":"EQUANS","maxPowerKw":11,"isMegawatt":false,"status":"AVAILABLE","source":"ndw"}},{"type":"Feature","geometry":{"type":"Point","coordinates":[4.736163,52.016013]},"properties":{"type":"charge","layer":"passenger","locationId":"89249994","name":"EQUANS SGZH 2.0 89249994","address":"Middenwillenseweg 73","city":"Gouda","operatorName":"EQUANS","maxPowerKw":17,"isMegawatt":false,"status":"AVAILABLE","source":"ndw"}},{"type":"Feature","geometry":{"type":"Point","coordinates":[4.722283,52.013788]},"properties":{"type":"charge","layer":"passenger","locationId":"89621898","name":"EQUANS SGZH 1.0 89621898","address":"Krugerlaan 20","city":"Gouda","operatorName":"EQUANS","maxPowerKw":11,"isMegawatt":false,"status":"CHARGING","source":"ndw"}},{"type":"Feature","geometry":{"type":"Point","coordinates":[4.689201,52.001998]},"properties":{"type":"charge","layer":"passenger","locationId":"89105557","name":"EQUANS SGZH 1.0 89105557","address":"Texellaan 13","city":"Gouda","operatorName":"EQUANS","maxPowerKw":11,"isMegawatt":false,"status":"AVAILABLE","source":"ndw"}},{"type":"Feature","geometry":{"type":"Point","coordinates":[4.673709,52.006741]},"properties":{"type":"charge","layer":"passenger","locationId":"90260034","name":"EQUANS SGZH 2.0 Burgemeester van Dijkesingel 186","address":"Burgemeester van Dijkesingel 186","city":"Gouda","operatorName":"EQUANS","maxPowerKw":11,"isMegawatt":false,"status":"AVAILABLE","source":"ndw"}},{"type":"Feature","geometry":{"type":"Point","coordinates":[4.703344,52.013544]},"properties":{"type":"charge","layer":"passenger","locationId":"89422050","name":"EQUANS SGZH 2.0 89422050","address":"Strijenstraat 9 H","city":"Gouda","operatorName":"EQUANS","maxPowerKw":17,"isMegawatt":false,"status":"AVAILABLE","source":"ndw"}},{"type":"Feature","geometry":{"type":"Point","coordinates":[4.701859,52.025189]},"properties":{"type":"charge","layer":"passenger","locationId":"89262063","name":"EQUANS SGZH 1.0 89262063","address":"Mercatorsingel 22","city":"Gouda","operatorName":"EQUANS","maxPowerKw":11,"isMegawatt":false,"status":"AVAILABLE","source":"ndw"}},{"type":"Feature","geometry":{"type":"Point","coordinates":[4.703913,52.034525]},"properties":{"type":"charge","layer":"passenger","locationId":"90300340","name":"EQUANS SGZH 2.0 Zuidhoef 158","address":"Zuidhoef 158","city":"Gouda","operatorName":"EQUANS","maxPowerKw":11,"isMegawatt":false,"status":"AVAILABLE","source":"ndw"}},{"type":"Feature","geometry":{"type":"Point","coordinates":[4.727248,52.016786]},"properties":{"type":"charge","layer":"passenger","locationId":"89291631","name":"EQUANS SGZH 2.0 89291631","address":"Merlijnstraat 78","city":"Gouda","operatorName":"EQUANS","maxPowerKw":17,"isMegawatt":false,"status":"AVAILABLE","source":"ndw"}},{"type":"Feature","geometry":{"type":"Point","coordinates":[4.702303,52.004236]},"properties":{"type":"charge","layer":"passenger","locationId":"89205368","name":"EQUANS SGZH 2.0 89205368","address":"Tollensstraat 53","city":"Gouda","operatorName":"EQUANS","maxPowerKw":17,"isMegawatt":false,"status":"AVAILABLE","source":"ndw"}},{"type":"Feature","geometry":{"type":"Point","coordinates":[4.719106,52.015752]},"properties":{"type":"charge","layer":"passenger","locationId":"89262128","name":"EQUANS SGZH 1.0 89262128","address":"Willem Tombergstraat 43","city":"Gouda","operatorName":"EQUANS","maxPowerKw":11,"isMegawatt":false,"status":"AVAILABLE","source":"ndw"}},{"type":"Feature","geometry":{"type":"Point","coordinates":[4.741808,52.013183]},"properties":{"type":"charge","layer":"passenger","locationId":"89641447","name":"EQUANS SGZH 2.0 89641447","address":"Symfonielaan 18","city":"Gouda","operatorName":"EQUANS","maxPowerKw":11,"isMegawatt":false,"status":"AVAILABLE","source":"ndw"}},{"type":"Feature","geometry":{"type":"Point","coordinates":[4.714216,52.010878]},"properties":{"type":"charge","layer":"passenger","locationId":"91172303","name":"EQUANS SGZH 2.0 Koepoort (t.h.v. Baan 10)","address":"Koepoort","city":"Gouda","operatorName":"EQUANS","maxPowerKw":11,"isMegawatt":false,"status":"AVAILABLE","source":"ndw"}},{"type":"Feature","geometry":{"type":"Point","coordinates":[4.708093,52.030142]},"properties":{"type":"charge","layer":"passenger","locationId":"90281921","name":"EQUANS SGZH 2.0 Gravestein 5","address":"Gravestein 5","city":"Gouda","operatorName":"EQUANS","maxPowerKw":11,"isMegawatt":false,"status":"CHARGING","source":"ndw"}},{"type":"Feature","geometry":{"type":"Point","coordinates":[4.676966,52.025269]},"properties":{"type":"charge","layer":"passenger","locationId":"65f44cc582b401001c299237","name":"Mul BV","address":"Elburgplein 1","city":"Gouda","operatorName":"E-Flux by Road","maxPowerKw":11,"isMegawatt":false,"status":"AVAILABLE","source":"ndw","priceKwh":0.38}},{"type":"Feature","geometry":{"type":"Point","coordinates":[4.708122,52.025351]},"properties":{"type":"charge","layer":"passenger","locationId":"89262088","name":"EQUANS SGZH 1.0 89262088","address":"Calslaan 2","city":"Gouda","operatorName":"EQUANS","maxPowerKw":11,"isMegawatt":false,"status":"AVAILABLE","source":"ndw"}},{"type":"Feature","geometry":{"type":"Point","coordinates":[4.701411,52.021159]},"properties":{"type":"charge","layer":"passenger","locationId":"89262081","name":"EQUANS SGZH 1.0 89262081","address":"Bleulandweg 172","city":"Gouda","operatorName":"EQUANS","maxPowerKw":11,"isMegawatt":false,"status":"AVAILABLE","source":"ndw"}},{"type":"Feature","geometry":{"type":"Point","coordinates":[4.701735,52.035915]},"properties":{"type":"charge","layer":"passenger","locationId":"90386349","name":"EQUANS SGZH 2.0 Noordhoef 169","address":"Noordhoef 169","city":"Gouda","operatorName":"EQUANS","maxPowerKw":11,"isMegawatt":false,"status":"AVAILABLE","source":"ndw"}},{"type":"Feature","geometry":{"type":"Point","coordinates":[4.70835,52.018231]},"properties":{"type":"charge","layer":"passenger","locationId":"4251381","name":"Laadnet Burgemeester Jamessingel 1","address":"Burgemeester Jamessingel 1","city":"Gouda","operatorName":"Laadnet","maxPowerKw":22,"isMegawatt":false,"status":"AVAILABLE","source":"ndw"}},{"type":"Feature","geometry":{"type":"Point","coordinates":[4.732037,52.011168]},"properties":{"type":"charge","layer":"passenger","locationId":"89262122","name":"EQUANS SGZH 1.0 89262122","address":"Teldersstraat 2","city":"Gouda","operatorName":"EQUANS","maxPowerKw":11,"isMegawatt":false,"status":"AVAILABLE","source":"ndw"}},{"type":"Feature","geometry":{"type":"Point","coordinates":[4.688752,52.027566]},"properties":{"type":"charge","layer":"passenger","locationId":"89262075","name":"EQUANS SGZH 1.0 89262075","address":"Plataanstraat 42","city":"Gouda","operatorName":"EQUANS","maxPowerKw":11,"isMegawatt":false,"status":"AVAILABLE","source":"ndw"}},{"type":"Feature","geometry":{"type":"Point","coordinates":[4.721025,52.015998]},"properties":{"type":"charge","layer":"passenger","locationId":"89262127","name":"EQUANS SGZH 1.0 89262127","address":"Noothoven van Goorstraat 60","city":"Gouda","operatorName":"EQUANS","maxPowerKw":11,"isMegawatt":false,"status":"AVAILABLE","source":"ndw"}},{"type":"Feature","geometry":{"type":"Point","coordinates":[4.722905,52.017697]},"properties":{"type":"charge","layer":"passenger","locationId":"89262108","name":"EQUANS SGZH 1.0 89262108","address":"Tristanstraat / hoek Zwarteweg 3","city":"Gouda","operatorName":"EQUANS","maxPowerKw":11,"isMegawatt":false,"status":"CHARGING","source":"ndw"}},{"type":"Feature","geometry":{"type":"Point","coordinates":[4.716591,52.017364]},"properties":{"type":"charge","layer":"passenger","locationId":"89641446","name":"EQUANS SGZH 2.0 89641446","address":"Gravin Beatrixstraat 27","city":"Gouda","operatorName":"EQUANS","maxPowerKw":11,"isMegawatt":false,"status":"AVAILABLE","source":"ndw"}},{"type":"Feature","geometry":{"type":"Point","coordinates":[4.747061,52.009241]},"properties":{"type":"charge","layer":"passenger","locationId":"90238460","name":"EQUANS SGZH 2.0 Oranjepoldererf 48","address":"Oranjepoldererf 48","city":"Gouda","operatorName":"EQUANS","maxPowerKw":11,"isMegawatt":false,"status":"CHARGING","source":"ndw"}},{"type":"Feature","geometry":{"type":"Point","coordinates":[4.725179,52.021399]},"properties":{"type":"charge","layer":"passenger","locationId":"90289084","name":"EQUANS SGZH 2.0 Gaarderslag 26","address":"Gaarderslag 26","city":"Gouda","operatorName":"EQUANS","maxPowerKw":11,"isMegawatt":false,"status":"AVAILABLE","source":"ndw"}},{"type":"Feature","geometry":{"type":"Point","coordinates":[4.750016,52.006682]},"properties":{"type":"charge","layer":"passenger","locationId":"89262137","name":"EQUANS SGZH 1.0 89262137","address":"Gasthuispolderweg 2","city":"Gouda","operatorName":"EQUANS","maxPowerKw":11,"isMegawatt":false,"status":"CHARGING","source":"ndw"}},{"type":"Feature","geometry":{"type":"Point","coordinates":[4.685846,52.002005]},"properties":{"type":"charge","layer":"passenger","locationId":"89262154","name":"EQUANS SGZH 1.0 89262154","address":"Terschellinglaan 59","city":"Gouda","operatorName":"EQUANS","maxPowerKw":11,"isMegawatt":false,"status":"AVAILABLE","source":"ndw"}},{"type":"Feature","geometry":{"type":"Point","coordinates":[4.694491,52.010703]},"properties":{"type":"charge","layer":"passenger","locationId":"90300345","name":"EQUANS SGZH 2.0 Koekoekplein 3","address":"Koekoekplein 3","city":"Gouda","operatorName":"EQUANS","maxPowerKw":11,"isMegawatt":false,"status":"CHARGING","source":"ndw"}},{"type":"Feature","geometry":{"type":"Point","coordinates":[4.709865,52.017991]},"properties":{"type":"charge","layer":"passenger","locationId":"89407208","name":"EQUANS SGZH 2.0 89407208","address":"Albert Plesmanplein 19","city":"Gouda","operatorName":"EQUANS","maxPowerKw":11,"isMegawatt":false,"status":"AVAILABLE","source":"ndw"}},{"type":"Feature","geometry":{"type":"Point","coordinates":[4.701729,52.006696]},"properties":{"type":"charge","layer":"passenger","locationId":"89154158","name":"EQUANS SGZH 1.0 89154158","address":"Herenstraat 72","city":"Gouda","operatorName":"EQUANS","maxPowerKw":17,"isMegawatt":false,"status":"CHARGING","source":"ndw"}},{"type":"Feature","geometry":{"type":"Point","coordinates":[4.71971,52.01862]},"properties":{"type":"charge","layer":"passenger","locationId":"91346165","name":"EQUANS SGZH 2.0 Graaf Florisweg 131","address":"Graaf Florisweg 131","city":"Gouda","operatorName":"EQUANS","maxPowerKw":11,"isMegawatt":false,"status":"AVAILABLE","source":"ndw"}},{"type":"Feature","geometry":{"type":"Point","coordinates":[4.70045,52.023967]},"properties":{"type":"charge","layer":"passenger","locationId":"89188764","name":"EQUANS SGZH 2.0 89188764","address":"Amundsenlaan 1","city":"Gouda","operatorName":"EQUANS","maxPowerKw":17,"isMegawatt":false,"status":"AVAILABLE","source":"ndw"}},{"type":"Feature","geometry":{"type":"Point","coordinates":[4.698175,52.026308]},"properties":{"type":"charge","layer":"passenger","locationId":"90822427","name":"EQUANS SGZH 2.0 Heesterlaan 33","address":"Heesterlaan 33","city":"Gouda","operatorName":"EQUANS","maxPowerKw":11,"isMegawatt":false,"status":"AVAILABLE","source":"ndw"}},{"type":"Feature","geometry":{"type":"Point","coordinates":[4.736866,52.015946]},"properties":{"type":"charge","layer":"passenger","locationId":"89262110","name":"EQUANS SGZH 1.0 89262110","address":"Middenwillenseweg 85","city":"Gouda","operatorName":"EQUANS","maxPowerKw":11,"isMegawatt":false,"status":"CHARGING","source":"ndw"}},{"type":"Feature","geometry":{"type":"Point","coordinates":[4.715245,52.035243]},"properties":{"type":"charge","layer":"passenger","locationId":"89262087","name":"EQUANS SGZH 1.0 89262087","address":"Zuiderwerf 36","city":"Gouda","operatorName":"EQUANS","maxPowerKw":11,"isMegawatt":false,"status":"AVAILABLE","source":"ndw"}},{"type":"Feature","geometry":{"type":"Point","coordinates":[4.744254,52.007024]},"properties":{"type":"charge","layer":"passenger","locationId":"89262143","name":"EQUANS SGZH 1.0 89262143","address":"Middenmolenlaan 16","city":"Gouda","operatorName":"EQUANS","maxPowerKw":11,"isMegawatt":false,"status":"AVAILABLE","source":"ndw"}},{"type":"Feature","geometry":{"type":"Point","coordinates":[4.69739,52.009614]},"properties":{"type":"charge","layer":"passenger","locationId":"90300338","name":"EQUANS SGZH 2.0 Kievitstraat 20","address":"Kievitstraat 20","city":"Gouda","operatorName":"EQUANS","maxPowerKw":11,"isMegawatt":false,"status":"AVAILABLE","source":"ndw"}},{"type":"Feature","geometry":{"type":"Point","coordinates":[4.750652,52.010119]},"properties":{"type":"charge","layer":"passenger","locationId":"90300339","name":"EQUANS SGZH 2.0 Watergangpolderplein 14","address":"Watergangpolderplein 14","city":"Gouda","operatorName":"EQUANS","maxPowerKw":11,"isMegawatt":false,"status":"AVAILABLE","source":"ndw"}},{"type":"Feature","geometry":{"type":"Point","coordinates":[4.675729,52.024066]},"properties":{"type":"charge","layer":"passenger","locationId":"89241527","name":"EQUANS SGZH 2.0 89241527","address":"Hanzeweg 21","city":"Gouda","operatorName":"EQUANS","maxPowerKw":11,"isMegawatt":false,"status":"AVAILABLE","source":"ndw"}},{"type":"Feature","geometry":{"type":"Point","coordinates":[4.716784,52.019388]},"properties":{"type":"charge","layer":"passenger","locationId":"90386351","name":"EQUANS SGZH 2.0 Oranje-Nassaulaan 25","address":"Oranje-Nassaulaan 25","city":"Gouda","operatorName":"EQUANS","maxPowerKw":11,"isMegawatt":false,"status":"AVAILABLE","source":"ndw"}},{"type":"Feature","geometry":{"type":"Point","coordinates":[4.67349,52.00855]},"properties":{"type":"charge","layer":"passenger","locationId":"91325992","name":"EQUANS SGZH 2.0 Nicoline Brouwerlaan 27","address":"Nicoline Brouwerlaan 27","city":"Gouda","operatorName":"EQUANS","maxPowerKw":11,"isMegawatt":false,"status":"CHARGING","source":"ndw"}},{"type":"Feature","geometry":{"type":"Point","coordinates":[4.745986,52.005339]},"properties":{"type":"charge","layer":"passenger","locationId":"89228351","name":"EQUANS SGZH 2.0 89228351","address":"Wilhelmina van Pruisenlaan 40","city":"Gouda","operatorName":"EQUANS","maxPowerKw":11,"isMegawatt":false,"status":"AVAILABLE","source":"ndw"}},{"type":"Feature","geometry":{"type":"Point","coordinates":[4.702231,52.031692]},"properties":{"type":"charge","layer":"passenger","locationId":"89262090","name":"EQUANS SGZH 1.0 89262090","address":"Gildenburg 12","city":"Gouda","operatorName":"EQUANS","maxPowerKw":11,"isMegawatt":false,"status":"AVAILABLE","source":"ndw"}},{"type":"Feature","geometry":{"type":"Point","coordinates":[4.710149,52.021381]},"properties":{"type":"charge","layer":"passenger","locationId":"90822395","name":"EQUANS SGZH 2.0 van Hogendorpplein 4","address":"van Hogendorpplein 4","city":"Gouda","operatorName":"EQUANS","maxPowerKw":11,"isMegawatt":false,"status":"AVAILABLE","source":"ndw"}},{"type":"Feature","geometry":{"type":"Point","coordinates":[4.70657,52.03433]},"properties":{"type":"charge","layer":"passenger","locationId":"91357632","name":"EQUANS SGZH 2.0 Rodenburg 17","address":"Rodenburg 17","city":"Gouda","operatorName":"EQUANS","maxPowerKw":11,"isMegawatt":false,"status":"AVAILABLE","source":"ndw"}},{"type":"Feature","geometry":{"type":"Point","coordinates":[4.725158,52.025178]},"properties":{"type":"charge","layer":"passenger","locationId":"89262100","name":"EQUANS SGZH 1.0 89262100","address":"Leenmanslag 71","city":"Gouda","operatorName":"EQUANS","maxPowerKw":11,"isMegawatt":false,"status":"CHARGING","source":"ndw"}},{"type":"Feature","geometry":{"type":"Point","coordinates":[4.707421,52.007226]},"properties":{"type":"charge","layer":"passenger","locationId":"89262050","name":"EQUANS SGZH 1.0 89262050","address":"Turfsingel 71","city":"Gouda","operatorName":"EQUANS","maxPowerKw":11,"isMegawatt":false,"status":"CHARGING","source":"ndw"}},{"type":"Feature","geometry":{"type":"Point","coordinates":[4.716863,52.030491]},"properties":{"type":"charge","layer":"passenger","locationId":"90369525","name":"EQUANS SGZH 2.0 Waterruit 124","address":"Waterruit 124","city":"Gouda","operatorName":"EQUANS","maxPowerKw":11,"isMegawatt":false,"status":"AVAILABLE","source":"ndw"}},{"type":"Feature","geometry":{"type":"Point","coordinates":[4.718309,52.008389]},"properties":{"type":"charge","layer":"passenger","locationId":"89187769","name":"EQUANS SGZH 2.0 89187769","address":"De Kwekerij 13","city":"Gouda","operatorName":"EQUANS","maxPowerKw":17,"isMegawatt":false,"status":"AVAILABLE","source":"ndw"}},{"type":"Feature","geometry":{"type":"Point","coordinates":[4.715896,52.012099]},"properties":{"type":"charge","layer":"passenger","locationId":"89262113","name":"EQUANS SGZH 1.0 89262113","address":"Klein Amerika 20","city":"Gouda","operatorName":"EQUANS","maxPowerKw":11,"isMegawatt":false,"status":"AVAILABLE","source":"ndw"}},{"type":"Feature","geometry":{"type":"Point","coordinates":[4.739279,52.009941]},"properties":{"type":"charge","layer":"passenger","locationId":"89262134","name":"EQUANS SGZH 1.0 89262134","address":"Estafetteweg 18","city":"Gouda","operatorName":"EQUANS","maxPowerKw":11,"isMegawatt":false,"status":"AVAILABLE","source":"ndw"}},{"type":"Feature","geometry":{"type":"Point","coordinates":[4.68438,52.021586]},"properties":{"type":"charge","layer":"passenger","locationId":"B7E77BA3-7CBA-405E-B1BD-D57F961D52B8","name":"Eneco eMobility Burg. van Reenensingel 117 Gouda","address":"Burg. van Reenensingel 117","city":"Gouda","operatorName":"Eneco","maxPowerKw":22,"isMegawatt":false,"status":"UNAVAILABLE","source":"ndw","priceKwh":0.32}},{"type":"Feature","geometry":{"type":"Point","coordinates":[4.713552,52.008832]},"properties":{"type":"charge","layer":"passenger","locationId":"89056388","name":"EQUANS SGZH 1.0 89056388","address":"Spieringstraat 115","city":"Gouda","operatorName":"EQUANS","maxPowerKw":22,"isMegawatt":false,"status":"CHARGING","source":"ndw"}},{"type":"Feature","geometry":{"type":"Point","coordinates":[4.690584,52.022404]},"properties":{"type":"charge","layer":"passenger","locationId":"89262062","name":"EQUANS SGZH 1.0 89262062","address":"Heuvellaan 3","city":"Gouda","operatorName":"EQUANS","maxPowerKw":11,"isMegawatt":false,"status":"AVAILABLE","source":"ndw"}},{"type":"Feature","geometry":{"type":"Point","coordinates":[4.708803,52.013095]},"properties":{"type":"charge","layer":"passenger","locationId":"89221174","name":"EQUANS SGZH 2.0 89221174","address":"Slapperdel 20","city":"Gouda","operatorName":"EQUANS","maxPowerKw":17,"isMegawatt":false,"status":"AVAILABLE","source":"ndw"}},{"type":"Feature","geometry":{"type":"Point","coordinates":[4.736661,52.013328]},"properties":{"type":"charge","layer":"passenger","locationId":"90360702","name":"EQUANS SGZH 2.0 Han Hollanderweg 50","address":"Han Hollanderweg 50","city":"Gouda","operatorName":"EQUANS","maxPowerKw":11,"isMegawatt":false,"status":"CHARGING","source":"ndw"}},{"type":"Feature","geometry":{"type":"Point","coordinates":[4.709618,52.035293]},"properties":{"type":"charge","layer":"passenger","locationId":"90830523","name":"EQUANS SGZH 2.0 Groenlust 19","address":"Groenlust 19","city":"Gouda","operatorName":"EQUANS","maxPowerKw":11,"isMegawatt":false,"status":"AVAILABLE","source":"ndw"}},{"type":"Feature","geometry":{"type":"Point","coordinates":[4.69423,52.03016]},"properties":{"type":"charge","layer":"passenger","locationId":"90992156","name":"EQUANS SGZH 2.0 Taxusweg 2","address":"Taxusweg 2","city":"Gouda","operatorName":"EQUANS","maxPowerKw":11,"isMegawatt":false,"status":"AVAILABLE","source":"ndw"}},{"type":"Feature","geometry":{"type":"Point","coordinates":[4.722262,52.014176]},"properties":{"type":"charge","layer":"passenger","locationId":"89262116","name":"EQUANS SGZH 1.0 89262116","address":"Krugerlaan 18","city":"Gouda","operatorName":"EQUANS","maxPowerKw":11,"isMegawatt":false,"status":"CHARGING","source":"ndw"}},{"type":"Feature","geometry":{"type":"Point","coordinates":[4.737951,52.013115]},"properties":{"type":"charge","layer":"passenger","locationId":"89249986","name":"EQUANS SGZH 2.0 89249986","address":"Marathonlaan 15","city":"Gouda","operatorName":"EQUANS","maxPowerKw":17,"isMegawatt":false,"status":"AVAILABLE","source":"ndw"}},{"type":"Feature","geometry":{"type":"Point","coordinates":[4.703949,52.023577]},"properties":{"type":"charge","layer":"passenger","locationId":"89262080","name":"EQUANS SGZH 1.0 89262080","address":"Marco Pololaan 7","city":"Gouda","operatorName":"EQUANS","maxPowerKw":11,"isMegawatt":false,"status":"AVAILABLE","source":"ndw"}},{"type":"Feature","geometry":{"type":"Point","coordinates":[4.706183,52.02925]},"properties":{"type":"charge","layer":"passenger","locationId":"89262084","name":"EQUANS SGZH 1.0 89262084","address":"Cronestein 21","city":"Gouda","operatorName":"EQUANS","maxPowerKw":11,"isMegawatt":false,"status":"AVAILABLE","source":"ndw"}},{"type":"Feature","geometry":{"type":"Point","coordinates":[4.697741,52.019886]},"properties":{"type":"charge","layer":"passenger","locationId":"89262069","name":"EQUANS SGZH 1.0 89262069","address":"Anna van hensbeeksingel 90","city":"Gouda","operatorName":"EQUANS","maxPowerKw":11,"isMegawatt":false,"status":"CHARGING","source":"ndw"}},{"type":"Feature","geometry":{"type":"Point","coordinates":[4.700011,52.020494]},"properties":{"type":"charge","layer":"passenger","locationId":"91351280","name":"EQUANS SGZH 2.0 Bleulandweg 336","address":"Bleulandweg 336","city":"Gouda","operatorName":"EQUANS","maxPowerKw":11,"isMegawatt":false,"status":"AVAILABLE","source":"ndw"}},{"type":"Feature","geometry":{"type":"Point","coordinates":[4.729268,52.013387]},"properties":{"type":"charge","layer":"passenger","locationId":"89273916","name":"EQUANS SGZH 2.0 89273916","address":"Johannes Poststraat 26","city":"Gouda","operatorName":"EQUANS","maxPowerKw":17,"isMegawatt":false,"status":"AVAILABLE","source":"ndw"}},{"type":"Feature","geometry":{"type":"Point","coordinates":[4.702306,52.010279]},"properties":{"type":"charge","layer":"passenger","locationId":"89249598","name":"EQUANS SGZH 2.0 89249598","address":"Moordrechtse Verlaat 1","city":"Gouda","operatorName":"EQUANS","maxPowerKw":11,"isMegawatt":false,"status":"CHARGING","source":"ndw"}},{"type":"Feature","geometry":{"type":"Point","coordinates":[4.70789,52.03265]},"properties":{"type":"charge","layer":"passenger","locationId":"91002925","name":"EQUANS SGZH 2.0 Meerburgstraat 61","address":"Meerburgstraat 61","city":"Gouda","operatorName":"EQUANS","maxPowerKw":11,"isMegawatt":false,"status":"AVAILABLE","source":"ndw"}},{"type":"Feature","geometry":{"type":"Point","coordinates":[4.69332,52.03175]},"properties":{"type":"charge","layer":"passenger","locationId":"90943956","name":"EQUANS SGZH 2.0 Papaverstraat 31","address":"Papaverstraat 31","city":"Gouda","operatorName":"EQUANS","maxPowerKw":11,"isMegawatt":false,"status":"AVAILABLE","source":"ndw"}},{"type":"Feature","geometry":{"type":"Point","coordinates":[4.7073,52.036438]},"properties":{"type":"charge","layer":"passenger","locationId":"89105165","name":"EQUANS SGZH 1.0 89105165","address":"Geertruida Hoeve 1","city":"Gouda","operatorName":"EQUANS","maxPowerKw":11,"isMegawatt":false,"status":"AVAILABLE","source":"ndw"}},{"type":"Feature","geometry":{"type":"Point","coordinates":[4.726203,52.010307]},"properties":{"type":"charge","layer":"passenger","locationId":"90822370","name":"EQUANS SGZH 2.0 Nansenstraat 122 (t.h.v. von Suttnerstraat 28)","address":"Nansenstraat 122 (t.h.v. von Suttnerstraat 28","city":"Gouda","operatorName":"EQUANS","maxPowerKw":11,"isMegawatt":false,"status":"AVAILABLE","source":"ndw"}},{"type":"Feature","geometry":{"type":"Point","coordinates":[4.712047,52.024016]},"properties":{"type":"charge","layer":"passenger","locationId":"89262105","name":"EQUANS SGZH 1.0 89262105","address":"Heemskerkstraat 16","city":"Gouda","operatorName":"EQUANS","maxPowerKw":11,"isMegawatt":false,"status":"CHARGING","source":"ndw"}},{"type":"Feature","geometry":{"type":"Point","coordinates":[4.705408,52.004209]},"properties":{"type":"charge","layer":"passenger","locationId":"89262053","name":"EQUANS SGZH 1.0 89262053","address":"Constantijn Huygensstraat 2","city":"Gouda","operatorName":"EQUANS","maxPowerKw":11,"isMegawatt":false,"status":"AVAILABLE","source":"ndw"}},{"type":"Feature","geometry":{"type":"Point","coordinates":[4.706564,52.007585]},"properties":{"type":"charge","layer":"passenger","locationId":"89105013","name":"EQUANS SGZH 1.0 89105013","address":"Turfsingel 22","city":"Gouda","operatorName":"EQUANS","maxPowerKw":22,"isMegawatt":false,"status":"AVAILABLE","source":"ndw"}},{"type":"Feature","geometry":{"type":"Point","coordinates":[4.692674,52.008916]},"properties":{"type":"charge","layer":"passenger","locationId":"89262051","name":"EQUANS SGZH 2.0 Uiverplein 37","address":"Uiverplein 37","city":"Gouda","operatorName":"EQUANS","maxPowerKw":11,"isMegawatt":false,"status":"AVAILABLE","source":"ndw"}},{"type":"Feature","geometry":{"type":"Point","coordinates":[4.704415,52.003136]},"properties":{"type":"charge","layer":"passenger","locationId":"89370324","name":"EQUANS SGZH 2.0 89370324","address":"Vossiusstraat 41","city":"Gouda","operatorName":"EQUANS","maxPowerKw":11,"isMegawatt":false,"status":"AVAILABLE","source":"ndw"}},{"type":"Feature","geometry":{"type":"Point","coordinates":[4.711629,52.007032]},"properties":{"type":"charge","layer":"passenger","locationId":"89142957","name":"EQUANS SGZH 1.0 89262039","address":"Bogen 59","city":"Gouda","operatorName":"EQUANS","maxPowerKw":17,"isMegawatt":false,"status":"AVAILABLE","source":"ndw"}},{"type":"Feature","geometry":{"type":"Point","coordinates":[4.731707,52.016347]},"properties":{"type":"charge","layer":"passenger","locationId":"90386368","name":"EQUANS SGZH 2.0 Citroenvlinderstraat 8","address":"Citroenvlinderstraat 8","city":"Gouda","operatorName":"EQUANS","maxPowerKw":11,"isMegawatt":false,"status":"AVAILABLE","source":"ndw"}},{"type":"Feature","geometry":{"type":"Point","coordinates":[4.716067,52.011869]},"properties":{"type":"charge","layer":"passenger","locationId":"90104913","name":"EQUANS SGZH 2.0 Klein Amerika 24","address":"Klein Amerika 24","city":"Gouda","operatorName":"EQUANS","maxPowerKw":11,"isMegawatt":false,"status":"CHARGING","source":"ndw"}},{"type":"Feature","geometry":{"type":"Point","coordinates":[4.705615,52.009908]},"properties":{"type":"charge","layer":"passenger","locationId":"89262042","name":"EQUANS SGZH 1.0 89262042","address":"Raam 41","city":"Gouda","operatorName":"EQUANS","maxPowerKw":11,"isMegawatt":false,"status":"CHARGING","source":"ndw"}},{"type":"Feature","geometry":{"type":"Point","coordinates":[4.67363,52.00824]},"properties":{"type":"charge","layer":"passenger","locationId":"91002930","name":"EQUANS SGZH 2.0 Mieke Hoogerwerflaan 36","address":"Mieke Hoogerwerflaan 36","city":"Gouda","operatorName":"EQUANS","maxPowerKw":11,"isMegawatt":false,"status":"AVAILABLE","source":"ndw"}},{"type":"Feature","geometry":{"type":"Point","coordinates":[4.701238,52.002565]},"properties":{"type":"charge","layer":"passenger","locationId":"89262057","name":"EQUANS SGZH 1.0 89262057","address":"Da Costakade 67","city":"Gouda","operatorName":"EQUANS","maxPowerKw":11,"isMegawatt":false,"status":"CHARGING","source":"ndw"}},{"type":"Feature","geometry":{"type":"Point","coordinates":[4.676284,52.005375]},"properties":{"type":"charge","layer":"passenger","locationId":"89262149","name":"EQUANS SGZH 1.0 89262149","address":"Melkbocht 28","city":"Gouda","operatorName":"EQUANS","maxPowerKw":11,"isMegawatt":false,"status":"CHARGING","source":"ndw"}},{"type":"Feature","geometry":{"type":"Point","coordinates":[4.715297,52.021537]},"properties":{"type":"charge","layer":"passenger","locationId":"90984832","name":"EQUANS SGZH 1.0 Regoutstraat 23","address":"Regoutstraat 23","city":"Gouda","operatorName":"EQUANS","maxPowerKw":11,"isMegawatt":false,"status":"AVAILABLE","source":"ndw"}},{"type":"Feature","geometry":{"type":"Point","coordinates":[4.721754,52.018396]},"properties":{"type":"charge","layer":"passenger","locationId":"89262109","name":"EQUANS SGZH 1.0 89262109","address":"Wethouder venteweg 7","city":"Gouda","operatorName":"EQUANS","maxPowerKw":11,"isMegawatt":false,"status":"AVAILABLE","source":"ndw"}},{"type":"Feature","geometry":{"type":"Point","coordinates":[4.712735,52.019171]},"properties":{"type":"charge","layer":"passenger","locationId":"89262066","name":"EQUANS SGZH 1.0 89262066","address":"Jan van Beaumontstraat 18","city":"Gouda","operatorName":"EQUANS","maxPowerKw":11,"isMegawatt":false,"status":"CHARGING","source":"ndw"}},{"type":"Feature","geometry":{"type":"Point","coordinates":[4.750497,52.013594]},"properties":{"type":"charge","layer":"passenger","locationId":"90281430","name":"EQUANS SGZH 2.0 Rossinistraat 112","address":"Rossinistraat 112","city":"Gouda","operatorName":"EQUANS","maxPowerKw":11,"isMegawatt":false,"status":"AVAILABLE","source":"ndw"}},{"type":"Feature","geometry":{"type":"Point","coordinates":[4.711927,52.027289]},"properties":{"type":"charge","layer":"passenger","locationId":"89195908","name":"EQUANS SGZH 2.0 89195908","address":"Calslaan 99","city":"Gouda","operatorName":"EQUANS","maxPowerKw":11,"isMegawatt":false,"status":"AVAILABLE","source":"ndw"}},{"type":"Feature","geometry":{"type":"Point","coordinates":[4.705092,52.012191]},"properties":{"type":"charge","layer":"passenger","locationId":"89249983","name":"EQUANS SGZH 2.0 89249983","address":"Nieuwehaven 312","city":"Gouda","operatorName":"EQUANS","maxPowerKw":11,"isMegawatt":false,"status":"AVAILABLE","source":"ndw"}},{"type":"Feature","geometry":{"type":"Point","coordinates":[4.700066,52.024324]},"properties":{"type":"charge","layer":"passenger","locationId":"89262064","name":"EQUANS SGZH 1.0 89262064","address":"Mercatorsingel 58","city":"Gouda","operatorName":"EQUANS","maxPowerKw":11,"isMegawatt":false,"status":"AVAILABLE","source":"ndw"}},{"type":"Feature","geometry":{"type":"Point","coordinates":[4.697519,52.019336]},"properties":{"type":"charge","layer":"passenger","locationId":"4772830","name":"Laadnet J Bos en Zn project Locatie Anna van Hensbeeksingel","address":"Anna van Hensbeeksingel 122","city":"Gouda","operatorName":"Laadnet","maxPowerKw":22,"isMegawatt":false,"status":"AVAILABLE","source":"ndw"}},{"type":"Feature","geometry":{"type":"Point","coordinates":[4.724691,52.009437]},"properties":{"type":"charge","layer":"passenger","locationId":"89309289","name":"EQUANS SGZH 1.0 89309289","address":"Joubertstraat 190","city":"Gouda","operatorName":"EQUANS","maxPowerKw":11,"isMegawatt":false,"status":"AVAILABLE","source":"ndw"}},{"type":"Feature","geometry":{"type":"Point","coordinates":[4.704292,52.008557]},"properties":{"type":"charge","layer":"passenger","locationId":"89982152","name":"EQUANS SGZH 2.0 Erasmusplein 3","address":"Erasmusplein 3","city":"Gouda","operatorName":"EQUANS","maxPowerKw":11,"isMegawatt":false,"status":"AVAILABLE","source":"ndw"}},{"type":"Feature","geometry":{"type":"Point","coordinates":[4.689723,52.003628]},"properties":{"type":"charge","layer":"passenger","locationId":"627cde055889300af53c494c","name":"Veratio's station","address":"Macronistraat 101","city":"Gouda","operatorName":"E-Flux by Road","maxPowerKw":22,"isMegawatt":false,"status":"AVAILABLE","source":"ndw","priceKwh":0.38}},{"type":"Feature","geometry":{"type":"Point","coordinates":[4.740072,52.011446]},"properties":{"type":"charge","layer":"passenger","locationId":"90360701","name":"EQUANS SGZH 2.0 Getijmolenerf 61","address":"Getijmolenerf 61","city":"Gouda","operatorName":"EQUANS","maxPowerKw":11,"isMegawatt":false,"status":"AVAILABLE","source":"ndw"}},{"type":"Feature","geometry":{"type":"Point","coordinates":[4.732384,52.013246]},"properties":{"type":"charge","layer":"passenger","locationId":"89262123","name":"EQUANS SGZH 1.0 89262123","address":"Dercksenstraat 1","city":"Gouda","operatorName":"EQUANS","maxPowerKw":11,"isMegawatt":false,"status":"CHARGING","source":"ndw"}},{"type":"Feature","geometry":{"type":"Point","coordinates":[4.700094,52.02771]},"properties":{"type":"charge","layer":"passenger","locationId":"89210081","name":"EQUANS SGZH 2.0 89210081","address":"Sneeuwbeslaan 2","city":"Gouda","operatorName":"EQUANS","maxPowerKw":11,"isMegawatt":false,"status":"AVAILABLE","source":"ndw"}},{"type":"Feature","geometry":{"type":"Point","coordinates":[4.694141,52.025836]},"properties":{"type":"charge","layer":"passenger","locationId":"89262059","name":"EQUANS SGZH 1.0 89262059","address":"Kamperfoelielaan 91","city":"Gouda","operatorName":"EQUANS","maxPowerKw":11,"isMegawatt":false,"status":"AVAILABLE","source":"ndw"}},{"type":"Feature","geometry":{"type":"Point","coordinates":[4.720202,52.021393]},"properties":{"type":"charge","layer":"passenger","locationId":"89262098","name":"EQUANS SGZH 1.0 89262099","address":"Burgvlietkade 102","city":"Gouda","operatorName":"EQUANS","maxPowerKw":11,"isMegawatt":false,"status":"CHARGING","source":"ndw"}},{"type":"Feature","geometry":{"type":"Point","coordinates":[4.688855,52.016852]},"properties":{"type":"charge","layer":"passenger","locationId":"6671752ce670d5001cfcdca4","name":"Van Beek Elektro Gouda","address":"Keerkring 8-108","city":"Gouda","operatorName":"E-Flux by Road","maxPowerKw":11,"isMegawatt":false,"status":"AVAILABLE","source":"ndw","priceKwh":0.43}},{"type":"Feature","geometry":{"type":"Point","coordinates":[4.721083,52.012285]},"properties":{"type":"charge","layer":"passenger","locationId":"89641451","name":"EQUANS SGZH 2.0 89641451","address":"Burgemeester Martenssingel 38","city":"Gouda","operatorName":"EQUANS","maxPowerKw":11,"isMegawatt":false,"status":"CHARGING","source":"ndw"}},{"type":"Feature","geometry":{"type":"Point","coordinates":[4.699664,52.005641]},"properties":{"type":"charge","layer":"passenger","locationId":"89105161","name":"EQUANS SGZH 1.0 89105161","address":"Jacob van Lennepkade 2","city":"Gouda","operatorName":"EQUANS","maxPowerKw":17,"isMegawatt":false,"status":"CHARGING","source":"ndw"}},{"type":"Feature","geometry":{"type":"Point","coordinates":[4.705751,52.032326]},"properties":{"type":"charge","layer":"passenger","locationId":"90278991","name":"EQUANS SGZH 2.0 Lekkenburg 150","address":"Lekkenburg 150","city":"Gouda","operatorName":"EQUANS","maxPowerKw":11,"isMegawatt":false,"status":"AVAILABLE","source":"ndw"}},{"type":"Feature","geometry":{"type":"Point","coordinates":[4.71458,52.010648]},"properties":{"type":"charge","layer":"passenger","locationId":"89262045","name":"EQUANS SGZH 1.0 89262045","address":"De Baan 101","city":"Gouda","operatorName":"EQUANS","maxPowerKw":11,"isMegawatt":false,"status":"AVAILABLE","source":"ndw"}},{"type":"Feature","geometry":{"type":"Point","coordinates":[4.730306,52.011672]},"properties":{"type":"charge","layer":"passenger","locationId":"89262119","name":"EQUANS SGZH 1.0 89262119","address":"De Kortestraat 61","city":"Gouda","operatorName":"EQUANS","maxPowerKw":11,"isMegawatt":false,"status":"AVAILABLE","source":"ndw"}},{"type":"Feature","geometry":{"type":"Point","coordinates":[4.718329,52.014572]},"properties":{"type":"charge","layer":"passenger","locationId":"89249971","name":"EQUANS SGZH 2.0 89249971","address":"van Persijnstraat 30","city":"Gouda","operatorName":"EQUANS","maxPowerKw":17,"isMegawatt":false,"status":"CHARGING","source":"ndw"}},{"type":"Feature","geometry":{"type":"Point","coordinates":[4.74391,52.00691]},"properties":{"type":"charge","layer":"passenger","locationId":"90982746","name":"EQUANS SGZH 2.0 Middenmolenlaan 14","address":"Middenmolenlaan 14","city":"Gouda","operatorName":"EQUANS","maxPowerKw":11,"isMegawatt":false,"status":"AVAILABLE","source":"ndw"}},{"type":"Feature","geometry":{"type":"Point","coordinates":[4.711579,52.015861]},"properties":{"type":"charge","layer":"passenger","locationId":"89262111","name":"EQUANS SGZH 1.0 89262111","address":"Boelekade 41","city":"Gouda","operatorName":"EQUANS","maxPowerKw":11,"isMegawatt":false,"status":"AVAILABLE","source":"ndw"}},{"type":"Feature","geometry":{"type":"Point","coordinates":[4.724956,52.012213]},"properties":{"type":"charge","layer":"passenger","locationId":"90357742","name":"EQUANS SGZH 2.0 Nansenstraat 40","address":"Nansenstraat 40","city":"Gouda","operatorName":"EQUANS","maxPowerKw":11,"isMegawatt":false,"status":"CHARGING","source":"ndw"}},{"type":"Feature","geometry":{"type":"Point","coordinates":[4.73311,52.01434]},"properties":{"type":"charge","layer":"passenger","locationId":"90878393","name":"EQUANS SGZH 2.0 Gedenklaan 39","address":"Gedenklaan 39","city":"Gouda","operatorName":"EQUANS","maxPowerKw":11,"isMegawatt":false,"status":"AVAILABLE","source":"ndw"}},{"type":"Feature","geometry":{"type":"Point","coordinates":[4.709328,52.038085]},"properties":{"type":"charge","layer":"passenger","locationId":"90266704","name":"EQUANS SGZH 2.0 Akkerlust 15","address":"Akkerlust 15","city":"Gouda","operatorName":"EQUANS","maxPowerKw":11,"isMegawatt":false,"status":"CHARGING","source":"ndw"}},{"type":"Feature","geometry":{"type":"Point","coordinates":[4.70147,52.00693]},"properties":{"type":"charge","layer":"passenger","locationId":"91357631","name":"EQUANS SGZH 2.0 Herenstraat 72","address":"Herenstraat 72","city":"Gouda","operatorName":"EQUANS","maxPowerKw":11,"isMegawatt":false,"status":"CHARGING","source":"ndw"}},{"type":"Feature","geometry":{"type":"Point","coordinates":[4.69855,52.014834]},"properties":{"type":"charge","layer":"passenger","locationId":"89262040","name":"EQUANS SGZH 1.0 89262040","address":"Parkstraat 14","city":"Gouda","operatorName":"EQUANS","maxPowerKw":11,"isMegawatt":false,"status":"CHARGING","source":"ndw"}},{"type":"Feature","geometry":{"type":"Point","coordinates":[4.705131,52.036138]},"properties":{"type":"charge","layer":"passenger","locationId":"922666","name":"DAE-NL-2000164","address":"Catarina hoeve3","city":"Gouda","operatorName":"DAEN Mobility","maxPowerKw":11,"isMegawatt":false,"status":"AVAILABLE","source":"ndw","priceKwh":0.28}},{"type":"Feature","geometry":{"type":"Point","coordinates":[4.748218,52.012117]},"properties":{"type":"charge","layer":"passenger","locationId":"89249744","name":"EQUANS SGZH 2.0 89249744","address":"Schubertplein 16","city":"Gouda","operatorName":"EQUANS","maxPowerKw":17,"isMegawatt":false,"status":"AVAILABLE","source":"ndw"}},{"type":"Feature","geometry":{"type":"Point","coordinates":[4.697848,52.033057]},"properties":{"type":"charge","layer":"passenger","locationId":"89262083","name":"EQUANS SGZH 1.0 89262083","address":"Veenzoom 203","city":"Gouda","operatorName":"EQUANS","maxPowerKw":11,"isMegawatt":false,"status":"AVAILABLE","source":"ndw"}},{"type":"Feature","geometry":{"type":"Point","coordinates":[4.713694,52.014747]},"properties":{"type":"charge","layer":"passenger","locationId":"89262131","name":"EQUANS SGZH 1.0 89262131","address":"Boelekade 161","city":"Gouda","operatorName":"EQUANS","maxPowerKw":11,"isMegawatt":false,"status":"AVAILABLE","source":"ndw"}},{"type":"Feature","geometry":{"type":"Point","coordinates":[4.689127,52.00259]},"properties":{"type":"charge","layer":"passenger","locationId":"89262145","name":"EQUANS SGZH 1.0 89262145","address":"Ijsseloogwal 1","city":"Gouda","operatorName":"EQUANS","maxPowerKw":11,"isMegawatt":false,"status":"AVAILABLE","source":"ndw"}},{"type":"Feature","geometry":{"type":"Point","coordinates":[4.682855,52.001354]},"properties":{"type":"charge","layer":"passenger","locationId":"89262155","name":"EQUANS SGZH 1.0 89262155","address":"Engelsmanplaat 1","city":"Gouda","operatorName":"EQUANS","maxPowerKw":11,"isMegawatt":false,"status":"CHARGING","source":"ndw"}},{"type":"Feature","geometry":{"type":"Point","coordinates":[4.687818,52.021363]},"properties":{"type":"charge","layer":"passenger","locationId":"90822386","name":"EQUANS SGZH 2.0 Antwerpseweg 8","address":"Antwerpseweg 8","city":"Gouda","operatorName":"EQUANS","maxPowerKw":11,"isMegawatt":false,"status":"AVAILABLE","source":"ndw"}},{"type":"Feature","geometry":{"type":"Point","coordinates":[4.727595,52.013298]},"properties":{"type":"charge","layer":"passenger","locationId":"89885264","name":"EQUANS SGZH 2.0 89885264","address":"Bernadottelaan 134","city":"Gouda","operatorName":"EQUANS","maxPowerKw":11,"isMegawatt":false,"status":"AVAILABLE","source":"ndw"}},{"type":"Feature","geometry":{"type":"Point","coordinates":[4.754055,52.006604]},"properties":{"type":"charge","layer":"passenger","locationId":"89262142","name":"EQUANS SGZH 1.0 89262142","address":"Romerostraat 28","city":"Gouda","operatorName":"EQUANS","maxPowerKw":11,"isMegawatt":false,"status":"AVAILABLE","source":"ndw"}},{"type":"Feature","geometry":{"type":"Point","coordinates":[4.703983,52.02064]},"properties":{"type":"charge","layer":"passenger","locationId":"6a019c57cf536db2b9472080","name":"Bluelandweg (openbaar)","address":"Buchnerweg 5","city":"Gouda","operatorName":"E-Flux by Road","maxPowerKw":22,"isMegawatt":false,"status":"AVAILABLE","source":"ndw","priceKwh":0.53}},{"type":"Feature","geometry":{"type":"Point","coordinates":[4.721234,52.013824]},"properties":{"type":"charge","layer":"passenger","locationId":"90910670","name":"EQUANS SGZH 1.0 Burgemeester Martenssingel 13 (T.O)","address":"Burgemeester Martenssingel 13","city":"Gouda","operatorName":"EQUANS","maxPowerKw":11,"isMegawatt":false,"status":"CHARGING","source":"ndw"}},{"type":"Feature","geometry":{"type":"Point","coordinates":[4.67269,52.00698]},"properties":{"type":"charge","layer":"passenger","locationId":"90918875","name":"EQUANS SGZH 2.0 Burgemeester van Dijkesingel 210 b","address":"Burgemeester van Dijkesingel 210 b","city":"Gouda","operatorName":"EQUANS","maxPowerKw":11,"isMegawatt":false,"status":"AVAILABLE","source":"ndw"}},{"type":"Feature","geometry":{"type":"Point","coordinates":[4.70472,52.011032]},"properties":{"type":"charge","layer":"passenger","locationId":"89262041","name":"EQUANS SGZH 1.0 89262041","address":"Nonnenwater 8","city":"Gouda","operatorName":"EQUANS","maxPowerKw":11,"isMegawatt":false,"status":"CHARGING","source":"ndw"}},{"type":"Feature","geometry":{"type":"Point","coordinates":[4.730432,52.013184]},"properties":{"type":"charge","layer":"passenger","locationId":"90103943","name":"EQUANS SGZH 2.0 Vrijheidslaan 23","address":"Vrijheidslaan 23","city":"Gouda","operatorName":"EQUANS","maxPowerKw":11,"isMegawatt":false,"status":"AVAILABLE","source":"ndw"}},{"type":"Feature","geometry":{"type":"Point","coordinates":[4.705562,52.03362]},"properties":{"type":"charge","layer":"passenger","locationId":"89262091","name":"EQUANS SGZH 1.0 89262091","address":"Ruigenburg 60","city":"Gouda","operatorName":"EQUANS","maxPowerKw":11,"isMegawatt":false,"status":"AVAILABLE","source":"ndw"}},{"type":"Feature","geometry":{"type":"Point","coordinates":[4.70266,52.02898]},"properties":{"type":"charge","layer":"passenger","locationId":"89262082","name":"EQUANS SGZH 1.0 89262082","address":"Catsveld 36","city":"Gouda","operatorName":"EQUANS","maxPowerKw":11,"isMegawatt":false,"status":"CHARGING","source":"ndw"}},{"type":"Feature","geometry":{"type":"Point","coordinates":[4.722113,52.009616]},"properties":{"type":"charge","layer":"passenger","locationId":"89105558","name":"EQUANS SGZH 1.0 89105558","address":"de la Reylaan 43","city":"Gouda","operatorName":"EQUANS","maxPowerKw":22,"isMegawatt":false,"status":"AVAILABLE","source":"ndw"}},{"type":"Feature","geometry":{"type":"Point","coordinates":[4.706177,52.032557]},"properties":{"type":"charge","layer":"passenger","locationId":"89262092","name":"EQUANS SGZH 1.0 89262092","address":"Vlietenburg 67","city":"Gouda","operatorName":"EQUANS","maxPowerKw":11,"isMegawatt":false,"status":"AVAILABLE","source":"ndw"}},{"type":"Feature","geometry":{"type":"Point","coordinates":[4.716306,52.016922]},"properties":{"type":"charge","layer":"passenger","locationId":"89262104","name":"EQUANS SGZH 1.0 89262104","address":"Vossenbuchkade 69","city":"Gouda","operatorName":"EQUANS","maxPowerKw":11,"isMegawatt":false,"status":"AVAILABLE","source":"ndw"}},{"type":"Feature","geometry":{"type":"Point","coordinates":[4.75177,52.005309]},"properties":{"type":"charge","layer":"passenger","locationId":"89249978","name":"EQUANS SGZH 2.0 89249978","address":"Boschpolderstraat 27","city":"Gouda","operatorName":"EQUANS","maxPowerKw":17,"isMegawatt":false,"status":"AVAILABLE","source":"ndw"}},{"type":"Feature","geometry":{"type":"Point","coordinates":[4.731268,52.011823]},"properties":{"type":"charge","layer":"passenger","locationId":"89146501","name":"EQUANS SGZH 2.0 89146501","address":"Verzetslaan 10","city":"Gouda","operatorName":"EQUANS","maxPowerKw":17,"isMegawatt":false,"status":"CHARGING","source":"ndw"}},{"type":"Feature","geometry":{"type":"Point","coordinates":[4.71287,52.01729]},"properties":{"type":"charge","layer":"passenger","locationId":"90987077","name":"EQUANS SGZH 2.0 van Henegouwenstraat 18","address":"van Henegouwenstraat 18","city":"Gouda","operatorName":"EQUANS","maxPowerKw":11,"isMegawatt":false,"status":"AVAILABLE","source":"ndw"}},{"type":"Feature","geometry":{"type":"Point","coordinates":[4.723429,52.013996]},"properties":{"type":"charge","layer":"passenger","locationId":"89273857","name":"EQUANS SGZH 2.0 89273857","address":"Joubertstraat 36","city":"Gouda","operatorName":"EQUANS","maxPowerKw":17,"isMegawatt":false,"status":"CHARGING","source":"ndw"}},{"type":"Feature","geometry":{"type":"Point","coordinates":[4.72039,52.01677]},"properties":{"type":"charge","layer":"passenger","locationId":"89195394","name":"EQUANS SGZH 2.0 89195394","address":"Vossenburchkade 120","city":"Gouda","operatorName":"EQUANS","maxPowerKw":17,"isMegawatt":false,"status":"AVAILABLE","source":"ndw"}},{"type":"Feature","geometry":{"type":"Point","coordinates":[4.711343,52.029145]},"properties":{"type":"charge","layer":"passenger","locationId":"89205183","name":"EQUANS SGZH 2.0 89205183","address":"Woudestein 20","city":"Gouda","operatorName":"EQUANS","maxPowerKw":17,"isMegawatt":false,"status":"CHARGING","source":"ndw"}},{"type":"Feature","geometry":{"type":"Point","coordinates":[4.720023,52.018818]},"properties":{"type":"charge","layer":"passenger","locationId":"89262094","name":"EQUANS SGZH 1.0 89262094","address":"Graaf Florisweg 135","city":"Gouda","operatorName":"EQUANS","maxPowerKw":11,"isMegawatt":false,"status":"AVAILABLE","source":"ndw"}},{"type":"Feature","geometry":{"type":"Point","coordinates":[4.731544,52.013943]},"properties":{"type":"charge","layer":"passenger","locationId":"89262121","name":"EQUANS SGZH 1.0 89262121","address":"Brandsmastraat 1","city":"Gouda","operatorName":"EQUANS","maxPowerKw":11,"isMegawatt":false,"status":"AVAILABLE","source":"ndw"}},{"type":"Feature","geometry":{"type":"Point","coordinates":[4.708801,52.007532]},"properties":{"type":"charge","layer":"passenger","locationId":"90279143","name":"EQUANS SGZH 2.0 Vest 81 a","address":"Vest 81 a","city":"Gouda","operatorName":"EQUANS","maxPowerKw":11,"isMegawatt":false,"status":"AVAILABLE","source":"ndw"}},{"type":"Feature","geometry":{"type":"Point","coordinates":[4.70301,52.007531]},"properties":{"type":"charge","layer":"passenger","locationId":"91234785","name":"EQUANS SGZH 2.0 Scheltemastraat 21","address":"Scheltemastraat 21","city":"Gouda","operatorName":"EQUANS","maxPowerKw":11,"isMegawatt":false,"status":"AVAILABLE","source":"ndw"}},{"type":"Feature","geometry":{"type":"Point","coordinates":[4.748742,52.010289]},"properties":{"type":"charge","layer":"passenger","locationId":"89262139","name":"EQUANS SGZH 1.0 89262139","address":"Vinkeveldpoldersingel 2","city":"Gouda","operatorName":"EQUANS","maxPowerKw":11,"isMegawatt":false,"status":"AVAILABLE","source":"ndw"}},{"type":"Feature","geometry":{"type":"Point","coordinates":[4.680517,52.005077]},"properties":{"type":"charge","layer":"passenger","locationId":"89262152","name":"EQUANS SGZH 1.0 89262152","address":"Opkamer 32","city":"Gouda","operatorName":"EQUANS","maxPowerKw":11,"isMegawatt":false,"status":"AVAILABLE","source":"ndw"}},{"type":"Feature","geometry":{"type":"Point","coordinates":[4.704339,52.012177]},"properties":{"type":"charge","layer":"passenger","locationId":"89124613","name":"EQUANS SGZH 1.0 89124613","address":"Regentesseplantsoen 4","city":"Gouda","operatorName":"EQUANS","maxPowerKw":11,"isMegawatt":false,"status":"AVAILABLE","source":"ndw"}},{"type":"Feature","geometry":{"type":"Point","coordinates":[4.689556,52.000628]},"properties":{"type":"charge","layer":"passenger","locationId":"90360704","name":"EQUANS SGZH 2.0 IJsseloogwal 41","address":"IJsseloogwal 41","city":"Gouda","operatorName":"EQUANS","maxPowerKw":11,"isMegawatt":false,"status":"AVAILABLE","source":"ndw"}},{"type":"Feature","geometry":{"type":"Point","coordinates":[4.709173,52.011784]},"properties":{"type":"charge","layer":"passenger","locationId":"90836235","name":"EQUANS SGZH 2.0 Naaierstraat 29","address":"Naaierstraat 29","city":"Gouda","operatorName":"EQUANS","maxPowerKw":11,"isMegawatt":false,"status":"CHARGING","source":"ndw"}},{"type":"Feature","geometry":{"type":"Point","coordinates":[4.750552,52.008525]},"properties":{"type":"charge","layer":"passenger","locationId":"89262138","name":"EQUANS SGZH 1.0 89262138","address":"Geerpolderweg 31","city":"Gouda","operatorName":"EQUANS","maxPowerKw":11,"isMegawatt":false,"status":"AVAILABLE","source":"ndw"}},{"type":"Feature","geometry":{"type":"Point","coordinates":[4.716104,52.019681]},"properties":{"type":"charge","layer":"passenger","locationId":"89262096","name":"EQUANS SGZH 1.0 89262096","address":"Juliana van Stolbergstraat 30","city":"Gouda","operatorName":"EQUANS","maxPowerKw":11,"isMegawatt":false,"status":"AVAILABLE","source":"ndw"}},{"type":"Feature","geometry":{"type":"Point","coordinates":[4.710096,52.030203]},"properties":{"type":"charge","layer":"passenger","locationId":"89370334","name":"EQUANS SGZH 2.0 89370334","address":"Loevestein 2","city":"Gouda","operatorName":"EQUANS","maxPowerKw":11,"isMegawatt":false,"status":"AVAILABLE","source":"ndw"}},{"type":"Feature","geometry":{"type":"Point","coordinates":[4.710463,52.011521]},"properties":{"type":"charge","layer":"passenger","locationId":"90189322","name":"EQUANS SGZH 2.0 de Baan 26","address":"de Baan 26","city":"Gouda","operatorName":"EQUANS","maxPowerKw":11,"isMegawatt":false,"status":"AVAILABLE","source":"ndw"}},{"type":"Feature","geometry":{"type":"Point","coordinates":[4.708082,52.01888]},"properties":{"type":"charge","layer":"passenger","locationId":"89262079","name":"EQUANS SGZH 1.0 89262079","address":"Ronsseweg 220","city":"Gouda","operatorName":"EQUANS","maxPowerKw":11,"isMegawatt":false,"status":"AVAILABLE","source":"ndw"}},{"type":"Feature","geometry":{"type":"Point","coordinates":[4.673066,52.005286]},"properties":{"type":"charge","layer":"passenger","locationId":"90822422","name":"EQUANS SGZH 2.0 Hillebrand Herenbraslaan 2 (hoek Andries 't Boertg","address":"Hillebrand Herenbraslaan 2 (hoek Andries 't B","city":"Gouda","operatorName":"EQUANS","maxPowerKw":11,"isMegawatt":false,"status":"CHARGING","source":"ndw"}},{"type":"Feature","geometry":{"type":"Point","coordinates":[4.706597,52.009118]},"properties":{"type":"charge","layer":"passenger","locationId":"91009202","name":"EQUANS SGZH 2.0 Raam 92","address":"Raam 92","city":"Gouda","operatorName":"EQUANS","maxPowerKw":17,"isMegawatt":false,"status":"AVAILABLE","source":"ndw"}},{"type":"Feature","geometry":{"type":"Point","coordinates":[4.737872,52.012162]},"properties":{"type":"charge","layer":"passenger","locationId":"89262133","name":"EQUANS SGZH 1.0 89262133","address":"Marathonlaan 157","city":"Gouda","operatorName":"EQUANS","maxPowerKw":11,"isMegawatt":false,"status":"CHARGING","source":"ndw"}},{"type":"Feature","geometry":{"type":"Point","coordinates":[4.720369,52.012365]},"properties":{"type":"charge","layer":"passenger","locationId":"90244086","name":"EQUANS SGZH 2.0 Zoutmanstraat 31","address":"Zoutmanstraat 31","city":"Gouda","operatorName":"EQUANS","maxPowerKw":11,"isMegawatt":false,"status":"AVAILABLE","source":"ndw"}},{"type":"Feature","geometry":{"type":"Point","coordinates":[4.680449,52.002956]},"properties":{"type":"charge","layer":"passenger","locationId":"91041924","name":"EQUANS SGZH 1.0 Burgemeester van Dijkesingel 61","address":"Burgemeester van Dijkesingel 61","city":"Gouda","operatorName":"EQUANS","maxPowerKw":11,"isMegawatt":false,"status":"AVAILABLE","source":"ndw"}},{"type":"Feature","geometry":{"type":"Point","coordinates":[4.723511,52.020117]},"properties":{"type":"charge","layer":"passenger","locationId":"89262097","name":"EQUANS SGZH 1.0 89262097","address":"Dijkgraafslag 27","city":"Gouda","operatorName":"EQUANS","maxPowerKw":11,"isMegawatt":false,"status":"CHARGING","source":"ndw"}},{"type":"Feature","geometry":{"type":"Point","coordinates":[4.683382,52.00428]},"properties":{"type":"charge","layer":"passenger","locationId":"89262147","name":"EQUANS SGZH 1.0 89262147","address":"Orangerie 1","city":"Gouda","operatorName":"EQUANS","maxPowerKw":11,"isMegawatt":false,"status":"CHARGING","source":"ndw"}},{"type":"Feature","geometry":{"type":"Point","coordinates":[4.689458,52.021094]},"properties":{"type":"charge","layer":"passenger","locationId":"91101897","name":"EQUANS Jamani Group","address":"Gentseweg 5","city":"Gouda","operatorName":"EQUANS","maxPowerKw":11,"isMegawatt":false,"status":"AVAILABLE","source":"ndw"}},{"type":"Feature","geometry":{"type":"Point","coordinates":[4.699576,52.000215]},"properties":{"type":"charge","layer":"passenger","locationId":"89176133","name":"EQUANS SGZH 2.0 89176133","address":"Margrietplein 33","city":"Gouda","operatorName":"EQUANS","maxPowerKw":17,"isMegawatt":false,"status":"AVAILABLE","source":"ndw"}},{"type":"Feature","geometry":{"type":"Point","coordinates":[4.704151,52.024]},"properties":{"type":"charge","layer":"passenger","locationId":"90351455","name":"EQUANS SGZH 1.0 Eerste Abel Tasmanhof 1","address":"Eerste Abel Tasmanhof 1","city":"Gouda","operatorName":"EQUANS","maxPowerKw":17,"isMegawatt":false,"status":"AVAILABLE","source":"ndw"}},{"type":"Feature","geometry":{"type":"Point","coordinates":[4.701241,52.006553]},"properties":{"type":"charge","layer":"passenger","locationId":"89262055","name":"EQUANS SGZH 1.0 89262055","address":"Walvisstraat 6","city":"Gouda","operatorName":"EQUANS","maxPowerKw":11,"isMegawatt":false,"status":"CHARGING","source":"ndw"}},{"type":"Feature","geometry":{"type":"Point","coordinates":[4.716697,52.015153]},"properties":{"type":"charge","layer":"passenger","locationId":"89052515","name":"EQUANS SGZH 1.0 89052515","address":"Eerste Hieronymus van Alphenstraat 98","city":"Gouda","operatorName":"EQUANS","maxPowerKw":11,"isMegawatt":false,"status":"AVAILABLE","source":"ndw"}},{"type":"Feature","geometry":{"type":"Point","coordinates":[4.746529,52.014205]},"properties":{"type":"charge","layer":"passenger","locationId":"90830554","name":"EQUANS SGZH 2.0 Chopinstraat 21","address":"Chopinstraat 21","city":"Gouda","operatorName":"EQUANS","maxPowerKw":11,"isMegawatt":false,"status":"AVAILABLE","source":"ndw"}},{"type":"Feature","geometry":{"type":"Point","coordinates":[4.706789,52.028801]},"properties":{"type":"charge","layer":"passenger","locationId":"89249987","name":"EQUANS SGZH 2.0 89249987","address":"Cronestein 57","city":"Gouda","operatorName":"EQUANS","maxPowerKw":17,"isMegawatt":false,"status":"AVAILABLE","source":"ndw"}},{"type":"Feature","geometry":{"type":"Point","coordinates":[4.69824,51.998874]},"properties":{"type":"charge","layer":"passenger","locationId":"90260090","name":"EQUANS SGZH 2.0 Ranonkelplantsoen 14","address":"Ranonkelplantsoen 14","city":"Gouda","operatorName":"EQUANS","maxPowerKw":11,"isMegawatt":false,"status":"AVAILABLE","source":"ndw"}},{"type":"Feature","geometry":{"type":"Point","coordinates":[4.698304,52.022437]},"properties":{"type":"charge","layer":"passenger","locationId":"90386342","name":"EQUANS SGZH 2.0 Willem Barentszlaan 3","address":"Willem Barentszlaan 3","city":"Gouda","operatorName":"EQUANS","maxPowerKw":11,"isMegawatt":false,"status":"CHARGING","source":"ndw"}},{"type":"Feature","geometry":{"type":"Point","coordinates":[4.722143,52.016922]},"properties":{"type":"charge","layer":"passenger","locationId":"89262102","name":"EQUANS SGZH 1.0 89262102","address":"Steijnpad 8","city":"Gouda","operatorName":"EQUANS","maxPowerKw":11,"isMegawatt":false,"status":"AVAILABLE","source":"ndw"}},{"type":"Feature","geometry":{"type":"Point","coordinates":[4.709514,52.03268]},"properties":{"type":"charge","layer":"passenger","locationId":"89150562","name":"EQUANS SGZH 1.0 89150562","address":"Kruidenburg 1","city":"Gouda","operatorName":"EQUANS","maxPowerKw":17,"isMegawatt":false,"status":"AVAILABLE","source":"ndw"}},{"type":"Feature","geometry":{"type":"Point","coordinates":[4.692443,52.024486]},"properties":{"type":"charge","layer":"passenger","locationId":"89258303","name":"EQUANS SGZH 2.0 89258303","address":"Bosranklaan 39","city":"Gouda","operatorName":"EQUANS","maxPowerKw":11,"isMegawatt":false,"status":"CHARGING","source":"ndw"}},{"type":"Feature","geometry":{"type":"Point","coordinates":[4.706067,52.016728]},"properties":{"type":"charge","layer":"passenger","locationId":"91009209","name":"EQUANS SGZH 2.0 Stationsplein 5","address":"Stationsplein 5","city":"Gouda","operatorName":"EQUANS","maxPowerKw":11,"isMegawatt":false,"status":"AVAILABLE","source":"ndw"}},{"type":"Feature","geometry":{"type":"Point","coordinates":[4.695424,52.02237]},"properties":{"type":"charge","layer":"passenger","locationId":"89889491","name":"EQUANS SGZH 2.0 89889491","address":"Magalhaeslaan 18","city":"Gouda","operatorName":"EQUANS","maxPowerKw":11,"isMegawatt":false,"status":"AVAILABLE","source":"ndw"}},{"type":"Feature","geometry":{"type":"Point","coordinates":[4.687719,52.02905]},"properties":{"type":"charge","layer":"passenger","locationId":"89262072","name":"EQUANS SGZH 1.0 89262072","address":"Prunuslaan 47","city":"Gouda","operatorName":"EQUANS","maxPowerKw":11,"isMegawatt":false,"status":"CHARGING","source":"ndw"}},{"type":"Feature","geometry":{"type":"Point","coordinates":[4.710073,52.036067]},"properties":{"type":"charge","layer":"passenger","locationId":"89262086","name":"EQUANS SGZH 1.0 89262086","address":"Landluststraat 14","city":"Gouda","operatorName":"EQUANS","maxPowerKw":11,"isMegawatt":false,"status":"CHARGING","source":"ndw"}},{"type":"Feature","geometry":{"type":"Point","coordinates":[4.74753,52.006346]},"properties":{"type":"charge","layer":"passenger","locationId":"89249988","name":"EQUANS SGZH 2.0 89249988","address":"Beinsdorppolderweg 21","city":"Gouda","operatorName":"EQUANS","maxPowerKw":17,"isMegawatt":false,"status":"AVAILABLE","source":"ndw"}},{"type":"Feature","geometry":{"type":"Point","coordinates":[4.675474,52.005523]},"properties":{"type":"charge","layer":"passenger","locationId":"89273862","name":"EQUANS SGZH 2.0 89273862","address":"Griendakker 1","city":"Gouda","operatorName":"EQUANS","maxPowerKw":11,"isMegawatt":false,"status":"AVAILABLE","source":"ndw"}},{"type":"Feature","geometry":{"type":"Point","coordinates":[4.703439,52.00591]},"properties":{"type":"charge","layer":"passenger","locationId":"90281907","name":"EQUANS SGZH 2.0 Jan Philipsweg 48","address":"Jan Philipsweg 48","city":"Gouda","operatorName":"EQUANS","maxPowerKw":11,"isMegawatt":false,"status":"AVAILABLE","source":"ndw"}},{"type":"Feature","geometry":{"type":"Point","coordinates":[4.705715,52.036299]},"properties":{"type":"charge","layer":"passenger","locationId":"90386350","name":"EQUANS SGZH 2.0 Negenhoeven 2","address":"Negenhoeven 2","city":"Gouda","operatorName":"EQUANS","maxPowerKw":11,"isMegawatt":false,"status":"AVAILABLE","source":"ndw"}},{"type":"Feature","geometry":{"type":"Point","coordinates":[4.707307,52.023351]},"properties":{"type":"charge","layer":"passenger","locationId":"89262070","name":"EQUANS SGZH 1.0 89262070","address":"Ridder van Catsweg 95","city":"Gouda","operatorName":"EQUANS","maxPowerKw":11,"isMegawatt":false,"status":"CHARGING","source":"ndw"}},{"type":"Feature","geometry":{"type":"Point","coordinates":[4.677791,52.003629]},"properties":{"type":"charge","layer":"passenger","locationId":"89228371","name":"EQUANS SGZH 2.0 89228371","address":"Moestuin 6","city":"Gouda","operatorName":"EQUANS","maxPowerKw":11,"isMegawatt":false,"status":"AVAILABLE","source":"ndw"}},{"type":"Feature","geometry":{"type":"Point","coordinates":[4.746901,52.01301]},"properties":{"type":"charge","layer":"passenger","locationId":"89273875","name":"EQUANS SGZH 2.0 89273875","address":"Mozartstraat 2","city":"Gouda","operatorName":"EQUANS","maxPowerKw":11,"isMegawatt":false,"status":"AVAILABLE","source":"ndw"}},{"type":"Feature","geometry":{"type":"Point","coordinates":[4.687505,52.00267]},"properties":{"type":"charge","layer":"passenger","locationId":"89641448","name":"EQUANS SGZH 2.0 89641448","address":"Texellaan 59","city":"Gouda","operatorName":"EQUANS","maxPowerKw":11,"isMegawatt":false,"status":"AVAILABLE","source":"ndw"}},{"type":"Feature","geometry":{"type":"Point","coordinates":[4.708065,52.014147]},"properties":{"type":"charge","layer":"passenger","locationId":"90891566","name":"EQUANS SGZH 2.0 Herpstraat 3","address":"Herpstraat 3","city":"Gouda","operatorName":"EQUANS","maxPowerKw":11,"isMegawatt":false,"status":"AVAILABLE","source":"ndw"}},{"type":"Feature","geometry":{"type":"Point","coordinates":[4.69771,52.010893]},"properties":{"type":"charge","layer":"passenger","locationId":"89160225","name":"EQUANS SGZH 2.0 89160225","address":"Onder de Boompjes 62","city":"Gouda","operatorName":"EQUANS","maxPowerKw":17,"isMegawatt":false,"status":"AVAILABLE","source":"ndw"}},{"type":"Feature","geometry":{"type":"Point","coordinates":[4.709409,52.020925]},"properties":{"type":"charge","layer":"passenger","locationId":"89262095","name":"EQUANS SGZH 1.0 89262095","address":"Van Limburg Stirumstraat 17","city":"Gouda","operatorName":"EQUANS","maxPowerKw":11,"isMegawatt":false,"status":"AVAILABLE","source":"ndw"}},{"type":"Feature","geometry":{"type":"Point","coordinates":[4.722742,52.003807]},"properties":{"type":"charge","layer":"passenger","locationId":"89262144","name":"EQUANS SGZH 1.0 89262144","address":"Goudseweg 77","city":"Gouda","operatorName":"EQUANS","maxPowerKw":11,"isMegawatt":false,"status":"CHARGING","source":"ndw"}},{"type":"Feature","geometry":{"type":"Point","coordinates":[4.71659,52.011833]},"properties":{"type":"charge","layer":"passenger","locationId":"89262129","name":"EQUANS SGZH 1.0 89262129","address":"Kolfwetering 121","city":"Gouda","operatorName":"EQUANS","maxPowerKw":11,"isMegawatt":false,"status":"AVAILABLE","source":"ndw"}},{"type":"Feature","geometry":{"type":"Point","coordinates":[4.71685,52.028154]},"properties":{"type":"charge","layer":"passenger","locationId":"89150558","name":"EQUANS SGZH 1.0 89150558","address":"Kongsbergstraat 2","city":"Gouda","operatorName":"EQUANS","maxPowerKw":17,"isMegawatt":false,"status":"AVAILABLE","source":"ndw"}},{"type":"Feature","geometry":{"type":"Point","coordinates":[4.715879,52.013361]},"properties":{"type":"charge","layer":"passenger","locationId":"90281924","name":"EQUANS SGZH 2.0 Karnemelksloot 31","address":"Karnemelksloot 31","city":"Gouda","operatorName":"EQUANS","maxPowerKw":11,"isMegawatt":false,"status":"AVAILABLE","source":"ndw"}},{"type":"Feature","geometry":{"type":"Point","coordinates":[4.69368,52.010591]},"properties":{"type":"charge","layer":"passenger","locationId":"89262048","name":"EQUANS SGZH 1.0 89262048","address":"Koekoekplein 13","city":"Gouda","operatorName":"EQUANS","maxPowerKw":11,"isMegawatt":false,"status":"AVAILABLE","source":"ndw"}},{"type":"Feature","geometry":{"type":"Point","coordinates":[4.705098,52.013817]},"properties":{"type":"charge","layer":"passenger","locationId":"89262046","name":"EQUANS SGZH 1.0 89262046","address":"Van Swietenstraat 1","city":"Gouda","operatorName":"EQUANS","maxPowerKw":11,"isMegawatt":false,"status":"AVAILABLE","source":"ndw"}},{"type":"Feature","geometry":{"type":"Point","coordinates":[4.703131,52.020405]},"properties":{"type":"charge","layer":"passenger","locationId":"89262065","name":"EQUANS SGZH 1.0 89262065","address":"Bleulandweg 12","city":"Gouda","operatorName":"EQUANS","maxPowerKw":11,"isMegawatt":false,"status":"CHARGING","source":"ndw"}},{"type":"Feature","geometry":{"type":"Point","coordinates":[4.721473,52.004444]},"properties":{"type":"charge","layer":"passenger","locationId":"90360703","name":"EQUANS SGZH 2.0 Goudseweg 37","address":"Goudseweg 37","city":"Gouda","operatorName":"EQUANS","maxPowerKw":11,"isMegawatt":false,"status":"AVAILABLE","source":"ndw"}},{"type":"Feature","geometry":{"type":"Point","coordinates":[4.696022,52.025]},"properties":{"type":"charge","layer":"passenger","locationId":"90357639","name":"EQUANS SGZH 2.0 Vuurdoornlaan 2","address":"Vuurdoornlaan 2","city":"Gouda","operatorName":"EQUANS","maxPowerKw":11,"isMegawatt":false,"status":"AVAILABLE","source":"ndw"}},{"type":"Feature","geometry":{"type":"Point","coordinates":[4.716911,52.013976]},"properties":{"type":"charge","layer":"passenger","locationId":"90384935","name":"EQUANS SGZH 2.0 Tweede kade 8","address":"Tweede kade 8","city":"Gouda","operatorName":"EQUANS","maxPowerKw":11,"isMegawatt":false,"status":"CHARGING","source":"ndw"}},{"type":"Feature","geometry":{"type":"Point","coordinates":[4.742995,52.013378]},"properties":{"type":"charge","layer":"passenger","locationId":"6a1ff13693438dfa5ebd36db","name":"Fempowerment Gouda","address":"Ouverturelaan 2","city":"Gouda","operatorName":"E-Flux by Road","maxPowerKw":14,"isMegawatt":false,"status":"AVAILABLE","source":"ndw","priceKwh":0.73}},{"type":"Feature","geometry":{"type":"Point","coordinates":[4.699427,52.032457]},"properties":{"type":"charge","layer":"passenger","locationId":"90111899","name":"EQUANS SGZH 2.0 Veenzoom 85","address":"Veenzoom 85","city":"Gouda","operatorName":"EQUANS","maxPowerKw":11,"isMegawatt":false,"status":"AVAILABLE","source":"ndw"}},{"type":"Feature","geometry":{"type":"Point","coordinates":[4.692438,52.011522]},"properties":{"type":"charge","layer":"passenger","locationId":"6321942ee01d6d2a56f5b26e","name":"OrangeGas Gouda","address":"Industriestraat 1","city":"Gouda","operatorName":"Alva Charging Services","maxPowerKw":50,"isMegawatt":false,"status":"AVAILABLE","source":"ndw","priceKwh":0.668}},{"type":"Feature","geometry":{"type":"Point","coordinates":[4.72024,52.0099]},"properties":{"type":"charge","layer":"passenger","locationId":"90892554","name":"EQUANS SGZH 2.0 de la Reylaan 2","address":"de la Reylaan 2","city":"Gouda","operatorName":"EQUANS","maxPowerKw":11,"isMegawatt":false,"status":"AVAILABLE","source":"ndw"}},{"type":"Feature","geometry":{"type":"Point","coordinates":[4.682984,52.018815]},"properties":{"type":"charge","layer":"passenger","locationId":"490b59df-2dd6-4568-8555-1b33dd7e8d17","name":"Nieuwe Gouwe O.Z","address":"Nieuwe Gouwe O.Z 19","city":"Gouda","operatorName":"Vattenfall InCharge","maxPowerKw":50,"isMegawatt":false,"status":"AVAILABLE","source":"ndw"}},{"type":"Feature","geometry":{"type":"Point","coordinates":[4.683894,52.023538]},"properties":{"type":"charge","layer":"freight","locationId":"5372","name":"Shell Recharge NL0575 - Shell Goudsepoort","address":"Goudesepoort OZ 2","city":"Gouda","operatorName":"Shell Recharge","maxPowerKw":400,"isMegawatt":false,"status":"AVAILABLE","source":"ndw","priceKwh":0.7025,"freightKind":"hpc","freightReason":"power"}},{"type":"Feature","geometry":{"type":"MultiPolygon","coordinates":[[[[4.719933736761537,52.02846939180217],[4.7198520958017625,52.02648475315873],[4.721180301958419,52.0264731708491],[4.721210905780703,52.026108154648725],[4.721511489117194,52.02603285973751],[4.722213203815717,52.02628980280358],[4.722302150175776,52.026016808143666],[4.725267839400206,52.02576850280206],[4.726342618276171,52.025926504436036],[4.72741975458245,52.02598863210868],[4.727607347611854,52.02531510443658],[4.729963759131127,52.02562869903783],[4.7301548188790825,52.0248839716555],[4.734400032089602,52.02502065646349],[4.73461860490111,52.02427942704861],[4.736296407623993,52.024218334209166],[4.736782676679049,52.02274871985461],[4.7436975575703135,52.02260855964062],[4.746016780701568,52.01697684597028],[4.749148649666596,52.016176899850635],[4.749629654542505,52.015283189080876],[4.750049028145752,52.01450396985684],[4.750352400977463,52.01394026631079],[4.750991459097498,52.01389922803527],[4.752763189774819,52.010536957848885],[4.756961100310982,52.00294871047109],[4.757247584741764,52.0029265139998],[4.757327396434524,52.00143880594852],[4.752262087719218,52.002348554648215],[4.745970166287482,52.002795978485075],[4.74391778294525,52.003448442872795],[4.742056376152136,52.00458679235198],[4.739321535340775,52.00625249825335],[4.737733325505001,52.00684184031064],[4.737291745738711,52.00593552443977],[4.730773946665746,52.00735136280575],[4.728327530638071,52.00734412955961],[4.722792359589384,52.00548247528158],[4.724200717071416,52.003385136089655],[4.725279439408431,52.00257558317501],[4.727569580313897,52.001583264834174],[4.726736258187962,52.00127641613931],[4.72670210389743,52.00126383753283],[4.718860972052383,51.99836993768103],[4.714411191229787,52.00040322229561],[4.712909230275557,51.999141725229876],[4.707216650436906,52.00176267515173],[4.701070985304946,51.99756100383057],[4.696829180412323,51.99694430647914],[4.690641115015737,51.996672346043106],[4.688683952636637,51.99625842027634],[4.684020681880235,51.99795806390894],[4.681761145990068,51.99710760231005],[4.681162157918537,51.996877060244124],[4.680228849943621,51.99654195638819],[4.674727142487972,51.99987195376818],[4.670716298484648,52.0023265173977],[4.669523514195975,52.00246529845416],[4.662809574273732,52.00324622553581],[4.659453881134015,52.00528810125545],[4.665658333044202,52.00918814515806],[4.667031397029467,52.010005925308704],[4.670096211353591,52.010550313682124],[4.670728276484175,52.011126855320875],[4.666605898923398,52.012971078636006],[4.675574254205245,52.01767537033066],[4.681822536479056,52.01930797981383],[4.679671096600108,52.02115774112952],[4.673647298022306,52.02259979348312],[4.670380020875488,52.022835661418604],[4.667769688732999,52.02451916394179],[4.667278385433537,52.02507879419132],[4.679081079406954,52.028191493037575],[4.680540828660156,52.02798175701593],[4.68584721965396,52.030264356152315],[4.691896128007949,52.032985259159204],[4.694970043678527,52.03441965705453],[4.699701344286049,52.03691479021142],[4.701737387292849,52.03785651616576],[4.706038988986196,52.04012021077849],[4.709229328024716,52.039550065175945],[4.712392954617089,52.03896359097085],[4.716260561950166,52.03822320966847],[4.717581212996317,52.03530726060131],[4.719871059810841,52.03520134424374],[4.7199032186994705,52.03027358792327],[4.719933736761537,52.02846939180217]]]]},"properties":{"type":"boundary","gemeente":"Gouda","code":"GM0513"}}]}