{"type":"FeatureCollection","metadata":{"gemeente":"Haarlem","slug":"haarlem","code":"GM0392","generated_at":"2026-07-06T16:26:11.361Z","total_passenger":462,"total_freight":1,"bounds":[4.599551411940689,52.33890623989739,4.686920474472339,52.428569635849755],"operators":["ChargePoint","E-Flux by Road","Eneco","Fastned","Fleet Charge Services","Laadnet","Opcharge","Spirii","Tesla","TotalEnergies","Ubitricity","Vattenfall InCharge"]},"features":[{"type":"Feature","geometry":{"type":"Point","coordinates":[4.64473,52.38868]},"properties":{"type":"charge","layer":"passenger","locationId":"381","name":"Shell Recharge NL Kloppersingel 125","address":"Kloppersingel 125","city":"Haarlem","operatorName":"Ubitricity","maxPowerKw":11,"isMegawatt":false,"status":"AVAILABLE","source":"ndw","priceKwh":0.388}},{"type":"Feature","geometry":{"type":"Point","coordinates":[4.62716,52.37839]},"properties":{"type":"charge","layer":"passenger","locationId":"58a95c43-60ec-45b8-9bb3-c49014d34e34","name":"PP002215 - Alexanderstraat 10, Haarlem","address":"10 Alexanderstraat","city":"Haarlem","operatorName":"TotalEnergies","maxPowerKw":11,"isMegawatt":false,"status":"CHARGING","source":"ndw"}},{"type":"Feature","geometry":{"type":"Point","coordinates":[4.647628,52.393185]},"properties":{"type":"charge","layer":"passenger","locationId":"685a67dd-bad7-4489-bb86-c4ce1f7fe772","name":"TNLP015064 - Gedempte Schalk Burgergracht 42b, Haarlem","address":"42b Gedempte Schalk Burgergracht","city":"Haarlem","operatorName":"TotalEnergies","maxPowerKw":13,"isMegawatt":false,"status":"CHARGING","source":"ndw"}},{"type":"Feature","geometry":{"type":"Point","coordinates":[4.621266,52.368844]},"properties":{"type":"charge","layer":"passenger","locationId":"f2dcbbf2-c597-462a-b4c1-8b05cd2a150b","name":"TNLP006190","address":"Wagenweg 188","city":"Haarlem","operatorName":"TotalEnergies","maxPowerKw":14,"isMegawatt":false,"status":"CHARGING","source":"ndw"}},{"type":"Feature","geometry":{"type":"Point","coordinates":[4.625579,52.396004]},"properties":{"type":"charge","layer":"passenger","locationId":"651b2a4f-f229-4984-ad72-3d88ff5cd4b0","name":"TNLP006580 - Badmintonpad 1, Haarlem","address":"1 Badmintonpad","city":"Haarlem","operatorName":"TotalEnergies","maxPowerKw":15,"isMegawatt":false,"status":"AVAILABLE","source":"ndw"}},{"type":"Feature","geometry":{"type":"Point","coordinates":[4.6408,52.38977]},"properties":{"type":"charge","layer":"passenger","locationId":"74adada3-8e5a-4f21-9d1c-999c81ea0698","name":"TNLP008293 - Kloppersingel 1, Haarlem","address":"1 Kloppersingel","city":"Haarlem","operatorName":"TotalEnergies","maxPowerKw":13,"isMegawatt":false,"status":"AVAILABLE","source":"ndw"}},{"type":"Feature","geometry":{"type":"Point","coordinates":[4.655833,52.36372]},"properties":{"type":"charge","layer":"passenger","locationId":"532271c1-ca0a-4f9a-84e0-813194c876da","name":"TNLP008767 - Edward Jennerstraat 5a, Haarlem","address":"5a Edward Jennerstraat","city":"Haarlem","operatorName":"TotalEnergies","maxPowerKw":13,"isMegawatt":false,"status":"AVAILABLE","source":"ndw"}},{"type":"Feature","geometry":{"type":"Point","coordinates":[4.67322,52.38081]},"properties":{"type":"charge","layer":"passenger","locationId":"fea28eba-de0d-4202-b7ff-4c4fea83f5b2","name":"PP004292 - Diakenhuisweg 274, Haarlem","address":"274 Diakenhuisweg","city":"Haarlem","operatorName":"TotalEnergies","maxPowerKw":13,"isMegawatt":false,"status":"CHARGING","source":"ndw"}},{"type":"Feature","geometry":{"type":"Point","coordinates":[4.65038,52.42595]},"properties":{"type":"charge","layer":"passenger","locationId":"93df1ce5-6f5a-4e58-9a46-d38aa38c0d7a","name":"TNLP008093 - van der Aartweg 31, Haarlem","address":"31 van der Aartweg","city":"Haarlem","operatorName":"TotalEnergies","maxPowerKw":15,"isMegawatt":false,"status":"AVAILABLE","source":"ndw"}},{"type":"Feature","geometry":{"type":"Point","coordinates":[4.61724,52.36267]},"properties":{"type":"charge","layer":"passenger","locationId":"400ab020-7056-4da2-91cf-5821f6549be8","name":"Laadplein - PP004319 - Claus Sluterweg 253, Haarlem","address":"253 Claus Sluterweg","city":"Haarlem","operatorName":"TotalEnergies","maxPowerKw":15,"isMegawatt":false,"status":"AVAILABLE","source":"ndw"}},{"type":"Feature","geometry":{"type":"Point","coordinates":[4.64631,52.36208]},"properties":{"type":"charge","layer":"passenger","locationId":"9fe92d37-20b0-4bb3-8481-3f9b12a4ceef","name":"PP004203 - Monacopad 82, Haarlem","address":"82 Monacopad","city":"Haarlem","operatorName":"TotalEnergies","maxPowerKw":15,"isMegawatt":false,"status":"AVAILABLE","source":"ndw"}},{"type":"Feature","geometry":{"type":"Point","coordinates":[4.633593,52.40136]},"properties":{"type":"charge","layer":"passenger","locationId":"bdee5c6f-76be-4702-87f3-e51f98277311","name":"TNLP008753 - Plataanstraat 35, Haarlem","address":"35 Plataanstraat","city":"Haarlem","operatorName":"TotalEnergies","maxPowerKw":13,"isMegawatt":false,"status":"CHARGING","source":"ndw"}},{"type":"Feature","geometry":{"type":"Point","coordinates":[4.63779,52.39054]},"properties":{"type":"charge","layer":"passenger","locationId":"393A854F-7427-40BC-A13F-1B26312369BF","name":"PP002268","address":"Schotersingel 2","city":"Haarlem","operatorName":"TotalEnergies","maxPowerKw":17,"isMegawatt":false,"status":"CHARGING","source":"ndw"}},{"type":"Feature","geometry":{"type":"Point","coordinates":[4.661728,52.385164]},"properties":{"type":"charge","layer":"passenger","locationId":"31413","name":"Fastned Fustweg","address":"Fustweg","city":"Haarlem","operatorName":"Fastned","maxPowerKw":300,"isMegawatt":false,"status":"AVAILABLE","source":"ndw","priceKwh":0.6364}},{"type":"Feature","geometry":{"type":"Point","coordinates":[4.625412,52.39235]},"properties":{"type":"charge","layer":"passenger","locationId":"286a4c03-62f0-400e-9696-4f46d4d083a7","name":"PP001659 - Tetterodestraat 132, Haarlem","address":"132 Tetterodestraat","city":"Haarlem","operatorName":"TotalEnergies","maxPowerKw":13,"isMegawatt":false,"status":"AVAILABLE","source":"ndw"}},{"type":"Feature","geometry":{"type":"Point","coordinates":[4.627591,52.362877]},"properties":{"type":"charge","layer":"passenger","locationId":"209b701a-1b86-4f53-a1a9-9bf2a29225b5","name":"TNLP015075 - Churchilllaan 3, Haarlem","address":"3 Churchilllaan","city":"Haarlem","operatorName":"TotalEnergies","maxPowerKw":13,"isMegawatt":false,"status":"CHARGING","source":"ndw"}},{"type":"Feature","geometry":{"type":"Point","coordinates":[4.666962,52.386353]},"properties":{"type":"charge","layer":"passenger","locationId":"3966747","name":"Laadnet DNP Imagingcomm Europe","address":"Oudeweg 42","city":"Haarlem","operatorName":"Laadnet","maxPowerKw":22,"isMegawatt":false,"status":"AVAILABLE","source":"ndw"}},{"type":"Feature","geometry":{"type":"Point","coordinates":[4.619167,52.371017]},"properties":{"type":"charge","layer":"passenger","locationId":"d2247a48-da9d-4c46-898a-28952f4b0f94","name":"TNLP005719","address":"Schouwtjesplein 3","city":"Haarlem","operatorName":"TotalEnergies","maxPowerKw":14,"isMegawatt":false,"status":"CHARGING","source":"ndw"}},{"type":"Feature","geometry":{"type":"Point","coordinates":[4.62917,52.3797]},"properties":{"type":"charge","layer":"passenger","locationId":"258","name":"Shell Recharge NL Gedempte Voldersgracht 22","address":"Gedempte Voldersgracht 22","city":"Haarlem","operatorName":"Ubitricity","maxPowerKw":11,"isMegawatt":false,"status":"CHARGING","source":"ndw","priceKwh":0.388}},{"type":"Feature","geometry":{"type":"Point","coordinates":[4.609215,52.38191]},"properties":{"type":"charge","layer":"passenger","locationId":"46361d67-68b2-4add-bccc-f603807f07ab","name":"TNLP006734 - Pieter Wantelaan 2, Haarlem","address":"2 Pieter Wantelaan","city":"Haarlem","operatorName":"TotalEnergies","maxPowerKw":13,"isMegawatt":false,"status":"AVAILABLE","source":"ndw"}},{"type":"Feature","geometry":{"type":"Point","coordinates":[4.63415,52.37529]},"properties":{"type":"charge","layer":"passenger","locationId":"92aeb489-3005-4523-b64f-692b25a11f1f","name":"PP004042","address":"Zadelmakerslaan 130","city":"Haarlem","operatorName":"TotalEnergies","maxPowerKw":14,"isMegawatt":false,"status":"AVAILABLE","source":"ndw"}},{"type":"Feature","geometry":{"type":"Point","coordinates":[4.640602,52.385593]},"properties":{"type":"charge","layer":"passenger","locationId":"23f4b02f-b46f-4014-ba77-1c14a16a8f8e","name":"TNLP006763 - Parklaan 79, Haarlem","address":"79 Parklaan","city":"Haarlem","operatorName":"TotalEnergies","maxPowerKw":13,"isMegawatt":false,"status":"AVAILABLE","source":"ndw"}},{"type":"Feature","geometry":{"type":"Point","coordinates":[4.65496,52.34896]},"properties":{"type":"charge","layer":"passenger","locationId":"0591d8df-8116-4ed3-ac99-b56f1bbe142e","name":"PP005070 - Henckenshagen 24, Haarlem","address":"24 Henckenshagen","city":"Haarlem","operatorName":"TotalEnergies","maxPowerKw":13,"isMegawatt":false,"status":"AVAILABLE","source":"ndw"}},{"type":"Feature","geometry":{"type":"Point","coordinates":[4.62804,52.36998]},"properties":{"type":"charge","layer":"passenger","locationId":"a52b3c11-5b34-434d-bae9-dcd79a56475c","name":"PP005082 - Meester Lottelaan 301, Haarlem","address":"301 Meester Lottelaan","city":"Haarlem","operatorName":"TotalEnergies","maxPowerKw":15,"isMegawatt":false,"status":"AVAILABLE","source":"ndw"}},{"type":"Feature","geometry":{"type":"Point","coordinates":[4.6324,52.40017]},"properties":{"type":"charge","layer":"passenger","locationId":"34999c08-6414-46af-a6b5-01c763ba7313","name":"PP001053 - Stuyvesantplein 1, Haarlem","address":"1 Stuyvesantplein","city":"Haarlem","operatorName":"TotalEnergies","maxPowerKw":11,"isMegawatt":false,"status":"CHARGING","source":"ndw"}},{"type":"Feature","geometry":{"type":"Point","coordinates":[4.637614,52.402264]},"properties":{"type":"charge","layer":"passenger","locationId":"9b09c0c5-7265-45a1-accc-177cdf2fa7c7","name":"TNLP008092 - Marnixplein 9, Haarlem","address":"9 Marnixplein","city":"Haarlem","operatorName":"TotalEnergies","maxPowerKw":13,"isMegawatt":false,"status":"CHARGING","source":"ndw"}},{"type":"Feature","geometry":{"type":"Point","coordinates":[4.62803,52.3821]},"properties":{"type":"charge","layer":"passenger","locationId":"0819A3CB-15E8-41ED-BE72-E4BF931CBE67","name":"Eneco eMobility Broekhuis Volkswagen Seat Skoda Audi Haarlem","address":"Leidsevaart 10","city":"Haarlem","operatorName":"Eneco","maxPowerKw":50,"isMegawatt":false,"status":"AVAILABLE","source":"ndw","priceKwh":0.45}},{"type":"Feature","geometry":{"type":"Point","coordinates":[4.63362,52.394141]},"properties":{"type":"charge","layer":"passenger","locationId":"c58332b4-2109-42d6-b345-8be1aa035045","name":"TNLP006148","address":"Gerrit van Heesstraat 19","city":"Haarlem","operatorName":"TotalEnergies","maxPowerKw":14,"isMegawatt":false,"status":"CHARGING","source":"ndw"}},{"type":"Feature","geometry":{"type":"Point","coordinates":[4.6383128,52.37873]},"properties":{"type":"charge","layer":"passenger","locationId":"1042","name":"Shell Recharge NL Spaarne 49","address":"Spaarne 49","city":"Haarlem","operatorName":"Ubitricity","maxPowerKw":22,"isMegawatt":false,"status":"AVAILABLE","source":"ndw","priceKwh":0.266}},{"type":"Feature","geometry":{"type":"Point","coordinates":[4.63873,52.37576]},"properties":{"type":"charge","layer":"passenger","locationId":"f3344352-b64c-4eb8-8436-1f3910d08c9a","name":"PP002116 - Koningsteinstraat 1, Haarlem","address":"1 Koningsteinstraat","city":"Haarlem","operatorName":"TotalEnergies","maxPowerKw":11,"isMegawatt":false,"status":"CHARGING","source":"ndw"}},{"type":"Feature","geometry":{"type":"Point","coordinates":[4.64537,52.371006]},"properties":{"type":"charge","layer":"passenger","locationId":"fbc90b70-7288-4ad1-a033-e7e73a951198","name":"TNLP015255 - Graafschapstraat 82, Haarlem","address":"82 Graafschapstraat","city":"Haarlem","operatorName":"TotalEnergies","maxPowerKw":13,"isMegawatt":false,"status":"AVAILABLE","source":"ndw"}},{"type":"Feature","geometry":{"type":"Point","coordinates":[4.63893,52.40565]},"properties":{"type":"charge","layer":"passenger","locationId":"b788c33c-ef73-41c2-a853-2bc12843cd03","name":"PP002017 - Planetenplein 22, Haarlem","address":"22 Planetenplein","city":"Haarlem","operatorName":"TotalEnergies","maxPowerKw":11,"isMegawatt":false,"status":"AVAILABLE","source":"ndw"}},{"type":"Feature","geometry":{"type":"Point","coordinates":[4.615355,52.377827]},"properties":{"type":"charge","layer":"passenger","locationId":"88fe5976-7193-4069-902a-44794d180cdb","name":"TNLP007248 - Kortenaerstraat 3, Haarlem","address":"3 Kortenaerstraat","city":"Haarlem","operatorName":"TotalEnergies","maxPowerKw":13,"isMegawatt":false,"status":"AVAILABLE","source":"ndw"}},{"type":"Feature","geometry":{"type":"Point","coordinates":[4.61214,52.36581]},"properties":{"type":"charge","layer":"passenger","locationId":"16514bbc-203e-4c3b-bd8c-90be86a3c3dc","name":"PP004127","address":"Munterslaan 4","city":"Haarlem","operatorName":"TotalEnergies","maxPowerKw":14,"isMegawatt":false,"status":"CHARGING","source":"ndw"}},{"type":"Feature","geometry":{"type":"Point","coordinates":[4.65568,52.41447]},"properties":{"type":"charge","layer":"passenger","locationId":"704","name":"Shell Recharge NL Eksterlaan 234","address":"Eksterlaan 234","city":"Haarlem","operatorName":"Ubitricity","maxPowerKw":11,"isMegawatt":false,"status":"CHARGING","source":"ndw","priceKwh":0.388}},{"type":"Feature","geometry":{"type":"Point","coordinates":[4.630249,52.37635]},"properties":{"type":"charge","layer":"passenger","locationId":"d47854ef-82cb-4f2d-a98b-c9c100a839ec","name":"PP004090","address":"Raamvest 55","city":"Haarlem","operatorName":"TotalEnergies","maxPowerKw":14,"isMegawatt":false,"status":"AVAILABLE","source":"ndw"}},{"type":"Feature","geometry":{"type":"Point","coordinates":[4.63925,52.40861]},"properties":{"type":"charge","layer":"passenger","locationId":"20565646-20bb-46c1-a58c-8da9d2668a01","name":"PP004213","address":"Plesmanplein 9","city":"Haarlem","operatorName":"TotalEnergies","maxPowerKw":14,"isMegawatt":false,"status":"CHARGING","source":"ndw"}},{"type":"Feature","geometry":{"type":"Point","coordinates":[4.664818,52.38802]},"properties":{"type":"charge","layer":"passenger","locationId":"be564b0c-e246-4bfa-ad36-7c53679c5d72","name":"TNLP006966 - H.N. Werkmanweg 17, Haarlem","address":"17 H.N. Werkmanweg","city":"Haarlem","operatorName":"TotalEnergies","maxPowerKw":15,"isMegawatt":false,"status":"AVAILABLE","source":"ndw"}},{"type":"Feature","geometry":{"type":"Point","coordinates":[4.663934,52.386229]},"properties":{"type":"charge","layer":"passenger","locationId":"NLCPIL7158945","name":"FOURCE BV HAARLEM 4","address":"145 Oudeweg","city":"Haarlem","operatorName":"ChargePoint","maxPowerKw":22,"isMegawatt":false,"status":"AVAILABLE","source":"ndw","priceKwh":0.5}},{"type":"Feature","geometry":{"type":"Point","coordinates":[4.663214,52.382974]},"properties":{"type":"charge","layer":"passenger","locationId":"E0713BBB-0FEA-4FBF-9C50-625E795E2228","name":"Eneco eMobility Transdev - Haarlem - Jan van Krimpenweg 16","address":"Jan van Krimpenweg 16","city":"Haarlem","operatorName":"Eneco","maxPowerKw":11,"isMegawatt":false,"status":"AVAILABLE","source":"ndw","priceKwh":0.45}},{"type":"Feature","geometry":{"type":"Point","coordinates":[4.648341,52.366722]},"properties":{"type":"charge","layer":"passenger","locationId":"6943d3c1401d63cb6112cb31","name":"Targray station Haarlem","address":"Ierlandstraat  87","city":"Haarlem","operatorName":"E-Flux by Road","maxPowerKw":22,"isMegawatt":false,"status":"AVAILABLE","source":"ndw","priceKwh":0.49}},{"type":"Feature","geometry":{"type":"Point","coordinates":[4.640458,52.403736]},"properties":{"type":"charge","layer":"passenger","locationId":"d7a27c78-61c7-4396-b2ad-9c088af91dc8","name":"PP002169 - Orionweg 90, Haarlem","address":"90 Orionweg","city":"Haarlem","operatorName":"TotalEnergies","maxPowerKw":11,"isMegawatt":false,"status":"AVAILABLE","source":"ndw"}},{"type":"Feature","geometry":{"type":"Point","coordinates":[4.611499,52.365417]},"properties":{"type":"charge","layer":"passenger","locationId":"94637ffa-99c5-4636-bb82-0e081ff0a229","name":"TNLP015453 - Grijpensteinweg 8, Haarlem","address":"8 Grijpensteinweg","city":"Haarlem","operatorName":"TotalEnergies","maxPowerKw":17,"isMegawatt":false,"status":"CHARGING","source":"ndw"}},{"type":"Feature","geometry":{"type":"Point","coordinates":[4.66199,52.39591]},"properties":{"type":"charge","layer":"passenger","locationId":"18B7B3CD-28B9-47AE-A412-C4571375FB25","name":"Eneco eMobility Waarderweg 50A Haarlem","address":"Waarderweg 50A","city":"Haarlem","operatorName":"Eneco","maxPowerKw":22,"isMegawatt":false,"status":"AVAILABLE","source":"ndw","priceKwh":0.32}},{"type":"Feature","geometry":{"type":"Point","coordinates":[4.63852,52.37908]},"properties":{"type":"charge","layer":"passenger","locationId":"1bf8db90-280c-4205-92af-33d5ae3c23d9","name":"PP004182","address":"Spaarne 39","city":"Haarlem","operatorName":"TotalEnergies","maxPowerKw":14,"isMegawatt":false,"status":"AVAILABLE","source":"ndw"}},{"type":"Feature","geometry":{"type":"Point","coordinates":[4.646137,52.39837]},"properties":{"type":"charge","layer":"passenger","locationId":"23b24440-7f18-4953-bca6-eefdcaab3996","name":"TNLP006117 - Lombokstraat 24, Haarlem","address":"24 Lombokstraat","city":"Haarlem","operatorName":"TotalEnergies","maxPowerKw":13,"isMegawatt":false,"status":"CHARGING","source":"ndw"}},{"type":"Feature","geometry":{"type":"Point","coordinates":[4.636524,52.37737]},"properties":{"type":"charge","layer":"passenger","locationId":"057f0955-878f-4573-997b-5f0082df7d84","name":"TNLP008772 - De Witstraat 4, Haarlem","address":"4 De Witstraat","city":"Haarlem","operatorName":"TotalEnergies","maxPowerKw":14,"isMegawatt":false,"status":"CHARGING","source":"ndw"}},{"type":"Feature","geometry":{"type":"Point","coordinates":[4.664362,52.3591]},"properties":{"type":"charge","layer":"passenger","locationId":"0f804fe9-d1c6-4c8b-bc35-e538c532cc35","name":"PP005019 - Bernadottelaan 4-98, Haarlem","address":"4-98 Bernadottelaan","city":"Haarlem","operatorName":"TotalEnergies","maxPowerKw":13,"isMegawatt":false,"status":"CHARGING","source":"ndw"}},{"type":"Feature","geometry":{"type":"Point","coordinates":[4.640861,52.379215]},"properties":{"type":"charge","layer":"passenger","locationId":"06d9cc1e0f82e643ee799814f95b08e3","name":"Beeksteeg 11","address":"Beeksteeg 11","city":"Haarlem","operatorName":"Vattenfall InCharge","maxPowerKw":11,"isMegawatt":false,"status":"AVAILABLE","source":"ndw"}},{"type":"Feature","geometry":{"type":"Point","coordinates":[4.655323,52.41321]},"properties":{"type":"charge","layer":"passenger","locationId":"1f7cf946-2ab7-4f1c-8c63-807bacd424c0","name":"TNLP007239 - Reigerstraat 129, Haarlem","address":"129 Reigerstraat","city":"Haarlem","operatorName":"TotalEnergies","maxPowerKw":13,"isMegawatt":false,"status":"CHARGING","source":"ndw"}},{"type":"Feature","geometry":{"type":"Point","coordinates":[4.650314,52.356525]},"properties":{"type":"charge","layer":"passenger","locationId":"7fd12227-0b99-482a-861a-16164716348a","name":"TNLP007404 - Laan van Berlijn 126, Haarlem","address":"126 Laan van Berlijn","city":"Haarlem","operatorName":"TotalEnergies","maxPowerKw":13,"isMegawatt":false,"status":"AVAILABLE","source":"ndw"}},{"type":"Feature","geometry":{"type":"Point","coordinates":[4.645729,52.378]},"properties":{"type":"charge","layer":"passenger","locationId":"87af161e-cdff-457f-ad62-a20cf47a8dc9","name":"TNLP009584 - Fabriciusstraat 34, Haarlem","address":"34 Fabriciusstraat","city":"Haarlem","operatorName":"TotalEnergies","maxPowerKw":17,"isMegawatt":false,"status":"AVAILABLE","source":"ndw"}},{"type":"Feature","geometry":{"type":"Point","coordinates":[4.644626,52.419624]},"properties":{"type":"charge","layer":"passenger","locationId":"be3683bb-1a98-495d-a218-430c9b48538b","name":"TNLP006900 - P.C. Boutensstraat 244, Haarlem","address":"244 P.C. Boutensstraat","city":"Haarlem","operatorName":"TotalEnergies","maxPowerKw":15,"isMegawatt":false,"status":"CHARGING","source":"ndw"}},{"type":"Feature","geometry":{"type":"Point","coordinates":[4.62052,52.36803]},"properties":{"type":"charge","layer":"passenger","locationId":"663","name":"Shell Recharge NL Zomerluststraat 2","address":"Zomerluststraat 2","city":"Haarlem","operatorName":"Ubitricity","maxPowerKw":11,"isMegawatt":false,"status":"AVAILABLE","source":"ndw","priceKwh":0.388}},{"type":"Feature","geometry":{"type":"Point","coordinates":[4.6587,52.3675]},"properties":{"type":"charge","layer":"passenger","locationId":"45442424-fdf4-4f7d-a4cb-85300ec69b4c","name":"PP004054 - Frederik Ruyschstraat 27, Haarlem","address":"27 Frederik Ruyschstraat","city":"Haarlem","operatorName":"TotalEnergies","maxPowerKw":13,"isMegawatt":false,"status":"AVAILABLE","source":"ndw"}},{"type":"Feature","geometry":{"type":"Point","coordinates":[4.65364,52.4064]},"properties":{"type":"charge","layer":"passenger","locationId":"148c9cab-4cc4-45d6-a8be-4c71a6e095d8","name":"PP004164 - Jan Gijzenkade 52, Haarlem","address":"52 Jan Gijzenkade","city":"Haarlem","operatorName":"TotalEnergies","maxPowerKw":13,"isMegawatt":false,"status":"AVAILABLE","source":"ndw"}},{"type":"Feature","geometry":{"type":"Point","coordinates":[4.633341,52.383873]},"properties":{"type":"charge","layer":"passenger","locationId":"298730b3-96d8-4d68-9323-e4cb7a59a827","name":"Laadplein - PP004101 - Nassaulaan 56, Haarlem","address":"56 Nassaulaan","city":"Haarlem","operatorName":"TotalEnergies","maxPowerKw":17,"isMegawatt":false,"status":"CHARGING","source":"ndw"}},{"type":"Feature","geometry":{"type":"Point","coordinates":[4.630149,52.40106]},"properties":{"type":"charge","layer":"passenger","locationId":"31bd1425-020d-40d1-91b3-790010ee7a79","name":"TNLP007671 - Delftlaan 79, Haarlem","address":"79 Delftlaan","city":"Haarlem","operatorName":"TotalEnergies","maxPowerKw":13,"isMegawatt":false,"status":"AVAILABLE","source":"ndw"}},{"type":"Feature","geometry":{"type":"Point","coordinates":[4.607504,52.382183]},"properties":{"type":"charge","layer":"passenger","locationId":"821c9bab-f04b-499f-8a7f-109698db2413","name":"TNLP008392 - Gilles Schoolmeesterlaan 2, Haarlem","address":"2 Gilles Schoolmeesterlaan","city":"Haarlem","operatorName":"TotalEnergies","maxPowerKw":13,"isMegawatt":false,"status":"AVAILABLE","source":"ndw"}},{"type":"Feature","geometry":{"type":"Point","coordinates":[4.64902,52.37458]},"properties":{"type":"charge","layer":"passenger","locationId":"7e1be8c5-b52d-4017-bd8b-aaa6b7c78ffc","name":"PP001835 - Kruistochtstraat 59, Haarlem","address":"59 Kruistochtstraat","city":"Haarlem","operatorName":"TotalEnergies","maxPowerKw":11,"isMegawatt":false,"status":"CHARGING","source":"ndw"}},{"type":"Feature","geometry":{"type":"Point","coordinates":[4.634138,52.396652]},"properties":{"type":"charge","layer":"passenger","locationId":"6e7b8acf-cd45-4a04-9d3d-e20694b9c0ac","name":"TNLP007098 - Marnixstraat 24, Haarlem","address":"24 Marnixstraat","city":"Haarlem","operatorName":"TotalEnergies","maxPowerKw":13,"isMegawatt":false,"status":"CHARGING","source":"ndw"}},{"type":"Feature","geometry":{"type":"Point","coordinates":[4.645628,52.364773]},"properties":{"type":"charge","layer":"passenger","locationId":"2c02aace-d1a5-4758-ba25-d6b2f6b14af0","name":"PP005546","address":"Belgiëlaan 29","city":"Haarlem","operatorName":"TotalEnergies","maxPowerKw":14,"isMegawatt":false,"status":"AVAILABLE","source":"ndw"}},{"type":"Feature","geometry":{"type":"Point","coordinates":[4.617427,52.36942]},"properties":{"type":"charge","layer":"passenger","locationId":"32e74967-b9b4-4e48-bb11-1fb174340360","name":"TNLP007568 - Prinsessekade 26, Haarlem","address":"26 Prinsessekade","city":"Haarlem","operatorName":"TotalEnergies","maxPowerKw":13,"isMegawatt":false,"status":"AVAILABLE","source":"ndw"}},{"type":"Feature","geometry":{"type":"Point","coordinates":[4.629467,52.38534]},"properties":{"type":"charge","layer":"passenger","locationId":"7126dcb7-3ff2-41b5-834f-7a648870a1ae","name":"TNLP009091 - Garenkokerskade 66, Haarlem","address":"66 Garenkokerskade","city":"Haarlem","operatorName":"TotalEnergies","maxPowerKw":13,"isMegawatt":false,"status":"AVAILABLE","source":"ndw"}},{"type":"Feature","geometry":{"type":"Point","coordinates":[4.63905,52.40042]},"properties":{"type":"charge","layer":"passenger","locationId":"d939a2dc-ef3b-41dc-841d-d48a9b63cf8d","name":"PP001526 - Eikenstraat 32, Haarlem","address":"32 Eikenstraat","city":"Haarlem","operatorName":"TotalEnergies","maxPowerKw":11,"isMegawatt":false,"status":"CHARGING","source":"ndw"}},{"type":"Feature","geometry":{"type":"Point","coordinates":[4.634023,52.371246]},"properties":{"type":"charge","layer":"passenger","locationId":"b39ce9dd-c4ca-452e-b087-c810e73f4752","name":"PP005098 - Voorhoutstraat 14, Haarlem","address":"14 Voorhoutstraat","city":"Haarlem","operatorName":"TotalEnergies","maxPowerKw":13,"isMegawatt":false,"status":"AVAILABLE","source":"ndw"}},{"type":"Feature","geometry":{"type":"Point","coordinates":[4.627244,52.377314]},"properties":{"type":"charge","layer":"passenger","locationId":"6325059d-cf59-4795-a4d8-75fd29c8cec9","name":"Raamvest","address":"Raamvest 1","city":"Haarlem","operatorName":"Vattenfall InCharge","maxPowerKw":11,"isMegawatt":false,"status":"AVAILABLE","source":"ndw"}},{"type":"Feature","geometry":{"type":"Point","coordinates":[4.637986,52.373971]},"properties":{"type":"charge","layer":"passenger","locationId":"cf4cbee5-1017-4c6d-af86-dd0241126d6a","name":"TNLP005760","address":"De Keijstraat 5","city":"Haarlem","operatorName":"TotalEnergies","maxPowerKw":14,"isMegawatt":false,"status":"AVAILABLE","source":"ndw"}},{"type":"Feature","geometry":{"type":"Point","coordinates":[4.63922,52.38533]},"properties":{"type":"charge","layer":"passenger","locationId":"83331d42-b43f-4434-970e-ddd1474993fe","name":"PP001906 - Jansweg 69, Haarlem","address":"69 Jansweg","city":"Haarlem","operatorName":"TotalEnergies","maxPowerKw":11,"isMegawatt":false,"status":"AVAILABLE","source":"ndw"}},{"type":"Feature","geometry":{"type":"Point","coordinates":[4.631076,52.398506]},"properties":{"type":"charge","layer":"passenger","locationId":"f6b8005e-a46c-422e-a542-bee87c19d458","name":"TNLP009412 - Heussensstraat 84, Haarlem","address":"84 Heussensstraat","city":"Haarlem","operatorName":"TotalEnergies","maxPowerKw":13,"isMegawatt":false,"status":"CHARGING","source":"ndw"}},{"type":"Feature","geometry":{"type":"Point","coordinates":[4.62821,52.39103]},"properties":{"type":"charge","layer":"passenger","locationId":"1626","name":"Shell Recharge NL Santpoorterstraat 24","address":"Santpoorterstraat 24","city":"Haarlem","operatorName":"Ubitricity","maxPowerKw":11,"isMegawatt":false,"status":"AVAILABLE","source":"ndw","priceKwh":0.388}},{"type":"Feature","geometry":{"type":"Point","coordinates":[4.629497,52.395234]},"properties":{"type":"charge","layer":"passenger","locationId":"2497eddccd105341c93dd62156559d70","name":"Deckerstraat 39","address":"Deckerstraat 39","city":"Haarlem","operatorName":"Vattenfall InCharge","maxPowerKw":11,"isMegawatt":false,"status":"AVAILABLE","source":"ndw"}},{"type":"Feature","geometry":{"type":"Point","coordinates":[4.626831,52.3955]},"properties":{"type":"charge","layer":"passenger","locationId":"1422870d-a42d-4fd2-8cba-bcff5cb48dd8","name":"TNLP009734, TNLP005665 - Verspronckweg 150, Haarlem","address":"150 Verspronckweg","city":"Haarlem","operatorName":"TotalEnergies","maxPowerKw":17,"isMegawatt":false,"status":"AVAILABLE","source":"ndw"}},{"type":"Feature","geometry":{"type":"Point","coordinates":[4.61148,52.37197]},"properties":{"type":"charge","layer":"passenger","locationId":"c02ad45d-1071-46a3-b174-df0fba089aa8","name":"PP004181","address":"Pijlslaan 105","city":"Haarlem","operatorName":"TotalEnergies","maxPowerKw":14,"isMegawatt":false,"status":"CHARGING","source":"ndw"}},{"type":"Feature","geometry":{"type":"Point","coordinates":[4.648979,52.388466]},"properties":{"type":"charge","layer":"passenger","locationId":"c4c3afbd-9936-479e-8398-501c37cdf915","name":"TNLP006035 - Spaarndamseweg 60, Haarlem","address":"60 Spaarndamseweg","city":"Haarlem","operatorName":"TotalEnergies","maxPowerKw":13,"isMegawatt":false,"status":"AVAILABLE","source":"ndw"}},{"type":"Feature","geometry":{"type":"Point","coordinates":[4.644249,52.404673]},"properties":{"type":"charge","layer":"passenger","locationId":"1a28855a-9502-4cfa-82c9-8bc4a6818f3f","name":"PP005257","address":"Middenweg 96A","city":"Haarlem","operatorName":"TotalEnergies","maxPowerKw":14,"isMegawatt":false,"status":"CHARGING","source":"ndw"}},{"type":"Feature","geometry":{"type":"Point","coordinates":[4.607339,52.384933]},"properties":{"type":"charge","layer":"passenger","locationId":"e23f6d8e-e424-4593-8585-ea02329940e3","name":"TNLP007196 - Lambrecht van Dalelaan 70, Haarlem","address":"70 Lambrecht van Dalelaan","city":"Haarlem","operatorName":"TotalEnergies","maxPowerKw":13,"isMegawatt":false,"status":"AVAILABLE","source":"ndw"}},{"type":"Feature","geometry":{"type":"Point","coordinates":[4.635466,52.376015]},"properties":{"type":"charge","layer":"passenger","locationId":"c6d23018-454d-4fe8-a343-46e7a4cb0eaf","name":"TNLP005968 - Kampervest 1, Haarlem","address":"1 Kampervest","city":"Haarlem","operatorName":"TotalEnergies","maxPowerKw":17,"isMegawatt":false,"status":"AVAILABLE","source":"ndw"}},{"type":"Feature","geometry":{"type":"Point","coordinates":[4.679806,52.41307]},"properties":{"type":"charge","layer":"passenger","locationId":"1d508932-0e19-4955-9be1-091d8f4e54f7","name":"TNLP009791 - Grote Sluis 2 A, Spaarndam Gem. Haarlem","address":"2 A Grote Sluis","city":"Spaarndam Gem. Haarlem","operatorName":"TotalEnergies","maxPowerKw":13,"isMegawatt":false,"status":"AVAILABLE","source":"ndw"}},{"type":"Feature","geometry":{"type":"Point","coordinates":[4.652245,52.401848]},"properties":{"type":"charge","layer":"passenger","locationId":"15bb5d20-5a43-4a8b-b28d-7bc0e284b2ec","name":"PP005008 - Archipelstraat 66, Haarlem","address":"66 Archipelstraat","city":"Haarlem","operatorName":"TotalEnergies","maxPowerKw":13,"isMegawatt":false,"status":"CHARGING","source":"ndw"}},{"type":"Feature","geometry":{"type":"Point","coordinates":[4.64613,52.35241]},"properties":{"type":"charge","layer":"passenger","locationId":"2b5a012b-284a-4b95-a6df-144fe01c9903","name":"TNLP007047 - Hondsbos 2, Haarlem","address":"2 Hondsbos","city":"Haarlem","operatorName":"TotalEnergies","maxPowerKw":13,"isMegawatt":false,"status":"CHARGING","source":"ndw"}},{"type":"Feature","geometry":{"type":"Point","coordinates":[4.633538,52.374028]},"properties":{"type":"charge","layer":"passenger","locationId":"5caf35f2-1219-477a-b0ab-3a7b14082a97","name":"TNLP006016","address":"Baan 41","city":"Haarlem","operatorName":"TotalEnergies","maxPowerKw":14,"isMegawatt":false,"status":"AVAILABLE","source":"ndw"}},{"type":"Feature","geometry":{"type":"Point","coordinates":[4.675909,52.41658]},"properties":{"type":"charge","layer":"passenger","locationId":"554396ab-4281-4a7d-a68b-15f2b42ef696","name":"TNLP005798 - Visserseinde 22, Spaarndam Gem. Haarlem","address":"22 Visserseinde","city":"Spaarndam Gem. Haarlem","operatorName":"TotalEnergies","maxPowerKw":13,"isMegawatt":false,"status":"AVAILABLE","source":"ndw"}},{"type":"Feature","geometry":{"type":"Point","coordinates":[4.632537,52.370342]},"properties":{"type":"charge","layer":"passenger","locationId":"288177d6-e86d-4426-b996-01ef4c2ed517","name":"TNLP006127","address":"Kleine Houtweg 127","city":"Haarlem","operatorName":"TotalEnergies","maxPowerKw":14,"isMegawatt":false,"status":"AVAILABLE","source":"ndw"}},{"type":"Feature","geometry":{"type":"Point","coordinates":[4.61848,52.37398]},"properties":{"type":"charge","layer":"passenger","locationId":"7ff91352-0d9b-43aa-aa52-65f2a801c60f","name":"PP002182 - Adriaan de Jongestraat 22, Haarlem","address":"22 Adriaan de Jongestraat","city":"Haarlem","operatorName":"TotalEnergies","maxPowerKw":11,"isMegawatt":false,"status":"CHARGING","source":"ndw"}},{"type":"Feature","geometry":{"type":"Point","coordinates":[4.66841,52.3555]},"properties":{"type":"charge","layer":"passenger","locationId":"6b72eef3-8abb-433d-9004-a81addc661ce","name":"PP004028 - Pearl S. Buckstraat 1, Haarlem","address":"1 Pearl S. Buckstraat","city":"Haarlem","operatorName":"TotalEnergies","maxPowerKw":13,"isMegawatt":false,"status":"AVAILABLE","source":"ndw"}},{"type":"Feature","geometry":{"type":"Point","coordinates":[4.61133,52.3697]},"properties":{"type":"charge","layer":"passenger","locationId":"7178cf2b-0991-4b46-a5eb-d725514e5de2","name":"PP001032 - Christiaan Huygensplein 3, Haarlem","address":"3 Christiaan Huygensplein","city":"Haarlem","operatorName":"TotalEnergies","maxPowerKw":11,"isMegawatt":false,"status":"AVAILABLE","source":"ndw"}},{"type":"Feature","geometry":{"type":"Point","coordinates":[4.66526,52.37885]},"properties":{"type":"charge","layer":"passenger","locationId":"aa1b5a9c-d4f2-4032-9042-e9172fbebe4f","name":"PP004347 - Staalstraat 4, Haarlem","address":"4 Staalstraat","city":"Haarlem","operatorName":"TotalEnergies","maxPowerKw":13,"isMegawatt":false,"status":"AVAILABLE","source":"ndw"}},{"type":"Feature","geometry":{"type":"Point","coordinates":[4.652691,52.401885]},"properties":{"type":"charge","layer":"passenger","locationId":"D3CD038B-06EF-4A9E-B87D-5E14940133A2","name":"TNLP009473","address":"Archipelstraat 72","city":"Haarlem","operatorName":"TotalEnergies","maxPowerKw":14,"isMegawatt":false,"status":"AVAILABLE","source":"ndw"}},{"type":"Feature","geometry":{"type":"Point","coordinates":[4.617143,52.377269]},"properties":{"type":"charge","layer":"passenger","locationId":"NLENV97","name":"Haarlem, Lutherlaan 11","address":"Lutherlaan 11","city":"Haarlem","operatorName":"","maxPowerKw":22,"isMegawatt":false,"status":"AVAILABLE","source":"ndw","priceKwh":0.5}},{"type":"Feature","geometry":{"type":"Point","coordinates":[4.621067,52.364517]},"properties":{"type":"charge","layer":"passenger","locationId":"56d0a987-f7e4-41be-898e-557471b0d3e7","name":"TNLP008484 - Spanjaardslaan 1, Haarlem","address":"1 Spanjaardslaan","city":"Haarlem","operatorName":"TotalEnergies","maxPowerKw":14,"isMegawatt":false,"status":"AVAILABLE","source":"ndw"}},{"type":"Feature","geometry":{"type":"Point","coordinates":[4.6474283,52.4024354]},"properties":{"type":"charge","layer":"passenger","locationId":"1325","name":"Shell Recharge NL Overtonweg 10","address":"Overtonweg 10","city":"Haarlem","operatorName":"Ubitricity","maxPowerKw":22,"isMegawatt":false,"status":"AVAILABLE","source":"ndw","priceKwh":0.266}},{"type":"Feature","geometry":{"type":"Point","coordinates":[4.62017,52.37015]},"properties":{"type":"charge","layer":"passenger","locationId":"15","name":"Shell Recharge NL Bos en Vaartstraat 35","address":"Bos en Vaartstraat 35","city":"Haarlem","operatorName":"Ubitricity","maxPowerKw":11,"isMegawatt":false,"status":"CHARGING","source":"ndw","priceKwh":0.388}},{"type":"Feature","geometry":{"type":"Point","coordinates":[4.63451,52.37384]},"properties":{"type":"charge","layer":"passenger","locationId":"1458","name":"Shell Recharge NL Badhuisstraat 13","address":"Badhuisstraat 13","city":"Haarlem","operatorName":"Ubitricity","maxPowerKw":11,"isMegawatt":false,"status":"CHARGING","source":"ndw","priceKwh":0.388}},{"type":"Feature","geometry":{"type":"Point","coordinates":[4.6340416,52.397773]},"properties":{"type":"charge","layer":"passenger","locationId":"1708","name":"Shell Recharge NL Duinoordstraat 1","address":"Duinoordstraat 1","city":"Haarlem","operatorName":"Ubitricity","maxPowerKw":22,"isMegawatt":false,"status":"AVAILABLE","source":"ndw","priceKwh":0.266}},{"type":"Feature","geometry":{"type":"Point","coordinates":[4.62663,52.40042]},"properties":{"type":"charge","layer":"passenger","locationId":"c33c114a-c521-433c-9101-30aa23879e77","name":"TNLP003539 - Ijsbaanlaan 4, haarlem","address":"4 Ijsbaanlaan","city":"haarlem","operatorName":"TotalEnergies","maxPowerKw":17,"isMegawatt":false,"status":"AVAILABLE","source":"ndw"}},{"type":"Feature","geometry":{"type":"Point","coordinates":[4.651465,52.37547]},"properties":{"type":"charge","layer":"passenger","locationId":"1bbe29b8-f8ba-4024-b2a7-6c86de99f2c8","name":"TNLP008816 - Damiatestraat 11, Haarlem","address":"11 Damiatestraat","city":"Haarlem","operatorName":"TotalEnergies","maxPowerKw":14,"isMegawatt":false,"status":"CHARGING","source":"ndw"}},{"type":"Feature","geometry":{"type":"Point","coordinates":[4.61229,52.38812]},"properties":{"type":"charge","layer":"passenger","locationId":"703","name":"Shell Recharge NL Bijdorplaan 124","address":"Bijdorplaan 124","city":"Haarlem","operatorName":"Ubitricity","maxPowerKw":11,"isMegawatt":false,"status":"AVAILABLE","source":"ndw","priceKwh":0.388}},{"type":"Feature","geometry":{"type":"Point","coordinates":[4.66194,52.39339]},"properties":{"type":"charge","layer":"passenger","locationId":"064515B7-105A-428A-9C2C-213F16766C94","name":"Eneco eMobility Waarderweg 40 Haarlem","address":"Waarderweg 40","city":"Haarlem","operatorName":"Eneco","maxPowerKw":22,"isMegawatt":false,"status":"AVAILABLE","source":"ndw","priceKwh":0.24}},{"type":"Feature","geometry":{"type":"Point","coordinates":[4.658806,52.398289]},"properties":{"type":"charge","layer":"passenger","locationId":"3845371","name":"Laadnet Bosch Rexroth","address":"Tingietersweg 47","city":"Haarlem","operatorName":"Laadnet","maxPowerKw":22,"isMegawatt":false,"status":"AVAILABLE","source":"ndw"}},{"type":"Feature","geometry":{"type":"Point","coordinates":[4.6453,52.38361]},"properties":{"type":"charge","layer":"passenger","locationId":"61e6e3f5d8d54841f9635503","name":"De Koepel Haarlem","address":"Harmenjansweg 4","city":"Haarlem","operatorName":"E-Flux by Road","maxPowerKw":22,"isMegawatt":false,"status":"UNAVAILABLE","source":"ndw"}},{"type":"Feature","geometry":{"type":"Point","coordinates":[4.633833,52.395252]},"properties":{"type":"charge","layer":"passenger","locationId":"82d45d78-5ca2-46bf-bc57-fe833214a1b8","name":"TNLP007709 - Velserstraat 109, Haarlem","address":"109 Velserstraat","city":"Haarlem","operatorName":"TotalEnergies","maxPowerKw":13,"isMegawatt":false,"status":"AVAILABLE","source":"ndw"}},{"type":"Feature","geometry":{"type":"Point","coordinates":[4.6267308,52.380602]},"properties":{"type":"charge","layer":"passenger","locationId":"1197","name":"Shell Recharge NL Boterplein 40","address":"Boterplein 40","city":"Haarlem","operatorName":"Ubitricity","maxPowerKw":22,"isMegawatt":false,"status":"AVAILABLE","source":"ndw","priceKwh":0.266}},{"type":"Feature","geometry":{"type":"Point","coordinates":[4.644673,52.3507]},"properties":{"type":"charge","layer":"passenger","locationId":"96b8529d-e645-498d-97e1-37ff3a2ffa4e","name":"TNLP015333 - Park Oosterspaarn 40, Haarlem","address":"40 Park Oosterspaarn","city":"Haarlem","operatorName":"TotalEnergies","maxPowerKw":13,"isMegawatt":false,"status":"AVAILABLE","source":"ndw"}},{"type":"Feature","geometry":{"type":"Point","coordinates":[4.652352,52.370445]},"properties":{"type":"charge","layer":"passenger","locationId":"230f630f-ee03-4803-9ae3-967b420f0a93","name":"TNLP009663 - Freddie Oversteegenstraat 423, Haarlem","address":"423 Freddie Oversteegenstraat","city":"Haarlem","operatorName":"TotalEnergies","maxPowerKw":17,"isMegawatt":false,"status":"AVAILABLE","source":"ndw"}},{"type":"Feature","geometry":{"type":"Point","coordinates":[4.63305,52.38786]},"properties":{"type":"charge","layer":"passenger","locationId":"4F66A727-04F9-403F-B128-84B5ADCD57C9","name":"Eneco eMobility Kenaupark 3 Haarlem","address":"Kenaupark 3","city":"Haarlem","operatorName":"Eneco","maxPowerKw":22,"isMegawatt":false,"status":"AVAILABLE","source":"ndw","priceKwh":0.4}},{"type":"Feature","geometry":{"type":"Point","coordinates":[4.6454,52.3886984]},"properties":{"type":"charge","layer":"passenger","locationId":"1346","name":"Shell Recharge NL Rozenhagenplein 13","address":"Rozenhagenplein 13","city":"Haarlem","operatorName":"Ubitricity","maxPowerKw":22,"isMegawatt":false,"status":"AVAILABLE","source":"ndw","priceKwh":0.266}},{"type":"Feature","geometry":{"type":"Point","coordinates":[4.64378,52.40746]},"properties":{"type":"charge","layer":"passenger","locationId":"8b55003b-18fb-484e-8892-4e277c75976e","name":"PP004032","address":"Planetenlaan 13","city":"Haarlem","operatorName":"TotalEnergies","maxPowerKw":14,"isMegawatt":false,"status":"AVAILABLE","source":"ndw"}},{"type":"Feature","geometry":{"type":"Point","coordinates":[4.660215,52.367657]},"properties":{"type":"charge","layer":"passenger","locationId":"e3f933e8-0917-4c69-a4c7-7822ac81ef17","name":"TNLP008922 - Jan van der Horststraat 34, Haarlem","address":"34 Jan van der Horststraat","city":"Haarlem","operatorName":"TotalEnergies","maxPowerKw":14,"isMegawatt":false,"status":"CHARGING","source":"ndw"}},{"type":"Feature","geometry":{"type":"Point","coordinates":[4.634939,52.40761]},"properties":{"type":"charge","layer":"passenger","locationId":"20b7186c-cd97-478e-81fd-f3ec620d5f5f","name":"PP004264 - Delftlaan 283, Haarlem","address":"283 Delftlaan","city":"Haarlem","operatorName":"TotalEnergies","maxPowerKw":13,"isMegawatt":false,"status":"AVAILABLE","source":"ndw"}},{"type":"Feature","geometry":{"type":"Point","coordinates":[4.63315,52.39312]},"properties":{"type":"charge","layer":"passenger","locationId":"1625","name":"Shell Recharge NL Saenredamstraat 132","address":"Saenredamstraat 132","city":"Haarlem","operatorName":"Ubitricity","maxPowerKw":11,"isMegawatt":false,"status":"AVAILABLE","source":"ndw","priceKwh":0.388}},{"type":"Feature","geometry":{"type":"Point","coordinates":[4.64514,52.3984]},"properties":{"type":"charge","layer":"passenger","locationId":"D012F627-B25B-43D2-9FC1-BAC63E31903D","name":"Eneco eMobility Albert Heijn - Soendaplein 18","address":"Soendaplein 18","city":"Haarlem","operatorName":"Eneco","maxPowerKw":150,"isMegawatt":false,"status":"AVAILABLE","source":"ndw","priceKwh":0.62}},{"type":"Feature","geometry":{"type":"Point","coordinates":[4.65254,52.40769]},"properties":{"type":"charge","layer":"passenger","locationId":"a2352c9f-280a-4666-bb3a-bfb5e871af5a","name":"PP004202 - Jan Gijzenkade 182, Haarlem","address":"182 Jan Gijzenkade","city":"Haarlem","operatorName":"TotalEnergies","maxPowerKw":13,"isMegawatt":false,"status":"AVAILABLE","source":"ndw"}},{"type":"Feature","geometry":{"type":"Point","coordinates":[4.6211886,52.3780419]},"properties":{"type":"charge","layer":"passenger","locationId":"812","name":"Shell Recharge NL Westergracht 51 A","address":"Westergracht 51 A","city":"Haarlem","operatorName":"Ubitricity","maxPowerKw":22,"isMegawatt":false,"status":"AVAILABLE","source":"ndw","priceKwh":0.266}},{"type":"Feature","geometry":{"type":"Point","coordinates":[4.64773,52.39392]},"properties":{"type":"charge","layer":"passenger","locationId":"0499a184-4219-46bb-936e-a52dc1d8ce76","name":"PP004329","address":"Gedempte Schalkburgergracht 42","city":"Haarlem","operatorName":"TotalEnergies","maxPowerKw":14,"isMegawatt":false,"status":"CHARGING","source":"ndw"}},{"type":"Feature","geometry":{"type":"Point","coordinates":[4.62688,52.37653]},"properties":{"type":"charge","layer":"passenger","locationId":"a6681389-ac18-4ec1-bb4b-e8580707d01d","name":"PP004200","address":"Van Eedenstraat 4","city":"Haarlem","operatorName":"TotalEnergies","maxPowerKw":14,"isMegawatt":false,"status":"AVAILABLE","source":"ndw"}},{"type":"Feature","geometry":{"type":"Point","coordinates":[4.64692,52.40124]},"properties":{"type":"charge","layer":"passenger","locationId":"692","name":"Shell Recharge NL Zaanenstraat 19","address":"Zaanenstraat 19","city":"Haarlem","operatorName":"Ubitricity","maxPowerKw":11,"isMegawatt":false,"status":"AVAILABLE","source":"ndw","priceKwh":0.388}},{"type":"Feature","geometry":{"type":"Point","coordinates":[4.64067,52.37622]},"properties":{"type":"charge","layer":"passenger","locationId":"24045c03-2ce5-4106-9cfc-02b10e960929","name":"TNLP003537 - Zuider Buiten Spaarne 22, Haarlem","address":"22 Zuider Buiten Spaarne","city":"Haarlem","operatorName":"TotalEnergies","maxPowerKw":17,"isMegawatt":false,"status":"AVAILABLE","source":"ndw"}},{"type":"Feature","geometry":{"type":"Point","coordinates":[4.643736,52.38658]},"properties":{"type":"charge","layer":"passenger","locationId":"06b2065a-15ff-4721-a518-d82aa6f06d9e","name":"TNLP009326 - Gonnetstraat 26, Haarlem","address":"26 Gonnetstraat","city":"Haarlem","operatorName":"TotalEnergies","maxPowerKw":15,"isMegawatt":false,"status":"AVAILABLE","source":"ndw"}},{"type":"Feature","geometry":{"type":"Point","coordinates":[4.62853,52.38554]},"properties":{"type":"charge","layer":"passenger","locationId":"18","name":"Shell Recharge NL Garenkokerskade 48","address":"Garenkokerskade 48","city":"Haarlem","operatorName":"Ubitricity","maxPowerKw":11,"isMegawatt":false,"status":"CHARGING","source":"ndw","priceKwh":0.388}},{"type":"Feature","geometry":{"type":"Point","coordinates":[4.64321,52.41687]},"properties":{"type":"charge","layer":"passenger","locationId":"d61cda26-6322-4552-8799-09fe146984d1","name":"PP004047 - Delftlaan 481, Haarlem","address":"481 Delftlaan","city":"Haarlem","operatorName":"TotalEnergies","maxPowerKw":13,"isMegawatt":false,"status":"CHARGING","source":"ndw"}},{"type":"Feature","geometry":{"type":"Point","coordinates":[4.64205,52.37729]},"properties":{"type":"charge","layer":"passenger","locationId":"328da87f-96f2-4271-8025-022ad1541378","name":"PP004204","address":"Lange Herenvest 126","city":"Haarlem","operatorName":"TotalEnergies","maxPowerKw":14,"isMegawatt":false,"status":"CHARGING","source":"ndw"}},{"type":"Feature","geometry":{"type":"Point","coordinates":[4.64324,52.3819]},"properties":{"type":"charge","layer":"passenger","locationId":"745","name":"Shell Recharge NL Koudenhorn 64","address":"Koudenhorn 64","city":"Haarlem","operatorName":"Ubitricity","maxPowerKw":11,"isMegawatt":false,"status":"CHARGING","source":"ndw","priceKwh":0.388}},{"type":"Feature","geometry":{"type":"Point","coordinates":[4.649502,52.414162]},"properties":{"type":"charge","layer":"passenger","locationId":"bbbdbf62c1e44dbc3c83b82f7a4009cb","name":"Maasstraat 12","address":"Maasstraat 12","city":"Haarlem","operatorName":"Vattenfall InCharge","maxPowerKw":11,"isMegawatt":false,"status":"AVAILABLE","source":"ndw"}},{"type":"Feature","geometry":{"type":"Point","coordinates":[4.645438,52.399474]},"properties":{"type":"charge","layer":"passenger","locationId":"56a39d6c-4243-4d23-9d9a-76c7fe93a7f5","name":"PP005030","address":"Timorstraat 1","city":"Haarlem","operatorName":"TotalEnergies","maxPowerKw":14,"isMegawatt":false,"status":"AVAILABLE","source":"ndw"}},{"type":"Feature","geometry":{"type":"Point","coordinates":[4.648925,52.353565]},"properties":{"type":"charge","layer":"passenger","locationId":"e93b7534-60f4-407f-8ee2-6915f00971a6","name":"TNLP008190 - Zuiderzeelaan 1, Haarlem","address":"1 Zuiderzeelaan","city":"Haarlem","operatorName":"TotalEnergies","maxPowerKw":13,"isMegawatt":false,"status":"CHARGING","source":"ndw"}},{"type":"Feature","geometry":{"type":"Point","coordinates":[4.634315,52.386319]},"properties":{"type":"charge","layer":"passenger","locationId":"f54758ae-65c8-4870-858b-42585a16d519","name":"Kenaupark","address":"Kenaupark 33","city":"Haarlem","operatorName":"Vattenfall InCharge","maxPowerKw":11,"isMegawatt":false,"status":"UNAVAILABLE","source":"ndw"}},{"type":"Feature","geometry":{"type":"Point","coordinates":[4.62012,52.38676]},"properties":{"type":"charge","layer":"passenger","locationId":"3a17cee6bd03e4e7bd6902eadbeca7da","name":"Emmalaan 2","address":"Emmalaan 2","city":"Haarlem","operatorName":"Vattenfall InCharge","maxPowerKw":11,"isMegawatt":false,"status":"AVAILABLE","source":"ndw"}},{"type":"Feature","geometry":{"type":"Point","coordinates":[4.64964,52.37108]},"properties":{"type":"charge","layer":"passenger","locationId":"698","name":"Shell Recharge NL Hannie Schaftstraat 46","address":"Hannie Schaftstraat 46","city":"Haarlem","operatorName":"Ubitricity","maxPowerKw":11,"isMegawatt":false,"status":"AVAILABLE","source":"ndw","priceKwh":0.388}},{"type":"Feature","geometry":{"type":"Point","coordinates":[4.663959,52.375563]},"properties":{"type":"charge","layer":"passenger","locationId":"6a3a6a7c06368c04ad4c888f","name":"Laadpaal MMS","address":"Martin monnickendamstraat 11","city":"Haarlem","operatorName":"E-Flux by Road","maxPowerKw":11,"isMegawatt":false,"status":"AVAILABLE","source":"ndw","priceKwh":0.43}},{"type":"Feature","geometry":{"type":"Point","coordinates":[4.6561,52.41566]},"properties":{"type":"charge","layer":"passenger","locationId":"360","name":"Shell Recharge NL Gijsbrecht van Amstelstraat 227","address":"Gijsbrecht van Amstelstraat 227","city":"Haarlem","operatorName":"Ubitricity","maxPowerKw":11,"isMegawatt":false,"status":"AVAILABLE","source":"ndw","priceKwh":0.388}},{"type":"Feature","geometry":{"type":"Point","coordinates":[4.617287,52.38594]},"properties":{"type":"charge","layer":"passenger","locationId":"b8be8c79-59cc-4548-8dba-26489311871e","name":"TNLP009778 - Narcisplantsoen 28, Haarlem","address":"28 Narcisplantsoen","city":"Haarlem","operatorName":"TotalEnergies","maxPowerKw":13,"isMegawatt":false,"status":"AVAILABLE","source":"ndw"}},{"type":"Feature","geometry":{"type":"Point","coordinates":[4.63381,52.38758]},"properties":{"type":"charge","layer":"passenger","locationId":"713","name":"Shell Recharge NL Kenaupark 7","address":"Kenaupark 7","city":"Haarlem","operatorName":"Ubitricity","maxPowerKw":11,"isMegawatt":false,"status":"AVAILABLE","source":"ndw","priceKwh":0.388}},{"type":"Feature","geometry":{"type":"Point","coordinates":[4.658562,52.389282]},"properties":{"type":"charge","layer":"passenger","locationId":"f7386545-24e1-4f3f-93e8-4f8673b98e5a","name":"TNLP009632 - Claes Tillyweg 2, Haarlem","address":"2 Claes Tillyweg","city":"Haarlem","operatorName":"TotalEnergies","maxPowerKw":15,"isMegawatt":false,"status":"AVAILABLE","source":"ndw"}},{"type":"Feature","geometry":{"type":"Point","coordinates":[4.647737,52.39184]},"properties":{"type":"charge","layer":"passenger","locationId":"297625ed-9a96-4d8e-a448-784f407b5377","name":"TNLP003630 - Paul Krugerkade 45, Haarlem","address":"45 Paul Krugerkade","city":"Haarlem","operatorName":"TotalEnergies","maxPowerKw":17,"isMegawatt":false,"status":"AVAILABLE","source":"ndw"}},{"type":"Feature","geometry":{"type":"Point","coordinates":[4.66294,52.37557]},"properties":{"type":"charge","layer":"passenger","locationId":"13ac0f97-e5c2-4c6a-a478-1d236d8cf06f","name":"PP001463 - Martin Monnickendamstraat 1, Haarlem","address":"1 Martin Monnickendamstraat","city":"Haarlem","operatorName":"TotalEnergies","maxPowerKw":11,"isMegawatt":false,"status":"UNAVAILABLE","source":"ndw"}},{"type":"Feature","geometry":{"type":"Point","coordinates":[4.633439,52.39241]},"properties":{"type":"charge","layer":"passenger","locationId":"edf51735-1037-4767-a317-aa74bf2cc45c","name":"TNLP008375 - Torrentiusstraat 23, Haarlem","address":"23 Torrentiusstraat","city":"Haarlem","operatorName":"TotalEnergies","maxPowerKw":13,"isMegawatt":false,"status":"AVAILABLE","source":"ndw"}},{"type":"Feature","geometry":{"type":"Point","coordinates":[4.662711,52.357376]},"properties":{"type":"charge","layer":"passenger","locationId":"14bff675-c90c-4cd0-9ec4-5284b7c6dde0","name":"TNLP007569 - Stresemannlaan 155, Haarlem","address":"155 Stresemannlaan","city":"Haarlem","operatorName":"TotalEnergies","maxPowerKw":13,"isMegawatt":false,"status":"CHARGING","source":"ndw"}},{"type":"Feature","geometry":{"type":"Point","coordinates":[4.659218,52.389277]},"properties":{"type":"charge","layer":"passenger","locationId":"64b8db2bfaf7ce001ce4e545","name":"SGNL - eigen terrein -","address":"Claes Tillyweg 2","city":"Haarlem","operatorName":"E-Flux by Road","maxPowerKw":11,"isMegawatt":false,"status":"AVAILABLE","source":"ndw","priceKwh":0.38}},{"type":"Feature","geometry":{"type":"Point","coordinates":[4.644189,52.381675]},"properties":{"type":"charge","layer":"passenger","locationId":"327dc06e-4bfe-44a9-a4a0-8991e776b4e5","name":"TNLP006258","address":"Koudenhorn 76","city":"Haarlem","operatorName":"TotalEnergies","maxPowerKw":14,"isMegawatt":false,"status":"AVAILABLE","source":"ndw"}},{"type":"Feature","geometry":{"type":"Point","coordinates":[4.6169,52.38446]},"properties":{"type":"charge","layer":"passenger","locationId":"734","name":"Shell Recharge NL Narcisplantsoen 131","address":"Narcisplantsoen 131","city":"Haarlem","operatorName":"Ubitricity","maxPowerKw":11,"isMegawatt":false,"status":"AVAILABLE","source":"ndw","priceKwh":0.388}},{"type":"Feature","geometry":{"type":"Point","coordinates":[4.657074,52.3852]},"properties":{"type":"charge","layer":"passenger","locationId":"6242e70d109657e090dc6a5d","name":"MAAK terrein 1","address":"Oudeweg 91-95","city":"Haarlem","operatorName":"E-Flux by Road","maxPowerKw":11,"isMegawatt":false,"status":"AVAILABLE","source":"ndw","priceKwh":0.38}},{"type":"Feature","geometry":{"type":"Point","coordinates":[4.676299,52.411606]},"properties":{"type":"charge","layer":"passenger","locationId":"7da4511f-1587-4459-9119-11e6934276ba","name":"TNLP008085 - Kerklaan 28, Spaarndam Gem. Haarlem","address":"28 Kerklaan","city":"Spaarndam Gem. Haarlem","operatorName":"TotalEnergies","maxPowerKw":15,"isMegawatt":false,"status":"AVAILABLE","source":"ndw"}},{"type":"Feature","geometry":{"type":"Point","coordinates":[4.63599,52.39957]},"properties":{"type":"charge","layer":"passenger","locationId":"77f2b7d9-2e53-4854-ba38-8d8cd2a866eb","name":"TNLP003596 - Stuyvesantstraat 2, Haarlem","address":"2 Stuyvesantstraat","city":"Haarlem","operatorName":"TotalEnergies","maxPowerKw":17,"isMegawatt":false,"status":"CHARGING","source":"ndw"}},{"type":"Feature","geometry":{"type":"Point","coordinates":[4.64356,52.37673]},"properties":{"type":"charge","layer":"passenger","locationId":"0c6041f6-741c-4b3c-9072-9c590dd88901","name":"TNLP003617 - Haarlemmermeerstraat 2, Haarlem","address":"2 Haarlemmermeerstraat","city":"Haarlem","operatorName":"TotalEnergies","maxPowerKw":17,"isMegawatt":false,"status":"AVAILABLE","source":"ndw"}},{"type":"Feature","geometry":{"type":"Point","coordinates":[4.6478892,52.3940742]},"properties":{"type":"charge","layer":"passenger","locationId":"1244","name":"Shell Recharge NL Gedempte Schalk Burgergracht 44","address":"Gedempte Schalk Burgergracht 44","city":"Haarlem","operatorName":"Ubitricity","maxPowerKw":22,"isMegawatt":false,"status":"CHARGING","source":"ndw","priceKwh":0.266}},{"type":"Feature","geometry":{"type":"Point","coordinates":[4.62042,52.3762]},"properties":{"type":"charge","layer":"passenger","locationId":"707","name":"Shell Recharge NL Emmaplein 44","address":"Emmaplein 44","city":"Haarlem","operatorName":"Ubitricity","maxPowerKw":11,"isMegawatt":false,"status":"AVAILABLE","source":"ndw","priceKwh":0.388}},{"type":"Feature","geometry":{"type":"Point","coordinates":[4.629681,52.405766]},"properties":{"type":"charge","layer":"passenger","locationId":"4e3fab75-071f-439a-a1ce-710ae3d5e2e2","name":"TNLP005982 - Laurens Reaellaan 37, Haarlem","address":"37 Laurens Reaellaan","city":"Haarlem","operatorName":"TotalEnergies","maxPowerKw":13,"isMegawatt":false,"status":"AVAILABLE","source":"ndw"}},{"type":"Feature","geometry":{"type":"Point","coordinates":[4.663064,52.388948]},"properties":{"type":"charge","layer":"passenger","locationId":"681dadbc98ab26b63e5d5406","name":"businessplaza Haarlem","address":"Waarderweg 19","city":"Haarlem","operatorName":"E-Flux by Road","maxPowerKw":11,"isMegawatt":false,"status":"AVAILABLE","source":"ndw","priceKwh":0.5}},{"type":"Feature","geometry":{"type":"Point","coordinates":[4.61314,52.37513]},"properties":{"type":"charge","layer":"passenger","locationId":"e48ab0d2-ee67-4860-b00f-220facbb2d0b","name":"PP004046","address":"Theemsplein 34","city":"Haarlem","operatorName":"TotalEnergies","maxPowerKw":14,"isMegawatt":false,"status":"CHARGING","source":"ndw"}},{"type":"Feature","geometry":{"type":"Point","coordinates":[4.65015,52.34799]},"properties":{"type":"charge","layer":"passenger","locationId":"b8855f44-d7ca-4bf7-9fb1-21a8a1908ddb","name":"PP005054 - Beveland 126, Haarlem","address":"126 Beveland","city":"Haarlem","operatorName":"TotalEnergies","maxPowerKw":13,"isMegawatt":false,"status":"AVAILABLE","source":"ndw"}},{"type":"Feature","geometry":{"type":"Point","coordinates":[4.66238,52.38047]},"properties":{"type":"charge","layer":"passenger","locationId":"1bb58566-0abe-48bd-8341-5cdfd79b94de","name":"PP002279 - Berlagelaan 3, Haarlem","address":"3 Berlagelaan","city":"Haarlem","operatorName":"TotalEnergies","maxPowerKw":17,"isMegawatt":false,"status":"CHARGING","source":"ndw"}},{"type":"Feature","geometry":{"type":"Point","coordinates":[4.65314,52.353226]},"properties":{"type":"charge","layer":"passenger","locationId":"d29b047c-0cb4-4e88-8ae1-0f6df67bd6c4","name":"PP001538 - Waddenstraat 194, Haarlem","address":"194 Waddenstraat","city":"Haarlem","operatorName":"TotalEnergies","maxPowerKw":11,"isMegawatt":false,"status":"AVAILABLE","source":"ndw"}},{"type":"Feature","geometry":{"type":"Point","coordinates":[4.665786,52.365448]},"properties":{"type":"charge","layer":"passenger","locationId":"d8d7b896-085f-4a1b-8b2b-8553236c8d8e","name":"TNLP007407 - Van Konijnenburgstraat 2, Haarlem","address":"2 Van Konijnenburgstraat","city":"Haarlem","operatorName":"TotalEnergies","maxPowerKw":15,"isMegawatt":false,"status":"AVAILABLE","source":"ndw"}},{"type":"Feature","geometry":{"type":"Point","coordinates":[4.64265,52.39803]},"properties":{"type":"charge","layer":"passenger","locationId":"0bbf7a53-9f94-4935-a736-0369ba7005d3","name":"PP005064","address":"Pijnboomstraat 15","city":"Haarlem","operatorName":"TotalEnergies","maxPowerKw":14,"isMegawatt":false,"status":"CHARGING","source":"ndw"}},{"type":"Feature","geometry":{"type":"Point","coordinates":[4.64798,52.38017]},"properties":{"type":"charge","layer":"passenger","locationId":"23cb67d7-8ae6-425c-9629-b08f0bf4bccf","name":"PP004269","address":"Severijnsstraat 2","city":"Haarlem","operatorName":"TotalEnergies","maxPowerKw":14,"isMegawatt":false,"status":"CHARGING","source":"ndw"}},{"type":"Feature","geometry":{"type":"Point","coordinates":[4.62727,52.37959]},"properties":{"type":"charge","layer":"passenger","locationId":"039011f1-5413-4beb-aa4e-2669d9459461","name":"PP001127 - Mauritsstraat 11, Haarlem","address":"11 Mauritsstraat","city":"Haarlem","operatorName":"TotalEnergies","maxPowerKw":11,"isMegawatt":false,"status":"AVAILABLE","source":"ndw"}},{"type":"Feature","geometry":{"type":"Point","coordinates":[4.633769,52.393962]},"properties":{"type":"charge","layer":"passenger","locationId":"6c6ede9a-3c1d-4d4a-94a9-880b2d4c522f","name":"PP004102","address":"Gerrit van Heesstraat 18","city":"Haarlem","operatorName":"TotalEnergies","maxPowerKw":14,"isMegawatt":false,"status":"AVAILABLE","source":"ndw"}},{"type":"Feature","geometry":{"type":"Point","coordinates":[4.64319,52.40209]},"properties":{"type":"charge","layer":"passenger","locationId":"387","name":"Shell Recharge NL Middenweg 46","address":"Middenweg 46","city":"Haarlem","operatorName":"Ubitricity","maxPowerKw":11,"isMegawatt":false,"status":"AVAILABLE","source":"ndw","priceKwh":0.388}},{"type":"Feature","geometry":{"type":"Point","coordinates":[4.631455,52.39126]},"properties":{"type":"charge","layer":"passenger","locationId":"9057cc9e-08f1-4b46-9aaa-0252b7e9c60e","name":"TNLP007509 - Kleverparkweg 15, Haarlem","address":"15 Kleverparkweg","city":"Haarlem","operatorName":"TotalEnergies","maxPowerKw":13,"isMegawatt":false,"status":"CHARGING","source":"ndw"}},{"type":"Feature","geometry":{"type":"Point","coordinates":[4.656846,52.374634]},"properties":{"type":"charge","layer":"passenger","locationId":"c91553a7-653f-47c9-9ab5-93bb82afa5f2","name":"TNLP009771 - Prins Bernhardlaan 262, Haarlem","address":"262 Prins Bernhardlaan","city":"Haarlem","operatorName":"TotalEnergies","maxPowerKw":13,"isMegawatt":false,"status":"AVAILABLE","source":"ndw"}},{"type":"Feature","geometry":{"type":"Point","coordinates":[4.654067,52.395206]},"properties":{"type":"charge","layer":"passenger","locationId":"26264dc3-0c9c-47cd-adcd-c2af480384c6","name":"TNLP006495 - Waarderhaven 14, Haarlem","address":"14 Waarderhaven","city":"Haarlem","operatorName":"TotalEnergies","maxPowerKw":13,"isMegawatt":false,"status":"AVAILABLE","source":"ndw"}},{"type":"Feature","geometry":{"type":"Point","coordinates":[4.629012,52.401672]},"properties":{"type":"charge","layer":"passenger","locationId":"7392432a-3cd2-41ec-9cac-ac767ba0c9e9","name":"TNLP006424 - Van Riebeecklaan 1, Haarlem","address":"1 Van Riebeecklaan","city":"Haarlem","operatorName":"TotalEnergies","maxPowerKw":13,"isMegawatt":false,"status":"AVAILABLE","source":"ndw"}},{"type":"Feature","geometry":{"type":"Point","coordinates":[4.664795,52.367275]},"properties":{"type":"charge","layer":"passenger","locationId":"642c133b7da7310012654c5f","name":"Van Voorthuijsenschool","address":"Professor Eijkmanlaan 1","city":"Haarlem","operatorName":"E-Flux by Road","maxPowerKw":22,"isMegawatt":false,"status":"AVAILABLE","source":"ndw","priceKwh":0.65}},{"type":"Feature","geometry":{"type":"Point","coordinates":[4.61328,52.36928]},"properties":{"type":"charge","layer":"passenger","locationId":"715","name":"Shell Recharge NL Stephensonstraat 39","address":"Stephensonstraat 39","city":"Haarlem","operatorName":"Ubitricity","maxPowerKw":11,"isMegawatt":false,"status":"CHARGING","source":"ndw","priceKwh":0.388}},{"type":"Feature","geometry":{"type":"Point","coordinates":[4.65497,52.41946]},"properties":{"type":"charge","layer":"passenger","locationId":"56dec541-280a-476a-8966-897898bcba71","name":"PP004041","address":"Stalpaert van der Wielenstraat 37","city":"Haarlem","operatorName":"TotalEnergies","maxPowerKw":14,"isMegawatt":false,"status":"AVAILABLE","source":"ndw"}},{"type":"Feature","geometry":{"type":"Point","coordinates":[4.6429557,52.3981395]},"properties":{"type":"charge","layer":"passenger","locationId":"1333","name":"Shell Recharge NL Pijnboomstraat 4","address":"Pijnboomstraat 4","city":"Haarlem","operatorName":"Ubitricity","maxPowerKw":22,"isMegawatt":false,"status":"CHARGING","source":"ndw","priceKwh":0.266}},{"type":"Feature","geometry":{"type":"Point","coordinates":[4.65789,52.36191]},"properties":{"type":"charge","layer":"passenger","locationId":"08f15c28-d433-4f33-b6ff-ae670c9a2e8e","name":"PP004000 - Alexander Flemingstraat 58, Haarlem","address":"58 Alexander Flemingstraat","city":"Haarlem","operatorName":"TotalEnergies","maxPowerKw":13,"isMegawatt":false,"status":"AVAILABLE","source":"ndw"}},{"type":"Feature","geometry":{"type":"Point","coordinates":[4.612143,52.367725]},"properties":{"type":"charge","layer":"passenger","locationId":"ad68ab73-f62a-4119-8bd7-3f3902332b8e","name":"TNLP007209 - Einsteinstraat 4, Haarlem","address":"4 Einsteinstraat","city":"Haarlem","operatorName":"TotalEnergies","maxPowerKw":13,"isMegawatt":false,"status":"AVAILABLE","source":"ndw"}},{"type":"Feature","geometry":{"type":"Point","coordinates":[4.643481,52.375595]},"properties":{"type":"charge","layer":"passenger","locationId":"26a2a5de-aa34-4b99-952a-bcf48869f322","name":"TNLP007326 - Schalkwijkerstraat 13, Haarlem","address":"13 Schalkwijkerstraat","city":"Haarlem","operatorName":"TotalEnergies","maxPowerKw":13,"isMegawatt":false,"status":"AVAILABLE","source":"ndw"}},{"type":"Feature","geometry":{"type":"Point","coordinates":[4.6216746,52.3732037]},"properties":{"type":"charge","layer":"passenger","locationId":"916","name":"Shell Recharge NL Prins Clausstraat 32","address":"Prins Clausstraat 32","city":"Haarlem","operatorName":"Ubitricity","maxPowerKw":22,"isMegawatt":false,"status":"AVAILABLE","source":"ndw","priceKwh":0.266}},{"type":"Feature","geometry":{"type":"Point","coordinates":[4.65327,52.37778]},"properties":{"type":"charge","layer":"passenger","locationId":"d292090e-576e-4041-a57e-07495ce3f3d6","name":"PP004015","address":"Drilsmaplein 24","city":"Haarlem","operatorName":"TotalEnergies","maxPowerKw":14,"isMegawatt":false,"status":"AVAILABLE","source":"ndw"}},{"type":"Feature","geometry":{"type":"Point","coordinates":[4.63222,52.39896]},"properties":{"type":"charge","layer":"passenger","locationId":"d6666f5a-f114-4ace-b9a1-8585448f58f8","name":"PP005392","address":"Heussensstraat 50","city":"Haarlem","operatorName":"TotalEnergies","maxPowerKw":14,"isMegawatt":false,"status":"AVAILABLE","source":"ndw"}},{"type":"Feature","geometry":{"type":"Point","coordinates":[4.608105,52.366588]},"properties":{"type":"charge","layer":"passenger","locationId":"e448ccb6-b57e-46bb-8956-1909fc4a0905","name":"TNLP006246","address":"Van Leeuwenhoekstraat 5","city":"Haarlem","operatorName":"TotalEnergies","maxPowerKw":14,"isMegawatt":false,"status":"CHARGING","source":"ndw"}},{"type":"Feature","geometry":{"type":"Point","coordinates":[4.62891,52.38987]},"properties":{"type":"charge","layer":"passenger","locationId":"609","name":"Shell Recharge NL Goltziusstraat 13","address":"Goltziusstraat 13","city":"Haarlem","operatorName":"Ubitricity","maxPowerKw":11,"isMegawatt":false,"status":"CHARGING","source":"ndw","priceKwh":0.388}},{"type":"Feature","geometry":{"type":"Point","coordinates":[4.661646,52.37794]},"properties":{"type":"charge","layer":"passenger","locationId":"7d982dc4-12cf-4110-a6d3-b5b68c33aebd","name":"TNLP007178 - Prinses Beatrixplein 87, Haarlem","address":"87 Prinses Beatrixplein","city":"Haarlem","operatorName":"TotalEnergies","maxPowerKw":13,"isMegawatt":false,"status":"AVAILABLE","source":"ndw"}},{"type":"Feature","geometry":{"type":"Point","coordinates":[4.647179,52.4052235]},"properties":{"type":"charge","layer":"passenger","locationId":"1811","name":"Shell Recharge NL Van Nesstraat 20","address":"Van Nesstraat 20","city":"Haarlem","operatorName":"Ubitricity","maxPowerKw":22,"isMegawatt":false,"status":"CHARGING","source":"ndw","priceKwh":0.266}},{"type":"Feature","geometry":{"type":"Point","coordinates":[4.655359,52.420122]},"properties":{"type":"charge","layer":"passenger","locationId":"9bd03a36-31e8-4442-8ce0-cd5a4817c469","name":"TNLP006156","address":"Vondelweg 462","city":"Haarlem","operatorName":"TotalEnergies","maxPowerKw":14,"isMegawatt":false,"status":"CHARGING","source":"ndw"}},{"type":"Feature","geometry":{"type":"Point","coordinates":[4.6423021,52.3938055]},"properties":{"type":"charge","layer":"passenger","locationId":"1038","name":"Shell Recharge NL Generaal Bothastraat 45","address":"Generaal Bothastraat 45","city":"Haarlem","operatorName":"Ubitricity","maxPowerKw":22,"isMegawatt":false,"status":"UNAVAILABLE","source":"ndw","priceKwh":0.266}},{"type":"Feature","geometry":{"type":"Point","coordinates":[4.649149,52.419483]},"properties":{"type":"charge","layer":"passenger","locationId":"0a74e930-f595-4384-8c6e-3825935a5898","name":"PP005121 - Muiderslotweg 5, Haarlem","address":"5 Muiderslotweg","city":"Haarlem","operatorName":"TotalEnergies","maxPowerKw":17,"isMegawatt":false,"status":"AVAILABLE","source":"ndw"}},{"type":"Feature","geometry":{"type":"Point","coordinates":[4.62366,52.38524]},"properties":{"type":"charge","layer":"passenger","locationId":"6D3928E4-5A33-4775-9AE0-EE13E7500EFC","name":"PP002251","address":"Anslijnstraat 2","city":"Haarlem","operatorName":"TotalEnergies","maxPowerKw":17,"isMegawatt":false,"status":"AVAILABLE","source":"ndw"}},{"type":"Feature","geometry":{"type":"Point","coordinates":[4.643992,52.404568]},"properties":{"type":"charge","layer":"passenger","locationId":"4383842c-3348-47f5-91b4-a12925627e6b","name":"PP001051 - Middenweg 125, Haarlem","address":"125 Middenweg","city":"Haarlem","operatorName":"TotalEnergies","maxPowerKw":13,"isMegawatt":false,"status":"CHARGING","source":"ndw"}},{"type":"Feature","geometry":{"type":"Point","coordinates":[4.63071,52.38577]},"properties":{"type":"charge","layer":"passenger","locationId":"54b70856-7725-4894-be54-bd3e0dbe0eb5","name":"PP004038 - Garenkokerskade 87, Haarlem","address":"87 Garenkokerskade","city":"Haarlem","operatorName":"TotalEnergies","maxPowerKw":13,"isMegawatt":false,"status":"AVAILABLE","source":"ndw"}},{"type":"Feature","geometry":{"type":"Point","coordinates":[4.629777,52.405929]},"properties":{"type":"charge","layer":"passenger","locationId":"bdb422f11fedf9e53b7fc581d80a7632","name":"Laurens Reaellaan 48","address":"Laurens Reaellaan 48","city":"Haarlem","operatorName":"Vattenfall InCharge","maxPowerKw":11,"isMegawatt":false,"status":"AVAILABLE","source":"ndw"}},{"type":"Feature","geometry":{"type":"Point","coordinates":[4.665495,52.353669]},"properties":{"type":"charge","layer":"passenger","locationId":"9ede05f9a716198b959b5baa3bde7cc9","name":"Erasmuslaan 142","address":"Erasmuslaan 142","city":"Haarlem","operatorName":"Vattenfall InCharge","maxPowerKw":11,"isMegawatt":false,"status":"CHARGING","source":"ndw"}},{"type":"Feature","geometry":{"type":"Point","coordinates":[4.630399,52.361771]},"properties":{"type":"charge","layer":"passenger","locationId":"94a8c2ea-a720-4271-8b49-699f223cf33d","name":"PP005234","address":"Willem de Zwijgerlaan 8","city":"Haarlem","operatorName":"TotalEnergies","maxPowerKw":14,"isMegawatt":false,"status":"AVAILABLE","source":"ndw"}},{"type":"Feature","geometry":{"type":"Point","coordinates":[4.64689,52.36258]},"properties":{"type":"charge","layer":"passenger","locationId":"b3bdb3f6-6f93-4d8e-87aa-b0fc873ad21b","name":"PP001029 - Portugalstraat 4, Haarlem","address":"4 Portugalstraat","city":"Haarlem","operatorName":"TotalEnergies","maxPowerKw":13,"isMegawatt":false,"status":"CHARGING","source":"ndw"}},{"type":"Feature","geometry":{"type":"Point","coordinates":[4.6465301,52.3644229]},"properties":{"type":"charge","layer":"passenger","locationId":"1724","name":"Shell Recharge NL Belgiëlaan 8A","address":"Belgiëlaan 8A","city":"Haarlem","operatorName":"Ubitricity","maxPowerKw":22,"isMegawatt":false,"status":"AVAILABLE","source":"ndw","priceKwh":0.266}},{"type":"Feature","geometry":{"type":"Point","coordinates":[4.64904,52.3511]},"properties":{"type":"charge","layer":"passenger","locationId":"f5dc95d5-5e4b-4eca-8212-d64c5fc0fd36","name":"PP004212","address":"Pampus 190","city":"Haarlem","operatorName":"TotalEnergies","maxPowerKw":14,"isMegawatt":false,"status":"CHARGING","source":"ndw"}},{"type":"Feature","geometry":{"type":"Point","coordinates":[4.638738,52.37814]},"properties":{"type":"charge","layer":"passenger","locationId":"3e232a51-3fda-4448-adc0-9ea979a40a44","name":"TNLP006119 - Spaarne 67, Haarlem","address":"67 Spaarne","city":"Haarlem","operatorName":"TotalEnergies","maxPowerKw":13,"isMegawatt":false,"status":"AVAILABLE","source":"ndw"}},{"type":"Feature","geometry":{"type":"Point","coordinates":[4.620807,52.383759]},"properties":{"type":"charge","layer":"passenger","locationId":"F27FBA3B-C665-40C3-89A0-B6047A99530D","name":"TNLP009239","address":"Brouwerskade 81","city":"Haarlem","operatorName":"TotalEnergies","maxPowerKw":14,"isMegawatt":false,"status":"AVAILABLE","source":"ndw"}},{"type":"Feature","geometry":{"type":"Point","coordinates":[4.61611,52.379803]},"properties":{"type":"charge","layer":"passenger","locationId":"bba0766c-0255-4922-962b-4d1c3376a3aa","name":"TNLP009204 - De Ruijterweg 15, Haarlem","address":"15 De Ruijterweg","city":"Haarlem","operatorName":"TotalEnergies","maxPowerKw":13,"isMegawatt":false,"status":"CHARGING","source":"ndw"}},{"type":"Feature","geometry":{"type":"Point","coordinates":[4.6590284,52.3662548]},"properties":{"type":"charge","layer":"passenger","locationId":"1402","name":"Shell Recharge NL Westermanstraat 1","address":"Westermanstraat 1","city":"Haarlem","operatorName":"Ubitricity","maxPowerKw":22,"isMegawatt":false,"status":"CHARGING","source":"ndw","priceKwh":0.266}},{"type":"Feature","geometry":{"type":"Point","coordinates":[4.6456175,52.3707361]},"properties":{"type":"charge","layer":"passenger","locationId":"1709","name":"Shell Recharge NL Clothildestraat 359","address":"Clothildestraat 359","city":"Haarlem","operatorName":"Ubitricity","maxPowerKw":22,"isMegawatt":false,"status":"CHARGING","source":"ndw","priceKwh":0.266}},{"type":"Feature","geometry":{"type":"Point","coordinates":[4.631212,52.363415]},"properties":{"type":"charge","layer":"passenger","locationId":"2ce41ffd-2270-4dc3-9838-acb187a2ca90","name":"TNLP006921 - Prins Mauritslaan 3, Haarlem","address":"3 Prins Mauritslaan","city":"Haarlem","operatorName":"TotalEnergies","maxPowerKw":13,"isMegawatt":false,"status":"AVAILABLE","source":"ndw"}},{"type":"Feature","geometry":{"type":"Point","coordinates":[4.6685,52.37443]},"properties":{"type":"charge","layer":"passenger","locationId":"605","name":"Shell Recharge NL Kartinistraat 6","address":"Kartinistraat 6","city":"Haarlem","operatorName":"Ubitricity","maxPowerKw":11,"isMegawatt":false,"status":"CHARGING","source":"ndw","priceKwh":0.388}},{"type":"Feature","geometry":{"type":"Point","coordinates":[4.62485,52.37246]},"properties":{"type":"charge","layer":"passenger","locationId":"728","name":"Shell Recharge NL Koninginneweg 114","address":"Koninginneweg 114","city":"Haarlem","operatorName":"Ubitricity","maxPowerKw":11,"isMegawatt":false,"status":"AVAILABLE","source":"ndw","priceKwh":0.388}},{"type":"Feature","geometry":{"type":"Point","coordinates":[4.657051,52.385231]},"properties":{"type":"charge","layer":"passenger","locationId":"6242e7bc1096576428dc7606","name":"MAAK Terrein 2","address":"Oudeweg 91-95","city":"Haarlem","operatorName":"E-Flux by Road","maxPowerKw":11,"isMegawatt":false,"status":"AVAILABLE","source":"ndw","priceKwh":0.38}},{"type":"Feature","geometry":{"type":"Point","coordinates":[4.647411,52.397537]},"properties":{"type":"charge","layer":"passenger","locationId":"b2f0af84-cf57-4f00-a8a5-9fcc39093416","name":"TNLP008018 - Atjehstraat 38, Haarlem","address":"38 Atjehstraat","city":"Haarlem","operatorName":"TotalEnergies","maxPowerKw":13,"isMegawatt":false,"status":"CHARGING","source":"ndw"}},{"type":"Feature","geometry":{"type":"Point","coordinates":[4.654233,52.354089]},"properties":{"type":"charge","layer":"passenger","locationId":"6bccb86c-ffe4-4377-9135-b5ef8f2653a2","name":"TNLP006098","address":"Waddenstraat 783","city":"Haarlem","operatorName":"TotalEnergies","maxPowerKw":14,"isMegawatt":false,"status":"CHARGING","source":"ndw"}},{"type":"Feature","geometry":{"type":"Point","coordinates":[4.65015,52.41148]},"properties":{"type":"charge","layer":"passenger","locationId":"d14b8b9d-7de2-4ae4-900c-e09c10f6ca95","name":"PP004020 - Hunzestraat 24, Haarlem","address":"24 Hunzestraat","city":"Haarlem","operatorName":"TotalEnergies","maxPowerKw":13,"isMegawatt":false,"status":"UNAVAILABLE","source":"ndw"}},{"type":"Feature","geometry":{"type":"Point","coordinates":[4.621773,52.386765]},"properties":{"type":"charge","layer":"passenger","locationId":"3f847574-0e5f-49b5-9dc2-148ecf027e29","name":"TNLP007172 - Delfstraat 2, Haarlem","address":"2 Delfstraat","city":"Haarlem","operatorName":"TotalEnergies","maxPowerKw":13,"isMegawatt":false,"status":"AVAILABLE","source":"ndw"}},{"type":"Feature","geometry":{"type":"Point","coordinates":[4.61155,52.37525]},"properties":{"type":"charge","layer":"passenger","locationId":"54bcef51-a22d-4f80-8647-1a6913f2d93b","name":"PP002282 - Lorentzkade 232, Haarlem","address":"232 Lorentzkade","city":"Haarlem","operatorName":"TotalEnergies","maxPowerKw":17,"isMegawatt":false,"status":"CHARGING","source":"ndw"}},{"type":"Feature","geometry":{"type":"Point","coordinates":[4.647579,52.37047]},"properties":{"type":"charge","layer":"passenger","locationId":"13e0798d-2177-4300-b82c-b668883ca611","name":"TNLP005927 - Merovingenstraat 79, Haarlem","address":"79 Merovingenstraat","city":"Haarlem","operatorName":"TotalEnergies","maxPowerKw":13,"isMegawatt":false,"status":"CHARGING","source":"ndw"}},{"type":"Feature","geometry":{"type":"Point","coordinates":[4.630137,52.39469]},"properties":{"type":"charge","layer":"passenger","locationId":"f3c7d6a1-005a-4b1f-bc62-578ca4f39ebf","name":"PP002510 - Santpoorterplein 26, Haarlem","address":"26 Santpoorterplein","city":"Haarlem","operatorName":"TotalEnergies","maxPowerKw":17,"isMegawatt":false,"status":"AVAILABLE","source":"ndw"}},{"type":"Feature","geometry":{"type":"Point","coordinates":[4.63321,52.371826]},"properties":{"type":"charge","layer":"passenger","locationId":"c047b0ed-814c-4a8a-ab87-d113f72fef2f","name":"TNLP009956 - Kleine Houtweg 95, Haarlem","address":"95 Kleine Houtweg","city":"Haarlem","operatorName":"TotalEnergies","maxPowerKw":13,"isMegawatt":false,"status":"AVAILABLE","source":"ndw"}},{"type":"Feature","geometry":{"type":"Point","coordinates":[4.64116,52.38404]},"properties":{"type":"charge","layer":"passenger","locationId":"40627402-600d-412a-b3e8-02da9c72348c","name":"TNLP003658 - Koudenhorn 2, Haarlem","address":"2 Koudenhorn","city":"Haarlem","operatorName":"TotalEnergies","maxPowerKw":17,"isMegawatt":false,"status":"CHARGING","source":"ndw"}},{"type":"Feature","geometry":{"type":"Point","coordinates":[4.661392,52.36275]},"properties":{"type":"charge","layer":"passenger","locationId":"065f3c1b-e8fc-48cf-a134-b2bf0f192806","name":"TNLP008794 - Mathijsenstraat 28, Haarlem","address":"28 Mathijsenstraat","city":"Haarlem","operatorName":"TotalEnergies","maxPowerKw":14,"isMegawatt":false,"status":"AVAILABLE","source":"ndw"}},{"type":"Feature","geometry":{"type":"Point","coordinates":[4.61847,52.38244]},"properties":{"type":"charge","layer":"passenger","locationId":"68074c80-d2df-4849-b850-bf1a38ad1098","name":"PP004106 - Koppestokstraat 39, Haarlem","address":"39 Koppestokstraat","city":"Haarlem","operatorName":"TotalEnergies","maxPowerKw":13,"isMegawatt":false,"status":"CHARGING","source":"ndw"}},{"type":"Feature","geometry":{"type":"Point","coordinates":[4.62841,52.37975]},"properties":{"type":"charge","layer":"passenger","locationId":"dd9580d6-8933-4f4f-a33e-de96f9574b54","name":"PP002165 - Oude Zijlvest 49, Haarlem","address":"49 Oude Zijlvest","city":"Haarlem","operatorName":"TotalEnergies","maxPowerKw":11,"isMegawatt":false,"status":"CHARGING","source":"ndw"}},{"type":"Feature","geometry":{"type":"Point","coordinates":[4.648207,52.40074]},"properties":{"type":"charge","layer":"passenger","locationId":"ea4bcb26-bc06-498d-91da-a4fd587ee2ad","name":"TNLP007156 - Zaanenstraat 34, Haarlem","address":"34 Zaanenstraat","city":"Haarlem","operatorName":"TotalEnergies","maxPowerKw":13,"isMegawatt":false,"status":"AVAILABLE","source":"ndw"}},{"type":"Feature","geometry":{"type":"Point","coordinates":[4.63614,52.374662]},"properties":{"type":"charge","layer":"passenger","locationId":"25cc0d6e6d68dca1f65019f7cb430c1d","name":"Bloemhofstraat 22","address":"Bloemhofstraat 22","city":"Haarlem","operatorName":"Vattenfall InCharge","maxPowerKw":11,"isMegawatt":false,"status":"AVAILABLE","source":"ndw"}},{"type":"Feature","geometry":{"type":"Point","coordinates":[4.664709,52.358026]},"properties":{"type":"charge","layer":"passenger","locationId":"7706315cea214e4aede640423ff40d45","name":"Bernadottelaan 122","address":"Bernadottelaan 122","city":"Haarlem","operatorName":"Vattenfall InCharge","maxPowerKw":11,"isMegawatt":false,"status":"AVAILABLE","source":"ndw"}},{"type":"Feature","geometry":{"type":"Point","coordinates":[4.63113,52.39616]},"properties":{"type":"charge","layer":"passenger","locationId":"5ee842d3-6911-4aa2-b8da-4fbbf588db58","name":"PP001021 - Ter Cleeffstraat 137, Haarlem","address":"137 Ter Cleeffstraat","city":"Haarlem","operatorName":"TotalEnergies","maxPowerKw":11,"isMegawatt":false,"status":"UNAVAILABLE","source":"ndw"}},{"type":"Feature","geometry":{"type":"Point","coordinates":[4.65487,52.37673]},"properties":{"type":"charge","layer":"passenger","locationId":"731","name":"Shell Recharge NL van Zeggelenstraat 18","address":"van Zeggelenstraat 18","city":"Haarlem","operatorName":"Ubitricity","maxPowerKw":11,"isMegawatt":false,"status":"CHARGING","source":"ndw","priceKwh":0.388}},{"type":"Feature","geometry":{"type":"Point","coordinates":[4.65278,52.37416]},"properties":{"type":"charge","layer":"passenger","locationId":"1528","name":"Shell Recharge NL Johan Wagenaarring 32","address":"Johan Wagenaarring 32","city":"Haarlem","operatorName":"Ubitricity","maxPowerKw":11,"isMegawatt":false,"status":"CHARGING","source":"ndw","priceKwh":0.388}},{"type":"Feature","geometry":{"type":"Point","coordinates":[4.651772,52.37793]},"properties":{"type":"charge","layer":"passenger","locationId":"a6ad4e45-0db9-40cc-953c-724ddbda75e9","name":"TNLP007760 - Adriaan Loosjesstraaat 93, Haarlem","address":"93 Adriaan Loosjesstraaat","city":"Haarlem","operatorName":"TotalEnergies","maxPowerKw":13,"isMegawatt":false,"status":"CHARGING","source":"ndw"}},{"type":"Feature","geometry":{"type":"Point","coordinates":[4.65676,52.40479]},"properties":{"type":"charge","layer":"passenger","locationId":"124c7124-cb20-45d9-b662-193878ccba3b","name":"PP005375 - Botterboulevard 60, Haarlem","address":"60 Botterboulevard","city":"Haarlem","operatorName":"TotalEnergies","maxPowerKw":13,"isMegawatt":false,"status":"AVAILABLE","source":"ndw"}},{"type":"Feature","geometry":{"type":"Point","coordinates":[4.64981,52.36812]},"properties":{"type":"charge","layer":"passenger","locationId":"3237a8ab-07ea-49eb-8454-c3b7146f2944","name":"PP001523 - Roolandweg 85, Haarlem","address":"85 Roolandweg","city":"Haarlem","operatorName":"TotalEnergies","maxPowerKw":11,"isMegawatt":false,"status":"AVAILABLE","source":"ndw"}},{"type":"Feature","geometry":{"type":"Point","coordinates":[4.629632,52.384423]},"properties":{"type":"charge","layer":"passenger","locationId":"11966e7a-7b62-4e56-b7ad-b7bfe2e6bab8","name":"TNLP006333","address":"Burgemeester Sandbergstraat 7","city":"Haarlem","operatorName":"TotalEnergies","maxPowerKw":14,"isMegawatt":false,"status":"AVAILABLE","source":"ndw"}},{"type":"Feature","geometry":{"type":"Point","coordinates":[4.645076,52.359097]},"properties":{"type":"charge","layer":"passenger","locationId":"ad4da212-7aa9-45bf-8b61-e56d2a6735b2","name":"TNLP007897 - Antwerpenstraat 2, Haarlem","address":"2 Antwerpenstraat","city":"Haarlem","operatorName":"TotalEnergies","maxPowerKw":15,"isMegawatt":false,"status":"AVAILABLE","source":"ndw"}},{"type":"Feature","geometry":{"type":"Point","coordinates":[4.6065,52.38421]},"properties":{"type":"charge","layer":"passenger","locationId":"32f0694a-6f5d-4100-b339-aec08fe321bf","name":"PP004168","address":"Pieter Wantelaan 52","city":"Haarlem","operatorName":"TotalEnergies","maxPowerKw":14,"isMegawatt":false,"status":"CHARGING","source":"ndw"}},{"type":"Feature","geometry":{"type":"Point","coordinates":[4.66142,52.35305]},"properties":{"type":"charge","layer":"passenger","locationId":"68f57663-5178-4bca-9884-7d5fbaac16bf","name":"PP004241","address":"Martin Luther Kinglaan 50-60","city":"Haarlem","operatorName":"TotalEnergies","maxPowerKw":14,"isMegawatt":false,"status":"CHARGING","source":"ndw"}},{"type":"Feature","geometry":{"type":"Point","coordinates":[4.640943,52.37519]},"properties":{"type":"charge","layer":"passenger","locationId":"6f3fde8c-5640-408a-86b3-cf92109edc04","name":"TNLP007728 - Linschotenstraat 65, Haarlem","address":"65 Linschotenstraat","city":"Haarlem","operatorName":"TotalEnergies","maxPowerKw":13,"isMegawatt":false,"status":"AVAILABLE","source":"ndw"}},{"type":"Feature","geometry":{"type":"Point","coordinates":[4.644,52.40436]},"properties":{"type":"charge","layer":"passenger","locationId":"a98a611b-597e-4699-bf2b-b017bccfbdf0","name":"TNLP009822 - Overtonstraat 42, Haarlem","address":"42 Overtonstraat","city":"Haarlem","operatorName":"TotalEnergies","maxPowerKw":13,"isMegawatt":false,"status":"CHARGING","source":"ndw"}},{"type":"Feature","geometry":{"type":"Point","coordinates":[4.61387,52.37753]},"properties":{"type":"charge","layer":"passenger","locationId":"258c82d2-69e7-40d3-a6ab-f9f89845dc5c","name":"PP002077 - Gibraltarstraat 36, Haarlem","address":"36 Gibraltarstraat","city":"Haarlem","operatorName":"TotalEnergies","maxPowerKw":11,"isMegawatt":false,"status":"AVAILABLE","source":"ndw"}},{"type":"Feature","geometry":{"type":"Point","coordinates":[4.663083,52.378442]},"properties":{"type":"charge","layer":"passenger","locationId":"ff796af8723e641634edf8c91417382e","name":"Pr. Beatrixplein 14","address":"Pr. Beatrixplein 14","city":"Haarlem","operatorName":"Vattenfall InCharge","maxPowerKw":11,"isMegawatt":false,"status":"AVAILABLE","source":"ndw"}},{"type":"Feature","geometry":{"type":"Point","coordinates":[4.6162,52.36816]},"properties":{"type":"charge","layer":"passenger","locationId":"0630b243-4643-4fe5-90c9-61f2a19f563d","name":"PP002128 - Prinsessekade 44, Haarlem","address":"44 Prinsessekade","city":"Haarlem","operatorName":"TotalEnergies","maxPowerKw":11,"isMegawatt":false,"status":"AVAILABLE","source":"ndw"}},{"type":"Feature","geometry":{"type":"Point","coordinates":[4.608452,52.36693]},"properties":{"type":"charge","layer":"passenger","locationId":"23d769da-4aae-4359-b81d-c75bdf21695d","name":"TNLP007430 - Van Leeuwenhoekstraat 14, Haarlem","address":"14 Van Leeuwenhoekstraat","city":"Haarlem","operatorName":"TotalEnergies","maxPowerKw":13,"isMegawatt":false,"status":"CHARGING","source":"ndw"}},{"type":"Feature","geometry":{"type":"Point","coordinates":[4.625628,52.382545]},"properties":{"type":"charge","layer":"passenger","locationId":"5d26e27a-732f-4f45-b6e1-da947d181ba2","name":"TNLP006171 - Waldeck Pyrmontstraat 1, Haarlem","address":"1 Waldeck Pyrmontstraat","city":"Haarlem","operatorName":"TotalEnergies","maxPowerKw":13,"isMegawatt":false,"status":"AVAILABLE","source":"ndw"}},{"type":"Feature","geometry":{"type":"Point","coordinates":[4.6523476,52.352715]},"properties":{"type":"charge","layer":"passenger","locationId":"544b5175-ec79-4fdd-9197-2f164d58c3a9","name":"EV Hub - Engelenburg 3, Haarlem","address":"3 Engelenburg","city":"Haarlem","operatorName":"TotalEnergies","maxPowerKw":50,"isMegawatt":false,"status":"AVAILABLE","source":"ndw"}},{"type":"Feature","geometry":{"type":"Point","coordinates":[4.63394,52.36448]},"properties":{"type":"charge","layer":"passenger","locationId":"56352002-4d89-48d9-b831-b87aba49a275","name":"PP001025 - Spaarnelaan 25, Haarlem","address":"25 Spaarnelaan","city":"Haarlem","operatorName":"TotalEnergies","maxPowerKw":11,"isMegawatt":false,"status":"UNAVAILABLE","source":"ndw"}},{"type":"Feature","geometry":{"type":"Point","coordinates":[4.65127,52.41266]},"properties":{"type":"charge","layer":"passenger","locationId":"c2123b7b-bd40-4ed8-922c-2318612a4985","name":"PP005061","address":"Rijksstraatweg 344","city":"Haarlem","operatorName":"TotalEnergies","maxPowerKw":14,"isMegawatt":false,"status":"CHARGING","source":"ndw"}},{"type":"Feature","geometry":{"type":"Point","coordinates":[4.640587,52.385383]},"properties":{"type":"charge","layer":"passenger","locationId":"c2436c13-281d-447c-9e16-8ba5f0266eb2","name":"PP004094","address":"Parklaan 64","city":"Haarlem","operatorName":"TotalEnergies","maxPowerKw":14,"isMegawatt":false,"status":"AVAILABLE","source":"ndw"}},{"type":"Feature","geometry":{"type":"Point","coordinates":[4.648103,52.40475]},"properties":{"type":"charge","layer":"passenger","locationId":"fe822630-1922-4583-94c3-7cc1f9140727","name":"TNLP008019 - Rijksstraatweg 149, Haarlem","address":"149 Rijksstraatweg","city":"Haarlem","operatorName":"TotalEnergies","maxPowerKw":13,"isMegawatt":false,"status":"CHARGING","source":"ndw"}},{"type":"Feature","geometry":{"type":"Point","coordinates":[4.632608,52.403235]},"properties":{"type":"charge","layer":"passenger","locationId":"1274450a-2b34-474d-8bba-5e1cf0ac1c23","name":"TNLP007101","address":"Wilgenstraat 116","city":"Haarlem","operatorName":"TotalEnergies","maxPowerKw":14,"isMegawatt":false,"status":"AVAILABLE","source":"ndw"}},{"type":"Feature","geometry":{"type":"Point","coordinates":[4.641553,52.383866]},"properties":{"type":"charge","layer":"passenger","locationId":"6448FF48-0D0B-4962-9C26-03DA3D8DFF50","name":"TNLP007967","address":"Koudenhorn 4","city":"Haarlem","operatorName":"TotalEnergies","maxPowerKw":14,"isMegawatt":false,"status":"CHARGING","source":"ndw"}},{"type":"Feature","geometry":{"type":"Point","coordinates":[4.62474,52.38468]},"properties":{"type":"charge","layer":"passenger","locationId":"f1d0f7a8-63b6-4f2d-989f-2215b5261a77","name":"PP004324","address":"Bilderdijkstraat 1A","city":"Haarlem","operatorName":"TotalEnergies","maxPowerKw":14,"isMegawatt":false,"status":"AVAILABLE","source":"ndw"}},{"type":"Feature","geometry":{"type":"Point","coordinates":[4.6451,52.382175]},"properties":{"type":"charge","layer":"passenger","locationId":"06ca1f97-23fe-43ad-98b7-41fa0e696497","name":"TNLP007729 - Korte Dijk 7, Haarlem","address":"7 Korte Dijk","city":"Haarlem","operatorName":"TotalEnergies","maxPowerKw":13,"isMegawatt":false,"status":"CHARGING","source":"ndw"}},{"type":"Feature","geometry":{"type":"Point","coordinates":[4.62796,52.37505]},"properties":{"type":"charge","layer":"passenger","locationId":"1b3024af-14ea-46fc-83f5-245ad0ad0ccf","name":"TNLP003580 - Lorentzplein 16, Haarlem","address":"16 Lorentzplein","city":"Haarlem","operatorName":"TotalEnergies","maxPowerKw":17,"isMegawatt":false,"status":"CHARGING","source":"ndw"}},{"type":"Feature","geometry":{"type":"Point","coordinates":[4.64471,52.3957]},"properties":{"type":"charge","layer":"passenger","locationId":"f06ba7dd-bd4b-48a7-a5e5-fe9390a6d373","name":"PP002163 - Bloemfonteinstraat 16, Haarlem","address":"16 Bloemfonteinstraat","city":"Haarlem","operatorName":"TotalEnergies","maxPowerKw":11,"isMegawatt":false,"status":"AVAILABLE","source":"ndw"}},{"type":"Feature","geometry":{"type":"Point","coordinates":[4.65417,52.35151]},"properties":{"type":"charge","layer":"passenger","locationId":"f50975ac-ed76-4a5c-8ac3-a2ab8653b6e1","name":"PP005081 - Engelenburg 349-407, Haarlem","address":"349-407 Engelenburg","city":"Haarlem","operatorName":"TotalEnergies","maxPowerKw":13,"isMegawatt":false,"status":"CHARGING","source":"ndw"}},{"type":"Feature","geometry":{"type":"Point","coordinates":[4.64313,52.39719]},"properties":{"type":"charge","layer":"passenger","locationId":"d6fb6d61-dcf0-4e2a-9bd9-b867f24e965c","name":"TNLP007157","address":"Julianapark 10","city":"Haarlem","operatorName":"TotalEnergies","maxPowerKw":14,"isMegawatt":false,"status":"AVAILABLE","source":"ndw"}},{"type":"Feature","geometry":{"type":"Point","coordinates":[4.635585,52.37113]},"properties":{"type":"charge","layer":"passenger","locationId":"0a8cacbc-e3e9-45c5-a06b-2847d79a8c19","name":"TNLP009489 - Vlietsorgstraat 15, Haarlem","address":"15 Vlietsorgstraat","city":"Haarlem","operatorName":"TotalEnergies","maxPowerKw":13,"isMegawatt":false,"status":"AVAILABLE","source":"ndw"}},{"type":"Feature","geometry":{"type":"Point","coordinates":[4.62884,52.380882]},"properties":{"type":"charge","layer":"passenger","locationId":"d6798238-66c1-4cf2-b42d-80bc6e794a98","name":"TNLP006525 - Oude Zijlvest 5, Haarlem","address":"5 Oude Zijlvest","city":"Haarlem","operatorName":"TotalEnergies","maxPowerKw":13,"isMegawatt":false,"status":"AVAILABLE","source":"ndw"}},{"type":"Feature","geometry":{"type":"Point","coordinates":[4.663215,52.392849]},"properties":{"type":"charge","layer":"passenger","locationId":"feace76b4906b1a8af393a8f713ed886","name":"Mollerusweg 60","address":"Mollerusweg 60","city":"Haarlem","operatorName":"Vattenfall InCharge","maxPowerKw":11,"isMegawatt":false,"status":"AVAILABLE","source":"ndw"}},{"type":"Feature","geometry":{"type":"Point","coordinates":[4.64065,52.37275]},"properties":{"type":"charge","layer":"passenger","locationId":"668","name":"Shell Recharge NL Bakkerstraat 51","address":"Bakkerstraat 51","city":"Haarlem","operatorName":"Ubitricity","maxPowerKw":11,"isMegawatt":false,"status":"AVAILABLE","source":"ndw","priceKwh":0.388}},{"type":"Feature","geometry":{"type":"Point","coordinates":[4.63264,52.3668]},"properties":{"type":"charge","layer":"passenger","locationId":"1293793f-7f7f-4f4e-b008-198da4c8f375","name":"PP004199 - Kleine Houtweg 245, Haarlem","address":"245 Kleine Houtweg","city":"Haarlem","operatorName":"TotalEnergies","maxPowerKw":13,"isMegawatt":false,"status":"AVAILABLE","source":"ndw"}},{"type":"Feature","geometry":{"type":"Point","coordinates":[4.641277,52.395042]},"properties":{"type":"charge","layer":"passenger","locationId":"0e875e07-508c-4953-8c31-4f91835926cd","name":"TNLP005977 - Schoterweg 158, Haarlem","address":"158 Schoterweg","city":"Haarlem","operatorName":"TotalEnergies","maxPowerKw":13,"isMegawatt":false,"status":"CHARGING","source":"ndw"}},{"type":"Feature","geometry":{"type":"Point","coordinates":[4.640355,52.389957]},"properties":{"type":"charge","layer":"passenger","locationId":"4d9a2559-b2e3-4f21-a3f7-72e63184096b","name":"TNLP007316 - Kloppersingel 1, Haarlem","address":"1 Kloppersingel","city":"Haarlem","operatorName":"TotalEnergies","maxPowerKw":13,"isMegawatt":false,"status":"AVAILABLE","source":"ndw"}},{"type":"Feature","geometry":{"type":"Point","coordinates":[4.638431,52.376197]},"properties":{"type":"charge","layer":"passenger","locationId":"7558714e-b7ac-420e-bc16-7c7ffaf0b834","name":"PP005252","address":"Petrus Planciusstraat 6","city":"Haarlem","operatorName":"TotalEnergies","maxPowerKw":14,"isMegawatt":false,"status":"AVAILABLE","source":"ndw"}},{"type":"Feature","geometry":{"type":"Point","coordinates":[4.644674,52.392216]},"properties":{"type":"charge","layer":"passenger","locationId":"cc3ef40d-6084-438e-961d-a20c5497ffad","name":"TNLP009568 - Paul Krugerkade 2, Haarlem","address":"2 Paul Krugerkade","city":"Haarlem","operatorName":"TotalEnergies","maxPowerKw":13,"isMegawatt":false,"status":"CHARGING","source":"ndw"}},{"type":"Feature","geometry":{"type":"Point","coordinates":[4.610289,52.38294]},"properties":{"type":"charge","layer":"passenger","locationId":"179576b8-2d6a-4257-a2b5-2c44fe7be740","name":"TNLP007712 - Pieter Wantelaan 32, Haarlem","address":"32 Pieter Wantelaan","city":"Haarlem","operatorName":"TotalEnergies","maxPowerKw":15,"isMegawatt":false,"status":"AVAILABLE","source":"ndw"}},{"type":"Feature","geometry":{"type":"Point","coordinates":[4.618088,52.37996]},"properties":{"type":"charge","layer":"passenger","locationId":"38dfb187-8c7e-4996-9ded-b67adf8c7524","name":"Laadplein - PP005368 - Leidsestraat 152, Haarlem","address":"152 Leidsestraat","city":"Haarlem","operatorName":"TotalEnergies","maxPowerKw":17,"isMegawatt":false,"status":"AVAILABLE","source":"ndw"}},{"type":"Feature","geometry":{"type":"Point","coordinates":[4.633548,52.384453]},"properties":{"type":"charge","layer":"passenger","locationId":"019ed656-e0fc-4115-b341-d198adbf297f","name":"TNLP006694 - Nassauplein 51, Haarlem","address":"51 Nassauplein","city":"Haarlem","operatorName":"TotalEnergies","maxPowerKw":15,"isMegawatt":false,"status":"CHARGING","source":"ndw"}},{"type":"Feature","geometry":{"type":"Point","coordinates":[4.6506814,52.3584688]},"properties":{"type":"charge","layer":"passenger","locationId":"1952","name":"Shell Recharge NL Wenenstraat 1","address":"Wenenstraat 1","city":"Haarlem","operatorName":"Ubitricity","maxPowerKw":22,"isMegawatt":false,"status":"AVAILABLE","source":"ndw","priceKwh":0.266}},{"type":"Feature","geometry":{"type":"Point","coordinates":[4.65706,52.37881]},"properties":{"type":"charge","layer":"passenger","locationId":"079e61ed-27cb-4c38-91bf-e0924c7a5457","name":"PP004210","address":"Van Zeggelenplein 14","city":"Haarlem","operatorName":"TotalEnergies","maxPowerKw":14,"isMegawatt":false,"status":"CHARGING","source":"ndw"}},{"type":"Feature","geometry":{"type":"Point","coordinates":[4.666022,52.353096]},"properties":{"type":"charge","layer":"passenger","locationId":"cf28de31-8242-495a-96d1-668f6361ff82","name":"TNLP007063 - Bernadottelaan 174, Haarlem","address":"174 Bernadottelaan","city":"Haarlem","operatorName":"TotalEnergies","maxPowerKw":13,"isMegawatt":false,"status":"AVAILABLE","source":"ndw"}},{"type":"Feature","geometry":{"type":"Point","coordinates":[4.656944,52.408322]},"properties":{"type":"charge","layer":"passenger","locationId":"92c11aba-b5d7-4297-bd7d-ba6cb85ee29a","name":"TNLP006428","address":"Willebrordstraat 17","city":"Haarlem","operatorName":"TotalEnergies","maxPowerKw":14,"isMegawatt":false,"status":"AVAILABLE","source":"ndw"}},{"type":"Feature","geometry":{"type":"Point","coordinates":[4.601361,52.38247]},"properties":{"type":"charge","layer":"passenger","locationId":"270e8634-57c0-48c1-bb86-e53ca96a900e","name":"TNLP008173 - Midden Tuindorpslaan 25, Haarlem","address":"25 Midden Tuindorpslaan","city":"Haarlem","operatorName":"TotalEnergies","maxPowerKw":13,"isMegawatt":false,"status":"AVAILABLE","source":"ndw"}},{"type":"Feature","geometry":{"type":"Point","coordinates":[4.65212,52.40527]},"properties":{"type":"charge","layer":"passenger","locationId":"0ece9883-efef-4f9d-af7f-4cc77ed7fc99","name":"PP004265","address":"Indischestraat 153","city":"Haarlem","operatorName":"TotalEnergies","maxPowerKw":14,"isMegawatt":false,"status":"AVAILABLE","source":"ndw"}},{"type":"Feature","geometry":{"type":"Point","coordinates":[4.636973,52.373362]},"properties":{"type":"charge","layer":"passenger","locationId":"8AB45A17-D9CC-4049-BFE8-A7FD17FF39FA","name":"TNLP007761","address":"Bakkerstraat 2","city":"Haarlem","operatorName":"TotalEnergies","maxPowerKw":14,"isMegawatt":false,"status":"AVAILABLE","source":"ndw"}},{"type":"Feature","geometry":{"type":"Point","coordinates":[4.663069,52.356695]},"properties":{"type":"charge","layer":"passenger","locationId":"37966c26ae13c32e1d6bbe9109c66e7a","name":"Majoor Bosshardtplantsoen 19","address":"Majoor Bosshardtplantsoen 19","city":"Haarlem","operatorName":"Vattenfall InCharge","maxPowerKw":11,"isMegawatt":false,"status":"CHARGING","source":"ndw"}},{"type":"Feature","geometry":{"type":"Point","coordinates":[4.64415,52.41414]},"properties":{"type":"charge","layer":"passenger","locationId":"ca96f8ba-1b06-4f22-945f-71039f813b14","name":"PP004014 - Van Moerkerkenstraat 48, Haarlem","address":"48 Van Moerkerkenstraat","city":"Haarlem","operatorName":"TotalEnergies","maxPowerKw":13,"isMegawatt":false,"status":"AVAILABLE","source":"ndw"}},{"type":"Feature","geometry":{"type":"Point","coordinates":[4.62788,52.37103]},"properties":{"type":"charge","layer":"passenger","locationId":"f7ba5fce-0aeb-44c9-8d6d-8aef616f5f6c","name":"TNLP015082 - Floraplein 28, Haarlem","address":"28 Floraplein","city":"Haarlem","operatorName":"TotalEnergies","maxPowerKw":13,"isMegawatt":false,"status":"AVAILABLE","source":"ndw"}},{"type":"Feature","geometry":{"type":"Point","coordinates":[4.647347,52.37279]},"properties":{"type":"charge","layer":"passenger","locationId":"93325ff8-ae42-4b98-a641-d29a82b37ed1","name":"TNLP009649 - Merovingenstraat 19, Haarlem","address":"19 Merovingenstraat","city":"Haarlem","operatorName":"TotalEnergies","maxPowerKw":13,"isMegawatt":false,"status":"CHARGING","source":"ndw"}},{"type":"Feature","geometry":{"type":"Point","coordinates":[4.6576971,52.3800612]},"properties":{"type":"charge","layer":"passenger","locationId":"1045","name":"Shell Recharge NL J. Craandijkstraat 18","address":"J. Craandijkstraat 18","city":"Haarlem","operatorName":"Ubitricity","maxPowerKw":22,"isMegawatt":false,"status":"CHARGING","source":"ndw","priceKwh":0.266}},{"type":"Feature","geometry":{"type":"Point","coordinates":[4.62813,52.38027]},"properties":{"type":"charge","layer":"passenger","locationId":"5b03ac34-dafd-4bfb-ad18-4e51f9fde829","name":"TNLP005866 - Wilhelminastraat 19, Haarlem","address":"19 Wilhelminastraat","city":"Haarlem","operatorName":"TotalEnergies","maxPowerKw":13,"isMegawatt":false,"status":"AVAILABLE","source":"ndw"}},{"type":"Feature","geometry":{"type":"Point","coordinates":[4.62664,52.37453]},"properties":{"type":"charge","layer":"passenger","locationId":"85397617-d22c-4a93-87fb-0203be3eeb1a","name":"PP002171 - Mecklenburgstraat 9, Haarlem","address":"9 Mecklenburgstraat","city":"Haarlem","operatorName":"TotalEnergies","maxPowerKw":11,"isMegawatt":false,"status":"AVAILABLE","source":"ndw"}},{"type":"Feature","geometry":{"type":"Point","coordinates":[4.603758,52.38339]},"properties":{"type":"charge","layer":"passenger","locationId":"d9fb6291-4403-4bb1-be68-0cd78bb9f203","name":"TNLP008065 - Ramplaan 44, Haarlem","address":"44 Ramplaan","city":"Haarlem","operatorName":"TotalEnergies","maxPowerKw":13,"isMegawatt":false,"status":"CHARGING","source":"ndw"}},{"type":"Feature","geometry":{"type":"Point","coordinates":[4.6291,52.3862]},"properties":{"type":"charge","layer":"passenger","locationId":"10f285fc-b580-447e-85c6-13ab12210092","name":"PP002040 - Nicolaas van der Laanstraat 26, Haarlem","address":"26 Nicolaas van der Laanstraat","city":"Haarlem","operatorName":"TotalEnergies","maxPowerKw":11,"isMegawatt":false,"status":"AVAILABLE","source":"ndw"}},{"type":"Feature","geometry":{"type":"Point","coordinates":[4.654679,52.38014]},"properties":{"type":"charge","layer":"passenger","locationId":"d7877fe1-944e-4142-9724-eeef4184651f","name":"TNLP007969 - Teding van Berkhoutstraat 43, Haarlem","address":"43 Teding van Berkhoutstraat","city":"Haarlem","operatorName":"TotalEnergies","maxPowerKw":13,"isMegawatt":false,"status":"CHARGING","source":"ndw"}},{"type":"Feature","geometry":{"type":"Point","coordinates":[4.66007,52.366142]},"properties":{"type":"charge","layer":"passenger","locationId":"100D250C-B3DF-4D1E-BAC4-7063AD9B1FA8","name":"TNLP009296","address":"Ledeboerstraat 3","city":"Haarlem","operatorName":"TotalEnergies","maxPowerKw":14,"isMegawatt":false,"status":"CHARGING","source":"ndw"}},{"type":"Feature","geometry":{"type":"Point","coordinates":[4.623542,52.376408]},"properties":{"type":"charge","layer":"passenger","locationId":"86a88ed4-3d1a-4f30-93c9-f186e52f46f4","name":"TNLP015043 - Noorder Emmakade 23a, Haarlem","address":"23a Noorder Emmakade","city":"Haarlem","operatorName":"TotalEnergies","maxPowerKw":13,"isMegawatt":false,"status":"AVAILABLE","source":"ndw"}},{"type":"Feature","geometry":{"type":"Point","coordinates":[4.645029,52.383518]},"properties":{"type":"charge","layer":"passenger","locationId":"500e5b3a24a14be48366","name":"De Koepel Haarlem","address":"Harmenjansweg 4","city":"Haarlem","operatorName":"Opcharge","maxPowerKw":22,"isMegawatt":false,"status":"AVAILABLE","source":"ndw","priceKwh":0.49}},{"type":"Feature","geometry":{"type":"Point","coordinates":[4.611103,52.37057]},"properties":{"type":"charge","layer":"passenger","locationId":"85898a5ca83f9f47c68720022af91398","name":"Thomsonlaan 41","address":"Thomsonlaan 41","city":"Haarlem","operatorName":"Vattenfall InCharge","maxPowerKw":11,"isMegawatt":false,"status":"AVAILABLE","source":"ndw"}},{"type":"Feature","geometry":{"type":"Point","coordinates":[4.62119,52.37195]},"properties":{"type":"charge","layer":"passenger","locationId":"320be35b-c78e-4a24-a6d0-e3b8d47c4c92","name":"Laadplein - PP004208 - Prins Clausstraat 69, Haarlem","address":"69 Prins Clausstraat","city":"Haarlem","operatorName":"TotalEnergies","maxPowerKw":15,"isMegawatt":false,"status":"AVAILABLE","source":"ndw"}},{"type":"Feature","geometry":{"type":"Point","coordinates":[4.62855,52.37452]},"properties":{"type":"charge","layer":"passenger","locationId":"33ed7d9a-6bb4-4147-a2c3-8272d5356e6d","name":"PP004156","address":"Lorentzplein 34","city":"Haarlem","operatorName":"TotalEnergies","maxPowerKw":14,"isMegawatt":false,"status":"AVAILABLE","source":"ndw"}},{"type":"Feature","geometry":{"type":"Point","coordinates":[4.61484,52.37088]},"properties":{"type":"charge","layer":"passenger","locationId":"a7a49921-9a28-420b-9161-4b5e1da3844c","name":"PP005111 - Stephensonstraat 8-10, Haarlem","address":"8-10 Stephensonstraat","city":"Haarlem","operatorName":"TotalEnergies","maxPowerKw":13,"isMegawatt":false,"status":"CHARGING","source":"ndw"}},{"type":"Feature","geometry":{"type":"Point","coordinates":[4.619039,52.371268]},"properties":{"type":"charge","layer":"passenger","locationId":"992e19f5-535e-483a-9a51-6b028096194c","name":"Schouwtjeslaan","address":"Schouwtjeslaan 63","city":"Haarlem","operatorName":"Vattenfall InCharge","maxPowerKw":11,"isMegawatt":false,"status":"AVAILABLE","source":"ndw"}},{"type":"Feature","geometry":{"type":"Point","coordinates":[4.650075,52.400108]},"properties":{"type":"charge","layer":"passenger","locationId":"679efa90-ad30-4edb-8d19-d9dfc762e602","name":"Molukkenstraat","address":"Molukkenstraat 56","city":"Haarlem","operatorName":"Vattenfall InCharge","maxPowerKw":11,"isMegawatt":false,"status":"CHARGING","source":"ndw"}},{"type":"Feature","geometry":{"type":"Point","coordinates":[4.667719,52.376907]},"properties":{"type":"charge","layer":"passenger","locationId":"16318456-093d-4e92-a0f2-cb55b71bb945","name":"PP005017 - Antonio Netostraat 1, Haarlem","address":"1 Antonio Netostraat","city":"Haarlem","operatorName":"TotalEnergies","maxPowerKw":13,"isMegawatt":false,"status":"AVAILABLE","source":"ndw"}},{"type":"Feature","geometry":{"type":"Point","coordinates":[4.655859,52.381215]},"properties":{"type":"charge","layer":"passenger","locationId":"0f480d90-4150-4db0-8ece-99c5704c722a","name":"TNLP005925","address":"Amsterdamsevaart 174","city":"Haarlem","operatorName":"TotalEnergies","maxPowerKw":14,"isMegawatt":false,"status":"CHARGING","source":"ndw"}},{"type":"Feature","geometry":{"type":"Point","coordinates":[4.62915,52.37745]},"properties":{"type":"charge","layer":"passenger","locationId":"cbe1f066-bd6a-49de-a15e-ea254ceaab3d","name":"PP004022","address":"Nieuwe Kerksplein 16","city":"Haarlem","operatorName":"TotalEnergies","maxPowerKw":14,"isMegawatt":false,"status":"AVAILABLE","source":"ndw"}},{"type":"Feature","geometry":{"type":"Point","coordinates":[4.64917,52.38562]},"properties":{"type":"charge","layer":"passenger","locationId":"509f8a16-65b0-4de2-8d93-545ac5f7d50e","name":"TNLP009405 - Kick Smitweg 7, Haarlem","address":"7 Kick Smitweg","city":"Haarlem","operatorName":"TotalEnergies","maxPowerKw":13,"isMegawatt":false,"status":"AVAILABLE","source":"ndw"}},{"type":"Feature","geometry":{"type":"Point","coordinates":[4.63761,52.4015]},"properties":{"type":"charge","layer":"passenger","locationId":"720","name":"Shell Recharge NL Marnixstraat 164","address":"Marnixstraat 164","city":"Haarlem","operatorName":"Ubitricity","maxPowerKw":11,"isMegawatt":false,"status":"AVAILABLE","source":"ndw","priceKwh":0.388}},{"type":"Feature","geometry":{"type":"Point","coordinates":[4.653004,52.417961]},"properties":{"type":"charge","layer":"passenger","locationId":"2ec59713-d6d9-4a3e-8818-85cb17f94511","name":"PP005260","address":"Gijsbrecht van Aemstelstraat 118","city":"Haarlem","operatorName":"TotalEnergies","maxPowerKw":14,"isMegawatt":false,"status":"CHARGING","source":"ndw"}},{"type":"Feature","geometry":{"type":"Point","coordinates":[4.64736,52.40747]},"properties":{"type":"charge","layer":"passenger","locationId":"09a6bed0-5580-45c9-89f1-8a798f7d2df0","name":"PP004001","address":"Marsstraat 104","city":"Haarlem","operatorName":"TotalEnergies","maxPowerKw":14,"isMegawatt":false,"status":"CHARGING","source":"ndw"}},{"type":"Feature","geometry":{"type":"Point","coordinates":[4.645023,52.400127]},"properties":{"type":"charge","layer":"passenger","locationId":"51f0f2db-e6ae-4b4e-87c1-e140840c90fd","name":"TNLP009242 - Rijksstraatweg 20, Haarlem","address":"20 Rijksstraatweg","city":"Haarlem","operatorName":"TotalEnergies","maxPowerKw":13,"isMegawatt":false,"status":"AVAILABLE","source":"ndw"}},{"type":"Feature","geometry":{"type":"Point","coordinates":[4.657122,52.405903]},"properties":{"type":"charge","layer":"passenger","locationId":"d53d6c57-1176-4eca-898b-76ec0528fbdf","name":"PP004297 - Spaarndamseweg 103, 2025 AM Haarlem","address":"4 Vondelweg","city":"Haarlem","operatorName":"TotalEnergies","maxPowerKw":13,"isMegawatt":false,"status":"AVAILABLE","source":"ndw"}},{"type":"Feature","geometry":{"type":"Point","coordinates":[4.656813,52.361125]},"properties":{"type":"charge","layer":"passenger","locationId":"23cffabd-58e5-4ecc-b50b-afcf71d454f1","name":"TNLP034012","address":"Professor Donderslaan 110","city":"Haarlem","operatorName":"TotalEnergies","maxPowerKw":14,"isMegawatt":false,"status":"AVAILABLE","source":"ndw"}},{"type":"Feature","geometry":{"type":"Point","coordinates":[4.64043,52.38369]},"properties":{"type":"charge","layer":"passenger","locationId":"6f8db1cc-488a-49d4-be61-b4c049e55638","name":"PP004031","address":"Zakstraat 2","city":"Haarlem","operatorName":"TotalEnergies","maxPowerKw":14,"isMegawatt":false,"status":"AVAILABLE","source":"ndw"}},{"type":"Feature","geometry":{"type":"Point","coordinates":[4.665557,52.380688]},"properties":{"type":"charge","layer":"passenger","locationId":"9aa55de2-bbbe-4fa3-bfed-400d050e674a","name":"PP005123 - Alexander Polaplein 18, Haarlem","address":"18 Alexander Polaplein","city":"Haarlem","operatorName":"TotalEnergies","maxPowerKw":13,"isMegawatt":false,"status":"AVAILABLE","source":"ndw"}},{"type":"Feature","geometry":{"type":"Point","coordinates":[4.65114,52.35904]},"properties":{"type":"charge","layer":"passenger","locationId":"73a9843a-bd1d-4771-80bd-71fb6efc554f","name":"PP004011 - Tiranaplantsoen 2, Haarlem","address":"2 Tiranaplantsoen","city":"Haarlem","operatorName":"TotalEnergies","maxPowerKw":13,"isMegawatt":false,"status":"AVAILABLE","source":"ndw"}},{"type":"Feature","geometry":{"type":"Point","coordinates":[4.65647,52.41007]},"properties":{"type":"charge","layer":"passenger","locationId":"1aec6818-3d1a-42c5-b0a8-205faab90676","name":"PP005086 - Vondelweg 128, Haarlem","address":"128 Vondelweg","city":"Haarlem","operatorName":"TotalEnergies","maxPowerKw":13,"isMegawatt":false,"status":"CHARGING","source":"ndw"}},{"type":"Feature","geometry":{"type":"Point","coordinates":[4.632768,52.376163]},"properties":{"type":"charge","layer":"passenger","locationId":"4c8acd61-7e91-49c7-a74c-e83e700335f6","name":"TNLP009973 - Gasthuisvest 21, Haarlem","address":"21 Gasthuisvest","city":"Haarlem","operatorName":"TotalEnergies","maxPowerKw":13,"isMegawatt":false,"status":"CHARGING","source":"ndw"}},{"type":"Feature","geometry":{"type":"Point","coordinates":[4.651331,52.385368]},"properties":{"type":"charge","layer":"passenger","locationId":"7d71421303e8a25a869cfdf5590729f8","name":"Wim van Eststraat 29","address":"Wim van Eststraat 29","city":"Haarlem","operatorName":"Vattenfall InCharge","maxPowerKw":11,"isMegawatt":false,"status":"AVAILABLE","source":"ndw"}},{"type":"Feature","geometry":{"type":"Point","coordinates":[4.654495,52.409553]},"properties":{"type":"charge","layer":"passenger","locationId":"c44678ea-884c-4fb4-9c88-36272f03dad9","name":"Batavierenplantsoen 17","address":"Batavierenplantsoen 17","city":"Haarlem","operatorName":"Vattenfall InCharge","maxPowerKw":11,"isMegawatt":false,"status":"CHARGING","source":"ndw"}},{"type":"Feature","geometry":{"type":"Point","coordinates":[4.604776,52.383688]},"properties":{"type":"charge","layer":"passenger","locationId":"688b5f28cbaafe22ee1516dc","name":"MJ","address":"Denys van Hullelaan 26","city":"Haarlem","operatorName":"E-Flux by Road","maxPowerKw":14,"isMegawatt":false,"status":"CHARGING","source":"ndw","priceKwh":0.43}},{"type":"Feature","geometry":{"type":"Point","coordinates":[4.658778,52.39555]},"properties":{"type":"charge","layer":"passenger","locationId":"81F05E60-1892-4CEA-9C29-F8ECBDF4D17D","name":"Eneco eMobility Transdev - Haarlem - Industrieweg 5","address":"Industrieweg 5","city":"Haarlem","operatorName":"Eneco","maxPowerKw":22,"isMegawatt":false,"status":"AVAILABLE","source":"ndw","priceKwh":0.45}},{"type":"Feature","geometry":{"type":"Point","coordinates":[4.62587,52.37719]},"properties":{"type":"charge","layer":"passenger","locationId":"84593a32-3145-412e-909d-992978d9d7ca","name":"PP001412 - Koninginneweg 8, Haarlem","address":"8 Koninginneweg","city":"Haarlem","operatorName":"TotalEnergies","maxPowerKw":11,"isMegawatt":false,"status":"AVAILABLE","source":"ndw"}},{"type":"Feature","geometry":{"type":"Point","coordinates":[4.65947,52.38084]},"properties":{"type":"charge","layer":"passenger","locationId":"5e0f136b-6acb-4d8f-8a83-20ca16ca34ac","name":"PP001920 - Doctor Schaepmanstraat 193, Haarlem","address":"193 Doctor Schaepmanstraat","city":"Haarlem","operatorName":"TotalEnergies","maxPowerKw":13,"isMegawatt":false,"status":"CHARGING","source":"ndw"}},{"type":"Feature","geometry":{"type":"Point","coordinates":[4.64381,52.3566]},"properties":{"type":"charge","layer":"passenger","locationId":"1495","name":"Shell Recharge NL Engelandlaan 1242","address":"Engelandlaan 1242","city":"Haarlem","operatorName":"Ubitricity","maxPowerKw":11,"isMegawatt":false,"status":"CHARGING","source":"ndw","priceKwh":0.388}},{"type":"Feature","geometry":{"type":"Point","coordinates":[4.63245,52.392653]},"properties":{"type":"charge","layer":"passenger","locationId":"1d28872c-b33a-43f4-8566-31bacc36389b","name":"TNLP006411","address":"Velserstraat 33","city":"Haarlem","operatorName":"TotalEnergies","maxPowerKw":14,"isMegawatt":false,"status":"AVAILABLE","source":"ndw"}},{"type":"Feature","geometry":{"type":"Point","coordinates":[4.643358,52.403248]},"properties":{"type":"charge","layer":"passenger","locationId":"be388173-c2fa-4115-9575-65c7324acf38","name":"TNLP007206","address":"Middenweg 81","city":"Haarlem","operatorName":"TotalEnergies","maxPowerKw":14,"isMegawatt":false,"status":"CHARGING","source":"ndw"}},{"type":"Feature","geometry":{"type":"Point","coordinates":[4.625233,52.370476]},"properties":{"type":"charge","layer":"passenger","locationId":"da03c76d-a348-4ba7-b112-e8209080b0b9","name":"TNLP005921 - Diaconessenplein 12, Haarlem","address":"12 Diaconessenplein","city":"Haarlem","operatorName":"TotalEnergies","maxPowerKw":13,"isMegawatt":false,"status":"AVAILABLE","source":"ndw"}},{"type":"Feature","geometry":{"type":"Point","coordinates":[4.6488834,52.3769711]},"properties":{"type":"charge","layer":"passenger","locationId":"1417","name":"Shell Recharge NL Zomerkade 123","address":"Zomerkade 123","city":"Haarlem","operatorName":"Ubitricity","maxPowerKw":22,"isMegawatt":false,"status":"CHARGING","source":"ndw","priceKwh":0.266}},{"type":"Feature","geometry":{"type":"Point","coordinates":[4.63274,52.3949]},"properties":{"type":"charge","layer":"passenger","locationId":"b94299a5-9125-46ad-b2aa-10d9b59f1bf1","name":"PP001663 - Jelgersmastraat 51, Haarlem","address":"51 Jelgersmastraat","city":"Haarlem","operatorName":"TotalEnergies","maxPowerKw":11,"isMegawatt":false,"status":"AVAILABLE","source":"ndw"}},{"type":"Feature","geometry":{"type":"Point","coordinates":[4.62683,52.371]},"properties":{"type":"charge","layer":"passenger","locationId":"c52e0fae-6d8f-4ce8-83b1-61b3bc9f0aea","name":"TNLP008365 - Hazepaterslaan 18, Haarlem","address":"18 Hazepaterslaan","city":"Haarlem","operatorName":"TotalEnergies","maxPowerKw":13,"isMegawatt":false,"status":"AVAILABLE","source":"ndw"}},{"type":"Feature","geometry":{"type":"Point","coordinates":[4.657926,52.356851]},"properties":{"type":"charge","layer":"passenger","locationId":"e5b2ff07-70c0-4e61-b067-ec3ee94d72f1","name":"TNLP006354","address":"Jan van Zutphenstraat 28","city":"Haarlem","operatorName":"TotalEnergies","maxPowerKw":14,"isMegawatt":false,"status":"CHARGING","source":"ndw"}},{"type":"Feature","geometry":{"type":"Point","coordinates":[4.62153,52.37856]},"properties":{"type":"charge","layer":"passenger","locationId":"514","name":"Shell Recharge NL Oranjeboomstraat 194","address":"Oranjeboomstraat 194","city":"Haarlem","operatorName":"Ubitricity","maxPowerKw":11,"isMegawatt":false,"status":"AVAILABLE","source":"ndw","priceKwh":0.388}},{"type":"Feature","geometry":{"type":"Point","coordinates":[4.64891,52.39573]},"properties":{"type":"charge","layer":"passenger","locationId":"729","name":"Shell Recharge NL Transvaalstraat 25","address":"Transvaalstraat 25","city":"Haarlem","operatorName":"Ubitricity","maxPowerKw":11,"isMegawatt":false,"status":"CHARGING","source":"ndw","priceKwh":0.388}},{"type":"Feature","geometry":{"type":"Point","coordinates":[4.65101,52.38622]},"properties":{"type":"charge","layer":"passenger","locationId":"9183a7a4-03f5-4be8-a96f-f6812c3f950c","name":"PP001035 - Wim van Eststraat 1, Haarlem","address":"1 Wim van Eststraat","city":"Haarlem","operatorName":"TotalEnergies","maxPowerKw":11,"isMegawatt":false,"status":"AVAILABLE","source":"ndw"}},{"type":"Feature","geometry":{"type":"Point","coordinates":[4.637794,52.397133]},"properties":{"type":"charge","layer":"passenger","locationId":"87f98dac-ed50-47ec-b2a1-5f0abd8fe074","name":"TNLP008079 - Hogerwoerdstraat 2, Haarlem","address":"2 Hogerwoerdstraat","city":"Haarlem","operatorName":"TotalEnergies","maxPowerKw":13,"isMegawatt":false,"status":"AVAILABLE","source":"ndw"}},{"type":"Feature","geometry":{"type":"Point","coordinates":[4.64596,52.37524]},"properties":{"type":"charge","layer":"passenger","locationId":"fd92c862-3eb1-480b-b716-7844feb562a6","name":"PP001458 - Patriarchstraat 17, Haarlem","address":"17 Patriarchstraat","city":"Haarlem","operatorName":"TotalEnergies","maxPowerKw":11,"isMegawatt":false,"status":"UNAVAILABLE","source":"ndw"}},{"type":"Feature","geometry":{"type":"Point","coordinates":[4.66438,52.386356]},"properties":{"type":"charge","layer":"passenger","locationId":"NLCPIL7158735","name":"FOURCE BV HAARLEM 1","address":"145 Oudeweg","city":"Haarlem","operatorName":"ChargePoint","maxPowerKw":22,"isMegawatt":false,"status":"AVAILABLE","source":"ndw","priceKwh":0.5}},{"type":"Feature","geometry":{"type":"Point","coordinates":[4.6615631,52.3550853]},"properties":{"type":"charge","layer":"passenger","locationId":"1406","name":"Shell Recharge NL William Boothstraat 225","address":"William Boothstraat 225","city":"Haarlem","operatorName":"Ubitricity","maxPowerKw":22,"isMegawatt":false,"status":"CHARGING","source":"ndw","priceKwh":0.266}},{"type":"Feature","geometry":{"type":"Point","coordinates":[4.644207,52.393318]},"properties":{"type":"charge","layer":"passenger","locationId":"57546f34-977f-414f-aaf3-a8c7818aaa2e","name":"TNLP007127","address":"President Steijnstraat 95","city":"Haarlem","operatorName":"TotalEnergies","maxPowerKw":14,"isMegawatt":false,"status":"CHARGING","source":"ndw"}},{"type":"Feature","geometry":{"type":"Point","coordinates":[4.6619226,52.3651951]},"properties":{"type":"charge","layer":"passenger","locationId":"1232","name":"Shell Recharge NL Ekamastraat 17","address":"Ekamastraat 17","city":"Haarlem","operatorName":"Ubitricity","maxPowerKw":22,"isMegawatt":false,"status":"AVAILABLE","source":"ndw","priceKwh":0.266}},{"type":"Feature","geometry":{"type":"Point","coordinates":[4.64153,52.38695]},"properties":{"type":"charge","layer":"passenger","locationId":"1622","name":"Shell Recharge NL Ripperdapark 11","address":"Ripperdapark 11","city":"Haarlem","operatorName":"Ubitricity","maxPowerKw":11,"isMegawatt":false,"status":"AVAILABLE","source":"ndw","priceKwh":0.388}},{"type":"Feature","geometry":{"type":"Point","coordinates":[4.64495,52.39231]},"properties":{"type":"charge","layer":"passenger","locationId":"dc819cf4-9ffa-4b55-a2df-87c606d04a34","name":"Laadplein - PP004315 - Paul Krugerkade 19, Haarlem","address":"19 Paul Krugerkade","city":"Haarlem","operatorName":"TotalEnergies","maxPowerKw":15,"isMegawatt":false,"status":"AVAILABLE","source":"ndw"}},{"type":"Feature","geometry":{"type":"Point","coordinates":[4.656045,52.359238]},"properties":{"type":"charge","layer":"passenger","locationId":"a04fda49-cac7-4352-ad56-853a564940f5","name":"Laadplein - TNLP006761 - Floridaplein 1, Haarlem","address":"1 Floridaplein","city":"Haarlem","operatorName":"TotalEnergies","maxPowerKw":15,"isMegawatt":false,"status":"AVAILABLE","source":"ndw"}},{"type":"Feature","geometry":{"type":"Point","coordinates":[4.61911,52.377083]},"properties":{"type":"charge","layer":"passenger","locationId":"bc0ba5cf-f0ca-41a4-81c9-4dfe4dcd3e56","name":"TNLP015447 - Van Oosten de Bruijnstraat 43, Haarlem","address":"43 Van Oosten de Bruijnstraat","city":"Haarlem","operatorName":"TotalEnergies","maxPowerKw":13,"isMegawatt":false,"status":"AVAILABLE","source":"ndw"}},{"type":"Feature","geometry":{"type":"Point","coordinates":[4.644547,52.405144]},"properties":{"type":"charge","layer":"passenger","locationId":"aed7d5b1-ea89-44d5-839b-3d4bacc61804","name":"TNLP007650 - Middenweg 98, Haarlem","address":"98 Middenweg","city":"Haarlem","operatorName":"TotalEnergies","maxPowerKw":13,"isMegawatt":false,"status":"AVAILABLE","source":"ndw"}},{"type":"Feature","geometry":{"type":"Point","coordinates":[4.63825,52.38556]},"properties":{"type":"charge","layer":"passenger","locationId":"6f607549-55c7-4e28-8e1d-f08ec9fb249c","name":"TNLP009693 - Parklaan 32, Haarlem","address":"32 Parklaan","city":"Haarlem","operatorName":"TotalEnergies","maxPowerKw":17,"isMegawatt":false,"status":"CHARGING","source":"ndw"}},{"type":"Feature","geometry":{"type":"Point","coordinates":[4.6161,52.36941]},"properties":{"type":"charge","layer":"passenger","locationId":"9cb25f65f59faf08366278bdb08d5d4b","name":"ALF-0070152","address":"Leidsevaart 394","city":"Haarlem","operatorName":"Vattenfall InCharge","maxPowerKw":11,"isMegawatt":false,"status":"AVAILABLE","source":"ndw"}},{"type":"Feature","geometry":{"type":"Point","coordinates":[4.64537,52.40207]},"properties":{"type":"charge","layer":"passenger","locationId":"d124b76d-428e-40cb-85f9-fe9cbb19467c","name":"PP004294 - Rijksstraatweg 57, Haarlem","address":"57 Rijksstraatweg","city":"Haarlem","operatorName":"TotalEnergies","maxPowerKw":13,"isMegawatt":false,"status":"AVAILABLE","source":"ndw"}},{"type":"Feature","geometry":{"type":"Point","coordinates":[4.634411,52.405735]},"properties":{"type":"charge","layer":"passenger","locationId":"dbaa5ffc-c5ce-4e2b-be2d-0701818d4d58","name":"TNLP009324 - Pleiadenstraat 154, Haarlem","address":"154 Pleiadenstraat","city":"Haarlem","operatorName":"TotalEnergies","maxPowerKw":13,"isMegawatt":false,"status":"AVAILABLE","source":"ndw"}},{"type":"Feature","geometry":{"type":"Point","coordinates":[4.61737,52.381521]},"properties":{"type":"charge","layer":"passenger","locationId":"3964795","name":"Laadnet Oprit","address":"Jan van Galenstraat 78","city":"Haarlem","operatorName":"Laadnet","maxPowerKw":11,"isMegawatt":false,"status":"AVAILABLE","source":"ndw"}},{"type":"Feature","geometry":{"type":"Point","coordinates":[4.619253,52.3818648]},"properties":{"type":"charge","layer":"passenger","locationId":"1044","name":"Shell Recharge NL Olycanstraat 54","address":"Olycanstraat 54","city":"Haarlem","operatorName":"Ubitricity","maxPowerKw":22,"isMegawatt":false,"status":"AVAILABLE","source":"ndw","priceKwh":0.266}},{"type":"Feature","geometry":{"type":"Point","coordinates":[4.6369,52.410927]},"properties":{"type":"charge","layer":"passenger","locationId":"135a9f14-9d70-4891-818b-b1687d8df8b2","name":"TNLP005945 - Delftlaan 353, Haarlem","address":"353 Delftlaan","city":"Haarlem","operatorName":"TotalEnergies","maxPowerKw":13,"isMegawatt":false,"status":"CHARGING","source":"ndw"}},{"type":"Feature","geometry":{"type":"Point","coordinates":[4.672548,52.378956]},"properties":{"type":"charge","layer":"passenger","locationId":"6a92da72-4ced-4598-b2ca-88bb64d0e3c9","name":"TNLP007259 - Amnesty Internationalweg 39, Haarlem","address":"39 Amnesty Internationalweg","city":"Haarlem","operatorName":"TotalEnergies","maxPowerKw":13,"isMegawatt":false,"status":"CHARGING","source":"ndw"}},{"type":"Feature","geometry":{"type":"Point","coordinates":[4.60431,52.38346]},"properties":{"type":"charge","layer":"passenger","locationId":"c58a52a0-1175-463e-b1af-8443b3bbd344","name":"TNLP003662 - Ramplaan 43, Haarlem","address":"43 Ramplaan","city":"Haarlem","operatorName":"TotalEnergies","maxPowerKw":17,"isMegawatt":false,"status":"AVAILABLE","source":"ndw"}},{"type":"Feature","geometry":{"type":"Point","coordinates":[4.65135,52.37673]},"properties":{"type":"charge","layer":"passenger","locationId":"67beb4f1-c03e-4701-a090-9188c6380078","name":"PP001026 - Zomerkade 163, Haarlem","address":"163 Zomerkade","city":"Haarlem","operatorName":"TotalEnergies","maxPowerKw":11,"isMegawatt":false,"status":"UNAVAILABLE","source":"ndw"}},{"type":"Feature","geometry":{"type":"Point","coordinates":[4.62922,52.39693]},"properties":{"type":"charge","layer":"passenger","locationId":"3b616f36-60ab-4599-9a5c-1525f43e5fd4","name":"PP004007","address":"Jan Haringstraat 1","city":"Haarlem","operatorName":"TotalEnergies","maxPowerKw":14,"isMegawatt":false,"status":"AVAILABLE","source":"ndw"}},{"type":"Feature","geometry":{"type":"Point","coordinates":[4.671212,52.381054]},"properties":{"type":"charge","layer":"passenger","locationId":"25d85aa8-373a-4d9f-bbd3-34bfb0544cb9","name":"TNLP006841 - Diakenhuisweg 194, Haarlem","address":"194 Diakenhuisweg","city":"Haarlem","operatorName":"TotalEnergies","maxPowerKw":15,"isMegawatt":false,"status":"AVAILABLE","source":"ndw"}},{"type":"Feature","geometry":{"type":"Point","coordinates":[4.655841,52.419308]},"properties":{"type":"charge","layer":"passenger","locationId":"d6a88fe0-8caa-442f-aebc-52b2355bd34f","name":"TNLP008081 - Vergierdeweg 249, Haarlem","address":"249 Vergierdeweg","city":"Haarlem","operatorName":"TotalEnergies","maxPowerKw":13,"isMegawatt":false,"status":"CHARGING","source":"ndw"}},{"type":"Feature","geometry":{"type":"Point","coordinates":[4.64551,52.3809]},"properties":{"type":"charge","layer":"passenger","locationId":"2e1be6df-b71c-40bb-8e1d-efa8db002822","name":"PP001034 - Koralensteeg 3, Haarlem","address":"3 Koralensteeg","city":"Haarlem","operatorName":"TotalEnergies","maxPowerKw":11,"isMegawatt":false,"status":"CHARGING","source":"ndw"}},{"type":"Feature","geometry":{"type":"Point","coordinates":[4.645702,52.382835]},"properties":{"type":"charge","layer":"passenger","locationId":"ecbc966c-b948-40e2-a3fb-5f154e34ead0","name":"TNLP009471 - Papentorenvest 44, Haarlem","address":"44 Papentorenvest","city":"Haarlem","operatorName":"TotalEnergies","maxPowerKw":13,"isMegawatt":false,"status":"AVAILABLE","source":"ndw"}},{"type":"Feature","geometry":{"type":"Point","coordinates":[4.6152134,52.3769948]},"properties":{"type":"charge","layer":"passenger","locationId":"1751","name":"Shell Recharge NL Gibraltarstraat 1","address":"Gibraltarstraat 1","city":"Haarlem","operatorName":"Ubitricity","maxPowerKw":22,"isMegawatt":false,"status":"CHARGING","source":"ndw","priceKwh":0.266}},{"type":"Feature","geometry":{"type":"Point","coordinates":[4.63291,52.40412]},"properties":{"type":"charge","layer":"passenger","locationId":"a8bc2c08-e556-47bd-ae13-8d3dd33a1f1b","name":"PP004169","address":"Zaanenlaan 154","city":"Haarlem","operatorName":"TotalEnergies","maxPowerKw":14,"isMegawatt":false,"status":"CHARGING","source":"ndw"}},{"type":"Feature","geometry":{"type":"Point","coordinates":[4.646311,52.380851]},"properties":{"type":"charge","layer":"passenger","locationId":"5d270967-0a98-4601-a462-44167478c089","name":"PP005031","address":"Oostvest 60","city":"Haarlem","operatorName":"TotalEnergies","maxPowerKw":14,"isMegawatt":false,"status":"AVAILABLE","source":"ndw"}},{"type":"Feature","geometry":{"type":"Point","coordinates":[4.62323,52.38344]},"properties":{"type":"charge","layer":"passenger","locationId":"61aa9385-e755-4035-a88e-199f20908dca","name":"PP001545 - Brouwerskade 57, Haarlem","address":"57 Brouwerskade","city":"Haarlem","operatorName":"TotalEnergies","maxPowerKw":11,"isMegawatt":false,"status":"UNAVAILABLE","source":"ndw"}},{"type":"Feature","geometry":{"type":"Point","coordinates":[4.644253,52.373526]},"properties":{"type":"charge","layer":"passenger","locationId":"d17eceb6-62a7-479b-b4f7-56820abd37df","name":"PP005037","address":"Slachthuisstraat 12","city":"Haarlem","operatorName":"TotalEnergies","maxPowerKw":14,"isMegawatt":false,"status":"AVAILABLE","source":"ndw"}},{"type":"Feature","geometry":{"type":"Point","coordinates":[4.60082,52.38255]},"properties":{"type":"charge","layer":"passenger","locationId":"56c57af2-424d-4cde-bca5-08c8ac39da87","name":"PP004021","address":"Ooster Tuindorpslaan 9","city":"Haarlem","operatorName":"TotalEnergies","maxPowerKw":14,"isMegawatt":false,"status":"AVAILABLE","source":"ndw"}},{"type":"Feature","geometry":{"type":"Point","coordinates":[4.66461,52.36122]},"properties":{"type":"charge","layer":"passenger","locationId":"a80b2a08-214d-433d-a312-d66a97f912ec","name":"PP005382 - Robert Kochlaan 708, Haarlem","address":"708 Robert Kochlaan","city":"Haarlem","operatorName":"TotalEnergies","maxPowerKw":13,"isMegawatt":false,"status":"CHARGING","source":"ndw"}},{"type":"Feature","geometry":{"type":"Point","coordinates":[4.638682,52.391514]},"properties":{"type":"charge","layer":"passenger","locationId":"b0ebd32e-a6d8-4c1e-a912-d268ab4c89b8","name":"TNLP005997 - Frans Halsstraat 30, Haarlem","address":"30 Frans Halsstraat","city":"Haarlem","operatorName":"TotalEnergies","maxPowerKw":13,"isMegawatt":false,"status":"AVAILABLE","source":"ndw"}},{"type":"Feature","geometry":{"type":"Point","coordinates":[4.64319,52.36404]},"properties":{"type":"charge","layer":"passenger","locationId":"3ff50267-129d-4d00-ada1-66852128ea42","name":"PP004009","address":"Engelandlaan 30-40","city":"Haarlem","operatorName":"TotalEnergies","maxPowerKw":14,"isMegawatt":false,"status":"CHARGING","source":"ndw"}},{"type":"Feature","geometry":{"type":"Point","coordinates":[4.661823,52.395205]},"properties":{"type":"charge","layer":"passenger","locationId":"67B72381-0C18-493B-819C-C6C850ABF352","name":"Eneco eMobility Transdev - Haarlem - Waarderweg 48","address":"Waarderweg 48","city":"Haarlem","operatorName":"Eneco","maxPowerKw":11,"isMegawatt":false,"status":"AVAILABLE","source":"ndw","priceKwh":0.45}},{"type":"Feature","geometry":{"type":"Point","coordinates":[4.65376,52.4155]},"properties":{"type":"charge","layer":"passenger","locationId":"b6db2981-aefa-4642-a01a-e3f709e23799","name":"TNLP007801 - Eksterlaan 119, Haarlem","address":"119 Eksterlaan","city":"Haarlem","operatorName":"TotalEnergies","maxPowerKw":13,"isMegawatt":false,"status":"CHARGING","source":"ndw"}},{"type":"Feature","geometry":{"type":"Point","coordinates":[4.66275,52.35487]},"properties":{"type":"charge","layer":"passenger","locationId":"dcacf1a7-9b53-4e3e-b290-f577dd379cba","name":"PP004010","address":"Albert Schweitzerlaan 73","city":"Haarlem","operatorName":"TotalEnergies","maxPowerKw":14,"isMegawatt":false,"status":"AVAILABLE","source":"ndw"}},{"type":"Feature","geometry":{"type":"Point","coordinates":[4.650578,52.379672]},"properties":{"type":"charge","layer":"passenger","locationId":"2828b6be-65cc-4fb4-bfed-f0da8ccebca9","name":"TNLP034220","address":"Tweede Vooruitgangstraat 48","city":"Haarlem","operatorName":"TotalEnergies","maxPowerKw":14,"isMegawatt":false,"status":"AVAILABLE","source":"ndw"}},{"type":"Feature","geometry":{"type":"Point","coordinates":[4.60876,52.3835]},"properties":{"type":"charge","layer":"passenger","locationId":"de2b0633-09b8-48b6-ad91-4a7986a05807","name":"PP004108","address":"Gilles Schoolmeesterlaan 34","city":"Haarlem","operatorName":"TotalEnergies","maxPowerKw":14,"isMegawatt":false,"status":"AVAILABLE","source":"ndw"}},{"type":"Feature","geometry":{"type":"Point","coordinates":[4.611731,52.376152]},"properties":{"type":"charge","layer":"passenger","locationId":"1b6b0f62-1f7b-47f9-a3e1-55903d72771a","name":"TNLP006875 - Lorentzkade 300, Haarlem","address":"300 Lorentzkade","city":"Haarlem","operatorName":"TotalEnergies","maxPowerKw":13,"isMegawatt":false,"status":"CHARGING","source":"ndw"}},{"type":"Feature","geometry":{"type":"Point","coordinates":[4.625864,52.394032]},"properties":{"type":"charge","layer":"passenger","locationId":"33837e968b30cdd9da29fe1d532b517b","name":"Verspronckweg 229","address":"Verspronckweg 229","city":"Haarlem","operatorName":"Vattenfall InCharge","maxPowerKw":11,"isMegawatt":false,"status":"AVAILABLE","source":"ndw"}},{"type":"Feature","geometry":{"type":"Point","coordinates":[4.63876,52.39759]},"properties":{"type":"charge","layer":"passenger","locationId":"6b8bf3a9396d7a69dc65f46d65b802b4","name":"Eerste Hogerwoerddwarsstraat 13","address":"Eerste Hogerwoerddwarsstraat 13","city":"Haarlem","operatorName":"Vattenfall InCharge","maxPowerKw":11,"isMegawatt":false,"status":"AVAILABLE","source":"ndw"}},{"type":"Feature","geometry":{"type":"Point","coordinates":[4.654877,52.407447]},"properties":{"type":"charge","layer":"passenger","locationId":"3db090ad-0e71-4077-845b-3d06b1a70fdd","name":"TNLP015463","address":"Caninefatenstraat 67","city":"Haarlem","operatorName":"TotalEnergies","maxPowerKw":17,"isMegawatt":false,"status":"AVAILABLE","source":"ndw"}},{"type":"Feature","geometry":{"type":"Point","coordinates":[4.638121,52.3741952]},"properties":{"type":"charge","layer":"passenger","locationId":"1186","name":"Shell Recharge NL Asterstraat 14","address":"Asterstraat 14","city":"Haarlem","operatorName":"Ubitricity","maxPowerKw":22,"isMegawatt":false,"status":"AVAILABLE","source":"ndw","priceKwh":0.266}},{"type":"Feature","geometry":{"type":"Point","coordinates":[4.617507,52.3839]},"properties":{"type":"charge","layer":"passenger","locationId":"d3519592-4443-4c16-88ce-a15442120aec","name":"Houtmankade","address":"Houtmankade 29","city":"Haarlem","operatorName":"Vattenfall InCharge","maxPowerKw":11,"isMegawatt":false,"status":"CHARGING","source":"ndw"}},{"type":"Feature","geometry":{"type":"Point","coordinates":[4.65261,52.41597]},"properties":{"type":"charge","layer":"passenger","locationId":"ae2d27ef-3590-4928-841b-c24ede38bfb3","name":"PP004173","address":"Eksterlaan 67","city":"Haarlem","operatorName":"TotalEnergies","maxPowerKw":14,"isMegawatt":false,"status":"CHARGING","source":"ndw"}},{"type":"Feature","geometry":{"type":"Point","coordinates":[4.641457,52.348812]},"properties":{"type":"charge","layer":"passenger","locationId":"6604bfa6-132d-47c4-bf45-70e5369a7e99","name":"TNLP009215 - Zuid Schalkwijkerweg 36, Haarlem","address":"36 Zuid Schalkwijkerweg","city":"Haarlem","operatorName":"TotalEnergies","maxPowerKw":15,"isMegawatt":false,"status":"AVAILABLE","source":"ndw"}},{"type":"Feature","geometry":{"type":"Point","coordinates":[4.664617,52.377415]},"properties":{"type":"charge","layer":"passenger","locationId":"12e382d3-4828-4a05-9763-1a31578d10f3","name":"TNLP006443 - Jan Sluijterslaan 11, Haarlem","address":"11 Jan Sluijterslaan","city":"Haarlem","operatorName":"TotalEnergies","maxPowerKw":13,"isMegawatt":false,"status":"AVAILABLE","source":"ndw"}},{"type":"Feature","geometry":{"type":"Point","coordinates":[4.62627,52.39446]},"properties":{"type":"charge","layer":"passenger","locationId":"b2b75dc8-7184-45fb-9978-b45c14bd7218","name":"TNLP007113 - Meester Cornelisstraat 130, Haarlem","address":"130 Meester Cornelisstraat","city":"Haarlem","operatorName":"TotalEnergies","maxPowerKw":13,"isMegawatt":false,"status":"CHARGING","source":"ndw"}},{"type":"Feature","geometry":{"type":"Point","coordinates":[4.66823,52.37793]},"properties":{"type":"charge","layer":"passenger","locationId":"744","name":"Shell Recharge NL Solidarnoscstraat 114","address":"Solidarnoscstraat 114","city":"Haarlem","operatorName":"Ubitricity","maxPowerKw":11,"isMegawatt":false,"status":"AVAILABLE","source":"ndw","priceKwh":0.388}},{"type":"Feature","geometry":{"type":"Point","coordinates":[4.64245,52.36179]},"properties":{"type":"charge","layer":"passenger","locationId":"2b0718ad-4980-4d77-8f8b-d6a44a498a4e","name":"PP004176 - Engelandlaan 492, Haarlem","address":"492 Engelandlaan","city":"Haarlem","operatorName":"TotalEnergies","maxPowerKw":13,"isMegawatt":false,"status":"AVAILABLE","source":"ndw"}},{"type":"Feature","geometry":{"type":"Point","coordinates":[4.65488,52.34804]},"properties":{"type":"charge","layer":"passenger","locationId":"7ac54d5f556b4395c450b52bc770299b","name":"Nemelaar 26","address":"Nemelaar 26","city":"Haarlem","operatorName":"Vattenfall InCharge","maxPowerKw":11,"isMegawatt":false,"status":"AVAILABLE","source":"ndw"}},{"type":"Feature","geometry":{"type":"Point","coordinates":[4.61131,52.37387]},"properties":{"type":"charge","layer":"passenger","locationId":"e0db60c0-1716-4b79-907c-b27b0aab35eb","name":"TNLP006903 - Doverstraat 13, Haarlem","address":"13 Doverstraat","city":"Haarlem","operatorName":"TotalEnergies","maxPowerKw":13,"isMegawatt":false,"status":"AVAILABLE","source":"ndw"}},{"type":"Feature","geometry":{"type":"Point","coordinates":[4.65977,52.36635]},"properties":{"type":"charge","layer":"passenger","locationId":"f626001d-0a0f-4f99-a0e5-d997826eff08","name":"PP001020 - Louis Pasteurstraat 235, Haarlem","address":"235 Louis Pasteurstraat","city":"Haarlem","operatorName":"TotalEnergies","maxPowerKw":11,"isMegawatt":false,"status":"UNAVAILABLE","source":"ndw"}},{"type":"Feature","geometry":{"type":"Point","coordinates":[4.619877,52.36677]},"properties":{"type":"charge","layer":"passenger","locationId":"5e56d23e-fc33-4feb-ab2f-4eef484e0289","name":"TNLP007185 - Van Hogendorpstraat 1, Haarlem","address":"1 Van Hogendorpstraat","city":"Haarlem","operatorName":"TotalEnergies","maxPowerKw":13,"isMegawatt":false,"status":"AVAILABLE","source":"ndw"}},{"type":"Feature","geometry":{"type":"Point","coordinates":[4.627895,52.390133]},"properties":{"type":"charge","layer":"passenger","locationId":"87797c24-ba94-4234-b080-fe964fc60ca8","name":"TNLP008812 - Verspronckweg 56, Haarlem","address":"56 Verspronckweg","city":"Haarlem","operatorName":"TotalEnergies","maxPowerKw":14,"isMegawatt":false,"status":"AVAILABLE","source":"ndw"}},{"type":"Feature","geometry":{"type":"Point","coordinates":[4.6388619,52.3823423]},"properties":{"type":"charge","layer":"passenger","locationId":"1428","name":"Shell Recharge NL Begijnhof 20","address":"Begijnhof 20","city":"Haarlem","operatorName":"Ubitricity","maxPowerKw":22,"isMegawatt":false,"status":"CHARGING","source":"ndw","priceKwh":0.266}},{"type":"Feature","geometry":{"type":"Point","coordinates":[4.658506,52.350174]},"properties":{"type":"charge","layer":"passenger","locationId":"fe2e0e19-2973-4513-aa71-1a695bb67392","name":"PP005104 - Weldam 29, Haarlem","address":"29 Weldam","city":"Haarlem","operatorName":"TotalEnergies","maxPowerKw":15,"isMegawatt":false,"status":"AVAILABLE","source":"ndw"}},{"type":"Feature","geometry":{"type":"Point","coordinates":[4.64524,52.39648]},"properties":{"type":"charge","layer":"passenger","locationId":"ab82ab38-79c5-43a4-90ee-63adb1455ad1","name":"PP002115 - Sumatrastraat 2, Haarlem","address":"2 Sumatrastraat","city":"Haarlem","operatorName":"TotalEnergies","maxPowerKw":11,"isMegawatt":false,"status":"CHARGING","source":"ndw"}},{"type":"Feature","geometry":{"type":"Point","coordinates":[4.64216,52.39137]},"properties":{"type":"charge","layer":"passenger","locationId":"e205f6a3-29b5-4263-8c14-9385d4c12939","name":"PP004096","address":"Regulierstraat 36","city":"Haarlem","operatorName":"TotalEnergies","maxPowerKw":14,"isMegawatt":false,"status":"AVAILABLE","source":"ndw"}},{"type":"Feature","geometry":{"type":"Point","coordinates":[4.64294,52.389713]},"properties":{"type":"charge","layer":"passenger","locationId":"5dee174c-0da1-4587-9de8-7d4b38dd7328","name":"TNLP008593 - Kloppersingel 57, Haarlem","address":"57 Kloppersingel","city":"Haarlem","operatorName":"TotalEnergies","maxPowerKw":14,"isMegawatt":false,"status":"AVAILABLE","source":"ndw"}},{"type":"Feature","geometry":{"type":"Point","coordinates":[4.625686,52.386333]},"properties":{"type":"charge","layer":"passenger","locationId":"db68b13a-679f-4f09-97e7-dc0fce662cf0","name":"TNLP009472 - Garenkokerskade 2, Haarlem","address":"2 Garenkokerskade","city":"Haarlem","operatorName":"TotalEnergies","maxPowerKw":13,"isMegawatt":false,"status":"CHARGING","source":"ndw"}},{"type":"Feature","geometry":{"type":"Point","coordinates":[4.62007,52.38671]},"properties":{"type":"charge","layer":"passenger","locationId":"14","name":"Shell Recharge NL Emmalaan 1","address":"Emmalaan 1","city":"Haarlem","operatorName":"Ubitricity","maxPowerKw":11,"isMegawatt":false,"status":"CHARGING","source":"ndw","priceKwh":0.388}},{"type":"Feature","geometry":{"type":"Point","coordinates":[4.610549,52.371407]},"properties":{"type":"charge","layer":"passenger","locationId":"ac378fa3-d4a2-4990-9c59-30de3737dd3a","name":"TNLP009767 - Lorentzkade 128, Haarlem","address":"128 Lorentzkade","city":"Haarlem","operatorName":"TotalEnergies","maxPowerKw":13,"isMegawatt":false,"status":"CHARGING","source":"ndw"}},{"type":"Feature","geometry":{"type":"Point","coordinates":[4.637319,52.353497]},"properties":{"type":"charge","layer":"passenger","locationId":"6842a177-d614-4f2c-bcf0-1645fda6107e","name":"PP005230 - Jaagpad 22, Haarlem","address":"22 Jaagpad","city":"Haarlem","operatorName":"TotalEnergies","maxPowerKw":15,"isMegawatt":false,"status":"AVAILABLE","source":"ndw"}},{"type":"Feature","geometry":{"type":"Point","coordinates":[4.628665,52.379571]},"properties":{"type":"charge","layer":"passenger","locationId":"80eac690-aa6a-4d53-9c00-001644c4616d","name":"TNLP009844","address":"Sophiaplein 8","city":"Haarlem","operatorName":"TotalEnergies","maxPowerKw":17,"isMegawatt":false,"status":"AVAILABLE","source":"ndw"}},{"type":"Feature","geometry":{"type":"Point","coordinates":[4.66416,52.39593]},"properties":{"type":"charge","layer":"passenger","locationId":"D5400171-2DEA-4E9D-9456-ED153E423046","name":"Eneco eMobility Emrikweg 14-16 Haarlem","address":"Emrikweg 14-16","city":"Haarlem","operatorName":"Eneco","maxPowerKw":22,"isMegawatt":false,"status":"AVAILABLE","source":"ndw","priceKwh":0.32}},{"type":"Feature","geometry":{"type":"Point","coordinates":[4.647691,52.413578]},"properties":{"type":"charge","layer":"passenger","locationId":"f2573876-fed3-4c0d-9b19-77104b80c9f6","name":"TNLP009116 - Flevoplein 9, Haarlem","address":"9 Flevoplein","city":"Haarlem","operatorName":"TotalEnergies","maxPowerKw":13,"isMegawatt":false,"status":"AVAILABLE","source":"ndw"}},{"type":"Feature","geometry":{"type":"Point","coordinates":[4.63701,52.3714]},"properties":{"type":"charge","layer":"passenger","locationId":"f53a8e25-a4f1-4b45-a8d5-6255a8ae9b80","name":"PP004207","address":"Twijnderslaan 56","city":"Haarlem","operatorName":"TotalEnergies","maxPowerKw":14,"isMegawatt":false,"status":"AVAILABLE","source":"ndw"}},{"type":"Feature","geometry":{"type":"Point","coordinates":[4.651837,52.352927]},"properties":{"type":"charge","layer":"passenger","locationId":"b2ca36c4-dd3b-47c3-81ca-0325ae9761e2","name":"TNLP015440","address":"Gaasterlandstraat 150","city":"Haarlem","operatorName":"TotalEnergies","maxPowerKw":17,"isMegawatt":false,"status":"CHARGING","source":"ndw"}},{"type":"Feature","geometry":{"type":"Point","coordinates":[4.63043,52.38966]},"properties":{"type":"charge","layer":"passenger","locationId":"fbac4710-ca70-43a5-ba10-b7240a8af283","name":"PP001410 - Van der Vinnestraat 1, Haarlem","address":"1 Van der Vinnestraat","city":"Haarlem","operatorName":"TotalEnergies","maxPowerKw":11,"isMegawatt":false,"status":"UNAVAILABLE","source":"ndw"}},{"type":"Feature","geometry":{"type":"Point","coordinates":[4.629373,52.376426]},"properties":{"type":"charge","layer":"passenger","locationId":"fe497918-3ad6-4c9b-b443-556251bfc396","name":"TNLP007094","address":"Raamvest 39zw","city":"Haarlem","operatorName":"TotalEnergies","maxPowerKw":14,"isMegawatt":false,"status":"CHARGING","source":"ndw"}},{"type":"Feature","geometry":{"type":"Point","coordinates":[4.653928,52.36987]},"properties":{"type":"charge","layer":"passenger","locationId":"13b64f54-e91a-4e06-9fa9-30cf17fa3fdb","name":"TNLP007413 - Poeldijkweg 82, Haarlem","address":"82 Poeldijkweg","city":"Haarlem","operatorName":"TotalEnergies","maxPowerKw":13,"isMegawatt":false,"status":"AVAILABLE","source":"ndw"}},{"type":"Feature","geometry":{"type":"Point","coordinates":[4.651452,52.421276]},"properties":{"type":"charge","layer":"passenger","locationId":"86df05f3-9da9-4ca4-a46b-dad109ffe009","name":"PP001451 - Vondelweg 808, Haarlem","address":"808 Vondelweg","city":"Haarlem","operatorName":"TotalEnergies","maxPowerKw":11,"isMegawatt":false,"status":"UNAVAILABLE","source":"ndw"}},{"type":"Feature","geometry":{"type":"Point","coordinates":[4.62504,52.379246]},"properties":{"type":"charge","layer":"passenger","locationId":"980ab642-c3e0-4856-abb1-b3631255324e","name":"TNLP008038 - Leidseplein 2, Haarlem","address":"2 Leidseplein","city":"Haarlem","operatorName":"TotalEnergies","maxPowerKw":13,"isMegawatt":false,"status":"AVAILABLE","source":"ndw"}},{"type":"Feature","geometry":{"type":"Point","coordinates":[4.644099,52.368053]},"properties":{"type":"charge","layer":"passenger","locationId":"bea22a7f-1789-4b8c-ba30-d72c0b3e6175","name":"TNLP009011 - Wijnruiterpad 7, Haarlem","address":"7 Wijnruiterpad","city":"Haarlem","operatorName":"TotalEnergies","maxPowerKw":13,"isMegawatt":false,"status":"UNAVAILABLE","source":"ndw"}},{"type":"Feature","geometry":{"type":"Point","coordinates":[4.606261,52.38075]},"properties":{"type":"charge","layer":"passenger","locationId":"c8960e18-b964-4780-8f8b-a6c666787c5a","name":"TNLP008181 - Hendrik Roozenlaan 30, Haarlem","address":"30 Hendrik Roozenlaan","city":"Haarlem","operatorName":"TotalEnergies","maxPowerKw":13,"isMegawatt":false,"status":"CHARGING","source":"ndw"}},{"type":"Feature","geometry":{"type":"Point","coordinates":[4.665436,52.375957]},"properties":{"type":"charge","layer":"passenger","locationId":"7f74db8a-3cd8-4502-956f-d7c4301e31db","name":"PP005381 - Louis Hartzstraat 31, Haarlem","address":"31 Louis Hartzstraat","city":"Haarlem","operatorName":"TotalEnergies","maxPowerKw":13,"isMegawatt":false,"status":"AVAILABLE","source":"ndw"}},{"type":"Feature","geometry":{"type":"Point","coordinates":[4.644857,52.407173]},"properties":{"type":"charge","layer":"passenger","locationId":"c6fc5922-6190-4167-817d-2e9fb4c60748","name":"TNLP008828 - Van Nesstraat 106, Haarlem","address":"106 Van Nesstraat","city":"Haarlem","operatorName":"TotalEnergies","maxPowerKw":13,"isMegawatt":false,"status":"AVAILABLE","source":"ndw"}},{"type":"Feature","geometry":{"type":"Point","coordinates":[4.62168,52.36962]},"properties":{"type":"charge","layer":"passenger","locationId":"11415a4d-316f-44cd-b480-5efd7cb0dc78","name":"PP004133","address":"Bos en Vaartstraat 5","city":"Haarlem","operatorName":"TotalEnergies","maxPowerKw":14,"isMegawatt":false,"status":"CHARGING","source":"ndw"}},{"type":"Feature","geometry":{"type":"Point","coordinates":[4.61761,52.37261]},"properties":{"type":"charge","layer":"passenger","locationId":"676","name":"Shell Recharge NL Van Oosten de Bruijnstraat 183","address":"Van Oosten de Bruijnstraat 183","city":"Haarlem","operatorName":"Ubitricity","maxPowerKw":11,"isMegawatt":false,"status":"AVAILABLE","source":"ndw","priceKwh":0.388}},{"type":"Feature","geometry":{"type":"Point","coordinates":[4.628018,52.382645]},"properties":{"type":"charge","layer":"passenger","locationId":"f91ed937-1696-43c7-938a-aec21347fe9b","name":"TNLP008020 - Ruychaverstraat 69, Haarlem","address":"69 Ruychaverstraat","city":"Haarlem","operatorName":"TotalEnergies","maxPowerKw":13,"isMegawatt":false,"status":"AVAILABLE","source":"ndw"}},{"type":"Feature","geometry":{"type":"Point","coordinates":[4.6147,52.37952]},"properties":{"type":"charge","layer":"passenger","locationId":"724","name":"Shell Recharge NL Lorentzkade 436","address":"Lorentzkade 436","city":"Haarlem","operatorName":"Ubitricity","maxPowerKw":11,"isMegawatt":false,"status":"AVAILABLE","source":"ndw","priceKwh":0.388}},{"type":"Feature","geometry":{"type":"Point","coordinates":[4.64846,52.4084]},"properties":{"type":"charge","layer":"passenger","locationId":"1548","name":"Shell Recharge NL Korteweg 37","address":"Korteweg 37","city":"Haarlem","operatorName":"Ubitricity","maxPowerKw":22,"isMegawatt":false,"status":"AVAILABLE","source":"ndw","priceKwh":0.388}},{"type":"Feature","geometry":{"type":"Point","coordinates":[4.63355,52.38477]},"properties":{"type":"charge","layer":"passenger","locationId":"9fe61ccf-8ffa-4cb7-b32e-7810bd7e31ff","name":"TNLP007706 - Nassauplein 81, Haarlem","address":"81 Nassauplein","city":"Haarlem","operatorName":"TotalEnergies","maxPowerKw":15,"isMegawatt":false,"status":"AVAILABLE","source":"ndw"}},{"type":"Feature","geometry":{"type":"Point","coordinates":[4.657513,52.377106]},"properties":{"type":"charge","layer":"passenger","locationId":"46dc59fb-612e-48f1-9409-5f2914697476","name":"TNLP007188","address":"Jac. van Looystraat 29","city":"Haarlem","operatorName":"TotalEnergies","maxPowerKw":14,"isMegawatt":false,"status":"AVAILABLE","source":"ndw"}},{"type":"Feature","geometry":{"type":"Point","coordinates":[4.66225,52.39005]},"properties":{"type":"charge","layer":"passenger","locationId":"1276944","name":"Laadnet Rexel Haarlem","address":"Waarderweg 35","city":"Haarlem","operatorName":"Laadnet","maxPowerKw":22,"isMegawatt":false,"status":"AVAILABLE","source":"ndw"}},{"type":"Feature","geometry":{"type":"Point","coordinates":[4.647108,52.360433]},"properties":{"type":"charge","layer":"passenger","locationId":"2fc5d8e2-952a-4ce9-bae3-5626ae48ddc1","name":"TNLP034689","address":"Stavangerstraat 2","city":"Haarlem","operatorName":"TotalEnergies","maxPowerKw":14,"isMegawatt":false,"status":"CHARGING","source":"ndw"}},{"type":"Feature","geometry":{"type":"Point","coordinates":[4.6441529,52.3836512]},"properties":{"type":"charge","layer":"passenger","locationId":"1255","name":"Shell Recharge NL Harmenjansweg 25","address":"Harmenjansweg 25","city":"Haarlem","operatorName":"Ubitricity","maxPowerKw":22,"isMegawatt":false,"status":"AVAILABLE","source":"ndw","priceKwh":0.266}},{"type":"Feature","geometry":{"type":"Point","coordinates":[4.633557,52.38405]},"properties":{"type":"charge","layer":"passenger","locationId":"87147fcc-6c3c-4273-8d98-166bfb409eef","name":"TNLP009639 - Nassaulaan 62, Haarlem","address":"62 Nassaulaan","city":"Haarlem","operatorName":"TotalEnergies","maxPowerKw":13,"isMegawatt":false,"status":"CHARGING","source":"ndw"}},{"type":"Feature","geometry":{"type":"Point","coordinates":[4.624566,52.374653]},"properties":{"type":"charge","layer":"passenger","locationId":"9a305fc9-08a5-420d-8088-91b62e474dd2","name":"TNLP008286 - Iordensstraat 15, Haarlem","address":"15 Iordensstraat","city":"Haarlem","operatorName":"TotalEnergies","maxPowerKw":13,"isMegawatt":false,"status":"AVAILABLE","source":"ndw"}},{"type":"Feature","geometry":{"type":"Point","coordinates":[4.65455,52.41086]},"properties":{"type":"charge","layer":"passenger","locationId":"520","name":"Shell Recharge NL Havikstraat 2","address":"Havikstraat 2","city":"Haarlem","operatorName":"Ubitricity","maxPowerKw":11,"isMegawatt":false,"status":"AVAILABLE","source":"ndw","priceKwh":0.388}},{"type":"Feature","geometry":{"type":"Point","coordinates":[4.626384,52.39094]},"properties":{"type":"charge","layer":"passenger","locationId":"7b2a7574-f0fc-495d-bea7-90f44a5a257a","name":"PP005132 - Verspronckweg 92, Haarlem","address":"92 Verspronckweg","city":"Haarlem","operatorName":"TotalEnergies","maxPowerKw":13,"isMegawatt":false,"status":"AVAILABLE","source":"ndw"}},{"type":"Feature","geometry":{"type":"Point","coordinates":[4.64922,52.41535]},"properties":{"type":"charge","layer":"passenger","locationId":"58d7ed2b-2e17-4bab-8f76-385136cd40e0","name":"TNLP003603 - Waalstraat 6, Haarlem","address":"6 Waalstraat","city":"Haarlem","operatorName":"TotalEnergies","maxPowerKw":17,"isMegawatt":false,"status":"CHARGING","source":"ndw"}},{"type":"Feature","geometry":{"type":"Point","coordinates":[4.648284,52.369411]},"properties":{"type":"charge","layer":"passenger","locationId":"f0521434-85df-49e4-8d29-4d50b6ce988a","name":"Haarlem, Netherlands","address":"2, Toekanweg","city":"Haarlem","operatorName":"Tesla","maxPowerKw":250,"isMegawatt":false,"status":"AVAILABLE","source":"ndw","priceKwh":0.53}},{"type":"Feature","geometry":{"type":"Point","coordinates":[4.606065,52.368483]},"properties":{"type":"charge","layer":"passenger","locationId":"5910a79a-24f6-4dc5-a4df-12d781383041","name":"Helmlaan","address":"Helmlaan 42","city":"Haarlem","operatorName":"Vattenfall InCharge","maxPowerKw":11,"isMegawatt":false,"status":"AVAILABLE","source":"ndw"}},{"type":"Feature","geometry":{"type":"Point","coordinates":[4.63245,52.39068]},"properties":{"type":"charge","layer":"passenger","locationId":"e7c8a746-f2e5-47ef-9605-2751626e9e28","name":"PP004033","address":"Jan de Braystraat 10","city":"Haarlem","operatorName":"TotalEnergies","maxPowerKw":14,"isMegawatt":false,"status":"CHARGING","source":"ndw"}},{"type":"Feature","geometry":{"type":"Point","coordinates":[4.65682,52.39683]},"properties":{"type":"charge","layer":"passenger","locationId":"504","name":"Shell Recharge NL Wateringweg 141","address":"Wateringweg 141","city":"Haarlem","operatorName":"Ubitricity","maxPowerKw":11,"isMegawatt":false,"status":"AVAILABLE","source":"ndw","priceKwh":0.388}},{"type":"Feature","geometry":{"type":"Point","coordinates":[4.64175,52.37996]},"properties":{"type":"charge","layer":"passenger","locationId":"1f791d89-0a39-4830-8dcf-087a3b6faa0b","name":"PP001987 - Korte Spaarne 21, Haarlem","address":"21 Korte Spaarne","city":"Haarlem","operatorName":"TotalEnergies","maxPowerKw":11,"isMegawatt":false,"status":"AVAILABLE","source":"ndw"}},{"type":"Feature","geometry":{"type":"Point","coordinates":[4.650811,52.4033]},"properties":{"type":"charge","layer":"passenger","locationId":"14e0a2fc-90aa-44b3-bf92-14f1b33b5f66","name":"TNLP007636 - Spaarnhovenstraat 57, Haarlem","address":"57 Spaarnhovenstraat","city":"Haarlem","operatorName":"TotalEnergies","maxPowerKw":15,"isMegawatt":false,"status":"CHARGING","source":"ndw"}},{"type":"Feature","geometry":{"type":"Point","coordinates":[4.62557,52.37933]},"properties":{"type":"charge","layer":"passenger","locationId":"20fb1b23-455c-404d-bb7f-a4fa075730cc","name":"PP001996 - Leidsevaart 90, Haarlem","address":"90 Leidsevaart","city":"Haarlem","operatorName":"TotalEnergies","maxPowerKw":11,"isMegawatt":false,"status":"AVAILABLE","source":"ndw"}},{"type":"Feature","geometry":{"type":"Point","coordinates":[4.65909,52.35766]},"properties":{"type":"charge","layer":"passenger","locationId":"49e5ef5b-f876-4a2f-9d03-c9f18bbab5d8","name":"PP004211","address":"Stresemannlaan 19","city":"Haarlem","operatorName":"TotalEnergies","maxPowerKw":14,"isMegawatt":false,"status":"AVAILABLE","source":"ndw"}},{"type":"Feature","geometry":{"type":"Point","coordinates":[4.65344,52.41251]},"properties":{"type":"charge","layer":"passenger","locationId":"3a929711-c47c-4d92-87b4-37a089974e8a","name":"PP004346","address":"Lijsterstraat 40","city":"Haarlem","operatorName":"TotalEnergies","maxPowerKw":14,"isMegawatt":false,"status":"CHARGING","source":"ndw"}},{"type":"Feature","geometry":{"type":"Point","coordinates":[4.626966,52.38088]},"properties":{"type":"charge","layer":"passenger","locationId":"760ae57b-d248-4552-884f-efa29984408f","name":"TNLP009000 - Leidsevaart 50, Haarlem","address":"50 Leidsevaart","city":"Haarlem","operatorName":"TotalEnergies","maxPowerKw":17,"isMegawatt":false,"status":"UNAVAILABLE","source":"ndw"}},{"type":"Feature","geometry":{"type":"Point","coordinates":[4.641808,52.401809]},"properties":{"type":"charge","layer":"passenger","locationId":"9d2439ad-db14-4340-8f9d-563299e43bf0","name":"Orionweg","address":"Orionweg 14","city":"Haarlem","operatorName":"Vattenfall InCharge","maxPowerKw":11,"isMegawatt":false,"status":"UNAVAILABLE","source":"ndw"}},{"type":"Feature","geometry":{"type":"Point","coordinates":[4.648729,52.42215]},"properties":{"type":"charge","layer":"passenger","locationId":"36df83c6-f932-4ca8-8e4b-505ea50420ab","name":"TNLP007344 - Vondelweg 988, Haarlem","address":"988 Vondelweg","city":"Haarlem","operatorName":"TotalEnergies","maxPowerKw":13,"isMegawatt":false,"status":"CHARGING","source":"ndw"}},{"type":"Feature","geometry":{"type":"Point","coordinates":[4.65511,52.41793]},"properties":{"type":"charge","layer":"passenger","locationId":"a433500c-68e7-49ca-97fe-3cc36eaa225d","name":"PP002509 - Muiderslotweg 162, Haarlem","address":"162 Muiderslotweg","city":"Haarlem","operatorName":"TotalEnergies","maxPowerKw":13,"isMegawatt":false,"status":"UNAVAILABLE","source":"ndw"}},{"type":"Feature","geometry":{"type":"Point","coordinates":[4.65125,52.38463]},"properties":{"type":"charge","layer":"passenger","locationId":"185dc31f-94ab-4618-b0f9-8ee9b9b6a438","name":"PP004270","address":"Bep van Klaverenstraat 64","city":"Haarlem","operatorName":"TotalEnergies","maxPowerKw":14,"isMegawatt":false,"status":"CHARGING","source":"ndw"}},{"type":"Feature","geometry":{"type":"Point","coordinates":[4.64378,52.36646]},"properties":{"type":"charge","layer":"passenger","locationId":"8c1524d3-3559-4460-8b24-bd6e94475eee","name":"PP004162 - Schotlandstraat 97, Haarlem","address":"97 Schotlandstraat","city":"Haarlem","operatorName":"TotalEnergies","maxPowerKw":13,"isMegawatt":false,"status":"AVAILABLE","source":"ndw"}},{"type":"Feature","geometry":{"type":"Point","coordinates":[4.65,52.41802]},"properties":{"type":"charge","layer":"passenger","locationId":"0299b43f-c8ef-4def-9078-3d5d8567a1ec","name":"PP001648 - Muiderkring 1, Haarlem","address":"1 Muiderkring","city":"Haarlem","operatorName":"TotalEnergies","maxPowerKw":11,"isMegawatt":false,"status":"AVAILABLE","source":"ndw"}},{"type":"Feature","geometry":{"type":"Point","coordinates":[4.6488,52.40422]},"properties":{"type":"charge","layer":"passenger","locationId":"67d0f029-2496-49f7-b5bd-13d82dcb88ef","name":"PP001024 - Spaarnhovenstraat 7, Haarlem","address":"7 Spaarnhovenstraat","city":"Haarlem","operatorName":"TotalEnergies","maxPowerKw":11,"isMegawatt":false,"status":"UNAVAILABLE","source":"ndw"}},{"type":"Feature","geometry":{"type":"Point","coordinates":[4.6607,52.399403]},"properties":{"type":"charge","layer":"passenger","locationId":"3a9933f2-10ff-4edf-afd8-c24a9b83230d","name":"TNLP008934 - Waarderweg 94, Haarlem","address":"94 Waarderweg","city":"Haarlem","operatorName":"TotalEnergies","maxPowerKw":14,"isMegawatt":false,"status":"AVAILABLE","source":"ndw"}},{"type":"Feature","geometry":{"type":"Point","coordinates":[4.64446,52.39321]},"properties":{"type":"charge","layer":"passenger","locationId":"3c877ab5-249a-4977-a6e3-a896cc86c29a","name":"PP001801 - President Steijnstraat 93, Haarlem","address":"93 President Steijnstraat","city":"Haarlem","operatorName":"TotalEnergies","maxPowerKw":11,"isMegawatt":false,"status":"AVAILABLE","source":"ndw"}},{"type":"Feature","geometry":{"type":"Point","coordinates":[4.624479,52.370879]},"properties":{"type":"charge","layer":"passenger","locationId":"3db1a3e8-8b29-4e51-814d-61ac8488429e","name":"TNLP034535","address":"Outgert Pieterslaan 2","city":"Haarlem","operatorName":"TotalEnergies","maxPowerKw":14,"isMegawatt":false,"status":"AVAILABLE","source":"ndw"}},{"type":"Feature","geometry":{"type":"Point","coordinates":[4.63386,52.3723]},"properties":{"type":"charge","layer":"passenger","locationId":"e4029c47-5c8f-4159-aa77-7d2765e3bbfc","name":"PP001944 - Twijnderslaan 1, Haarlem","address":"1 Twijnderslaan","city":"Haarlem","operatorName":"TotalEnergies","maxPowerKw":11,"isMegawatt":false,"status":"AVAILABLE","source":"ndw"}},{"type":"Feature","geometry":{"type":"Point","coordinates":[4.65214,52.34678]},"properties":{"type":"charge","layer":"passenger","locationId":"574","name":"Shell Recharge NL Vogelwaarde 75","address":"Vogelwaarde 75","city":"Haarlem","operatorName":"Ubitricity","maxPowerKw":11,"isMegawatt":false,"status":"AVAILABLE","source":"ndw","priceKwh":0.388}},{"type":"Feature","geometry":{"type":"Point","coordinates":[4.65361,52.34937]},"properties":{"type":"charge","layer":"passenger","locationId":"151a3cb5-3c3f-4d6c-ac64-b91c16562501","name":"PP001114 - Betuwelaan 2, Haarlem","address":"2 Betuwelaan","city":"Haarlem","operatorName":"TotalEnergies","maxPowerKw":11,"isMegawatt":false,"status":"UNAVAILABLE","source":"ndw"}},{"type":"Feature","geometry":{"type":"Point","coordinates":[4.648166,52.395264]},"properties":{"type":"charge","layer":"passenger","locationId":"071f559c-9be0-4964-b175-5d36667a476c","name":"TNLP007245 - Dr. Leijdsstraat 92, Haarlem","address":"92 Dr. Leijdsstraat","city":"Haarlem","operatorName":"TotalEnergies","maxPowerKw":13,"isMegawatt":false,"status":"CHARGING","source":"ndw"}},{"type":"Feature","geometry":{"type":"Point","coordinates":[4.63215,52.3851]},"properties":{"type":"charge","layer":"passenger","locationId":"5faea2fb-57b8-4995-81d9-7252d1a2dc68","name":"PP004310","address":"Nieuwe Gracht 55","city":"Haarlem","operatorName":"TotalEnergies","maxPowerKw":14,"isMegawatt":false,"status":"CHARGING","source":"ndw"}},{"type":"Feature","geometry":{"type":"Point","coordinates":[4.63471,52.39806]},"properties":{"type":"charge","layer":"passenger","locationId":"358","name":"Shell Recharge NL Marnixstraat 30","address":"Marnixstraat 30","city":"Haarlem","operatorName":"Ubitricity","maxPowerKw":11,"isMegawatt":false,"status":"CHARGING","source":"ndw","priceKwh":0.388}},{"type":"Feature","geometry":{"type":"Point","coordinates":[4.603448,52.37271]},"properties":{"type":"charge","layer":"passenger","locationId":"75dbe6fa-aab8-4de8-98cc-364b7053df05","name":"TNLP006979 - Daslookweg 2, Haarlem","address":"2 Daslookweg","city":"Haarlem","operatorName":"TotalEnergies","maxPowerKw":13,"isMegawatt":false,"status":"AVAILABLE","source":"ndw"}},{"type":"Feature","geometry":{"type":"Point","coordinates":[4.60693,52.38053]},"properties":{"type":"charge","layer":"passenger","locationId":"432c5a5d-18e7-46c3-9c9b-9a331248bd89","name":"TNLP008377 - Leendert Meeszstraat 74, Haarlem","address":"74 Leendert Meeszstraat","city":"Haarlem","operatorName":"TotalEnergies","maxPowerKw":13,"isMegawatt":false,"status":"AVAILABLE","source":"ndw"}},{"type":"Feature","geometry":{"type":"Point","coordinates":[4.650148,52.362167]},"properties":{"type":"charge","layer":"passenger","locationId":"e117db47-0ea7-4f9d-b664-3ea996fb10c4","name":"TNLP009794 - Polenstraat 91, Haarlem","address":"91 Polenstraat","city":"Haarlem","operatorName":"TotalEnergies","maxPowerKw":13,"isMegawatt":false,"status":"AVAILABLE","source":"ndw"}},{"type":"Feature","geometry":{"type":"Point","coordinates":[4.620922,52.381977]},"properties":{"type":"charge","layer":"passenger","locationId":"90086784-26fa-4b47-882e-44b1a01b07dc","name":"TNLP007416 - Brouwersplein 19, Haarlem","address":"19 Brouwersplein","city":"Haarlem","operatorName":"TotalEnergies","maxPowerKw":13,"isMegawatt":false,"status":"AVAILABLE","source":"ndw"}},{"type":"Feature","geometry":{"type":"Point","coordinates":[4.60814,52.37083]},"properties":{"type":"charge","layer":"passenger","locationId":"b7f6b2f1-880e-4ec9-a27e-c25a9f496580","name":"TNLP006891 - Egelantierlaan 12, Haarlem","address":"12 Egelantierlaan","city":"Haarlem","operatorName":"TotalEnergies","maxPowerKw":13,"isMegawatt":false,"status":"AVAILABLE","source":"ndw"}},{"type":"Feature","geometry":{"type":"Point","coordinates":[4.645946,52.405901]},"properties":{"type":"charge","layer":"passenger","locationId":"40aada99-a5eb-4195-93c8-377e4021341c","name":"Van Nesstraat","address":"Van Nesstraat 67","city":"Haarlem","operatorName":"Vattenfall InCharge","maxPowerKw":11,"isMegawatt":false,"status":"CHARGING","source":"ndw"}},{"type":"Feature","geometry":{"type":"Point","coordinates":[4.648859,52.373097]},"properties":{"type":"charge","layer":"passenger","locationId":"8d3c51e94af666c7600eac64869a068f","name":"Diederikstraat 14","address":"Diederikstraat 14","city":"Haarlem","operatorName":"Vattenfall InCharge","maxPowerKw":11,"isMegawatt":false,"status":"CHARGING","source":"ndw"}},{"type":"Feature","geometry":{"type":"Point","coordinates":[4.653442,52.39204]},"properties":{"type":"charge","layer":"passenger","locationId":"3400d3da-5746-4349-a289-8c4eeb3ed167","name":"TNLP008850 - Kuppersweg 18, Haarlem","address":"18 Kuppersweg","city":"Haarlem","operatorName":"TotalEnergies","maxPowerKw":14,"isMegawatt":false,"status":"AVAILABLE","source":"ndw"}},{"type":"Feature","geometry":{"type":"Point","coordinates":[4.658349,52.37847]},"properties":{"type":"charge","layer":"passenger","locationId":"1659ddc2-9bda-46a9-883c-ec59f2292f4f","name":"TNLP008156 - Van Zeggelenplein 30, Haarlem","address":"30 Van Zeggelenplein","city":"Haarlem","operatorName":"TotalEnergies","maxPowerKw":15,"isMegawatt":false,"status":"CHARGING","source":"ndw"}},{"type":"Feature","geometry":{"type":"Point","coordinates":[4.65083,52.38052]},"properties":{"type":"charge","layer":"passenger","locationId":"eec0b4d4-3f27-409e-8f32-4d90b215134e","name":"PP004035","address":"Vaartstraat 13","city":"Haarlem","operatorName":"TotalEnergies","maxPowerKw":14,"isMegawatt":false,"status":"AVAILABLE","source":"ndw"}},{"type":"Feature","geometry":{"type":"Point","coordinates":[4.647791,52.37816]},"properties":{"type":"charge","layer":"passenger","locationId":"7c96d6ec-5368-4a30-b030-9409b558d051","name":"TNLP006769","address":"Teylerstraat 63","city":"Haarlem","operatorName":"TotalEnergies","maxPowerKw":14,"isMegawatt":false,"status":"AVAILABLE","source":"ndw"}},{"type":"Feature","geometry":{"type":"Point","coordinates":[4.65077,52.41699]},"properties":{"type":"charge","layer":"passenger","locationId":"3b5d9a71-d596-4689-a9a1-96340b74cee3","name":"TNLP009685 - Jan Luykenstraat 11, Haarlem","address":"11 Jan Luykenstraat","city":"Haarlem","operatorName":"TotalEnergies","maxPowerKw":13,"isMegawatt":false,"status":"CHARGING","source":"ndw"}},{"type":"Feature","geometry":{"type":"Point","coordinates":[4.62348,52.37602]},"properties":{"type":"charge","layer":"passenger","locationId":"05b16ccf-d8f8-44fe-8efb-7915f8750795","name":"PP004175","address":"Noorder Emmakade 23","city":"Haarlem","operatorName":"TotalEnergies","maxPowerKw":14,"isMegawatt":false,"status":"AVAILABLE","source":"ndw"}},{"type":"Feature","geometry":{"type":"Point","coordinates":[4.640649,52.40349]},"properties":{"type":"charge","layer":"passenger","locationId":"97045926-546c-47de-8e51-d34455b1860a","name":"TNLP009458 - Orionweg 76, Haarlem","address":"76 Orionweg","city":"Haarlem","operatorName":"TotalEnergies","maxPowerKw":13,"isMegawatt":false,"status":"AVAILABLE","source":"ndw"}},{"type":"Feature","geometry":{"type":"Point","coordinates":[4.634002,52.388752]},"properties":{"type":"charge","layer":"passenger","locationId":"eae0ebc0-e41f-4f7e-bd2b-9c35798e0700","name":"TNLP034039","address":"Staten Bolwerk 2","city":"Haarlem","operatorName":"TotalEnergies","maxPowerKw":14,"isMegawatt":false,"status":"AVAILABLE","source":"ndw"}},{"type":"Feature","geometry":{"type":"Point","coordinates":[4.64926,52.39715]},"properties":{"type":"charge","layer":"passenger","locationId":"0182f9fe-2dba-453f-be82-b99ac20bfba1","name":"PP001022 - Delistraat 68, Haarlem","address":"68 Delistraat","city":"Haarlem","operatorName":"TotalEnergies","maxPowerKw":11,"isMegawatt":false,"status":"UNAVAILABLE","source":"ndw"}},{"type":"Feature","geometry":{"type":"Point","coordinates":[4.651078,52.379647]},"properties":{"type":"charge","layer":"passenger","locationId":"64d49ca0-d7e0-4689-a41c-151efebe36f7","name":"TNLP006279","address":"Potgieterstraat 2","city":"Haarlem","operatorName":"TotalEnergies","maxPowerKw":14,"isMegawatt":false,"status":"CHARGING","source":"ndw"}},{"type":"Feature","geometry":{"type":"Point","coordinates":[4.656968,52.35288]},"properties":{"type":"charge","layer":"passenger","locationId":"1c6326f9-6fab-4f45-9fed-abee8e8e42fc","name":"TNLP007708 - Scharreveld 33, Haarlem","address":"33 Scharreveld","city":"Haarlem","operatorName":"TotalEnergies","maxPowerKw":15,"isMegawatt":false,"status":"AVAILABLE","source":"ndw"}},{"type":"Feature","geometry":{"type":"Point","coordinates":[4.653412,52.363182]},"properties":{"type":"charge","layer":"passenger","locationId":"60b4d8bc2caf1af9f3c45a87","name":"De Keizer - Haarlem","address":"Surinamepad 11","city":"Haarlem","operatorName":"Fleet Charge Services","maxPowerKw":22,"isMegawatt":false,"status":"CHARGING","source":"ndw","priceKwh":0.52}},{"type":"Feature","geometry":{"type":"Point","coordinates":[4.649526,52.380295]},"properties":{"type":"charge","layer":"passenger","locationId":"3d65bd6a-3c94-4a9b-adef-3d45a139ce95","name":"TNLP009970 - Zuidpolderstraat 212, Haarlem","address":"212 Zuidpolderstraat","city":"Haarlem","operatorName":"TotalEnergies","maxPowerKw":13,"isMegawatt":false,"status":"CHARGING","source":"ndw"}},{"type":"Feature","geometry":{"type":"Point","coordinates":[4.633323,52.371994]},"properties":{"type":"charge","layer":"passenger","locationId":"b9989caa-d838-4451-a4e1-24fe3541c58a","name":"TNLP006577","address":"Kleine Houtweg 89","city":"Haarlem","operatorName":"TotalEnergies","maxPowerKw":14,"isMegawatt":false,"status":"CHARGING","source":"ndw"}},{"type":"Feature","geometry":{"type":"Point","coordinates":[4.614902,52.373217]},"properties":{"type":"charge","layer":"passenger","locationId":"5891690d-e655-4cc6-8f29-10800e6fe82a","name":"Eysinkweg","address":"Eysinkweg 73","city":"Haarlem","operatorName":"Vattenfall InCharge","maxPowerKw":7,"isMegawatt":false,"status":"UNAVAILABLE","source":"ndw"}},{"type":"Feature","geometry":{"type":"Point","coordinates":[4.654669,52.404382]},"properties":{"type":"charge","layer":"passenger","locationId":"3726e41f4a871b6854ca1d6810480fa3","name":"Bandoengstraat 74","address":"Bandoengstraat 74","city":"Haarlem","operatorName":"Vattenfall InCharge","maxPowerKw":11,"isMegawatt":false,"status":"AVAILABLE","source":"ndw"}},{"type":"Feature","geometry":{"type":"Point","coordinates":[4.658604,52.421738]},"properties":{"type":"charge","layer":"passenger","locationId":"19ff4a53-4907-4835-accc-f450621c58dd","name":"TNLP007571 - Vergierdeweg 271, Haarlem","address":"271 Vergierdeweg","city":"Haarlem","operatorName":"TotalEnergies","maxPowerKw":15,"isMegawatt":false,"status":"AVAILABLE","source":"ndw"}},{"type":"Feature","geometry":{"type":"Point","coordinates":[4.662864,52.36136]},"properties":{"type":"charge","layer":"passenger","locationId":"637f3670-3354-4fac-b12b-830af9ceb648","name":"TNLP034323","address":"Robert Kochlaan 500","city":"Haarlem","operatorName":"TotalEnergies","maxPowerKw":14,"isMegawatt":false,"status":"AVAILABLE","source":"ndw"}},{"type":"Feature","geometry":{"type":"Point","coordinates":[4.636792,52.405432]},"properties":{"type":"charge","layer":"passenger","locationId":"853674e7-1e14-4ffe-9c5a-b79fd4c81c55","name":"PP005013","address":"Pleiadenstraat 106","city":"Haarlem","operatorName":"TotalEnergies","maxPowerKw":14,"isMegawatt":false,"status":"CHARGING","source":"ndw"}},{"type":"Feature","geometry":{"type":"Point","coordinates":[4.62183,52.381801]},"properties":{"type":"charge","layer":"passenger","locationId":"d97650fd-c9f2-4d5f-98f0-2e9d21fbc2c2","name":"Brouwersplein","address":"Brouwersplein 9","city":"Haarlem","operatorName":"Vattenfall InCharge","maxPowerKw":11,"isMegawatt":false,"status":"AVAILABLE","source":"ndw"}},{"type":"Feature","geometry":{"type":"Point","coordinates":[4.653265,52.380503]},"properties":{"type":"charge","layer":"passenger","locationId":"a818c1c37e5077a0d9248675420f4fd1","name":"Teding van Berkhoutstraat 23","address":"Teding van Berkhoutstraat 23","city":"Haarlem","operatorName":"Vattenfall InCharge","maxPowerKw":11,"isMegawatt":false,"status":"CHARGING","source":"ndw"}},{"type":"Feature","geometry":{"type":"Point","coordinates":[4.681921,52.382957]},"properties":{"type":"charge","layer":"freight","locationId":"32427","name":"Circle K Haarlem inz De Liede","address":"Amsterdamsevaart 288","city":"Haarlem","operatorName":"Spirii","maxPowerKw":400,"isMegawatt":false,"status":"AVAILABLE","source":"ndw","priceKwh":0.65,"freightKind":"hpc","freightReason":"power"}},{"type":"Feature","geometry":{"type":"MultiPolygon","coordinates":[[[[4.672124577399841,52.42239849453582],[4.674371863912762,52.41863423701827],[4.677495466689812,52.418962114788016],[4.681226618872763,52.41933147011857],[4.680647568823178,52.418005943054716],[4.681797836261322,52.41778056395068],[4.682475589674668,52.41384872512427],[4.68112998365208,52.41231707507304],[4.675506470514708,52.40962525394211],[4.671961779788357,52.409447088238664],[4.674378858427746,52.406469337854446],[4.668815644191445,52.404162815238934],[4.6686640050504815,52.40139942169087],[4.678685074780725,52.399477489976505],[4.678569664839288,52.39851477227921],[4.675629783939966,52.397249339113515],[4.67345726810804,52.394067361050475],[4.67454090926965,52.390911293231156],[4.6777156329385345,52.389737623122436],[4.681189722858352,52.3902867217492],[4.68143941256332,52.389915932618216],[4.682595220637449,52.38821615008563],[4.686920474472339,52.38744377561425],[4.685970054301379,52.384017938982524],[4.685995002341393,52.38351778023069],[4.677382839226449,52.37708820073596],[4.6727138793072145,52.37422482614723],[4.671376417968813,52.37038046412261],[4.671377136393972,52.37037434415018],[4.672091243836476,52.368158034575416],[4.675243851808947,52.35946896008696],[4.67646642766795,52.35618096104611],[4.675632806102522,52.35287955087747],[4.671481924135745,52.35014702978515],[4.660814888065086,52.34553794741528],[4.659232075994219,52.34486848308306],[4.656411368796874,52.34363919818696],[4.651657163415336,52.34155986728543],[4.647627952251755,52.34006896958984],[4.63964751664098,52.33890623989739],[4.639380110642484,52.3406290538758],[4.641033162199958,52.343985702742074],[4.640324298048361,52.345563102865974],[4.640385095639795,52.349833777437325],[4.639801975438012,52.35090741292485],[4.6365980205711805,52.35318391422233],[4.635849694489756,52.35403693986226],[4.634943121167501,52.35596193240188],[4.637589191396854,52.35946787156864],[4.637359951497013,52.360257624259404],[4.636625861440659,52.361484256736645],[4.630340128579718,52.360646870435104],[4.625628370776101,52.362126429432585],[4.618246165288271,52.36146671144793],[4.617718253930514,52.36153073868983],[4.610655364627197,52.362705948652184],[4.608580690406717,52.36295797694102],[4.6084224961265745,52.36298472125259],[4.605723363470968,52.36340488513627],[4.607323569742324,52.367044734361215],[4.6041574383152835,52.36759251178262],[4.603772964318116,52.36885689459954],[4.604586175944724,52.37135526001346],[4.601833933896053,52.372185671491415],[4.601452154146001,52.37277051896226],[4.601171120848888,52.37551533133206],[4.601066533735703,52.376801849505185],[4.599551411940689,52.37721944889028],[4.599782744059264,52.378962741123885],[4.600256376060231,52.38076228870291],[4.600530639149572,52.38292099889827],[4.602016683395574,52.384619392524954],[4.60533244137311,52.38549307340133],[4.608581626043221,52.38552156521454],[4.610819173697699,52.389821101326575],[4.616253771401774,52.388822396311056],[4.621605382300905,52.38798174160731],[4.623703271580333,52.39168707584609],[4.623670384682039,52.39577257458024],[4.624387026766204,52.397695734260445],[4.624408738016709,52.397740415193766],[4.629285273173356,52.40712402781407],[4.631647172370925,52.41166550100258],[4.636124847919033,52.410831165067826],[4.637285442510571,52.412122926102285],[4.639375064295388,52.41450786733896],[4.6424888435326475,52.41786994667973],[4.645016955764109,52.42102571027445],[4.645718029065154,52.421972234747535],[4.650768145555967,52.428569635849755],[4.653146656273828,52.42799952829059],[4.662832108412018,52.42585454691316],[4.664847213028844,52.42560356559657],[4.665624714024872,52.425488699258175],[4.672124577399841,52.42239849453582]]]]},"properties":{"type":"boundary","gemeente":"Haarlem","code":"GM0392"}}]}