{"type":"FeatureCollection","metadata":{"gemeente":"Hilversum","slug":"hilversum","code":"GM0402","generated_at":"2026-07-06T16:26:11.361Z","total_passenger":270,"total_freight":0,"bounds":[5.102065276271631,52.177833516045894,5.218960254256933,52.28546191777743],"operators":["ChargePoint","DAEN Mobility","E-Flux by Road","EQUANS","Eneco","Laadnet","Q-Park Netherlands","Shell Recharge","TotalEnergies","Ubitricity","Vattenfall InCharge","bp pulse","e-VOLTT"]},"features":[{"type":"Feature","geometry":{"type":"Point","coordinates":[5.15749,52.2112]},"properties":{"type":"charge","layer":"passenger","locationId":"145e885a-713a-48b3-a96c-c7f77939bd1b","name":"PP004075 - Karel Doormanlaan 1, Hilversum","address":"1 Karel Doormanlaan","city":"Hilversum","operatorName":"TotalEnergies","maxPowerKw":13,"isMegawatt":false,"status":"AVAILABLE","source":"ndw"}},{"type":"Feature","geometry":{"type":"Point","coordinates":[5.17925,52.22986]},"properties":{"type":"charge","layer":"passenger","locationId":"e0f86d75-caf3-4bbe-9503-62002653ae0a","name":"PP001682 - Simon Stevinweg 4, Hilversum","address":"4 Simon Stevinweg","city":"Hilversum","operatorName":"TotalEnergies","maxPowerKw":11,"isMegawatt":false,"status":"AVAILABLE","source":"ndw"}},{"type":"Feature","geometry":{"type":"Point","coordinates":[5.193951,52.217536]},"properties":{"type":"charge","layer":"passenger","locationId":"95b603c430f9684296d16a78b451d7e4","name":"Peter Planciusplein 23","address":"Peter Planciusplein 23","city":"Hilversum","operatorName":"Vattenfall InCharge","maxPowerKw":11,"isMegawatt":false,"status":"AVAILABLE","source":"ndw"}},{"type":"Feature","geometry":{"type":"Point","coordinates":[5.195894,52.228413]},"properties":{"type":"charge","layer":"passenger","locationId":"8e0123e8-5e1e-40f1-b8e0-8a900dca8174","name":"PP005583 - Van de Sande Bakhuyzenstraat 71, Hilversum","address":"71 Van de Sande Bakhuyzenstraat","city":"Hilversum","operatorName":"TotalEnergies","maxPowerKw":11,"isMegawatt":false,"status":"AVAILABLE","source":"ndw"}},{"type":"Feature","geometry":{"type":"Point","coordinates":[5.162806,52.214924]},"properties":{"type":"charge","layer":"passenger","locationId":"2f36abae-dfbb-4e4d-b1cb-82e8b6de51ae","name":"TNLP007859 - Jacob Catsstraat 11, Hilversum","address":"11 Jacob Catsstraat","city":"Hilversum","operatorName":"TotalEnergies","maxPowerKw":17,"isMegawatt":false,"status":"AVAILABLE","source":"ndw"}},{"type":"Feature","geometry":{"type":"Point","coordinates":[5.17141,52.21094]},"properties":{"type":"charge","layer":"passenger","locationId":"0252a7fd-dd43-454d-aaf3-464a2e95900d","name":"PP001380 - Kastanjelaan 10, Hilversum","address":"10 Kastanjelaan","city":"Hilversum","operatorName":"TotalEnergies","maxPowerKw":11,"isMegawatt":false,"status":"AVAILABLE","source":"ndw"}},{"type":"Feature","geometry":{"type":"Point","coordinates":[5.1532,52.21065]},"properties":{"type":"charge","layer":"passenger","locationId":"0253d55d-2309-465c-805f-5b12aa89e161","name":"PP004072 - Van Wassenaerlaan 49, Hilversum","address":"49 Van Wassenaerlaan","city":"Hilversum","operatorName":"TotalEnergies","maxPowerKw":11,"isMegawatt":false,"status":"AVAILABLE","source":"ndw"}},{"type":"Feature","geometry":{"type":"Point","coordinates":[5.19616,52.23056]},"properties":{"type":"charge","layer":"passenger","locationId":"a52373bb-ebea-4ae1-8123-aff40c7136ad","name":"PP004070 - van de Sande Bakhuyzenstraat 110, Hilversum","address":"110 van de Sande Bakhuyzenstraat","city":"Hilversum","operatorName":"TotalEnergies","maxPowerKw":11,"isMegawatt":false,"status":"CHARGING","source":"ndw"}},{"type":"Feature","geometry":{"type":"Point","coordinates":[5.168892,52.238968]},"properties":{"type":"charge","layer":"passenger","locationId":"91261168","name":"EQUANS NPO","address":"Bart de Graaffweg 2","city":"Hilversum","operatorName":"EQUANS","maxPowerKw":11,"isMegawatt":false,"status":"AVAILABLE","source":"ndw"}},{"type":"Feature","geometry":{"type":"Point","coordinates":[5.144258,52.211254]},"properties":{"type":"charge","layer":"passenger","locationId":"DA6F57D0-4B1C-4194-99CB-6A1B646DE402","name":"Eneco eMobility Oscar Romerolaan 2 Hilversum","address":"Oscar Romerolaan 2","city":"Hilversum","operatorName":"Eneco","maxPowerKw":22,"isMegawatt":false,"status":"AVAILABLE","source":"ndw","priceKwh":0.32}},{"type":"Feature","geometry":{"type":"Point","coordinates":[5.168126,52.20813]},"properties":{"type":"charge","layer":"passenger","locationId":"bc69d611-490f-4779-b9ea-0c5329515586","name":"PP005304 - Moerbeilaan 51, Hilversum","address":"51 Moerbeilaan","city":"Hilversum","operatorName":"TotalEnergies","maxPowerKw":11,"isMegawatt":false,"status":"CHARGING","source":"ndw"}},{"type":"Feature","geometry":{"type":"Point","coordinates":[5.179517,52.226406]},"properties":{"type":"charge","layer":"passenger","locationId":"489eba3a-7586-4984-a055-693230968556","name":"Q-Park Hilversum Markt","address":"Schapenkamp 12","city":"Hilversum","operatorName":"Q-Park Netherlands","maxPowerKw":11,"isMegawatt":false,"status":"AVAILABLE","source":"ndw"}},{"type":"Feature","geometry":{"type":"Point","coordinates":[5.169287,52.225967]},"properties":{"type":"charge","layer":"passenger","locationId":"f1b55e6e-1aaa-486d-ad47-c39e2211c7dd","name":"PP005462 - Burgemeester Andriessenstraat 30, Hilversum","address":"30 Burgemeester Andriessenstraat","city":"Hilversum","operatorName":"TotalEnergies","maxPowerKw":11,"isMegawatt":false,"status":"CHARGING","source":"ndw"}},{"type":"Feature","geometry":{"type":"Point","coordinates":[5.203636,52.224785]},"properties":{"type":"charge","layer":"passenger","locationId":"12743cd7-0639-4c92-b24d-e3a9907e7d09","name":"TNLP007586 - Rogier van Otterloostraat 25, Hilversum","address":"25 Rogier van Otterloostraat","city":"Hilversum","operatorName":"TotalEnergies","maxPowerKw":17,"isMegawatt":false,"status":"CHARGING","source":"ndw"}},{"type":"Feature","geometry":{"type":"Point","coordinates":[5.168468,52.21943]},"properties":{"type":"charge","layer":"passenger","locationId":"2701307c-56f7-4697-9bf5-13bb49e125f0","name":"TNLP008860 - Violenstraat 6, Hilversum","address":"6 Violenstraat","city":"Hilversum","operatorName":"TotalEnergies","maxPowerKw":14,"isMegawatt":false,"status":"AVAILABLE","source":"ndw"}},{"type":"Feature","geometry":{"type":"Point","coordinates":[5.174428,52.230362]},"properties":{"type":"charge","layer":"passenger","locationId":"dd53afeb-0fad-439c-b283-357b99717371","name":"PP005354 - Sumatralaan 1, Hilversum","address":"1 Sumatralaan","city":"Hilversum","operatorName":"TotalEnergies","maxPowerKw":11,"isMegawatt":false,"status":"AVAILABLE","source":"ndw"}},{"type":"Feature","geometry":{"type":"Point","coordinates":[5.17452,52.218586]},"properties":{"type":"charge","layer":"passenger","locationId":"0f335991-0c07-4e19-bd07-9e4e1296801f","name":"TNLP006200 - Zeshoven 2, Hilversum","address":"2 Zeshoven","city":"Hilversum","operatorName":"TotalEnergies","maxPowerKw":17,"isMegawatt":false,"status":"CHARGING","source":"ndw"}},{"type":"Feature","geometry":{"type":"Point","coordinates":[5.164793,52.228073]},"properties":{"type":"charge","layer":"passenger","locationId":"fee36fc3-8bc8-4d63-b251-a66ea78c1fb2","name":"PP005415 - Van der Lindenlaan 7, Hilversum","address":"7 Van der Lindenlaan","city":"Hilversum","operatorName":"TotalEnergies","maxPowerKw":11,"isMegawatt":false,"status":"AVAILABLE","source":"ndw"}},{"type":"Feature","geometry":{"type":"Point","coordinates":[5.177178,52.217945]},"properties":{"type":"charge","layer":"passenger","locationId":"40bddb88-d6e2-4fa6-b456-2c24cba55e17","name":"PP004050 - Rembrandtlaan 35, Hilversum","address":"35 Rembrandtlaan","city":"Hilversum","operatorName":"TotalEnergies","maxPowerKw":11,"isMegawatt":false,"status":"AVAILABLE","source":"ndw"}},{"type":"Feature","geometry":{"type":"Point","coordinates":[5.15601,52.22781]},"properties":{"type":"charge","layer":"passenger","locationId":"91bbe607-bee2-4c15-bf43-8ff3cea3eba9","name":"TNLP009393 - Schuttersweg 28, Hilversum","address":"28 Schuttersweg","city":"Hilversum","operatorName":"TotalEnergies","maxPowerKw":15,"isMegawatt":false,"status":"AVAILABLE","source":"ndw"}},{"type":"Feature","geometry":{"type":"Point","coordinates":[5.188283,52.22449]},"properties":{"type":"charge","layer":"passenger","locationId":"651aad4d-3d89-42a7-bd55-5d117aa4fa44","name":"TNLP007364 - Kievitstraat 9D, Hilversum","address":"9D Kievitstraat","city":"Hilversum","operatorName":"TotalEnergies","maxPowerKw":17,"isMegawatt":false,"status":"CHARGING","source":"ndw"}},{"type":"Feature","geometry":{"type":"Point","coordinates":[5.17139,52.23356]},"properties":{"type":"charge","layer":"passenger","locationId":"df814fd3-4cae-434a-9872-d28b44299ef6","name":"PP001567 - Celebeslaan 47, Hilversum","address":"47 Celebeslaan","city":"Hilversum","operatorName":"TotalEnergies","maxPowerKw":11,"isMegawatt":false,"status":"AVAILABLE","source":"ndw"}},{"type":"Feature","geometry":{"type":"Point","coordinates":[5.175817,52.212933]},"properties":{"type":"charge","layer":"passenger","locationId":"5fda0f8b-8101-4236-85d6-a4b8bf8527ce","name":"TNLP006267 - Ruysdaellaan 21, Hilversum","address":"21 Ruysdaellaan","city":"Hilversum","operatorName":"TotalEnergies","maxPowerKw":17,"isMegawatt":false,"status":"AVAILABLE","source":"ndw"}},{"type":"Feature","geometry":{"type":"Point","coordinates":[5.173702,52.218365]},"properties":{"type":"charge","layer":"passenger","locationId":"060f3b92-b3b8-4bad-afa7-80669603adf7","name":"TNLP007622 - Neuweg 97, Hilversum","address":"97 Neuweg","city":"Hilversum","operatorName":"TotalEnergies","maxPowerKw":17,"isMegawatt":false,"status":"CHARGING","source":"ndw"}},{"type":"Feature","geometry":{"type":"Point","coordinates":[5.168033,52.22255]},"properties":{"type":"charge","layer":"passenger","locationId":"b7cd4a72-f64a-4c3f-8cca-ba5102d60f37","name":"PP005359 - Vaartweg 45a, Hilversum","address":"45a Vaartweg","city":"Hilversum","operatorName":"TotalEnergies","maxPowerKw":11,"isMegawatt":false,"status":"CHARGING","source":"ndw"}},{"type":"Feature","geometry":{"type":"Point","coordinates":[5.182256,52.233475]},"properties":{"type":"charge","layer":"passenger","locationId":"5c56fbda-ddb5-4201-949a-9272dcca8cb1","name":"TNLP006469 - Simon Stevinweg 108, Hilversum","address":"108 Simon Stevinweg","city":"Hilversum","operatorName":"TotalEnergies","maxPowerKw":17,"isMegawatt":false,"status":"UNAVAILABLE","source":"ndw"}},{"type":"Feature","geometry":{"type":"Point","coordinates":[5.16943,52.21761]},"properties":{"type":"charge","layer":"passenger","locationId":"6697c1a3-b50f-4df2-9d63-9b6b9596cbec","name":"PP002044 - Tulpstraat 63, Hilversum","address":"63 Tulpstraat","city":"Hilversum","operatorName":"TotalEnergies","maxPowerKw":11,"isMegawatt":false,"status":"CHARGING","source":"ndw"}},{"type":"Feature","geometry":{"type":"Point","coordinates":[5.160489,52.213804]},"properties":{"type":"charge","layer":"passenger","locationId":"4267738","name":"Laadnet Laadstation Lars Adema","address":"Van Beuningenstraat 7","city":"Hilversum","operatorName":"Laadnet","maxPowerKw":22,"isMegawatt":false,"status":"UNAVAILABLE","source":"ndw"}},{"type":"Feature","geometry":{"type":"Point","coordinates":[5.20016,52.21833]},"properties":{"type":"charge","layer":"passenger","locationId":"169","name":"Shell Recharge NL Van Linschotenlaan 19","address":"Van Linschotenlaan 19","city":"Hilversum","operatorName":"Ubitricity","maxPowerKw":11,"isMegawatt":false,"status":"AVAILABLE","source":"ndw","priceKwh":0.388}},{"type":"Feature","geometry":{"type":"Point","coordinates":[5.150527,52.2227]},"properties":{"type":"charge","layer":"passenger","locationId":"616","name":"Shell Recharge NL9122 - Gamma Hilversum","address":"Verlengde Zuiderloswal 30","city":"Hilversum","operatorName":"Shell Recharge","maxPowerKw":150,"isMegawatt":false,"status":"AVAILABLE","source":"ndw","priceKwh":0.7025}},{"type":"Feature","geometry":{"type":"Point","coordinates":[5.177178,52.227795]},"properties":{"type":"charge","layer":"passenger","locationId":"96e06e26-ca3d-4006-b3c5-9b892106e5bc","name":"Laadplein - PP005577 - Naarderstraat 8, Hilversum","address":"8 Naarderstraat","city":"Hilversum","operatorName":"TotalEnergies","maxPowerKw":15,"isMegawatt":false,"status":"AVAILABLE","source":"ndw"}},{"type":"Feature","geometry":{"type":"Point","coordinates":[5.144496,52.220738]},"properties":{"type":"charge","layer":"passenger","locationId":"06abd314-4816-49b7-86c9-7f7037bceb33","name":"Vreelandseweg 42","address":"Vreelandseweg 42","city":"Hilversum","operatorName":"Vattenfall InCharge","maxPowerKw":50,"isMegawatt":false,"status":"AVAILABLE","source":"ndw"}},{"type":"Feature","geometry":{"type":"Point","coordinates":[5.1914,52.23104]},"properties":{"type":"charge","layer":"passenger","locationId":"bd68caee-7d08-4986-9efa-81c1c8560941","name":"PP001782 - Jan van der Heijdenstraat 47, Hilversum","address":"47 Jan van der Heijdenstraat","city":"Hilversum","operatorName":"TotalEnergies","maxPowerKw":11,"isMegawatt":false,"status":"UNAVAILABLE","source":"ndw"}},{"type":"Feature","geometry":{"type":"Point","coordinates":[5.15723,52.22304]},"properties":{"type":"charge","layer":"passenger","locationId":"226cd54e-994c-491f-862a-756001af9ac9","name":"TNLP003569 - Vaartweg 137, Hilversum","address":"137 Vaartweg","city":"Hilversum","operatorName":"TotalEnergies","maxPowerKw":17,"isMegawatt":false,"status":"CHARGING","source":"ndw"}},{"type":"Feature","geometry":{"type":"Point","coordinates":[5.190723,52.212563]},"properties":{"type":"charge","layer":"passenger","locationId":"NLCPIL6693565","name":"NIKEEHQ HQ 31","address":"3 Colosseum","city":"Hilversum","operatorName":"ChargePoint","maxPowerKw":22,"isMegawatt":false,"status":"AVAILABLE","source":"ndw","priceKwh":0.17}},{"type":"Feature","geometry":{"type":"Point","coordinates":[5.172586,52.213684]},"properties":{"type":"charge","layer":"passenger","locationId":"dad38627-d9da-4303-9141-978c8aee2f1c","name":"PP005293 - Egelantierstraat 194, Hilversum","address":"194 Egelantierstraat","city":"Hilversum","operatorName":"TotalEnergies","maxPowerKw":11,"isMegawatt":false,"status":"AVAILABLE","source":"ndw"}},{"type":"Feature","geometry":{"type":"Point","coordinates":[5.15676,52.21587]},"properties":{"type":"charge","layer":"passenger","locationId":"cb957dbe-9560-41d5-920a-7d2ede1d4eed","name":"PP001802 - Van Hogendorplaan 1L, Hilversum","address":"1L Van Hogendorplaan","city":"Hilversum","operatorName":"TotalEnergies","maxPowerKw":11,"isMegawatt":false,"status":"AVAILABLE","source":"ndw"}},{"type":"Feature","geometry":{"type":"Point","coordinates":[5.17087,52.218613]},"properties":{"type":"charge","layer":"passenger","locationId":"ec886e7d-fd0d-4fc2-9037-963c859c4a2c","name":"TNLP006155 - Rozenstraat 50, Hilversum","address":"50 Rozenstraat","city":"Hilversum","operatorName":"TotalEnergies","maxPowerKw":17,"isMegawatt":false,"status":"CHARGING","source":"ndw"}},{"type":"Feature","geometry":{"type":"Point","coordinates":[5.137993,52.215466]},"properties":{"type":"charge","layer":"passenger","locationId":"764001b9-ed53-4864-be1a-1eeb1826f371","name":"TNLP015062 - Calvijnhof 27, Hilversum","address":"27 Calvijnhof","city":"Hilversum","operatorName":"TotalEnergies","maxPowerKw":17,"isMegawatt":false,"status":"AVAILABLE","source":"ndw"}},{"type":"Feature","geometry":{"type":"Point","coordinates":[5.191041,52.232033]},"properties":{"type":"charge","layer":"passenger","locationId":"fbb598af-f6ca-4081-ac66-ad19853d96da","name":"PP005584 - Jan van der Heijdenstraat 41, Hilversum","address":"41 Jan van der Heijdenstraat","city":"Hilversum","operatorName":"TotalEnergies","maxPowerKw":11,"isMegawatt":false,"status":"AVAILABLE","source":"ndw"}},{"type":"Feature","geometry":{"type":"Point","coordinates":[5.148491,52.212962]},"properties":{"type":"charge","layer":"passenger","locationId":"07d25a06-5588-4918-b0b5-31ed374c640c","name":"bp Pulse Express Hilversum","address":"Loosdrechtseweg 200","city":"Hilversum","operatorName":"bp pulse","maxPowerKw":150,"isMegawatt":false,"status":"AVAILABLE","source":"ndw","priceKwh":0.7}},{"type":"Feature","geometry":{"type":"Point","coordinates":[5.154369,52.22077]},"properties":{"type":"charge","layer":"passenger","locationId":"4f144f82-eff5-478c-adf2-a7f26695c983","name":"TNLP007959 - Heidestraat 30, Hilversum","address":"30 Heidestraat","city":"Hilversum","operatorName":"TotalEnergies","maxPowerKw":17,"isMegawatt":false,"status":"UNAVAILABLE","source":"ndw"}},{"type":"Feature","geometry":{"type":"Point","coordinates":[5.16443,52.216542]},"properties":{"type":"charge","layer":"passenger","locationId":"69ccce9c4af81defc25d8733","name":"Hyacintenlaan","address":"Hyacintenlaan  80","city":"Hilversum","operatorName":"E-Flux by Road","maxPowerKw":11,"isMegawatt":false,"status":"CHARGING","source":"ndw","priceKwh":0.63}},{"type":"Feature","geometry":{"type":"Point","coordinates":[5.167734,52.211278]},"properties":{"type":"charge","layer":"passenger","locationId":"6984adac17c976db1ae34867","name":"Den2's station 3","address":"Diependaalselaan  197","city":"Hilversum","operatorName":"E-Flux by Road","maxPowerKw":22,"isMegawatt":false,"status":"AVAILABLE","source":"ndw","priceKwh":0.58}},{"type":"Feature","geometry":{"type":"Point","coordinates":[5.157343,52.22079]},"properties":{"type":"charge","layer":"passenger","locationId":"d745baa8-5926-4f72-a01d-904869ddd677","name":"TNLP007819 - Beetslaan 7, Hilversum","address":"7 Beetslaan","city":"Hilversum","operatorName":"TotalEnergies","maxPowerKw":17,"isMegawatt":false,"status":"CHARGING","source":"ndw"}},{"type":"Feature","geometry":{"type":"Point","coordinates":[5.183079,52.236385]},"properties":{"type":"charge","layer":"passenger","locationId":"f7d9054a-9bf8-4083-9c43-1a40d598a51d","name":"TNLP006152 - Van Kretschmar van Veenlaan 2, Hilversum","address":"2 Van Kretschmar van Veenlaan","city":"Hilversum","operatorName":"TotalEnergies","maxPowerKw":17,"isMegawatt":false,"status":"UNAVAILABLE","source":"ndw"}},{"type":"Feature","geometry":{"type":"Point","coordinates":[5.132249,52.21947]},"properties":{"type":"charge","layer":"passenger","locationId":"444b404b-1fc8-4143-b413-730d6b8d349c","name":"TNLP015032 - Kloosterlaan 42, Hilversum","address":"42 Kloosterlaan","city":"Hilversum","operatorName":"TotalEnergies","maxPowerKw":17,"isMegawatt":false,"status":"CHARGING","source":"ndw"}},{"type":"Feature","geometry":{"type":"Point","coordinates":[5.174049,52.214066]},"properties":{"type":"charge","layer":"passenger","locationId":"3c4c34e4-17d5-45f1-a785-a11d5883225a","name":"TNLP007638 - Orchideestraat 55, Hilversum","address":"55 Orchideestraat","city":"Hilversum","operatorName":"TotalEnergies","maxPowerKw":17,"isMegawatt":false,"status":"AVAILABLE","source":"ndw"}},{"type":"Feature","geometry":{"type":"Point","coordinates":[5.152399,52.202858]},"properties":{"type":"charge","layer":"passenger","locationId":"691c43f5b235d066fd8b265a","name":"LB 7","address":"Loosdrechtse Bos  7","city":"Hilversum","operatorName":"E-Flux by Road","maxPowerKw":4,"isMegawatt":false,"status":"AVAILABLE","source":"ndw","priceKwh":0.68}},{"type":"Feature","geometry":{"type":"Point","coordinates":[5.168174,52.213337]},"properties":{"type":"charge","layer":"passenger","locationId":"6bba0c4d-986d-458c-bee8-a7f8bd8be84f","name":"TNLP008034 - Neuweg 269, Hilversum","address":"269 Neuweg","city":"Hilversum","operatorName":"TotalEnergies","maxPowerKw":17,"isMegawatt":false,"status":"AVAILABLE","source":"ndw"}},{"type":"Feature","geometry":{"type":"Point","coordinates":[5.190725,52.212815]},"properties":{"type":"charge","layer":"passenger","locationId":"NLCPIL6693555","name":"NIKEEHQ HQ 39","address":"3 Colosseum","city":"Hilversum","operatorName":"ChargePoint","maxPowerKw":22,"isMegawatt":false,"status":"AVAILABLE","source":"ndw","priceKwh":0.17}},{"type":"Feature","geometry":{"type":"Point","coordinates":[5.190819,52.212212]},"properties":{"type":"charge","layer":"passenger","locationId":"NLCPIL6692375","name":"NIKEEHQ HQ 21","address":"1 Colosseum","city":"Hilversum","operatorName":"ChargePoint","maxPowerKw":22,"isMegawatt":false,"status":"AVAILABLE","source":"ndw","priceKwh":0.17}},{"type":"Feature","geometry":{"type":"Point","coordinates":[5.164133,52.229224]},"properties":{"type":"charge","layer":"passenger","locationId":"91234185","name":"EQUANS Yellow Hive","address":"Gravelandseweg 69","city":"Hilversum","operatorName":"EQUANS","maxPowerKw":11,"isMegawatt":false,"status":"AVAILABLE","source":"ndw"}},{"type":"Feature","geometry":{"type":"Point","coordinates":[5.17902,52.2356]},"properties":{"type":"charge","layer":"passenger","locationId":"619","name":"Shell Recharge NL Van Kretschmar van Veenlaan 67","address":"Van Kretschmar van Veenlaan 67","city":"Hilversum","operatorName":"Ubitricity","maxPowerKw":11,"isMegawatt":false,"status":"AVAILABLE","source":"ndw","priceKwh":0.388}},{"type":"Feature","geometry":{"type":"Point","coordinates":[5.162,52.21619]},"properties":{"type":"charge","layer":"passenger","locationId":"333","name":"Shell Recharge NL Gijsbrecht van Amstelstraat 306","address":"Gijsbrecht van Amstelstraat 306","city":"Hilversum","operatorName":"Ubitricity","maxPowerKw":11,"isMegawatt":false,"status":"AVAILABLE","source":"ndw","priceKwh":0.388}},{"type":"Feature","geometry":{"type":"Point","coordinates":[5.176,52.238701]},"properties":{"type":"charge","layer":"passenger","locationId":"60b4add199d5644f94fe2bb9","name":"Autobedrijf Eric Boom","address":"Wirixstraat 1","city":"Hilversum","operatorName":"E-Flux by Road","maxPowerKw":25,"isMegawatt":false,"status":"AVAILABLE","source":"ndw","priceKwh":0.68}},{"type":"Feature","geometry":{"type":"Point","coordinates":[5.18444,52.2349]},"properties":{"type":"charge","layer":"passenger","locationId":"250","name":"Shell Recharge NL Hendrick de Keyserlaan 13","address":"Hendrick de Keyserlaan 13","city":"Hilversum","operatorName":"Ubitricity","maxPowerKw":11,"isMegawatt":false,"status":"AVAILABLE","source":"ndw","priceKwh":0.388}},{"type":"Feature","geometry":{"type":"Point","coordinates":[5.190087,52.23184]},"properties":{"type":"charge","layer":"passenger","locationId":"2063042","name":"Laadnet Alliantie Hilversum","address":"Jan van der Heijdenstraat 36","city":"Hilversum","operatorName":"Laadnet","maxPowerKw":22,"isMegawatt":false,"status":"AVAILABLE","source":"ndw"}},{"type":"Feature","geometry":{"type":"Point","coordinates":[5.192971,52.223408]},"properties":{"type":"charge","layer":"passenger","locationId":"3ead1ab2-f93c-47ed-8e8f-bedffeb43e85","name":"TNLP006103 - Jan van der Heijdenstraat 277, Hilversum","address":"277 Jan van der Heijdenstraat","city":"Hilversum","operatorName":"TotalEnergies","maxPowerKw":17,"isMegawatt":false,"status":"UNAVAILABLE","source":"ndw"}},{"type":"Feature","geometry":{"type":"Point","coordinates":[5.200423,52.227703]},"properties":{"type":"charge","layer":"passenger","locationId":"4208916","name":"Laadnet Veiligheidsregio Laadpalen Hilversum","address":"Kamerlingh Onnesweg 148","city":"Hilversum","operatorName":"Laadnet","maxPowerKw":22,"isMegawatt":false,"status":"AVAILABLE","source":"ndw"}},{"type":"Feature","geometry":{"type":"Point","coordinates":[5.194206,52.234924]},"properties":{"type":"charge","layer":"passenger","locationId":"f6f97a33-dc2a-4786-8672-b129b847d93e","name":"TNLP005896 - Radiostraat 64, Hilversum","address":"64 Radiostraat","city":"Hilversum","operatorName":"TotalEnergies","maxPowerKw":17,"isMegawatt":false,"status":"UNAVAILABLE","source":"ndw"}},{"type":"Feature","geometry":{"type":"Point","coordinates":[5.179609,52.229518]},"properties":{"type":"charge","layer":"passenger","locationId":"2758657","name":"Laadnet Noorderhave","address":"Noorderweg 68","city":"Hilversum","operatorName":"Laadnet","maxPowerKw":22,"isMegawatt":false,"status":"AVAILABLE","source":"ndw"}},{"type":"Feature","geometry":{"type":"Point","coordinates":[5.20337,52.22614]},"properties":{"type":"charge","layer":"passenger","locationId":"239","name":"Shell Recharge NL Anton Philipsweg 2","address":"Anton Philipsweg 2","city":"Hilversum","operatorName":"Ubitricity","maxPowerKw":11,"isMegawatt":false,"status":"CHARGING","source":"ndw","priceKwh":0.388}},{"type":"Feature","geometry":{"type":"Point","coordinates":[5.12709,52.21887]},"properties":{"type":"charge","layer":"passenger","locationId":"490","name":"Shell Recharge NL Ludgeruslaan 115","address":"Ludgeruslaan 115","city":"Hilversum","operatorName":"Ubitricity","maxPowerKw":11,"isMegawatt":false,"status":"AVAILABLE","source":"ndw","priceKwh":0.388}},{"type":"Feature","geometry":{"type":"Point","coordinates":[5.205323,52.222725]},"properties":{"type":"charge","layer":"passenger","locationId":"a845c4ed-ea80-4fae-8b18-b44eff7f1f20","name":"TNLP015087 - Tony van Verrestraat 1, Hilversum","address":"1 Tony van Verrestraat","city":"Hilversum","operatorName":"TotalEnergies","maxPowerKw":17,"isMegawatt":false,"status":"AVAILABLE","source":"ndw"}},{"type":"Feature","geometry":{"type":"Point","coordinates":[5.1777,52.24339]},"properties":{"type":"charge","layer":"passenger","locationId":"483","name":"Shell Recharge NL De Kupstraat 7","address":"De Kupstraat 7","city":"Hilversum","operatorName":"Ubitricity","maxPowerKw":11,"isMegawatt":false,"status":"CHARGING","source":"ndw","priceKwh":0.388}},{"type":"Feature","geometry":{"type":"Point","coordinates":[5.16376,52.20843]},"properties":{"type":"charge","layer":"passenger","locationId":"723","name":"Shell Recharge NL J.H. Meijerstraat 7","address":"J.H. Meijerstraat 7","city":"Hilversum","operatorName":"Ubitricity","maxPowerKw":11,"isMegawatt":false,"status":"AVAILABLE","source":"ndw","priceKwh":0.388}},{"type":"Feature","geometry":{"type":"Point","coordinates":[5.21033,52.22399]},"properties":{"type":"charge","layer":"passenger","locationId":"218","name":"Shell Recharge NL Harry Banninkstraat 101","address":"Harry Banninkstraat 101","city":"Hilversum","operatorName":"Ubitricity","maxPowerKw":11,"isMegawatt":false,"status":"AVAILABLE","source":"ndw","priceKwh":0.388}},{"type":"Feature","geometry":{"type":"Point","coordinates":[5.136496,52.220167]},"properties":{"type":"charge","layer":"passenger","locationId":"3843320","name":"Laadnet Thuis","address":"Theresiahof 31","city":"Hilversum","operatorName":"Laadnet","maxPowerKw":11,"isMegawatt":false,"status":"CHARGING","source":"ndw"}},{"type":"Feature","geometry":{"type":"Point","coordinates":[5.190274,52.212689]},"properties":{"type":"charge","layer":"passenger","locationId":"NLCPIL6692035","name":"NIKEEHQ HQ 15","address":"2 Colosseum","city":"Hilversum","operatorName":"ChargePoint","maxPowerKw":22,"isMegawatt":false,"status":"AVAILABLE","source":"ndw","priceKwh":0.17}},{"type":"Feature","geometry":{"type":"Point","coordinates":[5.20085,52.23158]},"properties":{"type":"charge","layer":"passenger","locationId":"714","name":"Shell Recharge NL Kamerlingh Onnesweg 204","address":"Kamerlingh Onnesweg 204","city":"Hilversum","operatorName":"Ubitricity","maxPowerKw":11,"isMegawatt":false,"status":"AVAILABLE","source":"ndw","priceKwh":0.388}},{"type":"Feature","geometry":{"type":"Point","coordinates":[5.1940508,52.2360114]},"properties":{"type":"charge","layer":"passenger","locationId":"960","name":"Shell Recharge NL Larenseweg 144","address":"Larenseweg 144","city":"Hilversum","operatorName":"Ubitricity","maxPowerKw":22,"isMegawatt":false,"status":"AVAILABLE","source":"ndw","priceKwh":0.266}},{"type":"Feature","geometry":{"type":"Point","coordinates":[5.147709,52.219278]},"properties":{"type":"charge","layer":"passenger","locationId":"60b667a8ead98c28920950d9","name":"PAMO","address":"Zeverijnstraat 24","city":"Hilversum","operatorName":"E-Flux by Road","maxPowerKw":11,"isMegawatt":false,"status":"AVAILABLE","source":"ndw","priceKwh":0.55}},{"type":"Feature","geometry":{"type":"Point","coordinates":[5.15201,52.22094]},"properties":{"type":"charge","layer":"passenger","locationId":"3c9eac2f-0040-4f07-a859-1e42c6be62df","name":"PP001483 - Bodemanstraat 62, Hilversum","address":"62 Bodemanstraat","city":"Hilversum","operatorName":"TotalEnergies","maxPowerKw":11,"isMegawatt":false,"status":"CHARGING","source":"ndw"}},{"type":"Feature","geometry":{"type":"Point","coordinates":[5.167742,52.243894]},"properties":{"type":"charge","layer":"passenger","locationId":"4227449","name":"Laadnet AVROTROS Z3-07","address":"Witte Kruislaan 55","city":"Hilversum","operatorName":"Laadnet","maxPowerKw":22,"isMegawatt":false,"status":"AVAILABLE","source":"ndw"}},{"type":"Feature","geometry":{"type":"Point","coordinates":[5.189306,52.219659]},"properties":{"type":"charge","layer":"passenger","locationId":"640b01ef9cd361001274d0ee","name":"E.O. Laadplein achter","address":"Oude Amersfoortseweg  79","city":"Hilversum","operatorName":"E-Flux by Road","maxPowerKw":22,"isMegawatt":false,"status":"AVAILABLE","source":"ndw","priceKwh":0.4845}},{"type":"Feature","geometry":{"type":"Point","coordinates":[5.156528,52.215086]},"properties":{"type":"charge","layer":"passenger","locationId":"4294b921ac7223804f464b2fc049705e","name":"Oude Loosdrechtseweg 154","address":"Oude Loosdrechtseweg 154","city":"Hilversum","operatorName":"Vattenfall InCharge","maxPowerKw":11,"isMegawatt":false,"status":"AVAILABLE","source":"ndw"}},{"type":"Feature","geometry":{"type":"Point","coordinates":[5.205799,52.223347]},"properties":{"type":"charge","layer":"passenger","locationId":"23741703-8890-4f92-98aa-43e2e7812877","name":"TNLP015037 - Tony van Verrestraat 7, Hilversum","address":"7 Tony van Verrestraat","city":"Hilversum","operatorName":"TotalEnergies","maxPowerKw":17,"isMegawatt":false,"status":"UNAVAILABLE","source":"ndw"}},{"type":"Feature","geometry":{"type":"Point","coordinates":[5.191043,52.218143]},"properties":{"type":"charge","layer":"passenger","locationId":"3e7c73f1-1d36-4ab0-86fb-10993a9b4cfb","name":"TNLP009437 - Jacob Roggeveenstraat 23, Hilversum","address":"23 Jacob Roggeveenstraat","city":"Hilversum","operatorName":"TotalEnergies","maxPowerKw":17,"isMegawatt":false,"status":"AVAILABLE","source":"ndw"}},{"type":"Feature","geometry":{"type":"Point","coordinates":[5.190278,52.212362]},"properties":{"type":"charge","layer":"passenger","locationId":"NLCPIL6691905","name":"NIKEEHQ HQ 05","address":"2 Colosseum","city":"Hilversum","operatorName":"ChargePoint","maxPowerKw":22,"isMegawatt":false,"status":"AVAILABLE","source":"ndw","priceKwh":0.17}},{"type":"Feature","geometry":{"type":"Point","coordinates":[5.200962,52.228657]},"properties":{"type":"charge","layer":"passenger","locationId":"714ca5bb-885b-4fe8-a081-02fc275a0f95","name":"TNLP008870 - Den Ool 1-35, Hilversum","address":"jan-35 Den Ool","city":"Hilversum","operatorName":"TotalEnergies","maxPowerKw":13,"isMegawatt":false,"status":"UNAVAILABLE","source":"ndw"}},{"type":"Feature","geometry":{"type":"Point","coordinates":[5.201656,52.226948]},"properties":{"type":"charge","layer":"passenger","locationId":"d1bb7e15-146a-42c1-b06a-f263ce4578fe","name":"TNLP015438 - Anton Philipsweg 1, Hilversum","address":"1 Anton Philipsweg","city":"Hilversum","operatorName":"TotalEnergies","maxPowerKw":17,"isMegawatt":false,"status":"AVAILABLE","source":"ndw"}},{"type":"Feature","geometry":{"type":"Point","coordinates":[5.199046,52.216022]},"properties":{"type":"charge","layer":"passenger","locationId":"00c8c0aa-0121-44f2-9d8c-577954995b6b","name":"TNLP008174 - Van Linschotenlaan 235, Hilversum","address":"235 Van Linschotenlaan","city":"Hilversum","operatorName":"TotalEnergies","maxPowerKw":17,"isMegawatt":false,"status":"AVAILABLE","source":"ndw"}},{"type":"Feature","geometry":{"type":"Point","coordinates":[5.197588,52.231075]},"properties":{"type":"charge","layer":"passenger","locationId":"13476c65-2d7f-49ac-a414-8b70b91b3712","name":"Laadplein - TNLP006274 - Eemnesserweg 213, Hilversum","address":"213 Eemnesserweg","city":"Hilversum","operatorName":"TotalEnergies","maxPowerKw":15,"isMegawatt":false,"status":"CHARGING","source":"ndw"}},{"type":"Feature","geometry":{"type":"Point","coordinates":[5.179111,52.204406]},"properties":{"type":"charge","layer":"passenger","locationId":"68b888c4f3c67472dacacb42","name":"Beukenlaan 3","address":"Beukenlaan 3","city":"Hilversum","operatorName":"E-Flux by Road","maxPowerKw":11,"isMegawatt":false,"status":"CHARGING","source":"ndw","priceKwh":0.58}},{"type":"Feature","geometry":{"type":"Point","coordinates":[5.146475,52.223001]},"properties":{"type":"charge","layer":"passenger","locationId":"613","name":"Shell Recharge NL9272 - Karwei Hilversum","address":"2e Loswal 4","city":"Hilversum","operatorName":"Shell Recharge","maxPowerKw":150,"isMegawatt":false,"status":"AVAILABLE","source":"ndw","priceKwh":0.7025}},{"type":"Feature","geometry":{"type":"Point","coordinates":[5.181856,52.21985]},"properties":{"type":"charge","layer":"passenger","locationId":"6B8B6FD4-0F47-4C85-9E6B-D6CA7A7A1D35","name":"TNLP009529","address":"Oude Amersfoortseweg 13","city":"Hilversum","operatorName":"TotalEnergies","maxPowerKw":17,"isMegawatt":false,"status":"AVAILABLE","source":"ndw"}},{"type":"Feature","geometry":{"type":"Point","coordinates":[5.147,52.21686]},"properties":{"type":"charge","layer":"passenger","locationId":"87f970e5-4141-4a78-8295-c84ce86b305e","name":"PP001301 - Kerkelandenlaan 3, Hilversum","address":"3 Kerkelandenlaan","city":"Hilversum","operatorName":"TotalEnergies","maxPowerKw":11,"isMegawatt":false,"status":"AVAILABLE","source":"ndw"}},{"type":"Feature","geometry":{"type":"Point","coordinates":[5.187898,52.23933]},"properties":{"type":"charge","layer":"passenger","locationId":"6098d6c5-97c5-4e99-9564-db721fab1ff3","name":"TNLP007118 - Salmstraat 49, Hilversum","address":"49 Salmstraat","city":"Hilversum","operatorName":"TotalEnergies","maxPowerKw":17,"isMegawatt":false,"status":"AVAILABLE","source":"ndw"}},{"type":"Feature","geometry":{"type":"Point","coordinates":[5.147486,52.218886]},"properties":{"type":"charge","layer":"passenger","locationId":"60b1fec35c20a86709c0f00e","name":"Paul's Garage (Rechts)","address":"Zeverijnstraat 20","city":"Hilversum","operatorName":"E-Flux by Road","maxPowerKw":11,"isMegawatt":false,"status":"AVAILABLE","source":"ndw","priceKwh":0.55}},{"type":"Feature","geometry":{"type":"Point","coordinates":[5.1935,52.22535]},"properties":{"type":"charge","layer":"passenger","locationId":"d6df93bd-cff9-46a2-988e-6d00cc2d8266","name":"PP004190 - Jan van der Heijdenstraat 219, Hilversum","address":"219 Jan van der Heijdenstraat","city":"Hilversum","operatorName":"TotalEnergies","maxPowerKw":11,"isMegawatt":false,"status":"AVAILABLE","source":"ndw"}},{"type":"Feature","geometry":{"type":"Point","coordinates":[5.149947,52.224132]},"properties":{"type":"charge","layer":"passenger","locationId":"661528d7e107cf001c6e572a","name":"Cloud Factory","address":"beresteinseweg  34","city":"Hilversum","operatorName":"E-Flux by Road","maxPowerKw":11,"isMegawatt":false,"status":"UNAVAILABLE","source":"ndw","priceKwh":0.72}},{"type":"Feature","geometry":{"type":"Point","coordinates":[5.15773,52.22233]},"properties":{"type":"charge","layer":"passenger","locationId":"12b2fc1a-9a40-499f-ab8f-6e476547624d","name":"PP001251 - Couperusweg 27, Hilversum","address":"27 Couperusweg","city":"Hilversum","operatorName":"TotalEnergies","maxPowerKw":11,"isMegawatt":false,"status":"AVAILABLE","source":"ndw"}},{"type":"Feature","geometry":{"type":"Point","coordinates":[5.181918,52.227612]},"properties":{"type":"charge","layer":"passenger","locationId":"9F37402D-3E41-4E7E-85E2-3FD56DE0756D","name":"Eneco eMobility Transdev - Hilversum - Larenseweg 1","address":"Larenseweg 1","city":"Hilversum","operatorName":"Eneco","maxPowerKw":22,"isMegawatt":false,"status":"AVAILABLE","source":"ndw","priceKwh":0.45}},{"type":"Feature","geometry":{"type":"Point","coordinates":[5.185,52.2289]},"properties":{"type":"charge","layer":"passenger","locationId":"f3b51844-21f3-4049-8183-20577c3ea74b","name":"TNLP009387 - Swammerdamstraat 132, Hilversum","address":"132 Swammerdamstraat","city":"Hilversum","operatorName":"TotalEnergies","maxPowerKw":15,"isMegawatt":false,"status":"AVAILABLE","source":"ndw"}},{"type":"Feature","geometry":{"type":"Point","coordinates":[5.176399,52.23471]},"properties":{"type":"charge","layer":"passenger","locationId":"63b4f5b5-575b-4b38-8945-4cf431008ac3","name":"TNLP008831 - Johannes Geradtsweg 182, Hilversum","address":"182 Johannes Geradtsweg","city":"Hilversum","operatorName":"TotalEnergies","maxPowerKw":14,"isMegawatt":false,"status":"AVAILABLE","source":"ndw"}},{"type":"Feature","geometry":{"type":"Point","coordinates":[5.174217,52.220918]},"properties":{"type":"charge","layer":"passenger","locationId":"267","name":"Shell Recharge NL Neuweg 22","address":"Neuweg 22","city":"Hilversum","operatorName":"Ubitricity","maxPowerKw":11,"isMegawatt":false,"status":"AVAILABLE","source":"ndw","priceKwh":0.388}},{"type":"Feature","geometry":{"type":"Point","coordinates":[5.197858,52.232483]},"properties":{"type":"charge","layer":"passenger","locationId":"31ea6846-af1c-4e58-9945-cbeeecb3b426","name":"TNLP015081 - Poolsterstraat 2, Hilversum","address":"2 Poolsterstraat","city":"Hilversum","operatorName":"TotalEnergies","maxPowerKw":17,"isMegawatt":false,"status":"CHARGING","source":"ndw"}},{"type":"Feature","geometry":{"type":"Point","coordinates":[5.165662,52.226736]},"properties":{"type":"charge","layer":"passenger","locationId":"2af31d93-20cc-45b2-b041-c878fb5d4f4c","name":"TNLP034099","address":"Lenneplaan 1","city":"Hilversum","operatorName":"TotalEnergies","maxPowerKw":14,"isMegawatt":false,"status":"AVAILABLE","source":"ndw"}},{"type":"Feature","geometry":{"type":"Point","coordinates":[5.137573,52.269879]},"properties":{"type":"charge","layer":"passenger","locationId":"b6937e8f0970cb80bb9363d1288663b4","name":"Zuidermeent 40","address":"Zuidermeent 40","city":"Hilversum","operatorName":"Vattenfall InCharge","maxPowerKw":11,"isMegawatt":false,"status":"AVAILABLE","source":"ndw"}},{"type":"Feature","geometry":{"type":"Point","coordinates":[5.153195,52.21325]},"properties":{"type":"charge","layer":"passenger","locationId":"06441c2a-3b25-4aac-ad7f-862398858267","name":"TNLP006037 - Van Ghentlaan 2, Hilversum","address":"2 Van Ghentlaan","city":"Hilversum","operatorName":"TotalEnergies","maxPowerKw":17,"isMegawatt":false,"status":"CHARGING","source":"ndw"}},{"type":"Feature","geometry":{"type":"Point","coordinates":[5.168424,52.221737]},"properties":{"type":"charge","layer":"passenger","locationId":"ce85e58c-a591-4ffc-a328-6a4203faa68e","name":"TNLP006376 - Gasthuisstraat 4, Hilversum","address":"4 Gasthuisstraat","city":"Hilversum","operatorName":"TotalEnergies","maxPowerKw":17,"isMegawatt":false,"status":"CHARGING","source":"ndw"}},{"type":"Feature","geometry":{"type":"Point","coordinates":[5.155406,52.222713]},"properties":{"type":"charge","layer":"passenger","locationId":"2c958ee5-3221-4062-83ae-33216dddaee3","name":"TNLP008047 - Turfstraat 36, Hilversum","address":"36 Turfstraat","city":"Hilversum","operatorName":"TotalEnergies","maxPowerKw":17,"isMegawatt":false,"status":"AVAILABLE","source":"ndw"}},{"type":"Feature","geometry":{"type":"Point","coordinates":[5.143852,52.219437]},"properties":{"type":"charge","layer":"passenger","locationId":"55932e6e-13ec-483e-8e30-051934ea638a","name":"PP005565 - Comeniushof 42, Hilversum","address":"42 Comeniushof","city":"Hilversum","operatorName":"TotalEnergies","maxPowerKw":15,"isMegawatt":false,"status":"AVAILABLE","source":"ndw"}},{"type":"Feature","geometry":{"type":"Point","coordinates":[5.16129,52.239122]},"properties":{"type":"charge","layer":"passenger","locationId":"68ca86f65554ebf00b885674","name":"Indisch Restaurant Spandershoeve","address":"Bussumergrintweg 46","city":"Hilversum","operatorName":"E-Flux by Road","maxPowerKw":11,"isMegawatt":false,"status":"AVAILABLE","source":"ndw","priceKwh":0.33}},{"type":"Feature","geometry":{"type":"Point","coordinates":[5.183613,52.240963]},"properties":{"type":"charge","layer":"passenger","locationId":"bb3bc7d9-4649-4e55-a9b6-a0ec2c40b286","name":"TNLP006509 - Van Nijenrodestraat 76, Hilversum","address":"76 Van Nijenrodestraat","city":"Hilversum","operatorName":"TotalEnergies","maxPowerKw":17,"isMegawatt":false,"status":"CHARGING","source":"ndw"}},{"type":"Feature","geometry":{"type":"Point","coordinates":[5.187584,52.240044]},"properties":{"type":"charge","layer":"passenger","locationId":"7106aac4-8e38-4b33-b10f-839119a52545","name":"TNLP009658 - Stalpaertstraat 137, Hilversum","address":"137 Stalpaertstraat","city":"Hilversum","operatorName":"TotalEnergies","maxPowerKw":15,"isMegawatt":false,"status":"CHARGING","source":"ndw"}},{"type":"Feature","geometry":{"type":"Point","coordinates":[5.15548,52.2151]},"properties":{"type":"charge","layer":"passenger","locationId":"ef24ff9b-17eb-4f9d-90f4-9f7c5638d998","name":"PP001654 - Oude Loosdrechtseweg 180, Hilversum","address":"180 Oude Loosdrechtseweg","city":"Hilversum","operatorName":"TotalEnergies","maxPowerKw":11,"isMegawatt":false,"status":"AVAILABLE","source":"ndw"}},{"type":"Feature","geometry":{"type":"Point","coordinates":[5.14439,52.2139]},"properties":{"type":"charge","layer":"passenger","locationId":"359ae385-a067-42a7-85d6-6014b0b03243","name":"PP004194 - Franciscusweg 4A, Hilversum","address":"4A Franciscusweg","city":"Hilversum","operatorName":"TotalEnergies","maxPowerKw":11,"isMegawatt":false,"status":"AVAILABLE","source":"ndw"}},{"type":"Feature","geometry":{"type":"Point","coordinates":[5.171337,52.207935]},"properties":{"type":"charge","layer":"passenger","locationId":"9be48415-38c7-435c-aae0-99b165a2b4fb","name":"TNLP007889 - Kolhornseweg 4, Hilversum","address":"4 Kolhornseweg","city":"Hilversum","operatorName":"TotalEnergies","maxPowerKw":17,"isMegawatt":false,"status":"CHARGING","source":"ndw"}},{"type":"Feature","geometry":{"type":"Point","coordinates":[5.167313,52.21052]},"properties":{"type":"charge","layer":"passenger","locationId":"afa5cfc9-6029-44d2-a6f2-c8264b13cc73","name":"TNLP005872 - Hilvertsweg 204, Hilversum","address":"204 Hilvertsweg","city":"Hilversum","operatorName":"TotalEnergies","maxPowerKw":11,"isMegawatt":false,"status":"CHARGING","source":"ndw"}},{"type":"Feature","geometry":{"type":"Point","coordinates":[5.179734,52.233127]},"properties":{"type":"charge","layer":"passenger","locationId":"61a641356635c605d1d76c4a","name":"Snelliuslaan 10","address":"Snelliuslaan 10","city":"Hilversum","operatorName":"E-Flux by Road","maxPowerKw":22,"isMegawatt":false,"status":"AVAILABLE","source":"ndw","priceKwh":0.53}},{"type":"Feature","geometry":{"type":"Point","coordinates":[5.167565,52.211282]},"properties":{"type":"charge","layer":"passenger","locationId":"6984af3c5a041fbbaf99c1e2","name":"Den2's station 4","address":"Diependaalselaan 197","city":"Hilversum","operatorName":"E-Flux by Road","maxPowerKw":22,"isMegawatt":false,"status":"AVAILABLE","source":"ndw","priceKwh":0.58}},{"type":"Feature","geometry":{"type":"Point","coordinates":[5.16984,52.21452]},"properties":{"type":"charge","layer":"passenger","locationId":"6d34512d-61ea-42f5-8559-bf8a144578ee","name":"PP004076 - Ericastraat 47, Hilversum","address":"47 Ericastraat","city":"Hilversum","operatorName":"TotalEnergies","maxPowerKw":11,"isMegawatt":false,"status":"AVAILABLE","source":"ndw"}},{"type":"Feature","geometry":{"type":"Point","coordinates":[5.1608,52.21019]},"properties":{"type":"charge","layer":"passenger","locationId":"cffa2b292f1b90283326d2f5c3d370e9","name":"Piet Heinstraat 38","address":"Piet Heinstraat 38","city":"Hilversum","operatorName":"Vattenfall InCharge","maxPowerKw":11,"isMegawatt":false,"status":"AVAILABLE","source":"ndw"}},{"type":"Feature","geometry":{"type":"Point","coordinates":[5.18349,52.23838]},"properties":{"type":"charge","layer":"passenger","locationId":"91c43996-57fe-4a5d-8842-e4dc28a98409","name":"PP004179 - Graaf Wichmanstraat 8, Hilversum","address":"8 Graaf Wichmanstraat","city":"Hilversum","operatorName":"TotalEnergies","maxPowerKw":11,"isMegawatt":false,"status":"UNAVAILABLE","source":"ndw"}},{"type":"Feature","geometry":{"type":"Point","coordinates":[5.133642,52.218972]},"properties":{"type":"charge","layer":"passenger","locationId":"81db8bd8-c834-4e2a-a6e9-8ef6e45e34f3","name":"TNLP034134","address":"Janseniushof 48","city":"Hilversum","operatorName":"TotalEnergies","maxPowerKw":14,"isMegawatt":false,"status":"AVAILABLE","source":"ndw"}},{"type":"Feature","geometry":{"type":"Point","coordinates":[5.154004,52.22301]},"properties":{"type":"charge","layer":"passenger","locationId":"b0d113e1-4d73-484b-ad9c-ff75372d1c95","name":"TNLP006123 - Turfstraat 84, Hilversum","address":"84 Turfstraat","city":"Hilversum","operatorName":"TotalEnergies","maxPowerKw":17,"isMegawatt":false,"status":"AVAILABLE","source":"ndw"}},{"type":"Feature","geometry":{"type":"Point","coordinates":[5.170389,52.22907]},"properties":{"type":"charge","layer":"passenger","locationId":"2c655b72-b848-4705-bddd-5a7d99ff1942","name":"TNLP003587 - Dudokpark 5, Hilversum","address":"5 Dudokpark","city":"Hilversum","operatorName":"TotalEnergies","maxPowerKw":17,"isMegawatt":false,"status":"AVAILABLE","source":"ndw"}},{"type":"Feature","geometry":{"type":"Point","coordinates":[5.189246,52.233784]},"properties":{"type":"charge","layer":"passenger","locationId":"e8f17d01-331c-43d5-9041-cb7da7cdc77a","name":"TNLP008388 - Coehoornstraat 1, Hilversum","address":"1 Coehoornstraat","city":"Hilversum","operatorName":"TotalEnergies","maxPowerKw":14,"isMegawatt":false,"status":"AVAILABLE","source":"ndw"}},{"type":"Feature","geometry":{"type":"Point","coordinates":[5.1811,52.21935]},"properties":{"type":"charge","layer":"passenger","locationId":"f3f25a9a-ca1c-4b9f-be69-f23e0457624c","name":"TNLP007240 - Emmastraat 54, Hilversum","address":"54 Emmastraat","city":"Hilversum","operatorName":"TotalEnergies","maxPowerKw":17,"isMegawatt":false,"status":"AVAILABLE","source":"ndw"}},{"type":"Feature","geometry":{"type":"Point","coordinates":[5.19247,52.217348]},"properties":{"type":"charge","layer":"passenger","locationId":"923341","name":"DAE_NL_20001190","address":"Abel Tasmanstraat 29","city":"Hilversum","operatorName":"DAEN Mobility","maxPowerKw":11,"isMegawatt":false,"status":"AVAILABLE","source":"ndw","priceKwh":0.28}},{"type":"Feature","geometry":{"type":"Point","coordinates":[5.13541,52.2704]},"properties":{"type":"charge","layer":"passenger","locationId":"5db26be2-e6ac-485b-9d81-fa7dffba9ef8","name":"PP004318 - Vuurvlindermeent 1, Hilversum","address":"1 Vuurvlindermeent","city":"Hilversum","operatorName":"TotalEnergies","maxPowerKw":11,"isMegawatt":false,"status":"AVAILABLE","source":"ndw"}},{"type":"Feature","geometry":{"type":"Point","coordinates":[5.180138,52.241432]},"properties":{"type":"charge","layer":"passenger","locationId":"aded3745-2b1c-4a85-9a89-8c76cca11833","name":"TNLP009114 - Lopes Diaslaan 39a, Hilversum","address":"39a Lopes Diaslaan","city":"Hilversum","operatorName":"TotalEnergies","maxPowerKw":15,"isMegawatt":false,"status":"AVAILABLE","source":"ndw"}},{"type":"Feature","geometry":{"type":"Point","coordinates":[5.176854,52.23694]},"properties":{"type":"charge","layer":"passenger","locationId":"1ca20bfc-8311-4e6f-9337-753ea480cda2","name":"TNLP008144 - Van den Wall Bakelaan 2, Hilversum","address":"2 Van den Wall Bakelaan","city":"Hilversum","operatorName":"TotalEnergies","maxPowerKw":17,"isMegawatt":false,"status":"AVAILABLE","source":"ndw"}},{"type":"Feature","geometry":{"type":"Point","coordinates":[5.177846,52.217659]},"properties":{"type":"charge","layer":"passenger","locationId":"bba2cabd-eea5-4af2-a445-0ce4473d7073","name":"TNLP034260","address":"Rembrandtlaan 41","city":"Hilversum","operatorName":"TotalEnergies","maxPowerKw":14,"isMegawatt":false,"status":"CHARGING","source":"ndw"}},{"type":"Feature","geometry":{"type":"Point","coordinates":[5.15334,52.20989]},"properties":{"type":"charge","layer":"passenger","locationId":"a947333174d7b709142b943bbae9d764","name":"Van Brakellaan 127","address":"Van Brakellaan 127","city":"Hilversum","operatorName":"Vattenfall InCharge","maxPowerKw":11,"isMegawatt":false,"status":"UNAVAILABLE","source":"ndw"}},{"type":"Feature","geometry":{"type":"Point","coordinates":[5.154937,52.201856]},"properties":{"type":"charge","layer":"passenger","locationId":"691c485614637640d392b76a","name":"LB 21","address":"Loosdrechtse Bos 21","city":"Hilversum","operatorName":"E-Flux by Road","maxPowerKw":11,"isMegawatt":false,"status":"AVAILABLE","source":"ndw","priceKwh":0.68}},{"type":"Feature","geometry":{"type":"Point","coordinates":[5.1732,52.22538]},"properties":{"type":"charge","layer":"passenger","locationId":"fcba1001-0af9-47d3-86ff-63e9c71f776f","name":"PP004196 - Bussumersteeg 3, Hilversum","address":"3 Bussumersteeg","city":"Hilversum","operatorName":"TotalEnergies","maxPowerKw":15,"isMegawatt":false,"status":"AVAILABLE","source":"ndw"}},{"type":"Feature","geometry":{"type":"Point","coordinates":[5.1940696,52.216096]},"properties":{"type":"charge","layer":"passenger","locationId":"2089","name":"Shell Recharge NL Van Riebeeckweg 43 A","address":"Van Riebeeckweg 43 A","city":"Hilversum","operatorName":"Ubitricity","maxPowerKw":22,"isMegawatt":false,"status":"CHARGING","source":"ndw","priceKwh":0.266}},{"type":"Feature","geometry":{"type":"Point","coordinates":[5.140211,52.272842]},"properties":{"type":"charge","layer":"passenger","locationId":"84153579-1a5d-484a-b72b-a24431c726b3","name":"TNLP008221 - Biezenmeent 21, Hilversum","address":"21 Biezenmeent","city":"Hilversum","operatorName":"TotalEnergies","maxPowerKw":17,"isMegawatt":false,"status":"AVAILABLE","source":"ndw"}},{"type":"Feature","geometry":{"type":"Point","coordinates":[5.156314,52.208275]},"properties":{"type":"charge","layer":"passenger","locationId":"af386772-3a16-4f51-93bb-4e8cc39de4a1","name":"TNLP008205 - Kolhornseweg 116, Hilversum","address":"116 Kolhornseweg","city":"Hilversum","operatorName":"TotalEnergies","maxPowerKw":17,"isMegawatt":false,"status":"AVAILABLE","source":"ndw"}},{"type":"Feature","geometry":{"type":"Point","coordinates":[5.161554,52.24115]},"properties":{"type":"charge","layer":"passenger","locationId":"2ae3acfd-ddbd-4d23-a664-32a1e9c333dd","name":"TNLP009535 - Kroonlaan 12, Hilversum","address":"12 Kroonlaan","city":"Hilversum","operatorName":"TotalEnergies","maxPowerKw":15,"isMegawatt":false,"status":"AVAILABLE","source":"ndw"}},{"type":"Feature","geometry":{"type":"Point","coordinates":[5.132458,52.216286]},"properties":{"type":"charge","layer":"passenger","locationId":"4cb51bde-66d4-4119-9cf6-5c02c2b97f63","name":"TNLP015117 - Bonifaciuslaan 5, Hilversum","address":"5 Bonifaciuslaan","city":"Hilversum","operatorName":"TotalEnergies","maxPowerKw":17,"isMegawatt":false,"status":"AVAILABLE","source":"ndw"}},{"type":"Feature","geometry":{"type":"Point","coordinates":[5.158431,52.21228]},"properties":{"type":"charge","layer":"passenger","locationId":"1f4714d9-8ec8-4458-93d7-14789596dc30","name":"TNLP007587 - Johan de Wittstraat 40, Hilversum","address":"40 Johan de Wittstraat","city":"Hilversum","operatorName":"TotalEnergies","maxPowerKw":15,"isMegawatt":false,"status":"AVAILABLE","source":"ndw"}},{"type":"Feature","geometry":{"type":"Point","coordinates":[5.198897,52.21664]},"properties":{"type":"charge","layer":"passenger","locationId":"0ddb6ade-a317-46bb-a5d8-42a49578a15b","name":"PP005417 - Van Linschotenlaan 164, Hilversum","address":"164 Van Linschotenlaan","city":"Hilversum","operatorName":"TotalEnergies","maxPowerKw":15,"isMegawatt":false,"status":"CHARGING","source":"ndw"}},{"type":"Feature","geometry":{"type":"Point","coordinates":[5.161743,52.209297]},"properties":{"type":"charge","layer":"passenger","locationId":"9644c82d-e6fb-48c5-8929-02dd3b70a166","name":"PP005302 - Nieuwlandseweg 25, Hilversum","address":"25 Nieuwlandseweg","city":"Hilversum","operatorName":"TotalEnergies","maxPowerKw":11,"isMegawatt":false,"status":"AVAILABLE","source":"ndw"}},{"type":"Feature","geometry":{"type":"Point","coordinates":[5.19029,52.22737]},"properties":{"type":"charge","layer":"passenger","locationId":"269180c3-8cbe-4909-b631-73d78470dc0f","name":"PP004177 - Lorentzweg 71, Hilversum","address":"71 Lorentzweg","city":"Hilversum","operatorName":"TotalEnergies","maxPowerKw":11,"isMegawatt":false,"status":"AVAILABLE","source":"ndw"}},{"type":"Feature","geometry":{"type":"Point","coordinates":[5.19382,52.23396]},"properties":{"type":"charge","layer":"passenger","locationId":"eb8f3135-06c1-4cd2-9bd0-b774f7ef9ea3","name":"TNLP003659 - Seinstraat 34, Hilversum","address":"34 Seinstraat","city":"Hilversum","operatorName":"TotalEnergies","maxPowerKw":17,"isMegawatt":false,"status":"AVAILABLE","source":"ndw"}},{"type":"Feature","geometry":{"type":"Point","coordinates":[5.166337,52.216574]},"properties":{"type":"charge","layer":"passenger","locationId":"44021185-5ec2-463c-a120-d41d62c8027f","name":"TNLP034096","address":"Meidoornstraat 12","city":"Hilversum","operatorName":"TotalEnergies","maxPowerKw":14,"isMegawatt":false,"status":"AVAILABLE","source":"ndw"}},{"type":"Feature","geometry":{"type":"Point","coordinates":[5.206935,52.222222]},"properties":{"type":"charge","layer":"passenger","locationId":"4227372","name":"Laadnet St. Pensioenfonds Metaal en Techniek","address":"Minckelersstraat 311","city":"Hilversum","operatorName":"Laadnet","maxPowerKw":22,"isMegawatt":false,"status":"AVAILABLE","source":"ndw"}},{"type":"Feature","geometry":{"type":"Point","coordinates":[5.13998,52.21953]},"properties":{"type":"charge","layer":"passenger","locationId":"280","name":"Shell Recharge NL Gomarushof 34","address":"Gomarushof 34","city":"Hilversum","operatorName":"Ubitricity","maxPowerKw":11,"isMegawatt":false,"status":"CHARGING","source":"ndw","priceKwh":0.388}},{"type":"Feature","geometry":{"type":"Point","coordinates":[5.180056,52.23759]},"properties":{"type":"charge","layer":"passenger","locationId":"11e37160-46f5-4a99-8c13-688e45ae4187","name":"TNLP006512 - Berlagelaan 235, Hilversum","address":"235 Berlagelaan","city":"Hilversum","operatorName":"TotalEnergies","maxPowerKw":17,"isMegawatt":false,"status":"UNAVAILABLE","source":"ndw"}},{"type":"Feature","geometry":{"type":"Point","coordinates":[5.16593,52.23227]},"properties":{"type":"charge","layer":"passenger","locationId":"B06DC320-D166-4A6E-A7B1-75CC53A35467","name":"Eneco eMobility Arnold Suhr Netherlands B.V. - Heuvellaan 36 - Hilversum","address":"Heuvellaan 36","city":"Hilversum","operatorName":"Eneco","maxPowerKw":22,"isMegawatt":false,"status":"AVAILABLE","source":"ndw","priceKwh":0.36}},{"type":"Feature","geometry":{"type":"Point","coordinates":[5.17281,52.22198]},"properties":{"type":"charge","layer":"passenger","locationId":"290","name":"Shell Recharge NL Ruitersweg 16","address":"Ruitersweg 16","city":"Hilversum","operatorName":"Ubitricity","maxPowerKw":11,"isMegawatt":false,"status":"AVAILABLE","source":"ndw","priceKwh":0.388}},{"type":"Feature","geometry":{"type":"Point","coordinates":[5.171186,52.215323]},"properties":{"type":"charge","layer":"passenger","locationId":"06f4d851-128e-42d7-82a3-f48996dc9c77","name":"TNLP034024","address":"Neuweg 245 D","city":"Hilversum","operatorName":"TotalEnergies","maxPowerKw":14,"isMegawatt":false,"status":"CHARGING","source":"ndw"}},{"type":"Feature","geometry":{"type":"Point","coordinates":[5.142006,52.216484]},"properties":{"type":"charge","layer":"passenger","locationId":"91113b44-e08d-4b8d-bc10-0321c5eb2aac","name":"PP004238 - Kapittelweg 217, Hilversum","address":"217 Kapittelweg","city":"Hilversum","operatorName":"TotalEnergies","maxPowerKw":11,"isMegawatt":false,"status":"AVAILABLE","source":"ndw"}},{"type":"Feature","geometry":{"type":"Point","coordinates":[5.19513,52.21566]},"properties":{"type":"charge","layer":"passenger","locationId":"ed8a0832-a1b0-4dca-93e7-566829d5ce40","name":"PP001753 - Van Riebeeckweg 50, Hilversum","address":"50 Van Riebeeckweg","city":"Hilversum","operatorName":"TotalEnergies","maxPowerKw":11,"isMegawatt":false,"status":"CHARGING","source":"ndw"}},{"type":"Feature","geometry":{"type":"Point","coordinates":[5.15872,52.21848]},"properties":{"type":"charge","layer":"passenger","locationId":"5761e563-853f-466e-aa5e-ef1e5eeba050","name":"PP004136 - Staringlaan 25, Hilversum","address":"25 Staringlaan","city":"Hilversum","operatorName":"TotalEnergies","maxPowerKw":11,"isMegawatt":false,"status":"AVAILABLE","source":"ndw"}},{"type":"Feature","geometry":{"type":"Point","coordinates":[5.15557,52.21828]},"properties":{"type":"charge","layer":"passenger","locationId":"c7d95d76-05a1-4450-9216-fb37137fd18b","name":"PP005356 - Gijsbrecht van Amstelstraat 387, Hilversum","address":"387 Gijsbrecht van Amstelstraat","city":"Hilversum","operatorName":"TotalEnergies","maxPowerKw":11,"isMegawatt":false,"status":"UNAVAILABLE","source":"ndw"}},{"type":"Feature","geometry":{"type":"Point","coordinates":[5.18187,52.22201]},"properties":{"type":"charge","layer":"passenger","locationId":"d725418b-59f1-4dd0-b4e2-6db947751366","name":"PP002096 - Sint Vitusstraat 43, Hilversum","address":"43 Sint Vitusstraat","city":"Hilversum","operatorName":"TotalEnergies","maxPowerKw":11,"isMegawatt":false,"status":"CHARGING","source":"ndw"}},{"type":"Feature","geometry":{"type":"Point","coordinates":[5.182363,52.219052]},"properties":{"type":"charge","layer":"passenger","locationId":"4235704","name":"Laadnet 5CS Partners Management B.V.","address":"Emmastraat 53","city":"Hilversum","operatorName":"Laadnet","maxPowerKw":22,"isMegawatt":false,"status":"AVAILABLE","source":"ndw"}},{"type":"Feature","geometry":{"type":"Point","coordinates":[5.199235,52.235767]},"properties":{"type":"charge","layer":"passenger","locationId":"061b8ee5-fd52-495b-a40a-1e3a00e45b38","name":"TNLP007333 - Orionlaan 55a, Hilversum","address":"55a Orionlaan","city":"Hilversum","operatorName":"TotalEnergies","maxPowerKw":17,"isMegawatt":false,"status":"AVAILABLE","source":"ndw"}},{"type":"Feature","geometry":{"type":"Point","coordinates":[5.174252,52.215527]},"properties":{"type":"charge","layer":"passenger","locationId":"e6c97ecc-c7a5-4f90-9c46-0885d69488fb","name":"TNLP008204 - Gijsbrecht van Amstelstraat 70, Hilversum","address":"70 Gijsbrecht van Amstelstraat","city":"Hilversum","operatorName":"TotalEnergies","maxPowerKw":17,"isMegawatt":false,"status":"AVAILABLE","source":"ndw"}},{"type":"Feature","geometry":{"type":"Point","coordinates":[5.161241,52.216125]},"properties":{"type":"charge","layer":"passenger","locationId":"493d45ad-d794-4f15-8b0d-6ec39c9f7300","name":"TNLP007647 - Oude Loosdrechtseweg 36, Hilversum","address":"36 Oude Loosdrechtseweg","city":"Hilversum","operatorName":"TotalEnergies","maxPowerKw":17,"isMegawatt":false,"status":"AVAILABLE","source":"ndw"}},{"type":"Feature","geometry":{"type":"Point","coordinates":[5.176254,52.23889]},"properties":{"type":"charge","layer":"passenger","locationId":"be6cac41-9afb-402f-8c8b-293d4d5beae9","name":"TNLP006432 - Wirixstraat 1, Hilversum","address":"1 Wirixstraat","city":"Hilversum","operatorName":"TotalEnergies","maxPowerKw":17,"isMegawatt":false,"status":"CHARGING","source":"ndw"}},{"type":"Feature","geometry":{"type":"Point","coordinates":[5.192388,52.236046]},"properties":{"type":"charge","layer":"passenger","locationId":"50002305-f129-474c-8bef-4875c865c75f","name":"PP004299 - Johannes Geradtsweg 17, Hilversum","address":"17 Johannes Geradtsweg","city":"Hilversum","operatorName":"TotalEnergies","maxPowerKw":11,"isMegawatt":false,"status":"UNAVAILABLE","source":"ndw"}},{"type":"Feature","geometry":{"type":"Point","coordinates":[5.191413,52.231642]},"properties":{"type":"charge","layer":"passenger","locationId":"cf42cd29-7bef-4f8f-a3d8-66d4633b1b70","name":"TNLP034083","address":"Zenderstraat 107","city":"Hilversum","operatorName":"TotalEnergies","maxPowerKw":14,"isMegawatt":false,"status":"CHARGING","source":"ndw"}},{"type":"Feature","geometry":{"type":"Point","coordinates":[5.13678,52.21923]},"properties":{"type":"charge","layer":"passenger","locationId":"a2b46fc1-7055-402c-a059-a2a491cd748d","name":"PP004249 - Kloosterlaan 5, Hilversum","address":"5 Kloosterlaan","city":"Hilversum","operatorName":"TotalEnergies","maxPowerKw":11,"isMegawatt":false,"status":"UNAVAILABLE","source":"ndw"}},{"type":"Feature","geometry":{"type":"Point","coordinates":[5.155145,52.208836]},"properties":{"type":"charge","layer":"passenger","locationId":"91afda8e-af29-4994-a415-875b8dbe1bcf","name":"TNLP006158 - Kolhornseweg 128, Hilversum","address":"128 Kolhornseweg","city":"Hilversum","operatorName":"TotalEnergies","maxPowerKw":17,"isMegawatt":false,"status":"AVAILABLE","source":"ndw"}},{"type":"Feature","geometry":{"type":"Point","coordinates":[5.178805,52.215347]},"properties":{"type":"charge","layer":"passenger","locationId":"82c9fc04-d58a-477d-ade1-38e7ee0a4713","name":"TNLP009015 - Pieter de Hooghlaan 41, Hilversum","address":"41 Pieter de Hooghlaan","city":"Hilversum","operatorName":"TotalEnergies","maxPowerKw":17,"isMegawatt":false,"status":"CHARGING","source":"ndw"}},{"type":"Feature","geometry":{"type":"Point","coordinates":[5.17868,52.22838]},"properties":{"type":"charge","layer":"passenger","locationId":"b849cbab-d4f4-42a8-bb4a-27bd52b4376c","name":"PP004104 - Huizerstraat 1, Hilversum","address":"1 Huizerstraat","city":"Hilversum","operatorName":"TotalEnergies","maxPowerKw":11,"isMegawatt":false,"status":"AVAILABLE","source":"ndw"}},{"type":"Feature","geometry":{"type":"Point","coordinates":[5.153955,52.201048]},"properties":{"type":"charge","layer":"passenger","locationId":"691c47e2b5a3dacd4379ce93","name":"LB 19","address":"Loosdrechtse Bos 19","city":"Hilversum","operatorName":"E-Flux by Road","maxPowerKw":11,"isMegawatt":false,"status":"AVAILABLE","source":"ndw","priceKwh":0.68}},{"type":"Feature","geometry":{"type":"Point","coordinates":[5.148564,52.217514]},"properties":{"type":"charge","layer":"passenger","locationId":"29db28a6-de53-43b6-8ba9-6794913426cc","name":"TNLP006395 - Wolvenlaan 261, Hilversum","address":"261 Wolvenlaan","city":"Hilversum","operatorName":"TotalEnergies","maxPowerKw":17,"isMegawatt":false,"status":"UNAVAILABLE","source":"ndw"}},{"type":"Feature","geometry":{"type":"Point","coordinates":[5.17497,52.237785]},"properties":{"type":"charge","layer":"passenger","locationId":"39b24c18-bb49-4b6c-b0e5-34e8d12a1ffe","name":"TNLP005691 - Noorderweg 229, Hilversum","address":"229 Noorderweg","city":"Hilversum","operatorName":"TotalEnergies","maxPowerKw":11,"isMegawatt":false,"status":"UNAVAILABLE","source":"ndw"}},{"type":"Feature","geometry":{"type":"Point","coordinates":[5.2006628,52.2211246]},"properties":{"type":"charge","layer":"passenger","locationId":"2134","name":"Shell Recharge NL Anthony Fokkerweg 226","address":"Anthony Fokkerweg 226","city":"Hilversum","operatorName":"Ubitricity","maxPowerKw":22,"isMegawatt":false,"status":"CHARGING","source":"ndw","priceKwh":0.266}},{"type":"Feature","geometry":{"type":"Point","coordinates":[5.17392,52.24082]},"properties":{"type":"charge","layer":"passenger","locationId":"510","name":"Shell Recharge NL Bonnikestraat 49","address":"Bonnikestraat 49","city":"Hilversum","operatorName":"Ubitricity","maxPowerKw":11,"isMegawatt":false,"status":"CHARGING","source":"ndw","priceKwh":0.388}},{"type":"Feature","geometry":{"type":"Point","coordinates":[5.171428,52.212368]},"properties":{"type":"charge","layer":"passenger","locationId":"ffc5c052-29bb-424f-a3e6-b8b7bae11a3f","name":"TNLP008833 - Cameliastraat 44, Hilversum","address":"44 Cameliastraat","city":"Hilversum","operatorName":"TotalEnergies","maxPowerKw":14,"isMegawatt":false,"status":"CHARGING","source":"ndw"}},{"type":"Feature","geometry":{"type":"Point","coordinates":[5.158079,52.21664]},"properties":{"type":"charge","layer":"passenger","locationId":"f8be3e1a-6937-4c91-98cf-c72f0f02923b","name":"PP005400 - Frederik van Eedenlaan 13, Hilversum","address":"13 Frederik van Eedenlaan","city":"Hilversum","operatorName":"TotalEnergies","maxPowerKw":11,"isMegawatt":false,"status":"CHARGING","source":"ndw"}},{"type":"Feature","geometry":{"type":"Point","coordinates":[5.130454,52.21701]},"properties":{"type":"charge","layer":"passenger","locationId":"69ee3081-652c-4f9e-8e9d-c109a330074f","name":"TNLP006430 - Willibrorduslaan 2, Hilversum","address":"2 Willibrorduslaan","city":"Hilversum","operatorName":"TotalEnergies","maxPowerKw":17,"isMegawatt":false,"status":"UNAVAILABLE","source":"ndw"}},{"type":"Feature","geometry":{"type":"Point","coordinates":[5.18175,52.22965]},"properties":{"type":"charge","layer":"passenger","locationId":"240","name":"Shell Recharge NL Korte Noorderweg 48","address":"Korte Noorderweg 48","city":"Hilversum","operatorName":"Ubitricity","maxPowerKw":11,"isMegawatt":false,"status":"AVAILABLE","source":"ndw","priceKwh":0.388}},{"type":"Feature","geometry":{"type":"Point","coordinates":[5.19073,52.212767]},"properties":{"type":"charge","layer":"passenger","locationId":"NLCPIL6693645","name":"NIKEEHQ HQ 37","address":"3 Colosseum","city":"Hilversum","operatorName":"ChargePoint","maxPowerKw":22,"isMegawatt":false,"status":"AVAILABLE","source":"ndw","priceKwh":0.17}},{"type":"Feature","geometry":{"type":"Point","coordinates":[5.191947,52.213587]},"properties":{"type":"charge","layer":"passenger","locationId":"NLCPIL6700315","name":"NIKEEHQ ARENA 2","address":"Arena","city":"Hilversum","operatorName":"ChargePoint","maxPowerKw":11,"isMegawatt":false,"status":"AVAILABLE","source":"ndw","priceKwh":0.17}},{"type":"Feature","geometry":{"type":"Point","coordinates":[5.164643,52.21059]},"properties":{"type":"charge","layer":"passenger","locationId":"e022664c-a613-42fc-ab95-fa398358eac0","name":"TNLP009438 - Asterstraat 14, Hilversum","address":"14 Asterstraat","city":"Hilversum","operatorName":"TotalEnergies","maxPowerKw":15,"isMegawatt":false,"status":"AVAILABLE","source":"ndw"}},{"type":"Feature","geometry":{"type":"Point","coordinates":[5.1858859,52.2244988]},"properties":{"type":"charge","layer":"passenger","locationId":"2121","name":"Shell Recharge NL Jac. P. Thijsseplein 34","address":"Jac. P. Thijsseplein 34","city":"Hilversum","operatorName":"Ubitricity","maxPowerKw":22,"isMegawatt":false,"status":"AVAILABLE","source":"ndw","priceKwh":0.266}},{"type":"Feature","geometry":{"type":"Point","coordinates":[5.16039,52.21881]},"properties":{"type":"charge","layer":"passenger","locationId":"e8e75afd-5742-4181-97ad-e3b6427fb361","name":"PP001655 - De Genestetlaan 32, Hilversum","address":"32 De Genestetlaan","city":"Hilversum","operatorName":"TotalEnergies","maxPowerKw":11,"isMegawatt":false,"status":"CHARGING","source":"ndw"}},{"type":"Feature","geometry":{"type":"Point","coordinates":[5.147401,52.212666]},"properties":{"type":"charge","layer":"passenger","locationId":"68c3350fc488e05de738dbe6","name":"Compatible","address":"Franciscusweg 295","city":"Hilversum","operatorName":"E-Flux by Road","maxPowerKw":8,"isMegawatt":false,"status":"AVAILABLE","source":"ndw","priceKwh":0.58}},{"type":"Feature","geometry":{"type":"Point","coordinates":[5.14936,52.21214]},"properties":{"type":"charge","layer":"passenger","locationId":"ba92252f-e7ad-454c-ad1a-9261d7802ef9","name":"PP004067 - Van der Zaenlaan 44, Hilversum","address":"44 Van der Zaenlaan","city":"Hilversum","operatorName":"TotalEnergies","maxPowerKw":15,"isMegawatt":false,"status":"AVAILABLE","source":"ndw"}},{"type":"Feature","geometry":{"type":"Point","coordinates":[5.178514,52.216976]},"properties":{"type":"charge","layer":"passenger","locationId":"7233ba5c-a53b-4bfe-a9aa-9c979b28e186","name":"PP004077 - Pieter de Hooghlaan 2, Hilversum","address":"2 Pieter de Hooghlaan","city":"Hilversum","operatorName":"TotalEnergies","maxPowerKw":11,"isMegawatt":false,"status":"AVAILABLE","source":"ndw"}},{"type":"Feature","geometry":{"type":"Point","coordinates":[5.16548,52.21406]},"properties":{"type":"charge","layer":"passenger","locationId":"284","name":"Shell Recharge NL Leliestraat 33","address":"Leliestraat 33","city":"Hilversum","operatorName":"Ubitricity","maxPowerKw":11,"isMegawatt":false,"status":"AVAILABLE","source":"ndw","priceKwh":0.388}},{"type":"Feature","geometry":{"type":"Point","coordinates":[5.18307,52.22255]},"properties":{"type":"charge","layer":"passenger","locationId":"308","name":"Shell Recharge NL Sint Annastraat 25","address":"Sint Annastraat 25","city":"Hilversum","operatorName":"Ubitricity","maxPowerKw":11,"isMegawatt":false,"status":"AVAILABLE","source":"ndw","priceKwh":0.388}},{"type":"Feature","geometry":{"type":"Point","coordinates":[5.168138,52.22888]},"properties":{"type":"charge","layer":"passenger","locationId":"dbbc6a77-7b1e-4eb8-8d54-f4f7b580fcc5","name":"PP005205 - Hoge Naarderweg 43, Hilversum","address":"43 Hoge Naarderweg","city":"Hilversum","operatorName":"TotalEnergies","maxPowerKw":11,"isMegawatt":false,"status":"UNAVAILABLE","source":"ndw"}},{"type":"Feature","geometry":{"type":"Point","coordinates":[5.186001,52.223946]},"properties":{"type":"charge","layer":"passenger","locationId":"aee2e852-3e81-45bc-86ec-0d51c7cbe433","name":"PP005402 - Jac. P. Thijsseplein 90, Hilversum","address":"90 Jac. P. Thijsseplein","city":"Hilversum","operatorName":"TotalEnergies","maxPowerKw":11,"isMegawatt":false,"status":"AVAILABLE","source":"ndw"}},{"type":"Feature","geometry":{"type":"Point","coordinates":[5.14157,52.21576]},"properties":{"type":"charge","layer":"passenger","locationId":"369c8339-9e3d-4005-a9f2-405eb299824b","name":"PP001414 - Kapittelweg 309, Hilversum","address":"309 Kapittelweg","city":"Hilversum","operatorName":"TotalEnergies","maxPowerKw":11,"isMegawatt":false,"status":"AVAILABLE","source":"ndw"}},{"type":"Feature","geometry":{"type":"Point","coordinates":[5.18371,52.22518]},"properties":{"type":"charge","layer":"passenger","locationId":"763782bc-ea68-40d7-8a79-3de625c08530","name":"PP001910 - Professor Kochstraat 7, Hilversum","address":"7 Professor Kochstraat","city":"Hilversum","operatorName":"TotalEnergies","maxPowerKw":11,"isMegawatt":false,"status":"AVAILABLE","source":"ndw"}},{"type":"Feature","geometry":{"type":"Point","coordinates":[5.184178,52.21147]},"properties":{"type":"charge","layer":"passenger","locationId":"1795d74d-f253-41d3-96ec-800ea24f433b","name":"TNLP015077 - Laapersveld 27, Hilversum","address":"27 Laapersveld","city":"Hilversum","operatorName":"TotalEnergies","maxPowerKw":17,"isMegawatt":false,"status":"AVAILABLE","source":"ndw"}},{"type":"Feature","geometry":{"type":"Point","coordinates":[5.19451,52.22777]},"properties":{"type":"charge","layer":"passenger","locationId":"81345384-6b23-4522-883f-ce126f24b321","name":"PP004296 - Lorentzweg 56, Hilversum","address":"56 Lorentzweg","city":"Hilversum","operatorName":"TotalEnergies","maxPowerKw":11,"isMegawatt":false,"status":"UNAVAILABLE","source":"ndw"}},{"type":"Feature","geometry":{"type":"Point","coordinates":[5.13727,52.216434]},"properties":{"type":"charge","layer":"passenger","locationId":"be0732d2-2160-423e-9deb-d6af9e99b510","name":"TNLP008152 - Calvijnhof 86, Hilversum","address":"86 Calvijnhof","city":"Hilversum","operatorName":"TotalEnergies","maxPowerKw":15,"isMegawatt":false,"status":"CHARGING","source":"ndw"}},{"type":"Feature","geometry":{"type":"Point","coordinates":[5.16693,52.22036]},"properties":{"type":"charge","layer":"passenger","locationId":"0639d0ef-8b5c-4188-859c-9afa8a350eb5","name":"PP004187 - Gasthuisstraat 33-43, Hilversum","address":"33-43 Gasthuisstraat","city":"Hilversum","operatorName":"TotalEnergies","maxPowerKw":11,"isMegawatt":false,"status":"CHARGING","source":"ndw"}},{"type":"Feature","geometry":{"type":"Point","coordinates":[5.19415,52.22182]},"properties":{"type":"charge","layer":"passenger","locationId":"5091983d-e5da-4a08-b8ff-474864783d61","name":"PP001439 - Liebergerweg 562, Hilversum","address":"562 Liebergerweg","city":"Hilversum","operatorName":"TotalEnergies","maxPowerKw":11,"isMegawatt":false,"status":"CHARGING","source":"ndw"}},{"type":"Feature","geometry":{"type":"Point","coordinates":[5.152898,52.21477]},"properties":{"type":"charge","layer":"passenger","locationId":"d87ca7fb-3eb3-45a3-b2b6-c24269a36498","name":"TNLP006039 - Oude Loosdrechtseweg 234, Hilversum","address":"234 Oude Loosdrechtseweg","city":"Hilversum","operatorName":"TotalEnergies","maxPowerKw":17,"isMegawatt":false,"status":"UNAVAILABLE","source":"ndw"}},{"type":"Feature","geometry":{"type":"Point","coordinates":[5.167061,52.2144]},"properties":{"type":"charge","layer":"passenger","locationId":"94b7ca87-9813-45f1-8330-3e22ff90358d","name":"TNLP009591 - Leliestraat 8, Hilversum","address":"8 Leliestraat","city":"Hilversum","operatorName":"TotalEnergies","maxPowerKw":15,"isMegawatt":false,"status":"AVAILABLE","source":"ndw"}},{"type":"Feature","geometry":{"type":"Point","coordinates":[5.1455,52.22383]},"properties":{"type":"charge","layer":"passenger","locationId":"e1d91504-126b-458a-bd65-fc930f961575","name":"TNLP003509 - Nieuwe Havenweg 39, Hilversum","address":"39 Nieuwe Havenweg","city":"Hilversum","operatorName":"TotalEnergies","maxPowerKw":17,"isMegawatt":false,"status":"AVAILABLE","source":"ndw"}},{"type":"Feature","geometry":{"type":"Point","coordinates":[5.189007,52.214339]},"properties":{"type":"charge","layer":"passenger","locationId":"767599e8-778d-4c2f-8613-271bf73d8950","name":"TNLP008576","address":"Arena 303","city":"Hilversum","operatorName":"TotalEnergies","maxPowerKw":17,"isMegawatt":false,"status":"UNAVAILABLE","source":"ndw"}},{"type":"Feature","geometry":{"type":"Point","coordinates":[5.204694,52.222675]},"properties":{"type":"charge","layer":"passenger","locationId":"0f3eff6d-5b3a-4d6f-8491-78ff06c086a5","name":"PP005283 - Pi Schefferstraat 1 1, Hilversum","address":"1 1 Pi Schefferstraat","city":"Hilversum","operatorName":"TotalEnergies","maxPowerKw":11,"isMegawatt":false,"status":"AVAILABLE","source":"ndw"}},{"type":"Feature","geometry":{"type":"Point","coordinates":[5.189221,52.2309]},"properties":{"type":"charge","layer":"passenger","locationId":"2ad3d173-09a3-4e78-8d46-0fc832047a5b","name":"TNLP006146 - Verbindingslaan 36, Hilversum","address":"36 Verbindingslaan","city":"Hilversum","operatorName":"TotalEnergies","maxPowerKw":17,"isMegawatt":false,"status":"UNAVAILABLE","source":"ndw"}},{"type":"Feature","geometry":{"type":"Point","coordinates":[5.2034855,52.2241475]},"properties":{"type":"charge","layer":"passenger","locationId":"1345","name":"Shell Recharge NL Rogier van Otterloostraat 18","address":"Rogier van Otterloostraat 18","city":"Hilversum","operatorName":"Ubitricity","maxPowerKw":22,"isMegawatt":false,"status":"CHARGING","source":"ndw","priceKwh":0.266}},{"type":"Feature","geometry":{"type":"Point","coordinates":[5.18302,52.23275]},"properties":{"type":"charge","layer":"passenger","locationId":"665","name":"Shell Recharge NL Van Leeuwenhoekstraat 106","address":"Van Leeuwenhoekstraat 106","city":"Hilversum","operatorName":"Ubitricity","maxPowerKw":11,"isMegawatt":false,"status":"CHARGING","source":"ndw","priceKwh":0.388}},{"type":"Feature","geometry":{"type":"Point","coordinates":[5.17883,52.2206]},"properties":{"type":"charge","layer":"passenger","locationId":"359d914f-629a-4f5e-b95f-9b56fd6524c9","name":"PP004068 - Koningsstraat 22, Hilversum","address":"22 Koningsstraat","city":"Hilversum","operatorName":"TotalEnergies","maxPowerKw":11,"isMegawatt":false,"status":"CHARGING","source":"ndw"}},{"type":"Feature","geometry":{"type":"Point","coordinates":[5.19484,52.22501]},"properties":{"type":"charge","layer":"passenger","locationId":"3aa34bee-fc95-4b48-9b92-7de5f3e4f30b","name":"PP001253 - Minckelersstraat 19, Hilversum","address":"19 Minckelersstraat","city":"Hilversum","operatorName":"TotalEnergies","maxPowerKw":11,"isMegawatt":false,"status":"CHARGING","source":"ndw"}},{"type":"Feature","geometry":{"type":"Point","coordinates":[5.13432,52.21806]},"properties":{"type":"charge","layer":"passenger","locationId":"397","name":"Shell Recharge NL Menno Simonszhof 66","address":"Menno Simonszhof 66","city":"Hilversum","operatorName":"Ubitricity","maxPowerKw":11,"isMegawatt":false,"status":"AVAILABLE","source":"ndw","priceKwh":0.388}},{"type":"Feature","geometry":{"type":"Point","coordinates":[5.198673,52.227781]},"properties":{"type":"charge","layer":"passenger","locationId":"99437c2e-a38d-43ae-be5a-623582009f08","name":"TNLP034608","address":"Lorentzweg 116","city":"Hilversum","operatorName":"TotalEnergies","maxPowerKw":14,"isMegawatt":false,"status":"AVAILABLE","source":"ndw"}},{"type":"Feature","geometry":{"type":"Point","coordinates":[5.186264,52.219807]},"properties":{"type":"charge","layer":"passenger","locationId":"6e000688-adff-4aa2-9049-dfa00b961484","name":"PP005527 - Oude Amersfoortseweg 77, Hilversum","address":"77 Oude Amersfoortseweg","city":"Hilversum","operatorName":"TotalEnergies","maxPowerKw":17,"isMegawatt":false,"status":"AVAILABLE","source":"ndw"}},{"type":"Feature","geometry":{"type":"Point","coordinates":[5.17667,52.23417]},"properties":{"type":"charge","layer":"passenger","locationId":"2dcb79d2-d127-4fd4-9950-ce6da2d1530c","name":"PP004189 - Johannes Geradtsweg 199, Hilversum","address":"199 Johannes Geradtsweg","city":"Hilversum","operatorName":"TotalEnergies","maxPowerKw":11,"isMegawatt":false,"status":"AVAILABLE","source":"ndw"}},{"type":"Feature","geometry":{"type":"Point","coordinates":[5.19876,52.22751]},"properties":{"type":"charge","layer":"passenger","locationId":"3b432747-cc9c-4282-a3da-954a5eb3b54a","name":"PP004256 - Lorentzweg 118, Hilversum","address":"118 Lorentzweg","city":"Hilversum","operatorName":"TotalEnergies","maxPowerKw":11,"isMegawatt":false,"status":"AVAILABLE","source":"ndw"}},{"type":"Feature","geometry":{"type":"Point","coordinates":[5.149051,52.219554]},"properties":{"type":"charge","layer":"passenger","locationId":"60b1fc8518b6174afff0f3d0","name":"ACH H'sum","address":"Zeverijnstraat 14","city":"Hilversum","operatorName":"E-Flux by Road","maxPowerKw":11,"isMegawatt":false,"status":"CHARGING","source":"ndw","priceKwh":0.55}},{"type":"Feature","geometry":{"type":"Point","coordinates":[5.14056,52.21952]},"properties":{"type":"charge","layer":"passenger","locationId":"370","name":"Shell Recharge NL Comeniushof 116","address":"Comeniushof 116","city":"Hilversum","operatorName":"Ubitricity","maxPowerKw":11,"isMegawatt":false,"status":"AVAILABLE","source":"ndw","priceKwh":0.388}},{"type":"Feature","geometry":{"type":"Point","coordinates":[5.15233,52.21716]},"properties":{"type":"charge","layer":"passenger","locationId":"9d91fb53-5052-45d5-9ba2-2df601f05d19","name":"PP001362 - Hindelaan 60, Hilversum","address":"60 Hindelaan","city":"Hilversum","operatorName":"TotalEnergies","maxPowerKw":11,"isMegawatt":false,"status":"AVAILABLE","source":"ndw"}},{"type":"Feature","geometry":{"type":"Point","coordinates":[5.174953,52.21047]},"properties":{"type":"charge","layer":"passenger","locationId":"d6beb194-4de2-49a8-91ea-470f2cebdc20","name":"PP005026 - Henry MacKenziepad 2, Hilversum","address":"2 Henry MacKenziepad","city":"Hilversum","operatorName":"TotalEnergies","maxPowerKw":11,"isMegawatt":false,"status":"AVAILABLE","source":"ndw"}},{"type":"Feature","geometry":{"type":"Point","coordinates":[5.183461,52.223675]},"properties":{"type":"charge","layer":"passenger","locationId":"e99f9084-4f0b-433c-966b-e2b1cda81bca","name":"TNLP009098 - Wandelpad 20, Hilversum","address":"20 Wandelpad","city":"Hilversum","operatorName":"TotalEnergies","maxPowerKw":15,"isMegawatt":false,"status":"CHARGING","source":"ndw"}},{"type":"Feature","geometry":{"type":"Point","coordinates":[5.16693,52.21187]},"properties":{"type":"charge","layer":"passenger","locationId":"216","name":"Shell Recharge NL Korenbloemstraat 23","address":"Korenbloemstraat 23","city":"Hilversum","operatorName":"Ubitricity","maxPowerKw":11,"isMegawatt":false,"status":"AVAILABLE","source":"ndw","priceKwh":0.388}},{"type":"Feature","geometry":{"type":"Point","coordinates":[5.186956,52.232395]},"properties":{"type":"charge","layer":"passenger","locationId":"b1e70c2a-6caa-4f44-9a0b-f652e494e163","name":"TNLP008765 - Geuzenweg 225, Hilversum","address":"225 Geuzenweg","city":"Hilversum","operatorName":"TotalEnergies","maxPowerKw":14,"isMegawatt":false,"status":"AVAILABLE","source":"ndw"}},{"type":"Feature","geometry":{"type":"Point","coordinates":[5.152386,52.200336]},"properties":{"type":"charge","layer":"passenger","locationId":"691c45a9bc39cf4238c623af","name":"LB 15","address":"Loosdrechtse Bos 15","city":"Hilversum","operatorName":"E-Flux by Road","maxPowerKw":11,"isMegawatt":false,"status":"AVAILABLE","source":"ndw","priceKwh":0.68}},{"type":"Feature","geometry":{"type":"Point","coordinates":[5.13671,52.27393]},"properties":{"type":"charge","layer":"passenger","locationId":"245","name":"Shell Recharge NL Varenmeent 10","address":"Varenmeent 10","city":"Hilversum","operatorName":"Ubitricity","maxPowerKw":11,"isMegawatt":false,"status":"AVAILABLE","source":"ndw","priceKwh":0.388}},{"type":"Feature","geometry":{"type":"Point","coordinates":[5.183181,52.230637]},"properties":{"type":"charge","layer":"passenger","locationId":"52266ae1-88ea-40dc-a5ab-b067cf1c0137","name":"TNLP007700 - Huygensstraat 61, Hilversum","address":"61 Huygensstraat","city":"Hilversum","operatorName":"TotalEnergies","maxPowerKw":17,"isMegawatt":false,"status":"CHARGING","source":"ndw"}},{"type":"Feature","geometry":{"type":"Point","coordinates":[5.134682,52.266723]},"properties":{"type":"charge","layer":"passenger","locationId":"2522a584-adfe-4cd6-a16e-bd380619dc0d","name":"TNLP034224","address":"Bijenmeent 75","city":"Hilversum","operatorName":"TotalEnergies","maxPowerKw":14,"isMegawatt":false,"status":"AVAILABLE","source":"ndw"}},{"type":"Feature","geometry":{"type":"Point","coordinates":[5.190171,52.222797]},"properties":{"type":"charge","layer":"passenger","locationId":"1ce9e6d1-4a4a-4895-8d18-1f173e607c96","name":"TNLP008420 - Lijsterweg 131, Hilversum","address":"131 Lijsterweg","city":"Hilversum","operatorName":"TotalEnergies","maxPowerKw":14,"isMegawatt":false,"status":"UNAVAILABLE","source":"ndw"}},{"type":"Feature","geometry":{"type":"Point","coordinates":[5.149886,52.21889]},"properties":{"type":"charge","layer":"passenger","locationId":"9ebe659a-f36a-4fe1-b91b-7ce472bc844b","name":"PP005529 - Zeverijnstraat 10, Hilversum","address":"10 Zeverijnstraat","city":"Hilversum","operatorName":"TotalEnergies","maxPowerKw":11,"isMegawatt":false,"status":"UNAVAILABLE","source":"ndw"}},{"type":"Feature","geometry":{"type":"Point","coordinates":[5.17512,52.22925]},"properties":{"type":"charge","layer":"passenger","locationId":"259","name":"Shell Recharge NL Gerardus Gullaan 42","address":"Gerardus Gullaan 42","city":"Hilversum","operatorName":"Ubitricity","maxPowerKw":11,"isMegawatt":false,"status":"AVAILABLE","source":"ndw","priceKwh":0.388}},{"type":"Feature","geometry":{"type":"Point","coordinates":[5.151539,52.210995]},"properties":{"type":"charge","layer":"passenger","locationId":"6a1ae788-66da-44e8-aca7-8c291f52ae2d","name":"TNLP007646 - Zoutmanlaan 69, Hilversum","address":"69 Zoutmanlaan","city":"Hilversum","operatorName":"TotalEnergies","maxPowerKw":17,"isMegawatt":false,"status":"AVAILABLE","source":"ndw"}},{"type":"Feature","geometry":{"type":"Point","coordinates":[5.1615,52.21173]},"properties":{"type":"charge","layer":"passenger","locationId":"04609bac-de2f-471a-bc79-b6f53100d3f0","name":"PP001927 - Jacob Catsstraat 86, Hilversum","address":"86 Jacob Catsstraat","city":"Hilversum","operatorName":"TotalEnergies","maxPowerKw":11,"isMegawatt":false,"status":"AVAILABLE","source":"ndw"}},{"type":"Feature","geometry":{"type":"Point","coordinates":[5.185863,52.227722]},"properties":{"type":"charge","layer":"passenger","locationId":"7af539b4-7a92-4fa2-a9a5-b6eae55253fc","name":"TNLP007949 - Edisonstraat 2, Hilversum","address":"2 Edisonstraat","city":"Hilversum","operatorName":"TotalEnergies","maxPowerKw":17,"isMegawatt":false,"status":"AVAILABLE","source":"ndw"}},{"type":"Feature","geometry":{"type":"Point","coordinates":[5.1699,52.21012]},"properties":{"type":"charge","layer":"passenger","locationId":"a9d2c625-f6ed-4b17-aafe-2ffc25535b07","name":"TNLP008222 - Lijsterbeslaan 1, Hilversum","address":"1 Lijsterbeslaan","city":"Hilversum","operatorName":"TotalEnergies","maxPowerKw":17,"isMegawatt":false,"status":"AVAILABLE","source":"ndw"}},{"type":"Feature","geometry":{"type":"Point","coordinates":[5.189471,52.229828]},"properties":{"type":"charge","layer":"passenger","locationId":"f340f6f1-e792-4edc-94b7-0a62f585cfb5","name":"TNLP007767 - Eemnesserweg 69, Hilversum","address":"69 Eemnesserweg","city":"Hilversum","operatorName":"TotalEnergies","maxPowerKw":17,"isMegawatt":false,"status":"AVAILABLE","source":"ndw"}},{"type":"Feature","geometry":{"type":"Point","coordinates":[5.178963,52.230152]},"properties":{"type":"charge","layer":"passenger","locationId":"fb6b8979-41af-4ef1-8331-65a2f99ac160","name":"TNLP009918 - Noorderweg 76, Hilversum","address":"76 Noorderweg","city":"Hilversum","operatorName":"TotalEnergies","maxPowerKw":17,"isMegawatt":false,"status":"CHARGING","source":"ndw"}},{"type":"Feature","geometry":{"type":"Point","coordinates":[5.170773,52.220734]},"properties":{"type":"charge","layer":"passenger","locationId":"097f963b-329d-4950-a569-822479424128","name":"TNLP005689 - Havendwarsstraat 52, Hilversum","address":"52 Havendwarsstraat","city":"Hilversum","operatorName":"TotalEnergies","maxPowerKw":11,"isMegawatt":false,"status":"CHARGING","source":"ndw"}},{"type":"Feature","geometry":{"type":"Point","coordinates":[5.186,52.228313]},"properties":{"type":"charge","layer":"passenger","locationId":"429ed72a-d768-4694-8fce-e1b1014bc969","name":"PP005347 - Eemnesserweg 7a, Hilversum","address":"7a Eemnesserweg","city":"Hilversum","operatorName":"TotalEnergies","maxPowerKw":11,"isMegawatt":false,"status":"AVAILABLE","source":"ndw"}},{"type":"Feature","geometry":{"type":"Point","coordinates":[5.189948,52.22591]},"properties":{"type":"charge","layer":"passenger","locationId":"5d07cb4e-707e-49b5-bf82-b40d5ea92639","name":"TNLP006536 - Kleine Drift 126, Hilversum","address":"126 Kleine Drift","city":"Hilversum","operatorName":"TotalEnergies","maxPowerKw":17,"isMegawatt":false,"status":"UNAVAILABLE","source":"ndw"}},{"type":"Feature","geometry":{"type":"Point","coordinates":[5.200668,52.22451]},"properties":{"type":"charge","layer":"passenger","locationId":"d7579f44-deba-42d9-bfff-53e02395ef82","name":"TNLP006657 - Daltonstraat 256, Hilversum","address":"256 Daltonstraat","city":"Hilversum","operatorName":"TotalEnergies","maxPowerKw":17,"isMegawatt":false,"status":"CHARGING","source":"ndw"}},{"type":"Feature","geometry":{"type":"Point","coordinates":[5.15182,52.21636]},"properties":{"type":"charge","layer":"passenger","locationId":"afc4e89b-d56a-4a55-bbce-be6722fc8fef","name":"PP002074 - Hindelaan 67, Hilversum","address":"67 Hindelaan","city":"Hilversum","operatorName":"TotalEnergies","maxPowerKw":11,"isMegawatt":false,"status":"AVAILABLE","source":"ndw"}},{"type":"Feature","geometry":{"type":"Point","coordinates":[5.19302,52.232487]},"properties":{"type":"charge","layer":"passenger","locationId":"218eee1d-ff7e-4c07-adbb-4d3c193a0afa","name":"TNLP009152 - Zenderstraat 77, Hilversum","address":"77 Zenderstraat","city":"Hilversum","operatorName":"TotalEnergies","maxPowerKw":17,"isMegawatt":false,"status":"UNAVAILABLE","source":"ndw"}},{"type":"Feature","geometry":{"type":"Point","coordinates":[5.187879,52.222451]},"properties":{"type":"charge","layer":"passenger","locationId":"69519a82-b263-46d3-8cfb-00a7c16f17f2","name":"Liebergerweg 18-26","address":"Liebergerweg 18-26","city":"Hilversum","operatorName":"Vattenfall InCharge","maxPowerKw":22,"isMegawatt":false,"status":"AVAILABLE","source":"ndw"}},{"type":"Feature","geometry":{"type":"Point","coordinates":[5.1505,52.21628]},"properties":{"type":"charge","layer":"passenger","locationId":"3f0fc12a-7ee5-4078-bb54-58c75bb9f681","name":"PP001675 - Wolvenlaan 32, Hilversum","address":"32 Wolvenlaan","city":"Hilversum","operatorName":"TotalEnergies","maxPowerKw":11,"isMegawatt":false,"status":"AVAILABLE","source":"ndw"}},{"type":"Feature","geometry":{"type":"Point","coordinates":[5.16411,52.22125]},"properties":{"type":"charge","layer":"passenger","locationId":"58cf5f43-7d81-4fa4-85cd-1b1bcf77deee","name":"PP001422 - Floralaan 23, Hilversum","address":"23 Floralaan","city":"Hilversum","operatorName":"TotalEnergies","maxPowerKw":11,"isMegawatt":false,"status":"AVAILABLE","source":"ndw"}},{"type":"Feature","geometry":{"type":"Point","coordinates":[5.1393,52.21392]},"properties":{"type":"charge","layer":"passenger","locationId":"283","name":"Shell Recharge NL Lutherhof 8","address":"Lutherhof 8","city":"Hilversum","operatorName":"Ubitricity","maxPowerKw":11,"isMegawatt":false,"status":"AVAILABLE","source":"ndw","priceKwh":0.388}},{"type":"Feature","geometry":{"type":"Point","coordinates":[5.186204,52.238482]},"properties":{"type":"charge","layer":"passenger","locationId":"dbd5113c-aa24-4389-94e9-8410a024950a","name":"TNLP034029","address":"Berlagelaan 81","city":"Hilversum","operatorName":"TotalEnergies","maxPowerKw":14,"isMegawatt":false,"status":"AVAILABLE","source":"ndw"}},{"type":"Feature","geometry":{"type":"Point","coordinates":[5.192621,52.210509]},"properties":{"type":"charge","layer":"passenger","locationId":"OST23P0040_0080_0","name":"OST23P0040_0080_0","address":"Marathon 9E","city":"Hilversum","operatorName":"e-VOLTT","maxPowerKw":19,"isMegawatt":false,"status":"AVAILABLE","source":"ndw","priceKwh":0.537}},{"type":"Feature","geometry":{"type":"Point","coordinates":[5.13257,52.21771]},"properties":{"type":"charge","layer":"passenger","locationId":"525","name":"Shell Recharge NL Erasmuslaan 12","address":"Erasmuslaan 12","city":"Hilversum","operatorName":"Ubitricity","maxPowerKw":11,"isMegawatt":false,"status":"AVAILABLE","source":"ndw","priceKwh":0.388}},{"type":"Feature","geometry":{"type":"Point","coordinates":[5.195201,52.211915]},"properties":{"type":"charge","layer":"passenger","locationId":"00B42EAF-5DCA-4DEA-81FB-E86CDE2AE997","name":"Eneco eMobility Heideveldt B.V.","address":"Olympia 2","city":"Hilversum","operatorName":"Eneco","maxPowerKw":22,"isMegawatt":false,"status":"AVAILABLE","source":"ndw","priceKwh":0.32}},{"type":"Feature","geometry":{"type":"Point","coordinates":[5.181505,52.22324]},"properties":{"type":"charge","layer":"passenger","locationId":"3fd900a9-b678-4176-9b0e-0f32d24dd388","name":"TNLP009555 - Achterom 135, Hilversum","address":"135 Achterom","city":"Hilversum","operatorName":"TotalEnergies","maxPowerKw":17,"isMegawatt":false,"status":"AVAILABLE","source":"ndw"}},{"type":"Feature","geometry":{"type":"Point","coordinates":[5.14781,52.21069]},"properties":{"type":"charge","layer":"passenger","locationId":"f25487df-1a8a-4bd3-9e25-ae90da793412","name":"PP005605 - Van Gelderlaan 72, Hilversum","address":"72 Van Gelderlaan","city":"Hilversum","operatorName":"TotalEnergies","maxPowerKw":11,"isMegawatt":false,"status":"AVAILABLE","source":"ndw"}},{"type":"Feature","geometry":{"type":"Point","coordinates":[5.136567,52.267742]},"properties":{"type":"charge","layer":"passenger","locationId":"d60ebc00-8e75-4d06-a462-34b71aa6633d","name":"TNLP007769 - Bijenmeent 6, Hilversum","address":"6 Bijenmeent","city":"Hilversum","operatorName":"TotalEnergies","maxPowerKw":17,"isMegawatt":false,"status":"AVAILABLE","source":"ndw"}},{"type":"Feature","geometry":{"type":"Point","coordinates":[5.19217,52.22807]},"properties":{"type":"charge","layer":"passenger","locationId":"bf92008f-2aa1-43f7-a1a2-61abdbd61c8f","name":"PP005042 - Bellstraat 38, Hilversum","address":"38 Bellstraat","city":"Hilversum","operatorName":"TotalEnergies","maxPowerKw":11,"isMegawatt":false,"status":"AVAILABLE","source":"ndw"}},{"type":"Feature","geometry":{"type":"Point","coordinates":[5.201109,52.22198]},"properties":{"type":"charge","layer":"passenger","locationId":"442da8dd-fbbf-401e-867d-82444630404b","name":"TNLP006473 - Anthony Fokkerweg 174, Hilversum","address":"174 Anthony Fokkerweg","city":"Hilversum","operatorName":"TotalEnergies","maxPowerKw":17,"isMegawatt":false,"status":"AVAILABLE","source":"ndw"}},{"type":"Feature","geometry":{"type":"Point","coordinates":[5.172408,52.2445]},"properties":{"type":"charge","layer":"passenger","locationId":"13616d9a-ddf3-4e98-b4bb-3f0592b5374e","name":"TNLP005693 - Erfgooiersstraat 745, Hilversum","address":"745 Erfgooiersstraat","city":"Hilversum","operatorName":"TotalEnergies","maxPowerKw":11,"isMegawatt":false,"status":"UNAVAILABLE","source":"ndw"}},{"type":"Feature","geometry":{"type":"Point","coordinates":[5.159711,52.21524]},"properties":{"type":"charge","layer":"passenger","locationId":"0e28f9a6-b29a-48d0-8197-d8f8ad414630","name":"TNLP006041 - Oude Loosdrechtseweg 63, Hilversum","address":"63 Oude Loosdrechtseweg","city":"Hilversum","operatorName":"TotalEnergies","maxPowerKw":13,"isMegawatt":false,"status":"AVAILABLE","source":"ndw"}},{"type":"Feature","geometry":{"type":"Point","coordinates":[5.181618,52.231473]},"properties":{"type":"charge","layer":"passenger","locationId":"62628b8e1238c1540ee08dd9","name":"Laadstation","address":"Van leeuwenhoekstraat  60","city":"Hilversum","operatorName":"E-Flux by Road","maxPowerKw":6,"isMegawatt":false,"status":"CHARGING","source":"ndw","priceKwh":0.57}},{"type":"Feature","geometry":{"type":"Point","coordinates":[5.203087,52.223347]},"properties":{"type":"charge","layer":"passenger","locationId":"37210461-0337-4813-b76c-7143460c539c","name":"TNLP009260 - Rogier van Otterloostraat 2, Hilversum","address":"2 Rogier van Otterloostraat","city":"Hilversum","operatorName":"TotalEnergies","maxPowerKw":17,"isMegawatt":false,"status":"AVAILABLE","source":"ndw"}},{"type":"Feature","geometry":{"type":"Point","coordinates":[5.19502,52.22907]},"properties":{"type":"charge","layer":"passenger","locationId":"25a271a4-9bdc-4a41-914b-76feb695bc7d","name":"PP001478 - Galileistraat 3, Hilversum","address":"3 Galileistraat","city":"Hilversum","operatorName":"TotalEnergies","maxPowerKw":11,"isMegawatt":false,"status":"AVAILABLE","source":"ndw"}},{"type":"Feature","geometry":{"type":"Point","coordinates":[5.147398,52.218943]},"properties":{"type":"charge","layer":"passenger","locationId":"60b1fda47e53d12bb99f7b43","name":"Paul's Garage (Links)","address":"Zeverijnstraat 20","city":"Hilversum","operatorName":"E-Flux by Road","maxPowerKw":11,"isMegawatt":false,"status":"AVAILABLE","source":"ndw","priceKwh":0.55}},{"type":"Feature","geometry":{"type":"Point","coordinates":[5.19075,52.22715]},"properties":{"type":"charge","layer":"passenger","locationId":"626ece48-477b-4021-81d2-cd4659439ef2","name":"PP001271 - Lorentzweg 2, Hilversum","address":"2 Lorentzweg","city":"Hilversum","operatorName":"TotalEnergies","maxPowerKw":11,"isMegawatt":false,"status":"AVAILABLE","source":"ndw"}},{"type":"Feature","geometry":{"type":"Point","coordinates":[5.170756,52.232018]},"properties":{"type":"charge","layer":"passenger","locationId":"dabafee4-a4b0-4727-8c22-124d29702a97","name":"TNLP007764 - Javalaan 1, Hilversum","address":"1 Javalaan","city":"Hilversum","operatorName":"TotalEnergies","maxPowerKw":17,"isMegawatt":false,"status":"AVAILABLE","source":"ndw"}},{"type":"Feature","geometry":{"type":"Point","coordinates":[5.177394,52.21612]},"properties":{"type":"charge","layer":"passenger","locationId":"008f39e7-6a6a-42a7-9692-d65568b2368a","name":"TNLP008106 - Vermeerlaan 28, Hilversum","address":"28 Vermeerlaan","city":"Hilversum","operatorName":"TotalEnergies","maxPowerKw":17,"isMegawatt":false,"status":"AVAILABLE","source":"ndw"}},{"type":"Feature","geometry":{"type":"Point","coordinates":[5.17811,52.22313]},"properties":{"type":"charge","layer":"passenger","locationId":"24f19424-7985-469e-a3f9-cb7035d39d85","name":"PP005067 - Groest 91, Hilversum","address":"91 Groest","city":"Hilversum","operatorName":"TotalEnergies","maxPowerKw":11,"isMegawatt":false,"status":"UNAVAILABLE","source":"ndw"}},{"type":"Feature","geometry":{"type":"Point","coordinates":[5.147836,52.221958]},"properties":{"type":"charge","layer":"passenger","locationId":"60b0e22926e691804d025e02","name":"Bouwmaat Hilversum","address":"1e Loswal 13","city":"Hilversum","operatorName":"E-Flux by Road","maxPowerKw":22,"isMegawatt":false,"status":"AVAILABLE","source":"ndw","priceKwh":0.58}},{"type":"Feature","geometry":{"type":"Point","coordinates":[5.17926,52.23198]},"properties":{"type":"charge","layer":"passenger","locationId":"0144a4bb-819b-4c77-bb25-0f575e529782","name":"PP001505 - Snelliuslaan 5, Hilversum","address":"5 Snelliuslaan","city":"Hilversum","operatorName":"TotalEnergies","maxPowerKw":11,"isMegawatt":false,"status":"AVAILABLE","source":"ndw"}},{"type":"Feature","geometry":{"type":"Point","coordinates":[5.20328,52.22447]},"properties":{"type":"charge","layer":"passenger","locationId":"ebdc58e0-a584-4305-961a-ecaa6acc914e","name":"PP001417 - Rogier van Otterloostraat 17, Hilversum","address":"17 Rogier van Otterloostraat","city":"Hilversum","operatorName":"TotalEnergies","maxPowerKw":11,"isMegawatt":false,"status":"CHARGING","source":"ndw"}},{"type":"Feature","geometry":{"type":"Point","coordinates":[5.1398,52.21829]},"properties":{"type":"charge","layer":"passenger","locationId":"3c97cd3c-8759-4d7c-80f0-ac858f89be30","name":"TNLP008896 - Kloosterlaan 3, Hilversum","address":"3 Kloosterlaan","city":"Hilversum","operatorName":"TotalEnergies","maxPowerKw":14,"isMegawatt":false,"status":"AVAILABLE","source":"ndw"}},{"type":"Feature","geometry":{"type":"Point","coordinates":[5.167607,52.218636]},"properties":{"type":"charge","layer":"passenger","locationId":"11a296fd-6b98-41d8-a999-43966fb14874","name":"PP005194 - Hilvertsweg 19, Hilversum","address":"19 Hilvertsweg","city":"Hilversum","operatorName":"TotalEnergies","maxPowerKw":11,"isMegawatt":false,"status":"UNAVAILABLE","source":"ndw"}},{"type":"Feature","geometry":{"type":"Point","coordinates":[5.182392,52.211145]},"properties":{"type":"charge","layer":"passenger","locationId":"63bec20a58e91e00126331da","name":"Kamphuis & Berghuizen Accountants/Belastingadviseurs B.V.","address":"Utrechtseweg 51","city":"Hilversum","operatorName":"E-Flux by Road","maxPowerKw":11,"isMegawatt":false,"status":"AVAILABLE","source":"ndw","priceKwh":0.43}},{"type":"Feature","geometry":{"type":"Point","coordinates":[5.135327,52.21522]},"properties":{"type":"charge","layer":"passenger","locationId":"68f88209-6a3b-4aa8-b30e-7073983a91f0","name":"TNLP006461 - Kerkelandenlaan 245, Hilversum","address":"245 Kerkelandenlaan","city":"Hilversum","operatorName":"TotalEnergies","maxPowerKw":17,"isMegawatt":false,"status":"UNAVAILABLE","source":"ndw"}},{"type":"Feature","geometry":{"type":"Point","coordinates":[5.19447,52.21919]},"properties":{"type":"charge","layer":"passenger","locationId":"85df5e38-417f-4e1c-bcdd-ed73cefe087b","name":"PP004301 - Willem Bontekoestraat 1-41, Hilversum","address":"jan-41 Willem Bontekoestraat","city":"Hilversum","operatorName":"TotalEnergies","maxPowerKw":11,"isMegawatt":false,"status":"CHARGING","source":"ndw"}},{"type":"Feature","geometry":{"type":"Point","coordinates":[5.19811,52.22202]},"properties":{"type":"charge","layer":"passenger","locationId":"e85af0bc-30d4-413e-a453-d963ddd4eb03","name":"PP004340 - Adelaarstraat 3, Hilversum","address":"3 Adelaarstraat","city":"Hilversum","operatorName":"TotalEnergies","maxPowerKw":15,"isMegawatt":false,"status":"AVAILABLE","source":"ndw"}},{"type":"Feature","geometry":{"type":"Point","coordinates":[5.139788,52.217434]},"properties":{"type":"charge","layer":"passenger","locationId":"1c4f5063-e36d-49d6-852f-769b1e8a30dc","name":"TNLP008171 - Spinozahof 48, Hilversum","address":"48 Spinozahof","city":"Hilversum","operatorName":"TotalEnergies","maxPowerKw":15,"isMegawatt":false,"status":"AVAILABLE","source":"ndw"}},{"type":"Feature","geometry":{"type":"Point","coordinates":[5.148131,52.223934]},"properties":{"type":"charge","layer":"passenger","locationId":"5a62ed20-df02-458d-88ad-d43e40daedaf","name":"TNLP007340 - Beresteinseweg 64, Hilversum","address":"64 Beresteinseweg","city":"Hilversum","operatorName":"TotalEnergies","maxPowerKw":15,"isMegawatt":false,"status":"AVAILABLE","source":"ndw"}},{"type":"Feature","geometry":{"type":"Point","coordinates":[5.151877,52.217621]},"properties":{"type":"charge","layer":"passenger","locationId":"c6a027d7633ea6f83ed314055464025f","name":"Wezellaan 30","address":"Wezellaan 30","city":"Hilversum","operatorName":"Vattenfall InCharge","maxPowerKw":11,"isMegawatt":false,"status":"AVAILABLE","source":"ndw"}},{"type":"Feature","geometry":{"type":"Point","coordinates":[5.166248,52.216605]},"properties":{"type":"charge","layer":"passenger","locationId":"0c5285f5b4f7f6feb5d1514b28c56dcb","name":"Meidoornstraat 14","address":"Meidoornstraat 14","city":"Hilversum","operatorName":"Vattenfall InCharge","maxPowerKw":11,"isMegawatt":false,"status":"CHARGING","source":"ndw"}},{"type":"Feature","geometry":{"type":"Point","coordinates":[5.179734,52.233127]},"properties":{"type":"charge","layer":"passenger","locationId":"61a640c56635c62e62d7651c","name":"Snelliuslaan 10","address":"Snelliuslaan 10","city":"Hilversum","operatorName":"E-Flux by Road","maxPowerKw":22,"isMegawatt":false,"status":"AVAILABLE","source":"ndw","priceKwh":0.53}},{"type":"Feature","geometry":{"type":"Point","coordinates":[5.163355,52.236789]},"properties":{"type":"charge","layer":"passenger","locationId":"67c85220ab7dc2869fd51fdf","name":"Steef Bouwmeester 's station","address":"Trompenbergerweg 16","city":"Hilversum","operatorName":"E-Flux by Road","maxPowerKw":22,"isMegawatt":false,"status":"CHARGING","source":"ndw","priceKwh":0.43}},{"type":"Feature","geometry":{"type":"Point","coordinates":[5.150653,52.201488]},"properties":{"type":"charge","layer":"passenger","locationId":"691c44ddb5a3dacd4373640e","name":"LB 13","address":"Loosdrechstse Bos 13","city":"Hilversum","operatorName":"E-Flux by Road","maxPowerKw":11,"isMegawatt":false,"status":"AVAILABLE","source":"ndw","priceKwh":0.68}},{"type":"Feature","geometry":{"type":"MultiPolygon","coordinates":[[[[5.127191066815459,52.27864804898387],[5.13104801702683,52.278363366981466],[5.133067861784575,52.278667914680874],[5.134169478004326,52.27804263678618],[5.134405050007501,52.27781673970442],[5.135358251858452,52.27808702110123],[5.136265394660447,52.2771469726031],[5.141440467060726,52.275260828230614],[5.143945426537302,52.27430158934827],[5.143718869379393,52.27382694840406],[5.143894980317786,52.27290953018699],[5.1439359397863065,52.27134372749004],[5.1443543007896135,52.27131446165096],[5.1439570796441965,52.270535538545275],[5.140478545607787,52.26509349115245],[5.137723418591374,52.26306396572668],[5.1372085676730865,52.26147666469147],[5.137558689479564,52.260900572666515],[5.137493617154882,52.260520819671754],[5.1376385485454374,52.26049668083996],[5.137700425280796,52.260486374875285],[5.137708619770906,52.26042507774287],[5.137636092568101,52.260422410779654],[5.137496746518524,52.26041728740667],[5.137454890561564,52.259886211697584],[5.1376090499760085,52.259604312923166],[5.161808193815377,52.25992685872031],[5.162128665375941,52.25579625382124],[5.165946614696078,52.25770651119471],[5.173884002081956,52.26167823242878],[5.176938922044085,52.262886884443674],[5.1831312389156015,52.26460358750809],[5.183139139165086,52.26396963647698],[5.193512955445057,52.266371684065284],[5.199784181577824,52.26782615975381],[5.2009361666266205,52.26737179187563],[5.201580229594914,52.267937449861414],[5.201103236684776,52.26813713460013],[5.201116993840097,52.26814038285819],[5.203821879220298,52.2671155363467],[5.1995902697928145,52.261618984451005],[5.188852754251138,52.247651095524155],[5.199398098592643,52.240204498727564],[5.199809469396265,52.23961708141806],[5.215799238280117,52.21667451330696],[5.218960254256933,52.21212940747323],[5.2164864902917705,52.20636749730199],[5.217213995078407,52.20623347701147],[5.216529215154798,52.20545142567359],[5.215500636424269,52.20427411463778],[5.192585775882908,52.177833516045894],[5.184185378280763,52.17795522716844],[5.179431476762877,52.17821394388519],[5.169704633177786,52.17880324359693],[5.1667400268552734,52.17897633362466],[5.143344161702252,52.18029935055202],[5.143225057269274,52.17999958981466],[5.1241104622297975,52.180827877978174],[5.121938868625992,52.185580783362596],[5.129204092603202,52.18737761258502],[5.135891657415408,52.19030692333802],[5.141078642371564,52.193162788715405],[5.1415460052107695,52.19364536294521],[5.1451198946838215,52.19661621251691],[5.145702801455749,52.197886041660766],[5.14561146015818,52.20050503191107],[5.142441807809943,52.20496814472566],[5.1405806741023365,52.207287900695846],[5.142511848321766,52.20780420232036],[5.142435830032991,52.20870755186513],[5.141788009879921,52.208600230646425],[5.142015361833081,52.20816692080586],[5.141440972677632,52.208050052230554],[5.141106334845235,52.208477708677115],[5.1399825595932,52.20828870902305],[5.139954563692286,52.20801861833144],[5.139828062710481,52.207980900770686],[5.139739476601379,52.208097653784776],[5.139510927921196,52.208381176369926],[5.1375756196838305,52.21097615345798],[5.1339429181764125,52.21429540920556],[5.133148693776192,52.21446144328036],[5.128403095638528,52.216734142496136],[5.128418584464541,52.216838687247424],[5.126958407740784,52.21741014354032],[5.122526482532039,52.21882564955781],[5.1226551168367305,52.219650831556336],[5.1225225799903855,52.21993295362811],[5.122336648405329,52.22081511434506],[5.123309553408963,52.221389399056456],[5.130008057187699,52.22149158534575],[5.129954806385764,52.22239295950495],[5.12806235205168,52.222383950371615],[5.127944416295506,52.22440437448467],[5.138519974969717,52.224590804036936],[5.13851567049753,52.22466975301012],[5.140232332141371,52.224536525016454],[5.14025493027179,52.22464406754904],[5.1417910734818,52.22549403895588],[5.1413616745128135,52.23684785329626],[5.141326283162499,52.23827370157396],[5.142019943579478,52.23931309817481],[5.142276996421947,52.24331733861539],[5.140047699858503,52.245774718134705],[5.139604254413115,52.254015231327685],[5.136915467979619,52.25395372722002],[5.136499245780345,52.25958345871715],[5.132742964606826,52.2597366101863],[5.127331091715079,52.25957897461004],[5.125573707271547,52.2602180463663],[5.120533794398821,52.271362870201465],[5.119151097028113,52.273538339590885],[5.108443829763566,52.27564277727299],[5.102928228286926,52.277649606640765],[5.102065276271631,52.27989115698849],[5.1020871990468,52.281704036322566],[5.10281584793027,52.28238386099985],[5.104297492723237,52.28325552090361],[5.104645500272596,52.28538496161624],[5.107354064789839,52.28546191777743],[5.116026140524444,52.282775595829825],[5.121799787598068,52.281722108730435],[5.127191066815459,52.27864804898387]]]]},"properties":{"type":"boundary","gemeente":"Hilversum","code":"GM0402"}}]}