{"type":"FeatureCollection","metadata":{"gemeente":"Hoeksche Waard","slug":"hoeksche-waard","code":"GM1963","generated_at":"2026-07-06T16:26:11.361Z","total_passenger":479,"total_freight":0,"bounds":[4.230411932622145,51.69513449013545,4.631125942303366,51.83704631992339],"operators":["Allego","E-Flux by Road","EQUANS","Eneco","Fastned","Laadnet","Laadsnel","Lanova Laadpalen","Lidl","Pluq","PowerGo","Shell Recharge","Vattenfall InCharge","bp pulse"]},"features":[{"type":"Feature","geometry":{"type":"Point","coordinates":[4.421943,51.821189]},"properties":{"type":"charge","layer":"passenger","locationId":"89320320","name":"EQUANS SGZH 2.0 89320320","address":"Sportlaan 30","city":"Oud-Beijerland","operatorName":"EQUANS","maxPowerKw":17,"isMegawatt":false,"status":"AVAILABLE","source":"ndw"}},{"type":"Feature","geometry":{"type":"Point","coordinates":[4.500171,51.814112]},"properties":{"type":"charge","layer":"passenger","locationId":"A4476185-F3F9-4F56-B27F-06AEE8C37854","name":"Eneco eMobility Transdev - Heinenoord - Reedijk 7A","address":"Reedijk 7A","city":"Heinenoord","operatorName":"Eneco","maxPowerKw":22,"isMegawatt":false,"status":"AVAILABLE","source":"ndw","priceKwh":0.45}},{"type":"Feature","geometry":{"type":"Point","coordinates":[4.401904,51.81791]},"properties":{"type":"charge","layer":"passenger","locationId":"89251463","name":"EQUANS SGZH 2.0 89251463","address":"van Goyenstraat 14","city":"OUD-BEIJERLAND","operatorName":"EQUANS","maxPowerKw":11,"isMegawatt":false,"status":"CHARGING","source":"ndw"}},{"type":"Feature","geometry":{"type":"Point","coordinates":[4.595963,51.753283]},"properties":{"type":"charge","layer":"passenger","locationId":"90885197","name":"EQUANS SGZH 2.0 Viskilstraat 18 t.h.v. Kreekstraat","address":"Viskilstraat 18","city":"Mookhoek","operatorName":"EQUANS","maxPowerKw":11,"isMegawatt":false,"status":"AVAILABLE","source":"ndw"}},{"type":"Feature","geometry":{"type":"Point","coordinates":[4.551879,51.780528]},"properties":{"type":"charge","layer":"passenger","locationId":"NLLOC017423","name":"NL, Molenlaan 27, 3299 BH Maasdam","address":"Molenlaan 27","city":"Maasdam","operatorName":"Allego","maxPowerKw":11,"isMegawatt":false,"status":"AVAILABLE","source":"ndw","priceKwh":0.511}},{"type":"Feature","geometry":{"type":"Point","coordinates":[4.4203,51.8247795]},"properties":{"type":"charge","layer":"passenger","locationId":"53506","name":"Jumbo 3748 Oud-Beijerland (PowerGo)","address":"Beneden Oostdijk 18","city":"Oud-Beijerland","operatorName":"PowerGo","maxPowerKw":150,"isMegawatt":false,"status":"AVAILABLE","source":"ndw","priceKwh":0.7}},{"type":"Feature","geometry":{"type":"Point","coordinates":[4.550903,51.738497]},"properties":{"type":"charge","layer":"passenger","locationId":"NLLOC005087","name":"NLD Van Esscheplantsoen 28, 3291 GK Strijen","address":"Van Esscheplantsoen 28","city":"Strijen","operatorName":"Allego","maxPowerKw":11,"isMegawatt":false,"status":"AVAILABLE","source":"ndw","priceKwh":0.511}},{"type":"Feature","geometry":{"type":"Point","coordinates":[4.484347,51.82539]},"properties":{"type":"charge","layer":"passenger","locationId":"89462817","name":"EQUANS SGZH 2.0 89462817","address":"Opper Van Treurenstraat 58","city":"Heinenoord","operatorName":"EQUANS","maxPowerKw":11,"isMegawatt":false,"status":"AVAILABLE","source":"ndw"}},{"type":"Feature","geometry":{"type":"Point","coordinates":[4.562987,51.80213]},"properties":{"type":"charge","layer":"passenger","locationId":"NLLOC000224","name":"NLD, Puttershoek, Laning 4","address":"Laning 4","city":"Puttershoek","operatorName":"Allego","maxPowerKw":22,"isMegawatt":false,"status":"CHARGING","source":"ndw","priceKwh":0.511}},{"type":"Feature","geometry":{"type":"Point","coordinates":[4.373731,51.75278]},"properties":{"type":"charge","layer":"passenger","locationId":"NLLOC003680","name":"NLD Akkerwinde 46, 3284 XZ Zuid-Beijerland","address":"Akkerwinde 46","city":"Zuid-Beijerland","operatorName":"Allego","maxPowerKw":11,"isMegawatt":false,"status":"AVAILABLE","source":"ndw","priceKwh":0.511}},{"type":"Feature","geometry":{"type":"Point","coordinates":[4.613789,51.779597]},"properties":{"type":"charge","layer":"passenger","locationId":"NLLOC000252","name":"NLD, s Gravendeel, Lindehof 5","address":"Lindehof 5","city":"'s Gravendeel","operatorName":"Allego","maxPowerKw":22,"isMegawatt":false,"status":"AVAILABLE","source":"ndw","priceKwh":0.511}},{"type":"Feature","geometry":{"type":"Point","coordinates":[4.62218,51.77757]},"properties":{"type":"charge","layer":"passenger","locationId":"NLLOC000660","name":"NLD, 's-Gravendeel, van Heesenstraat 4","address":"van Heesenstraat 4","city":"'s-Gravendeel","operatorName":"Allego","maxPowerKw":22,"isMegawatt":false,"status":"AVAILABLE","source":"ndw","priceKwh":0.511}},{"type":"Feature","geometry":{"type":"Point","coordinates":[4.560258,51.803696]},"properties":{"type":"charge","layer":"passenger","locationId":"NLLOC006200","name":"NL, Eikenlaan 62, 3297 XB, Puttershoek","address":"Eikenlaan 62","city":"Puttershoek","operatorName":"Allego","maxPowerKw":11,"isMegawatt":false,"status":"AVAILABLE","source":"ndw","priceKwh":0.511}},{"type":"Feature","geometry":{"type":"Point","coordinates":[4.423749,51.819953]},"properties":{"type":"charge","layer":"passenger","locationId":"89303717","name":"EQUANS SGZH 2.0 89303717","address":"Hortensiastraat 440","city":"Oud-Beijerland","operatorName":"EQUANS","maxPowerKw":11,"isMegawatt":false,"status":"AVAILABLE","source":"ndw"}},{"type":"Feature","geometry":{"type":"Point","coordinates":[4.542571,51.73916]},"properties":{"type":"charge","layer":"passenger","locationId":"89462819","name":"EQUANS SGZH 2.0 89462819","address":"Buizerdstraat 9","city":"Strijen","operatorName":"EQUANS","maxPowerKw":11,"isMegawatt":false,"status":"CHARGING","source":"ndw"}},{"type":"Feature","geometry":{"type":"Point","coordinates":[4.55391,51.74266]},"properties":{"type":"charge","layer":"passenger","locationId":"91379013","name":"EQUANS SGZH 2.0 Molenstraat 2","address":"Molenstraat 2","city":"Strijen","operatorName":"EQUANS","maxPowerKw":11,"isMegawatt":false,"status":"AVAILABLE","source":"ndw"}},{"type":"Feature","geometry":{"type":"Point","coordinates":[4.548132,51.741678]},"properties":{"type":"charge","layer":"passenger","locationId":"NLLOC000240","name":"NLD, Strijen, Leeuwerikstraat 26","address":"Leeuwerikstraat 26","city":"Strijen","operatorName":"Allego","maxPowerKw":22,"isMegawatt":false,"status":"AVAILABLE","source":"ndw","priceKwh":0.511}},{"type":"Feature","geometry":{"type":"Point","coordinates":[4.442513,51.774187]},"properties":{"type":"charge","layer":"passenger","locationId":"NLLOC007408","name":"NL, Berkenlaan 70, 3286XD, Klaaswaal","address":"Berkenlaan 70","city":"Klaaswaal","operatorName":"Allego","maxPowerKw":11,"isMegawatt":false,"status":"AVAILABLE","source":"ndw","priceKwh":0.511}},{"type":"Feature","geometry":{"type":"Point","coordinates":[4.559332,51.741088]},"properties":{"type":"charge","layer":"passenger","locationId":"NLLOC013128","name":"NL, Irenestraat 44, 3291 BK Strijen","address":"Irenestraat 44","city":"Strijen","operatorName":"Allego","maxPowerKw":11,"isMegawatt":false,"status":"AVAILABLE","source":"ndw","priceKwh":0.511}},{"type":"Feature","geometry":{"type":"Point","coordinates":[4.398772,51.824837]},"properties":{"type":"charge","layer":"passenger","locationId":"89942883","name":"EQUANS SGZH 2.0 89942883","address":"Zoomwijcklaan 60","city":"Oud-Beijerland","operatorName":"EQUANS","maxPowerKw":11,"isMegawatt":false,"status":"AVAILABLE","source":"ndw"}},{"type":"Feature","geometry":{"type":"Point","coordinates":[4.342654,51.806451]},"properties":{"type":"charge","layer":"passenger","locationId":"NLLOC010238","name":"NL, Fruitdoel 11, 3264 PD, Nieuw-Beijerland","address":"Fruitdoel 11","city":"Nieuw-Beijerland","operatorName":"Allego","maxPowerKw":11,"isMegawatt":false,"status":"AVAILABLE","source":"ndw","priceKwh":0.511}},{"type":"Feature","geometry":{"type":"Point","coordinates":[4.40658,51.82219]},"properties":{"type":"charge","layer":"passenger","locationId":"90888973","name":"EQUANS SGZH 2.0 Van Wassenaerstraat 1","address":"Van Wassenaerstraat 1","city":"Oud-Beijerland","operatorName":"EQUANS","maxPowerKw":11,"isMegawatt":false,"status":"AVAILABLE","source":"ndw"}},{"type":"Feature","geometry":{"type":"Point","coordinates":[4.41822,51.82218]},"properties":{"type":"charge","layer":"passenger","locationId":"90888967","name":"EQUANS SGZH 2.0 Violierengang 17","address":"Violierengang 17","city":"Oud-Beijerland","operatorName":"EQUANS","maxPowerKw":11,"isMegawatt":false,"status":"AVAILABLE","source":"ndw"}},{"type":"Feature","geometry":{"type":"Point","coordinates":[4.43514,51.814523]},"properties":{"type":"charge","layer":"passenger","locationId":"NLLOC000047","name":"NLD, Oud-Beijerland, Mozartlaan 4","address":"Mozartlaan 4","city":"Oud-Beijerland","operatorName":"Allego","maxPowerKw":22,"isMegawatt":false,"status":"AVAILABLE","source":"ndw","priceKwh":0.511}},{"type":"Feature","geometry":{"type":"Point","coordinates":[4.484239,51.827955]},"properties":{"type":"charge","layer":"passenger","locationId":"89462821","name":"EQUANS SGZH 2.0 89462821","address":"John F. Kennedystraat 69","city":"Heinenoord","operatorName":"EQUANS","maxPowerKw":11,"isMegawatt":false,"status":"CHARGING","source":"ndw"}},{"type":"Feature","geometry":{"type":"Point","coordinates":[4.415704,51.825566]},"properties":{"type":"charge","layer":"passenger","locationId":"90321071","name":"EQUANS SGZH 2.0 Ooststraat 56","address":"Ooststraat 56","city":"Oud-Beijerland","operatorName":"EQUANS","maxPowerKw":11,"isMegawatt":false,"status":"AVAILABLE","source":"ndw"}},{"type":"Feature","geometry":{"type":"Point","coordinates":[4.447226,51.749555]},"properties":{"type":"charge","layer":"passenger","locationId":"ac7822130b894185877a0c6fc59c5108","name":"Foodmate","address":"Einsteinstraat 26","city":"Numansdorp","operatorName":"","maxPowerKw":22,"isMegawatt":false,"status":"AVAILABLE","source":"ndw","priceKwh":0.28}},{"type":"Feature","geometry":{"type":"Point","coordinates":[4.373879,51.751241]},"properties":{"type":"charge","layer":"passenger","locationId":"89927062","name":"EQUANS SGZH 2.0 Akkerwinde 28","address":"Akkerwinde 28","city":"Zuid-Beijerland","operatorName":"EQUANS","maxPowerKw":11,"isMegawatt":false,"status":"AVAILABLE","source":"ndw"}},{"type":"Feature","geometry":{"type":"Point","coordinates":[4.34506,51.81026]},"properties":{"type":"charge","layer":"passenger","locationId":"89258284","name":"EQUANS SGZH 2.0 Sabinastraat 37","address":"Sabinastraat 37","city":"Nieuw-Beijerland","operatorName":"EQUANS","maxPowerKw":11,"isMegawatt":false,"status":"AVAILABLE","source":"ndw"}},{"type":"Feature","geometry":{"type":"Point","coordinates":[4.44384,51.73158]},"properties":{"type":"charge","layer":"passenger","locationId":"91011078","name":"EQUANS SGZH 2.0 Gruttostraat 17","address":"Gruttostraat 17","city":"Numansdorp","operatorName":"EQUANS","maxPowerKw":11,"isMegawatt":false,"status":"AVAILABLE","source":"ndw"}},{"type":"Feature","geometry":{"type":"Point","coordinates":[4.431838,51.730802]},"properties":{"type":"charge","layer":"passenger","locationId":"89251442","name":"EQUANS SGZH 2.0 89251442","address":"Azaleastraat 2","city":"Numansdorp","operatorName":"EQUANS","maxPowerKw":11,"isMegawatt":false,"status":"AVAILABLE","source":"ndw"}},{"type":"Feature","geometry":{"type":"Point","coordinates":[4.474275,51.786192]},"properties":{"type":"charge","layer":"passenger","locationId":"90238773","name":"EQUANS SGZH 2.0 Prins Willem Alexanderlaan 2","address":"Prins Willem Alexanderlaan 2","city":"Westmaas","operatorName":"EQUANS","maxPowerKw":11,"isMegawatt":false,"status":"CHARGING","source":"ndw"}},{"type":"Feature","geometry":{"type":"Point","coordinates":[4.437355,51.816619]},"properties":{"type":"charge","layer":"passenger","locationId":"6184fa7d77460c805d5e541a","name":"JVS - Bachlaan 172","address":"Bachlaan 172","city":"Oud-Beijerland","operatorName":"E-Flux by Road","maxPowerKw":11,"isMegawatt":false,"status":"CHARGING","source":"ndw","priceKwh":0.27}},{"type":"Feature","geometry":{"type":"Point","coordinates":[4.445075,51.759455]},"properties":{"type":"charge","layer":"passenger","locationId":"66d5b5ba34d552001c2b0b94","name":"Rechter laadstation Ndorp","address":"Rijksstraatweg 100","city":"NUMANSDORP","operatorName":"E-Flux by Road","maxPowerKw":22,"isMegawatt":false,"status":"AVAILABLE","source":"ndw","priceKwh":0.25}},{"type":"Feature","geometry":{"type":"Point","coordinates":[4.442519,51.746862]},"properties":{"type":"charge","layer":"passenger","locationId":"9C1D1BBC-A24E-41A8-90B3-63C0C69855E0","name":"Eneco eMobility Nordex Online - Numansdorp","address":"Energieweg 1","city":"Numansdorp","operatorName":"Eneco","maxPowerKw":22,"isMegawatt":false,"status":"AVAILABLE","source":"ndw","priceKwh":0.45}},{"type":"Feature","geometry":{"type":"Point","coordinates":[4.438945,51.818707]},"properties":{"type":"charge","layer":"passenger","locationId":"90099027","name":"EQUANS SGZH 2.0 Bordewijkring 14","address":"Bordewijkring 14","city":"Oud-Beijerland","operatorName":"EQUANS","maxPowerKw":11,"isMegawatt":false,"status":"AVAILABLE","source":"ndw"}},{"type":"Feature","geometry":{"type":"Point","coordinates":[4.410637,51.824663]},"properties":{"type":"charge","layer":"passenger","locationId":"89240059","name":"EQUANS SGZH 2.0 Kerkstraat 57","address":"Kerkstraat 57","city":"Oud-Beijerland","operatorName":"EQUANS","maxPowerKw":11,"isMegawatt":false,"status":"AVAILABLE","source":"ndw"}},{"type":"Feature","geometry":{"type":"Point","coordinates":[4.44116,51.73267]},"properties":{"type":"charge","layer":"passenger","locationId":"90992419","name":"EQUANS SGZH 2.0 Roerdompsingel 10","address":"Roerdompsingel 10","city":"Numansdorp","operatorName":"EQUANS","maxPowerKw":11,"isMegawatt":false,"status":"AVAILABLE","source":"ndw"}},{"type":"Feature","geometry":{"type":"Point","coordinates":[4.62008,51.77683]},"properties":{"type":"charge","layer":"passenger","locationId":"90888978","name":"EQUANS SGZH 2.0 Groene Kruisstraat 60","address":"Groene Kruisstraat 60","city":"'s-Gravendeel","operatorName":"EQUANS","maxPowerKw":11,"isMegawatt":false,"status":"AVAILABLE","source":"ndw"}},{"type":"Feature","geometry":{"type":"Point","coordinates":[4.451224,51.747966]},"properties":{"type":"charge","layer":"passenger","locationId":"754","name":"Shell Recharge NL9298 - Karwei Numansdorp","address":"Voltastraat 1","city":"Numansdorp","operatorName":"Shell Recharge","maxPowerKw":150,"isMegawatt":false,"status":"AVAILABLE","source":"ndw","priceKwh":0.7025}},{"type":"Feature","geometry":{"type":"Point","coordinates":[4.44571,51.76981]},"properties":{"type":"charge","layer":"passenger","locationId":"90909789","name":"EQUANS SGZH 2.0 Kerkstraat 79","address":"Kerkstraat 79","city":"Klaaswaal","operatorName":"EQUANS","maxPowerKw":11,"isMegawatt":false,"status":"CHARGING","source":"ndw"}},{"type":"Feature","geometry":{"type":"Point","coordinates":[4.338951,51.813604]},"properties":{"type":"charge","layer":"passenger","locationId":"89921153","name":"EQUANS SGZH 2.0 89921153","address":"Maximastraat 17","city":"Nieuw-Beijerland","operatorName":"EQUANS","maxPowerKw":11,"isMegawatt":false,"status":"AVAILABLE","source":"ndw"}},{"type":"Feature","geometry":{"type":"Point","coordinates":[4.42344,51.82511]},"properties":{"type":"charge","layer":"passenger","locationId":"90255797","name":"EQUANS SGZH 2.0 Gorzenhoek 7","address":"Gorzenhoek 7","city":"Oud-Beijerland","operatorName":"EQUANS","maxPowerKw":11,"isMegawatt":false,"status":"CHARGING","source":"ndw"}},{"type":"Feature","geometry":{"type":"Point","coordinates":[4.44725,51.769794]},"properties":{"type":"charge","layer":"passenger","locationId":"89468207","name":"EQUANS SGZH 2.0 89468207","address":"Oranjestraat 40","city":"Klaaswaal","operatorName":"EQUANS","maxPowerKw":11,"isMegawatt":false,"status":"AVAILABLE","source":"ndw"}},{"type":"Feature","geometry":{"type":"Point","coordinates":[4.31252,51.793571]},"properties":{"type":"charge","layer":"passenger","locationId":"654e1dc0b3c928001bebf94a","name":"Fit in Piershil","address":"Beatrixstraat 5","city":"Piershil","operatorName":"E-Flux by Road","maxPowerKw":11,"isMegawatt":false,"status":"AVAILABLE","source":"ndw","priceKwh":0.39}},{"type":"Feature","geometry":{"type":"Point","coordinates":[4.278275,51.792501]},"properties":{"type":"charge","layer":"passenger","locationId":"89354083","name":"EQUANS SGZH 2.0 89354083","address":"van Almondestraat 31","city":"Goudswaard","operatorName":"EQUANS","maxPowerKw":11,"isMegawatt":false,"status":"AVAILABLE","source":"ndw"}},{"type":"Feature","geometry":{"type":"Point","coordinates":[4.617146,51.781823]},"properties":{"type":"charge","layer":"passenger","locationId":"NLLOC001114","name":"NLD, Gravendeel, Onder de Molen 1","address":"Onder de Molen 1","city":"Gravendeel","operatorName":"Allego","maxPowerKw":11,"isMegawatt":false,"status":"AVAILABLE","source":"ndw","priceKwh":0.511}},{"type":"Feature","geometry":{"type":"Point","coordinates":[4.551974,51.78035]},"properties":{"type":"charge","layer":"passenger","locationId":"89921162","name":"EQUANS SGZH 2.0 89921162","address":"Molenlaan 31","city":"Maasdam","operatorName":"EQUANS","maxPowerKw":11,"isMegawatt":false,"status":"UNAVAILABLE","source":"ndw"}},{"type":"Feature","geometry":{"type":"Point","coordinates":[4.333605,51.809103]},"properties":{"type":"charge","layer":"passenger","locationId":"89344654","name":"EQUANS SGZH 2.0 Smalspoor 17","address":"Smalspoor 17","city":"Nieuw-Beijerland","operatorName":"EQUANS","maxPowerKw":17,"isMegawatt":false,"status":"AVAILABLE","source":"ndw"}},{"type":"Feature","geometry":{"type":"Point","coordinates":[4.395582,51.821776]},"properties":{"type":"charge","layer":"passenger","locationId":"NLLOC000314","name":"NLD, Oud-Beijerland, Sigarenmaker 32","address":"Sigarenmaker 32","city":"Oud-Beijerland","operatorName":"Allego","maxPowerKw":11,"isMegawatt":false,"status":"CHARGING","source":"ndw","priceKwh":0.511}},{"type":"Feature","geometry":{"type":"Point","coordinates":[4.562089,51.80623]},"properties":{"type":"charge","layer":"passenger","locationId":"NLLOC001430","name":"NLD, Puttershoek, Hazelaarstraat 45","address":"Hazelaarstraat 45","city":"Puttershoek","operatorName":"Allego","maxPowerKw":11,"isMegawatt":false,"status":"AVAILABLE","source":"ndw","priceKwh":0.511}},{"type":"Feature","geometry":{"type":"Point","coordinates":[4.559404,51.803296]},"properties":{"type":"charge","layer":"passenger","locationId":"89205369","name":"EQUANS SGZH 2.0 89205369","address":"Eikenlaan 83","city":"Puttershoek","operatorName":"EQUANS","maxPowerKw":17,"isMegawatt":false,"status":"AVAILABLE","source":"ndw"}},{"type":"Feature","geometry":{"type":"Point","coordinates":[4.438381,51.825519]},"properties":{"type":"charge","layer":"passenger","locationId":"353","name":"Shell Recharge NL9154 - Gamma Oud Beijerland","address":"Willem Beukelszstraat 2","city":"Oud Beijerland","operatorName":"Shell Recharge","maxPowerKw":150,"isMegawatt":false,"status":"AVAILABLE","source":"ndw","priceKwh":0.7025}},{"type":"Feature","geometry":{"type":"Point","coordinates":[4.316479,51.792157]},"properties":{"type":"charge","layer":"passenger","locationId":"91155757","name":"EQUANS SGZH 2.0 Heemlaan 35","address":"Heemlaan 35","city":"Piershil","operatorName":"EQUANS","maxPowerKw":11,"isMegawatt":false,"status":"AVAILABLE","source":"ndw"}},{"type":"Feature","geometry":{"type":"Point","coordinates":[4.419696,51.824507]},"properties":{"type":"charge","layer":"passenger","locationId":"1a6ecd03-0dd4-4bb4-a737-d80e1ffe7158","name":"bp pulse Oud-Beijerland","address":"Beneden Oostdijk 18","city":"Oud-Beijerland","operatorName":"bp pulse","maxPowerKw":150,"isMegawatt":false,"status":"AVAILABLE","source":"ndw","priceKwh":0.7}},{"type":"Feature","geometry":{"type":"Point","coordinates":[4.613066,51.781341]},"properties":{"type":"charge","layer":"passenger","locationId":"89146499","name":"EQUANS SGZH 2.0 89146499","address":"Korte Smidsweg 24","city":"'s-Gravendeel","operatorName":"EQUANS","maxPowerKw":17,"isMegawatt":false,"status":"CHARGING","source":"ndw"}},{"type":"Feature","geometry":{"type":"Point","coordinates":[4.410235,51.737028]},"properties":{"type":"charge","layer":"passenger","locationId":"31115","name":"Fastned Buttervliet","address":"Buttervliet A29","city":"Numansdorp","operatorName":"Fastned","maxPowerKw":300,"isMegawatt":false,"status":"AVAILABLE","source":"ndw","priceKwh":0.6364}},{"type":"Feature","geometry":{"type":"Point","coordinates":[4.316233,51.794101]},"properties":{"type":"charge","layer":"passenger","locationId":"NLLOC006546","name":"NL, Voorstraat 33, 3265 BT, Piershil","address":"Voorstraat 33","city":"Piershil","operatorName":"Allego","maxPowerKw":11,"isMegawatt":false,"status":"AVAILABLE","source":"ndw","priceKwh":0.511}},{"type":"Feature","geometry":{"type":"Point","coordinates":[4.39643,51.82421]},"properties":{"type":"charge","layer":"passenger","locationId":"90992415","name":"EQUANS SGZH 2.0 Schouw 56","address":"Schouw 56","city":"Oud-Beijerland","operatorName":"EQUANS","maxPowerKw":11,"isMegawatt":false,"status":"AVAILABLE","source":"ndw"}},{"type":"Feature","geometry":{"type":"Point","coordinates":[4.429072,51.812518]},"properties":{"type":"charge","layer":"passenger","locationId":"89329861","name":"EQUANS SGZH 2.0 89329861","address":"Muzieklaan 30","city":"Oud-Beijerland","operatorName":"EQUANS","maxPowerKw":17,"isMegawatt":false,"status":"AVAILABLE","source":"ndw"}},{"type":"Feature","geometry":{"type":"Point","coordinates":[4.43295,51.82104]},"properties":{"type":"charge","layer":"passenger","locationId":"91387121","name":"EQUANS SGZH 2.0 Belcampohof 21","address":"Belcampohof 21","city":"Oud Beijerland","operatorName":"EQUANS","maxPowerKw":11,"isMegawatt":false,"status":"AVAILABLE","source":"ndw"}},{"type":"Feature","geometry":{"type":"Point","coordinates":[4.555894,51.798479]},"properties":{"type":"charge","layer":"passenger","locationId":"NLLOC001112","name":"NLD, Binnenmaas, Waterkers 20","address":"Waterkers 20","city":"Binnenmaas","operatorName":"Allego","maxPowerKw":11,"isMegawatt":false,"status":"AVAILABLE","source":"ndw","priceKwh":0.511}},{"type":"Feature","geometry":{"type":"Point","coordinates":[4.553279,51.80668]},"properties":{"type":"charge","layer":"passenger","locationId":"89362756","name":"EQUANS SGZH 2.0 89362756","address":"Hofstede 31","city":"Puttershoek","operatorName":"EQUANS","maxPowerKw":17,"isMegawatt":false,"status":"AVAILABLE","source":"ndw"}},{"type":"Feature","geometry":{"type":"Point","coordinates":[4.468762,51.786703]},"properties":{"type":"charge","layer":"passenger","locationId":"89146505","name":"EQUANS SGZH 2.0 89146505","address":"Johannes Kolfstraat 25","city":"Westmaas","operatorName":"EQUANS","maxPowerKw":17,"isMegawatt":false,"status":"AVAILABLE","source":"ndw"}},{"type":"Feature","geometry":{"type":"Point","coordinates":[4.366874,51.751118]},"properties":{"type":"charge","layer":"passenger","locationId":"89606385","name":"EQUANS SGZH 2.0 89606385","address":"Gravin Sabinastraat 27","city":"Zuid-Beijerland","operatorName":"EQUANS","maxPowerKw":11,"isMegawatt":false,"status":"CHARGING","source":"ndw"}},{"type":"Feature","geometry":{"type":"Point","coordinates":[4.363934,51.781517]},"properties":{"type":"charge","layer":"passenger","locationId":"3692438","name":"Laadnet thuis Petra","address":"Zuidzijdsedijk 38","city":"Nieuw-Beijerland","operatorName":"Laadnet","maxPowerKw":11,"isMegawatt":false,"status":"AVAILABLE","source":"ndw"}},{"type":"Feature","geometry":{"type":"Point","coordinates":[4.414797,51.8237]},"properties":{"type":"charge","layer":"passenger","locationId":"NLLOC016345","name":"NL, Emmastraat 2, 3262SG, Oud-Beijerland","address":"Emmastraat 2","city":"Oud-Beijerland","operatorName":"Allego","maxPowerKw":11,"isMegawatt":false,"status":"AVAILABLE","source":"ndw","priceKwh":0.511}},{"type":"Feature","geometry":{"type":"Point","coordinates":[4.612645,51.776244]},"properties":{"type":"charge","layer":"passenger","locationId":"89205367","name":"EQUANS SGZH 2.0 89205367","address":"Spinnerijstraat 7","city":"'s-Gravendeel","operatorName":"EQUANS","maxPowerKw":17,"isMegawatt":false,"status":"AVAILABLE","source":"ndw"}},{"type":"Feature","geometry":{"type":"Point","coordinates":[4.49067,51.798252]},"properties":{"type":"charge","layer":"passenger","locationId":"91181907","name":"EQUANS Hermans & Partners","address":"Raadhuislaan 6","city":"Mijnsheerenland","operatorName":"EQUANS","maxPowerKw":11,"isMegawatt":false,"status":"AVAILABLE","source":"ndw"}},{"type":"Feature","geometry":{"type":"Point","coordinates":[4.442696,51.739976]},"properties":{"type":"charge","layer":"passenger","locationId":"90205431","name":"EQUANS SGZH 2.0 van Hogendorpstraat 1","address":"van Hogendorpstraat 1","city":"Numansdorp","operatorName":"EQUANS","maxPowerKw":11,"isMegawatt":false,"status":"CHARGING","source":"ndw"}},{"type":"Feature","geometry":{"type":"Point","coordinates":[4.605188,51.783304]},"properties":{"type":"charge","layer":"passenger","locationId":"90291081","name":"EQUANS SGZH 2.0 Welhof 17","address":"Welhof 17","city":"'s-Gravendeel","operatorName":"EQUANS","maxPowerKw":11,"isMegawatt":false,"status":"AVAILABLE","source":"ndw"}},{"type":"Feature","geometry":{"type":"Point","coordinates":[4.439737,51.72336]},"properties":{"type":"charge","layer":"passenger","locationId":"611cc16af937e466bb9a521b","name":"Thuis","address":"Paltrokmolen 26","city":"Numansdorp","operatorName":"E-Flux by Road","maxPowerKw":11,"isMegawatt":false,"status":"AVAILABLE","source":"ndw","priceKwh":0.5}},{"type":"Feature","geometry":{"type":"Point","coordinates":[4.522742,51.818963]},"properties":{"type":"charge","layer":"passenger","locationId":"630606c908546a240c0ff052","name":"Natuurbegraafplaats Zomerlanden 006","address":"Natuurbegraafplaats Zomerlanden","city":"Heinenoord","operatorName":"E-Flux by Road","maxPowerKw":11,"isMegawatt":false,"status":"AVAILABLE","source":"ndw","priceKwh":0.48}},{"type":"Feature","geometry":{"type":"Point","coordinates":[4.570504,51.809222]},"properties":{"type":"charge","layer":"passenger","locationId":"3939689","name":"Laadnet Weverseinde 205 rechts","address":"Weverseinde 205","city":"Puttershoek","operatorName":"Laadnet","maxPowerKw":22,"isMegawatt":false,"status":"AVAILABLE","source":"ndw"}},{"type":"Feature","geometry":{"type":"Point","coordinates":[4.608915,51.777008]},"properties":{"type":"charge","layer":"passenger","locationId":"89904637","name":"EQUANS SGZH 2.0 89904637","address":"Hendrik Hamerstraat 26","city":"'s-Gravendeel","operatorName":"EQUANS","maxPowerKw":11,"isMegawatt":false,"status":"AVAILABLE","source":"ndw"}},{"type":"Feature","geometry":{"type":"Point","coordinates":[4.41878,51.820357]},"properties":{"type":"charge","layer":"passenger","locationId":"89238570","name":"EQUANS SGZH 2.0 89238570","address":"Orchideestraat 2","city":"Oud-Beijerland","operatorName":"EQUANS","maxPowerKw":11,"isMegawatt":false,"status":"AVAILABLE","source":"ndw"}},{"type":"Feature","geometry":{"type":"Point","coordinates":[4.549075,51.74271]},"properties":{"type":"charge","layer":"passenger","locationId":"89258253","name":"EQUANS SGZH 2.0 89258253","address":"Gruttostraat 132","city":"Strijen","operatorName":"EQUANS","maxPowerKw":11,"isMegawatt":false,"status":"AVAILABLE","source":"ndw"}},{"type":"Feature","geometry":{"type":"Point","coordinates":[4.434582,51.810784]},"properties":{"type":"charge","layer":"passenger","locationId":"c64a1099-4ba0-4abe-b9aa-4e41e137b60f","name":"Lidl Oud-Beijerland","address":"Polderlaan","city":"Oud-Beijerland","operatorName":"Lidl","maxPowerKw":11,"isMegawatt":false,"status":"UNAVAILABLE","source":"ndw"}},{"type":"Feature","geometry":{"type":"Point","coordinates":[4.495681,51.799548]},"properties":{"type":"charge","layer":"passenger","locationId":"90104930","name":"EQUANS SGZH 2.0 Schoutlaan 3","address":"Schoutlaan 3","city":"Mijnsheerenland","operatorName":"EQUANS","maxPowerKw":11,"isMegawatt":false,"status":"AVAILABLE","source":"ndw"}},{"type":"Feature","geometry":{"type":"Point","coordinates":[4.57121,51.80497]},"properties":{"type":"charge","layer":"passenger","locationId":"90974872","name":"EQUANS SGZH 2.0 Ring 9","address":"Ring 9","city":"Puttershoek","operatorName":"EQUANS","maxPowerKw":11,"isMegawatt":false,"status":"AVAILABLE","source":"ndw"}},{"type":"Feature","geometry":{"type":"Point","coordinates":[4.437271,51.734151]},"properties":{"type":"charge","layer":"passenger","locationId":"NLLOC003130","name":"NLD, Mozartstraat 1, 3281 TD Numansdorp","address":"Mozartstraat 1","city":"Numansdorp","operatorName":"Allego","maxPowerKw":11,"isMegawatt":false,"status":"AVAILABLE","source":"ndw","priceKwh":0.511}},{"type":"Feature","geometry":{"type":"Point","coordinates":[4.546418,51.769257]},"properties":{"type":"charge","layer":"passenger","locationId":"69e496d3556d1348dd23435b","name":"PZ-KD","address":"Keizersdijk  125","city":"Strijen","operatorName":"E-Flux by Road","maxPowerKw":11,"isMegawatt":false,"status":"AVAILABLE","source":"ndw","priceKwh":0.51}},{"type":"Feature","geometry":{"type":"Point","coordinates":[4.432948,51.818842]},"properties":{"type":"charge","layer":"passenger","locationId":"90300290","name":"EQUANS SGZH 2.0 P.C. Hooftstraat 9","address":"P.C. Hooftstraat 9","city":"Oud-Beijerland","operatorName":"EQUANS","maxPowerKw":11,"isMegawatt":false,"status":"AVAILABLE","source":"ndw"}},{"type":"Feature","geometry":{"type":"Point","coordinates":[4.522742,51.818963]},"properties":{"type":"charge","layer":"passenger","locationId":"630604d0480ff00bd2c51b1e","name":"Natuurbegraafplaats zomerlanden 084","address":"Natuurbegraafplaats zomerlanden","city":"Heinenoord","operatorName":"E-Flux by Road","maxPowerKw":11,"isMegawatt":false,"status":"AVAILABLE","source":"ndw","priceKwh":0.48}},{"type":"Feature","geometry":{"type":"Point","coordinates":[4.44978,51.773087]},"properties":{"type":"charge","layer":"passenger","locationId":"89462814","name":"EQUANS SGZH 2.0 89462814","address":"Bremstraat 1","city":"Klaaswaal","operatorName":"EQUANS","maxPowerKw":11,"isMegawatt":false,"status":"AVAILABLE","source":"ndw"}},{"type":"Feature","geometry":{"type":"Point","coordinates":[4.407003,51.790453]},"properties":{"type":"charge","layer":"passenger","locationId":"69835257e8ddff44aa2e3fd0","name":"Van der Linden Tuinbouw's station","address":"Langeweg 67","city":"Oud-Beijerland","operatorName":"E-Flux by Road","maxPowerKw":22,"isMegawatt":false,"status":"AVAILABLE","source":"ndw","priceKwh":0.53}},{"type":"Feature","geometry":{"type":"Point","coordinates":[4.409926,51.821673]},"properties":{"type":"charge","layer":"passenger","locationId":"NLLOC012662","name":"NL, van Ghentstraat, 3, 3262 EM, Oud-Beijerland","address":"van Ghentstraat 3","city":"Oud-Beijerland","operatorName":"Allego","maxPowerKw":11,"isMegawatt":false,"status":"AVAILABLE","source":"ndw","priceKwh":0.511}},{"type":"Feature","geometry":{"type":"Point","coordinates":[4.56771,51.805252]},"properties":{"type":"charge","layer":"passenger","locationId":"NLLOC008050","name":"NL, Nassaulaan 44, 3297 BG, Puttershoek","address":"Nassaulaan 44","city":"Puttershoek","operatorName":"Allego","maxPowerKw":11,"isMegawatt":false,"status":"AVAILABLE","source":"ndw","priceKwh":0.511}},{"type":"Feature","geometry":{"type":"Point","coordinates":[4.413763,51.823987]},"properties":{"type":"charge","layer":"passenger","locationId":"NLLOC000267","name":"NLD, Oud-Beijerland, Wilhelminastraat 1","address":"Wilhelminastraat 1","city":"Oud-Beijerland","operatorName":"Allego","maxPowerKw":11,"isMegawatt":false,"status":"CHARGING","source":"ndw","priceKwh":0.511}},{"type":"Feature","geometry":{"type":"Point","coordinates":[4.498728,51.815417]},"properties":{"type":"charge","layer":"passenger","locationId":"67ed4a412fe8711a6f755747","name":"Fit Body Circuit - Station 1","address":"Reedijk  5","city":"Heinenoord","operatorName":"E-Flux by Road","maxPowerKw":11,"isMegawatt":false,"status":"AVAILABLE","source":"ndw","priceKwh":0.43}},{"type":"Feature","geometry":{"type":"Point","coordinates":[4.484309,51.825236]},"properties":{"type":"charge","layer":"passenger","locationId":"65e03c660e57e2001c30ec92","name":"Elektraload 's station #1","address":"Opper van Treurenstraat 64","city":"Heinenoord","operatorName":"E-Flux by Road","maxPowerKw":11,"isMegawatt":false,"status":"AVAILABLE","source":"ndw","priceKwh":0.54}},{"type":"Feature","geometry":{"type":"Point","coordinates":[4.442108,51.733912]},"properties":{"type":"charge","layer":"passenger","locationId":"NLLOC014537","name":"NL, Reigerplaats 2, 3281JG, Numansdorp","address":"Reigerplaats 2","city":"Numansdorp","operatorName":"Allego","maxPowerKw":11,"isMegawatt":false,"status":"AVAILABLE","source":"ndw","priceKwh":0.511}},{"type":"Feature","geometry":{"type":"Point","coordinates":[4.40205,51.819072]},"properties":{"type":"charge","layer":"passenger","locationId":"89328011","name":"EQUANS SGZH 2.0 89328011","address":"Dokwerkerlaan 23","city":"Oud-Beijerland","operatorName":"EQUANS","maxPowerKw":17,"isMegawatt":false,"status":"AVAILABLE","source":"ndw"}},{"type":"Feature","geometry":{"type":"Point","coordinates":[4.473847,51.78485]},"properties":{"type":"charge","layer":"passenger","locationId":"NLLOC006659","name":"NL, Manhille 2, 3273 XH Westmaas","address":"Manhille 2","city":"Westmaas","operatorName":"Allego","maxPowerKw":11,"isMegawatt":false,"status":"AVAILABLE","source":"ndw","priceKwh":0.511}},{"type":"Feature","geometry":{"type":"Point","coordinates":[4.404391,51.828905]},"properties":{"type":"charge","layer":"passenger","locationId":"90266894","name":"EQUANS SGZH 2.0 Koopmanstraat 9","address":"Koopmanstraat 9","city":"Oud-Beijerland","operatorName":"EQUANS","maxPowerKw":11,"isMegawatt":false,"status":"CHARGING","source":"ndw"}},{"type":"Feature","geometry":{"type":"Point","coordinates":[4.40345,51.827881]},"properties":{"type":"charge","layer":"passenger","locationId":"89921156","name":"EQUANS SGZH 2.0 89921156","address":"Beetwortelweg 17","city":"Oud-Beijerland","operatorName":"EQUANS","maxPowerKw":11,"isMegawatt":false,"status":"AVAILABLE","source":"ndw"}},{"type":"Feature","geometry":{"type":"Point","coordinates":[4.468314,51.790931]},"properties":{"type":"charge","layer":"passenger","locationId":"69e0e61ff397f745b258cac6","name":"Local Green Energy Charging - Westmaas Mol","address":"Blauwesteenweg 7A","city":"Westmaas","operatorName":"E-Flux by Road","maxPowerKw":200,"isMegawatt":false,"status":"AVAILABLE","source":"ndw","priceKwh":0.405}},{"type":"Feature","geometry":{"type":"Point","coordinates":[4.480857,51.825781]},"properties":{"type":"charge","layer":"passenger","locationId":"89317487","name":"EQUANS SGZH 2.0 89317487","address":"Heyne van Althenastraat 28","city":"Heinenoord","operatorName":"EQUANS","maxPowerKw":17,"isMegawatt":false,"status":"AVAILABLE","source":"ndw"}},{"type":"Feature","geometry":{"type":"Point","coordinates":[4.40385,51.820047]},"properties":{"type":"charge","layer":"passenger","locationId":"NLLOC002135","name":"NLD, Oud Beijerland, Grebbestraat 1","address":"Grebbestraat 1","city":"Oud Beijerland","operatorName":"Allego","maxPowerKw":22,"isMegawatt":false,"status":"CHARGING","source":"ndw","priceKwh":0.511}},{"type":"Feature","geometry":{"type":"Point","coordinates":[4.557032,51.742263]},"properties":{"type":"charge","layer":"passenger","locationId":"NLLOC000174","name":"NLD, Strijen, Julianastraat 27","address":"Julianastraat 27","city":"Strijen","operatorName":"Allego","maxPowerKw":11,"isMegawatt":false,"status":"AVAILABLE","source":"ndw","priceKwh":0.511}},{"type":"Feature","geometry":{"type":"Point","coordinates":[4.557558,51.748408]},"properties":{"type":"charge","layer":"passenger","locationId":"6554628b16f723001c5b039e","name":"Aannemingsbedrijf P.&G. Hooghwerff B.V.","address":"Handelstraat  21","city":"Strijen","operatorName":"Lanova Laadpalen","maxPowerKw":11,"isMegawatt":false,"status":"AVAILABLE","source":"ndw","priceKwh":0.42}},{"type":"Feature","geometry":{"type":"Point","coordinates":[4.585096,51.715336]},"properties":{"type":"charge","layer":"passenger","locationId":"90291084","name":"EQUANS SGZH 2.0 Nieuweweg 45","address":"Nieuweweg 45","city":"Strijensas","operatorName":"EQUANS","maxPowerKw":11,"isMegawatt":false,"status":"AVAILABLE","source":"ndw"}},{"type":"Feature","geometry":{"type":"Point","coordinates":[4.39441,51.81992]},"properties":{"type":"charge","layer":"passenger","locationId":"91442941","name":"EQUANS SGZH 2.0 Hoefsmid 1 A","address":"Hoefsmid 1 A","city":"Oud-Beijerland","operatorName":"EQUANS","maxPowerKw":11,"isMegawatt":false,"status":"AVAILABLE","source":"ndw"}},{"type":"Feature","geometry":{"type":"Point","coordinates":[4.585367,51.715872]},"properties":{"type":"charge","layer":"passenger","locationId":"89329943","name":"EQUANS SGZH 2.0 89329943","address":"Suze Groenwegstraat 1","city":"Strijensas","operatorName":"EQUANS","maxPowerKw":17,"isMegawatt":false,"status":"AVAILABLE","source":"ndw"}},{"type":"Feature","geometry":{"type":"Point","coordinates":[4.370716,51.752159]},"properties":{"type":"charge","layer":"passenger","locationId":"90099955","name":"EQUANS SGZH 2.0 Tuinweg 23","address":"Tuinweg 23","city":"Zuid-Beijerland","operatorName":"EQUANS","maxPowerKw":11,"isMegawatt":false,"status":"AVAILABLE","source":"ndw"}},{"type":"Feature","geometry":{"type":"Point","coordinates":[4.57719,51.80526]},"properties":{"type":"charge","layer":"passenger","locationId":"90961259","name":"EQUANS SGZH 2.0 De Pelikaan 2","address":"De Pelikaan 2","city":"Puttershoek","operatorName":"EQUANS","maxPowerKw":11,"isMegawatt":false,"status":"AVAILABLE","source":"ndw"}},{"type":"Feature","geometry":{"type":"Point","coordinates":[4.560985,51.787644]},"properties":{"type":"charge","layer":"passenger","locationId":"89618899","name":"EQUANS SGZH 2.0 89618899","address":"Leeuwerik 14","city":"Maasdam","operatorName":"EQUANS","maxPowerKw":11,"isMegawatt":false,"status":"AVAILABLE","source":"ndw"}},{"type":"Feature","geometry":{"type":"Point","coordinates":[4.470185,51.78782]},"properties":{"type":"charge","layer":"passenger","locationId":"90099958","name":"EQUANS SGZH 2.0 Beatrixlaan 2 B","address":"Beatrixlaan 2 B","city":"Westmaas","operatorName":"EQUANS","maxPowerKw":11,"isMegawatt":false,"status":"AVAILABLE","source":"ndw"}},{"type":"Feature","geometry":{"type":"Point","coordinates":[4.43172,51.81613]},"properties":{"type":"charge","layer":"passenger","locationId":"90099942","name":"EQUANS SGZH 2.0 Bachlaan 43","address":"Bachlaan 43","city":"Oud-Beijerland","operatorName":"EQUANS","maxPowerKw":11,"isMegawatt":false,"status":"AVAILABLE","source":"ndw"}},{"type":"Feature","geometry":{"type":"Point","coordinates":[4.445075,51.759455]},"properties":{"type":"charge","layer":"passenger","locationId":"67bf340ad9db196e99d0c62a","name":"SCHOTGROEP Holding 's station","address":"RIjksstraatweg 100","city":"Numansdorp","operatorName":"E-Flux by Road","maxPowerKw":22,"isMegawatt":false,"status":"AVAILABLE","source":"ndw","priceKwh":0.33}},{"type":"Feature","geometry":{"type":"Point","coordinates":[4.395162,51.818333]},"properties":{"type":"charge","layer":"passenger","locationId":"691336ff8b3e6faf3f715cd1","name":"Ger van Ruiswijk 's station","address":"Randweg 2","city":"Oud Beijerland","operatorName":"E-Flux by Road","maxPowerKw":22,"isMegawatt":false,"status":"AVAILABLE","source":"ndw","priceKwh":0.33}},{"type":"Feature","geometry":{"type":"Point","coordinates":[4.395274,51.828395]},"properties":{"type":"charge","layer":"passenger","locationId":"6719025db797f9001d043270","name":"Hippisch Centrum \"Hoeksche Waard\"","address":"Randweg 31","city":"Oud-Beijerland","operatorName":"Pluq","maxPowerKw":11,"isMegawatt":false,"status":"AVAILABLE","source":"ndw","priceKwh":0.4}},{"type":"Feature","geometry":{"type":"Point","coordinates":[4.31423,51.79688]},"properties":{"type":"charge","layer":"passenger","locationId":"90892590","name":"EQUANS SGZH 2.0 Willem-Alexanderstraat 28","address":"Willem-Alexanderstraat 28","city":"Piershil","operatorName":"EQUANS","maxPowerKw":11,"isMegawatt":false,"status":"AVAILABLE","source":"ndw"}},{"type":"Feature","geometry":{"type":"Point","coordinates":[4.33741,51.807499]},"properties":{"type":"charge","layer":"passenger","locationId":"89824581","name":"EQUANS SGZH 2.0 89824581","address":"Akkerdreef 11","city":"Nieuw-Beijerland","operatorName":"EQUANS","maxPowerKw":11,"isMegawatt":false,"status":"AVAILABLE","source":"ndw"}},{"type":"Feature","geometry":{"type":"Point","coordinates":[4.55149,51.739129]},"properties":{"type":"charge","layer":"passenger","locationId":"6470ac083dad11001cf56247","name":"Maurits den Boer 's station","address":"Van Esscheplantsoen 11","city":"Strijen","operatorName":"E-Flux by Road","maxPowerKw":11,"isMegawatt":false,"status":"AVAILABLE","source":"ndw"}},{"type":"Feature","geometry":{"type":"Point","coordinates":[4.49117,51.797982]},"properties":{"type":"charge","layer":"passenger","locationId":"89249660","name":"EQUANS SGZH 2.0 89249660","address":"Wilhelminastraat 1","city":"Mijnsheerenland","operatorName":"EQUANS","maxPowerKw":17,"isMegawatt":false,"status":"CHARGING","source":"ndw"}},{"type":"Feature","geometry":{"type":"Point","coordinates":[4.612783,51.783685]},"properties":{"type":"charge","layer":"passenger","locationId":"89954363","name":"EQUANS SGZH 2.0 89954363","address":"Vlietstraat 9","city":"'s-Gravendeel","operatorName":"EQUANS","maxPowerKw":11,"isMegawatt":false,"status":"AVAILABLE","source":"ndw"}},{"type":"Feature","geometry":{"type":"Point","coordinates":[4.530431,51.817508]},"properties":{"type":"charge","layer":"passenger","locationId":"67e2cffc8926dae1fb610a97","name":"VRIA HQ","address":"Zaaiviool 1","city":"Heinenoord","operatorName":"E-Flux by Road","maxPowerKw":22,"isMegawatt":false,"status":"AVAILABLE","source":"ndw","priceKwh":0.43}},{"type":"Feature","geometry":{"type":"Point","coordinates":[4.432673,51.736845]},"properties":{"type":"charge","layer":"passenger","locationId":"89229779","name":"EQUANS SGZH 2.0 89229779","address":"Sweelinckstraat 1","city":"Numansdorp","operatorName":"EQUANS","maxPowerKw":11,"isMegawatt":false,"status":"CHARGING","source":"ndw"}},{"type":"Feature","geometry":{"type":"Point","coordinates":[4.4045,51.826803]},"properties":{"type":"charge","layer":"passenger","locationId":"90103931","name":"EQUANS SGZH 2.0 Spuidijk 9","address":"Spuidijk 9","city":"Oud-Beijerland","operatorName":"EQUANS","maxPowerKw":11,"isMegawatt":false,"status":"AVAILABLE","source":"ndw"}},{"type":"Feature","geometry":{"type":"Point","coordinates":[4.482153,51.795891]},"properties":{"type":"charge","layer":"passenger","locationId":"89824580","name":"EQUANS SGZH 2.0 89824580","address":"Vlietland 2","city":"Mijnsheerenland","operatorName":"EQUANS","maxPowerKw":11,"isMegawatt":false,"status":"CHARGING","source":"ndw"}},{"type":"Feature","geometry":{"type":"Point","coordinates":[4.55435,51.789769]},"properties":{"type":"charge","layer":"passenger","locationId":"NLLOC006558","name":"NL, Merwedestraat 39, 3299 XC, Maasdam","address":"Merwedestraat 39","city":"Maasdam","operatorName":"Allego","maxPowerKw":11,"isMegawatt":false,"status":"AVAILABLE","source":"ndw","priceKwh":0.511}},{"type":"Feature","geometry":{"type":"Point","coordinates":[4.485981,51.794465]},"properties":{"type":"charge","layer":"passenger","locationId":"89052373","name":"EQUANS SGZH 2.0 89052373","address":"Laan van Moerkerken 20","city":"Mijnsheerenland","operatorName":"EQUANS","maxPowerKw":11,"isMegawatt":false,"status":"AVAILABLE","source":"ndw"}},{"type":"Feature","geometry":{"type":"Point","coordinates":[4.613799,51.780771]},"properties":{"type":"charge","layer":"passenger","locationId":"89356869","name":"EQUANS SGZH 2.0 89356869","address":"Seringenstraat 3","city":"'s-Gravendeel","operatorName":"EQUANS","maxPowerKw":17,"isMegawatt":false,"status":"AVAILABLE","source":"ndw"}},{"type":"Feature","geometry":{"type":"Point","coordinates":[4.398764,51.825224]},"properties":{"type":"charge","layer":"passenger","locationId":"NLLOC000270","name":"NLD, Oud-Beijerland, Schoener 10","address":"Schoener 10","city":"Oud-Beijerland","operatorName":"Allego","maxPowerKw":22,"isMegawatt":false,"status":"AVAILABLE","source":"ndw","priceKwh":0.511}},{"type":"Feature","geometry":{"type":"Point","coordinates":[4.572823,51.806815]},"properties":{"type":"charge","layer":"passenger","locationId":"89921160","name":"EQUANS SGZH 2.0 89921160","address":"Ons Genoegen 21","city":"Puttershoek","operatorName":"EQUANS","maxPowerKw":11,"isMegawatt":false,"status":"CHARGING","source":"ndw"}},{"type":"Feature","geometry":{"type":"Point","coordinates":[4.564388,51.78557]},"properties":{"type":"charge","layer":"passenger","locationId":"89354084","name":"EQUANS SGZH 2.0 89354084","address":"Striene 14","city":"Maasdam","operatorName":"EQUANS","maxPowerKw":17,"isMegawatt":false,"status":"AVAILABLE","source":"ndw"}},{"type":"Feature","geometry":{"type":"Point","coordinates":[4.62394,51.77856]},"properties":{"type":"charge","layer":"passenger","locationId":"91209894","name":"EQUANS SGZH 2.0 Marijkestraat 30","address":"Marijkestraat 30","city":"'s-Gravendeel","operatorName":"EQUANS","maxPowerKw":11,"isMegawatt":false,"status":"AVAILABLE","source":"ndw"}},{"type":"Feature","geometry":{"type":"Point","coordinates":[4.418177,51.821116]},"properties":{"type":"charge","layer":"passenger","locationId":"NLLOC005091","name":"NLD, Margrietstraat 2, 3261 AN Oud-Beijerland","address":"Margrietstraat 2","city":"Oud-Beijerland","operatorName":"Allego","maxPowerKw":11,"isMegawatt":false,"status":"AVAILABLE","source":"ndw","priceKwh":0.511}},{"type":"Feature","geometry":{"type":"Point","coordinates":[4.364427,51.746629]},"properties":{"type":"charge","layer":"passenger","locationId":"89942878","name":"EQUANS SGZH 2.0 89942878","address":"Haringvliet 1","city":"Zuid-Beijerland","operatorName":"EQUANS","maxPowerKw":11,"isMegawatt":false,"status":"AVAILABLE","source":"ndw"}},{"type":"Feature","geometry":{"type":"Point","coordinates":[4.438047,51.817448]},"properties":{"type":"charge","layer":"passenger","locationId":"NLLOC002182","name":"NLD, Oud-Beijerland, Bordewijkring 46","address":"Bordewijkring 46","city":"Oud-Beijerland","operatorName":"Allego","maxPowerKw":11,"isMegawatt":false,"status":"AVAILABLE","source":"ndw","priceKwh":0.511}},{"type":"Feature","geometry":{"type":"Point","coordinates":[4.429072,51.814368]},"properties":{"type":"charge","layer":"passenger","locationId":"NLLOC016314","name":"NL, Vivaldistraat 33, 3261JD Oud-Beijerland","address":"Vivaldistraat 33","city":"Oud-Beijerland","operatorName":"Allego","maxPowerKw":11,"isMegawatt":false,"status":"AVAILABLE","source":"ndw","priceKwh":0.511}},{"type":"Feature","geometry":{"type":"Point","coordinates":[4.43399,51.813909]},"properties":{"type":"charge","layer":"passenger","locationId":"NLLOC000247","name":"NLD, Oud-Beijerland, Muzieklaan 37","address":"Muzieklaan 37","city":"Oud-Beijerland","operatorName":"Allego","maxPowerKw":11,"isMegawatt":false,"status":"AVAILABLE","source":"ndw","priceKwh":0.511}},{"type":"Feature","geometry":{"type":"Point","coordinates":[4.401287,51.823103]},"properties":{"type":"charge","layer":"passenger","locationId":"NLLOC008882","name":"NL, Uitloop 24 3262 CE Oud-Beijerland","address":"Uitloop 24","city":"Oud-Beijerland","operatorName":"Allego","maxPowerKw":11,"isMegawatt":false,"status":"AVAILABLE","source":"ndw","priceKwh":0.511}},{"type":"Feature","geometry":{"type":"Point","coordinates":[4.578965,51.761992]},"properties":{"type":"charge","layer":"passenger","locationId":"3841422E-68C4-4E16-8AF8-24BAFC862D94","name":"Eneco eMobility Zorggroep Profila - Strijen","address":"Langedam 2","city":"Strijen","operatorName":"Eneco","maxPowerKw":11,"isMegawatt":false,"status":"AVAILABLE","source":"ndw","priceKwh":0.32}},{"type":"Feature","geometry":{"type":"Point","coordinates":[4.554892,51.743477]},"properties":{"type":"charge","layer":"passenger","locationId":"NLLOC002531","name":"NLD, Strijen, Schoolstraat 20","address":"Schoolstraat 20","city":"Strijen","operatorName":"Allego","maxPowerKw":11,"isMegawatt":false,"status":"AVAILABLE","source":"ndw","priceKwh":0.511}},{"type":"Feature","geometry":{"type":"Point","coordinates":[4.434938,51.816907]},"properties":{"type":"charge","layer":"passenger","locationId":"89145594","name":"EQUANS SGZH 2.0 89145594","address":"Chopinplein 1","city":"Oud-Beijerland","operatorName":"EQUANS","maxPowerKw":17,"isMegawatt":false,"status":"AVAILABLE","source":"ndw"}},{"type":"Feature","geometry":{"type":"Point","coordinates":[4.570625,51.807117]},"properties":{"type":"charge","layer":"passenger","locationId":"89455015","name":"EQUANS SGZH 2.0 89455015","address":"Eendrachtsweg 55","city":"Puttershoek","operatorName":"EQUANS","maxPowerKw":17,"isMegawatt":false,"status":"CHARGING","source":"ndw"}},{"type":"Feature","geometry":{"type":"Point","coordinates":[4.397635,51.823289]},"properties":{"type":"charge","layer":"passenger","locationId":"NLLOC013272","name":"NL, Zoomwijcklaan 79, 3262CM, Oud-Beijerland","address":"Zoomwijcklaan 79","city":"Oud-Beijerland","operatorName":"Allego","maxPowerKw":11,"isMegawatt":false,"status":"CHARGING","source":"ndw","priceKwh":0.511}},{"type":"Feature","geometry":{"type":"Point","coordinates":[4.3968,51.81755]},"properties":{"type":"charge","layer":"passenger","locationId":"91490664","name":"EQUANS SGZH 2.0 Zinkweg 141","address":"Zinkweg 141","city":"Oud-Beijerland","operatorName":"EQUANS","maxPowerKw":11,"isMegawatt":false,"status":"AVAILABLE","source":"ndw"}},{"type":"Feature","geometry":{"type":"Point","coordinates":[4.433475,51.817154]},"properties":{"type":"charge","layer":"passenger","locationId":"89972706","name":"EQUANS SGZH 2.0 Berliozstraat 1","address":"Berliozstraat 1","city":"Oud-Beijerland","operatorName":"EQUANS","maxPowerKw":11,"isMegawatt":false,"status":"AVAILABLE","source":"ndw"}},{"type":"Feature","geometry":{"type":"Point","coordinates":[4.607807,51.774501]},"properties":{"type":"charge","layer":"passenger","locationId":"90207127","name":"EQUANS SGZH 2.0 Hekelstraat 82","address":"Hekelstraat 82","city":"'s-Gravendeel","operatorName":"EQUANS","maxPowerKw":11,"isMegawatt":false,"status":"AVAILABLE","source":"ndw"}},{"type":"Feature","geometry":{"type":"Point","coordinates":[4.442257,51.725396]},"properties":{"type":"charge","layer":"passenger","locationId":"NLLOC012897","name":"NL, Kruizemunt, 1, 3281 MC Numansdorp","address":"Kruizemunt 1","city":"Numansdorp","operatorName":"Allego","maxPowerKw":11,"isMegawatt":false,"status":"AVAILABLE","source":"ndw","priceKwh":0.511}},{"type":"Feature","geometry":{"type":"Point","coordinates":[4.420916,51.826477]},"properties":{"type":"charge","layer":"passenger","locationId":"89249665","name":"EQUANS SGZH 2.0 89249665","address":"Wielsingel 32","city":"Oud-Beijerland","operatorName":"EQUANS","maxPowerKw":17,"isMegawatt":false,"status":"UNAVAILABLE","source":"ndw"}},{"type":"Feature","geometry":{"type":"Point","coordinates":[4.391245,51.820857]},"properties":{"type":"charge","layer":"passenger","locationId":"91144922","name":"EQUANS SGZH 2.0 Merel 7","address":"Merel 7","city":"Oud-Beijerland","operatorName":"EQUANS","maxPowerKw":11,"isMegawatt":false,"status":"AVAILABLE","source":"ndw"}},{"type":"Feature","geometry":{"type":"Point","coordinates":[4.400464,51.822769]},"properties":{"type":"charge","layer":"passenger","locationId":"90179432","name":"EQUANS SGZH 2.0 Hoepelmaker 11","address":"Hoepelmaker 11","city":"Oud-Beijerland","operatorName":"EQUANS","maxPowerKw":11,"isMegawatt":false,"status":"AVAILABLE","source":"ndw"}},{"type":"Feature","geometry":{"type":"Point","coordinates":[4.420409,51.819087]},"properties":{"type":"charge","layer":"passenger","locationId":"89949098","name":"EQUANS SGZH 2.0 89949098","address":"Acaciastraat 1","city":"Oud-Beijerland","operatorName":"EQUANS","maxPowerKw":11,"isMegawatt":false,"status":"AVAILABLE","source":"ndw"}},{"type":"Feature","geometry":{"type":"Point","coordinates":[4.41145,51.81223]},"properties":{"type":"charge","layer":"passenger","locationId":"91292938","name":"EQUANS SGZH 2.0 Langeweg 18","address":"Langeweg 18","city":"Oud-Beijerland","operatorName":"EQUANS","maxPowerKw":11,"isMegawatt":false,"status":"AVAILABLE","source":"ndw"}},{"type":"Feature","geometry":{"type":"Point","coordinates":[4.435863,51.729163]},"properties":{"type":"charge","layer":"passenger","locationId":"NLLOC014662","name":"NL, Poortvlietstraat 1, 3281XL, Numansdorp","address":"Poortvlietstraat 1","city":"Numansdorp","operatorName":"Allego","maxPowerKw":11,"isMegawatt":false,"status":"AVAILABLE","source":"ndw","priceKwh":0.511}},{"type":"Feature","geometry":{"type":"Point","coordinates":[4.432525,51.812045]},"properties":{"type":"charge","layer":"passenger","locationId":"89162947","name":"EQUANS SGZH 2.0 89162947","address":"Vleugel 19","city":"Oud-Beijerland","operatorName":"EQUANS","maxPowerKw":11,"isMegawatt":false,"status":"AVAILABLE","source":"ndw"}},{"type":"Feature","geometry":{"type":"Point","coordinates":[4.36952,51.752692]},"properties":{"type":"charge","layer":"passenger","locationId":"89333893","name":"EQUANS SGZH 2.0 89333893","address":"Seringenpad 2","city":"Zuid-Beijerland","operatorName":"EQUANS","maxPowerKw":17,"isMegawatt":false,"status":"AVAILABLE","source":"ndw"}},{"type":"Feature","geometry":{"type":"Point","coordinates":[4.512092,51.81352]},"properties":{"type":"charge","layer":"passenger","locationId":"89472612","name":"EQUANS SGZH 2.0 89472612","address":"Doormanstraat 7","city":"Heinenoord","operatorName":"EQUANS","maxPowerKw":11,"isMegawatt":false,"status":"AVAILABLE","source":"ndw"}},{"type":"Feature","geometry":{"type":"Point","coordinates":[4.347448,51.809902]},"properties":{"type":"charge","layer":"passenger","locationId":"89940120","name":"EQUANS SGZH 2.0 89940120","address":"Dreef 109","city":"Nieuw-Beijerland","operatorName":"EQUANS","maxPowerKw":11,"isMegawatt":false,"status":"AVAILABLE","source":"ndw"}},{"type":"Feature","geometry":{"type":"Point","coordinates":[4.41501,51.82175]},"properties":{"type":"charge","layer":"passenger","locationId":"91128050","name":"EQUANS SGZH 2.0 Prins Bernhardstraat 96","address":"Prins Bernhardstraat 96","city":"Oud-Beijerland","operatorName":"EQUANS","maxPowerKw":11,"isMegawatt":false,"status":"AVAILABLE","source":"ndw"}},{"type":"Feature","geometry":{"type":"Point","coordinates":[4.412599,51.816818]},"properties":{"type":"charge","layer":"passenger","locationId":"90189154","name":"EQUANS SGZH 2.0 Jan Lievenslaan t.h.v. Van de Veldepad 32","address":"Van de Veldepad 32","city":"Oud-Beijerland","operatorName":"EQUANS","maxPowerKw":11,"isMegawatt":false,"status":"AVAILABLE","source":"ndw"}},{"type":"Feature","geometry":{"type":"Point","coordinates":[4.405175,51.819455]},"properties":{"type":"charge","layer":"passenger","locationId":"90295226","name":"EQUANS SGZH 2.0 Wiardi Beckmanstraat 22 F","address":"Wiardi Beckmanstraat 22 F","city":"Oud-Beijerland","operatorName":"EQUANS","maxPowerKw":11,"isMegawatt":false,"status":"AVAILABLE","source":"ndw"}},{"type":"Feature","geometry":{"type":"Point","coordinates":[4.49952,51.79927]},"properties":{"type":"charge","layer":"passenger","locationId":"91209877","name":"EQUANS SGZH 2.0 Landheerlaan 48","address":"Landheerlaan 48","city":"Mijnsheerenland","operatorName":"EQUANS","maxPowerKw":11,"isMegawatt":false,"status":"CHARGING","source":"ndw"}},{"type":"Feature","geometry":{"type":"Point","coordinates":[4.345127,51.813081]},"properties":{"type":"charge","layer":"passenger","locationId":"NLLOC011264","name":"NL, 's Gravenweg 33 3264 XM Nieuw-Beijerland","address":"'s Gravenweg 33","city":"Nieuw-Beijerland","operatorName":"Allego","maxPowerKw":11,"isMegawatt":false,"status":"AVAILABLE","source":"ndw","priceKwh":0.511}},{"type":"Feature","geometry":{"type":"Point","coordinates":[4.413815,51.82561]},"properties":{"type":"charge","layer":"passenger","locationId":"NLLOC016440","name":"NL, Prinses Beatrixstraat 48, 3262SL, Oud-Beijerland","address":"Prinses Beatrixstraat 48","city":"Oud-Beijerland","operatorName":"Allego","maxPowerKw":11,"isMegawatt":false,"status":"AVAILABLE","source":"ndw","priceKwh":0.511}},{"type":"Feature","geometry":{"type":"Point","coordinates":[4.437899,51.824731]},"properties":{"type":"charge","layer":"passenger","locationId":"645e1ca3f88e3d0012cf8563","name":"Image Keukens","address":"Willem Beukelszstaat 4","city":"Oud Beijerland","operatorName":"E-Flux by Road","maxPowerKw":11,"isMegawatt":false,"status":"AVAILABLE","source":"ndw","priceKwh":0.63}},{"type":"Feature","geometry":{"type":"Point","coordinates":[4.418662,51.826603]},"properties":{"type":"charge","layer":"passenger","locationId":"89462511","name":"EQUANS SGZH 2.0 89462511","address":"Lange Meet 39","city":"Oud-Beijerland","operatorName":"EQUANS","maxPowerKw":11,"isMegawatt":false,"status":"AVAILABLE","source":"ndw"}},{"type":"Feature","geometry":{"type":"Point","coordinates":[4.423051,51.824661]},"properties":{"type":"charge","layer":"passenger","locationId":"89355416","name":"EQUANS SGZH 2.0 89355416","address":"Oostdijk 263","city":"Oud-Beijerland","operatorName":"EQUANS","maxPowerKw":17,"isMegawatt":false,"status":"AVAILABLE","source":"ndw"}},{"type":"Feature","geometry":{"type":"Point","coordinates":[4.555562,51.79015]},"properties":{"type":"charge","layer":"passenger","locationId":"91351278","name":"EQUANS SGZH 2.0 Vliet 32","address":"Vliet 32","city":"Maasdam","operatorName":"EQUANS","maxPowerKw":11,"isMegawatt":false,"status":"AVAILABLE","source":"ndw"}},{"type":"Feature","geometry":{"type":"Point","coordinates":[4.557419,51.805803]},"properties":{"type":"charge","layer":"passenger","locationId":"NLLOC000656","name":"NLD, Puttershoek, Biezenbloker 2","address":"Biezenbloker 2","city":"Puttershoek","operatorName":"Allego","maxPowerKw":11,"isMegawatt":false,"status":"AVAILABLE","source":"ndw","priceKwh":0.511}},{"type":"Feature","geometry":{"type":"Point","coordinates":[4.476707,51.79405]},"properties":{"type":"charge","layer":"passenger","locationId":"89304814","name":"EQUANS SGZH 2.0 89304814","address":"Stelleveld 1","city":"Mijnsheerenland","operatorName":"EQUANS","maxPowerKw":11,"isMegawatt":false,"status":"AVAILABLE","source":"ndw"}},{"type":"Feature","geometry":{"type":"Point","coordinates":[4.482964,51.827323]},"properties":{"type":"charge","layer":"passenger","locationId":"90020593","name":"EQUANS SGZH 2.0 Avenhil 1","address":"Avenhil 1","city":"Heinenoord","operatorName":"EQUANS","maxPowerKw":11,"isMegawatt":false,"status":"AVAILABLE","source":"ndw"}},{"type":"Feature","geometry":{"type":"Point","coordinates":[4.409673,51.823757]},"properties":{"type":"charge","layer":"passenger","locationId":"89927063","name":"EQUANS SGZH 2.0 89927063","address":"Abel Tasmanstraat 4","city":"Oud-Beijerland","operatorName":"EQUANS","maxPowerKw":11,"isMegawatt":false,"status":"AVAILABLE","source":"ndw"}},{"type":"Feature","geometry":{"type":"Point","coordinates":[4.400917,51.829098]},"properties":{"type":"charge","layer":"passenger","locationId":"NLLOC011182","name":"NL, Beetwortelweg 91, 3263 EA, Oud-Beijerland","address":"Beetwortelweg 91","city":"Oud-Beijerland","operatorName":"Allego","maxPowerKw":11,"isMegawatt":false,"status":"AVAILABLE","source":"ndw","priceKwh":0.511}},{"type":"Feature","geometry":{"type":"Point","coordinates":[4.410367,51.73645]},"properties":{"type":"charge","layer":"passenger","locationId":"13","name":"Shell Recharge NL2058 - Shell Buttervliet","address":"Rijksweg A29 WZ","city":"Numansdorp","operatorName":"Shell Recharge","maxPowerKw":175,"isMegawatt":false,"status":"AVAILABLE","source":"ndw","priceKwh":0.7025}},{"type":"Feature","geometry":{"type":"Point","coordinates":[4.479131,51.797106]},"properties":{"type":"charge","layer":"passenger","locationId":"NLLOC008539","name":"NL, Zeggegors, 41, 3271XJ, Mijnsheerenland","address":"Zeggegors 41","city":"Mijnsheerenland","operatorName":"Allego","maxPowerKw":11,"isMegawatt":false,"status":"AVAILABLE","source":"ndw","priceKwh":0.511}},{"type":"Feature","geometry":{"type":"Point","coordinates":[4.558324,51.7855]},"properties":{"type":"charge","layer":"passenger","locationId":"89166639","name":"EQUANS SGZH 2.0 89166639","address":"Trambaan 1","city":"Maasdam","operatorName":"EQUANS","maxPowerKw":17,"isMegawatt":false,"status":"AVAILABLE","source":"ndw"}},{"type":"Feature","geometry":{"type":"Point","coordinates":[4.397378,51.820161]},"properties":{"type":"charge","layer":"passenger","locationId":"NLLOC012950","name":"NL, Griendwerker 1, 3263CA, Oud-Beijerland","address":"Griendwerker 1","city":"Oud-Beijerland","operatorName":"Allego","maxPowerKw":11,"isMegawatt":false,"status":"AVAILABLE","source":"ndw","priceKwh":0.511}},{"type":"Feature","geometry":{"type":"Point","coordinates":[4.556178,51.792631]},"properties":{"type":"charge","layer":"passenger","locationId":"89146507","name":"EQUANS SGZH 2.0 89146507","address":"Sportlaan 22 a","city":"Maasdam","operatorName":"EQUANS","maxPowerKw":11,"isMegawatt":false,"status":"AVAILABLE","source":"ndw"}},{"type":"Feature","geometry":{"type":"Point","coordinates":[4.444224,51.773822]},"properties":{"type":"charge","layer":"passenger","locationId":"89355364","name":"EQUANS SGZH 2.0 89355364","address":"Elzenlaan 6","city":"Klaaswaal","operatorName":"EQUANS","maxPowerKw":17,"isMegawatt":false,"status":"CHARGING","source":"ndw"}},{"type":"Feature","geometry":{"type":"Point","coordinates":[4.47649,51.78332]},"properties":{"type":"charge","layer":"passenger","locationId":"91328863","name":"EQUANS SGZH 2.0 Groteweide 26","address":"Groteweide 26","city":"Westmaas","operatorName":"EQUANS","maxPowerKw":11,"isMegawatt":false,"status":"AVAILABLE","source":"ndw"}},{"type":"Feature","geometry":{"type":"Point","coordinates":[4.364917,51.750912]},"properties":{"type":"charge","layer":"passenger","locationId":"NLLOC017229","name":"NL, Gravin Sabinastraat 2, 3284A, Zuid-Beijerland","address":"Gravin Sabinastraat 2D","city":"Zuid-Beijerland","operatorName":"Allego","maxPowerKw":11,"isMegawatt":false,"status":"AVAILABLE","source":"ndw","priceKwh":0.511}},{"type":"Feature","geometry":{"type":"Point","coordinates":[4.414701,51.826896]},"properties":{"type":"charge","layer":"passenger","locationId":"91387117","name":"EQUANS SGZH 2.0 De Werf 1","address":"De Werf 1","city":"Oud-Beijerland","operatorName":"EQUANS","maxPowerKw":11,"isMegawatt":false,"status":"AVAILABLE","source":"ndw"}},{"type":"Feature","geometry":{"type":"Point","coordinates":[4.394058,51.822729]},"properties":{"type":"charge","layer":"passenger","locationId":"89885277","name":"EQUANS SGZH 2.0 89885277","address":"Roerdompweg 2","city":"Oud-Beijerland","operatorName":"EQUANS","maxPowerKw":11,"isMegawatt":false,"status":"AVAILABLE","source":"ndw"}},{"type":"Feature","geometry":{"type":"Point","coordinates":[4.433642,51.731473]},"properties":{"type":"charge","layer":"passenger","locationId":"89606409","name":"EQUANS SGZH 2.0 89606409","address":"Eikenlaan 12","city":"Numansdorp","operatorName":"EQUANS","maxPowerKw":11,"isMegawatt":false,"status":"AVAILABLE","source":"ndw"}},{"type":"Feature","geometry":{"type":"Point","coordinates":[4.403838,51.821754]},"properties":{"type":"charge","layer":"passenger","locationId":"89422030","name":"EQUANS SGZH 2.0 89422030","address":"Tjerk Hiddesplantsoen 21","city":"Oud-Beijerland","operatorName":"EQUANS","maxPowerKw":17,"isMegawatt":false,"status":"AVAILABLE","source":"ndw"}},{"type":"Feature","geometry":{"type":"Point","coordinates":[4.610278,51.775347]},"properties":{"type":"charge","layer":"passenger","locationId":"NLLOC001058","name":"NLD, s-Gravendeel, Vlasstraat 44","address":"Vlasstraat 44","city":"s-Gravendeel","operatorName":"Allego","maxPowerKw":11,"isMegawatt":false,"status":"AVAILABLE","source":"ndw","priceKwh":0.511}},{"type":"Feature","geometry":{"type":"Point","coordinates":[4.520222,51.812471]},"properties":{"type":"charge","layer":"passenger","locationId":"5ad57201-0ff1-4b2d-b3cc-551880764b5c","name":"Boonsweg","address":"Boonsweg 3 a","city":"Heinenoord","operatorName":"Vattenfall InCharge","maxPowerKw":11,"isMegawatt":false,"status":"CHARGING","source":"ndw"}},{"type":"Feature","geometry":{"type":"Point","coordinates":[4.569405,51.802163]},"properties":{"type":"charge","layer":"passenger","locationId":"89462505","name":"EQUANS SGZH 2.0 89462505","address":"Sterrenlaan 27","city":"Puttershoek","operatorName":"EQUANS","maxPowerKw":17,"isMegawatt":false,"status":"AVAILABLE","source":"ndw"}},{"type":"Feature","geometry":{"type":"Point","coordinates":[4.556377,51.788092]},"properties":{"type":"charge","layer":"passenger","locationId":"NLLOC002676","name":"NLD, Hoeksedijk 6 3299AG Maasdam","address":"Hoeksedijk 6","city":"Maasdam","operatorName":"Allego","maxPowerKw":11,"isMegawatt":false,"status":"AVAILABLE","source":"ndw","priceKwh":0.511}},{"type":"Feature","geometry":{"type":"Point","coordinates":[4.473843,51.825823]},"properties":{"type":"charge","layer":"passenger","locationId":"NLLOC004749","name":"NLD Kerkplein 2, 3274 BL Heinenoord","address":"Kerkplein 2","city":"Heinenoord","operatorName":"Allego","maxPowerKw":11,"isMegawatt":false,"status":"AVAILABLE","source":"ndw","priceKwh":0.511}},{"type":"Feature","geometry":{"type":"Point","coordinates":[4.372701,51.754144]},"properties":{"type":"charge","layer":"passenger","locationId":"89178204","name":"EQUANS SGZH 2.0 89178204","address":"Asterstraat 28","city":"Zuid-Beijerland","operatorName":"EQUANS","maxPowerKw":17,"isMegawatt":false,"status":"AVAILABLE","source":"ndw"}},{"type":"Feature","geometry":{"type":"Point","coordinates":[4.494655,51.798441]},"properties":{"type":"charge","layer":"passenger","locationId":"90318210","name":"EQUANS SGZH 2.0 Haantjesvliet 14","address":"Haantjesvliet 14","city":"Mijnsheerenland","operatorName":"EQUANS","maxPowerKw":11,"isMegawatt":false,"status":"CHARGING","source":"ndw"}},{"type":"Feature","geometry":{"type":"Point","coordinates":[4.479595,51.797889]},"properties":{"type":"charge","layer":"passenger","locationId":"89462509","name":"EQUANS SGZH 2.0 89462509","address":"Zeggegors 9","city":"Mijnsheerenland","operatorName":"EQUANS","maxPowerKw":17,"isMegawatt":false,"status":"CHARGING","source":"ndw"}},{"type":"Feature","geometry":{"type":"Point","coordinates":[4.555689,51.751736]},"properties":{"type":"charge","layer":"passenger","locationId":"DF3E2D72-CBEC-4CF4-8398-64B5D82DCAD0","name":"Eneco eMobility Simon Stevinstraat 6 Strijen","address":"Simon Stevinstraat 6","city":"Strijen","operatorName":"Eneco","maxPowerKw":22,"isMegawatt":false,"status":"UNAVAILABLE","source":"ndw","priceKwh":0.32}},{"type":"Feature","geometry":{"type":"Point","coordinates":[4.578451,51.805657]},"properties":{"type":"charge","layer":"passenger","locationId":"NLLOC004198","name":"NLD, Zijdewinde 144, 3297 AW Puttershoek","address":"Zijdewinde 144","city":"Puttershoek","operatorName":"Allego","maxPowerKw":11,"isMegawatt":false,"status":"AVAILABLE","source":"ndw","priceKwh":0.511}},{"type":"Feature","geometry":{"type":"Point","coordinates":[4.367724,51.751979]},"properties":{"type":"charge","layer":"passenger","locationId":"89940121","name":"EQUANS SGZH 2.0 89940121","address":"Jacob Pauwstraat 20","city":"Zuid-Beijerland","operatorName":"EQUANS","maxPowerKw":11,"isMegawatt":false,"status":"AVAILABLE","source":"ndw"}},{"type":"Feature","geometry":{"type":"Point","coordinates":[4.315958,51.796384]},"properties":{"type":"charge","layer":"passenger","locationId":"89459204","name":"EQUANS SGZH 2.0 89459204","address":"Waterhoen 1","city":"Piershil","operatorName":"EQUANS","maxPowerKw":11,"isMegawatt":false,"status":"AVAILABLE","source":"ndw"}},{"type":"Feature","geometry":{"type":"Point","coordinates":[4.33805,51.812422]},"properties":{"type":"charge","layer":"passenger","locationId":"89344663","name":"EQUANS SGZH 2.0 89344663","address":"Achterstraat 2","city":"Nieuw-Beijerland","operatorName":"EQUANS","maxPowerKw":17,"isMegawatt":false,"status":"AVAILABLE","source":"ndw"}},{"type":"Feature","geometry":{"type":"Point","coordinates":[4.617616,51.77838]},"properties":{"type":"charge","layer":"passenger","locationId":"89358762","name":"EQUANS SGZH 2.0 89358762","address":"Langestraat 15","city":"'s-Gravendeel","operatorName":"EQUANS","maxPowerKw":17,"isMegawatt":false,"status":"AVAILABLE","source":"ndw"}},{"type":"Feature","geometry":{"type":"Point","coordinates":[4.431272,51.820492]},"properties":{"type":"charge","layer":"passenger","locationId":"NLLOC004777","name":"NLD, Kloosring 33, 3261 SE Oud-Beijerland","address":"Kloosring 33","city":"Oud-Beijerland","operatorName":"Allego","maxPowerKw":11,"isMegawatt":false,"status":"AVAILABLE","source":"ndw","priceKwh":0.511}},{"type":"Feature","geometry":{"type":"Point","coordinates":[4.445075,51.759455]},"properties":{"type":"charge","layer":"passenger","locationId":"66d5b213a76275001cd39ffb","name":"Linker Station Ndorp","address":"Rijksstraatweg 100","city":"NUMANSDORP","operatorName":"E-Flux by Road","maxPowerKw":22,"isMegawatt":false,"status":"AVAILABLE","source":"ndw","priceKwh":0.25}},{"type":"Feature","geometry":{"type":"Point","coordinates":[4.316808,51.756225]},"properties":{"type":"charge","layer":"passenger","locationId":"89596209","name":"EQUANS SGZH 2.0 89596209","address":"Stavangerstraat 5","city":"Goudswaard","operatorName":"EQUANS","maxPowerKw":11,"isMegawatt":false,"status":"AVAILABLE","source":"ndw"}},{"type":"Feature","geometry":{"type":"Point","coordinates":[4.398876,51.826837]},"properties":{"type":"charge","layer":"passenger","locationId":"NLLOC000046","name":"NLD, Oud-Beijerland, Zoomwijcklaan 12","address":"Zoomwijcklaan 12","city":"Oud-Beijerland","operatorName":"Allego","maxPowerKw":11,"isMegawatt":false,"status":"AVAILABLE","source":"ndw","priceKwh":0.511}},{"type":"Feature","geometry":{"type":"Point","coordinates":[4.43243,51.73631]},"properties":{"type":"charge","layer":"passenger","locationId":"90888736","name":"EQUANS SGZH 2.0 Griegstraat 2 (Griegstraat 45 )","address":"Griegstraat 2","city":"Numansdorp","operatorName":"EQUANS","maxPowerKw":11,"isMegawatt":false,"status":"AVAILABLE","source":"ndw"}},{"type":"Feature","geometry":{"type":"Point","coordinates":[4.408891,51.821058]},"properties":{"type":"charge","layer":"passenger","locationId":"682b041acb71b9f8f9d67632","name":"Zeekr charge","address":"Van Ghentsraat 32","city":"Oud-beijerland","operatorName":"E-Flux by Road","maxPowerKw":22,"isMegawatt":false,"status":"AVAILABLE","source":"ndw","priceKwh":0.35}},{"type":"Feature","geometry":{"type":"Point","coordinates":[4.3633,51.74865]},"properties":{"type":"charge","layer":"passenger","locationId":"91204064","name":"EQUANS SGZH 2.0 Torenlaan 44","address":"Torenlaan 44","city":"Zuid-Beijerland","operatorName":"EQUANS","maxPowerKw":11,"isMegawatt":false,"status":"AVAILABLE","source":"ndw"}},{"type":"Feature","geometry":{"type":"Point","coordinates":[4.403641,51.823775]},"properties":{"type":"charge","layer":"passenger","locationId":"89238593","name":"EQUANS SGZH 2.0 Jan van Galenstraat 28","address":"Jan van Galenstraat 28","city":"Oud-Beijerland","operatorName":"EQUANS","maxPowerKw":17,"isMegawatt":false,"status":"CHARGING","source":"ndw"}},{"type":"Feature","geometry":{"type":"Point","coordinates":[4.433216,51.727824]},"properties":{"type":"charge","layer":"passenger","locationId":"89470146","name":"EQUANS SGZH 2.0 89470146","address":"Wilhelminastraat 32","city":"Numansdorp","operatorName":"EQUANS","maxPowerKw":17,"isMegawatt":false,"status":"CHARGING","source":"ndw"}},{"type":"Feature","geometry":{"type":"Point","coordinates":[4.544246,51.740379]},"properties":{"type":"charge","layer":"passenger","locationId":"89344665","name":"EQUANS SGZH 2.0 89344665","address":"Kwartelstraat 4","city":"Strijen","operatorName":"EQUANS","maxPowerKw":17,"isMegawatt":false,"status":"AVAILABLE","source":"ndw"}},{"type":"Feature","geometry":{"type":"Point","coordinates":[4.343914,51.813696]},"properties":{"type":"charge","layer":"passenger","locationId":"89422031","name":"EQUANS SGZH 2.0 89422031","address":"Boomgaard 28","city":"Nieuw-Beijerland","operatorName":"EQUANS","maxPowerKw":17,"isMegawatt":false,"status":"AVAILABLE","source":"ndw"}},{"type":"Feature","geometry":{"type":"Point","coordinates":[4.608587,51.776621]},"properties":{"type":"charge","layer":"passenger","locationId":"89482964","name":"EQUANS SGZH 2.0 89482964","address":"Bolkafstraat 8","city":"'s-Gravendeel","operatorName":"EQUANS","maxPowerKw":17,"isMegawatt":false,"status":"CHARGING","source":"ndw"}},{"type":"Feature","geometry":{"type":"Point","coordinates":[4.44102,51.729089]},"properties":{"type":"charge","layer":"passenger","locationId":"90181377","name":"EQUANS SGZH 2.0 Zwaluwplaats 18","address":"Zwaluwplaats 18","city":"Numansdorp","operatorName":"EQUANS","maxPowerKw":11,"isMegawatt":false,"status":"AVAILABLE","source":"ndw"}},{"type":"Feature","geometry":{"type":"Point","coordinates":[4.413669,51.817356]},"properties":{"type":"charge","layer":"passenger","locationId":"89628501","name":"EQUANS SGZH 2.0 89628501","address":"Israelsdreef 5","city":"Oud-Beijerland","operatorName":"EQUANS","maxPowerKw":11,"isMegawatt":false,"status":"AVAILABLE","source":"ndw"}},{"type":"Feature","geometry":{"type":"Point","coordinates":[4.559941,51.806841]},"properties":{"type":"charge","layer":"passenger","locationId":"89877107","name":"EQUANS SGZH 2.0 89877107","address":"Lindestraat 12","city":"Puttershoek","operatorName":"EQUANS","maxPowerKw":11,"isMegawatt":false,"status":"AVAILABLE","source":"ndw"}},{"type":"Feature","geometry":{"type":"Point","coordinates":[4.42416,51.82705]},"properties":{"type":"charge","layer":"passenger","locationId":"91357947","name":"EQUANS SGZH 2.0 Ravenswey 54","address":"Ravenswey 54","city":"Oud-Beijerland","operatorName":"EQUANS","maxPowerKw":11,"isMegawatt":false,"status":"AVAILABLE","source":"ndw"}},{"type":"Feature","geometry":{"type":"Point","coordinates":[4.40721,51.81515]},"properties":{"type":"charge","layer":"passenger","locationId":"91442938","name":"EQUANS SGZH 2.0 Jordaensdreef 47","address":"Jordaensdreef 47","city":"Oud-Beijerland","operatorName":"EQUANS","maxPowerKw":11,"isMegawatt":false,"status":"AVAILABLE","source":"ndw"}},{"type":"Feature","geometry":{"type":"Point","coordinates":[4.61661,51.78133]},"properties":{"type":"charge","layer":"passenger","locationId":"90888963","name":"EQUANS SGZH 2.0 Roodenburg Vermaatstraat 29","address":"Roodenburg Vermaatstraat 29","city":"'s-Gravendeel","operatorName":"EQUANS","maxPowerKw":11,"isMegawatt":false,"status":"AVAILABLE","source":"ndw"}},{"type":"Feature","geometry":{"type":"Point","coordinates":[4.439912,51.730015]},"properties":{"type":"charge","layer":"passenger","locationId":"90098246","name":"EQUANS SGZH 2.0 Weth. Van der Veldenweg 6","address":"Weth. Van der Veldenweg 6","city":"Numansdorp","operatorName":"EQUANS","maxPowerKw":11,"isMegawatt":false,"status":"AVAILABLE","source":"ndw"}},{"type":"Feature","geometry":{"type":"Point","coordinates":[4.412238,51.828072]},"properties":{"type":"charge","layer":"passenger","locationId":"89606406","name":"EQUANS SGZH 2.0 89606406","address":"Oostkade 18","city":"Oud-Beijerland","operatorName":"EQUANS","maxPowerKw":11,"isMegawatt":false,"status":"AVAILABLE","source":"ndw"}},{"type":"Feature","geometry":{"type":"Point","coordinates":[4.56079,51.80191]},"properties":{"type":"charge","layer":"passenger","locationId":"90984758","name":"EQUANS SGZH 2.0 Oogstlaan 18","address":"Oogstlaan 18","city":"Puttershoek","operatorName":"EQUANS","maxPowerKw":11,"isMegawatt":false,"status":"CHARGING","source":"ndw"}},{"type":"Feature","geometry":{"type":"Point","coordinates":[4.39148,51.750438]},"properties":{"type":"charge","layer":"passenger","locationId":"66b9cfd0d16161001ce038e3","name":"Paardenhouderij A. Hoogendonk","address":"Schoutsdijk 22","city":"Zuid-Beijerland","operatorName":"Pluq","maxPowerKw":14,"isMegawatt":false,"status":"AVAILABLE","source":"ndw","priceKwh":0.42}},{"type":"Feature","geometry":{"type":"Point","coordinates":[4.391054,51.825544]},"properties":{"type":"charge","layer":"passenger","locationId":"NLLOC009847","name":"NL, Roerdompweg 89, 3263AJ, Oud-Beijerland","address":"Roerdompweg 89","city":"Oud-Beijerland","operatorName":"Allego","maxPowerKw":11,"isMegawatt":false,"status":"AVAILABLE","source":"ndw","priceKwh":0.511}},{"type":"Feature","geometry":{"type":"Point","coordinates":[4.623129,51.776469]},"properties":{"type":"charge","layer":"passenger","locationId":"90103935","name":"EQUANS SGZH 2.0 Oranjestraat 111","address":"Oranjestraat 111","city":"'s-Gravendeel","operatorName":"EQUANS","maxPowerKw":11,"isMegawatt":false,"status":"AVAILABLE","source":"ndw"}},{"type":"Feature","geometry":{"type":"Point","coordinates":[4.487182,51.795741]},"properties":{"type":"charge","layer":"passenger","locationId":"90207133","name":"EQUANS SGZH 2.0 Burg.de Jongplein 30","address":"Burg.de Jongplein 30","city":"Mijnsheerenland","operatorName":"EQUANS","maxPowerKw":11,"isMegawatt":false,"status":"AVAILABLE","source":"ndw"}},{"type":"Feature","geometry":{"type":"Point","coordinates":[4.316942,51.795334]},"properties":{"type":"charge","layer":"passenger","locationId":"89249661","name":"EQUANS SGZH 2.0 89249661","address":"Koningin Wilhelminastraat 9","city":"Piershil","operatorName":"EQUANS","maxPowerKw":17,"isMegawatt":false,"status":"AVAILABLE","source":"ndw"}},{"type":"Feature","geometry":{"type":"Point","coordinates":[4.405423,51.816257]},"properties":{"type":"charge","layer":"passenger","locationId":"NLLOC005086","name":"NLD Rubensdreef 1, 3262 TL Oud-Beijerland","address":"Rubensdreef 1","city":"Oud-Beijerland","operatorName":"Allego","maxPowerKw":11,"isMegawatt":false,"status":"AVAILABLE","source":"ndw","priceKwh":0.511}},{"type":"Feature","geometry":{"type":"Point","coordinates":[4.497686,51.797984]},"properties":{"type":"charge","layer":"passenger","locationId":"NLLOC006888","name":"NL, Baljuwlaan 2, 3271 TS, Mijnsheerenland","address":"Baljuwlaan 2","city":"Mijnsheerenland","operatorName":"Allego","maxPowerKw":11,"isMegawatt":false,"status":"AVAILABLE","source":"ndw","priceKwh":0.511}},{"type":"Feature","geometry":{"type":"Point","coordinates":[4.38954,51.82347]},"properties":{"type":"charge","layer":"passenger","locationId":"90983531","name":"EQUANS SGZH 2.0 Pijlstaart 18","address":"Pijlstaart 18","city":"Oud-Beijerland","operatorName":"EQUANS","maxPowerKw":11,"isMegawatt":false,"status":"AVAILABLE","source":"ndw"}},{"type":"Feature","geometry":{"type":"Point","coordinates":[4.603998,51.741848]},"properties":{"type":"charge","layer":"passenger","locationId":"NLLOC010084","name":"NL, Zweedsestraat 11D , 3295EK, ‘s Gravendeel","address":"Zweedsestraat 11 D","city":"‘s Gravendeel","operatorName":"Allego","maxPowerKw":11,"isMegawatt":false,"status":"AVAILABLE","source":"ndw","priceKwh":0.511}},{"type":"Feature","geometry":{"type":"Point","coordinates":[4.481442,51.827868]},"properties":{"type":"charge","layer":"passenger","locationId":"NLLOC001428","name":"NLD, Heinenoord, Dreeshof 2","address":"Dreeshof 2","city":"Heinenoord","operatorName":"Allego","maxPowerKw":22,"isMegawatt":false,"status":"AVAILABLE","source":"ndw","priceKwh":0.511}},{"type":"Feature","geometry":{"type":"Point","coordinates":[4.41056,51.82347]},"properties":{"type":"charge","layer":"passenger","locationId":"90195794","name":"EQUANS SGZH 2.0 Abraham van der Hulststraat 2","address":"Abraham van der Hulststraat 2","city":"Oud-Beijerland","operatorName":"EQUANS","maxPowerKw":11,"isMegawatt":false,"status":"AVAILABLE","source":"ndw"}},{"type":"Feature","geometry":{"type":"Point","coordinates":[4.55095,51.747849]},"properties":{"type":"charge","layer":"passenger","locationId":"NLLOC000230","name":"NLD, Strijen, Omloop 11","address":"Omloop 11","city":"Strijen","operatorName":"Allego","maxPowerKw":22,"isMegawatt":false,"status":"AVAILABLE","source":"ndw","priceKwh":0.511}},{"type":"Feature","geometry":{"type":"Point","coordinates":[4.55913,51.80577]},"properties":{"type":"charge","layer":"passenger","locationId":"91333219","name":"EQUANS SGZH 2.0 Singel hoek Plataanstraat 61","address":"Singel hoek Plataanstraat 61","city":"Puttershoek","operatorName":"EQUANS","maxPowerKw":11,"isMegawatt":false,"status":"AVAILABLE","source":"ndw"}},{"type":"Feature","geometry":{"type":"Point","coordinates":[4.48077,51.79712]},"properties":{"type":"charge","layer":"passenger","locationId":"91210102","name":"EQUANS SGZH 2.0 Laan van Westmolen 44","address":"Laan van Westmolen 44","city":"Mijnsheerenland","operatorName":"EQUANS","maxPowerKw":11,"isMegawatt":false,"status":"AVAILABLE","source":"ndw"}},{"type":"Feature","geometry":{"type":"Point","coordinates":[4.443288,51.742874]},"properties":{"type":"charge","layer":"passenger","locationId":"NLLOC003293","name":"NLD Schoolweg 40, 3281 AS Numansdorp","address":"Schoolweg 40","city":"Numansdorp","operatorName":"Allego","maxPowerKw":11,"isMegawatt":false,"status":"AVAILABLE","source":"ndw","priceKwh":0.511}},{"type":"Feature","geometry":{"type":"Point","coordinates":[4.423931,51.817816]},"properties":{"type":"charge","layer":"passenger","locationId":"NLLOC004305","name":"NLD Hazelaarstraat 35, 3261 XC Oud-beijerland","address":"Hazelaarstraat 35","city":"Oud-Beijerland","operatorName":"Allego","maxPowerKw":11,"isMegawatt":false,"status":"AVAILABLE","source":"ndw","priceKwh":0.511}},{"type":"Feature","geometry":{"type":"Point","coordinates":[4.474673,51.788036]},"properties":{"type":"charge","layer":"passenger","locationId":"89482966","name":"EQUANS SGZH 2.0 89482966","address":"Munnikenweg 2 c","city":"Westmaas","operatorName":"EQUANS","maxPowerKw":11,"isMegawatt":false,"status":"AVAILABLE","source":"ndw"}},{"type":"Feature","geometry":{"type":"Point","coordinates":[4.401856,51.82385]},"properties":{"type":"charge","layer":"passenger","locationId":"696a447dc4e69ca594e689d5","name":"Stephan Schuller 's station","address":"Uitloop 42","city":"Oud-Beijerland","operatorName":"E-Flux by Road","maxPowerKw":22,"isMegawatt":false,"status":"CHARGING","source":"ndw","priceKwh":0.38}},{"type":"Feature","geometry":{"type":"Point","coordinates":[4.43624,51.73162]},"properties":{"type":"charge","layer":"passenger","locationId":"91011082","name":"EQUANS SGZH 2.0 Rozenlaan 19","address":"Rozenlaan 19","city":"Numansdorp","operatorName":"EQUANS","maxPowerKw":11,"isMegawatt":false,"status":"AVAILABLE","source":"ndw"}},{"type":"Feature","geometry":{"type":"Point","coordinates":[4.433173,51.729203]},"properties":{"type":"charge","layer":"passenger","locationId":"89315305","name":"EQUANS SGZH 2.0 89315305","address":"Margrietstraat 15","city":"Numansdorp","operatorName":"EQUANS","maxPowerKw":17,"isMegawatt":false,"status":"AVAILABLE","source":"ndw"}},{"type":"Feature","geometry":{"type":"Point","coordinates":[4.613309,51.776525]},"properties":{"type":"charge","layer":"passenger","locationId":"89329908","name":"EQUANS SGZH 2.0 89329908","address":"Vezelstraat 13","city":"'s-Gravendeel","operatorName":"EQUANS","maxPowerKw":17,"isMegawatt":false,"status":"AVAILABLE","source":"ndw"}},{"type":"Feature","geometry":{"type":"Point","coordinates":[4.433132,51.728985]},"properties":{"type":"charge","layer":"passenger","locationId":"89469907","name":"EQUANS SGZH 2.0 89469907","address":"Julianastraat 32","city":"Numansdorp","operatorName":"EQUANS","maxPowerKw":11,"isMegawatt":false,"status":"AVAILABLE","source":"ndw"}},{"type":"Feature","geometry":{"type":"Point","coordinates":[4.44107,51.72545]},"properties":{"type":"charge","layer":"passenger","locationId":"90909798","name":"EQUANS SGZH 2.0 Koriander 2","address":"Koriander 2","city":"Numansdorp","operatorName":"EQUANS","maxPowerKw":11,"isMegawatt":false,"status":"AVAILABLE","source":"ndw"}},{"type":"Feature","geometry":{"type":"Point","coordinates":[4.4837,51.82656]},"properties":{"type":"charge","layer":"passenger","locationId":"NLLOC000291","name":"NLD, Heinenoord, Arie Jongekrijgstraat 2","address":"Arie Jongekrijgstraat 2","city":"Heinenoord","operatorName":"Allego","maxPowerKw":11,"isMegawatt":false,"status":"AVAILABLE","source":"ndw","priceKwh":0.511}},{"type":"Feature","geometry":{"type":"Point","coordinates":[4.616228,51.777373]},"properties":{"type":"charge","layer":"passenger","locationId":"NLLOC000235","name":"NLD, 's-Gravendeel, Weegje 5","address":"Weegje 5-T.O.","city":"'s-Gravendeel","operatorName":"Allego","maxPowerKw":22,"isMegawatt":false,"status":"AVAILABLE","source":"ndw","priceKwh":0.511}},{"type":"Feature","geometry":{"type":"Point","coordinates":[4.412409,51.820801]},"properties":{"type":"charge","layer":"passenger","locationId":"89178273","name":"EQUANS SGZH 2.0 89178273","address":"H.B.S.Laan 40","city":"Oud-Beijerland","operatorName":"EQUANS","maxPowerKw":17,"isMegawatt":false,"status":"AVAILABLE","source":"ndw"}},{"type":"Feature","geometry":{"type":"Point","coordinates":[4.405151,51.815733]},"properties":{"type":"charge","layer":"passenger","locationId":"90116533","name":"EQUANS SGZH 2.0 Rubensdreef 21","address":"Rubensdreef 21","city":"Oud-Beijerland","operatorName":"EQUANS","maxPowerKw":11,"isMegawatt":false,"status":"AVAILABLE","source":"ndw"}},{"type":"Feature","geometry":{"type":"Point","coordinates":[4.472117,51.788459]},"properties":{"type":"charge","layer":"passenger","locationId":"NLLOC006666","name":"Van Koetsveldlaan 2A 3273 AL Westmaas","address":"Van Koetsveldlaan 2A","city":"Westmaas","operatorName":"Allego","maxPowerKw":11,"isMegawatt":false,"status":"AVAILABLE","source":"ndw","priceKwh":0.511}},{"type":"Feature","geometry":{"type":"Point","coordinates":[4.278841,51.7953]},"properties":{"type":"charge","layer":"passenger","locationId":"NLLOC004443","name":"NLD, Coorndijkstraat 7, 3267 AD Goudswaard","address":"Coorndijkstraat 7","city":"Goudswaard","operatorName":"Allego","maxPowerKw":11,"isMegawatt":false,"status":"AVAILABLE","source":"ndw","priceKwh":0.511}},{"type":"Feature","geometry":{"type":"Point","coordinates":[4.565173,51.801791]},"properties":{"type":"charge","layer":"passenger","locationId":"90318214","name":"EQUANS SGZH 2.0 Tjasker 22","address":"Tjasker 22","city":"Puttershoek","operatorName":"EQUANS","maxPowerKw":11,"isMegawatt":false,"status":"AVAILABLE","source":"ndw"}},{"type":"Feature","geometry":{"type":"Point","coordinates":[4.44353,51.736281]},"properties":{"type":"charge","layer":"passenger","locationId":"90195708","name":"EQUANS SGZH 2.0 Blankenheymstraat 22","address":"Blankenheymstraat 22","city":"Numansdorp","operatorName":"EQUANS","maxPowerKw":11,"isMegawatt":false,"status":"AVAILABLE","source":"ndw"}},{"type":"Feature","geometry":{"type":"Point","coordinates":[4.432345,51.734372]},"properties":{"type":"charge","layer":"passenger","locationId":"89462510","name":"EQUANS SGZH 2.0 Bizetstraat 11","address":"Bizetstraat 11","city":"Numansdorp","operatorName":"EQUANS","maxPowerKw":17,"isMegawatt":false,"status":"AVAILABLE","source":"ndw"}},{"type":"Feature","geometry":{"type":"Point","coordinates":[4.430476,51.819731]},"properties":{"type":"charge","layer":"passenger","locationId":"90168993","name":"EQUANS SGZH 2.0 Multatulipad 1 Multatulipad 14","address":"Multatulipad 1","city":"Oud-Beijerland","operatorName":"EQUANS","maxPowerKw":11,"isMegawatt":false,"status":"AVAILABLE","source":"ndw"}},{"type":"Feature","geometry":{"type":"Point","coordinates":[4.399203,51.826362]},"properties":{"type":"charge","layer":"passenger","locationId":"NLLOC003489","name":"NLD Hooizolder 2 3262CS Oud-Beijerland","address":"Hooizolder 2","city":"Oud-Beijerland","operatorName":"Allego","maxPowerKw":11,"isMegawatt":false,"status":"AVAILABLE","source":"ndw","priceKwh":0.511}},{"type":"Feature","geometry":{"type":"Point","coordinates":[4.489629,51.799343]},"properties":{"type":"charge","layer":"passenger","locationId":"NLLOC003125","name":"NL, Burgemeester Van Walsumstraat 26, 3271 BT Mijnsheerenland","address":"Burgemeester Van Walsumstraat 26","city":"Mijnsheerenland","operatorName":"Allego","maxPowerKw":11,"isMegawatt":false,"status":"AVAILABLE","source":"ndw","priceKwh":0.511}},{"type":"Feature","geometry":{"type":"Point","coordinates":[4.279988,51.792863]},"properties":{"type":"charge","layer":"passenger","locationId":"91233318","name":"EQUANS SGZH 2.0 Burgemeester Vrieslaan 19","address":"Burgemeester Vrieslaan 19","city":"Goudswaard","operatorName":"EQUANS","maxPowerKw":11,"isMegawatt":false,"status":"AVAILABLE","source":"ndw"}},{"type":"Feature","geometry":{"type":"Point","coordinates":[4.440013,51.723069]},"properties":{"type":"charge","layer":"passenger","locationId":"69e600db5f53b41a94d0220e","name":"Paltrokmolen 29 – Privé Laadpaal","address":"Paltrokmolen 29","city":"Numansdorp","operatorName":"E-Flux by Road","maxPowerKw":14,"isMegawatt":false,"status":"AVAILABLE","source":"ndw","priceKwh":0.62}},{"type":"Feature","geometry":{"type":"Point","coordinates":[4.436165,51.728891]},"properties":{"type":"charge","layer":"passenger","locationId":"89362762","name":"EQUANS SGZH 2.0 89362762","address":"Emmastraat 1","city":"Numansdorp","operatorName":"EQUANS","maxPowerKw":17,"isMegawatt":false,"status":"AVAILABLE","source":"ndw"}},{"type":"Feature","geometry":{"type":"Point","coordinates":[4.434222,51.815188]},"properties":{"type":"charge","layer":"passenger","locationId":"89365048","name":"EQUANS SGZH 2.0 89365048","address":"Mendelssohnstraat 32","city":"Oud-Beijerland","operatorName":"EQUANS","maxPowerKw":17,"isMegawatt":false,"status":"AVAILABLE","source":"ndw"}},{"type":"Feature","geometry":{"type":"Point","coordinates":[4.406984,51.817495]},"properties":{"type":"charge","layer":"passenger","locationId":"NLLOC007970","name":"NL, Jan Tooropstraat 89, 3262 TG Oud-Beijerland","address":"Jan Tooropstraat 89","city":"Oud-Beijerland","operatorName":"Allego","maxPowerKw":11,"isMegawatt":false,"status":"AVAILABLE","source":"ndw","priceKwh":0.511}},{"type":"Feature","geometry":{"type":"Point","coordinates":[4.61564,51.7748]},"properties":{"type":"charge","layer":"passenger","locationId":"91333330","name":"EQUANS SGZH 2.0 Constantijnstraat 57","address":"Constantijnstraat 57","city":"'s-Gravendeel","operatorName":"EQUANS","maxPowerKw":11,"isMegawatt":false,"status":"AVAILABLE","source":"ndw"}},{"type":"Feature","geometry":{"type":"Point","coordinates":[4.485431,51.82553]},"properties":{"type":"charge","layer":"passenger","locationId":"NLLOC004150","name":"NLD, Dokter de Vliegerstraat 28, 3274 KC Heinenoord","address":"Dokter de Vliegerstraat 28","city":"Heinenoord","operatorName":"Allego","maxPowerKw":11,"isMegawatt":false,"status":"CHARGING","source":"ndw","priceKwh":0.511}},{"type":"Feature","geometry":{"type":"Point","coordinates":[4.566086,51.806993]},"properties":{"type":"charge","layer":"passenger","locationId":"89218672","name":"EQUANS SGZH 2.0 89218672","address":"Oranjelaan Westzijde 88","city":"Puttershoek","operatorName":"EQUANS","maxPowerKw":17,"isMegawatt":false,"status":"AVAILABLE","source":"ndw"}},{"type":"Feature","geometry":{"type":"Point","coordinates":[4.433961,51.813026]},"properties":{"type":"charge","layer":"passenger","locationId":"89921157","name":"EQUANS SGZH 2.0 89921157","address":"Houtblazerspad 77","city":"Oud-Beijerland","operatorName":"EQUANS","maxPowerKw":11,"isMegawatt":false,"status":"AVAILABLE","source":"ndw"}},{"type":"Feature","geometry":{"type":"Point","coordinates":[4.400426,51.817442]},"properties":{"type":"charge","layer":"passenger","locationId":"NLLOC017740","name":"NL, Grebbestraat 60, 3262GE, Oud-Beijerland","address":"Grebbestraat 60","city":"Oud-Beijerland","operatorName":"Allego","maxPowerKw":22,"isMegawatt":false,"status":"AVAILABLE","source":"ndw","priceKwh":0.511}},{"type":"Feature","geometry":{"type":"Point","coordinates":[4.61067,51.77908]},"properties":{"type":"charge","layer":"passenger","locationId":"91128049","name":"EQUANS SGZH 2.0 Irisstraat 44","address":"Irisstraat 44","city":"'s-Gravendeel","operatorName":"EQUANS","maxPowerKw":11,"isMegawatt":false,"status":"AVAILABLE","source":"ndw"}},{"type":"Feature","geometry":{"type":"Point","coordinates":[4.40082,51.82819]},"properties":{"type":"charge","layer":"passenger","locationId":"91144917","name":"EQUANS SGZH 2.0 Beetwortelweg 44","address":"Beetwortelweg 44","city":"Oud-Beijerland","operatorName":"EQUANS","maxPowerKw":11,"isMegawatt":false,"status":"AVAILABLE","source":"ndw"}},{"type":"Feature","geometry":{"type":"Point","coordinates":[4.338233,51.813908]},"properties":{"type":"charge","layer":"passenger","locationId":"NLLOC007006","name":"NL, Dijkstraat 3, 3264 LD, Nieuw-Beijerland","address":"Dijkstraat 3","city":"Nieuw-Beijerland","operatorName":"Allego","maxPowerKw":11,"isMegawatt":false,"status":"AVAILABLE","source":"ndw","priceKwh":0.511}},{"type":"Feature","geometry":{"type":"Point","coordinates":[4.557963,51.799911]},"properties":{"type":"charge","layer":"passenger","locationId":"89921158","name":"EQUANS SGZH 2.0 89921158","address":"Dauwbraam 19","city":"Puttershoek","operatorName":"EQUANS","maxPowerKw":11,"isMegawatt":false,"status":"AVAILABLE","source":"ndw"}},{"type":"Feature","geometry":{"type":"Point","coordinates":[4.397916,51.820549]},"properties":{"type":"charge","layer":"passenger","locationId":"89628495","name":"EQUANS SGZH 2.0 89628495","address":"Griendwerker 15","city":"Oud-Beijerland","operatorName":"EQUANS","maxPowerKw":11,"isMegawatt":false,"status":"CHARGING","source":"ndw"}},{"type":"Feature","geometry":{"type":"Point","coordinates":[4.577824,51.806565]},"properties":{"type":"charge","layer":"passenger","locationId":"6218aaa83d4adc928333b045","name":"Scheepswerf Kampers","address":"Oosthavenzijde 5","city":"PUTTERSHOEK","operatorName":"E-Flux by Road","maxPowerKw":22,"isMegawatt":false,"status":"UNAVAILABLE","source":"ndw"}},{"type":"Feature","geometry":{"type":"Point","coordinates":[4.423195,51.819292]},"properties":{"type":"charge","layer":"passenger","locationId":"89454909","name":"EQUANS SGZH 2.0 89454909","address":"Seringenstraat 21","city":"Oud-Beijerland","operatorName":"EQUANS","maxPowerKw":17,"isMegawatt":false,"status":"CHARGING","source":"ndw"}},{"type":"Feature","geometry":{"type":"Point","coordinates":[4.482741,51.798048]},"properties":{"type":"charge","layer":"passenger","locationId":"89885276","name":"EQUANS SGZH 2.0 89885276","address":"Nieuwegeer 27","city":"Mijnsheerenland","operatorName":"EQUANS","maxPowerKw":11,"isMegawatt":false,"status":"AVAILABLE","source":"ndw"}},{"type":"Feature","geometry":{"type":"Point","coordinates":[4.6092,51.7829]},"properties":{"type":"charge","layer":"passenger","locationId":"NLLOC000234","name":"NLD, 's-Gravendeel, Wetering 1","address":"Wetering 1","city":"'s-Gravendeel","operatorName":"Allego","maxPowerKw":11,"isMegawatt":false,"status":"AVAILABLE","source":"ndw","priceKwh":0.511}},{"type":"Feature","geometry":{"type":"Point","coordinates":[4.445732,51.771976]},"properties":{"type":"charge","layer":"passenger","locationId":"90225865","name":"EQUANS SGZH 2.0 Vlietstraat 41","address":"Vlietstraat 41 t.h.v. Pinksterbloemstraat 17","city":"Klaaswaal","operatorName":"EQUANS","maxPowerKw":11,"isMegawatt":false,"status":"AVAILABLE","source":"ndw"}},{"type":"Feature","geometry":{"type":"Point","coordinates":[4.613415,51.774309]},"properties":{"type":"charge","layer":"passenger","locationId":"NLLOC000292","name":"NLD, 's-Gravendeel, Dauwrootstraat 2","address":"Dauwrootstraat 2","city":"'s-Gravendeel","operatorName":"Allego","maxPowerKw":22,"isMegawatt":false,"status":"AVAILABLE","source":"ndw","priceKwh":0.511}},{"type":"Feature","geometry":{"type":"Point","coordinates":[4.55603,51.74167]},"properties":{"type":"charge","layer":"passenger","locationId":"89885275","name":"EQUANS SGZH 2.0 Achterstraat 12","address":"Achterstraat 12","city":"Strijen","operatorName":"EQUANS","maxPowerKw":11,"isMegawatt":false,"status":"AVAILABLE","source":"ndw"}},{"type":"Feature","geometry":{"type":"Point","coordinates":[4.493202,51.798828]},"properties":{"type":"charge","layer":"passenger","locationId":"90159907","name":"EQUANS SGZH 2.0 Binnenbans 51","address":"Binnenbans 51","city":"Mijnsheerenland","operatorName":"EQUANS","maxPowerKw":11,"isMegawatt":false,"status":"AVAILABLE","source":"ndw"}},{"type":"Feature","geometry":{"type":"Point","coordinates":[4.411145,51.817412]},"properties":{"type":"charge","layer":"passenger","locationId":"NLLOC000711","name":"NLD, Oud-Beijerland, Pieter de Hooghlaan 29","address":"Pieter de Hooghlaan 29","city":"Oud-Beijerland","operatorName":"Allego","maxPowerKw":22,"isMegawatt":false,"status":"AVAILABLE","source":"ndw","priceKwh":0.511}},{"type":"Feature","geometry":{"type":"Point","coordinates":[4.339983,51.812797]},"properties":{"type":"charge","layer":"passenger","locationId":"89355361","name":"EQUANS SGZH 2.0 Bernhardstraat 1A","address":"Bernhardstraat 1A","city":"Nieuw-Beijerland","operatorName":"EQUANS","maxPowerKw":17,"isMegawatt":false,"status":"AVAILABLE","source":"ndw"}},{"type":"Feature","geometry":{"type":"Point","coordinates":[4.493589,51.799007]},"properties":{"type":"charge","layer":"passenger","locationId":"NLLOC002332","name":"NLD, Mijnsheerenlaand, Binnenbans 49","address":"Binnenbans 49","city":"Mijnsheerenland","operatorName":"Allego","maxPowerKw":11,"isMegawatt":false,"status":"AVAILABLE","source":"ndw","priceKwh":0.511}},{"type":"Feature","geometry":{"type":"Point","coordinates":[4.434571,51.812943]},"properties":{"type":"charge","layer":"passenger","locationId":"90291087","name":"EQUANS SGZH 2.0 Houtblazerspad 95","address":"Houtblazerspad 95","city":"Oud-Beijerland","operatorName":"EQUANS","maxPowerKw":11,"isMegawatt":false,"status":"AVAILABLE","source":"ndw"}},{"type":"Feature","geometry":{"type":"Point","coordinates":[4.441879,51.723402]},"properties":{"type":"charge","layer":"passenger","locationId":"90909773","name":"EQUANS SGZH 2.0 Heuvelstee 28","address":"Heuvelstee 28","city":"Numansdorp","operatorName":"EQUANS","maxPowerKw":11,"isMegawatt":false,"status":"AVAILABLE","source":"ndw"}},{"type":"Feature","geometry":{"type":"Point","coordinates":[4.55501,51.7908]},"properties":{"type":"charge","layer":"passenger","locationId":"89161262","name":"EQUANS SGZH 2.0 89161262","address":"Merwedestraat 42","city":"Maasdam","operatorName":"EQUANS","maxPowerKw":17,"isMegawatt":false,"status":"CHARGING","source":"ndw"}},{"type":"Feature","geometry":{"type":"Point","coordinates":[4.549334,51.737065]},"properties":{"type":"charge","layer":"passenger","locationId":"89981267","name":"EQUANS SGZH 2.0 Hilsondusstraat 53","address":"Hilsondusstraat 53","city":"Strijen","operatorName":"EQUANS","maxPowerKw":11,"isMegawatt":false,"status":"AVAILABLE","source":"ndw"}},{"type":"Feature","geometry":{"type":"Point","coordinates":[4.434783,51.736419]},"properties":{"type":"charge","layer":"passenger","locationId":"NLLOC003128","name":"NLD Brahmsstraat 67, 3281 VC Numansdorp","address":"Brahmsstraat 67","city":"Numansdorp","operatorName":"Allego","maxPowerKw":11,"isMegawatt":false,"status":"AVAILABLE","source":"ndw","priceKwh":0.511}},{"type":"Feature","geometry":{"type":"Point","coordinates":[4.548053,51.742503]},"properties":{"type":"charge","layer":"passenger","locationId":"90300316","name":"EQUANS SGZH 2.0 Leeuwerikstraat 2","address":"Leeuwerikstraat 2","city":"Strijen","operatorName":"EQUANS","maxPowerKw":11,"isMegawatt":false,"status":"AVAILABLE","source":"ndw"}},{"type":"Feature","geometry":{"type":"Point","coordinates":[4.437727,51.823527]},"properties":{"type":"charge","layer":"passenger","locationId":"69d771f76d4287294940d65f","name":"Local Green Energy Charging - Oud-Beijerland Duifhuizen","address":"Willem Beukelszstraat 13","city":"Oud-Beijerland","operatorName":"E-Flux by Road","maxPowerKw":180,"isMegawatt":false,"status":"AVAILABLE","source":"ndw","priceKwh":0.405}},{"type":"Feature","geometry":{"type":"Point","coordinates":[4.431651,51.814985]},"properties":{"type":"charge","layer":"passenger","locationId":"89238594","name":"EQUANS SGZH 2.0 89238594","address":"Schubertpad 1","city":"Oud-Beijerland","operatorName":"EQUANS","maxPowerKw":17,"isMegawatt":false,"status":"AVAILABLE","source":"ndw"}},{"type":"Feature","geometry":{"type":"Point","coordinates":[4.402563,51.824874]},"properties":{"type":"charge","layer":"passenger","locationId":"89620304","name":"EQUANS SGZH 2.0 89620304","address":"Boerderijweg 44","city":"Oud-Beijerland","operatorName":"EQUANS","maxPowerKw":17,"isMegawatt":false,"status":"CHARGING","source":"ndw"}},{"type":"Feature","geometry":{"type":"Point","coordinates":[4.622333,51.779524]},"properties":{"type":"charge","layer":"passenger","locationId":"NLLOC015830","name":"NL, Doctor Bossersstraat 11, 3295AG, s-Gravendeel","address":"Doctor Bossersstraat 11","city":"s-Gravendeel","operatorName":"Allego","maxPowerKw":11,"isMegawatt":false,"status":"CHARGING","source":"ndw","priceKwh":0.511}},{"type":"Feature","geometry":{"type":"Point","coordinates":[4.444128,51.769812]},"properties":{"type":"charge","layer":"passenger","locationId":"90185737","name":"EQUANS SGZH 2.0 Kerkstraat 10 a","address":"Kerkstraat 10 a","city":"Klaaswaal","operatorName":"EQUANS","maxPowerKw":11,"isMegawatt":false,"status":"CHARGING","source":"ndw"}},{"type":"Feature","geometry":{"type":"Point","coordinates":[4.443214,51.73368]},"properties":{"type":"charge","layer":"passenger","locationId":"89344655","name":"EQUANS SGZH 2.0 Patrijslaan 5","address":"Patrijslaan 5","city":"Numansdorp","operatorName":"EQUANS","maxPowerKw":17,"isMegawatt":false,"status":"AVAILABLE","source":"ndw"}},{"type":"Feature","geometry":{"type":"Point","coordinates":[4.611805,51.78401]},"properties":{"type":"charge","layer":"passenger","locationId":"89355365","name":"EQUANS SGZH 2.0 89355365","address":"Kreekstraat 12","city":"'s-Gravendeel","operatorName":"EQUANS","maxPowerKw":17,"isMegawatt":false,"status":"AVAILABLE","source":"ndw"}},{"type":"Feature","geometry":{"type":"Point","coordinates":[4.558827,51.798432]},"properties":{"type":"charge","layer":"passenger","locationId":"NLLOC013811","name":"NL, Gele Lis 40, 3297WC, Puttershoek","address":"Gele Lis 40","city":"Puttershoek","operatorName":"Allego","maxPowerKw":11,"isMegawatt":false,"status":"AVAILABLE","source":"ndw","priceKwh":0.511}},{"type":"Feature","geometry":{"type":"Point","coordinates":[4.423396,51.821827]},"properties":{"type":"charge","layer":"passenger","locationId":"90189775","name":"EQUANS SGZH 2.0 Dokter Herskade 7","address":"Dokter Herskade 7","city":"Oud-Beijerland","operatorName":"EQUANS","maxPowerKw":11,"isMegawatt":false,"status":"AVAILABLE","source":"ndw"}},{"type":"Feature","geometry":{"type":"Point","coordinates":[4.574986,51.80428]},"properties":{"type":"charge","layer":"passenger","locationId":"NLLOC000177","name":"NLD, Puttershoek , Schouteneinde 50","address":"Schouteneinde 50-B","city":"Puttershoek","operatorName":"Allego","maxPowerKw":11,"isMegawatt":false,"status":"AVAILABLE","source":"ndw","priceKwh":0.511}},{"type":"Feature","geometry":{"type":"Point","coordinates":[4.4173,51.825381]},"properties":{"type":"charge","layer":"passenger","locationId":"89178203","name":"EQUANS SGZH 2.0 89178203","address":"Ooststraat 82","city":"Oud-Beijerland","operatorName":"EQUANS","maxPowerKw":17,"isMegawatt":false,"status":"CHARGING","source":"ndw"}},{"type":"Feature","geometry":{"type":"Point","coordinates":[4.55589,51.79585]},"properties":{"type":"charge","layer":"passenger","locationId":"89877108","name":"EQUANS SGZH 2.0 Sportlaan 6","address":"Sportlaan 6","city":"Maasdam","operatorName":"EQUANS","maxPowerKw":11,"isMegawatt":false,"status":"AVAILABLE","source":"ndw"}},{"type":"Feature","geometry":{"type":"Point","coordinates":[4.557759,51.797201]},"properties":{"type":"charge","layer":"passenger","locationId":"89968085","name":"EQUANS SGZH 2.0 Gele lis 80","address":"Gele lis 80","city":"Puttershoek","operatorName":"EQUANS","maxPowerKw":11,"isMegawatt":false,"status":"CHARGING","source":"ndw"}},{"type":"Feature","geometry":{"type":"Point","coordinates":[4.275182,51.795299]},"properties":{"type":"charge","layer":"passenger","locationId":"90179471","name":"EQUANS SGZH 2.0 Willem-Alexanderstraat 11","address":"Willem-Alexanderstraat 11","city":"Goudswaard","operatorName":"EQUANS","maxPowerKw":11,"isMegawatt":false,"status":"AVAILABLE","source":"ndw"}},{"type":"Feature","geometry":{"type":"Point","coordinates":[4.421775,51.827773]},"properties":{"type":"charge","layer":"passenger","locationId":"90119428","name":"EQUANS SGZH 2.0 Steyldiep 1","address":"Steyldiep 1","city":"Oud-Beijerland","operatorName":"EQUANS","maxPowerKw":11,"isMegawatt":false,"status":"CHARGING","source":"ndw"}},{"type":"Feature","geometry":{"type":"Point","coordinates":[4.393134,51.823353]},"properties":{"type":"charge","layer":"passenger","locationId":"90169009","name":"EQUANS SGZH 2.0 Roerdompweg 41","address":"Roerdompweg 41","city":"Oud-Beijerland","operatorName":"EQUANS","maxPowerKw":11,"isMegawatt":false,"status":"CHARGING","source":"ndw"}},{"type":"Feature","geometry":{"type":"Point","coordinates":[4.484391,51.825552]},"properties":{"type":"charge","layer":"passenger","locationId":"NLLOC009900","name":"NL, Opper van Treurenstraat 56, 3274ND Heinenoord","address":"Opper van Treurenstraat 56","city":"Heinenoord","operatorName":"Allego","maxPowerKw":11,"isMegawatt":false,"status":"AVAILABLE","source":"ndw","priceKwh":0.511}},{"type":"Feature","geometry":{"type":"Point","coordinates":[4.277284,51.794727]},"properties":{"type":"charge","layer":"passenger","locationId":"63caa8d70480a80012cb03de","name":"C.G Slingerland 's station","address":"BURGEMEESTER ZAHNWEG 1","city":"Goudswaard","operatorName":"E-Flux by Road","maxPowerKw":11,"isMegawatt":false,"status":"AVAILABLE","source":"ndw","priceKwh":0.2643}},{"type":"Feature","geometry":{"type":"Point","coordinates":[4.558651,51.789067]},"properties":{"type":"charge","layer":"passenger","locationId":"90189146","name":"EQUANS SGZH 2.0 Merel 16","address":"Merel 16","city":"Maasdam","operatorName":"EQUANS","maxPowerKw":11,"isMegawatt":false,"status":"AVAILABLE","source":"ndw"}},{"type":"Feature","geometry":{"type":"Point","coordinates":[4.566621,51.802394]},"properties":{"type":"charge","layer":"passenger","locationId":"NLLOC006196","name":"NL, Sterrenlaan 69, 3297 TN Puttershoek","address":"Sterrenlaan 69","city":"Puttershoek","operatorName":"Allego","maxPowerKw":11,"isMegawatt":false,"status":"AVAILABLE","source":"ndw","priceKwh":0.511}},{"type":"Feature","geometry":{"type":"Point","coordinates":[4.431659,51.728369]},"properties":{"type":"charge","layer":"passenger","locationId":"NLLOC004925","name":"NLD, Nassaustraat 2, 3281 BV Numansdorp","address":"Nassaustraat 2","city":"Numansdorp","operatorName":"Allego","maxPowerKw":11,"isMegawatt":false,"status":"AVAILABLE","source":"ndw","priceKwh":0.511}},{"type":"Feature","geometry":{"type":"Point","coordinates":[4.391251,51.82385]},"properties":{"type":"charge","layer":"passenger","locationId":"NLLOC004223","name":"NLD Pijlstaart 29, 3263BK Oud-Beijerland","address":"Pijlstaart 29","city":"Oud-Beijerland","operatorName":"Allego","maxPowerKw":11,"isMegawatt":false,"status":"AVAILABLE","source":"ndw","priceKwh":0.511}},{"type":"Feature","geometry":{"type":"Point","coordinates":[4.393224,51.823763]},"properties":{"type":"charge","layer":"passenger","locationId":"89162954","name":"EQUANS SGZH 2.0 89162954","address":"Roerdompweg 59","city":"Oud-Beijerland","operatorName":"EQUANS","maxPowerKw":17,"isMegawatt":false,"status":"AVAILABLE","source":"ndw"}},{"type":"Feature","geometry":{"type":"Point","coordinates":[4.435571,51.82025]},"properties":{"type":"charge","layer":"passenger","locationId":"89422026","name":"EQUANS SGZH 2.0 89422026","address":"Vondelstraat 1","city":"Oud-Beijerland","operatorName":"EQUANS","maxPowerKw":17,"isMegawatt":false,"status":"AVAILABLE","source":"ndw"}},{"type":"Feature","geometry":{"type":"Point","coordinates":[4.439895,51.77518]},"properties":{"type":"charge","layer":"passenger","locationId":"4238546","name":"Laadnet Molendijk 57 A","address":"Molendijk 57A","city":"Klaaswaal","operatorName":"Laadnet","maxPowerKw":22,"isMegawatt":false,"status":"AVAILABLE","source":"ndw"}},{"type":"Feature","geometry":{"type":"Point","coordinates":[4.403919,51.819738]},"properties":{"type":"charge","layer":"passenger","locationId":"NLLOC010409","name":"NL, Mariniersweg 24, 3262VD, Oud-Beijerland","address":"Mariniersweg 24","city":"Oud-Beijerland","operatorName":"Allego","maxPowerKw":11,"isMegawatt":false,"status":"AVAILABLE","source":"ndw","priceKwh":0.511}},{"type":"Feature","geometry":{"type":"Point","coordinates":[4.566999,51.807805]},"properties":{"type":"charge","layer":"passenger","locationId":"NLLOC013102","name":"NL, Arie van Drielstraat 42,3297EC, Puttershoek","address":"Arie van Drielstraat 42","city":"Puttershoek","operatorName":"Allego","maxPowerKw":11,"isMegawatt":false,"status":"AVAILABLE","source":"ndw","priceKwh":0.511}},{"type":"Feature","geometry":{"type":"Point","coordinates":[4.47781,51.8272]},"properties":{"type":"charge","layer":"passenger","locationId":"NLLOC000272","name":"NLD, Heinenoord, Oranjestraat 30","address":"Oranjestraat 30","city":"Heinenoord","operatorName":"Allego","maxPowerKw":22,"isMegawatt":false,"status":"AVAILABLE","source":"ndw","priceKwh":0.511}},{"type":"Feature","geometry":{"type":"Point","coordinates":[4.445319,51.737887]},"properties":{"type":"charge","layer":"passenger","locationId":"NLLOC004585","name":"NLD, Gerard Numanstraat 8, 3281 SH Numansdorp","address":"Gerard Numanstraat 8","city":"Numansdorp","operatorName":"Allego","maxPowerKw":11,"isMegawatt":false,"status":"CHARGING","source":"ndw","priceKwh":0.511}},{"type":"Feature","geometry":{"type":"Point","coordinates":[4.392355,51.825305]},"properties":{"type":"charge","layer":"passenger","locationId":"89824588","name":"EQUANS SGZH 2.0 89824588","address":"Kievit 68","city":"Oud-Beijerland","operatorName":"EQUANS","maxPowerKw":11,"isMegawatt":false,"status":"AVAILABLE","source":"ndw"}},{"type":"Feature","geometry":{"type":"Point","coordinates":[4.434709,51.81574]},"properties":{"type":"charge","layer":"passenger","locationId":"NLLOC004234","name":"NLD Chopinplein 44, 3261 WL Oud-beijerland","address":"Chopinplein 44","city":"Oud-Beijerland","operatorName":"Allego","maxPowerKw":11,"isMegawatt":false,"status":"AVAILABLE","source":"ndw","priceKwh":0.511}},{"type":"Feature","geometry":{"type":"Point","coordinates":[4.415723,51.823312]},"properties":{"type":"charge","layer":"passenger","locationId":"89303715","name":"EQUANS SGZH 2.0 Julianastraat 70","address":"Julianastraat 70","city":"Oud-Beijerland","operatorName":"EQUANS","maxPowerKw":11,"isMegawatt":false,"status":"AVAILABLE","source":"ndw"}},{"type":"Feature","geometry":{"type":"Point","coordinates":[4.40326,51.81731]},"properties":{"type":"charge","layer":"passenger","locationId":"90992414","name":"EQUANS SGZH 2.0 Mariniersweg 55","address":"Mariniersweg 55","city":"Oud-Beijerland","operatorName":"EQUANS","maxPowerKw":11,"isMegawatt":false,"status":"AVAILABLE","source":"ndw"}},{"type":"Feature","geometry":{"type":"Point","coordinates":[4.563689,51.785431]},"properties":{"type":"charge","layer":"passenger","locationId":"NLLOC003120","name":"NLD Poelwijk 2, 3299 WG Maasdam","address":"Poelwijk 2","city":"Maasdam","operatorName":"Allego","maxPowerKw":11,"isMegawatt":false,"status":"AVAILABLE","source":"ndw","priceKwh":0.511}},{"type":"Feature","geometry":{"type":"Point","coordinates":[4.282837,51.792426]},"properties":{"type":"charge","layer":"passenger","locationId":"90103932","name":"EQUANS SGZH 2.0 Rietakker 2","address":"Rietakker 2","city":"Goudswaard","operatorName":"EQUANS","maxPowerKw":11,"isMegawatt":false,"status":"AVAILABLE","source":"ndw"}},{"type":"Feature","geometry":{"type":"Point","coordinates":[4.389316,51.824591]},"properties":{"type":"charge","layer":"passenger","locationId":"90301945","name":"EQUANS SGZH 2.0 Pijlstaart 1","address":"Pijlstaart 1","city":"Oud-Beijerland","operatorName":"EQUANS","maxPowerKw":11,"isMegawatt":false,"status":"AVAILABLE","source":"ndw"}},{"type":"Feature","geometry":{"type":"Point","coordinates":[4.409969,51.815676]},"properties":{"type":"charge","layer":"passenger","locationId":"89252800","name":"EQUANS SGZH 2.0 89252800","address":"Bloemaertstraat 1","city":"Oud-Beijerland","operatorName":"EQUANS","maxPowerKw":11,"isMegawatt":false,"status":"CHARGING","source":"ndw"}},{"type":"Feature","geometry":{"type":"Point","coordinates":[4.512796,51.81497]},"properties":{"type":"charge","layer":"passenger","locationId":"89972684","name":"EQUANS SGZH 2.0 de Ruyterstraat 19","address":"de Ruyterstraat 19","city":"Heinenoord","operatorName":"EQUANS","maxPowerKw":11,"isMegawatt":false,"status":"AVAILABLE","source":"ndw"}},{"type":"Feature","geometry":{"type":"Point","coordinates":[4.551236,51.740895]},"properties":{"type":"charge","layer":"passenger","locationId":"89596214","name":"EQUANS SGZH 2.0 Damweide 16","address":"Damweide 16","city":"Strijen","operatorName":"EQUANS","maxPowerKw":11,"isMegawatt":false,"status":"CHARGING","source":"ndw"}},{"type":"Feature","geometry":{"type":"Point","coordinates":[4.430751,51.816818]},"properties":{"type":"charge","layer":"passenger","locationId":"89328009","name":"EQUANS SGZH 2.0 89328009","address":"Bachlaan 46","city":"Oud-Beijerland","operatorName":"EQUANS","maxPowerKw":17,"isMegawatt":false,"status":"AVAILABLE","source":"ndw"}},{"type":"Feature","geometry":{"type":"Point","coordinates":[4.398211,51.826956]},"properties":{"type":"charge","layer":"passenger","locationId":"89942884","name":"EQUANS SGZH 2.0 89942884","address":"Zoomwijcklaan 2","city":"Oud-Beijerland","operatorName":"EQUANS","maxPowerKw":11,"isMegawatt":false,"status":"AVAILABLE","source":"ndw"}},{"type":"Feature","geometry":{"type":"Point","coordinates":[4.61571,51.784099]},"properties":{"type":"charge","layer":"passenger","locationId":"90888962","name":"EQUANS SGZH 2.0 Hiesveltstraat 31","address":"Hiesveltstraat 31","city":"'s-Gravendeel","operatorName":"EQUANS","maxPowerKw":11,"isMegawatt":false,"status":"AVAILABLE","source":"ndw"}},{"type":"Feature","geometry":{"type":"Point","coordinates":[4.28089,51.793281]},"properties":{"type":"charge","layer":"passenger","locationId":"NLLOC008888","name":"NL, Polderboom 2, 3267 BH, Goudswaard","address":"Polderboom 2","city":"Goudswaard","operatorName":"Allego","maxPowerKw":11,"isMegawatt":false,"status":"CHARGING","source":"ndw","priceKwh":0.511}},{"type":"Feature","geometry":{"type":"Point","coordinates":[4.407872,51.827509]},"properties":{"type":"charge","layer":"passenger","locationId":"NLLOC000693","name":"NLD, Oud Beijerland, Vierwiekenplein 100","address":"Vierwiekenplein 100","city":"Oud Beijerland","operatorName":"Allego","maxPowerKw":22,"isMegawatt":false,"status":"AVAILABLE","source":"ndw","priceKwh":0.511}},{"type":"Feature","geometry":{"type":"Point","coordinates":[4.475828,51.826362]},"properties":{"type":"charge","layer":"passenger","locationId":"89462820","name":"EQUANS SGZH 2.0 89462820","address":"Emmastraat 40","city":"Heinenoord","operatorName":"EQUANS","maxPowerKw":11,"isMegawatt":false,"status":"CHARGING","source":"ndw"}},{"type":"Feature","geometry":{"type":"Point","coordinates":[4.613623,51.780425]},"properties":{"type":"charge","layer":"passenger","locationId":"90020685","name":"EQUANS SGZH 2.0 Seringenstraat 13","address":"Seringenstraat 13","city":"'s-Gravendeel","operatorName":"EQUANS","maxPowerKw":11,"isMegawatt":false,"status":"AVAILABLE","source":"ndw"}},{"type":"Feature","geometry":{"type":"Point","coordinates":[4.421242,51.819658]},"properties":{"type":"charge","layer":"passenger","locationId":"NLLOC004758","name":"NLD Sportlaan 72, 3261 AW Oud-Beijerland","address":"Sportlaan 72","city":"Oud-Beijerland","operatorName":"Allego","maxPowerKw":11,"isMegawatt":false,"status":"AVAILABLE","source":"ndw","priceKwh":0.511}},{"type":"Feature","geometry":{"type":"Point","coordinates":[4.403012,51.821183]},"properties":{"type":"charge","layer":"passenger","locationId":"89982155","name":"EQUANS SGZH 2.0 W. van Vlietstraat 8","address":"W. van Vlietstraat 8","city":"Oud-Beijerland","operatorName":"EQUANS","maxPowerKw":11,"isMegawatt":false,"status":"AVAILABLE","source":"ndw"}},{"type":"Feature","geometry":{"type":"Point","coordinates":[4.489548,51.800144]},"properties":{"type":"charge","layer":"passenger","locationId":"89329849","name":"EQUANS SGZH 2.0 89329849","address":"Cor Dirksestraat 25","city":"Mijnsheerenland","operatorName":"EQUANS","maxPowerKw":17,"isMegawatt":false,"status":"AVAILABLE","source":"ndw"}},{"type":"Feature","geometry":{"type":"Point","coordinates":[4.624092,51.773825]},"properties":{"type":"charge","layer":"passenger","locationId":"89490592","name":"EQUANS SGZH 2.0 89490592","address":"Fonteinkruid 1","city":"'s-Gravendeel","operatorName":"EQUANS","maxPowerKw":11,"isMegawatt":false,"status":"AVAILABLE","source":"ndw"}},{"type":"Feature","geometry":{"type":"Point","coordinates":[4.482157,51.796934]},"properties":{"type":"charge","layer":"passenger","locationId":"89303713","name":"EQUANS SGZH 2.0 89303713","address":"Nieuwegeer 60","city":"Mijnsheerenland","operatorName":"EQUANS","maxPowerKw":17,"isMegawatt":false,"status":"CHARGING","source":"ndw"}},{"type":"Feature","geometry":{"type":"Point","coordinates":[4.435217,51.811689]},"properties":{"type":"charge","layer":"passenger","locationId":"89238592","name":"EQUANS SGZH 2.0 89238592","address":"Muzieklaan 73","city":"Oud-Beijerland","operatorName":"EQUANS","maxPowerKw":17,"isMegawatt":false,"status":"AVAILABLE","source":"ndw"}},{"type":"Feature","geometry":{"type":"Point","coordinates":[4.405905,51.820434]},"properties":{"type":"charge","layer":"passenger","locationId":"NLLOC005377","name":"NLD, W. van Vlietstraat 6, 3262 GM Oud-Beijerland","address":"W. van Vlietstraat 6","city":"Oud-Beijerland","operatorName":"Allego","maxPowerKw":11,"isMegawatt":false,"status":"AVAILABLE","source":"ndw","priceKwh":0.511}},{"type":"Feature","geometry":{"type":"Point","coordinates":[4.558065,51.742276]},"properties":{"type":"charge","layer":"passenger","locationId":"89240058","name":"EQUANS SGZH 2.0 89240058","address":"Bernhardstraat 37","city":"Strijen","operatorName":"EQUANS","maxPowerKw":11,"isMegawatt":false,"status":"AVAILABLE","source":"ndw"}},{"type":"Feature","geometry":{"type":"Point","coordinates":[4.558415,51.753725]},"properties":{"type":"charge","layer":"passenger","locationId":"4213429","name":"Laadnet Hak Beveiliging","address":"Edisonweg 32","city":"Strijen","operatorName":"Laadnet","maxPowerKw":22,"isMegawatt":false,"status":"AVAILABLE","source":"ndw"}},{"type":"Feature","geometry":{"type":"Point","coordinates":[4.443496,51.725756]},"properties":{"type":"charge","layer":"passenger","locationId":"89824582","name":"EQUANS SGZH 2.0 89824582","address":"Kardemom 2","city":"Numansdorp","operatorName":"EQUANS","maxPowerKw":11,"isMegawatt":false,"status":"CHARGING","source":"ndw"}},{"type":"Feature","geometry":{"type":"Point","coordinates":[4.55787,51.743959]},"properties":{"type":"charge","layer":"passenger","locationId":"89828098","name":"EQUANS SGZH 2.0 89828098","address":"Sportlaan 205","city":"Strijen","operatorName":"EQUANS","maxPowerKw":11,"isMegawatt":false,"status":"AVAILABLE","source":"ndw"}},{"type":"Feature","geometry":{"type":"Point","coordinates":[4.570436,51.803125]},"properties":{"type":"charge","layer":"passenger","locationId":"89193015","name":"EQUANS SGZH 2.0 89193015","address":"Sterrenlaan 6","city":"Puttershoek","operatorName":"EQUANS","maxPowerKw":17,"isMegawatt":false,"status":"AVAILABLE","source":"ndw"}},{"type":"Feature","geometry":{"type":"Point","coordinates":[4.450515,51.773016]},"properties":{"type":"charge","layer":"passenger","locationId":"91351274","name":"EQUANS SGZH 2.0 Bremstraat 20","address":"Bremstraat 20","city":"Klaaswaal","operatorName":"EQUANS","maxPowerKw":11,"isMegawatt":false,"status":"AVAILABLE","source":"ndw"}},{"type":"Feature","geometry":{"type":"Point","coordinates":[4.485598,51.826872]},"properties":{"type":"charge","layer":"passenger","locationId":"90116526","name":"EQUANS SGZH 2.0 Rietwaard 20","address":"Rietwaard 20","city":"Heinenoord","operatorName":"EQUANS","maxPowerKw":11,"isMegawatt":false,"status":"AVAILABLE","source":"ndw"}},{"type":"Feature","geometry":{"type":"Point","coordinates":[4.417004,51.817864]},"properties":{"type":"charge","layer":"passenger","locationId":"89879196","name":"EQUANS SGZH 2.0 Koningsdreef 22, Koningsdreef 1","address":"Koningsdreef 22","city":"Oud-Beijerland","operatorName":"EQUANS","maxPowerKw":11,"isMegawatt":false,"status":"AVAILABLE","source":"ndw"}},{"type":"Feature","geometry":{"type":"Point","coordinates":[4.553446,51.738876]},"properties":{"type":"charge","layer":"passenger","locationId":"90164971","name":"EQUANS SGZH 2.0 Hofstee 12 (Regenboog 1)","address":"Hofstee 12","city":"Delft","operatorName":"EQUANS","maxPowerKw":11,"isMegawatt":false,"status":"AVAILABLE","source":"ndw"}},{"type":"Feature","geometry":{"type":"Point","coordinates":[4.52866,51.817263]},"properties":{"type":"charge","layer":"passenger","locationId":"63b68ffe64d6d30012a521b5","name":"Numafa HQ","address":"Sikkel 1","city":"Heinenoord","operatorName":"E-Flux by Road","maxPowerKw":22,"isMegawatt":false,"status":"UNAVAILABLE","source":"ndw"}},{"type":"Feature","geometry":{"type":"Point","coordinates":[4.346847,51.810884]},"properties":{"type":"charge","layer":"passenger","locationId":"89195379","name":"EQUANS SGZH 2.0 89195379","address":"Dreef 83","city":"Nieuw-Beijerland","operatorName":"EQUANS","maxPowerKw":17,"isMegawatt":false,"status":"CHARGING","source":"ndw"}},{"type":"Feature","geometry":{"type":"Point","coordinates":[4.33939,51.807239]},"properties":{"type":"charge","layer":"passenger","locationId":"89195389","name":"EQUANS SGZH 2.0 89195389","address":"Griendweg 20","city":"Nieuw-Beijerland","operatorName":"EQUANS","maxPowerKw":17,"isMegawatt":false,"status":"AVAILABLE","source":"ndw"}},{"type":"Feature","geometry":{"type":"Point","coordinates":[4.432396,51.819005]},"properties":{"type":"charge","layer":"passenger","locationId":"NLLOC011755","name":"NL, Huizingastraat 21, 3261 SK, Oud-Beijerland","address":"Huizingastraat 21","city":"Oud-Bijerland","operatorName":"Allego","maxPowerKw":11,"isMegawatt":false,"status":"AVAILABLE","source":"ndw","priceKwh":0.511}},{"type":"Feature","geometry":{"type":"Point","coordinates":[4.607832,51.780494]},"properties":{"type":"charge","layer":"passenger","locationId":"90200690","name":"EQUANS SGZH 2.0 Crocuserf 12","address":"Crocuserf 12","city":"'s-Gravendeel","operatorName":"EQUANS","maxPowerKw":11,"isMegawatt":false,"status":"AVAILABLE","source":"ndw"}},{"type":"Feature","geometry":{"type":"Point","coordinates":[4.54846,51.791791]},"properties":{"type":"charge","layer":"passenger","locationId":"654e5d985b55e3001c433b6a","name":"FrieslandCampina Consumer Products Europe B.V","address":"Zuivelstraat 1","city":"MAASDAM","operatorName":"Laadsnel","maxPowerKw":22,"isMegawatt":false,"status":"AVAILABLE","source":"ndw","priceKwh":0.38}},{"type":"Feature","geometry":{"type":"Point","coordinates":[4.40299,51.82543]},"properties":{"type":"charge","layer":"passenger","locationId":"90891491","name":"EQUANS SGZH 2.0 Karrespoor 12","address":"Karrespoor 12","city":"Oud-Beijerland","operatorName":"EQUANS","maxPowerKw":11,"isMegawatt":false,"status":"AVAILABLE","source":"ndw"}},{"type":"Feature","geometry":{"type":"Point","coordinates":[4.397429,51.818416]},"properties":{"type":"charge","layer":"passenger","locationId":"90103922","name":"EQUANS SGZH 2.0 Zinkweg 132","address":"Zinkweg 132","city":"Oud-Beijerland","operatorName":"EQUANS","maxPowerKw":11,"isMegawatt":false,"status":"AVAILABLE","source":"ndw"}},{"type":"Feature","geometry":{"type":"Point","coordinates":[4.49777,51.798012]},"properties":{"type":"charge","layer":"passenger","locationId":"90185555","name":"EQUANS SGZH 2.0 Baljuwlaan 2","address":"Baljuwlaan 2","city":"Mijnsheerenland","operatorName":"EQUANS","maxPowerKw":11,"isMegawatt":false,"status":"AVAILABLE","source":"ndw"}},{"type":"Feature","geometry":{"type":"Point","coordinates":[4.609258,51.778956]},"properties":{"type":"charge","layer":"passenger","locationId":"89240061","name":"EQUANS SGZH 2.0 89240061","address":"Irisstraat 26","city":"'s-Gravendeel","operatorName":"EQUANS","maxPowerKw":11,"isMegawatt":false,"status":"AVAILABLE","source":"ndw"}},{"type":"Feature","geometry":{"type":"Point","coordinates":[4.415133,51.814891]},"properties":{"type":"charge","layer":"passenger","locationId":"E8D97BDD-1800-451F-901A-632027A28597","name":"Eneco eMobility Schep Registergoed B.V. - Oud-Beijerland","address":"Langeweg 11","city":"Oud-Beijerland","operatorName":"Eneco","maxPowerKw":22,"isMegawatt":false,"status":"UNAVAILABLE","source":"ndw","priceKwh":0.35}},{"type":"Feature","geometry":{"type":"Point","coordinates":[4.44691,51.76849]},"properties":{"type":"charge","layer":"passenger","locationId":"91305624","name":"EQUANS SGZH 2.0 Driekus van der Giessenhof 11","address":"Driekus van der Giessenhof 11","city":"Klaaswaal","operatorName":"EQUANS","maxPowerKw":11,"isMegawatt":false,"status":"AVAILABLE","source":"ndw"}},{"type":"Feature","geometry":{"type":"Point","coordinates":[4.370156,51.753443]},"properties":{"type":"charge","layer":"passenger","locationId":"NLLOC003922","name":"NLD Ridder van dorplaan 68, 3284 AV Zuid-Beijerland","address":"Ridder van dorplaan 68","city":"Zuid-Beijerland","operatorName":"Allego","maxPowerKw":11,"isMegawatt":false,"status":"AVAILABLE","source":"ndw","priceKwh":0.511}},{"type":"Feature","geometry":{"type":"Point","coordinates":[4.554514,51.738744]},"properties":{"type":"charge","layer":"passenger","locationId":"NLLOC000579","name":"NLD, Strijen, 't Hoogt 15","address":"'t Hoogt 15","city":"Strijen","operatorName":"Allego","maxPowerKw":11,"isMegawatt":false,"status":"AVAILABLE","source":"ndw","priceKwh":0.511}},{"type":"Feature","geometry":{"type":"Point","coordinates":[4.560031,51.799662]},"properties":{"type":"charge","layer":"passenger","locationId":"NLLOC000604","name":"NLD, Puttershoek, Penningkruid 12","address":"Penningkruid 12","city":"Puttershoek","operatorName":"Allego","maxPowerKw":22,"isMegawatt":false,"status":"AVAILABLE","source":"ndw","priceKwh":0.511}},{"type":"Feature","geometry":{"type":"Point","coordinates":[4.57347,51.806]},"properties":{"type":"charge","layer":"passenger","locationId":"89627067","name":"EQUANS SGZH 2.0 Prinsenhof 12","address":"Prinsenhof 12","city":"Puttershoek","operatorName":"EQUANS","maxPowerKw":11,"isMegawatt":false,"status":"AVAILABLE","source":"ndw"}},{"type":"Feature","geometry":{"type":"Point","coordinates":[4.432859,51.734303]},"properties":{"type":"charge","layer":"passenger","locationId":"NLLOC006629","name":"NL, Bizetstraat 11, 3281 TT, Numansdorp","address":"Bizetstraat 11","city":"Numansdorp","operatorName":"Allego","maxPowerKw":11,"isMegawatt":false,"status":"AVAILABLE","source":"ndw","priceKwh":0.511}},{"type":"Feature","geometry":{"type":"Point","coordinates":[4.556003,51.793251]},"properties":{"type":"charge","layer":"passenger","locationId":"NLLOC001808","name":"NLD, Sportlaan 22 Maasdam, 3299 XG","address":"Sportlaan 22","city":"Maasdam","operatorName":"Allego","maxPowerKw":11,"isMegawatt":false,"status":"AVAILABLE","source":"ndw","priceKwh":0.511}},{"type":"Feature","geometry":{"type":"Point","coordinates":[4.481348,51.798476]},"properties":{"type":"charge","layer":"passenger","locationId":"NLLOC004038","name":"NLD Laan van Westmolen 22 3271 BK Mijnsheerenland","address":"Laan van Westmolen 22","city":"Mijnsheerenland","operatorName":"Allego","maxPowerKw":11,"isMegawatt":false,"status":"AVAILABLE","source":"ndw","priceKwh":0.511}},{"type":"Feature","geometry":{"type":"Point","coordinates":[4.483125,51.798819]},"properties":{"type":"charge","layer":"passenger","locationId":"NLLOC016232","name":"NL, Nieuwegeer 1, 3271BP, Mijnsheerenland","address":"Nieuwegeer 1","city":"Mijnsheerenland","operatorName":"Allego","maxPowerKw":11,"isMegawatt":false,"status":"AVAILABLE","source":"ndw","priceKwh":0.511}},{"type":"Feature","geometry":{"type":"Point","coordinates":[4.440218,51.729328]},"properties":{"type":"charge","layer":"passenger","locationId":"NLLOC016547","name":"NL, Leeuwerikstraat 11, 3281 JL Numansdorp","address":"Leeuwerikstraat 11","city":"Numansdorp","operatorName":"Allego","maxPowerKw":11,"isMegawatt":false,"status":"AVAILABLE","source":"ndw","priceKwh":0.511}},{"type":"Feature","geometry":{"type":"Point","coordinates":[4.486096,51.828012]},"properties":{"type":"charge","layer":"passenger","locationId":"NLLOC001161","name":"NLD, Heinenoord, Professor Teldersstraat 32","address":"Professor Teldersstraat 32","city":"Heinenoord","operatorName":"Allego","maxPowerKw":11,"isMegawatt":false,"status":"AVAILABLE","source":"ndw","priceKwh":0.511}},{"type":"Feature","geometry":{"type":"Point","coordinates":[4.558521,51.804405]},"properties":{"type":"charge","layer":"passenger","locationId":"89315451","name":"EQUANS SGZH 2.0 89315451","address":"Biezenveld 19 A","city":"Puttershoek","operatorName":"EQUANS","maxPowerKw":17,"isMegawatt":false,"status":"AVAILABLE","source":"ndw"}},{"type":"Feature","geometry":{"type":"Point","coordinates":[4.612269,51.78217]},"properties":{"type":"charge","layer":"passenger","locationId":"0F18BA90-EE81-448F-B98C-1005DE49035E","name":"Eneco eMobility Kooy accountants & belastingadviseurs","address":"Smidsweg 40","city":"'s-Gravendeel","operatorName":"Eneco","maxPowerKw":11,"isMegawatt":false,"status":"AVAILABLE","source":"ndw","priceKwh":0.3}},{"type":"Feature","geometry":{"type":"Point","coordinates":[4.56565,51.800922]},"properties":{"type":"charge","layer":"passenger","locationId":"NLLOC001113","name":"NLD, Puttershoek, Bovenkruier 37","address":"Bovenkruier 37","city":"Puttershoek","operatorName":"Allego","maxPowerKw":11,"isMegawatt":false,"status":"AVAILABLE","source":"ndw","priceKwh":0.511}},{"type":"Feature","geometry":{"type":"Point","coordinates":[4.561218,51.801929]},"properties":{"type":"charge","layer":"passenger","locationId":"E3C3A1D6-7ABA-437A-893B-EF51983E13B9","name":"Eneco eMobility Zorggroep Profila - Puttershoek","address":"Oogstlaan 18-26","city":"Puttershoek","operatorName":"Eneco","maxPowerKw":11,"isMegawatt":false,"status":"AVAILABLE","source":"ndw","priceKwh":0.32}},{"type":"Feature","geometry":{"type":"Point","coordinates":[4.413269,51.816194]},"properties":{"type":"charge","layer":"passenger","locationId":"90164947","name":"EQUANS SGZH 2.0 Thomas van der Wiltpad 23","address":"Thomas van der Wiltpad 23","city":"Oud-Beijerland","operatorName":"EQUANS","maxPowerKw":11,"isMegawatt":false,"status":"AVAILABLE","source":"ndw"}},{"type":"Feature","geometry":{"type":"Point","coordinates":[4.429711,51.815356]},"properties":{"type":"charge","layer":"passenger","locationId":"NLLOC000676","name":"NLD, Oud Beijerland, Ravelstraat 15","address":"Ravelstraat 15","city":"Oud Beijerland","operatorName":"Allego","maxPowerKw":22,"isMegawatt":false,"status":"AVAILABLE","source":"ndw","priceKwh":0.511}},{"type":"Feature","geometry":{"type":"Point","coordinates":[4.451991,51.772477]},"properties":{"type":"charge","layer":"passenger","locationId":"NLLOC008138","name":"NL, Jaap Kosterstraat 43, 3286VT, Klaaswaal","address":"Jaap Kosterstraat 43","city":"Klaaswaal","operatorName":"Allego","maxPowerKw":11,"isMegawatt":false,"status":"CHARGING","source":"ndw","priceKwh":0.511}},{"type":"Feature","geometry":{"type":"Point","coordinates":[4.406686,51.82315]},"properties":{"type":"charge","layer":"passenger","locationId":"90929244","name":"EQUANS SGZH 2.0 Admiraal de Ruyterstraat 121","address":"Admiraal de Ruyterstraat 121","city":"Oud-Beijerland","operatorName":"EQUANS","maxPowerKw":11,"isMegawatt":false,"status":"AVAILABLE","source":"ndw"}},{"type":"Feature","geometry":{"type":"Point","coordinates":[4.477076,51.828502]},"properties":{"type":"charge","layer":"passenger","locationId":"89052367","name":"EQUANS SGZH 2.0 89052367","address":"Irenestraat 23","city":"Heinenoord","operatorName":"EQUANS","maxPowerKw":11,"isMegawatt":false,"status":"AVAILABLE","source":"ndw"}},{"type":"Feature","geometry":{"type":"Point","coordinates":[4.27667,51.792015]},"properties":{"type":"charge","layer":"passenger","locationId":"NLLOC008714","name":"NL, van Almondestraat 78, 3267 AV, Goudswaard","address":"van Almondestraat 78","city":"Goudswaard","operatorName":"Allego","maxPowerKw":11,"isMegawatt":false,"status":"AVAILABLE","source":"ndw","priceKwh":0.511}},{"type":"Feature","geometry":{"type":"Point","coordinates":[4.560876,51.739898]},"properties":{"type":"charge","layer":"passenger","locationId":"89358431","name":"EQUANS SGZH 2.0 89358431","address":"Troelstrastraat 13","city":"Strijen","operatorName":"EQUANS","maxPowerKw":17,"isMegawatt":false,"status":"CHARGING","source":"ndw"}},{"type":"Feature","geometry":{"type":"Point","coordinates":[4.280302,51.794613]},"properties":{"type":"charge","layer":"passenger","locationId":"89462512","name":"EQUANS SGZH 2.0 89462512","address":"Coorndijkstraat 37","city":"Goudswaard","operatorName":"EQUANS","maxPowerKw":11,"isMegawatt":false,"status":"AVAILABLE","source":"ndw"}},{"type":"Feature","geometry":{"type":"Point","coordinates":[4.37022,51.751045]},"properties":{"type":"charge","layer":"passenger","locationId":"89162951","name":"EQUANS SGZH 2.0 89162951","address":"Tuinweg 5","city":"Zuid-Beijerland","operatorName":"EQUANS","maxPowerKw":11,"isMegawatt":false,"status":"AVAILABLE","source":"ndw"}},{"type":"Feature","geometry":{"type":"Point","coordinates":[4.56189,51.80687]},"properties":{"type":"charge","layer":"passenger","locationId":"91193621","name":"EQUANS SGZH 2.0 Nassaulaan 116","address":"Nassaulaan 116","city":"Puttershoek","operatorName":"EQUANS","maxPowerKw":11,"isMegawatt":false,"status":"AVAILABLE","source":"ndw"}},{"type":"Feature","geometry":{"type":"Point","coordinates":[4.5586,51.80238]},"properties":{"type":"charge","layer":"passenger","locationId":"91305629","name":"EQUANS SGZH 2.0 Eikenlaan 107","address":"Eikenlaan 107","city":"Puttershoek","operatorName":"EQUANS","maxPowerKw":11,"isMegawatt":false,"status":"AVAILABLE","source":"ndw"}},{"type":"Feature","geometry":{"type":"Point","coordinates":[4.403184,51.828971]},"properties":{"type":"charge","layer":"passenger","locationId":"NLLOC001343","name":"NLD, Oud-Beijerland, Beetwortelweg 55","address":"Beetwortelweg 55","city":"Oud-Beijerland","operatorName":"Allego","maxPowerKw":22,"isMegawatt":false,"status":"AVAILABLE","source":"ndw","priceKwh":0.511}},{"type":"Feature","geometry":{"type":"Point","coordinates":[4.41437,51.8235]},"properties":{"type":"charge","layer":"passenger","locationId":"90991090","name":"EQUANS SGZH 2.0 Julianastraat 48","address":"Julianastraat 48","city":"Oud-Beijerland","operatorName":"EQUANS","maxPowerKw":11,"isMegawatt":false,"status":"AVAILABLE","source":"ndw"}},{"type":"Feature","geometry":{"type":"Point","coordinates":[4.495617,51.800088]},"properties":{"type":"charge","layer":"passenger","locationId":"89459856","name":"EQUANS SGZH 2.0 89459856","address":"Schoutlaan 13","city":"Mijnsheerenland","operatorName":"EQUANS","maxPowerKw":17,"isMegawatt":false,"status":"AVAILABLE","source":"ndw"}},{"type":"Feature","geometry":{"type":"Point","coordinates":[4.611637,51.779856]},"properties":{"type":"charge","layer":"passenger","locationId":"NLLOC004414","name":"NLD Hyanciterf 2, 3295 SJ 's-Gravendeel","address":"Hyanciterf 2","city":"'s-Gravendeel","operatorName":"Allego","maxPowerKw":11,"isMegawatt":false,"status":"AVAILABLE","source":"ndw","priceKwh":0.511}},{"type":"Feature","geometry":{"type":"Point","coordinates":[4.441978,51.826692]},"properties":{"type":"charge","layer":"passenger","locationId":"686e13507fd0e745a4218fd4","name":"De Beer All In Plast","address":"Louis Pasteurstraat 15","city":"Oud-Beijerland","operatorName":"E-Flux by Road","maxPowerKw":4,"isMegawatt":false,"status":"AVAILABLE","source":"ndw","priceKwh":0.33}},{"type":"Feature","geometry":{"type":"Point","coordinates":[4.447861,51.773357]},"properties":{"type":"charge","layer":"passenger","locationId":"NLLOC010450","name":"NL, Madeliefstraat 2a, 3286 VE, Klaaswaal","address":"Madeliefstraat 2a","city":"Klaaswaal","operatorName":"Allego","maxPowerKw":11,"isMegawatt":false,"status":"CHARGING","source":"ndw","priceKwh":0.511}},{"type":"Feature","geometry":{"type":"Point","coordinates":[4.476321,51.784729]},"properties":{"type":"charge","layer":"passenger","locationId":"NLLOC002310","name":"NLD, Vlasakkers 29, 3273 XG","address":"Vlasakkers 29","city":"Westmaas","operatorName":"Allego","maxPowerKw":11,"isMegawatt":false,"status":"AVAILABLE","source":"ndw","priceKwh":0.511}},{"type":"Feature","geometry":{"type":"Point","coordinates":[4.549631,51.744418]},"properties":{"type":"charge","layer":"passenger","locationId":"89052370","name":"EQUANS SGZH 2.0 89052370","address":"Kerkstraat 66","city":"Strijen","operatorName":"EQUANS","maxPowerKw":11,"isMegawatt":false,"status":"AVAILABLE","source":"ndw"}},{"type":"Feature","geometry":{"type":"Point","coordinates":[4.429609,51.818887]},"properties":{"type":"charge","layer":"passenger","locationId":"NLLOC018099","name":"NL, Marsmanplein 2, 3216 SP Oud-Beijerland","address":"Marsmanplein 2","city":"Oud-Beijerland","operatorName":"Allego","maxPowerKw":11,"isMegawatt":false,"status":"AVAILABLE","source":"ndw","priceKwh":0.511}},{"type":"Feature","geometry":{"type":"Point","coordinates":[4.312335,51.795833]},"properties":{"type":"charge","layer":"passenger","locationId":"89228010","name":"EQUANS SGZH 2.0 89228010","address":"Beatrixstraat 38","city":"Piershil","operatorName":"EQUANS","maxPowerKw":17,"isMegawatt":false,"status":"AVAILABLE","source":"ndw"}},{"type":"Feature","geometry":{"type":"Point","coordinates":[4.422484,51.822779]},"properties":{"type":"charge","layer":"passenger","locationId":"90321467","name":"EQUANS SGZH 2.0 Sportlaan 4","address":"Sportlaan 4","city":"Oud-Beijerland","operatorName":"EQUANS","maxPowerKw":11,"isMegawatt":false,"status":"AVAILABLE","source":"ndw"}},{"type":"Feature","geometry":{"type":"Point","coordinates":[4.559068,51.739527]},"properties":{"type":"charge","layer":"passenger","locationId":"89178863","name":"EQUANS SGZH 2.0 89178863","address":"Nassaustraat 27","city":"Strijen","operatorName":"EQUANS","maxPowerKw":11,"isMegawatt":false,"status":"AVAILABLE","source":"ndw"}},{"type":"Feature","geometry":{"type":"Point","coordinates":[4.611872,51.774967]},"properties":{"type":"charge","layer":"passenger","locationId":"89472613","name":"EQUANS SGZH 2.0 89472613","address":"Lokkenstraat 54","city":"'s-Gravendeel","operatorName":"EQUANS","maxPowerKw":11,"isMegawatt":false,"status":"AVAILABLE","source":"ndw"}},{"type":"Feature","geometry":{"type":"Point","coordinates":[4.61118,51.778882]},"properties":{"type":"charge","layer":"passenger","locationId":"90305381","name":"EQUANS SGZH 2.0 Korenbloemerf 5","address":"Korenbloemerf 5","city":"'s-Gravendeel","operatorName":"EQUANS","maxPowerKw":11,"isMegawatt":false,"status":"AVAILABLE","source":"ndw"}},{"type":"Feature","geometry":{"type":"Point","coordinates":[4.434031,51.819297]},"properties":{"type":"charge","layer":"passenger","locationId":"89329927","name":"EQUANS SGZH 2.0 89329927","address":"Poortlaan 42","city":"Oud-Beijerland","operatorName":"EQUANS","maxPowerKw":17,"isMegawatt":false,"status":"CHARGING","source":"ndw"}},{"type":"Feature","geometry":{"type":"Point","coordinates":[4.519248,51.802856]},"properties":{"type":"charge","layer":"passenger","locationId":"89052356","name":"EQUANS SGZH 2.0 89052356","address":"Vrouwe Huisjesweg 7A","city":"Mijnsheerenland","operatorName":"EQUANS","maxPowerKw":11,"isMegawatt":false,"status":"AVAILABLE","source":"ndw"}},{"type":"Feature","geometry":{"type":"Point","coordinates":[4.405021,51.824438]},"properties":{"type":"charge","layer":"passenger","locationId":"89252798","name":"EQUANS SGZH 2.0 89252798","address":"Witte de Withstraat 1","city":"Oud-Beijerland","operatorName":"EQUANS","maxPowerKw":11,"isMegawatt":false,"status":"AVAILABLE","source":"ndw"}},{"type":"Feature","geometry":{"type":"Point","coordinates":[4.435996,51.820763]},"properties":{"type":"charge","layer":"passenger","locationId":"6448e7fa8883000012c8ddcf","name":"Laadstation De Vriesstraat 4","address":"De Vriesstraat 4","city":"Oud-Beijerland","operatorName":"E-Flux by Road","maxPowerKw":22,"isMegawatt":false,"status":"AVAILABLE","source":"ndw","priceKwh":0.56}},{"type":"Feature","geometry":{"type":"Point","coordinates":[4.419549,51.824875]},"properties":{"type":"charge","layer":"passenger","locationId":"90086617","name":"EQUANS SGZH 2.0 Beneden Oostdijk 14","address":"Beneden Oostdijk 14","city":"Oud-Beijerland","operatorName":"EQUANS","maxPowerKw":11,"isMegawatt":false,"status":"AVAILABLE","source":"ndw"}},{"type":"Feature","geometry":{"type":"Point","coordinates":[4.397817,51.824769]},"properties":{"type":"charge","layer":"passenger","locationId":"90208227","name":"EQUANS SGZH 2.0 Tjalk 20","address":"Tjalk 20","city":"Oud-Beijerland","operatorName":"EQUANS","maxPowerKw":11,"isMegawatt":false,"status":"CHARGING","source":"ndw"}},{"type":"Feature","geometry":{"type":"Point","coordinates":[4.44314,51.77225]},"properties":{"type":"charge","layer":"passenger","locationId":"91128070","name":"EQUANS SGZH 2.0 Lindenlaan 12","address":"Lindenlaan 12","city":"Klaaswaal","operatorName":"EQUANS","maxPowerKw":11,"isMegawatt":false,"status":"AVAILABLE","source":"ndw"}},{"type":"Feature","geometry":{"type":"Point","coordinates":[4.564094,51.786205]},"properties":{"type":"charge","layer":"passenger","locationId":"89185473","name":"EQUANS SGZH 2.0 Poelwijk 29","address":"Poelwijk 29","city":"Maasdam","operatorName":"EQUANS","maxPowerKw":17,"isMegawatt":false,"status":"AVAILABLE","source":"ndw"}},{"type":"Feature","geometry":{"type":"Point","coordinates":[4.434177,51.812293]},"properties":{"type":"charge","layer":"passenger","locationId":"NLLOC006664","name":"NL, Viool 53, 3261 GG Oud-Beijerland","address":"Viool 53","city":"Oud-Beijerland","operatorName":"Allego","maxPowerKw":11,"isMegawatt":false,"status":"AVAILABLE","source":"ndw","priceKwh":0.511}},{"type":"Feature","geometry":{"type":"Point","coordinates":[4.550391,51.748534]},"properties":{"type":"charge","layer":"passenger","locationId":"89396928","name":"EQUANS SGZH 2.0 89396928","address":"Binnensingel 96","city":"Strijen","operatorName":"EQUANS","maxPowerKw":17,"isMegawatt":false,"status":"CHARGING","source":"ndw"}},{"type":"Feature","geometry":{"type":"Point","coordinates":[4.444392,51.733438]},"properties":{"type":"charge","layer":"passenger","locationId":"90305506","name":"EQUANS SGZH 2.0 Patrijslaan 56","address":"Patrijslaan 56","city":"Numansdorp","operatorName":"EQUANS","maxPowerKw":11,"isMegawatt":false,"status":"AVAILABLE","source":"ndw"}},{"type":"Feature","geometry":{"type":"Point","coordinates":[4.37604,51.74861]},"properties":{"type":"charge","layer":"passenger","locationId":"90878404","name":"EQUANS SGZH 2.0 Dorpsstraat 45 B","address":"Dorpsstraat 45 B","city":"Zuid-Beijerland","operatorName":"EQUANS","maxPowerKw":11,"isMegawatt":false,"status":"AVAILABLE","source":"ndw"}},{"type":"Feature","geometry":{"type":"Point","coordinates":[4.477288,51.824411]},"properties":{"type":"charge","layer":"passenger","locationId":"90113967","name":"EQUANS SGZH 2.0 Tienvoet 2","address":"Tienvoet 2","city":"Heinenoord","operatorName":"EQUANS","maxPowerKw":11,"isMegawatt":false,"status":"CHARGING","source":"ndw"}},{"type":"Feature","geometry":{"type":"Point","coordinates":[4.550896,51.748845]},"properties":{"type":"charge","layer":"passenger","locationId":"90878403","name":"EQUANS SGZH 2.0 Omloop 21","address":"Omloop 21","city":"Strijen","operatorName":"EQUANS","maxPowerKw":11,"isMegawatt":false,"status":"AVAILABLE","source":"ndw"}},{"type":"Feature","geometry":{"type":"Point","coordinates":[4.34184,51.81113]},"properties":{"type":"charge","layer":"passenger","locationId":"90929243","name":"EQUANS SGZH 2.0 van Oldenbarneveldstraat 12","address":"van Oldenbarneveldstraat 12","city":"Nieuw-Beijerland","operatorName":"EQUANS","maxPowerKw":11,"isMegawatt":false,"status":"AVAILABLE","source":"ndw"}},{"type":"Feature","geometry":{"type":"Point","coordinates":[4.613287,51.778876]},"properties":{"type":"charge","layer":"passenger","locationId":"89918757","name":"EQUANS SGZH 2.0 89918757","address":"Lindehof 144","city":"'s-Gravendeel","operatorName":"EQUANS","maxPowerKw":11,"isMegawatt":false,"status":"AVAILABLE","source":"ndw"}},{"type":"Feature","geometry":{"type":"Point","coordinates":[4.488694,51.796891]},"properties":{"type":"charge","layer":"passenger","locationId":"90909800","name":"EQUANS SGZH 2.0 Eendrachtslaan 21","address":"Eendrachtslaan 21","city":"Mijnsheerenland","operatorName":"EQUANS","maxPowerKw":11,"isMegawatt":false,"status":"AVAILABLE","source":"ndw"}},{"type":"Feature","geometry":{"type":"Point","coordinates":[4.36692,51.750659]},"properties":{"type":"charge","layer":"passenger","locationId":"89187708","name":"EQUANS SGZH 2.0 89187708","address":"Gravin Sabinastraat 52","city":"Zuid-Beijerland","operatorName":"EQUANS","maxPowerKw":11,"isMegawatt":false,"status":"CHARGING","source":"ndw"}},{"type":"Feature","geometry":{"type":"Point","coordinates":[4.565309,51.800266]},"properties":{"type":"charge","layer":"passenger","locationId":"89904638","name":"EQUANS SGZH 2.0 89904638","address":"Binnenkruier 39","city":"Puttershoek","operatorName":"EQUANS","maxPowerKw":11,"isMegawatt":false,"status":"AVAILABLE","source":"ndw"}},{"type":"Feature","geometry":{"type":"Point","coordinates":[4.40801,51.827199]},"properties":{"type":"charge","layer":"passenger","locationId":"89828080","name":"EQUANS SGZH 2.0 89828080","address":"Molendijk 84","city":"Oud-Beijerland","operatorName":"EQUANS","maxPowerKw":11,"isMegawatt":false,"status":"CHARGING","source":"ndw"}},{"type":"Feature","geometry":{"type":"Point","coordinates":[4.404916,51.826236]},"properties":{"type":"charge","layer":"passenger","locationId":"89303716","name":"EQUANS SGZH 2.0 89303716","address":"Rustburg 7","city":"Oud-Beijerland","operatorName":"EQUANS","maxPowerKw":11,"isMegawatt":false,"status":"AVAILABLE","source":"ndw"}},{"type":"Feature","geometry":{"type":"Point","coordinates":[4.397406,51.824423]},"properties":{"type":"charge","layer":"passenger","locationId":"89322200","name":"EQUANS SGZH 2.0 89322200","address":"Kempenaar 18","city":"Oud-Beijerland","operatorName":"EQUANS","maxPowerKw":17,"isMegawatt":false,"status":"CHARGING","source":"ndw"}},{"type":"Feature","geometry":{"type":"Point","coordinates":[4.39982,51.8254]},"properties":{"type":"charge","layer":"passenger","locationId":"90892591","name":"EQUANS SGZH 2.0 Bakhuis 8","address":"Bakhuis 8","city":"Oud-Beijerland","operatorName":"EQUANS","maxPowerKw":11,"isMegawatt":false,"status":"AVAILABLE","source":"ndw"}},{"type":"Feature","geometry":{"type":"Point","coordinates":[4.31258,51.79413]},"properties":{"type":"charge","layer":"passenger","locationId":"91490655","name":"EQUANS SGZH 2.0 Beatrixstraat 16","address":"Beatrixstraat 16","city":"Piershil","operatorName":"EQUANS","maxPowerKw":11,"isMegawatt":false,"status":"AVAILABLE","source":"ndw"}},{"type":"Feature","geometry":{"type":"Point","coordinates":[4.567913,51.800248]},"properties":{"type":"charge","layer":"passenger","locationId":"89344656","name":"EQUANS SGZH 2.0 89344656","address":"Standerdmolen 12","city":"Puttershoek","operatorName":"EQUANS","maxPowerKw":17,"isMegawatt":false,"status":"AVAILABLE","source":"ndw"}},{"type":"Feature","geometry":{"type":"Point","coordinates":[4.412165,51.822589]},"properties":{"type":"charge","layer":"passenger","locationId":"89462507","name":"EQUANS SGZH 2.0 89462507","address":"Admiraal de Ruyterstraat 2 e","city":"Oud-Beijerland","operatorName":"EQUANS","maxPowerKw":17,"isMegawatt":false,"status":"AVAILABLE","source":"ndw"}},{"type":"Feature","geometry":{"type":"Point","coordinates":[4.277584,51.793584]},"properties":{"type":"charge","layer":"passenger","locationId":"89468208","name":"EQUANS SGZH 2.0 89468208","address":"Beatrixstraat 25","city":"Goudswaard","operatorName":"EQUANS","maxPowerKw":17,"isMegawatt":false,"status":"AVAILABLE","source":"ndw"}},{"type":"Feature","geometry":{"type":"Point","coordinates":[4.62257,51.77429]},"properties":{"type":"charge","layer":"passenger","locationId":"90888980","name":"EQUANS SGZH 2.0 Waterviolier 15","address":"Waterviolier 15","city":"'s-Gravendeel","operatorName":"EQUANS","maxPowerKw":11,"isMegawatt":false,"status":"AVAILABLE","source":"ndw"}},{"type":"Feature","geometry":{"type":"Point","coordinates":[4.62339,51.77667]},"properties":{"type":"charge","layer":"passenger","locationId":"91209891","name":"EQUANS SGZH 2.0 Marijkestraat 56","address":"Marijkestraat 56","city":"'s-Gravendeel","operatorName":"EQUANS","maxPowerKw":11,"isMegawatt":false,"status":"AVAILABLE","source":"ndw"}},{"type":"Feature","geometry":{"type":"Point","coordinates":[4.439539,51.728412]},"properties":{"type":"charge","layer":"passenger","locationId":"90184080","name":"EQUANS SGZH 2.0 Torenstraat 28","address":"Torenstraat 28","city":"Numansdorp","operatorName":"EQUANS","maxPowerKw":11,"isMegawatt":false,"status":"AVAILABLE","source":"ndw"}},{"type":"Feature","geometry":{"type":"Point","coordinates":[4.408474,51.825458]},"properties":{"type":"charge","layer":"passenger","locationId":"NLLOC000625","name":"NLD, Oud Beijerland, Van Linschotenplein 1","address":"Van Linschotenplein 1","city":"Oud Beijerland","operatorName":"Allego","maxPowerKw":22,"isMegawatt":false,"status":"AVAILABLE","source":"ndw","priceKwh":0.511}},{"type":"Feature","geometry":{"type":"Point","coordinates":[4.552404,51.749953]},"properties":{"type":"charge","layer":"passenger","locationId":"90066828","name":"EQUANS SGZH 2.0 Lange Meet 8","address":"Lange Meet 8","city":"Strijen","operatorName":"EQUANS","maxPowerKw":11,"isMegawatt":false,"status":"AVAILABLE","source":"ndw"}},{"type":"Feature","geometry":{"type":"Point","coordinates":[4.452617,51.772552]},"properties":{"type":"charge","layer":"passenger","locationId":"90164976","name":"EQUANS SGZH 2.0 Paukenslag 1","address":"Paukenslag 1","city":"Klaaswaal","operatorName":"EQUANS","maxPowerKw":11,"isMegawatt":false,"status":"CHARGING","source":"ndw"}},{"type":"Feature","geometry":{"type":"Point","coordinates":[4.42382,51.816892]},"properties":{"type":"charge","layer":"passenger","locationId":"90295231","name":"EQUANS SGZH 2.0 Ranonkelstraat 48","address":"Ranonkelstraat 48","city":"Oud-Beijerland","operatorName":"EQUANS","maxPowerKw":11,"isMegawatt":false,"status":"AVAILABLE","source":"ndw"}},{"type":"Feature","geometry":{"type":"Point","coordinates":[4.56157,51.80316]},"properties":{"type":"charge","layer":"passenger","locationId":"90967495","name":"EQUANS SGZH 2.0 Schaduwrijk 11 A","address":"Schaduwrijk 11 A","city":"Puttershoek","operatorName":"EQUANS","maxPowerKw":11,"isMegawatt":false,"status":"AVAILABLE","source":"ndw"}},{"type":"Feature","geometry":{"type":"Point","coordinates":[4.433178,51.812365]},"properties":{"type":"charge","layer":"passenger","locationId":"89258292","name":"EQUANS SGZH 2.0 89258292","address":"Viool 4","city":"Oud-Beijerland","operatorName":"EQUANS","maxPowerKw":11,"isMegawatt":false,"status":"AVAILABLE","source":"ndw"}},{"type":"Feature","geometry":{"type":"Point","coordinates":[4.364415,51.747788]},"properties":{"type":"charge","layer":"passenger","locationId":"89918753","name":"EQUANS SGZH 2.0 89918753","address":"Seggegors 17","city":"Zuid-Beijerland","operatorName":"EQUANS","maxPowerKw":11,"isMegawatt":false,"status":"AVAILABLE","source":"ndw"}},{"type":"Feature","geometry":{"type":"Point","coordinates":[4.551813,51.745231]},"properties":{"type":"charge","layer":"passenger","locationId":"90022326","name":"EQUANS SGZH 2.0 Oude Havenweg 44","address":"Oude Havenweg 44","city":"Strijen","operatorName":"EQUANS","maxPowerKw":11,"isMegawatt":false,"status":"AVAILABLE","source":"ndw"}},{"type":"Feature","geometry":{"type":"Point","coordinates":[4.475056,51.787049]},"properties":{"type":"charge","layer":"passenger","locationId":"89462815","name":"EQUANS SGZH 2.0 89462815","address":"Kartuizerveld 2","city":"Westmaas","operatorName":"EQUANS","maxPowerKw":11,"isMegawatt":false,"status":"AVAILABLE","source":"ndw"}},{"type":"Feature","geometry":{"type":"Point","coordinates":[4.44378,51.72833]},"properties":{"type":"charge","layer":"passenger","locationId":"90888745","name":"EQUANS SGZH 2.0 Kwikstaart 1","address":"Kwikstaart 1","city":"Numansdorp","operatorName":"EQUANS","maxPowerKw":11,"isMegawatt":false,"status":"AVAILABLE","source":"ndw"}},{"type":"Feature","geometry":{"type":"Point","coordinates":[4.559814,51.802977]},"properties":{"type":"charge","layer":"passenger","locationId":"89824585","name":"EQUANS SGZH 2.0 89824585","address":"Eikenlaan 76","city":"Puttershoek","operatorName":"EQUANS","maxPowerKw":11,"isMegawatt":false,"status":"AVAILABLE","source":"ndw"}},{"type":"Feature","geometry":{"type":"Point","coordinates":[4.42052,51.81795]},"properties":{"type":"charge","layer":"passenger","locationId":"90888974","name":"EQUANS SGZH 2.0 Ranonkelstraat 8","address":"Ranonkelstraat 8","city":"Oud-Beijerland","operatorName":"EQUANS","maxPowerKw":11,"isMegawatt":false,"status":"UNAVAILABLE","source":"ndw"}},{"type":"Feature","geometry":{"type":"Point","coordinates":[4.366703,51.752914]},"properties":{"type":"charge","layer":"passenger","locationId":"90248530","name":"EQUANS SGZH 2.0 van Oldenbarneveltstraat 59","address":"van Oldenbarneveltstraat 59","city":"Zuid-Beijerland","operatorName":"EQUANS","maxPowerKw":11,"isMegawatt":false,"status":"CHARGING","source":"ndw"}},{"type":"Feature","geometry":{"type":"Point","coordinates":[4.405782,51.828579]},"properties":{"type":"charge","layer":"passenger","locationId":"NLLOC009990","name":"NL van Tijnerf 2, 3263 EL Oud-Beijerland","address":"van Tijnerf 2","city":"Oud Beijerland","operatorName":"Allego","maxPowerKw":11,"isMegawatt":false,"status":"AVAILABLE","source":"ndw","priceKwh":0.511}},{"type":"Feature","geometry":{"type":"Point","coordinates":[4.560906,51.799546]},"properties":{"type":"charge","layer":"passenger","locationId":"89824586","name":"EQUANS SGZH 2.0 89824586","address":"Penningkruid 5","city":"Puttershoek","operatorName":"EQUANS","maxPowerKw":11,"isMegawatt":false,"status":"AVAILABLE","source":"ndw"}},{"type":"Feature","geometry":{"type":"Point","coordinates":[4.40122,51.826]},"properties":{"type":"charge","layer":"passenger","locationId":"91350425","name":"EQUANS SGZH 2.0 Boerderijweg 26","address":"Boerderijweg 26","city":"Oud-Beijerland","operatorName":"EQUANS","maxPowerKw":11,"isMegawatt":false,"status":"AVAILABLE","source":"ndw"}},{"type":"Feature","geometry":{"type":"Point","coordinates":[4.40566,51.825983]},"properties":{"type":"charge","layer":"passenger","locationId":"NLLOC007559","name":"NL, van Speijkstraat 46, 3262 PV, Oud-Beijerland","address":"van Speijkstraat 46","city":"Oud-Beijerland","operatorName":"Allego","maxPowerKw":11,"isMegawatt":false,"status":"AVAILABLE","source":"ndw","priceKwh":0.511}},{"type":"Feature","geometry":{"type":"Point","coordinates":[4.54658,51.741648]},"properties":{"type":"charge","layer":"passenger","locationId":"89208560","name":"EQUANS SGZH 2.0 89208560","address":"Patrijshof 25","city":"Strijen","operatorName":"EQUANS","maxPowerKw":17,"isMegawatt":false,"status":"AVAILABLE","source":"ndw"}},{"type":"Feature","geometry":{"type":"Point","coordinates":[4.547696,51.740091]},"properties":{"type":"charge","layer":"passenger","locationId":"89317637","name":"EQUANS SGZH 2.0 89317637","address":"Rietgansstraat 19","city":"Strijen","operatorName":"EQUANS","maxPowerKw":17,"isMegawatt":false,"status":"AVAILABLE","source":"ndw"}},{"type":"Feature","geometry":{"type":"Point","coordinates":[4.399837,51.822792]},"properties":{"type":"charge","layer":"passenger","locationId":"89238572","name":"EQUANS SGZH 2.0 89238572","address":"Wolweversweg 23","city":"Oud-Beijerland","operatorName":"EQUANS","maxPowerKw":17,"isMegawatt":false,"status":"CHARGING","source":"ndw"}},{"type":"Feature","geometry":{"type":"Point","coordinates":[4.400439,51.818544]},"properties":{"type":"charge","layer":"passenger","locationId":"90329164","name":"EQUANS SGZH 2.0 Grebbestraat 34","address":"Grebbestraat 34","city":"Oud-Beijerland","operatorName":"EQUANS","maxPowerKw":11,"isMegawatt":false,"status":"AVAILABLE","source":"ndw"}},{"type":"Feature","geometry":{"type":"Point","coordinates":[4.460052,51.782993]},"properties":{"type":"charge","layer":"passenger","locationId":"66b9d999d16161001ce09742","name":"De Koningshoeve","address":"Botweg 1b","city":"Klaaswaal","operatorName":"Pluq","maxPowerKw":22,"isMegawatt":false,"status":"AVAILABLE","source":"ndw","priceKwh":0.34}},{"type":"Feature","geometry":{"type":"Point","coordinates":[4.561748,51.804023]},"properties":{"type":"charge","layer":"passenger","locationId":"89422024","name":"EQUANS SGZH 2.0 89422024","address":"Winterplein 1","city":"Puttershoek","operatorName":"EQUANS","maxPowerKw":17,"isMegawatt":false,"status":"AVAILABLE","source":"ndw"}},{"type":"Feature","geometry":{"type":"Point","coordinates":[4.490564,51.79869]},"properties":{"type":"charge","layer":"passenger","locationId":"90279000","name":"EQUANS SGZH 2.0 Beatrixplein 10","address":"Beatrixplein 10","city":"Mijnsheerenland","operatorName":"EQUANS","maxPowerKw":11,"isMegawatt":false,"status":"AVAILABLE","source":"ndw"}},{"type":"Feature","geometry":{"type":"Point","coordinates":[4.43474,51.73361]},"properties":{"type":"charge","layer":"passenger","locationId":"90918861","name":"EQUANS SGZH 2.0 Goudenregenstraat 2","address":"Goudenregenstraat 2","city":"Numansdorp","operatorName":"EQUANS","maxPowerKw":11,"isMegawatt":false,"status":"AVAILABLE","source":"ndw"}},{"type":"Feature","geometry":{"type":"Point","coordinates":[4.612757,51.77726]},"properties":{"type":"charge","layer":"passenger","locationId":"89146500","name":"EQUANS SGZH 2.0 89146500","address":"Hendrik Hamerstraat 119","city":"'s-Gravendeel","operatorName":"EQUANS","maxPowerKw":11,"isMegawatt":false,"status":"AVAILABLE","source":"ndw"}},{"type":"Feature","geometry":{"type":"Point","coordinates":[4.546643,51.73951]},"properties":{"type":"charge","layer":"passenger","locationId":"NLLOC015983","name":"NL, Rietgansstraat 49, 3291VJ, Strijen","address":"Rietgansstraat 49","city":"Strijen","operatorName":"Allego","maxPowerKw":11,"isMegawatt":false,"status":"AVAILABLE","source":"ndw","priceKwh":0.511}},{"type":"Feature","geometry":{"type":"Point","coordinates":[4.39364,51.82385]},"properties":{"type":"charge","layer":"passenger","locationId":"91146282","name":"EQUANS SGZH 2.0 Roerdompweg 38","address":"Roerdompweg 38","city":"Oud-Beijerland","operatorName":"EQUANS","maxPowerKw":11,"isMegawatt":false,"status":"AVAILABLE","source":"ndw"}},{"type":"Feature","geometry":{"type":"Point","coordinates":[4.560327,51.738043]},"properties":{"type":"charge","layer":"passenger","locationId":"89258282","name":"EQUANS SGZH 2.0 89258282","address":"Schelpweg 38","city":"Strijen","operatorName":"EQUANS","maxPowerKw":11,"isMegawatt":false,"status":"AVAILABLE","source":"ndw"}},{"type":"Feature","geometry":{"type":"Point","coordinates":[4.397085,51.826781]},"properties":{"type":"charge","layer":"passenger","locationId":"89320318","name":"EQUANS SGZH 2.0 89320318","address":"Klipper 45","city":"Oud-Beijerland","operatorName":"EQUANS","maxPowerKw":17,"isMegawatt":false,"status":"AVAILABLE","source":"ndw"}},{"type":"Feature","geometry":{"type":"Point","coordinates":[4.400772,51.816195]},"properties":{"type":"charge","layer":"passenger","locationId":"90294204","name":"EQUANS SGZH 2.0 Frans Halsstraat 28 G","address":"Frans Halsstraat 28 G","city":"Oud-Beijerland","operatorName":"EQUANS","maxPowerKw":11,"isMegawatt":false,"status":"AVAILABLE","source":"ndw"}},{"type":"Feature","geometry":{"type":"Point","coordinates":[4.606117,51.785852]},"properties":{"type":"charge","layer":"passenger","locationId":"90123449","name":"EQUANS SGZH 2.0 Atalanta 33","address":"Atalanta 33","city":"'s-Gravendeel","operatorName":"EQUANS","maxPowerKw":11,"isMegawatt":false,"status":"AVAILABLE","source":"ndw"}},{"type":"Feature","geometry":{"type":"Point","coordinates":[4.393603,51.821847]},"properties":{"type":"charge","layer":"passenger","locationId":"89238581","name":"EQUANS SGZH 2.0 89238581","address":"Winterkoning 16","city":"Oud-Beijerland","operatorName":"EQUANS","maxPowerKw":17,"isMegawatt":false,"status":"AVAILABLE","source":"ndw"}},{"type":"Feature","geometry":{"type":"Point","coordinates":[4.436051,51.816212]},"properties":{"type":"charge","layer":"passenger","locationId":"89628500","name":"EQUANS SGZH 2.0 89628500","address":"Bartókstraat 40","city":"Oud-Beijerland","operatorName":"EQUANS","maxPowerKw":11,"isMegawatt":false,"status":"AVAILABLE","source":"ndw"}},{"type":"Feature","geometry":{"type":"Point","coordinates":[4.443799,51.726775]},"properties":{"type":"charge","layer":"passenger","locationId":"89307181","name":"EQUANS SGZH 2.0 89307181","address":"Lavas 1","city":"Numansdorp","operatorName":"EQUANS","maxPowerKw":17,"isMegawatt":false,"status":"AVAILABLE","source":"ndw"}},{"type":"Feature","geometry":{"type":"Point","coordinates":[4.472348,51.790851]},"properties":{"type":"charge","layer":"passenger","locationId":"89981266","name":"EQUANS SGZH 2.0 Zuidernesse 1","address":"Zuidernesse 1","city":"Mijnsheerenland","operatorName":"EQUANS","maxPowerKw":11,"isMegawatt":false,"status":"AVAILABLE","source":"ndw"}},{"type":"Feature","geometry":{"type":"Point","coordinates":[4.43505,51.73472]},"properties":{"type":"charge","layer":"passenger","locationId":"90891490","name":"EQUANS SGZH 2.0 Schubertstraat 41","address":"Schubertstraat 41","city":"Numansdorp","operatorName":"EQUANS","maxPowerKw":11,"isMegawatt":false,"status":"AVAILABLE","source":"ndw"}},{"type":"Feature","geometry":{"type":"Point","coordinates":[4.552191,51.739155]},"properties":{"type":"charge","layer":"passenger","locationId":"89317636","name":"EQUANS SGZH 2.0 89317636","address":"Stoop van Strijenstraat 4","city":"Strijen","operatorName":"EQUANS","maxPowerKw":17,"isMegawatt":false,"status":"AVAILABLE","source":"ndw"}},{"type":"Feature","geometry":{"type":"Point","coordinates":[4.432184,51.828224]},"properties":{"type":"charge","layer":"passenger","locationId":"89459857","name":"EQUANS SGZH 2.0 89459857","address":"Jan van der Heijdenstraat 13","city":"Oud-Beijerland","operatorName":"EQUANS","maxPowerKw":11,"isMegawatt":false,"status":"AVAILABLE","source":"ndw"}},{"type":"Feature","geometry":{"type":"Point","coordinates":[4.45773,51.828189]},"properties":{"type":"charge","layer":"passenger","locationId":"89315306","name":"EQUANS SGZH 2.0 89315306","address":"Goidschalxoordsedijk 24","city":"Oud-Beijerland","operatorName":"EQUANS","maxPowerKw":17,"isMegawatt":false,"status":"AVAILABLE","source":"ndw"}},{"type":"Feature","geometry":{"type":"Point","coordinates":[4.447326,51.774237]},"properties":{"type":"charge","layer":"passenger","locationId":"89940116","name":"EQUANS SGZH 2.0 89940116","address":"Korenbloemstraat 17","city":"Klaaswaal","operatorName":"EQUANS","maxPowerKw":11,"isMegawatt":false,"status":"AVAILABLE","source":"ndw"}},{"type":"Feature","geometry":{"type":"Point","coordinates":[4.609342,51.776177]},"properties":{"type":"charge","layer":"passenger","locationId":"89146502","name":"EQUANS SGZH 2.0 89146502","address":"Lijnzaadstraat 1","city":"'s-Gravendeel","operatorName":"EQUANS","maxPowerKw":17,"isMegawatt":false,"status":"AVAILABLE","source":"ndw"}},{"type":"Feature","geometry":{"type":"Point","coordinates":[4.405887,51.825924]},"properties":{"type":"charge","layer":"passenger","locationId":"90399955","name":"EQUANS SGZH 2.0 van Speijkstraat 48","address":"van Speijkstraat 48","city":"Oud-Beijerland","operatorName":"EQUANS","maxPowerKw":11,"isMegawatt":false,"status":"AVAILABLE","source":"ndw"}},{"type":"Feature","geometry":{"type":"Point","coordinates":[4.438977,51.736566]},"properties":{"type":"charge","layer":"passenger","locationId":"89317638","name":"EQUANS SGZH 2.0 89317638","address":"Burg de Zeeuwstraat 165","city":"Numansdorp","operatorName":"EQUANS","maxPowerKw":17,"isMegawatt":false,"status":"AVAILABLE","source":"ndw"}},{"type":"Feature","geometry":{"type":"Point","coordinates":[4.553297,51.7423]},"properties":{"type":"charge","layer":"passenger","locationId":"89981260","name":"EQUANS SGZH 2.0 Spui 4","address":"Spui 4","city":"Strijen","operatorName":"EQUANS","maxPowerKw":11,"isMegawatt":false,"status":"AVAILABLE","source":"ndw"}},{"type":"Feature","geometry":{"type":"Point","coordinates":[4.407007,51.815449]},"properties":{"type":"charge","layer":"passenger","locationId":"89317587","name":"EQUANS SGZH 2.0 89317587","address":"Anton Mauvestraat 22","city":"Oud-Beijerland","operatorName":"EQUANS","maxPowerKw":17,"isMegawatt":false,"status":"CHARGING","source":"ndw"}},{"type":"Feature","geometry":{"type":"Point","coordinates":[4.33915,51.81464]},"properties":{"type":"charge","layer":"passenger","locationId":"90104853","name":"EQUANS SGZH 2.0 Spuidijk 8","address":"Spuidijk 8","city":"Nieuw-Beijerland","operatorName":"EQUANS","maxPowerKw":11,"isMegawatt":false,"status":"AVAILABLE","source":"ndw"}},{"type":"Feature","geometry":{"type":"Point","coordinates":[4.437432,51.739514]},"properties":{"type":"charge","layer":"passenger","locationId":"89949128","name":"EQUANS SGZH 2.0 89949128","address":"Zijplaan 2a","city":"Numansdorp","operatorName":"EQUANS","maxPowerKw":11,"isMegawatt":false,"status":"AVAILABLE","source":"ndw"}},{"type":"Feature","geometry":{"type":"Point","coordinates":[4.60848,51.78063]},"properties":{"type":"charge","layer":"passenger","locationId":"90929250","name":"EQUANS SGZH 2.0 Anjerstraat 54","address":"Anjerstraat 54","city":"'s-Gravendeel","operatorName":"EQUANS","maxPowerKw":11,"isMegawatt":false,"status":"CHARGING","source":"ndw"}},{"type":"Feature","geometry":{"type":"Point","coordinates":[4.4754,51.79284]},"properties":{"type":"charge","layer":"passenger","locationId":"91146283","name":"EQUANS SGZH 2.0 Laan van Westmolen 94","address":"Laan van Westmolen 94","city":"Mijnsheerenland","operatorName":"EQUANS","maxPowerKw":11,"isMegawatt":false,"status":"AVAILABLE","source":"ndw"}},{"type":"Feature","geometry":{"type":"Point","coordinates":[4.407003,51.790453]},"properties":{"type":"charge","layer":"passenger","locationId":"698350ca16126fe93e13e845","name":"Van der Linden Tuinbouw's station","address":"Langeweg  67","city":"Oud-Beijerland","operatorName":"E-Flux by Road","maxPowerKw":22,"isMegawatt":false,"status":"AVAILABLE","source":"ndw","priceKwh":0.53}},{"type":"Feature","geometry":{"type":"Point","coordinates":[4.496683,51.79918]},"properties":{"type":"charge","layer":"passenger","locationId":"89187779","name":"EQUANS SGZH 2.0 89187779","address":"Schepenlaan 1","city":"Mijnsheerenland","operatorName":"EQUANS","maxPowerKw":17,"isMegawatt":false,"status":"AVAILABLE","source":"ndw"}},{"type":"Feature","geometry":{"type":"Point","coordinates":[4.411345,51.809039]},"properties":{"type":"charge","layer":"passenger","locationId":"90291073","name":"EQUANS SGZH 2.0 Langeweg 22","address":"Langeweg 22","city":"Oud-Beijerland","operatorName":"EQUANS","maxPowerKw":11,"isMegawatt":false,"status":"AVAILABLE","source":"ndw"}},{"type":"Feature","geometry":{"type":"Point","coordinates":[4.623873,51.774485]},"properties":{"type":"charge","layer":"passenger","locationId":"89145573","name":"EQUANS SGZH 2.0 89145573","address":"Waterlelie 1","city":"'s-Gravendeel","operatorName":"EQUANS","maxPowerKw":17,"isMegawatt":false,"status":"AVAILABLE","source":"ndw"}},{"type":"Feature","geometry":{"type":"MultiPolygon","coordinates":[[[[4.544376840614823,51.69513449013545],[4.548200579686419,51.696539679998835],[4.565559986765408,51.69973407759841],[4.572305113401685,51.700072722586675],[4.554929606883789,51.69685438708403],[4.544376840614823,51.69513449013545]]],[[[4.357144839657688,51.731812681512714],[4.348018935193162,51.730256074255465],[4.338458489685998,51.727208490797445],[4.329735264121259,51.72615539636994],[4.310421754085735,51.72780968207539],[4.299322066037378,51.73100066839764],[4.290866583262554,51.73420717778376],[4.2904726426812045,51.734625585352084],[4.29115153073208,51.73477099040749],[4.291225652473811,51.734917650209894],[4.2912102168075,51.73547218906403],[4.291613278944072,51.735684598361864],[4.291667625939115,51.73579212842739],[4.290240872833918,51.7351001893308],[4.289178698406677,51.735360299062],[4.267763194208932,51.74572688221265],[4.262022418767644,51.746696735550195],[4.258307137353894,51.74864291770518],[4.2583657425569825,51.750060033668376],[4.259367479086011,51.751563435977566],[4.263350150196807,51.75406894039742],[4.269622699772954,51.75305349290264],[4.278588048629075,51.75280988163531],[4.29848267091629,51.749270174443026],[4.311311718315749,51.747113576756426],[4.334275459908845,51.74050377646104],[4.352904791314821,51.736807527413845],[4.357171249108409,51.734665634904516],[4.357144839657688,51.731812681512714]]],[[[4.467119800578059,51.831943828495824],[4.478968716411176,51.83421403651734],[4.489094687917649,51.835395540483674],[4.4992472533650485,51.83524316478502],[4.511490479891068,51.83268433230756],[4.525478346106942,51.82985416091593],[4.531273029952391,51.83019895049932],[4.536294333168157,51.83117713661382],[4.542844175251318,51.83186860222375],[4.548653218024341,51.831763037432964],[4.5536090950631545,51.8298968737387],[4.556345721036497,51.827831837292926],[4.559300636314142,51.8231386979171],[4.560725918487314,51.818735547127865],[4.564462313951245,51.814330178209396],[4.566743609464336,51.812829181036626],[4.5696318225076675,51.81130853686229],[4.578295298743707,51.80835525420553],[4.583083648192075,51.80747998584353],[4.596876092514281,51.806431669179496],[4.597775710152194,51.80629598768214],[4.621221587744014,51.80080394768958],[4.621871674379717,51.79769075907342],[4.623212639714685,51.79241342999271],[4.6268402867079805,51.784751582353294],[4.627421819414494,51.782485769292634],[4.6274952716710684,51.78217220364018],[4.627711826839245,51.7776383457918],[4.626985169489771,51.77290668823052],[4.626928984984302,51.77266338366535],[4.626115141657025,51.766051774998274],[4.627110049957504,51.76028330848939],[4.631121936451162,51.750107119097954],[4.631125942303366,51.741746079531474],[4.626579081310477,51.72825635422671],[4.623596894583145,51.72139590949798],[4.618555163344765,51.72325657601142],[4.605927147000016,51.71706629697194],[4.597023925695734,51.715460824353904],[4.588660955553999,51.712218441288336],[4.588287925347022,51.712535222498516],[4.5901341709248324,51.71355843715553],[4.589371453742272,51.7144452290934],[4.590528426866074,51.71630893358395],[4.590189321581616,51.716334626389504],[4.589051443938877,51.714716077968795],[4.5884767375709625,51.71497384181274],[4.58698231899667,51.71389267738628],[4.588098768630341,51.71202997330575],[4.584387747411011,51.71114251829827],[4.580456828635805,51.71196425524151],[4.574895260382902,51.71067205652908],[4.566364607408168,51.706936918531085],[4.556760298876988,51.70447984783172],[4.534974825461091,51.70190906690307],[4.5304448565036735,51.700642343701624],[4.528823910074385,51.70164104190331],[4.515900117542388,51.70336685607907],[4.511885412625344,51.70449177154588],[4.508715141902929,51.70656067677133],[4.503903079221232,51.70658829145995],[4.498370919570606,51.70827992087321],[4.49291144180094,51.708936710586315],[4.489548786056385,51.71082452553851],[4.475512957490786,51.71296344372036],[4.4682767873483735,51.71495772168556],[4.457988844955961,51.71571812956166],[4.451963721919156,51.715529308915734],[4.451619734009818,51.71785239969176],[4.449790503352811,51.71750776642324],[4.448870600591172,51.71784917130038],[4.4480340952416135,51.71770587119724],[4.448255970101556,51.71686908813116],[4.448977996242935,51.71716073642326],[4.450241025298414,51.71703084736452],[4.451310893488707,51.71660138975402],[4.451567450800735,51.714979425841136],[4.446190252982196,51.715476081702214],[4.444889667029202,51.71703512377197],[4.446703252581923,51.71711371386338],[4.44658614196999,51.71762618315148],[4.4439870609212235,51.71750565776506],[4.445266790332182,51.71545536298629],[4.443127894556122,51.71549374755005],[4.442091373933202,51.71664755579361],[4.438729356020069,51.71560253375426],[4.431984778044491,51.71743526239155],[4.4181335306646705,51.71877859306098],[4.419525314528436,51.72083441821207],[4.418422136200581,51.72096682960661],[4.416913439374721,51.719026390296584],[4.40601998981377,51.72189905051181],[4.403203842675634,51.719300272632324],[4.398231032877431,51.71133423125645],[4.398046095701443,51.711378143385254],[4.397899422756281,51.71141297119866],[4.403309918522161,51.720107884965465],[4.400006147750767,51.72160436918342],[4.402916107427955,51.721384985271555],[4.404230661300043,51.7233282895937],[4.400715598708705,51.72494615225982],[4.384466963055641,51.7305940781505],[4.3835952370127975,51.73175500608294],[4.372841323068442,51.73464702089705],[4.349499037787377,51.743331738147],[4.317199688998709,51.751851274016516],[4.317615829117044,51.754412485442494],[4.316836813334423,51.752139175478455],[4.293067412958448,51.75685785461323],[4.290243249809363,51.757589777649784],[4.290432965575657,51.75772993787002],[4.29590543051923,51.75658100700928],[4.296356255650933,51.7573568733929],[4.290105714443779,51.75855902741313],[4.282220572051224,51.758702983782065],[4.271697533130894,51.76032789628552],[4.257292984452366,51.76422868647857],[4.248950480275827,51.76582980020623],[4.246080746552747,51.767651439182984],[4.240671336152005,51.77094923158036],[4.2360363424686565,51.775565233198265],[4.230889343045229,51.77921295801108],[4.230411932622145,51.78041861106355],[4.232244440147015,51.781721624451926],[4.2373250977508246,51.779858900180585],[4.250417357332586,51.78407877634455],[4.246628489731889,51.78533953790294],[4.264369516370401,51.803396691798895],[4.26859661196503,51.80483938194363],[4.271604796422915,51.80515568135392],[4.2844973586068695,51.8036647518735],[4.295792181231208,51.802111161707224],[4.299039853773897,51.80406122400631],[4.305858568157312,51.808595632643396],[4.3172642428084185,51.81128770753161],[4.330791658095778,51.812974887001005],[4.337085379283255,51.816439071283774],[4.33983471973668,51.81682936221385],[4.3471084195264895,51.817887636656216],[4.3542985889016,51.81916529383182],[4.3690826439600166,51.816981639712544],[4.379195304374284,51.82249770722885],[4.382132142273691,51.82407939389738],[4.3966299184544,51.83103480779886],[4.399136932566628,51.831420435657556],[4.412553316403236,51.829922618647245],[4.415597956767391,51.829668901657485],[4.419013370239977,51.82959054025218],[4.422274331203867,51.83022672427289],[4.428452198719497,51.83421114922068],[4.432482634340814,51.83704631992339],[4.443892836833149,51.83343066964524],[4.450083323938416,51.83217353450108],[4.458562497267077,51.831645429592015],[4.467119800578059,51.831943828495824]]]]},"properties":{"type":"boundary","gemeente":"Hoeksche Waard","code":"GM1963"}}]}