{"type":"FeatureCollection","metadata":{"gemeente":"Lansingerland","slug":"lansingerland","code":"GM1621","generated_at":"2026-07-06T16:26:11.361Z","total_passenger":400,"total_freight":0,"bounds":[4.424446158418727,51.96028647006856,4.565042517498243,52.06174132555933],"operators":["Allego","DAEN Mobility","E-Flux by Road","EQUANS","Eneco","Laadnet","Lidl","Pluq","Shell Recharge","Vattenfall InCharge","bp pulse"]},"features":[{"type":"Feature","geometry":{"type":"Point","coordinates":[4.451048,51.98178]},"properties":{"type":"charge","layer":"passenger","locationId":"e6887daa-d71a-43bc-bae5-7daeb35de283","name":"Celsiusstraat","address":"Celsiusstraat 20","city":"Berkel en Rodenrijs","operatorName":"Vattenfall InCharge","maxPowerKw":50,"isMegawatt":false,"status":"AVAILABLE","source":"ndw"}},{"type":"Feature","geometry":{"type":"Point","coordinates":[4.504986,51.997083]},"properties":{"type":"charge","layer":"passenger","locationId":"90826897","name":"EQUANS SGZH 2.0 van Ruysdaellaan 77","address":"van Ruysdaellaan 77","city":"Bergschenhoek","operatorName":"EQUANS","maxPowerKw":11,"isMegawatt":false,"status":"AVAILABLE","source":"ndw"}},{"type":"Feature","geometry":{"type":"Point","coordinates":[4.50267,51.98318]},"properties":{"type":"charge","layer":"passenger","locationId":"91298740","name":"EQUANS SGZH 2.0 Reigerlaan 16","address":"Reigerlaan 16","city":"Bergschenhoek","operatorName":"EQUANS","maxPowerKw":11,"isMegawatt":false,"status":"AVAILABLE","source":"ndw"}},{"type":"Feature","geometry":{"type":"Point","coordinates":[4.487549,51.992738]},"properties":{"type":"charge","layer":"passenger","locationId":"89261888","name":"EQUANS SGZH 1.0 89261888","address":"Architectenlaan 24","city":"Bergschenhoek","operatorName":"EQUANS","maxPowerKw":11,"isMegawatt":false,"status":"AVAILABLE","source":"ndw"}},{"type":"Feature","geometry":{"type":"Point","coordinates":[4.49979,51.994203]},"properties":{"type":"charge","layer":"passenger","locationId":"89261867","name":"EQUANS SGZH 1.0 89261867","address":"Streepvaren 2","city":"Bergschenhoek","operatorName":"EQUANS","maxPowerKw":11,"isMegawatt":false,"status":"AVAILABLE","source":"ndw"}},{"type":"Feature","geometry":{"type":"Point","coordinates":[4.54518,52.00554]},"properties":{"type":"charge","layer":"passenger","locationId":"91245573","name":"EQUANS SGZH 2.0 Beukenlaan 58","address":"Beukenlaan 58","city":"Bleiswijk","operatorName":"EQUANS","maxPowerKw":11,"isMegawatt":false,"status":"AVAILABLE","source":"ndw"}},{"type":"Feature","geometry":{"type":"Point","coordinates":[4.528352,52.015007]},"properties":{"type":"charge","layer":"passenger","locationId":"89332806","name":"EQUANS SGZH 2.0 89332806","address":"Marijkelaan 49","city":"Bleiswijk","operatorName":"EQUANS","maxPowerKw":11,"isMegawatt":false,"status":"CHARGING","source":"ndw"}},{"type":"Feature","geometry":{"type":"Point","coordinates":[4.488461,52.001192]},"properties":{"type":"charge","layer":"passenger","locationId":"91187546","name":"EQUANS SGZH 2.0 Lindenlaan 64","address":"Lindenlaan 64","city":"Berkel en Rodenrijs","operatorName":"EQUANS","maxPowerKw":11,"isMegawatt":false,"status":"AVAILABLE","source":"ndw"}},{"type":"Feature","geometry":{"type":"Point","coordinates":[4.486002,51.998979]},"properties":{"type":"charge","layer":"passenger","locationId":"89396939","name":"EQUANS SGZH 2.0 89396939","address":"van Naeldwijcklaan 48","city":"Berkel en Rodenrijs","operatorName":"EQUANS","maxPowerKw":11,"isMegawatt":false,"status":"AVAILABLE","source":"ndw"}},{"type":"Feature","geometry":{"type":"Point","coordinates":[4.477192,51.994506]},"properties":{"type":"charge","layer":"passenger","locationId":"89162990","name":"EQUANS SGZH 2.0 89162990","address":"Noordeindseweg 4","city":"Berkel en Rodenrijs","operatorName":"EQUANS","maxPowerKw":17,"isMegawatt":false,"status":"AVAILABLE","source":"ndw"}},{"type":"Feature","geometry":{"type":"Point","coordinates":[4.508502,51.994998]},"properties":{"type":"charge","layer":"passenger","locationId":"90836247","name":"EQUANS SGZH 2.0 Grooten Sloot 20","address":"Grooten Sloot 20","city":"Bergschenhoek","operatorName":"EQUANS","maxPowerKw":11,"isMegawatt":false,"status":"AVAILABLE","source":"ndw"}},{"type":"Feature","geometry":{"type":"Point","coordinates":[4.49572,52.00648]},"properties":{"type":"charge","layer":"passenger","locationId":"91391583","name":"EQUANS SGZH 2.0 Spinel 58","address":"Spinel 58","city":"Berkel en Rodenrijs","operatorName":"EQUANS","maxPowerKw":11,"isMegawatt":false,"status":"AVAILABLE","source":"ndw"}},{"type":"Feature","geometry":{"type":"Point","coordinates":[4.4669,51.98087]},"properties":{"type":"charge","layer":"passenger","locationId":"90988140","name":"EQUANS SGZH 2.0 Hordijklaan 1","address":"Hordijklaan 1","city":"Berkel en Rodenrijs","operatorName":"EQUANS","maxPowerKw":11,"isMegawatt":false,"status":"AVAILABLE","source":"ndw"}},{"type":"Feature","geometry":{"type":"Point","coordinates":[4.44868,51.98583]},"properties":{"type":"charge","layer":"passenger","locationId":"91357627","name":"EQUANS SGZH 2.0 John Kraaijkampstraat 2","address":"John Kraaijkampstraat 2","city":"Berkel en Rodenrijs","operatorName":"EQUANS","maxPowerKw":11,"isMegawatt":false,"status":"AVAILABLE","source":"ndw"}},{"type":"Feature","geometry":{"type":"Point","coordinates":[4.46423,51.98319]},"properties":{"type":"charge","layer":"passenger","locationId":"91448182","name":"EQUANS SGZH 2.0 Freesiastraat 40","address":"Freesiastraat 40","city":"Berkel en Rodenrijs","operatorName":"EQUANS","maxPowerKw":11,"isMegawatt":false,"status":"AVAILABLE","source":"ndw"}},{"type":"Feature","geometry":{"type":"Point","coordinates":[4.479533,51.999519]},"properties":{"type":"charge","layer":"passenger","locationId":"89261851","name":"EQUANS SGZH 1.0 89261851","address":"Brandemeerplantsoen 22","city":"Berkel en rodenrijs","operatorName":"EQUANS","maxPowerKw":11,"isMegawatt":false,"status":"AVAILABLE","source":"ndw"}},{"type":"Feature","geometry":{"type":"Point","coordinates":[4.502109,51.988102]},"properties":{"type":"charge","layer":"passenger","locationId":"91172027","name":"EQUANS SGZH 2.0 Laan der Vrijheid 8","address":"Laan der Vrijheid 8","city":"Bergschenhoek","operatorName":"EQUANS","maxPowerKw":11,"isMegawatt":false,"status":"AVAILABLE","source":"ndw"}},{"type":"Feature","geometry":{"type":"Point","coordinates":[4.539444,52.039855]},"properties":{"type":"charge","layer":"passenger","locationId":"922590","name":"LP 2 DAE-NL-2000009","address":"Facetlaan 6","city":"Bleiswijk","operatorName":"DAEN Mobility","maxPowerKw":22,"isMegawatt":false,"status":"AVAILABLE","source":"ndw","priceKwh":0.32}},{"type":"Feature","geometry":{"type":"Point","coordinates":[4.49245,51.99375]},"properties":{"type":"charge","layer":"passenger","locationId":"90918892","name":"EQUANS SGZH 2.0 Van der Leurstraat 29","address":"Van der Leurstraat 29","city":"Bergschenhoek","operatorName":"EQUANS","maxPowerKw":11,"isMegawatt":false,"status":"AVAILABLE","source":"ndw"}},{"type":"Feature","geometry":{"type":"Point","coordinates":[4.529948,52.013948]},"properties":{"type":"charge","layer":"passenger","locationId":"89086098","name":"EQUANS SGZH 1.0 89086098","address":"Van Kinsbergenstraat 1","city":"Bleiswijk","operatorName":"EQUANS","maxPowerKw":22,"isMegawatt":false,"status":"CHARGING","source":"ndw"}},{"type":"Feature","geometry":{"type":"Point","coordinates":[4.480028,51.993739]},"properties":{"type":"charge","layer":"passenger","locationId":"90832057","name":"EQUANS SGZH 2.0 Wilhelminastraat 6","address":"Wilhelminastraat 6","city":"Berkel en Rodenrijs","operatorName":"EQUANS","maxPowerKw":11,"isMegawatt":false,"status":"AVAILABLE","source":"ndw"}},{"type":"Feature","geometry":{"type":"Point","coordinates":[4.54311,52.03914]},"properties":{"type":"charge","layer":"passenger","locationId":"91161388","name":"EQUANS SGZH 2.0 Kruisweg 6","address":"Kruisweg 6","city":"Bleiswijk","operatorName":"EQUANS","maxPowerKw":11,"isMegawatt":false,"status":"AVAILABLE","source":"ndw"}},{"type":"Feature","geometry":{"type":"Point","coordinates":[4.460675,51.990606]},"properties":{"type":"charge","layer":"passenger","locationId":"89942835","name":"EQUANS SGZH 2.0 Felix Timmermanshof 1","address":"Felix Timmermanshof 1","city":"Berkel en Rodenrijs","operatorName":"EQUANS","maxPowerKw":11,"isMegawatt":false,"status":"UNAVAILABLE","source":"ndw"}},{"type":"Feature","geometry":{"type":"Point","coordinates":[4.497248,51.998877]},"properties":{"type":"charge","layer":"passenger","locationId":"89261889","name":"EQUANS SGZH 1.0 89261889","address":"Christiaan van der Takstraat 82","city":"Bergschenhoek","operatorName":"EQUANS","maxPowerKw":11,"isMegawatt":false,"status":"CHARGING","source":"ndw"}},{"type":"Feature","geometry":{"type":"Point","coordinates":[4.552749,52.025255]},"properties":{"type":"charge","layer":"passenger","locationId":"3966739","name":"Laadnet Klappolder 55","address":"Klappolder 55","city":"Bleiswijk","operatorName":"Laadnet","maxPowerKw":22,"isMegawatt":false,"status":"AVAILABLE","source":"ndw"}},{"type":"Feature","geometry":{"type":"Point","coordinates":[4.543448,52.011559]},"properties":{"type":"charge","layer":"passenger","locationId":"89261912","name":"EQUANS SGZH 1.0 89261912","address":"Kleine Beer 44","city":"Bleiswijk","operatorName":"EQUANS","maxPowerKw":11,"isMegawatt":false,"status":"AVAILABLE","source":"ndw"}},{"type":"Feature","geometry":{"type":"Point","coordinates":[4.51244,51.98381]},"properties":{"type":"charge","layer":"passenger","locationId":"91325991","name":"EQUANS SGZH 2.0 Hoeksekade 134","address":"Hoeksekade 134","city":"Bergschenhoek","operatorName":"EQUANS","maxPowerKw":11,"isMegawatt":false,"status":"AVAILABLE","source":"ndw"}},{"type":"Feature","geometry":{"type":"Point","coordinates":[4.539978,52.01085]},"properties":{"type":"charge","layer":"passenger","locationId":"89261901","name":"EQUANS SGZH 1.0 89261901","address":"Leeuwenhorststraat 7","city":"Bleiswijk","operatorName":"EQUANS","maxPowerKw":11,"isMegawatt":false,"status":"AVAILABLE","source":"ndw"}},{"type":"Feature","geometry":{"type":"Point","coordinates":[4.466606,51.987822]},"properties":{"type":"charge","layer":"passenger","locationId":"89086949","name":"EQUANS SGZH 1.0 89086949","address":"Blauwborst 19","city":"Berkel en Rodenrijs","operatorName":"EQUANS","maxPowerKw":22,"isMegawatt":false,"status":"AVAILABLE","source":"ndw"}},{"type":"Feature","geometry":{"type":"Point","coordinates":[4.44961,51.98758]},"properties":{"type":"charge","layer":"passenger","locationId":"91379077","name":"EQUANS SGZH 2.0 John Kraaijkampstraat 40","address":"John Kraaijkampstraat 40","city":"Berkel en Rodenrijs","operatorName":"EQUANS","maxPowerKw":11,"isMegawatt":false,"status":"AVAILABLE","source":"ndw"}},{"type":"Feature","geometry":{"type":"Point","coordinates":[4.469303,51.998728]},"properties":{"type":"charge","layer":"passenger","locationId":"90369531","name":"EQUANS SGZH 2.0 Rivierenstraat 200","address":"Rivierenstraat 200","city":"Berkel en Rodenrijs","operatorName":"EQUANS","maxPowerKw":11,"isMegawatt":false,"status":"AVAILABLE","source":"ndw"}},{"type":"Feature","geometry":{"type":"Point","coordinates":[4.537997,52.010445]},"properties":{"type":"charge","layer":"passenger","locationId":"89261893","name":"EQUANS SGZH 1.0 89261893","address":"Heenvlietsingel 15","city":"Bleiswijk","operatorName":"EQUANS","maxPowerKw":11,"isMegawatt":false,"status":"AVAILABLE","source":"ndw"}},{"type":"Feature","geometry":{"type":"Point","coordinates":[4.4922,51.989742]},"properties":{"type":"charge","layer":"passenger","locationId":"NLLOC001413","name":"NLD, Bergschenhoek, Haverveld 33","address":"Haverveld 33","city":"Bergschenhoek","operatorName":"Allego","maxPowerKw":11,"isMegawatt":false,"status":"AVAILABLE","source":"ndw","priceKwh":0.511}},{"type":"Feature","geometry":{"type":"Point","coordinates":[4.511863,51.993539]},"properties":{"type":"charge","layer":"passenger","locationId":"89261877","name":"EQUANS SGZH 1.0 89261877","address":"Vierlinghweg 51","city":"Bergschenhoek","operatorName":"EQUANS","maxPowerKw":11,"isMegawatt":false,"status":"AVAILABLE","source":"ndw"}},{"type":"Feature","geometry":{"type":"Point","coordinates":[4.498513,51.994697]},"properties":{"type":"charge","layer":"passenger","locationId":"90195824","name":"EQUANS SGZH 2.0 Eikvaren 6","address":"Eikvaren 6","city":"Bergschenhoek","operatorName":"EQUANS","maxPowerKw":11,"isMegawatt":false,"status":"AVAILABLE","source":"ndw"}},{"type":"Feature","geometry":{"type":"Point","coordinates":[4.456848,51.985135]},"properties":{"type":"charge","layer":"passenger","locationId":"89095483","name":"EQUANS SGZH 1.0 89095483","address":"Guus Hermussingel 7","city":"Berkel en Rodenrijs","operatorName":"EQUANS","maxPowerKw":11,"isMegawatt":false,"status":"AVAILABLE","source":"ndw"}},{"type":"Feature","geometry":{"type":"Point","coordinates":[4.468439,52.000842]},"properties":{"type":"charge","layer":"passenger","locationId":"89942822","name":"EQUANS SGZH 2.0 89942822","address":"Oosterscheldestraat 37","city":"Berkel en Rodenrijs","operatorName":"EQUANS","maxPowerKw":11,"isMegawatt":false,"status":"AVAILABLE","source":"ndw"}},{"type":"Feature","geometry":{"type":"Point","coordinates":[4.487843,51.990614]},"properties":{"type":"charge","layer":"passenger","locationId":"89370448","name":"EQUANS SGZH 2.0 Tjeerd Kuipersstraat 112","address":"Tjeerd Kuipersstraat 112","city":"Bergschenhoek","operatorName":"EQUANS","maxPowerKw":11,"isMegawatt":false,"status":"AVAILABLE","source":"ndw"}},{"type":"Feature","geometry":{"type":"Point","coordinates":[4.461985,51.995125]},"properties":{"type":"charge","layer":"passenger","locationId":"89251434","name":"EQUANS SGZH 2.0 89251434","address":"Klapwijkse Zoom 261","city":"Berkel en Rodenrijs","operatorName":"EQUANS","maxPowerKw":11,"isMegawatt":false,"status":"AVAILABLE","source":"ndw"}},{"type":"Feature","geometry":{"type":"Point","coordinates":[4.4493,51.98458]},"properties":{"type":"charge","layer":"passenger","locationId":"91049959","name":"EQUANS SGZH 2.0 Gees Linnebankstraat 55","address":"Gees Linnebankstraat 55","city":"Berkel en Rodenrijs","operatorName":"EQUANS","maxPowerKw":11,"isMegawatt":false,"status":"CHARGING","source":"ndw"}},{"type":"Feature","geometry":{"type":"Point","coordinates":[4.539444,52.039855]},"properties":{"type":"charge","layer":"passenger","locationId":"922591","name":"LP 3 DAE-NL-2000010","address":"Facetlaan 6","city":"Bleiswijk","operatorName":"DAEN Mobility","maxPowerKw":22,"isMegawatt":false,"status":"AVAILABLE","source":"ndw","priceKwh":0.32}},{"type":"Feature","geometry":{"type":"Point","coordinates":[4.537643,52.045394]},"properties":{"type":"charge","layer":"passenger","locationId":"4235716","name":"Laadnet Dole Europe BV","address":"Spectrumlaan 29","city":"Bleiswijk","operatorName":"Laadnet","maxPowerKw":22,"isMegawatt":false,"status":"AVAILABLE","source":"ndw"}},{"type":"Feature","geometry":{"type":"Point","coordinates":[4.461099,51.988064]},"properties":{"type":"charge","layer":"passenger","locationId":"89261838","name":"EQUANS SGZH 1.0 89261838","address":"Jaap Ter Haarsingel 13","city":"Berkel en rodenrijs","operatorName":"EQUANS","maxPowerKw":11,"isMegawatt":false,"status":"CHARGING","source":"ndw"}},{"type":"Feature","geometry":{"type":"Point","coordinates":[4.535221,52.011425]},"properties":{"type":"charge","layer":"passenger","locationId":"89261911","name":"EQUANS SGZH 1.0 89261911","address":"Groene Loper 44","city":"Bleiswijk","operatorName":"EQUANS","maxPowerKw":11,"isMegawatt":false,"status":"CHARGING","source":"ndw"}},{"type":"Feature","geometry":{"type":"Point","coordinates":[4.50149,51.985565]},"properties":{"type":"charge","layer":"passenger","locationId":"4734311","name":"Laadnet Garage terrein","address":"Burgemeester van Oostenweg 7","city":"Bergschenhoek","operatorName":"Laadnet","maxPowerKw":11,"isMegawatt":false,"status":"AVAILABLE","source":"ndw"}},{"type":"Feature","geometry":{"type":"Point","coordinates":[4.53308,52.008662]},"properties":{"type":"charge","layer":"passenger","locationId":"89261908","name":"EQUANS SGZH 1.0 89261908","address":"Oranjetuin 1","city":"Bleiswijk","operatorName":"EQUANS","maxPowerKw":11,"isMegawatt":false,"status":"AVAILABLE","source":"ndw"}},{"type":"Feature","geometry":{"type":"Point","coordinates":[4.495254,51.995477]},"properties":{"type":"charge","layer":"passenger","locationId":"90164968","name":"EQUANS SGZH 2.0 Groeneweg 17 b","address":"Groeneweg 17 b","city":"Bergschenhoek","operatorName":"EQUANS","maxPowerKw":11,"isMegawatt":false,"status":"AVAILABLE","source":"ndw"}},{"type":"Feature","geometry":{"type":"Point","coordinates":[4.475553,51.995484]},"properties":{"type":"charge","layer":"passenger","locationId":"90273576","name":"EQUANS SGZH 2.0 Westersingel 78","address":"Westersingel 78","city":"Berkel en Rodenrijs","operatorName":"EQUANS","maxPowerKw":11,"isMegawatt":false,"status":"AVAILABLE","source":"ndw"}},{"type":"Feature","geometry":{"type":"Point","coordinates":[4.474677,51.990106]},"properties":{"type":"charge","layer":"passenger","locationId":"780","name":"Shell Recharge NL9219 - Karwei Berkel en Rodenrijs","address":"Berkelse Poort 1","city":"Berkel en Rodenrijs","operatorName":"Shell Recharge","maxPowerKw":150,"isMegawatt":false,"status":"AVAILABLE","source":"ndw","priceKwh":0.7025}},{"type":"Feature","geometry":{"type":"Point","coordinates":[4.533994,52.016807]},"properties":{"type":"charge","layer":"passenger","locationId":"87068c2d-e3a7-4b4e-8795-997263cefbef","name":"Lidl Bleiswijk","address":"Hoefweg 133","city":"Bleiswijk","operatorName":"Lidl","maxPowerKw":50,"isMegawatt":false,"status":"UNAVAILABLE","source":"ndw"}},{"type":"Feature","geometry":{"type":"Point","coordinates":[4.464584,51.988621]},"properties":{"type":"charge","layer":"passenger","locationId":"89261832","name":"EQUANS SGZH 1.0 89261832","address":"Godfried Bomanssingel 10","city":"Berkel en rodenrijs","operatorName":"EQUANS","maxPowerKw":11,"isMegawatt":false,"status":"AVAILABLE","source":"ndw"}},{"type":"Feature","geometry":{"type":"Point","coordinates":[4.462639,51.985151]},"properties":{"type":"charge","layer":"passenger","locationId":"89329870","name":"EQUANS SGZH 2.0 89329870","address":"Burcht 1","city":"Berkel en Rodenrijs","operatorName":"EQUANS","maxPowerKw":11,"isMegawatt":false,"status":"AVAILABLE","source":"ndw"}},{"type":"Feature","geometry":{"type":"Point","coordinates":[4.453202,51.985922]},"properties":{"type":"charge","layer":"passenger","locationId":"89249597","name":"EQUANS SGZH 2.0 89249597","address":"Will van Kralingensingel 61","city":"Berkel en Rodenrijs","operatorName":"EQUANS","maxPowerKw":11,"isMegawatt":false,"status":"AVAILABLE","source":"ndw"}},{"type":"Feature","geometry":{"type":"Point","coordinates":[4.462053,51.982825]},"properties":{"type":"charge","layer":"passenger","locationId":"90836412","name":"EQUANS SGZH 1.0 Chrysantenhof 49","address":"Chrysantenhof 49","city":"Berkel en Rodenrijs","operatorName":"EQUANS","maxPowerKw":11,"isMegawatt":false,"status":"AVAILABLE","source":"ndw"}},{"type":"Feature","geometry":{"type":"Point","coordinates":[4.527472,52.00916]},"properties":{"type":"charge","layer":"passenger","locationId":"89344597","name":"EQUANS SGZH 2.0 89344597","address":"Van Goghlaan 24","city":"Bleiswijk","operatorName":"EQUANS","maxPowerKw":11,"isMegawatt":false,"status":"CHARGING","source":"ndw"}},{"type":"Feature","geometry":{"type":"Point","coordinates":[4.465389,51.99574]},"properties":{"type":"charge","layer":"passenger","locationId":"89355423","name":"EQUANS SGZH 2.0 Muiderstraat 28","address":"Muiderstraat 28","city":"Berkel en Rodenrijs","operatorName":"EQUANS","maxPowerKw":11,"isMegawatt":false,"status":"AVAILABLE","source":"ndw"}},{"type":"Feature","geometry":{"type":"Point","coordinates":[4.45183,51.98199]},"properties":{"type":"charge","layer":"passenger","locationId":"NLENV00015","name":"Celsiusstraat 20  Berkel en Rodenrijs","address":"Celsiusstraat  20","city":"Berkel en Rodenrijs","operatorName":"","maxPowerKw":11,"isMegawatt":false,"status":"AVAILABLE","source":"ndw","priceKwh":0.5}},{"type":"Feature","geometry":{"type":"Point","coordinates":[4.49873,51.97874]},"properties":{"type":"charge","layer":"passenger","locationId":"D72CABC1-6313-43E4-93FA-D72356A0C7C8","name":"Eneco eMobility Noordermeer Automotive B.V.","address":"Weg en land 4","city":"Bergschenhoek","operatorName":"Eneco","maxPowerKw":22,"isMegawatt":false,"status":"UNAVAILABLE","source":"ndw","priceKwh":0.32}},{"type":"Feature","geometry":{"type":"Point","coordinates":[4.461076,51.976674]},"properties":{"type":"charge","layer":"passenger","locationId":"90357729","name":"EQUANS SGZH 2.0 Stationsweg 15","address":"Stationsweg 15","city":"Berkel en Rodenrijs","operatorName":"EQUANS","maxPowerKw":11,"isMegawatt":false,"status":"AVAILABLE","source":"ndw"}},{"type":"Feature","geometry":{"type":"Point","coordinates":[4.546775,52.012309]},"properties":{"type":"charge","layer":"passenger","locationId":"89443683","name":"EQUANS SGZH 2.0 89443683","address":"Weegschaal 40","city":"Bleiswijk","operatorName":"EQUANS","maxPowerKw":11,"isMegawatt":false,"status":"CHARGING","source":"ndw"}},{"type":"Feature","geometry":{"type":"Point","coordinates":[4.50977,51.99445]},"properties":{"type":"charge","layer":"passenger","locationId":"90942026","name":"EQUANS SGZH 2.0 Verheullaan 32 (t.h.v. Van Ruysdaellaan 92)","address":"Verheullaan 32","city":"Bergschenhoek","operatorName":"EQUANS","maxPowerKw":11,"isMegawatt":false,"status":"AVAILABLE","source":"ndw"}},{"type":"Feature","geometry":{"type":"Point","coordinates":[4.491573,51.989538]},"properties":{"type":"charge","layer":"passenger","locationId":"67ceb604253f14c0fe722a37","name":"Maisveld","address":"Maisveld 2","city":"Bergschenghoek","operatorName":"E-Flux by Road","maxPowerKw":11,"isMegawatt":false,"status":"AVAILABLE","source":"ndw","priceKwh":0.41}},{"type":"Feature","geometry":{"type":"Point","coordinates":[4.464835,51.991637]},"properties":{"type":"charge","layer":"passenger","locationId":"89254209","name":"EQUANS SGZH 2.0 89254209","address":"Belcampostraat 69","city":"Berkel en Rodenrijs","operatorName":"EQUANS","maxPowerKw":11,"isMegawatt":false,"status":"AVAILABLE","source":"ndw"}},{"type":"Feature","geometry":{"type":"Point","coordinates":[4.539444,52.039855]},"properties":{"type":"charge","layer":"passenger","locationId":"922592","name":"LP 4 DAE-NL-2000011","address":"Facetlaan 6","city":"Bleiswijk","operatorName":"DAEN Mobility","maxPowerKw":22,"isMegawatt":false,"status":"UNAVAILABLE","source":"ndw","priceKwh":0.32}},{"type":"Feature","geometry":{"type":"Point","coordinates":[4.530306,52.007553]},"properties":{"type":"charge","layer":"passenger","locationId":"89261907","name":"EQUANS SGZH 1.0 89261907","address":"Koperwiekdreef 22","city":"Bleiswijk","operatorName":"EQUANS","maxPowerKw":11,"isMegawatt":false,"status":"CHARGING","source":"ndw"}},{"type":"Feature","geometry":{"type":"Point","coordinates":[4.488593,51.988893]},"properties":{"type":"charge","layer":"passenger","locationId":"90195823","name":"EQUANS SGZH 2.0 Akeleituin t.h.v. Iristuin 7","address":"Iristuin 7","city":"Bergschenhoek","operatorName":"EQUANS","maxPowerKw":11,"isMegawatt":false,"status":"AVAILABLE","source":"ndw"}},{"type":"Feature","geometry":{"type":"Point","coordinates":[4.547952,52.028122]},"properties":{"type":"charge","layer":"passenger","locationId":"4227352","name":"Laadnet Horticoop","address":"Klappolder 150","city":"Bleiswijk","operatorName":"Laadnet","maxPowerKw":22,"isMegawatt":false,"status":"AVAILABLE","source":"ndw"}},{"type":"Feature","geometry":{"type":"Point","coordinates":[4.452577,51.983193]},"properties":{"type":"charge","layer":"passenger","locationId":"89261849","name":"EQUANS SGZH 1.0 Mary Dresselhuysweg 32","address":"Mary Dresselhuysweg 32","city":"Berkel en rodenrijs","operatorName":"EQUANS","maxPowerKw":11,"isMegawatt":false,"status":"AVAILABLE","source":"ndw"}},{"type":"Feature","geometry":{"type":"Point","coordinates":[4.483476,52.013855]},"properties":{"type":"charge","layer":"passenger","locationId":"89261810","name":"EQUANS SGZH 1.0 89261810","address":"Meikeverstraat 11","city":"Berkel en rodenrijs","operatorName":"EQUANS","maxPowerKw":11,"isMegawatt":false,"status":"CHARGING","source":"ndw"}},{"type":"Feature","geometry":{"type":"Point","coordinates":[4.490167,51.993293]},"properties":{"type":"charge","layer":"passenger","locationId":"89261887","name":"EQUANS SGZH 1.0 89261887","address":"Architectenlaan 25","city":"Bergschenhoek","operatorName":"EQUANS","maxPowerKw":11,"isMegawatt":false,"status":"CHARGING","source":"ndw"}},{"type":"Feature","geometry":{"type":"Point","coordinates":[4.49434,51.98391]},"properties":{"type":"charge","layer":"passenger","locationId":"91372865","name":"EQUANS SGZH 2.0 Douwes Dekkerlaan 13","address":"Douwes Dekkerlaan 13","city":"Bergschenhoek","operatorName":"EQUANS","maxPowerKw":11,"isMegawatt":false,"status":"AVAILABLE","source":"ndw"}},{"type":"Feature","geometry":{"type":"Point","coordinates":[4.450166,51.984496]},"properties":{"type":"charge","layer":"passenger","locationId":"89261844","name":"EQUANS SGZH 1.0 89261844","address":"Louis d' orlaan 46","city":"Berkel en rodenrijs","operatorName":"EQUANS","maxPowerKw":11,"isMegawatt":false,"status":"CHARGING","source":"ndw"}},{"type":"Feature","geometry":{"type":"Point","coordinates":[4.471146,51.998376]},"properties":{"type":"charge","layer":"passenger","locationId":"6903ea48de09704448289ad7","name":"RachConnect","address":"oosterscheldestraat 7","city":"Berkel en Rodenrijs","operatorName":"E-Flux by Road","maxPowerKw":11,"isMegawatt":false,"status":"CHARGING","source":"ndw","priceKwh":0.58}},{"type":"Feature","geometry":{"type":"Point","coordinates":[4.46478,51.9905]},"properties":{"type":"charge","layer":"passenger","locationId":"90310803","name":"EQUANS SGZH 2.0 Louis Paul Boonstraat 85","address":"Louis Paul Boonstraat 85","city":"Berkel en Rodenrijs","operatorName":"EQUANS","maxPowerKw":11,"isMegawatt":false,"status":"AVAILABLE","source":"ndw"}},{"type":"Feature","geometry":{"type":"Point","coordinates":[4.471914,51.983664]},"properties":{"type":"charge","layer":"passenger","locationId":"90256814","name":"EQUANS SGZH 2.0 Muijhof 52","address":"Muijhof 52","city":"Berkel en Rodenrijs","operatorName":"EQUANS","maxPowerKw":11,"isMegawatt":false,"status":"CHARGING","source":"ndw"}},{"type":"Feature","geometry":{"type":"Point","coordinates":[4.504743,51.986205]},"properties":{"type":"charge","layer":"passenger","locationId":"89261861","name":"EQUANS SGZH 1.0 89261861","address":"Marius Richterslaan 1","city":"Bergschenhoek","operatorName":"EQUANS","maxPowerKw":11,"isMegawatt":false,"status":"CHARGING","source":"ndw"}},{"type":"Feature","geometry":{"type":"Point","coordinates":[4.467563,51.986293]},"properties":{"type":"charge","layer":"passenger","locationId":"89261822","name":"EQUANS SGZH 1.0 89261822","address":"Leeuwerik 1","city":"Berkel en rodenrijs","operatorName":"EQUANS","maxPowerKw":11,"isMegawatt":false,"status":"AVAILABLE","source":"ndw"}},{"type":"Feature","geometry":{"type":"Point","coordinates":[4.460548,51.974859]},"properties":{"type":"charge","layer":"passenger","locationId":"89142930","name":"EQUANS SGZH 1.0 89142931","address":"Spoorhaven 11 EPL2","city":"Berkel en Rodenrijs","operatorName":"EQUANS","maxPowerKw":17,"isMegawatt":false,"status":"AVAILABLE","source":"ndw"}},{"type":"Feature","geometry":{"type":"Point","coordinates":[4.459758,51.989546]},"properties":{"type":"charge","layer":"passenger","locationId":"89261839","name":"EQUANS SGZH 1.0 89261839","address":"Stationssingel 68","city":"Berkel en rodenrijs","operatorName":"EQUANS","maxPowerKw":11,"isMegawatt":false,"status":"AVAILABLE","source":"ndw"}},{"type":"Feature","geometry":{"type":"Point","coordinates":[4.469923,51.999808]},"properties":{"type":"charge","layer":"passenger","locationId":"89261842","name":"EQUANS SGZH 1.0 89261842","address":"Oosterscheldestraat 80","city":"Berkel en rodenrijs","operatorName":"EQUANS","maxPowerKw":11,"isMegawatt":false,"status":"AVAILABLE","source":"ndw"}},{"type":"Feature","geometry":{"type":"Point","coordinates":[4.498609,51.993618]},"properties":{"type":"charge","layer":"passenger","locationId":"90321528","name":"EQUANS SGZH 2.0 Adelaarsvaren 59","address":"Adelaarsvaren 59","city":"Bergschenhoek","operatorName":"EQUANS","maxPowerKw":11,"isMegawatt":false,"status":"AVAILABLE","source":"ndw"}},{"type":"Feature","geometry":{"type":"Point","coordinates":[4.462466,51.979121]},"properties":{"type":"charge","layer":"passenger","locationId":"89261824","name":"EQUANS SGZH 1.0 89261824","address":"Anjerdreef 14","city":"Berkel en rodenrijs","operatorName":"EQUANS","maxPowerKw":11,"isMegawatt":false,"status":"AVAILABLE","source":"ndw"}},{"type":"Feature","geometry":{"type":"Point","coordinates":[4.471414,51.992737]},"properties":{"type":"charge","layer":"passenger","locationId":"90247466","name":"EQUANS SGZH 2.0 Westersingel 7","address":"Westersingel 7","city":"Berkel en Rodenrijs","operatorName":"EQUANS","maxPowerKw":11,"isMegawatt":false,"status":"CHARGING","source":"ndw"}},{"type":"Feature","geometry":{"type":"Point","coordinates":[4.494723,51.990356]},"properties":{"type":"charge","layer":"passenger","locationId":"89880834","name":"EQUANS SGZH 2.0 89880834","address":"Veld en Beemd 35","city":"Bergschenhoek","operatorName":"EQUANS","maxPowerKw":11,"isMegawatt":false,"status":"AVAILABLE","source":"ndw"}},{"type":"Feature","geometry":{"type":"Point","coordinates":[4.457449,51.974257]},"properties":{"type":"charge","layer":"passenger","locationId":"89261800","name":"EQUANS SGZH 1.0 89261800","address":"Rosemondsingel 3","city":"Berkel en rodenrijs","operatorName":"EQUANS","maxPowerKw":11,"isMegawatt":false,"status":"AVAILABLE","source":"ndw"}},{"type":"Feature","geometry":{"type":"Point","coordinates":[4.53976,52.01202]},"properties":{"type":"charge","layer":"passenger","locationId":"90995216","name":"EQUANS SGZH 2.0 Heenvlietsingel 35","address":"Heenvlietsingel 35","city":"Bleiswijk","operatorName":"EQUANS","maxPowerKw":11,"isMegawatt":false,"status":"AVAILABLE","source":"ndw"}},{"type":"Feature","geometry":{"type":"Point","coordinates":[4.455778,51.991874]},"properties":{"type":"charge","layer":"passenger","locationId":"89604306","name":"EQUANS SGZH 2.0 Gouden Uillaan 107","address":"Gouden Uillaan 107","city":"Berkel en Rodenrijs","operatorName":"EQUANS","maxPowerKw":11,"isMegawatt":false,"status":"CHARGING","source":"ndw"}},{"type":"Feature","geometry":{"type":"Point","coordinates":[4.54406,52.01044]},"properties":{"type":"charge","layer":"passenger","locationId":"91016325","name":"EQUANS SGZH 2.0 Eenhoorn 2","address":"Eenhoorn 2","city":"Bleiswijk","operatorName":"EQUANS","maxPowerKw":11,"isMegawatt":false,"status":"CHARGING","source":"ndw"}},{"type":"Feature","geometry":{"type":"Point","coordinates":[4.503218,51.994056]},"properties":{"type":"charge","layer":"passenger","locationId":"89261875","name":"EQUANS SGZH 1.0 89261875","address":"Van keulendreef 45","city":"Bergschenhoek","operatorName":"EQUANS","maxPowerKw":11,"isMegawatt":false,"status":"CHARGING","source":"ndw"}},{"type":"Feature","geometry":{"type":"Point","coordinates":[4.46716,51.995206]},"properties":{"type":"charge","layer":"passenger","locationId":"89473079","name":"EQUANS SGZH 2.0 89473079","address":"Muiderstraat 77","city":"Berkel en Rodenrijs","operatorName":"EQUANS","maxPowerKw":11,"isMegawatt":false,"status":"AVAILABLE","source":"ndw"}},{"type":"Feature","geometry":{"type":"Point","coordinates":[4.459393,51.996495]},"properties":{"type":"charge","layer":"passenger","locationId":"90226493","name":"EQUANS SGZH 2.0 Klapwijkse Zoom 392","address":"Klapwijkse Zoom 392","city":"Bergschenhoek","operatorName":"EQUANS","maxPowerKw":11,"isMegawatt":false,"status":"AVAILABLE","source":"ndw"}},{"type":"Feature","geometry":{"type":"Point","coordinates":[4.462855,51.987428]},"properties":{"type":"charge","layer":"passenger","locationId":"90273568","name":"EQUANS SGZH 2.0 Gouden Griffelplantsoen 16","address":"Gouden Griffelplantsoen 16","city":"Berkel en Rodenrijs","operatorName":"EQUANS","maxPowerKw":11,"isMegawatt":false,"status":"AVAILABLE","source":"ndw"}},{"type":"Feature","geometry":{"type":"Point","coordinates":[4.495874,51.990663]},"properties":{"type":"charge","layer":"passenger","locationId":"90346901","name":"EQUANS SGZH 2.0 Lindenhorst 2","address":"Lindenhorst 2","city":"Bergschenhoek","operatorName":"EQUANS","maxPowerKw":11,"isMegawatt":false,"status":"AVAILABLE","source":"ndw"}},{"type":"Feature","geometry":{"type":"Point","coordinates":[4.48024,52.003952]},"properties":{"type":"charge","layer":"passenger","locationId":"89462869","name":"EQUANS SGZH 2.0 89462869","address":"Sneekermeerplantsoen 2 a","city":"Berkel en Rodenrijs","operatorName":"EQUANS","maxPowerKw":11,"isMegawatt":false,"status":"AVAILABLE","source":"ndw"}},{"type":"Feature","geometry":{"type":"Point","coordinates":[4.501016,51.986887]},"properties":{"type":"charge","layer":"passenger","locationId":"89261859","name":"EQUANS SGZH 1.0 89261859","address":"Mozartplaats 9","city":"Bergschenhoek","operatorName":"EQUANS","maxPowerKw":11,"isMegawatt":false,"status":"AVAILABLE","source":"ndw"}},{"type":"Feature","geometry":{"type":"Point","coordinates":[4.450771,51.982506]},"properties":{"type":"charge","layer":"passenger","locationId":"89355424","name":"EQUANS SGZH 2.0 89355424","address":"Louis d'Orlaan 1","city":"Berkel en Rodenrijs","operatorName":"EQUANS","maxPowerKw":11,"isMegawatt":false,"status":"AVAILABLE","source":"ndw"}},{"type":"Feature","geometry":{"type":"Point","coordinates":[4.551146,52.031676]},"properties":{"type":"charge","layer":"passenger","locationId":"3966737","name":"Laadnet Hollandweg 32","address":"Hollandweg 32","city":"Bleiswijk","operatorName":"Laadnet","maxPowerKw":22,"isMegawatt":false,"status":"UNAVAILABLE","source":"ndw"}},{"type":"Feature","geometry":{"type":"Point","coordinates":[4.458788,51.998777]},"properties":{"type":"charge","layer":"passenger","locationId":"89216761","name":"EQUANS SGZH 2.0 89216761","address":"Briellestraat 36","city":"Berkel en Rodenrijs","operatorName":"EQUANS","maxPowerKw":11,"isMegawatt":false,"status":"CHARGING","source":"ndw"}},{"type":"Feature","geometry":{"type":"Point","coordinates":[4.4654,51.9857]},"properties":{"type":"charge","layer":"passenger","locationId":"90939959","name":"EQUANS SGZH 2.0 Havikenhof 12","address":"Havikenhof 12","city":"Berkel en Rodenrijs","operatorName":"EQUANS","maxPowerKw":11,"isMegawatt":false,"status":"AVAILABLE","source":"ndw"}},{"type":"Feature","geometry":{"type":"Point","coordinates":[4.46033,51.99054]},"properties":{"type":"charge","layer":"passenger","locationId":"91046445","name":"EQUANS SGZH 2.0 Felix Timmermanshof 6","address":"Felix Timmermanshof 6","city":"Berkel en Rodenrijs","operatorName":"EQUANS","maxPowerKw":11,"isMegawatt":false,"status":"AVAILABLE","source":"ndw"}},{"type":"Feature","geometry":{"type":"Point","coordinates":[4.537386,52.010102]},"properties":{"type":"charge","layer":"passenger","locationId":"89209923","name":"EQUANS SGZH 2.0 89209923","address":"Duindigtstraat 2","city":"Bleiswijk","operatorName":"EQUANS","maxPowerKw":11,"isMegawatt":false,"status":"CHARGING","source":"ndw"}},{"type":"Feature","geometry":{"type":"Point","coordinates":[4.514744,51.984183]},"properties":{"type":"charge","layer":"passenger","locationId":"63ef8b0dbaa5bf00129df18d","name":"Las Moras","address":"hoeksehof 16","city":"Bergschenhoek","operatorName":"E-Flux by Road","maxPowerKw":22,"isMegawatt":false,"status":"AVAILABLE","source":"ndw","priceKwh":0.48}},{"type":"Feature","geometry":{"type":"Point","coordinates":[4.492988,51.985921]},"properties":{"type":"charge","layer":"passenger","locationId":"NLLOC001414","name":"NLD, Lansingerland, Brederodestraat 2","address":"Brederodestraat 2","city":"Lansingerland","operatorName":"Allego","maxPowerKw":22,"isMegawatt":false,"status":"AVAILABLE","source":"ndw","priceKwh":0.511}},{"type":"Feature","geometry":{"type":"Point","coordinates":[4.469721,51.981519]},"properties":{"type":"charge","layer":"passenger","locationId":"89261815","name":"EQUANS SGZH 1.0 89261815","address":"Slufterhof 15","city":"Berkel en rodenrijs","operatorName":"EQUANS","maxPowerKw":11,"isMegawatt":false,"status":"CHARGING","source":"ndw"}},{"type":"Feature","geometry":{"type":"Point","coordinates":[4.497862,51.998263]},"properties":{"type":"charge","layer":"passenger","locationId":"89972792","name":"EQUANS SGZH 2.0 B. Vethstraat 55","address":"B. Vethstraat 55","city":"Bergschenhoek","operatorName":"EQUANS","maxPowerKw":11,"isMegawatt":false,"status":"AVAILABLE","source":"ndw"}},{"type":"Feature","geometry":{"type":"Point","coordinates":[4.456029,51.993448]},"properties":{"type":"charge","layer":"passenger","locationId":"89261850","name":"EQUANS SGZH 1.0 89261850","address":"Harry Banninklaan 120","city":"Berkel en rodenrijs","operatorName":"EQUANS","maxPowerKw":11,"isMegawatt":false,"status":"AVAILABLE","source":"ndw"}},{"type":"Feature","geometry":{"type":"Point","coordinates":[4.494731,51.996781]},"properties":{"type":"charge","layer":"passenger","locationId":"89145579","name":"EQUANS SGZH 2.0 Groeneweg 129","address":"Groeneweg 129","city":"Bergschenhoek","operatorName":"EQUANS","maxPowerKw":17,"isMegawatt":false,"status":"AVAILABLE","source":"ndw"}},{"type":"Feature","geometry":{"type":"Point","coordinates":[4.487175,51.998543]},"properties":{"type":"charge","layer":"passenger","locationId":"90256830","name":"EQUANS SGZH 2.0 Oostersingel 1 1 (t.h.v. Andriessenstraat 10)","address":"Oostersingel 1 1","city":"Berkel en Rodenrijs","operatorName":"EQUANS","maxPowerKw":11,"isMegawatt":false,"status":"AVAILABLE","source":"ndw"}},{"type":"Feature","geometry":{"type":"Point","coordinates":[4.485496,52.000229]},"properties":{"type":"charge","layer":"passenger","locationId":"NLLOC001416","name":"NLD, Lansingerland, Burgemeester Hendrixstraat 61","address":"Burgemeester Hendrixstraat 61","city":"Lansingerland","operatorName":"Allego","maxPowerKw":11,"isMegawatt":false,"status":"UNAVAILABLE","source":"ndw","priceKwh":0.511}},{"type":"Feature","geometry":{"type":"Point","coordinates":[4.470082,51.994259]},"properties":{"type":"charge","layer":"passenger","locationId":"NLLOC001720","name":"NLD, Berkel en Rodenrijs, Parkstraat 43","address":"Parkstraat 43","city":"Berkel en Rodenrijs","operatorName":"Allego","maxPowerKw":22,"isMegawatt":false,"status":"AVAILABLE","source":"ndw","priceKwh":0.511}},{"type":"Feature","geometry":{"type":"Point","coordinates":[4.498361,51.991572]},"properties":{"type":"charge","layer":"passenger","locationId":"NLLOC001493","name":"NLD, Bergschenhoek, Goudmos 3","address":"Goudmos 3","city":"Bergschenhoek","operatorName":"Allego","maxPowerKw":11,"isMegawatt":false,"status":"UNAVAILABLE","source":"ndw","priceKwh":0.511}},{"type":"Feature","geometry":{"type":"Point","coordinates":[4.494372,51.986341]},"properties":{"type":"charge","layer":"passenger","locationId":"89235341","name":"EQUANS SGZH 2.0 89235341","address":"Schiermonnikoog 1","city":"Bergschenhoek","operatorName":"EQUANS","maxPowerKw":11,"isMegawatt":false,"status":"AVAILABLE","source":"ndw"}},{"type":"Feature","geometry":{"type":"Point","coordinates":[4.452229,51.98421]},"properties":{"type":"charge","layer":"passenger","locationId":"89254181","name":"EQUANS SGZH 2.0 89254181","address":"Ton Lutzstraat 29","city":"Berkel en Rodenrijs","operatorName":"EQUANS","maxPowerKw":11,"isMegawatt":false,"status":"CHARGING","source":"ndw"}},{"type":"Feature","geometry":{"type":"Point","coordinates":[4.49201,52.003349]},"properties":{"type":"charge","layer":"passenger","locationId":"89082551","name":"EQUANS SGZH 1.0 89082551","address":"Agaat 61","city":"Berkel en Rodenrijs","operatorName":"EQUANS","maxPowerKw":11,"isMegawatt":false,"status":"AVAILABLE","source":"ndw"}},{"type":"Feature","geometry":{"type":"Point","coordinates":[4.5001,51.987325]},"properties":{"type":"charge","layer":"passenger","locationId":"89344623","name":"EQUANS SGZH 2.0 89344623","address":"Bergweg-noord 1","city":"Bergschenhoek","operatorName":"EQUANS","maxPowerKw":11,"isMegawatt":false,"status":"AVAILABLE","source":"ndw"}},{"type":"Feature","geometry":{"type":"Point","coordinates":[4.470301,51.988221]},"properties":{"type":"charge","layer":"passenger","locationId":"90832052","name":"EQUANS SGZH 2.0 Zilverschoonsingel 8","address":"Zilverschoonsingel 8","city":"Berkel en Rodenrijs","operatorName":"EQUANS","maxPowerKw":11,"isMegawatt":false,"status":"AVAILABLE","source":"ndw"}},{"type":"Feature","geometry":{"type":"Point","coordinates":[4.497354,51.99023]},"properties":{"type":"charge","layer":"passenger","locationId":"89261854","name":"EQUANS SGZH 1.0 89261854","address":"De Elzen 2","city":"Bergschenhoek","operatorName":"EQUANS","maxPowerKw":11,"isMegawatt":false,"status":"AVAILABLE","source":"ndw"}},{"type":"Feature","geometry":{"type":"Point","coordinates":[4.49554,51.997807]},"properties":{"type":"charge","layer":"passenger","locationId":"90850386","name":"EQUANS SGZH 2.0 Christiaan van der Takstraat 21","address":"Christiaan van der Takstraat 21","city":"Bergschenhoek","operatorName":"EQUANS","maxPowerKw":11,"isMegawatt":false,"status":"AVAILABLE","source":"ndw"}},{"type":"Feature","geometry":{"type":"Point","coordinates":[4.474004,51.999337]},"properties":{"type":"charge","layer":"passenger","locationId":"89261831","name":"EQUANS SGZH 1.0 89261831","address":"Het Hoge Land 15","city":"Berkel en rodenrijs","operatorName":"EQUANS","maxPowerKw":11,"isMegawatt":false,"status":"AVAILABLE","source":"ndw"}},{"type":"Feature","geometry":{"type":"Point","coordinates":[4.461525,51.998687]},"properties":{"type":"charge","layer":"passenger","locationId":"90159899","name":"EQUANS SGZH 2.0 Oostmeerlaan 6","address":"Oostmeerlaan 6","city":"Berkel en Rodenrijs","operatorName":"EQUANS","maxPowerKw":11,"isMegawatt":false,"status":"AVAILABLE","source":"ndw"}},{"type":"Feature","geometry":{"type":"Point","coordinates":[4.536849,52.044134]},"properties":{"type":"charge","layer":"passenger","locationId":"3763894","name":"Laadnet Rexel DC Bleiswijk (Unit C)","address":"Brandpuntlaan Zuid 5","city":"Bleiswijk","operatorName":"Laadnet","maxPowerKw":22,"isMegawatt":false,"status":"AVAILABLE","source":"ndw"}},{"type":"Feature","geometry":{"type":"Point","coordinates":[4.491848,51.994588]},"properties":{"type":"charge","layer":"passenger","locationId":"89261884","name":"EQUANS SGZH 1.0 89261884","address":"Rietveldstraat 35","city":"Bergschenhoek","operatorName":"EQUANS","maxPowerKw":11,"isMegawatt":false,"status":"AVAILABLE","source":"ndw"}},{"type":"Feature","geometry":{"type":"Point","coordinates":[4.53898,52.010996]},"properties":{"type":"charge","layer":"passenger","locationId":"NLLOC001411","name":"NLD, Lansingerland, Herlaerstraat 30","address":"Herlaerstraat 30","city":"Lansingerland","operatorName":"Allego","maxPowerKw":11,"isMegawatt":false,"status":"AVAILABLE","source":"ndw","priceKwh":0.511}},{"type":"Feature","geometry":{"type":"Point","coordinates":[4.466809,51.98395]},"properties":{"type":"charge","layer":"passenger","locationId":"89261817","name":"EQUANS SGZH 1.0 89261817","address":"Irislaan 40","city":"Berkel en rodenrijs","operatorName":"EQUANS","maxPowerKw":11,"isMegawatt":false,"status":"AVAILABLE","source":"ndw"}},{"type":"Feature","geometry":{"type":"Point","coordinates":[4.490489,51.999349]},"properties":{"type":"charge","layer":"passenger","locationId":"90935939","name":"EQUANS SGZH 2.0 Zweersstraat 2","address":"Zweersstraat 2","city":"Berkel en Rodenrijs","operatorName":"EQUANS","maxPowerKw":11,"isMegawatt":false,"status":"AVAILABLE","source":"ndw"}},{"type":"Feature","geometry":{"type":"Point","coordinates":[4.48967,51.99949]},"properties":{"type":"charge","layer":"passenger","locationId":"89261820","name":"EQUANS SGZH 1.0 89261820","address":"Sweelinckstraat 31","city":"Berkel en rodenrijs","operatorName":"EQUANS","maxPowerKw":11,"isMegawatt":false,"status":"AVAILABLE","source":"ndw"}},{"type":"Feature","geometry":{"type":"Point","coordinates":[4.468195,51.984]},"properties":{"type":"charge","layer":"passenger","locationId":"90935938","name":"EQUANS SGZH 2.0 Anthuriumsingel 33 (Hyacinthlaan 1)","address":"Anthuriumsingel 33","city":"Berkel en Rodenrijs","operatorName":"EQUANS","maxPowerKw":11,"isMegawatt":false,"status":"AVAILABLE","source":"ndw"}},{"type":"Feature","geometry":{"type":"Point","coordinates":[4.496135,51.997133]},"properties":{"type":"charge","layer":"passenger","locationId":"89261885","name":"EQUANS SGZH 1.0 89261885","address":"Jan Stuytstraat 2","city":"Bergschenhoek","operatorName":"EQUANS","maxPowerKw":11,"isMegawatt":false,"status":"CHARGING","source":"ndw"}},{"type":"Feature","geometry":{"type":"Point","coordinates":[4.53962,52.004088]},"properties":{"type":"charge","layer":"passenger","locationId":"89261899","name":"EQUANS SGZH 1.0 89261899","address":"Peppeldreef 15","city":"Bleiswijk","operatorName":"EQUANS","maxPowerKw":11,"isMegawatt":false,"status":"AVAILABLE","source":"ndw"}},{"type":"Feature","geometry":{"type":"Point","coordinates":[4.538855,52.006639]},"properties":{"type":"charge","layer":"passenger","locationId":"90171510","name":"EQUANS SGZH 2.0 Futendreef 32","address":"Futendreef 32","city":"Bleiswijk","operatorName":"EQUANS","maxPowerKw":11,"isMegawatt":false,"status":"AVAILABLE","source":"ndw"}},{"type":"Feature","geometry":{"type":"Point","coordinates":[4.535581,52.011789]},"properties":{"type":"charge","layer":"passenger","locationId":"NLLOC001412","name":"NLD, Bleiswijk, Oranjestein 2","address":"Oranjestein 2","city":"Bleiswijk","operatorName":"Allego","maxPowerKw":11,"isMegawatt":false,"status":"AVAILABLE","source":"ndw","priceKwh":0.511}},{"type":"Feature","geometry":{"type":"Point","coordinates":[4.489572,51.987682]},"properties":{"type":"charge","layer":"passenger","locationId":"89261880","name":"EQUANS SGZH 1.0 89261880","address":"Noorderparklaan 11","city":"Bergschenhoek","operatorName":"EQUANS","maxPowerKw":11,"isMegawatt":false,"status":"AVAILABLE","source":"ndw"}},{"type":"Feature","geometry":{"type":"Point","coordinates":[4.532327,52.010181]},"properties":{"type":"charge","layer":"passenger","locationId":"89153852","name":"EQUANS SGZH 2.0 Hazenweg 1","address":"Hazenweg 1","city":"Bleiswijk","operatorName":"EQUANS","maxPowerKw":17,"isMegawatt":false,"status":"AVAILABLE","source":"ndw"}},{"type":"Feature","geometry":{"type":"Point","coordinates":[4.487101,51.988162]},"properties":{"type":"charge","layer":"passenger","locationId":"89179860","name":"EQUANS SGZH 2.0 89179860","address":"Papavertuin 2","city":"Bergschenhoek","operatorName":"EQUANS","maxPowerKw":17,"isMegawatt":false,"status":"AVAILABLE","source":"ndw"}},{"type":"Feature","geometry":{"type":"Point","coordinates":[4.489171,52.005987]},"properties":{"type":"charge","layer":"passenger","locationId":"89261808","name":"EQUANS SGZH 1.0 89261808","address":"Venus 77","city":"Berkel en rodenrijs","operatorName":"EQUANS","maxPowerKw":11,"isMegawatt":false,"status":"AVAILABLE","source":"ndw"}},{"type":"Feature","geometry":{"type":"Point","coordinates":[4.506382,51.988098]},"properties":{"type":"charge","layer":"passenger","locationId":"91391589","name":"EQUANS SGZH 2.0 Beatrixstraat 17","address":"Beatrixstraat 17","city":"Bergschenhoek","operatorName":"EQUANS","maxPowerKw":11,"isMegawatt":false,"status":"AVAILABLE","source":"ndw"}},{"type":"Feature","geometry":{"type":"Point","coordinates":[4.499143,51.989552]},"properties":{"type":"charge","layer":"passenger","locationId":"89261856","name":"EQUANS SGZH 1.0 89261856","address":"Vlaggemansdreef 6","city":"Bergschenhoek","operatorName":"EQUANS","maxPowerKw":11,"isMegawatt":false,"status":"AVAILABLE","source":"ndw"}},{"type":"Feature","geometry":{"type":"Point","coordinates":[4.479946,52.002254]},"properties":{"type":"charge","layer":"passenger","locationId":"89261841","name":"EQUANS SGZH 1.0 89261841","address":"Naardermeerstraat 24","city":"Berkel en rodenrijs","operatorName":"EQUANS","maxPowerKw":11,"isMegawatt":false,"status":"AVAILABLE","source":"ndw"}},{"type":"Feature","geometry":{"type":"Point","coordinates":[4.459121,51.983676]},"properties":{"type":"charge","layer":"passenger","locationId":"89624305","name":"EQUANS SGZH 2.0 89624305","address":"Landweer 24","city":"Berkel en Rodenrijs","operatorName":"EQUANS","maxPowerKw":11,"isMegawatt":false,"status":"AVAILABLE","source":"ndw"}},{"type":"Feature","geometry":{"type":"Point","coordinates":[4.45163,51.98567]},"properties":{"type":"charge","layer":"passenger","locationId":"90995218","name":"EQUANS SGZH 2.0 Lies Frankenweg 18","address":"Lies Frankenweg 18","city":"Berkel en Rodenrijs","operatorName":"EQUANS","maxPowerKw":11,"isMegawatt":false,"status":"AVAILABLE","source":"ndw"}},{"type":"Feature","geometry":{"type":"Point","coordinates":[4.497482,51.979623]},"properties":{"type":"charge","layer":"passenger","locationId":"8269fdb2-0be9-4bd0-90c2-3c1d872fb0ca","name":"bp pulse express Bergschenhoek #2","address":"Bergweg Zuid 70","city":"Bergschenhoek","operatorName":"bp pulse","maxPowerKw":300,"isMegawatt":false,"status":"AVAILABLE","source":"ndw","priceKwh":0.7}},{"type":"Feature","geometry":{"type":"Point","coordinates":[4.458944,51.984017]},"properties":{"type":"charge","layer":"passenger","locationId":"89261834","name":"EQUANS SGZH 1.0 89261834","address":"Linie 21","city":"Berkel en rodenrijs","operatorName":"EQUANS","maxPowerKw":11,"isMegawatt":false,"status":"AVAILABLE","source":"ndw"}},{"type":"Feature","geometry":{"type":"Point","coordinates":[4.547645,52.032525]},"properties":{"type":"charge","layer":"passenger","locationId":"3966738","name":"Laadnet Hollandweg 30","address":"Hollandweg 30","city":"Bleiswijk","operatorName":"Laadnet","maxPowerKw":22,"isMegawatt":false,"status":"AVAILABLE","source":"ndw"}},{"type":"Feature","geometry":{"type":"Point","coordinates":[4.535802,52.012586]},"properties":{"type":"charge","layer":"passenger","locationId":"89261910","name":"EQUANS SGZH 1.0 89261910","address":"Noordeinde 2","city":"Bleiswijk","operatorName":"EQUANS","maxPowerKw":11,"isMegawatt":false,"status":"CHARGING","source":"ndw"}},{"type":"Feature","geometry":{"type":"Point","coordinates":[4.454612,51.993678]},"properties":{"type":"charge","layer":"passenger","locationId":"89307475","name":"EQUANS SGZH 2.0 89307475","address":"Harry Banninklaan 94","city":"Berkel en Rodenrijs","operatorName":"EQUANS","maxPowerKw":11,"isMegawatt":false,"status":"AVAILABLE","source":"ndw"}},{"type":"Feature","geometry":{"type":"Point","coordinates":[4.45482,51.993134]},"properties":{"type":"charge","layer":"passenger","locationId":"90172063","name":"EQUANS SGZH 2.0 Gouden Harplaan 22","address":"Gouden Harplaan 22","city":"Berkel en Rodenrijs","operatorName":"EQUANS","maxPowerKw":11,"isMegawatt":false,"status":"CHARGING","source":"ndw"}},{"type":"Feature","geometry":{"type":"Point","coordinates":[4.467074,51.980588]},"properties":{"type":"charge","layer":"passenger","locationId":"89443685","name":"EQUANS SGZH 2.0 89443685","address":"Watermunthof 7","city":"Berkel en Rodenrijs","operatorName":"EQUANS","maxPowerKw":11,"isMegawatt":false,"status":"AVAILABLE","source":"ndw"}},{"type":"Feature","geometry":{"type":"Point","coordinates":[4.469666,52.000218]},"properties":{"type":"charge","layer":"passenger","locationId":"90226490","name":"EQUANS SGZH 2.0 Oosterscheldestraat 114","address":"Oosterscheldestraat 114","city":"Berkel en Rodenrijs","operatorName":"EQUANS","maxPowerKw":11,"isMegawatt":false,"status":"AVAILABLE","source":"ndw"}},{"type":"Feature","geometry":{"type":"Point","coordinates":[4.490417,51.985466]},"properties":{"type":"charge","layer":"passenger","locationId":"89209975","name":"EQUANS SGZH 2.0 89209975","address":"Hooftstraat 50","city":"Bergschenhoek","operatorName":"EQUANS","maxPowerKw":17,"isMegawatt":false,"status":"AVAILABLE","source":"ndw"}},{"type":"Feature","geometry":{"type":"Point","coordinates":[4.456094,51.997378]},"properties":{"type":"charge","layer":"passenger","locationId":"89254191","name":"EQUANS SGZH 2.0 89254191","address":"Arnemuiderpad 22","city":"Berkel en Rodenrijs","operatorName":"EQUANS","maxPowerKw":11,"isMegawatt":false,"status":"AVAILABLE","source":"ndw"}},{"type":"Feature","geometry":{"type":"Point","coordinates":[4.504368,51.995451]},"properties":{"type":"charge","layer":"passenger","locationId":"NLLOC001497","name":"NLD, Lansingerland, Frans Halslaan 96","address":"Frans Halslaan 96","city":"Lansingerland","operatorName":"Allego","maxPowerKw":11,"isMegawatt":false,"status":"CHARGING","source":"ndw","priceKwh":0.511}},{"type":"Feature","geometry":{"type":"Point","coordinates":[4.490289,52.00315]},"properties":{"type":"charge","layer":"passenger","locationId":"89261819","name":"EQUANS SGZH 1.0 89261819","address":"Zonnehof 43","city":"Berkel en rodenrijs","operatorName":"EQUANS","maxPowerKw":11,"isMegawatt":false,"status":"AVAILABLE","source":"ndw"}},{"type":"Feature","geometry":{"type":"Point","coordinates":[4.481757,51.98735]},"properties":{"type":"charge","layer":"passenger","locationId":"89261886","name":"EQUANS SGZH 1.0 89261886","address":"De zijde 1","city":"Bergschenhoek","operatorName":"EQUANS","maxPowerKw":11,"isMegawatt":false,"status":"CHARGING","source":"ndw"}},{"type":"Feature","geometry":{"type":"Point","coordinates":[4.502548,51.992633]},"properties":{"type":"charge","layer":"passenger","locationId":"89261868","name":"EQUANS SGZH 1.0 89261868","address":"Naaldvaren 1","city":"Bergschenhoek","operatorName":"EQUANS","maxPowerKw":11,"isMegawatt":false,"status":"AVAILABLE","source":"ndw"}},{"type":"Feature","geometry":{"type":"Point","coordinates":[4.487466,51.996395]},"properties":{"type":"charge","layer":"passenger","locationId":"89052459","name":"EQUANS SGZH 1.0 89052459","address":"Berkelseweg 96","city":"Bergschenhoek","operatorName":"EQUANS","maxPowerKw":22,"isMegawatt":false,"status":"AVAILABLE","source":"ndw"}},{"type":"Feature","geometry":{"type":"Point","coordinates":[4.467043,51.997802]},"properties":{"type":"charge","layer":"passenger","locationId":"89370451","name":"EQUANS SGZH 2.0 Kerkmeesterstraat 131","address":"Kerkmeesterstraat 131","city":"Delfgauw","operatorName":"EQUANS","maxPowerKw":11,"isMegawatt":false,"status":"CHARGING","source":"ndw"}},{"type":"Feature","geometry":{"type":"Point","coordinates":[4.536612,52.004713]},"properties":{"type":"charge","layer":"passenger","locationId":"89880831","name":"EQUANS SGZH 2.0 89880831","address":"Buizerdstraat 42","city":"Bleiswijk","operatorName":"EQUANS","maxPowerKw":11,"isMegawatt":false,"status":"AVAILABLE","source":"ndw"}},{"type":"Feature","geometry":{"type":"Point","coordinates":[4.53068,52.015195]},"properties":{"type":"charge","layer":"passenger","locationId":"89261891","name":"EQUANS SGZH 1.0 89261891","address":"Karel Doormanlaan 70","city":"Bleiswijk","operatorName":"EQUANS","maxPowerKw":11,"isMegawatt":false,"status":"AVAILABLE","source":"ndw"}},{"type":"Feature","geometry":{"type":"Point","coordinates":[4.509295,51.994053]},"properties":{"type":"charge","layer":"passenger","locationId":"89927745","name":"EQUANS SGZH 2.0 89927745","address":"Verheullaan 50","city":"Bergschenhoek","operatorName":"EQUANS","maxPowerKw":11,"isMegawatt":false,"status":"CHARGING","source":"ndw"}},{"type":"Feature","geometry":{"type":"Point","coordinates":[4.498759,51.993561]},"properties":{"type":"charge","layer":"passenger","locationId":"89355429","name":"EQUANS SGZH 2.0 89355429","address":"Adelaarsvaren 57","city":"Bergschenhoek","operatorName":"EQUANS","maxPowerKw":11,"isMegawatt":false,"status":"AVAILABLE","source":"ndw"}},{"type":"Feature","geometry":{"type":"Point","coordinates":[4.459061,51.985702]},"properties":{"type":"charge","layer":"passenger","locationId":"91284529","name":"EQUANS SGZH 2.0 Stellingplantsoen 1","address":"Stellingplantsoen 1","city":"Berkel en Rodenrijs","operatorName":"EQUANS","maxPowerKw":11,"isMegawatt":false,"status":"AVAILABLE","source":"ndw"}},{"type":"Feature","geometry":{"type":"Point","coordinates":[4.499021,51.996328]},"properties":{"type":"charge","layer":"passenger","locationId":"89185494","name":"EQUANS SGZH 2.0 Laadpaal-Equans","address":"Planciusdreef 24","city":"Bergschenhoek","operatorName":"EQUANS","maxPowerKw":17,"isMegawatt":false,"status":"AVAILABLE","source":"ndw"}},{"type":"Feature","geometry":{"type":"Point","coordinates":[4.465586,51.987249]},"properties":{"type":"charge","layer":"passenger","locationId":"89052547","name":"EQUANS SGZH 1.0 89052547","address":"Valkenhof 49","city":"Berkel en Rodenrijs","operatorName":"EQUANS","maxPowerKw":22,"isMegawatt":false,"status":"AVAILABLE","source":"ndw"}},{"type":"Feature","geometry":{"type":"Point","coordinates":[4.485524,52.004963]},"properties":{"type":"charge","layer":"passenger","locationId":"89261807","name":"EQUANS SGZH 1.0 89261807","address":"Jupiter 32","city":"Berkel en rodenrijs","operatorName":"EQUANS","maxPowerKw":11,"isMegawatt":false,"status":"CHARGING","source":"ndw"}},{"type":"Feature","geometry":{"type":"Point","coordinates":[4.502242,51.986222]},"properties":{"type":"charge","layer":"passenger","locationId":"89261860","name":"EQUANS SGZH 1.0 89261860","address":"Notaris Kruytstraat 36A","city":"Bergschenhoek","operatorName":"EQUANS","maxPowerKw":11,"isMegawatt":false,"status":"AVAILABLE","source":"ndw"}},{"type":"Feature","geometry":{"type":"Point","coordinates":[4.53299,52.00968]},"properties":{"type":"charge","layer":"passenger","locationId":"91049955","name":"EQUANS SGZH 2.0 Plaats 45","address":"Plaats 45","city":"Bleiswijk","operatorName":"EQUANS","maxPowerKw":11,"isMegawatt":false,"status":"CHARGING","source":"ndw"}},{"type":"Feature","geometry":{"type":"Point","coordinates":[4.542124,52.007277]},"properties":{"type":"charge","layer":"passenger","locationId":"90112027","name":"EQUANS SGZH 2.0 Lindendreef 7","address":"Lindendreef 7","city":"Bleiswijk","operatorName":"EQUANS","maxPowerKw":11,"isMegawatt":false,"status":"AVAILABLE","source":"ndw"}},{"type":"Feature","geometry":{"type":"Point","coordinates":[4.497471,51.996382]},"properties":{"type":"charge","layer":"passenger","locationId":"90226492","name":"EQUANS SGZH 2.0 Waghenaerdreef 102","address":"Waghenaerdreef 102","city":"Bergschenhoek","operatorName":"EQUANS","maxPowerKw":11,"isMegawatt":false,"status":"AVAILABLE","source":"ndw"}},{"type":"Feature","geometry":{"type":"Point","coordinates":[4.490692,52.005401]},"properties":{"type":"charge","layer":"passenger","locationId":"90256826","name":"EQUANS SGZH 2.0 Venus 28","address":"Venus 28","city":"Berkel en Rodenrijs","operatorName":"EQUANS","maxPowerKw":11,"isMegawatt":false,"status":"AVAILABLE","source":"ndw"}},{"type":"Feature","geometry":{"type":"Point","coordinates":[4.546887,52.011097]},"properties":{"type":"charge","layer":"passenger","locationId":"89261892","name":"EQUANS SGZH 1.0 89261892","address":"Sterrenlaan 51","city":"Bleiswijk","operatorName":"EQUANS","maxPowerKw":11,"isMegawatt":false,"status":"AVAILABLE","source":"ndw"}},{"type":"Feature","geometry":{"type":"Point","coordinates":[4.5351,52.010434]},"properties":{"type":"charge","layer":"passenger","locationId":"89261909","name":"EQUANS SGZH 1.0 89261909","address":"Groene Loper 18","city":"Bleiswijk","operatorName":"EQUANS","maxPowerKw":11,"isMegawatt":false,"status":"AVAILABLE","source":"ndw"}},{"type":"Feature","geometry":{"type":"Point","coordinates":[4.539444,52.039855]},"properties":{"type":"charge","layer":"passenger","locationId":"922589","name":"LP 1 DAE-NL-2000008","address":"Facetlaan 6","city":"Bleiswijk","operatorName":"DAEN Mobility","maxPowerKw":22,"isMegawatt":false,"status":"AVAILABLE","source":"ndw","priceKwh":0.32}},{"type":"Feature","geometry":{"type":"Point","coordinates":[4.529585,52.013411]},"properties":{"type":"charge","layer":"passenger","locationId":"NLLOC001409","name":"NLD, Bleiswijk, Karel Doormanlaan 24","address":"Karel Doormanlaan 24","city":"Bleiswijk","operatorName":"Allego","maxPowerKw":11,"isMegawatt":false,"status":"AVAILABLE","source":"ndw","priceKwh":0.511}},{"type":"Feature","geometry":{"type":"Point","coordinates":[4.501082,51.985692]},"properties":{"type":"charge","layer":"passenger","locationId":"89942898","name":"EQUANS SGZH 2.0 89942898","address":"Beethovenlaan 51","city":"Bergschenhoek","operatorName":"EQUANS","maxPowerKw":11,"isMegawatt":false,"status":"AVAILABLE","source":"ndw"}},{"type":"Feature","geometry":{"type":"Point","coordinates":[4.442697,51.972433]},"properties":{"type":"charge","layer":"passenger","locationId":"89942903","name":"EQUANS SGZH 2.0 SGZH2-05620","address":"Zuidersingel 76","city":"Berkel en Rodenrijs","operatorName":"EQUANS","maxPowerKw":11,"isMegawatt":false,"status":"AVAILABLE","source":"ndw"}},{"type":"Feature","geometry":{"type":"Point","coordinates":[4.47287,51.99556]},"properties":{"type":"charge","layer":"passenger","locationId":"90978929","name":"EQUANS SGZH 2.0 Röntgenstraat 11","address":"Röntgenstraat 11","city":"Berkel en Rodenrijs","operatorName":"EQUANS","maxPowerKw":11,"isMegawatt":false,"status":"AVAILABLE","source":"ndw"}},{"type":"Feature","geometry":{"type":"Point","coordinates":[4.53587,52.008]},"properties":{"type":"charge","layer":"passenger","locationId":"91449184","name":"EQUANS SGZH 2.0 Plevierstraat 21","address":"Plevierstraat 21","city":"Bleiswijk","operatorName":"EQUANS","maxPowerKw":11,"isMegawatt":false,"status":"AVAILABLE","source":"ndw"}},{"type":"Feature","geometry":{"type":"Point","coordinates":[4.501341,51.991797]},"properties":{"type":"charge","layer":"passenger","locationId":"89261869","name":"EQUANS SGZH 1.0 89261869","address":"Steenbraakvaren 22","city":"Bergschenhoek","operatorName":"EQUANS","maxPowerKw":11,"isMegawatt":false,"status":"AVAILABLE","source":"ndw"}},{"type":"Feature","geometry":{"type":"Point","coordinates":[4.528101,52.035363]},"properties":{"type":"charge","layer":"passenger","locationId":"3576504","name":"Laadnet Dynalogic Bleiswijk","address":"Laan van Mathenesse 7A","city":"Bleiswijk","operatorName":"Laadnet","maxPowerKw":22,"isMegawatt":false,"status":"AVAILABLE","source":"ndw"}},{"type":"Feature","geometry":{"type":"Point","coordinates":[4.527437,52.0083]},"properties":{"type":"charge","layer":"passenger","locationId":"91144916","name":"EQUANS SGZH 2.0 Frans Halslaan 28","address":"Frans Halslaan 28","city":"Bleiswijk","operatorName":"EQUANS","maxPowerKw":11,"isMegawatt":false,"status":"AVAILABLE","source":"ndw"}},{"type":"Feature","geometry":{"type":"Point","coordinates":[4.496958,51.99474]},"properties":{"type":"charge","layer":"passenger","locationId":"89261866","name":"EQUANS SGZH 1.0 89261866","address":"Hertshoornvaren 32","city":"Bergschenhoek","operatorName":"EQUANS","maxPowerKw":11,"isMegawatt":false,"status":"AVAILABLE","source":"ndw"}},{"type":"Feature","geometry":{"type":"Point","coordinates":[4.458263,51.997856]},"properties":{"type":"charge","layer":"passenger","locationId":"89261830","name":"EQUANS SGZH 1.0 89261830","address":"Deventerpad 24","city":"Berkel en rodenrijs","operatorName":"EQUANS","maxPowerKw":11,"isMegawatt":false,"status":"CHARGING","source":"ndw"}},{"type":"Feature","geometry":{"type":"Point","coordinates":[4.493909,51.995103]},"properties":{"type":"charge","layer":"passenger","locationId":"89355432","name":"EQUANS SGZH 2.0 89355432","address":"Huig Maaskantstraat 40","city":"Bergschenhoek","operatorName":"EQUANS","maxPowerKw":11,"isMegawatt":false,"status":"AVAILABLE","source":"ndw"}},{"type":"Feature","geometry":{"type":"Point","coordinates":[4.46827,51.990028]},"properties":{"type":"charge","layer":"passenger","locationId":"89396937","name":"EQUANS SGZH 2.0 89396937","address":"Zwanebloemstraat 20","city":"Berkel en Rodenrijs","operatorName":"EQUANS","maxPowerKw":11,"isMegawatt":false,"status":"AVAILABLE","source":"ndw"}},{"type":"Feature","geometry":{"type":"Point","coordinates":[4.455975,51.98611]},"properties":{"type":"charge","layer":"passenger","locationId":"89445004","name":"EQUANS SGZH 2.0 89445004","address":"Sacha Bulthuisstraat 16","city":"Berkel en Rodenrijs","operatorName":"EQUANS","maxPowerKw":11,"isMegawatt":false,"status":"AVAILABLE","source":"ndw"}},{"type":"Feature","geometry":{"type":"Point","coordinates":[4.458045,51.98617]},"properties":{"type":"charge","layer":"passenger","locationId":"89624304","name":"EQUANS SGZH 2.0 89624304","address":"Stellingplantsoen 12","city":"Berkel en Rodenrijs","operatorName":"EQUANS","maxPowerKw":11,"isMegawatt":false,"status":"AVAILABLE","source":"ndw"}},{"type":"Feature","geometry":{"type":"Point","coordinates":[4.493932,51.986745]},"properties":{"type":"charge","layer":"passenger","locationId":"90935936","name":"EQUANS SGZH 2.0 Ameland 7","address":"Ameland 7","city":"Bergschenhoek","operatorName":"EQUANS","maxPowerKw":11,"isMegawatt":false,"status":"AVAILABLE","source":"ndw"}},{"type":"Feature","geometry":{"type":"Point","coordinates":[4.504408,51.998057]},"properties":{"type":"charge","layer":"passenger","locationId":"89261874","name":"EQUANS SGZH 1.0 89261874","address":"Rembrandtlaan 35","city":"Bergschenhoek","operatorName":"EQUANS","maxPowerKw":11,"isMegawatt":false,"status":"CHARGING","source":"ndw"}},{"type":"Feature","geometry":{"type":"Point","coordinates":[4.544372,52.011955]},"properties":{"type":"charge","layer":"passenger","locationId":"89329987","name":"EQUANS SGZH 2.0 89329987","address":"Schutter 12","city":"Bleiswijk","operatorName":"EQUANS","maxPowerKw":11,"isMegawatt":false,"status":"AVAILABLE","source":"ndw"}},{"type":"Feature","geometry":{"type":"Point","coordinates":[4.468347,51.986858]},"properties":{"type":"charge","layer":"passenger","locationId":"90967656","name":"EQUANS SGZH 2.0 Leeuwerik 36","address":"Leeuwerik 36","city":"Berkel en Rodenrijs","operatorName":"EQUANS","maxPowerKw":11,"isMegawatt":false,"status":"AVAILABLE","source":"ndw"}},{"type":"Feature","geometry":{"type":"Point","coordinates":[4.450355,51.984139]},"properties":{"type":"charge","layer":"passenger","locationId":"89972794","name":"EQUANS SGZH 2.0 Ton Lutzstraat 35","address":"Ton Lutzstraat 35","city":"Berkel en Rodenrijs","operatorName":"EQUANS","maxPowerKw":11,"isMegawatt":false,"status":"CHARGING","source":"ndw"}},{"type":"Feature","geometry":{"type":"Point","coordinates":[4.453308,51.984723]},"properties":{"type":"charge","layer":"passenger","locationId":"89183090","name":"EQUANS SGZH 2.0 89183090","address":"Ellen Vogelstraat 22","city":"Berkel en Rodenrijs","operatorName":"EQUANS","maxPowerKw":17,"isMegawatt":false,"status":"AVAILABLE","source":"ndw"}},{"type":"Feature","geometry":{"type":"Point","coordinates":[4.504205,51.985356]},"properties":{"type":"charge","layer":"passenger","locationId":"89942908","name":"EQUANS SGZH 2.0 Pastoor Canniuslaan 12","address":"Pastoor Canniuslaan 12","city":"Bergschenhoek","operatorName":"EQUANS","maxPowerKw":11,"isMegawatt":false,"status":"AVAILABLE","source":"ndw"}},{"type":"Feature","geometry":{"type":"Point","coordinates":[4.4525,51.9939]},"properties":{"type":"charge","layer":"passenger","locationId":"90925055","name":"EQUANS SGZH 2.0 Corry Brokkenstraat 52","address":"Corry Brokkenstraat 52","city":"Berkel En Rodenrijs","operatorName":"EQUANS","maxPowerKw":11,"isMegawatt":false,"status":"AVAILABLE","source":"ndw"}},{"type":"Feature","geometry":{"type":"Point","coordinates":[4.50087,51.995323]},"properties":{"type":"charge","layer":"passenger","locationId":"NLLOC001415","name":"NLD, Bergschenhoek, Mercatordreef 1","address":"Mercatordreef 1","city":"Bergschenhoek","operatorName":"Allego","maxPowerKw":11,"isMegawatt":false,"status":"AVAILABLE","source":"ndw","priceKwh":0.511}},{"type":"Feature","geometry":{"type":"Point","coordinates":[4.459401,51.997749]},"properties":{"type":"charge","layer":"passenger","locationId":"89261829","name":"EQUANS SGZH 1.0 89261829","address":"Doesburgerpad 30","city":"Berkel en rodenrijs","operatorName":"EQUANS","maxPowerKw":11,"isMegawatt":false,"status":"AVAILABLE","source":"ndw"}},{"type":"Feature","geometry":{"type":"Point","coordinates":[4.490776,51.990519]},"properties":{"type":"charge","layer":"passenger","locationId":"89082550","name":"EQUANS SGZH 1.0 89082550","address":"Boekweitveld 38","city":"Bergschenhoek","operatorName":"EQUANS","maxPowerKw":11,"isMegawatt":false,"status":"AVAILABLE","source":"ndw"}},{"type":"Feature","geometry":{"type":"Point","coordinates":[4.45629,51.9862]},"properties":{"type":"charge","layer":"passenger","locationId":"90943952","name":"EQUANS SGZH 2.0 Sacha Bulthuisstraat 16","address":"Sacha Bulthuisstraat 16","city":"Berkel en Rodenrijs","operatorName":"EQUANS","maxPowerKw":11,"isMegawatt":false,"status":"AVAILABLE","source":"ndw"}},{"type":"Feature","geometry":{"type":"Point","coordinates":[4.539444,52.039855]},"properties":{"type":"charge","layer":"passenger","locationId":"922593","name":"LP 5 DAE-NL-2000012","address":"Facetlaan 6","city":"Bleiswijk","operatorName":"DAEN Mobility","maxPowerKw":22,"isMegawatt":false,"status":"AVAILABLE","source":"ndw","priceKwh":0.32}},{"type":"Feature","geometry":{"type":"Point","coordinates":[4.495836,51.996241]},"properties":{"type":"charge","layer":"passenger","locationId":"89273852","name":"EQUANS SGZH 2.0 89273852","address":"Groeneweg 27","city":"Bergschenhoek","operatorName":"EQUANS","maxPowerKw":11,"isMegawatt":false,"status":"AVAILABLE","source":"ndw"}},{"type":"Feature","geometry":{"type":"Point","coordinates":[4.471164,51.993059]},"properties":{"type":"charge","layer":"passenger","locationId":"89153827","name":"EQUANS SGZH 2.0 89153827","address":"Klapwijkse Zoom 8","city":"Berkel en Rodenrijs","operatorName":"EQUANS","maxPowerKw":17,"isMegawatt":false,"status":"AVAILABLE","source":"ndw"}},{"type":"Feature","geometry":{"type":"Point","coordinates":[4.456685,51.991685]},"properties":{"type":"charge","layer":"passenger","locationId":"89261801","name":"EQUANS SGZH 1.0 Gouden Uillaan 91","address":"Gouden Uillaan 91","city":"Berkel en rodenrijs","operatorName":"EQUANS","maxPowerKw":11,"isMegawatt":false,"status":"CHARGING","source":"ndw"}},{"type":"Feature","geometry":{"type":"Point","coordinates":[4.464883,51.982169]},"properties":{"type":"charge","layer":"passenger","locationId":"89307477","name":"EQUANS SGZH 2.0 89307477","address":"Hyacinthlaan 103","city":"Berkel en Rodenrijs","operatorName":"EQUANS","maxPowerKw":11,"isMegawatt":false,"status":"AVAILABLE","source":"ndw"}},{"type":"Feature","geometry":{"type":"Point","coordinates":[4.481288,52.004754]},"properties":{"type":"charge","layer":"passenger","locationId":"89568275","name":"EQUANS SGZH 2.0 89568275","address":"Veersemeerstraat 1","city":"Berkel en Rodenrijs","operatorName":"EQUANS","maxPowerKw":11,"isMegawatt":false,"status":"AVAILABLE","source":"ndw"}},{"type":"Feature","geometry":{"type":"Point","coordinates":[4.472487,51.984745]},"properties":{"type":"charge","layer":"passenger","locationId":"89179859","name":"EQUANS SGZH 2.0 89179859","address":"Kwelderplantsoen 20","city":"Berkel en Rodenrijs","operatorName":"EQUANS","maxPowerKw":17,"isMegawatt":false,"status":"AVAILABLE","source":"ndw"}},{"type":"Feature","geometry":{"type":"Point","coordinates":[4.50233,51.98374]},"properties":{"type":"charge","layer":"passenger","locationId":"91448187","name":"EQUANS SGZH 2.0 Eiberplein 13","address":"Eiberplein 13","city":"Bergschenhoek","operatorName":"EQUANS","maxPowerKw":11,"isMegawatt":false,"status":"AVAILABLE","source":"ndw"}},{"type":"Feature","geometry":{"type":"Point","coordinates":[4.465502,51.998861]},"properties":{"type":"charge","layer":"passenger","locationId":"89568276","name":"EQUANS SGZH 2.0 89568276","address":"Dongestraat 1","city":"Berkel en Rodenrijs","operatorName":"EQUANS","maxPowerKw":17,"isMegawatt":false,"status":"AVAILABLE","source":"ndw"}},{"type":"Feature","geometry":{"type":"Point","coordinates":[4.454912,51.983952]},"properties":{"type":"charge","layer":"passenger","locationId":"90172050","name":"EQUANS SGZH 2.0 Andrea Domburgsingel","address":"Andrea Domburgsingel 1 Mary Dressel","city":"Berkel en Rodenrijs","operatorName":"EQUANS","maxPowerKw":11,"isMegawatt":false,"status":"AVAILABLE","source":"ndw"}},{"type":"Feature","geometry":{"type":"Point","coordinates":[4.48308,51.99451]},"properties":{"type":"charge","layer":"passenger","locationId":"91371671","name":"EQUANS SGZH 2.0 Margrietstraat 3","address":"Margrietstraat 3","city":"Berkel en Rodenrijs","operatorName":"EQUANS","maxPowerKw":11,"isMegawatt":false,"status":"AVAILABLE","source":"ndw"}},{"type":"Feature","geometry":{"type":"Point","coordinates":[4.463152,51.984344]},"properties":{"type":"charge","layer":"passenger","locationId":"NLLOC001410","name":"NLD, Berkel en Rodenrijs, Rozenpad 58","address":"Rozenpad 58","city":"Berkel en Rodenrijs","operatorName":"Allego","maxPowerKw":11,"isMegawatt":false,"status":"CHARGING","source":"ndw","priceKwh":0.511}},{"type":"Feature","geometry":{"type":"Point","coordinates":[4.481317,51.996349]},"properties":{"type":"charge","layer":"passenger","locationId":"89370447","name":"EQUANS SGZH 2.0 89370447","address":"Wilhelminastraat 53","city":"Berkel en Rodenrijs","operatorName":"EQUANS","maxPowerKw":11,"isMegawatt":false,"status":"AVAILABLE","source":"ndw"}},{"type":"Feature","geometry":{"type":"Point","coordinates":[4.542435,52.010703]},"properties":{"type":"charge","layer":"passenger","locationId":"89273912","name":"EQUANS SGZH 2.0 89273912","address":"Middenburgweg 23","city":"Bleiswijk","operatorName":"EQUANS","maxPowerKw":11,"isMegawatt":false,"status":"AVAILABLE","source":"ndw"}},{"type":"Feature","geometry":{"type":"Point","coordinates":[4.48336,52.005164]},"properties":{"type":"charge","layer":"passenger","locationId":"90096528","name":"EQUANS SGZH 2.0 Noordeindseweg 180","address":"Noordeindseweg 180","city":"Berkel en Rodenrijs","operatorName":"EQUANS","maxPowerKw":11,"isMegawatt":false,"status":"AVAILABLE","source":"ndw"}},{"type":"Feature","geometry":{"type":"Point","coordinates":[4.544203,52.007026]},"properties":{"type":"charge","layer":"passenger","locationId":"89320322","name":"EQUANS SGZH 2.0 89320322","address":"Goudenregenstraat 11","city":"Bleiswijk","operatorName":"EQUANS","maxPowerKw":11,"isMegawatt":false,"status":"AVAILABLE","source":"ndw"}},{"type":"Feature","geometry":{"type":"Point","coordinates":[4.495714,52.002434]},"properties":{"type":"charge","layer":"passenger","locationId":"90247465","name":"EQUANS SGZH 2.0 Robijn 22","address":"Robijn 22","city":"Berkel en Rodenrijs","operatorName":"EQUANS","maxPowerKw":11,"isMegawatt":false,"status":"CHARGING","source":"ndw"}},{"type":"Feature","geometry":{"type":"Point","coordinates":[4.491247,51.985072]},"properties":{"type":"charge","layer":"passenger","locationId":"89641467","name":"EQUANS SGZH 2.0 89641467","address":"Catsstraat 48","city":"Bergschenhoek","operatorName":"EQUANS","maxPowerKw":11,"isMegawatt":false,"status":"AVAILABLE","source":"ndw"}},{"type":"Feature","geometry":{"type":"Point","coordinates":[4.529511,52.012707]},"properties":{"type":"charge","layer":"passenger","locationId":"89099759","name":"EQUANS SGZH 1.0 89099759","address":"Zoutmanstraat 2","city":"Bleiswijk","operatorName":"EQUANS","maxPowerKw":22,"isMegawatt":false,"status":"AVAILABLE","source":"ndw"}},{"type":"Feature","geometry":{"type":"Point","coordinates":[4.475511,51.991798]},"properties":{"type":"charge","layer":"passenger","locationId":"89090306","name":"EQUANS SGZH 1.0 89090306","address":"Willem-Alexanderlaan 28","city":"Berkel en Rodenrijs","operatorName":"EQUANS","maxPowerKw":22,"isMegawatt":false,"status":"AVAILABLE","source":"ndw"}},{"type":"Feature","geometry":{"type":"Point","coordinates":[4.457099,51.987486]},"properties":{"type":"charge","layer":"passenger","locationId":"89261835","name":"EQUANS SGZH 1.0 89261835","address":"Willem Wilminkstraat 37","city":"Berkel en rodenrijs","operatorName":"EQUANS","maxPowerKw":11,"isMegawatt":false,"status":"AVAILABLE","source":"ndw"}},{"type":"Feature","geometry":{"type":"Point","coordinates":[4.45068,51.98415]},"properties":{"type":"charge","layer":"passenger","locationId":"91245852","name":"EQUANS SGZH 2.0 Ton Lutzstraat 1","address":"Ton Lutzstraat 1","city":"Berkel en Rodenrijs","operatorName":"EQUANS","maxPowerKw":11,"isMegawatt":false,"status":"CHARGING","source":"ndw"}},{"type":"Feature","geometry":{"type":"Point","coordinates":[4.500806,51.99896]},"properties":{"type":"charge","layer":"passenger","locationId":"91277491","name":"EQUANS SGZH 2.0 Mondriaanstraat 6","address":"Mondriaanstraat 6","city":"Bergschenhoek","operatorName":"EQUANS","maxPowerKw":11,"isMegawatt":false,"status":"AVAILABLE","source":"ndw"}},{"type":"Feature","geometry":{"type":"Point","coordinates":[4.50695,51.99603]},"properties":{"type":"charge","layer":"passenger","locationId":"89055074","name":"EQUANS SGZH 2.0 van Ruysdaellaan 133","address":"van Ruysdaellaan 133","city":"Bergschenhoek","operatorName":"EQUANS","maxPowerKw":22,"isMegawatt":false,"status":"AVAILABLE","source":"ndw"}},{"type":"Feature","geometry":{"type":"Point","coordinates":[4.511264,51.994398]},"properties":{"type":"charge","layer":"passenger","locationId":"89254234","name":"EQUANS SGZH 2.0 89254234","address":"Vierlinghweg 50","city":"Bergschenhoek","operatorName":"EQUANS","maxPowerKw":11,"isMegawatt":false,"status":"AVAILABLE","source":"ndw"}},{"type":"Feature","geometry":{"type":"Point","coordinates":[4.460093,51.982723]},"properties":{"type":"charge","layer":"passenger","locationId":"89179054","name":"EQUANS SGZH 2.0 89179054","address":"Gerberasingel 124","city":"Berkel en Rodenrijs","operatorName":"EQUANS","maxPowerKw":17,"isMegawatt":false,"status":"CHARGING","source":"ndw"}},{"type":"Feature","geometry":{"type":"Point","coordinates":[4.49988,51.99662]},"properties":{"type":"charge","layer":"passenger","locationId":"91449183","name":"EQUANS SGZH 2.0 Planciusdreef 31","address":"Planciusdreef 31","city":"Bergschenhoek","operatorName":"EQUANS","maxPowerKw":11,"isMegawatt":false,"status":"AVAILABLE","source":"ndw"}},{"type":"Feature","geometry":{"type":"Point","coordinates":[4.472331,51.99744]},"properties":{"type":"charge","layer":"passenger","locationId":"6683f017952d74001c9f339c","name":"Laurens De Oudelandse Hof","address":"Oudelandselaan 226","city":"Berkel en Rodenrijs","operatorName":"Pluq","maxPowerKw":14,"isMegawatt":false,"status":"UNAVAILABLE","source":"ndw","priceKwh":0.41}},{"type":"Feature","geometry":{"type":"Point","coordinates":[4.514944,51.993596]},"properties":{"type":"charge","layer":"passenger","locationId":"4238551","name":"Laadnet Atrium Agri","address":"Oosteindsepad 8","city":"Bergschenhoek","operatorName":"Laadnet","maxPowerKw":22,"isMegawatt":false,"status":"AVAILABLE","source":"ndw"}},{"type":"Feature","geometry":{"type":"Point","coordinates":[4.447205,51.978404]},"properties":{"type":"charge","layer":"passenger","locationId":"89422036","name":"EQUANS SGZH 2.0 89422036","address":"Morsestraat 20 a","city":"Berkel en Rodenrijs","operatorName":"EQUANS","maxPowerKw":11,"isMegawatt":false,"status":"AVAILABLE","source":"ndw"}},{"type":"Feature","geometry":{"type":"Point","coordinates":[4.527707,52.006296]},"properties":{"type":"charge","layer":"passenger","locationId":"89370446","name":"EQUANS SGZH 2.0 89370446","address":"Hoekeindseweg 29","city":"Bleiswijk","operatorName":"EQUANS","maxPowerKw":11,"isMegawatt":false,"status":"AVAILABLE","source":"ndw"}},{"type":"Feature","geometry":{"type":"Point","coordinates":[4.484404,51.989182]},"properties":{"type":"charge","layer":"passenger","locationId":"89329953","name":"EQUANS SGZH 2.0 89329953","address":"Abe Bonnemastraat 108","city":"Bergschenhoek","operatorName":"EQUANS","maxPowerKw":11,"isMegawatt":false,"status":"AVAILABLE","source":"ndw"}},{"type":"Feature","geometry":{"type":"Point","coordinates":[4.463984,51.99234]},"properties":{"type":"charge","layer":"passenger","locationId":"NLLOC001408","name":"NLD, Lansingerland, Simon Carmiggeltstraat 32","address":"Simon Carmiggeltstraat 32","city":"Lansingerland","operatorName":"Allego","maxPowerKw":11,"isMegawatt":false,"status":"CHARGING","source":"ndw","priceKwh":0.511}},{"type":"Feature","geometry":{"type":"Point","coordinates":[4.48157,51.99291]},"properties":{"type":"charge","layer":"passenger","locationId":"90992426","name":"EQUANS SGZH 2.0 Dominee van Koetsveldstraat 51","address":"Dominee van Koetsveldstraat 51","city":"Berkel en Rodenrijs","operatorName":"EQUANS","maxPowerKw":11,"isMegawatt":false,"status":"AVAILABLE","source":"ndw"}},{"type":"Feature","geometry":{"type":"Point","coordinates":[4.485782,52.0002]},"properties":{"type":"charge","layer":"passenger","locationId":"89261809","name":"EQUANS SGZH 1.0 89261809","address":"Burgermeester Hendrixstraat 63","city":"Berkel en rodenrijs","operatorName":"EQUANS","maxPowerKw":11,"isMegawatt":false,"status":"AVAILABLE","source":"ndw"}},{"type":"Feature","geometry":{"type":"Point","coordinates":[4.472768,51.9844]},"properties":{"type":"charge","layer":"passenger","locationId":"89445003","name":"EQUANS SGZH 2.0 89445003","address":"Muijhof 1","city":"Berkel en Rodenrijs","operatorName":"EQUANS","maxPowerKw":11,"isMegawatt":false,"status":"CHARGING","source":"ndw"}},{"type":"Feature","geometry":{"type":"Point","coordinates":[4.450551,51.983632]},"properties":{"type":"charge","layer":"passenger","locationId":"89261845","name":"EQUANS SGZH 1.0 89261845","address":"Louis d'Orlaan 16","city":"Berkel en rodenrijs","operatorName":"EQUANS","maxPowerKw":11,"isMegawatt":false,"status":"AVAILABLE","source":"ndw"}},{"type":"Feature","geometry":{"type":"Point","coordinates":[4.45568,51.9748]},"properties":{"type":"charge","layer":"passenger","locationId":"89261799","name":"EQUANS SGZH 1.0 89261799","address":"Vosmaerstraat 53","city":"Berkel en rodenrijs","operatorName":"EQUANS","maxPowerKw":11,"isMegawatt":false,"status":"AVAILABLE","source":"ndw"}},{"type":"Feature","geometry":{"type":"Point","coordinates":[4.492037,51.987943]},"properties":{"type":"charge","layer":"passenger","locationId":"89261879","name":"EQUANS SGZH 1.0 89261879","address":"De Eilanden 51","city":"Bergschenhoek","operatorName":"EQUANS","maxPowerKw":11,"isMegawatt":false,"status":"AVAILABLE","source":"ndw"}},{"type":"Feature","geometry":{"type":"Point","coordinates":[4.541712,52.00581]},"properties":{"type":"charge","layer":"passenger","locationId":"NLLOC002151","name":"NLD, Bleiswijk, Kastanjelaan 104","address":"Kastanjelaan 104","city":"Bleiswijk","operatorName":"Allego","maxPowerKw":11,"isMegawatt":false,"status":"UNAVAILABLE","source":"ndw","priceKwh":0.511}},{"type":"Feature","geometry":{"type":"Point","coordinates":[4.49125,51.993471]},"properties":{"type":"charge","layer":"passenger","locationId":"89261853","name":"EQUANS SGZH 1.0 89261853","address":"Tjeerd Kuipersstraat 4","city":"Bergschenhoek","operatorName":"EQUANS","maxPowerKw":11,"isMegawatt":false,"status":"AVAILABLE","source":"ndw"}},{"type":"Feature","geometry":{"type":"Point","coordinates":[4.495651,51.99313]},"properties":{"type":"charge","layer":"passenger","locationId":"89261865","name":"EQUANS SGZH 1.0 89261865","address":"Riviermos /Korstmos 2","city":"Bergschenhoek","operatorName":"EQUANS","maxPowerKw":11,"isMegawatt":false,"status":"AVAILABLE","source":"ndw"}},{"type":"Feature","geometry":{"type":"Point","coordinates":[4.485433,51.98972]},"properties":{"type":"charge","layer":"passenger","locationId":"89261882","name":"EQUANS SGZH 1.0 89261882","address":"Abe Bonnemastraat 15","city":"Bergschenhoek","operatorName":"EQUANS","maxPowerKw":11,"isMegawatt":false,"status":"AVAILABLE","source":"ndw"}},{"type":"Feature","geometry":{"type":"Point","coordinates":[4.474753,51.995804]},"properties":{"type":"charge","layer":"passenger","locationId":"91210127","name":"EQUANS SGZH 2.0 Francis Dondersstraat 3","address":"Francis Dondersstraat 3","city":"Berkel en Rodenrijs","operatorName":"EQUANS","maxPowerKw":11,"isMegawatt":false,"status":"AVAILABLE","source":"ndw"}},{"type":"Feature","geometry":{"type":"Point","coordinates":[4.533084,52.015883]},"properties":{"type":"charge","layer":"passenger","locationId":"645e222f9e9c3200128d9a9a","name":"Jan Groen Tegels Bleiswijk","address":"Hoefweg 95","city":"Bleiswijk","operatorName":"E-Flux by Road","maxPowerKw":22,"isMegawatt":false,"status":"AVAILABLE","source":"ndw","priceKwh":0.43}},{"type":"Feature","geometry":{"type":"Point","coordinates":[4.477763,52.004003]},"properties":{"type":"charge","layer":"passenger","locationId":"89261843","name":"EQUANS SGZH 1.0 89261843","address":"Naardermeerstraat 195","city":"Berkel en rodenrijs","operatorName":"EQUANS","maxPowerKw":11,"isMegawatt":false,"status":"AVAILABLE","source":"ndw"}},{"type":"Feature","geometry":{"type":"Point","coordinates":[4.489126,51.992459]},"properties":{"type":"charge","layer":"passenger","locationId":"89261857","name":"EQUANS SGZH 1.0 89261857","address":"Architectenlaan 32","city":"Bergschenhoek","operatorName":"EQUANS","maxPowerKw":11,"isMegawatt":false,"status":"AVAILABLE","source":"ndw"}},{"type":"Feature","geometry":{"type":"Point","coordinates":[4.531537,52.016308]},"properties":{"type":"charge","layer":"passenger","locationId":"89261890","name":"EQUANS SGZH 1.0 89261890","address":"Karel Doormanlaan 31","city":"Bleiswijk","operatorName":"EQUANS","maxPowerKw":11,"isMegawatt":false,"status":"AVAILABLE","source":"ndw"}},{"type":"Feature","geometry":{"type":"Point","coordinates":[4.470324,51.999209]},"properties":{"type":"charge","layer":"passenger","locationId":"90273599","name":"EQUANS SGZH 2.0 Oosterscheldestraat 54","address":"Oosterscheldestraat 54","city":"Berkel en Rodenrijs","operatorName":"EQUANS","maxPowerKw":11,"isMegawatt":false,"status":"AVAILABLE","source":"ndw"}},{"type":"Feature","geometry":{"type":"Point","coordinates":[4.520428,52.003031]},"properties":{"type":"charge","layer":"passenger","locationId":"8DB13220-10C9-4B68-A1B2-8D10E204DC00","name":"Eneco eMobility Anthuriumweg 4 Bleiswijk","address":"Anthuriumweg 4","city":"Bleiswijk","operatorName":"Eneco","maxPowerKw":22,"isMegawatt":false,"status":"AVAILABLE","source":"ndw","priceKwh":0.32}},{"type":"Feature","geometry":{"type":"Point","coordinates":[4.45472,51.992909]},"properties":{"type":"charge","layer":"passenger","locationId":"89261846","name":"EQUANS SGZH 1.0 89261846","address":"Gouden Harplaan 24","city":"Berkel en rodenrijs","operatorName":"EQUANS","maxPowerKw":11,"isMegawatt":false,"status":"CHARGING","source":"ndw"}},{"type":"Feature","geometry":{"type":"Point","coordinates":[4.472598,51.984183]},"properties":{"type":"charge","layer":"passenger","locationId":"89261814","name":"EQUANS SGZH 1.0 89261814","address":"Muijhof 17","city":"Berkel en rodenrijs","operatorName":"EQUANS","maxPowerKw":11,"isMegawatt":false,"status":"AVAILABLE","source":"ndw"}},{"type":"Feature","geometry":{"type":"Point","coordinates":[4.486499,51.987349]},"properties":{"type":"charge","layer":"passenger","locationId":"NLLOC001418","name":"NLD, Bergschenhoek, Rozentuin 1","address":"Rozentuin 1","city":"Bergschenhoek","operatorName":"Allego","maxPowerKw":11,"isMegawatt":false,"status":"AVAILABLE","source":"ndw","priceKwh":0.511}},{"type":"Feature","geometry":{"type":"Point","coordinates":[4.456537,51.990268]},"properties":{"type":"charge","layer":"passenger","locationId":"90238798","name":"EQUANS SGZH 2.0 Poldermolenplein 25","address":"Poldermolenplein 25","city":"Berkel en Rodenrijs","operatorName":"EQUANS","maxPowerKw":11,"isMegawatt":false,"status":"AVAILABLE","source":"ndw"}},{"type":"Feature","geometry":{"type":"Point","coordinates":[4.49236,51.992744]},"properties":{"type":"charge","layer":"passenger","locationId":"89261863","name":"EQUANS SGZH 1.0 89261863","address":"Snoekbaars 27","city":"Bergschenhoek","operatorName":"EQUANS","maxPowerKw":11,"isMegawatt":false,"status":"AVAILABLE","source":"ndw"}},{"type":"Feature","geometry":{"type":"Point","coordinates":[4.546274,52.013511]},"properties":{"type":"charge","layer":"passenger","locationId":"89261905","name":"EQUANS SGZH 1.0 89261905","address":"Watermolen 1","city":"Bleiswijk","operatorName":"EQUANS","maxPowerKw":11,"isMegawatt":false,"status":"AVAILABLE","source":"ndw"}},{"type":"Feature","geometry":{"type":"Point","coordinates":[4.495517,51.98466]},"properties":{"type":"charge","layer":"passenger","locationId":"89261878","name":"EQUANS SGZH 1.0 89261878","address":"Gorterlaan 21","city":"Bergschenhoek","operatorName":"EQUANS","maxPowerKw":11,"isMegawatt":false,"status":"CHARGING","source":"ndw"}},{"type":"Feature","geometry":{"type":"Point","coordinates":[4.4654,51.98289]},"properties":{"type":"charge","layer":"passenger","locationId":"91326270","name":"EQUANS SGZH 2.0 Irislaan 23","address":"Irislaan 23","city":"Berkel en Rodenrijs","operatorName":"EQUANS","maxPowerKw":11,"isMegawatt":false,"status":"AVAILABLE","source":"ndw"}},{"type":"Feature","geometry":{"type":"Point","coordinates":[4.468304,51.984556]},"properties":{"type":"charge","layer":"passenger","locationId":"89261816","name":"EQUANS SGZH 1.0 89261816","address":"Anthuriumsingel 19","city":"Berkel en rodenrijs","operatorName":"EQUANS","maxPowerKw":11,"isMegawatt":false,"status":"AVAILABLE","source":"ndw"}},{"type":"Feature","geometry":{"type":"Point","coordinates":[4.539086,52.008426]},"properties":{"type":"charge","layer":"passenger","locationId":"89261897","name":"EQUANS SGZH 1.0 89261897","address":"Gruttostraat 59","city":"Bleiswijk","operatorName":"EQUANS","maxPowerKw":11,"isMegawatt":false,"status":"CHARGING","source":"ndw"}},{"type":"Feature","geometry":{"type":"Point","coordinates":[4.47807,52.0042]},"properties":{"type":"charge","layer":"passenger","locationId":"90994672","name":"EQUANS SGZH 2.0 Veluwemeerplantsoen 3","address":"Veluwemeerplantsoen 3","city":"Berkel en Rodenrijs","operatorName":"EQUANS","maxPowerKw":11,"isMegawatt":false,"status":"AVAILABLE","source":"ndw"}},{"type":"Feature","geometry":{"type":"Point","coordinates":[4.462214,51.996919]},"properties":{"type":"charge","layer":"passenger","locationId":"90466098","name":"EQUANS SGZH 2.0 Havenstraat 30","address":"Havenstraat 30","city":"Berkel en Rodenrijs","operatorName":"EQUANS","maxPowerKw":11,"isMegawatt":false,"status":"AVAILABLE","source":"ndw"}},{"type":"Feature","geometry":{"type":"Point","coordinates":[4.470008,51.994154]},"properties":{"type":"charge","layer":"passenger","locationId":"89261802","name":"EQUANS SGZH 1.0 89261802","address":"Parkstraat 43","city":"Berkel en rodenrijs","operatorName":"EQUANS","maxPowerKw":11,"isMegawatt":false,"status":"AVAILABLE","source":"ndw"}},{"type":"Feature","geometry":{"type":"Point","coordinates":[4.483982,52.015072]},"properties":{"type":"charge","layer":"passenger","locationId":"89261811","name":"EQUANS SGZH 1.0 89261811","address":"Noordeindseweg 61","city":"Berkel en rodenrijs","operatorName":"EQUANS","maxPowerKw":11,"isMegawatt":false,"status":"AVAILABLE","source":"ndw"}},{"type":"Feature","geometry":{"type":"Point","coordinates":[4.470876,51.989774]},"properties":{"type":"charge","layer":"passenger","locationId":"89261813","name":"EQUANS SGZH 1.0 89261813","address":"Sleutelbloemstraat 25","city":"Berkel en rodenrijs","operatorName":"EQUANS","maxPowerKw":11,"isMegawatt":false,"status":"AVAILABLE","source":"ndw"}},{"type":"Feature","geometry":{"type":"Point","coordinates":[4.539444,52.039855]},"properties":{"type":"charge","layer":"passenger","locationId":"922595","name":"LP 6 DAE-NL-2000014","address":"Facetlaan 6","city":"Bleiswijk","operatorName":"DAEN Mobility","maxPowerKw":22,"isMegawatt":false,"status":"AVAILABLE","source":"ndw","priceKwh":0.32}},{"type":"Feature","geometry":{"type":"Point","coordinates":[4.5269,52.011482]},"properties":{"type":"charge","layer":"passenger","locationId":"89261913","name":"EQUANS SGZH 1.0 89261913","address":"Rembrandtlaan 40","city":"Bleiswijk","operatorName":"EQUANS","maxPowerKw":11,"isMegawatt":false,"status":"AVAILABLE","source":"ndw"}},{"type":"Feature","geometry":{"type":"Point","coordinates":[4.4523,51.97594]},"properties":{"type":"charge","layer":"passenger","locationId":"2267290","name":"Laadnet ZaaKado Parking","address":"Hertzstraat 8","city":"Berkel en Rodenrijs","operatorName":"Laadnet","maxPowerKw":22,"isMegawatt":false,"status":"AVAILABLE","source":"ndw"}},{"type":"Feature","geometry":{"type":"Point","coordinates":[4.49049,51.98623]},"properties":{"type":"charge","layer":"passenger","locationId":"90273575","name":"EQUANS SGZH 2.0 Vondelstraat 25","address":"Vondelstraat 25","city":"Bergschenhoek","operatorName":"EQUANS","maxPowerKw":11,"isMegawatt":false,"status":"AVAILABLE","source":"ndw"}},{"type":"Feature","geometry":{"type":"Point","coordinates":[4.541419,52.0151]},"properties":{"type":"charge","layer":"passenger","locationId":"89261902","name":"EQUANS SGZH 1.0 89261902","address":"Lorentzstraat 7","city":"Bleiswijk","operatorName":"EQUANS","maxPowerKw":11,"isMegawatt":false,"status":"AVAILABLE","source":"ndw"}},{"type":"Feature","geometry":{"type":"Point","coordinates":[4.48045,52.004312]},"properties":{"type":"charge","layer":"passenger","locationId":"89261840","name":"EQUANS SGZH 1.0 89261840","address":"Sneekermeerplantsoen 4","city":"Berkel en rodenrijs","operatorName":"EQUANS","maxPowerKw":11,"isMegawatt":false,"status":"CHARGING","source":"ndw"}},{"type":"Feature","geometry":{"type":"Point","coordinates":[4.50003,51.982663]},"properties":{"type":"charge","layer":"passenger","locationId":"89233422","name":"EQUANS SGZH 2.0 89233422","address":"Dominee van Couwenhovelaan 160","city":"Bergschenhoek","operatorName":"EQUANS","maxPowerKw":11,"isMegawatt":false,"status":"AVAILABLE","source":"ndw"}},{"type":"Feature","geometry":{"type":"Point","coordinates":[4.531856,52.011789]},"properties":{"type":"charge","layer":"passenger","locationId":"89051547","name":"EQUANS SGZH 1.0 89051547","address":"Frederik Hendrikstraat 20","city":"Bleiswijk","operatorName":"EQUANS","maxPowerKw":17,"isMegawatt":false,"status":"AVAILABLE","source":"ndw"}},{"type":"Feature","geometry":{"type":"Point","coordinates":[4.461355,51.985]},"properties":{"type":"charge","layer":"passenger","locationId":"89051043","name":"EQUANS SGZH 1.0 89051043","address":"Castellum 2","city":"Berkel en Rodenrijs","operatorName":"EQUANS","maxPowerKw":22,"isMegawatt":false,"status":"UNAVAILABLE","source":"ndw"}},{"type":"Feature","geometry":{"type":"Point","coordinates":[4.47697,51.992286]},"properties":{"type":"charge","layer":"passenger","locationId":"NLLOC001480","name":"NLD, Berkel en Rodenrijs, Laan van Romen 25","address":"Laan van Romen 25","city":"Berkel en Rodenrijs","operatorName":"Allego","maxPowerKw":11,"isMegawatt":false,"status":"CHARGING","source":"ndw","priceKwh":0.511}},{"type":"Feature","geometry":{"type":"Point","coordinates":[4.497243,52.003853]},"properties":{"type":"charge","layer":"passenger","locationId":"90247502","name":"EQUANS SGZH 2.0 Saffier 40","address":"Saffier 40","city":"Berkel en Rodenrijs","operatorName":"EQUANS","maxPowerKw":11,"isMegawatt":false,"status":"AVAILABLE","source":"ndw"}},{"type":"Feature","geometry":{"type":"Point","coordinates":[4.461143,51.980363]},"properties":{"type":"charge","layer":"passenger","locationId":"90935937","name":"EQUANS SGZH 2.0 Gerberasingel 2","address":"Gerberasingel 2","city":"Berkel en Rodenrijs","operatorName":"EQUANS","maxPowerKw":11,"isMegawatt":false,"status":"AVAILABLE","source":"ndw"}},{"type":"Feature","geometry":{"type":"Point","coordinates":[4.503048,51.984948]},"properties":{"type":"charge","layer":"passenger","locationId":"89261862","name":"EQUANS SGZH 1.0 89261862","address":"Korenbloem 2","city":"Bergschenhoek","operatorName":"EQUANS","maxPowerKw":11,"isMegawatt":false,"status":"AVAILABLE","source":"ndw"}},{"type":"Feature","geometry":{"type":"Point","coordinates":[4.463637,51.989592]},"properties":{"type":"charge","layer":"passenger","locationId":"89273864","name":"EQUANS SGZH 2.0 89273864","address":"Louis Paul Boonstraat 47","city":"Berkel en Rodenrijs","operatorName":"EQUANS","maxPowerKw":11,"isMegawatt":false,"status":"AVAILABLE","source":"ndw"}},{"type":"Feature","geometry":{"type":"Point","coordinates":[4.480389,51.994353]},"properties":{"type":"charge","layer":"passenger","locationId":"89261804","name":"EQUANS SGZH 1.0 89261804","address":"Wilhelminastraat 20","city":"Berkel en rodenrijs","operatorName":"EQUANS","maxPowerKw":11,"isMegawatt":false,"status":"AVAILABLE","source":"ndw"}},{"type":"Feature","geometry":{"type":"Point","coordinates":[4.464805,51.999451]},"properties":{"type":"charge","layer":"passenger","locationId":"90256820","name":"EQUANS SGZH 2.0 Oostmeerlaan 85","address":"Oostmeerlaan 85","city":"Berkel en Rodenrijs","operatorName":"EQUANS","maxPowerKw":11,"isMegawatt":false,"status":"AVAILABLE","source":"ndw"}},{"type":"Feature","geometry":{"type":"Point","coordinates":[4.462119,51.988818]},"properties":{"type":"charge","layer":"passenger","locationId":"89261837","name":"EQUANS SGZH 1.0 89261837","address":"Stationssingel 12","city":"Berkel en rodenrijs","operatorName":"EQUANS","maxPowerKw":11,"isMegawatt":false,"status":"AVAILABLE","source":"ndw"}},{"type":"Feature","geometry":{"type":"Point","coordinates":[4.506955,51.987871]},"properties":{"type":"charge","layer":"passenger","locationId":"89261858","name":"EQUANS SGZH 1.0 89261858","address":"Irenestraat 3","city":"Bergschenhoek","operatorName":"EQUANS","maxPowerKw":11,"isMegawatt":false,"status":"AVAILABLE","source":"ndw"}},{"type":"Feature","geometry":{"type":"Point","coordinates":[4.49467,51.97464]},"properties":{"type":"charge","layer":"passenger","locationId":"124F787F-6AD1-474D-BE6B-90E22524FE9C","name":"Eneco eMobility Bergweg-Zuid 96 BERGSCHENHOEK","address":"Bergweg-Zuid 96","city":"Bergschenhoek","operatorName":"Eneco","maxPowerKw":22,"isMegawatt":false,"status":"UNAVAILABLE","source":"ndw","priceKwh":0.32}},{"type":"Feature","geometry":{"type":"Point","coordinates":[4.510904,51.984489]},"properties":{"type":"charge","layer":"passenger","locationId":"89179863","name":"EQUANS SGZH 2.0 89179863","address":"Hoeksekade 86","city":"Bergschenhoek","operatorName":"EQUANS","maxPowerKw":17,"isMegawatt":false,"status":"AVAILABLE","source":"ndw"}},{"type":"Feature","geometry":{"type":"Point","coordinates":[4.486777,52.001901]},"properties":{"type":"charge","layer":"passenger","locationId":"89261818","name":"EQUANS SGZH 1.0 89261818","address":"Rhododendronstraat 11","city":"Berkel en rodenrijs","operatorName":"EQUANS","maxPowerKw":11,"isMegawatt":false,"status":"AVAILABLE","source":"ndw"}},{"type":"Feature","geometry":{"type":"Point","coordinates":[4.504963,51.985005]},"properties":{"type":"charge","layer":"passenger","locationId":"89235338","name":"EQUANS SGZH 2.0 89235338","address":"Vogelwikke 1","city":"Bergschenhoek","operatorName":"EQUANS","maxPowerKw":11,"isMegawatt":false,"status":"AVAILABLE","source":"ndw"}},{"type":"Feature","geometry":{"type":"Point","coordinates":[4.466527,52.000998]},"properties":{"type":"charge","layer":"passenger","locationId":"89273859","name":"EQUANS SGZH 2.0 89273859","address":"Lekplantsoen 3","city":"Berkel en Rodenrijs","operatorName":"EQUANS","maxPowerKw":11,"isMegawatt":false,"status":"CHARGING","source":"ndw"}},{"type":"Feature","geometry":{"type":"Point","coordinates":[4.470653,51.989199]},"properties":{"type":"charge","layer":"passenger","locationId":"89914519","name":"EQUANS SGZH 2.0 89914519","address":"Pijlkruidstraat 2","city":"Berkel en Rodenrijs","operatorName":"EQUANS","maxPowerKw":11,"isMegawatt":false,"status":"AVAILABLE","source":"ndw"}},{"type":"Feature","geometry":{"type":"Point","coordinates":[4.546732,52.010307]},"properties":{"type":"charge","layer":"passenger","locationId":"90096529","name":"EQUANS SGZH 2.0 Sterrenlaan 129","address":"Sterrenlaan 129","city":"Bleiswijk","operatorName":"EQUANS","maxPowerKw":11,"isMegawatt":false,"status":"AVAILABLE","source":"ndw"}},{"type":"Feature","geometry":{"type":"Point","coordinates":[4.505964,51.984904]},"properties":{"type":"charge","layer":"passenger","locationId":"89344619","name":"EQUANS SGZH 2.0 89344619","address":"Europasingel 24","city":"Bergschenhoek","operatorName":"EQUANS","maxPowerKw":11,"isMegawatt":false,"status":"AVAILABLE","source":"ndw"}},{"type":"Feature","geometry":{"type":"Point","coordinates":[4.49935,51.99049]},"properties":{"type":"charge","layer":"passenger","locationId":"91379080","name":"EQUANS SGZH 2.0 Stellingmolen 2","address":"Stellingmolen 2","city":"Bergschenhoek","operatorName":"EQUANS","maxPowerKw":11,"isMegawatt":false,"status":"AVAILABLE","source":"ndw"}},{"type":"Feature","geometry":{"type":"Point","coordinates":[4.536158,52.006786]},"properties":{"type":"charge","layer":"passenger","locationId":"89209927","name":"EQUANS SGZH 2.0 89209927","address":"Nachtegaallaan 8","city":"Bleiswijk","operatorName":"EQUANS","maxPowerKw":11,"isMegawatt":false,"status":"AVAILABLE","source":"ndw"}},{"type":"Feature","geometry":{"type":"Point","coordinates":[4.467274,51.999983]},"properties":{"type":"charge","layer":"passenger","locationId":"89473077","name":"EQUANS SGZH 2.0 89473077","address":"Rivierenstraat 109","city":"Berkel en Rodenrijs","operatorName":"EQUANS","maxPowerKw":11,"isMegawatt":false,"status":"AVAILABLE","source":"ndw"}},{"type":"Feature","geometry":{"type":"Point","coordinates":[4.497053,51.993015]},"properties":{"type":"charge","layer":"passenger","locationId":"90226404","name":"EQUANS SGZH 2.0 IJslandmos 1","address":"IJslandmos 1","city":"Bergschenhoek","operatorName":"EQUANS","maxPowerKw":11,"isMegawatt":false,"status":"AVAILABLE","source":"ndw"}},{"type":"Feature","geometry":{"type":"Point","coordinates":[4.46343,51.99515]},"properties":{"type":"charge","layer":"passenger","locationId":"90943955","name":"EQUANS SGZH 2.0 Klapwijkse Zoom 298","address":"Klapwijkse Zoom 298","city":"Berkel en Rodenrijs","operatorName":"EQUANS","maxPowerKw":11,"isMegawatt":false,"status":"AVAILABLE","source":"ndw"}},{"type":"Feature","geometry":{"type":"Point","coordinates":[4.50383,51.987437]},"properties":{"type":"charge","layer":"passenger","locationId":"90164975","name":"EQUANS SGZH 2.0 Laan der Vrijheid 35","address":"Laan der Vrijheid 35","city":"Bergschenhoek","operatorName":"EQUANS","maxPowerKw":11,"isMegawatt":false,"status":"CHARGING","source":"ndw"}},{"type":"Feature","geometry":{"type":"Point","coordinates":[4.490104,51.988467]},"properties":{"type":"charge","layer":"passenger","locationId":"90159901","name":"EQUANS SGZH 2.0 Noorderparklaan 143","address":"Noorderparklaan 143","city":"Bergschenhoek","operatorName":"EQUANS","maxPowerKw":11,"isMegawatt":false,"status":"AVAILABLE","source":"ndw"}},{"type":"Feature","geometry":{"type":"Point","coordinates":[4.489291,51.987149]},"properties":{"type":"charge","layer":"passenger","locationId":"89261881","name":"EQUANS SGZH 1.0 89261881","address":"Amaryllistuin 7","city":"Bergschenhoek","operatorName":"EQUANS","maxPowerKw":11,"isMegawatt":false,"status":"AVAILABLE","source":"ndw"}},{"type":"Feature","geometry":{"type":"Point","coordinates":[4.455945,51.98483]},"properties":{"type":"charge","layer":"passenger","locationId":"89052570","name":"EQUANS SGZH 1.0 89052570","address":"Guus hermusssingel - Caro van Eyckstraat 2","city":"Berkel en Rodenrijs","operatorName":"EQUANS","maxPowerKw":11,"isMegawatt":false,"status":"AVAILABLE","source":"ndw"}},{"type":"Feature","geometry":{"type":"Point","coordinates":[4.493979,51.984441]},"properties":{"type":"charge","layer":"passenger","locationId":"90122374","name":"EQUANS SGZH 2.0 Klooslaan 7","address":"Klooslaan 7","city":"Bergschenhoek","operatorName":"EQUANS","maxPowerKw":11,"isMegawatt":false,"status":"AVAILABLE","source":"ndw"}},{"type":"Feature","geometry":{"type":"Point","coordinates":[4.460742,51.981704]},"properties":{"type":"charge","layer":"passenger","locationId":"89370445","name":"EQUANS SGZH 2.0 89370445","address":"Chrysantenhof 2","city":"Berkel en Rodenrijs","operatorName":"EQUANS","maxPowerKw":11,"isMegawatt":false,"status":"AVAILABLE","source":"ndw"}},{"type":"Feature","geometry":{"type":"Point","coordinates":[4.539444,52.039855]},"properties":{"type":"charge","layer":"passenger","locationId":"922594","name":"LP 7 DAE-NL-2000013","address":"Facetlaan 6","city":"Bleiswijk","operatorName":"DAEN Mobility","maxPowerKw":22,"isMegawatt":false,"status":"AVAILABLE","source":"ndw","priceKwh":0.32}},{"type":"Feature","geometry":{"type":"Point","coordinates":[4.464936,51.986528]},"properties":{"type":"charge","layer":"passenger","locationId":"89061035","name":"EQUANS SGZH 1.0 89061035","address":"Valkenhof 2","city":"Berkel en Rodenrijs","operatorName":"EQUANS","maxPowerKw":22,"isMegawatt":false,"status":"AVAILABLE","source":"ndw"}},{"type":"Feature","geometry":{"type":"Point","coordinates":[4.479323,52.026302]},"properties":{"type":"charge","layer":"passenger","locationId":"89209929","name":"EQUANS SGZH 2.0 89209929","address":"Oesterstraat 26","city":"Berkel en Rodenrijs","operatorName":"EQUANS","maxPowerKw":17,"isMegawatt":false,"status":"AVAILABLE","source":"ndw"}},{"type":"Feature","geometry":{"type":"Point","coordinates":[4.480212,52.005887]},"properties":{"type":"charge","layer":"passenger","locationId":"89261847","name":"EQUANS SGZH 1.0 89261847","address":"IJmeerstraat 111","city":"Berkel en rodenrijs","operatorName":"EQUANS","maxPowerKw":11,"isMegawatt":false,"status":"AVAILABLE","source":"ndw"}},{"type":"Feature","geometry":{"type":"Point","coordinates":[4.540579,52.004972]},"properties":{"type":"charge","layer":"passenger","locationId":"89254226","name":"EQUANS SGZH 2.0 89254226","address":"Ribeshof 2","city":"Bleiswijk","operatorName":"EQUANS","maxPowerKw":22,"isMegawatt":false,"status":"AVAILABLE","source":"ndw"}},{"type":"Feature","geometry":{"type":"Point","coordinates":[4.481604,51.995099]},"properties":{"type":"charge","layer":"passenger","locationId":"89914515","name":"EQUANS SGZH 2.0 89914515","address":"Wethouder Schipperstraat 17","city":"Berkel en Rodenrijs","operatorName":"EQUANS","maxPowerKw":11,"isMegawatt":false,"status":"AVAILABLE","source":"ndw"}},{"type":"Feature","geometry":{"type":"Point","coordinates":[4.482677,52.001672]},"properties":{"type":"charge","layer":"passenger","locationId":"89329824","name":"EQUANS SGZH 2.0 89329824","address":"Wilgenlaan 2 a","city":"Berkel en Rodenrijs","operatorName":"EQUANS","maxPowerKw":11,"isMegawatt":false,"status":"AVAILABLE","source":"ndw"}},{"type":"Feature","geometry":{"type":"Point","coordinates":[4.483501,51.998566]},"properties":{"type":"charge","layer":"passenger","locationId":"89262118","name":"EQUANS SGZH 1.0 Krugerlaan 9A","address":"Krugerlaan 9A","city":"Berkel en Rodenrijs","operatorName":"EQUANS","maxPowerKw":11,"isMegawatt":false,"status":"AVAILABLE","source":"ndw"}},{"type":"Feature","geometry":{"type":"Point","coordinates":[4.546523,52.014799]},"properties":{"type":"charge","layer":"passenger","locationId":"NLLOC001721","name":"NLD, Bleiswijk, Bergmolen 35","address":"Bergmolen 35","city":"Bleiswijk","operatorName":"Allego","maxPowerKw":11,"isMegawatt":false,"status":"AVAILABLE","source":"ndw","priceKwh":0.511}},{"type":"Feature","geometry":{"type":"Point","coordinates":[4.469109,51.98218]},"properties":{"type":"charge","layer":"passenger","locationId":"90256822","name":"EQUANS SGZH 2.0 Waddenweg 124","address":"Waddenweg 124","city":"Berkel en Rodenrijs","operatorName":"EQUANS","maxPowerKw":11,"isMegawatt":false,"status":"AVAILABLE","source":"ndw"}},{"type":"Feature","geometry":{"type":"Point","coordinates":[4.504122,51.991063]},"properties":{"type":"charge","layer":"passenger","locationId":"89261870","name":"EQUANS SGZH 1.0 89261870","address":"Steenbreekvaren 47","city":"Bergschenhoek","operatorName":"EQUANS","maxPowerKw":11,"isMegawatt":false,"status":"AVAILABLE","source":"ndw"}},{"type":"Feature","geometry":{"type":"Point","coordinates":[4.50254,51.997469]},"properties":{"type":"charge","layer":"passenger","locationId":"89261872","name":"EQUANS SGZH 1.0 89261872","address":"Frans Halslaan 25","city":"Bergschenhoek","operatorName":"EQUANS","maxPowerKw":11,"isMegawatt":false,"status":"AVAILABLE","source":"ndw"}},{"type":"Feature","geometry":{"type":"Point","coordinates":[4.539304,52.04231]},"properties":{"type":"charge","layer":"passenger","locationId":"4853357","name":"Laadnet Rexel DC Bleiswijk (Unit A)","address":"Maansteenweg 1","city":"Bleiswijk","operatorName":"Laadnet","maxPowerKw":11,"isMegawatt":false,"status":"AVAILABLE","source":"ndw"}},{"type":"Feature","geometry":{"type":"Point","coordinates":[4.545168,52.006637]},"properties":{"type":"charge","layer":"passenger","locationId":"89261895","name":"EQUANS SGZH 1.0 89261895","address":"Beukenlaan 106","city":"Bleiswijk","operatorName":"EQUANS","maxPowerKw":11,"isMegawatt":false,"status":"AVAILABLE","source":"ndw"}},{"type":"Feature","geometry":{"type":"Point","coordinates":[4.50118,51.99517]},"properties":{"type":"charge","layer":"passenger","locationId":"91046456","name":"EQUANS SGZH 2.0 Mercatordreef 8","address":"Mercatordreef 8","city":"Bergschenhoek","operatorName":"EQUANS","maxPowerKw":11,"isMegawatt":false,"status":"AVAILABLE","source":"ndw"}},{"type":"Feature","geometry":{"type":"Point","coordinates":[4.466389,51.990658]},"properties":{"type":"charge","layer":"passenger","locationId":"89251438","name":"EQUANS SGZH 2.0 89251438","address":"Boterbloemstraat 16","city":"Berkel en Rodenrijs","operatorName":"EQUANS","maxPowerKw":11,"isMegawatt":false,"status":"AVAILABLE","source":"ndw"}},{"type":"Feature","geometry":{"type":"Point","coordinates":[4.526368,52.006649]},"properties":{"type":"charge","layer":"passenger","locationId":"89261903","name":"EQUANS SGZH 1.0 89261903","address":"Grijpestijnhof 43","city":"Bleiswijk","operatorName":"EQUANS","maxPowerKw":11,"isMegawatt":false,"status":"AVAILABLE","source":"ndw"}},{"type":"Feature","geometry":{"type":"Point","coordinates":[4.533875,52.012013]},"properties":{"type":"charge","layer":"passenger","locationId":"89370443","name":"EQUANS SGZH 2.0 89370443","address":"De Horsten 27","city":"Bleiswijk","operatorName":"EQUANS","maxPowerKw":11,"isMegawatt":false,"status":"AVAILABLE","source":"ndw"}},{"type":"Feature","geometry":{"type":"Point","coordinates":[4.540361,52.001846]},"properties":{"type":"charge","layer":"passenger","locationId":"89261904","name":"EQUANS SGZH 1.0 89261904","address":"Götzenhainsingel 12","city":"Bleiswijk","operatorName":"EQUANS","maxPowerKw":11,"isMegawatt":false,"status":"AVAILABLE","source":"ndw"}},{"type":"Feature","geometry":{"type":"Point","coordinates":[4.49558,52.005492]},"properties":{"type":"charge","layer":"passenger","locationId":"NLLOC001719","name":"NLD, Berkel en Rodenrijs, Edelsteenweg 25","address":"Edelsteenweg 25","city":"Berkel en Rodenrijs","operatorName":"Allego","maxPowerKw":11,"isMegawatt":false,"status":"AVAILABLE","source":"ndw","priceKwh":0.511}},{"type":"Feature","geometry":{"type":"Point","coordinates":[4.47994,51.99217]},"properties":{"type":"charge","layer":"passenger","locationId":"91246104","name":"EQUANS SGZH 2.0 Raadhuishof 14","address":"Raadhuishof 14","city":"Berkel en Rodenrijs","operatorName":"EQUANS","maxPowerKw":11,"isMegawatt":false,"status":"AVAILABLE","source":"ndw"}},{"type":"Feature","geometry":{"type":"Point","coordinates":[4.51168,51.97934]},"properties":{"type":"charge","layer":"passenger","locationId":"91448094","name":"EQUANS SGZH 2.0 Sporthoeklaan 41","address":"Sporthoeklaan 41","city":"Bergschenhoek","operatorName":"EQUANS","maxPowerKw":11,"isMegawatt":false,"status":"AVAILABLE","source":"ndw"}},{"type":"Feature","geometry":{"type":"Point","coordinates":[4.49643,51.998194]},"properties":{"type":"charge","layer":"passenger","locationId":"89329831","name":"EQUANS SGZH 2.0 Christiaan van der Takstraat 75","address":"Christiaan van der Takstraat 75","city":"Bergschenhoek","operatorName":"EQUANS","maxPowerKw":11,"isMegawatt":false,"status":"CHARGING","source":"ndw"}},{"type":"Feature","geometry":{"type":"Point","coordinates":[4.54148,52.041641]},"properties":{"type":"charge","layer":"passenger","locationId":"6b5aded087697928cb4c6a255624d61e","name":"Jadestraat 10","address":"Jadestraat 10","city":"Bleiswijk","operatorName":"Vattenfall InCharge","maxPowerKw":50,"isMegawatt":false,"status":"AVAILABLE","source":"ndw"}},{"type":"Feature","geometry":{"type":"Point","coordinates":[4.481813,51.99976]},"properties":{"type":"charge","layer":"passenger","locationId":"6683e9f367c22e001c805438","name":"Laurens Sint Petrus","address":"Noordeindseweg 94","city":"Berkel en Rodenrijs","operatorName":"Pluq","maxPowerKw":22,"isMegawatt":false,"status":"AVAILABLE","source":"ndw","priceKwh":0.43}},{"type":"Feature","geometry":{"type":"Point","coordinates":[4.466149,52.001338]},"properties":{"type":"charge","layer":"passenger","locationId":"89261827","name":"EQUANS SGZH 1.0 89261827","address":"Lekplantsoen 1","city":"Berkel en rodenrijs","operatorName":"EQUANS","maxPowerKw":11,"isMegawatt":false,"status":"AVAILABLE","source":"ndw"}},{"type":"Feature","geometry":{"type":"Point","coordinates":[4.500406,51.998587]},"properties":{"type":"charge","layer":"passenger","locationId":"89261871","name":"EQUANS SGZH 1.0 89261871","address":"Rubenslaan 14","city":"Bergschenhoek","operatorName":"EQUANS","maxPowerKw":11,"isMegawatt":false,"status":"AVAILABLE","source":"ndw"}},{"type":"Feature","geometry":{"type":"Point","coordinates":[4.470246,51.993247]},"properties":{"type":"charge","layer":"passenger","locationId":"90107539","name":"EQUANS SGZH 2.0 Klapwijkse Zoom 52, Berkel en Rodenrijs","address":"Klapwijkse Zoom 52","city":"Berkel en Rodenrijs","operatorName":"EQUANS","maxPowerKw":11,"isMegawatt":false,"status":"AVAILABLE","source":"ndw"}},{"type":"Feature","geometry":{"type":"Point","coordinates":[4.460962,51.98925]},"properties":{"type":"charge","layer":"passenger","locationId":"90273595","name":"EQUANS SGZH 2.0 Stationssingel 36","address":"Stationssingel 36","city":"Berkel en Rodenrijs","operatorName":"EQUANS","maxPowerKw":11,"isMegawatt":false,"status":"AVAILABLE","source":"ndw"}},{"type":"Feature","geometry":{"type":"Point","coordinates":[4.536622,52.005514]},"properties":{"type":"charge","layer":"passenger","locationId":"89261906","name":"EQUANS SGZH 1.0 89261906","address":"Roerdompdreef 2","city":"Bleiswijk","operatorName":"EQUANS","maxPowerKw":11,"isMegawatt":false,"status":"AVAILABLE","source":"ndw"}},{"type":"Feature","geometry":{"type":"Point","coordinates":[4.468854,51.984218]},"properties":{"type":"charge","layer":"passenger","locationId":"89604304","name":"EQUANS SGZH 2.0 89604304","address":"Astersingel 12","city":"Berkel en Rodenrijs","operatorName":"EQUANS","maxPowerKw":11,"isMegawatt":false,"status":"AVAILABLE","source":"ndw"}},{"type":"Feature","geometry":{"type":"Point","coordinates":[4.502105,51.984348]},"properties":{"type":"charge","layer":"passenger","locationId":"89261855","name":"EQUANS SGZH 1.0 89261855","address":"Zwanensingel 14","city":"Bergschenhoek","operatorName":"EQUANS","maxPowerKw":11,"isMegawatt":false,"status":"AVAILABLE","source":"ndw"}},{"type":"Feature","geometry":{"type":"Point","coordinates":[4.486111,51.994147]},"properties":{"type":"charge","layer":"passenger","locationId":"89264136","name":"EQUANS SGZH 1.0 89264136","address":"Berkelseweg 95","city":"Bergschenhoek","operatorName":"EQUANS","maxPowerKw":11,"isMegawatt":false,"status":"UNAVAILABLE","source":"ndw"}},{"type":"Feature","geometry":{"type":"Point","coordinates":[4.483501,51.998584]},"properties":{"type":"charge","layer":"passenger","locationId":"90248557","name":"EQUANS SGZH 2.0 Krugerlaan 11 b","address":"Krugerlaan 11 b","city":"Berkel en Rodenrijs","operatorName":"EQUANS","maxPowerKw":11,"isMegawatt":false,"status":"CHARGING","source":"ndw"}},{"type":"Feature","geometry":{"type":"Point","coordinates":[4.457835,51.985118]},"properties":{"type":"charge","layer":"passenger","locationId":"89937944","name":"EQUANS SGZH 2.0 89937944","address":"Schans 38","city":"Berkel en Rodenrijs","operatorName":"EQUANS","maxPowerKw":11,"isMegawatt":false,"status":"AVAILABLE","source":"ndw"}},{"type":"Feature","geometry":{"type":"Point","coordinates":[4.547941,52.014067]},"properties":{"type":"charge","layer":"passenger","locationId":"89145596","name":"EQUANS SGZH 2.0 89145596","address":"Stellingmolen 26","city":"Bleiswijk","operatorName":"EQUANS","maxPowerKw":17,"isMegawatt":false,"status":"AVAILABLE","source":"ndw"}},{"type":"Feature","geometry":{"type":"Point","coordinates":[4.493656,52.00347]},"properties":{"type":"charge","layer":"passenger","locationId":"90112021","name":"EQUANS SGZH 2.0 Agaat 15","address":"Agaat 15","city":"Berkel en Rodenrijs","operatorName":"EQUANS","maxPowerKw":11,"isMegawatt":false,"status":"AVAILABLE","source":"ndw"}},{"type":"Feature","geometry":{"type":"Point","coordinates":[4.544662,52.004627]},"properties":{"type":"charge","layer":"passenger","locationId":"NLLOC001417","name":"NLD, Bleiswijk, Beukenlaan 30","address":"Beukenlaan 30","city":"Bleiswijk","operatorName":"Allego","maxPowerKw":22,"isMegawatt":false,"status":"AVAILABLE","source":"ndw","priceKwh":0.511}},{"type":"Feature","geometry":{"type":"Point","coordinates":[4.485718,52.002886]},"properties":{"type":"charge","layer":"passenger","locationId":"90172062","name":"EQUANS SGZH 2.0 Castor 46 (Orionstraat)","address":"Castor 46","city":"Berkel en Rodenrijs","operatorName":"EQUANS","maxPowerKw":11,"isMegawatt":false,"status":"AVAILABLE","source":"ndw"}},{"type":"Feature","geometry":{"type":"Point","coordinates":[4.478863,52.005316]},"properties":{"type":"charge","layer":"passenger","locationId":"89205320","name":"EQUANS SGZH 2.0 89205320","address":"IJmeerstraat 83","city":"Berkel en Rodenrijs","operatorName":"EQUANS","maxPowerKw":11,"isMegawatt":false,"status":"AVAILABLE","source":"ndw"}},{"type":"Feature","geometry":{"type":"Point","coordinates":[4.542187,52.005995]},"properties":{"type":"charge","layer":"passenger","locationId":"90822404","name":"EQUANS SGZH 2.0 Kastanjelaan 85","address":"Kastanjelaan 85","city":"Bleiswijk","operatorName":"EQUANS","maxPowerKw":11,"isMegawatt":false,"status":"AVAILABLE","source":"ndw"}},{"type":"Feature","geometry":{"type":"Point","coordinates":[4.473475,51.993139]},"properties":{"type":"charge","layer":"passenger","locationId":"90256824","name":"EQUANS SGZH 2.0 De Warmoezerij 61","address":"De Warmoezerij 61","city":"Berkel en Rodenrijs","operatorName":"EQUANS","maxPowerKw":11,"isMegawatt":false,"status":"AVAILABLE","source":"ndw"}},{"type":"Feature","geometry":{"type":"Point","coordinates":[4.459689,51.997236]},"properties":{"type":"charge","layer":"passenger","locationId":"89462870","name":"EQUANS SGZH 2.0 89462870","address":"Oostmeerlaan 21","city":"Berkel en Rodenrijs","operatorName":"EQUANS","maxPowerKw":11,"isMegawatt":false,"status":"AVAILABLE","source":"ndw"}},{"type":"Feature","geometry":{"type":"Point","coordinates":[4.538404,52.011055]},"properties":{"type":"charge","layer":"passenger","locationId":"89942907","name":"EQUANS SGZH 2.0 89942907","address":"Duindigtstraat 33","city":"Bleiswijk","operatorName":"EQUANS","maxPowerKw":11,"isMegawatt":false,"status":"AVAILABLE","source":"ndw"}},{"type":"Feature","geometry":{"type":"Point","coordinates":[4.478136,51.991594]},"properties":{"type":"charge","layer":"passenger","locationId":"89261803","name":"EQUANS SGZH 1.0 89261803","address":"Raadhuisstraat 38","city":"Berkel en rodenrijs","operatorName":"EQUANS","maxPowerKw":11,"isMegawatt":false,"status":"AVAILABLE","source":"ndw"}},{"type":"Feature","geometry":{"type":"Point","coordinates":[4.48552,52.00389]},"properties":{"type":"charge","layer":"passenger","locationId":"91003893","name":"EQUANS SGZH 2.0 Pollux 45","address":"Pollux 45","city":"Berkel en Rodenrijs","operatorName":"EQUANS","maxPowerKw":11,"isMegawatt":false,"status":"AVAILABLE","source":"ndw"}},{"type":"Feature","geometry":{"type":"Point","coordinates":[4.458456,51.998334]},"properties":{"type":"charge","layer":"passenger","locationId":"89877101","name":"EQUANS SGZH 2.0 89877101","address":"Brouwershavenstraat 43","city":"Berkel en Rodenrijs","operatorName":"EQUANS","maxPowerKw":11,"isMegawatt":false,"status":"AVAILABLE","source":"ndw"}},{"type":"Feature","geometry":{"type":"Point","coordinates":[4.439823,51.971639]},"properties":{"type":"charge","layer":"passenger","locationId":"89238528","name":"EQUANS SGZH 2.0 89238528","address":"Tuinpad 7","city":"Berkel en Rodenrijs","operatorName":"EQUANS","maxPowerKw":11,"isMegawatt":false,"status":"AVAILABLE","source":"ndw"}},{"type":"Feature","geometry":{"type":"Point","coordinates":[4.514601,51.982045]},"properties":{"type":"charge","layer":"passenger","locationId":"90892557","name":"EQUANS SGZH 2.0 Bleulandweg 336","address":"Bleulandweg 336","city":"Gouda","operatorName":"EQUANS","maxPowerKw":11,"isMegawatt":false,"status":"AVAILABLE","source":"ndw"}},{"type":"Feature","geometry":{"type":"Point","coordinates":[4.502492,51.99462]},"properties":{"type":"charge","layer":"passenger","locationId":"89179862","name":"EQUANS SGZH 2.0 89179862","address":"Hondiusdreef 13","city":"Bergschenhoek","operatorName":"EQUANS","maxPowerKw":17,"isMegawatt":false,"status":"AVAILABLE","source":"ndw"}},{"type":"Feature","geometry":{"type":"Point","coordinates":[4.501813,51.988556]},"properties":{"type":"charge","layer":"passenger","locationId":"89261864","name":"EQUANS SGZH 1.0 89261864","address":"Vlashoeck 13","city":"Bergschenhoek","operatorName":"EQUANS","maxPowerKw":11,"isMegawatt":false,"status":"CHARGING","source":"ndw"}},{"type":"Feature","geometry":{"type":"Point","coordinates":[4.456972,51.976585]},"properties":{"type":"charge","layer":"passenger","locationId":"89261826","name":"EQUANS SGZH 1.0 89261826","address":"Zuidersingel 23","city":"Berkel en rodenrijs","operatorName":"EQUANS","maxPowerKw":11,"isMegawatt":false,"status":"AVAILABLE","source":"ndw"}},{"type":"Feature","geometry":{"type":"Point","coordinates":[4.49501,51.99296]},"properties":{"type":"charge","layer":"passenger","locationId":"91172302","name":"EQUANS SGZH 2.0 Rendiermos 6","address":"Rendiermos 6","city":"Bergschenhoek","operatorName":"EQUANS","maxPowerKw":11,"isMegawatt":false,"status":"AVAILABLE","source":"ndw"}},{"type":"Feature","geometry":{"type":"Point","coordinates":[4.5491,52.0136]},"properties":{"type":"charge","layer":"passenger","locationId":"90939960","name":"EQUANS SGZH 2.0 Papiermolen 5","address":"Papiermolen 5","city":"Bleiswijk","operatorName":"EQUANS","maxPowerKw":11,"isMegawatt":false,"status":"CHARGING","source":"ndw"}},{"type":"Feature","geometry":{"type":"Point","coordinates":[4.48987,51.993755]},"properties":{"type":"charge","layer":"passenger","locationId":"90226387","name":"EQUANS SGZH 2.0 Piet Kramerzoom 17","address":"Piet Kramerzoom 17","city":"Bergschenhoek","operatorName":"EQUANS","maxPowerKw":11,"isMegawatt":false,"status":"AVAILABLE","source":"ndw"}},{"type":"Feature","geometry":{"type":"Point","coordinates":[4.544704,52.012658]},"properties":{"type":"charge","layer":"passenger","locationId":"89153855","name":"EQUANS SGZH 2.0 89153855","address":"Kleine Beer 12","city":"Bleiswijk","operatorName":"EQUANS","maxPowerKw":17,"isMegawatt":false,"status":"AVAILABLE","source":"ndw"}},{"type":"Feature","geometry":{"type":"Point","coordinates":[4.466571,51.988987]},"properties":{"type":"charge","layer":"passenger","locationId":"89261812","name":"EQUANS SGZH 1.0 89261812","address":"Zilverschoonsingel 34","city":"Berkel en rodenrijs","operatorName":"EQUANS","maxPowerKw":11,"isMegawatt":false,"status":"AVAILABLE","source":"ndw"}},{"type":"Feature","geometry":{"type":"Point","coordinates":[4.529477,52.008166]},"properties":{"type":"charge","layer":"passenger","locationId":"89264137","name":"EQUANS SGZH 1.0 89264137","address":"Wilhelminaplein 3","city":"Bleiswijk","operatorName":"EQUANS","maxPowerKw":11,"isMegawatt":false,"status":"AVAILABLE","source":"ndw"}},{"type":"Feature","geometry":{"type":"Point","coordinates":[4.548314,52.014493]},"properties":{"type":"charge","layer":"passenger","locationId":"NLLOC001481","name":"NLD, Lansingerland, Stellingmolen 36","address":"Stellingmolen 36","city":"Lansingerland","operatorName":"Allego","maxPowerKw":11,"isMegawatt":false,"status":"UNAVAILABLE","source":"ndw","priceKwh":0.511}},{"type":"Feature","geometry":{"type":"Point","coordinates":[4.474835,51.98809]},"properties":{"type":"charge","layer":"passenger","locationId":"89142933","name":"EQUANS SGZH 1.0 89142933","address":"Bosplaatstraat 22","city":"Berkel en Rodenrijs","operatorName":"EQUANS","maxPowerKw":17,"isMegawatt":false,"status":"AVAILABLE","source":"ndw"}},{"type":"Feature","geometry":{"type":"Point","coordinates":[4.466364,51.988594]},"properties":{"type":"charge","layer":"passenger","locationId":"90195821","name":"EQUANS SGZH 2.0 Ooievaar 26","address":"Ooievaar 26","city":"Berkel en Rodenrijs","operatorName":"EQUANS","maxPowerKw":11,"isMegawatt":false,"status":"AVAILABLE","source":"ndw"}},{"type":"Feature","geometry":{"type":"Point","coordinates":[4.478531,52.005242]},"properties":{"type":"charge","layer":"passenger","locationId":"90255776","name":"EQUANS SGZH 2.0 IJmeerstraat 61","address":"IJmeerstraat 61","city":"Berkel en Rodenrijs","operatorName":"EQUANS","maxPowerKw":11,"isMegawatt":false,"status":"CHARGING","source":"ndw"}},{"type":"Feature","geometry":{"type":"Point","coordinates":[4.545495,52.009249]},"properties":{"type":"charge","layer":"passenger","locationId":"89146518","name":"EQUANS SGZH 2.0 89146518","address":"Elzenlaan 2","city":"Bleiswijk","operatorName":"EQUANS","maxPowerKw":17,"isMegawatt":false,"status":"AVAILABLE","source":"ndw"}},{"type":"Feature","geometry":{"type":"Point","coordinates":[4.463819,51.99633]},"properties":{"type":"charge","layer":"passenger","locationId":"89261828","name":"EQUANS SGZH 1.0 89261828","address":"Kamperpad 2","city":"Berkel en rodenrijs","operatorName":"EQUANS","maxPowerKw":11,"isMegawatt":false,"status":"AVAILABLE","source":"ndw"}},{"type":"Feature","geometry":{"type":"Point","coordinates":[4.508259,51.995391]},"properties":{"type":"charge","layer":"passenger","locationId":"89261873","name":"EQUANS SGZH 1.0 89261873","address":"Van ruysdaellaan 161","city":"Bergschenhoek","operatorName":"EQUANS","maxPowerKw":11,"isMegawatt":false,"status":"AVAILABLE","source":"ndw"}},{"type":"Feature","geometry":{"type":"Point","coordinates":[4.538147,52.008023]},"properties":{"type":"charge","layer":"passenger","locationId":"89261896","name":"EQUANS SGZH 2.0 Plevierstraat 47","address":"Plevierstraat 47","city":"Bleiswijk","operatorName":"EQUANS","maxPowerKw":11,"isMegawatt":false,"status":"AVAILABLE","source":"ndw"}},{"type":"Feature","geometry":{"type":"Point","coordinates":[4.480142,51.999865]},"properties":{"type":"charge","layer":"passenger","locationId":"89329911","name":"EQUANS SGZH 2.0 89329911","address":"Alkmaardermeerlaan 1","city":"Berkel en Rodenrijs","operatorName":"EQUANS","maxPowerKw":11,"isMegawatt":false,"status":"AVAILABLE","source":"ndw"}},{"type":"Feature","geometry":{"type":"Point","coordinates":[4.47666,51.99658]},"properties":{"type":"charge","layer":"passenger","locationId":"91154518","name":"EQUANS SGZH 2.0 Westersingel 96","address":"Westersingel 96","city":"Berkel en Rodenrijs","operatorName":"EQUANS","maxPowerKw":11,"isMegawatt":false,"status":"AVAILABLE","source":"ndw"}},{"type":"Feature","geometry":{"type":"Point","coordinates":[4.474417,51.993968]},"properties":{"type":"charge","layer":"passenger","locationId":"89095480","name":"EQUANS SGZH 2.0 Westerplein 10","address":"Westerplein 10","city":"Berkel en Rodenrijs","operatorName":"EQUANS","maxPowerKw":11,"isMegawatt":false,"status":"AVAILABLE","source":"ndw"}},{"type":"Feature","geometry":{"type":"Point","coordinates":[4.477861,51.990461]},"properties":{"type":"charge","layer":"passenger","locationId":"90256819","name":"EQUANS SGZH 2.0 Johan van Oldenbarneveltlaan 54","address":"Johan van Oldenbarneveltlaan 54","city":"Berkel en Rodenrijs","operatorName":"EQUANS","maxPowerKw":11,"isMegawatt":false,"status":"AVAILABLE","source":"ndw"}},{"type":"Feature","geometry":{"type":"Point","coordinates":[4.531055,52.008721]},"properties":{"type":"charge","layer":"passenger","locationId":"89238513","name":"EQUANS SGZH 2.0 89238513","address":"Beatrixplein 1","city":"Bleiswijk","operatorName":"EQUANS","maxPowerKw":11,"isMegawatt":false,"status":"AVAILABLE","source":"ndw"}},{"type":"Feature","geometry":{"type":"Point","coordinates":[4.478885,51.999804]},"properties":{"type":"charge","layer":"passenger","locationId":"89261852","name":"EQUANS SGZH 1.0 89261852","address":"Jentjemeerhof 2","city":"Berkel en rodenrijs","operatorName":"EQUANS","maxPowerKw":11,"isMegawatt":false,"status":"CHARGING","source":"ndw"}},{"type":"Feature","geometry":{"type":"Point","coordinates":[4.472058,51.985903]},"properties":{"type":"charge","layer":"passenger","locationId":"89086961","name":"EQUANS SGZH 1.0 89086961","address":"Waddenweg 48","city":"Berkel en Rodenrijs","operatorName":"EQUANS","maxPowerKw":22,"isMegawatt":false,"status":"AVAILABLE","source":"ndw"}},{"type":"Feature","geometry":{"type":"Point","coordinates":[4.486135,52.005812]},"properties":{"type":"charge","layer":"passenger","locationId":"89942722","name":"EQUANS SGZH 2.0 89942722","address":"Jupiter 63","city":"Berkel en Rodenrijs","operatorName":"EQUANS","maxPowerKw":11,"isMegawatt":false,"status":"CHARGING","source":"ndw"}},{"type":"Feature","geometry":{"type":"Point","coordinates":[4.53287,52.01728]},"properties":{"type":"charge","layer":"passenger","locationId":"91046441","name":"EQUANS SGZH 2.0 Hoefweg 124","address":"Hoefweg 124","city":"Bleiswijk","operatorName":"EQUANS","maxPowerKw":11,"isMegawatt":false,"status":"AVAILABLE","source":"ndw"}},{"type":"Feature","geometry":{"type":"Point","coordinates":[4.492033,51.984769]},"properties":{"type":"charge","layer":"passenger","locationId":"89443686","name":"EQUANS SGZH 2.0 89443686","address":"Brederodestraat 44","city":"Bergschenhoek","operatorName":"EQUANS","maxPowerKw":11,"isMegawatt":false,"status":"AVAILABLE","source":"ndw"}},{"type":"Feature","geometry":{"type":"Point","coordinates":[4.456712,51.990614]},"properties":{"type":"charge","layer":"passenger","locationId":"89261848","name":"EQUANS SGZH 1.0 89261848","address":"Poldermolenplein 1","city":"Berkel en rodenrijs","operatorName":"EQUANS","maxPowerKw":11,"isMegawatt":false,"status":"CHARGING","source":"ndw"}},{"type":"Feature","geometry":{"type":"Point","coordinates":[4.530998,52.00951]},"properties":{"type":"charge","layer":"passenger","locationId":"90247513","name":"EQUANS SGZH 2.0 Wilhelminastraat 2","address":"Wilhelminastraat 2","city":"Bleiswijk","operatorName":"EQUANS","maxPowerKw":11,"isMegawatt":false,"status":"AVAILABLE","source":"ndw"}},{"type":"Feature","geometry":{"type":"Point","coordinates":[4.474761,51.997176]},"properties":{"type":"charge","layer":"passenger","locationId":"89209666","name":"EQUANS SGZH 2.0 89209666","address":"Oudelandselaan 215","city":"Berkel en Rodenrijs","operatorName":"EQUANS","maxPowerKw":11,"isMegawatt":false,"status":"AVAILABLE","source":"ndw"}},{"type":"Feature","geometry":{"type":"Point","coordinates":[4.540475,52.011522]},"properties":{"type":"charge","layer":"passenger","locationId":"89370444","name":"EQUANS SGZH 2.0 89370444","address":"Leeuwenhorststraat 29","city":"Bleiswijk","operatorName":"EQUANS","maxPowerKw":11,"isMegawatt":false,"status":"CHARGING","source":"ndw"}},{"type":"Feature","geometry":{"type":"Point","coordinates":[4.506632,51.993789]},"properties":{"type":"charge","layer":"passenger","locationId":"89261876","name":"EQUANS SGZH 1.0 89261876","address":"Scholtendreef 20","city":"Bergschenhoek","operatorName":"EQUANS","maxPowerKw":11,"isMegawatt":false,"status":"AVAILABLE","source":"ndw"}},{"type":"Feature","geometry":{"type":"Point","coordinates":[4.49395,51.99205]},"properties":{"type":"charge","layer":"passenger","locationId":"91046433","name":"EQUANS SGZH 2.0 de Zonnebaars 1","address":"de Zonnebaars 1","city":"Bergschenhoek","operatorName":"EQUANS","maxPowerKw":11,"isMegawatt":false,"status":"AVAILABLE","source":"ndw"}},{"type":"Feature","geometry":{"type":"Point","coordinates":[4.548555,52.015401]},"properties":{"type":"charge","layer":"passenger","locationId":"89328024","name":"EQUANS SGZH 2.0 89328024","address":"Grotemolen 23","city":"Bleiswijk","operatorName":"EQUANS","maxPowerKw":11,"isMegawatt":false,"status":"AVAILABLE","source":"ndw"}},{"type":"Feature","geometry":{"type":"Point","coordinates":[4.48431,52.00931]},"properties":{"type":"charge","layer":"passenger","locationId":"91210131","name":"EQUANS SGZH 2.0 Noordeindseweg 31","address":"Noordeindseweg 31","city":"Berkel en Rodenrijs","operatorName":"EQUANS","maxPowerKw":11,"isMegawatt":false,"status":"AVAILABLE","source":"ndw"}},{"type":"Feature","geometry":{"type":"Point","coordinates":[4.48852,52.002352]},"properties":{"type":"charge","layer":"passenger","locationId":"89105133","name":"EQUANS SGZH 1.0 89105133","address":"Esdoornlaan 26","city":"Berkel en Rodenrijs","operatorName":"EQUANS","maxPowerKw":22,"isMegawatt":false,"status":"CHARGING","source":"ndw"}},{"type":"Feature","geometry":{"type":"Point","coordinates":[4.45048,51.98686]},"properties":{"type":"charge","layer":"passenger","locationId":"91172024","name":"EQUANS SGZH 2.0 Louis d'Orlaan 68","address":"Louis d'Orlaan 68","city":"Berkel en Rodenrijs","operatorName":"EQUANS","maxPowerKw":11,"isMegawatt":false,"status":"AVAILABLE","source":"ndw"}},{"type":"Feature","geometry":{"type":"Point","coordinates":[4.469205,51.987464]},"properties":{"type":"charge","layer":"passenger","locationId":"89261825","name":"EQUANS SGZH 1.0 89261825","address":"Grutto 17","city":"Berkel en rodenrijs","operatorName":"EQUANS","maxPowerKw":11,"isMegawatt":false,"status":"AVAILABLE","source":"ndw"}},{"type":"Feature","geometry":{"type":"Point","coordinates":[4.482276,52.005162]},"properties":{"type":"charge","layer":"passenger","locationId":"a8b73fca-8a19-45f7-98bb-77b0b09c37d4","name":"Veersemeerstraat","address":"Veersemeerstraat 41","city":"Berkel en Rodenrijs","operatorName":"Vattenfall InCharge","maxPowerKw":22,"isMegawatt":false,"status":"AVAILABLE","source":"ndw"}},{"type":"Feature","geometry":{"type":"Point","coordinates":[4.542089,52.004447]},"properties":{"type":"charge","layer":"passenger","locationId":"89261900","name":"EQUANS SGZH 1.0 89261900","address":"Hazelaardreef 1","city":"Bleiswijk","operatorName":"EQUANS","maxPowerKw":11,"isMegawatt":false,"status":"AVAILABLE","source":"ndw"}},{"type":"Feature","geometry":{"type":"Point","coordinates":[4.543114,52.009485]},"properties":{"type":"charge","layer":"passenger","locationId":"89261894","name":"EQUANS SGZH 1.0 89261894","address":"Beukenlaan 240","city":"Bleiswijk","operatorName":"EQUANS","maxPowerKw":11,"isMegawatt":false,"status":"AVAILABLE","source":"ndw"}},{"type":"Feature","geometry":{"type":"Point","coordinates":[4.45685,51.989]},"properties":{"type":"charge","layer":"passenger","locationId":"90891410","name":"EQUANS SGZH 2.0 Theo Thijssensingel 22","address":"Theo Thijssensingel 22","city":"Berkel en Rodenrijs","operatorName":"EQUANS","maxPowerKw":11,"isMegawatt":false,"status":"AVAILABLE","source":"ndw"}},{"type":"Feature","geometry":{"type":"Point","coordinates":[4.46708,52.0004]},"properties":{"type":"charge","layer":"passenger","locationId":"90942027","name":"EQUANS SGZH 2.0 Oostmeerlaan 151","address":"Oostmeerlaan 151","city":"Berkel en Rodenrijs","operatorName":"EQUANS","maxPowerKw":11,"isMegawatt":false,"status":"AVAILABLE","source":"ndw"}},{"type":"Feature","geometry":{"type":"Point","coordinates":[4.456425,51.989075]},"properties":{"type":"charge","layer":"passenger","locationId":"89261836","name":"EQUANS SGZH 1.0 89261836","address":"Theo Thijssensingel 14","city":"Berkel en rodenrijs","operatorName":"EQUANS","maxPowerKw":11,"isMegawatt":false,"status":"AVAILABLE","source":"ndw"}},{"type":"Feature","geometry":{"type":"Point","coordinates":[4.470154,51.985864]},"properties":{"type":"charge","layer":"passenger","locationId":"90256821","name":"EQUANS SGZH 2.0 Rodenrijseweg 46","address":"Rodenrijseweg 46","city":"Berkel en Rodenrijs","operatorName":"EQUANS","maxPowerKw":11,"isMegawatt":false,"status":"AVAILABLE","source":"ndw"}},{"type":"Feature","geometry":{"type":"Point","coordinates":[4.544929,52.013799]},"properties":{"type":"charge","layer":"passenger","locationId":"90116564","name":"EQUANS SGZH 2.0 Poldermolen 9","address":"Poldermolen 9","city":"Bleiswijk","operatorName":"EQUANS","maxPowerKw":11,"isMegawatt":false,"status":"AVAILABLE","source":"ndw"}},{"type":"Feature","geometry":{"type":"Point","coordinates":[4.548435,52.012466]},"properties":{"type":"charge","layer":"passenger","locationId":"89086959","name":"EQUANS SGZH 1.0 89086959","address":"Grote Beer 60","city":"Bleiswijk","operatorName":"EQUANS","maxPowerKw":22,"isMegawatt":false,"status":"AVAILABLE","source":"ndw"}},{"type":"Feature","geometry":{"type":"Point","coordinates":[4.487954,51.990517]},"properties":{"type":"charge","layer":"passenger","locationId":"89261883","name":"EQUANS SGZH 1.0 89261883","address":"Tjeerd Kuipersstraat 112","city":"Bergschenhoek","operatorName":"EQUANS","maxPowerKw":11,"isMegawatt":false,"status":"AVAILABLE","source":"ndw"}},{"type":"Feature","geometry":{"type":"Point","coordinates":[4.552185,52.026937]},"properties":{"type":"charge","layer":"passenger","locationId":"60b9fa9b28d15f33fb01c121","name":"Klappolder 191, 2665 MP Bleiswijk","address":"Klappolder 191","city":"Bleiswijk","operatorName":"E-Flux by Road","maxPowerKw":17,"isMegawatt":false,"status":"AVAILABLE","source":"ndw","priceKwh":0.53}},{"type":"Feature","geometry":{"type":"Point","coordinates":[4.551074,52.030292]},"properties":{"type":"charge","layer":"passenger","locationId":"63fe00b9b3c54200122a7c74","name":"Haluog BV","address":"Klappolder 224","city":"Bleiswijk","operatorName":"E-Flux by Road","maxPowerKw":22,"isMegawatt":false,"status":"AVAILABLE","source":"ndw","priceKwh":0.38}},{"type":"Feature","geometry":{"type":"Point","coordinates":[4.479265,51.988341]},"properties":{"type":"charge","layer":"passenger","locationId":"90878417","name":"EQUANS SGZH 2.0 Via Ziezo 1 (t.o. Berkelse Poort 25)","address":"Via Ziezo 1","city":"Bergschenhoek","operatorName":"EQUANS","maxPowerKw":22,"isMegawatt":false,"status":"AVAILABLE","source":"ndw"}},{"type":"Feature","geometry":{"type":"MultiPolygon","coordinates":[[[[4.565042517498243,52.0585695530937],[4.561059097276838,52.04206107182239],[4.563304213774565,52.03827724178137],[4.5634566012269655,52.03577720643823],[4.5601397105517965,52.033190120103484],[4.559346762720073,52.03140759226599],[4.558217392459452,52.02890868109488],[4.556776382286716,52.01840096503802],[4.557118847307958,52.01393663098213],[4.554874576967059,52.005948831899545],[4.553443969893972,52.00392418658147],[4.549893086010367,51.995746794983575],[4.547004915100421,51.99394311560801],[4.548387399086782,51.99255756314952],[4.546338787926787,51.991514386212415],[4.546909126026089,51.99022857221798],[4.547393185422582,51.988746463229525],[4.548417525331113,51.98495728960145],[4.548161800431014,51.983294460441996],[4.5508853422594315,51.98187383020907],[4.5519914858832875,51.978869501946065],[4.553760163789368,51.977041300249404],[4.551934376412003,51.974737566484215],[4.547685955789135,51.9728067908713],[4.545651593581211,51.97231973094923],[4.539951066546351,51.969885317237136],[4.53578204233669,51.97044802095682],[4.534984830708275,51.96827248016247],[4.528759644902462,51.967023821288954],[4.527821434375983,51.96565887671899],[4.523653514278459,51.96392510838563],[4.52094636256311,51.963408122737164],[4.518586270279175,51.96028647006856],[4.513900472170596,51.962653950251635],[4.513103045522934,51.96292188496567],[4.512246619296779,51.96242060265057],[4.505843915441188,51.96565222697428],[4.506584223093227,51.96637596464946],[4.496856901138913,51.971306039364784],[4.495799403758052,51.9718446866727],[4.495233815511048,51.967415194938035],[4.491006605935403,51.96954987065089],[4.483251493288393,51.97336252035361],[4.4705578507140205,51.979779732840775],[4.469515548168262,51.98030081663776],[4.469011879880422,51.980549323617126],[4.468971359308232,51.9805288376634],[4.468874604734634,51.980479897738675],[4.469450898354172,51.98018766459077],[4.468186400583949,51.979266910007965],[4.466679966002739,51.97849848126088],[4.465802427947428,51.97892987432272],[4.464124351666124,51.978307176441106],[4.463240739656886,51.97752667433726],[4.46402288679444,51.977147831087635],[4.461676100157374,51.97512211652651],[4.461346249438219,51.97483737878335],[4.462220309459334,51.97268158292063],[4.460161119666948,51.971608933281],[4.460374457309972,51.96910160815828],[4.456824314233554,51.967311168390395],[4.450882890262062,51.9658850710903],[4.446681895291698,51.96278613805183],[4.428968223563908,51.97587621573423],[4.4278982104631135,51.976466563295354],[4.424446158418727,51.97961110917914],[4.447247686140568,51.99240916561931],[4.450569037200377,51.99569730310259],[4.450800999490684,51.995880331404884],[4.452812884900917,51.99722675786668],[4.451386969886555,51.998138330683176],[4.449775638660381,52.000502877995416],[4.451930065225678,52.00083792848867],[4.458727811235974,52.002209336790266],[4.4588681445316265,52.00466565871348],[4.4570422315837614,52.00494388338702],[4.455350680868819,52.00642498111052],[4.456390392454662,52.008512976010756],[4.461561326991186,52.01265154099952],[4.458392563956949,52.01602315064376],[4.459437753374193,52.0170455909587],[4.458110542537678,52.01852783866482],[4.457198875220818,52.022169001449065],[4.457353980692241,52.022260700926736],[4.457960274110472,52.02235419815516],[4.460568446845187,52.02320835892835],[4.461303765258959,52.023888687555356],[4.463040575529778,52.0242147714345],[4.463470010739859,52.02422277119184],[4.464489360400375,52.02463142924785],[4.467174954426925,52.02535375505717],[4.46799212297161,52.025787008294444],[4.468107684656428,52.026490227303704],[4.47670566534651,52.03164228809198],[4.477027439798758,52.03128071987484],[4.477680521601396,52.03139496935556],[4.477383991665023,52.031791718023115],[4.488006179463737,52.03186455399735],[4.504708768136642,52.031930936310744],[4.507059830379535,52.032825519160234],[4.512072137864215,52.036825355354694],[4.518278574953491,52.04099115230248],[4.518995308176647,52.04138421690873],[4.519254704956128,52.041526472506376],[4.5225830613828455,52.043391828697736],[4.5351088539494,52.049613405732956],[4.545078962401662,52.048861209041924],[4.54754621790608,52.05036985301553],[4.5493423790723995,52.05474464018956],[4.550532594150992,52.056304218689455],[4.557179828220584,52.06123952989398],[4.557808577705077,52.06174132555933],[4.565042517498243,52.0585695530937]]]]},"properties":{"type":"boundary","gemeente":"Lansingerland","code":"GM1621"}}]}