{"type":"FeatureCollection","metadata":{"gemeente":"Leidschendam-Voorburg","slug":"leidschendam-voorburg","code":"GM1916","generated_at":"2026-07-06T16:26:11.361Z","total_passenger":382,"total_freight":0,"bounds":[4.33521313438158,52.056255056555145,4.4930178817829205,52.12898035309882],"operators":["E-Flux by Road","EQUANS","Eneco","Laadnet"]},"features":[{"type":"Feature","geometry":{"type":"Point","coordinates":[4.35873,52.07363]},"properties":{"type":"charge","layer":"passenger","locationId":"89261423","name":"EQUANS SGZH 1.0 89261423","address":"Louis Couperusstraat 51","city":"Voorburg","operatorName":"EQUANS","maxPowerKw":11,"isMegawatt":false,"status":"AVAILABLE","source":"ndw"}},{"type":"Feature","geometry":{"type":"Point","coordinates":[4.385233,52.0943]},"properties":{"type":"charge","layer":"passenger","locationId":"90994596","name":"EQUANS SGZH 2.0 Gruttolaan 14","address":"Gruttolaan 14","city":"Leidschendam","operatorName":"EQUANS","maxPowerKw":11,"isMegawatt":false,"status":"AVAILABLE","source":"ndw"}},{"type":"Feature","geometry":{"type":"Point","coordinates":[4.393872,52.098291]},"properties":{"type":"charge","layer":"passenger","locationId":"89261289","name":"EQUANS SGZH 1.0 89261289","address":"Duivenvoorde 386","city":"Leidschendam","operatorName":"EQUANS","maxPowerKw":11,"isMegawatt":false,"status":"AVAILABLE","source":"ndw"}},{"type":"Feature","geometry":{"type":"Point","coordinates":[4.379645,52.090377]},"properties":{"type":"charge","layer":"passenger","locationId":"89261293","name":"EQUANS SGZH 1.0 89261293","address":"Ransuillaan 49","city":"Leidschendam","operatorName":"EQUANS","maxPowerKw":11,"isMegawatt":false,"status":"AVAILABLE","source":"ndw"}},{"type":"Feature","geometry":{"type":"Point","coordinates":[4.359441,52.064046]},"properties":{"type":"charge","layer":"passenger","locationId":"89261424","name":"EQUANS SGZH 1.0 89261424","address":"Westeinde 28","city":"Voorburg","operatorName":"EQUANS","maxPowerKw":11,"isMegawatt":false,"status":"AVAILABLE","source":"ndw"}},{"type":"Feature","geometry":{"type":"Point","coordinates":[4.347848,52.076528]},"properties":{"type":"charge","layer":"passenger","locationId":"89261407","name":"EQUANS SGZH 1.0 89261407","address":"Laan van Nieuw Oosteinde 416","city":"Voorburg","operatorName":"EQUANS","maxPowerKw":11,"isMegawatt":false,"status":"AVAILABLE","source":"ndw"}},{"type":"Feature","geometry":{"type":"Point","coordinates":[4.392451,52.087349]},"properties":{"type":"charge","layer":"passenger","locationId":"89261316","name":"EQUANS SGZH 1.0 89261316","address":"Prins Bernhardlaan 56","city":"Leidschendam","operatorName":"EQUANS","maxPowerKw":11,"isMegawatt":false,"status":"AVAILABLE","source":"ndw"}},{"type":"Feature","geometry":{"type":"Point","coordinates":[4.354939,52.079579]},"properties":{"type":"charge","layer":"passenger","locationId":"89261396","name":"EQUANS SGZH 1.0 89261396","address":"Jan Mulderstraat 46","city":"Voorburg","operatorName":"EQUANS","maxPowerKw":11,"isMegawatt":false,"status":"AVAILABLE","source":"ndw"}},{"type":"Feature","geometry":{"type":"Point","coordinates":[4.373434,52.072751]},"properties":{"type":"charge","layer":"passenger","locationId":"89261356","name":"EQUANS SGZH 1.0 89261356","address":"Oosteinde 81","city":"Voorburg","operatorName":"EQUANS","maxPowerKw":11,"isMegawatt":false,"status":"AVAILABLE","source":"ndw"}},{"type":"Feature","geometry":{"type":"Point","coordinates":[4.408191,52.0922]},"properties":{"type":"charge","layer":"passenger","locationId":"89261319","name":"EQUANS SGZH 1.0 Veursestraatweg 137A","address":"Veursestraatweg 137A","city":"Leidschendam","operatorName":"EQUANS","maxPowerKw":11,"isMegawatt":false,"status":"AVAILABLE","source":"ndw"}},{"type":"Feature","geometry":{"type":"Point","coordinates":[4.401088,52.099304]},"properties":{"type":"charge","layer":"passenger","locationId":"89261310","name":"EQUANS SGZH 1.0 89261310","address":"Dillenburgsingel 122","city":"Leidschendam","operatorName":"EQUANS","maxPowerKw":11,"isMegawatt":false,"status":"CHARGING","source":"ndw"}},{"type":"Feature","geometry":{"type":"Point","coordinates":[4.406564,52.093876]},"properties":{"type":"charge","layer":"passenger","locationId":"89261322","name":"EQUANS SGZH 1.0 89261322","address":"Hooikamp 17","city":"Leidschendam","operatorName":"EQUANS","maxPowerKw":11,"isMegawatt":false,"status":"CHARGING","source":"ndw"}},{"type":"Feature","geometry":{"type":"Point","coordinates":[4.363123,52.077129]},"properties":{"type":"charge","layer":"passenger","locationId":"89344682","name":"EQUANS SGZH 2.0 89344682","address":"Prinses Beatrixlaan 40","city":"Voorburg","operatorName":"EQUANS","maxPowerKw":11,"isMegawatt":false,"status":"AVAILABLE","source":"ndw"}},{"type":"Feature","geometry":{"type":"Point","coordinates":[4.405119,52.099793]},"properties":{"type":"charge","layer":"passenger","locationId":"89261312","name":"EQUANS SGZH 1.0 89261312","address":"Graaf Adolflaan 1","city":"Leidschendam","operatorName":"EQUANS","maxPowerKw":11,"isMegawatt":false,"status":"AVAILABLE","source":"ndw"}},{"type":"Feature","geometry":{"type":"Point","coordinates":[4.364312,52.07234]},"properties":{"type":"charge","layer":"passenger","locationId":"89309293","name":"EQUANS SGZH 2.0 Noordenburglaan 23 (t.h.v. Badhuislaan)","address":"Noordenburglaan 23","city":"Voorburg","operatorName":"EQUANS","maxPowerKw":11,"isMegawatt":false,"status":"AVAILABLE","source":"ndw"}},{"type":"Feature","geometry":{"type":"Point","coordinates":[4.388774,52.089295]},"properties":{"type":"charge","layer":"passenger","locationId":"89344611","name":"EQUANS SGZH 2.0 89344611","address":"Burgemeester Keijzerlaan 163","city":"Leidschendam","operatorName":"EQUANS","maxPowerKw":11,"isMegawatt":false,"status":"AVAILABLE","source":"ndw"}},{"type":"Feature","geometry":{"type":"Point","coordinates":[4.350853,52.076496]},"properties":{"type":"charge","layer":"passenger","locationId":"89261413","name":"EQUANS SGZH 1.0 89261413","address":"Tollenskade 20","city":"Voorburg","operatorName":"EQUANS","maxPowerKw":11,"isMegawatt":false,"status":"AVAILABLE","source":"ndw"}},{"type":"Feature","geometry":{"type":"Point","coordinates":[4.396768,52.086829]},"properties":{"type":"charge","layer":"passenger","locationId":"89261315","name":"EQUANS SGZH 1.0 89261315","address":"Koningin Wilhelminalaan 52","city":"Leidschendam","operatorName":"EQUANS","maxPowerKw":11,"isMegawatt":false,"status":"AVAILABLE","source":"ndw"}},{"type":"Feature","geometry":{"type":"Point","coordinates":[4.388265,52.076044]},"properties":{"type":"charge","layer":"passenger","locationId":"89052545","name":"EQUANS SGZH 1.0 89052545","address":"Trompstraat 25","city":"Leidschendam","operatorName":"EQUANS","maxPowerKw":22,"isMegawatt":false,"status":"AVAILABLE","source":"ndw"}},{"type":"Feature","geometry":{"type":"Point","coordinates":[4.349504,52.075006]},"properties":{"type":"charge","layer":"passenger","locationId":"89261406","name":"EQUANS SGZH 1.0 89261406","address":"Laan van Nieuw Oosteinde 328","city":"Voorburg","operatorName":"EQUANS","maxPowerKw":11,"isMegawatt":false,"status":"AVAILABLE","source":"ndw"}},{"type":"Feature","geometry":{"type":"Point","coordinates":[4.403016,52.087321]},"properties":{"type":"charge","layer":"passenger","locationId":"89261334","name":"EQUANS SGZH 1.0 89261334","address":"Rietvinklaan 26","city":"Leidschendam","operatorName":"EQUANS","maxPowerKw":11,"isMegawatt":false,"status":"AVAILABLE","source":"ndw"}},{"type":"Feature","geometry":{"type":"Point","coordinates":[4.400678,52.091454]},"properties":{"type":"charge","layer":"passenger","locationId":"89261324","name":"EQUANS SGZH 1.0 89261324","address":"Vieveenland 45","city":"Leidschendam","operatorName":"EQUANS","maxPowerKw":11,"isMegawatt":false,"status":"AVAILABLE","source":"ndw"}},{"type":"Feature","geometry":{"type":"Point","coordinates":[4.365552,52.067218]},"properties":{"type":"charge","layer":"passenger","locationId":"89261354","name":"EQUANS SGZH 1.0 89261354","address":"Raadhuisstraat 53","city":"Voorburg","operatorName":"EQUANS","maxPowerKw":11,"isMegawatt":false,"status":"AVAILABLE","source":"ndw"}},{"type":"Feature","geometry":{"type":"Point","coordinates":[4.381884,52.090351]},"properties":{"type":"charge","layer":"passenger","locationId":"34E77922-7381-4E91-A027-CFB0BB8A4A3C","name":"Eneco eMobility Westfield Mall of the Netherlands - Liguster P2","address":"Liguster 202 - P2","city":"Leidschendam","operatorName":"Eneco","maxPowerKw":22,"isMegawatt":false,"status":"AVAILABLE","source":"ndw","priceKwh":0.54}},{"type":"Feature","geometry":{"type":"Point","coordinates":[4.391139,52.095185]},"properties":{"type":"charge","layer":"passenger","locationId":"89261302","name":"EQUANS SGZH 1.0 89261302","address":"Grashof 17","city":"Leidschendam","operatorName":"EQUANS","maxPowerKw":11,"isMegawatt":false,"status":"CHARGING","source":"ndw"}},{"type":"Feature","geometry":{"type":"Point","coordinates":[4.350798,52.063826]},"properties":{"type":"charge","layer":"passenger","locationId":"89261431","name":"EQUANS SGZH 1.0 89261431","address":"Heeswijkstraat 114","city":"Voorburg","operatorName":"EQUANS","maxPowerKw":11,"isMegawatt":false,"status":"CHARGING","source":"ndw"}},{"type":"Feature","geometry":{"type":"Point","coordinates":[4.394416,52.08488]},"properties":{"type":"charge","layer":"passenger","locationId":"679a4bdc9259e767e0598b62","name":"Parkeerplaats GLV openbaar Laadpaal 5","address":"Koningin Wilhelminalaan 2","city":"2","operatorName":"E-Flux by Road","maxPowerKw":6,"isMegawatt":false,"status":"AVAILABLE","source":"ndw","priceKwh":0.46}},{"type":"Feature","geometry":{"type":"Point","coordinates":[4.39359,52.09526]},"properties":{"type":"charge","layer":"passenger","locationId":"89261301","name":"EQUANS SGZH 1.0 89261301","address":"Amstelhof 2","city":"Leidschendam","operatorName":"EQUANS","maxPowerKw":11,"isMegawatt":false,"status":"AVAILABLE","source":"ndw"}},{"type":"Feature","geometry":{"type":"Point","coordinates":[4.368459,52.084652]},"properties":{"type":"charge","layer":"passenger","locationId":"89264247","name":"EQUANS SGZH 1.0 89264247","address":"Elzendreef 20","city":"Voorburg","operatorName":"EQUANS","maxPowerKw":11,"isMegawatt":false,"status":"UNAVAILABLE","source":"ndw"}},{"type":"Feature","geometry":{"type":"Point","coordinates":[4.358512,52.070437]},"properties":{"type":"charge","layer":"passenger","locationId":"89344639","name":"EQUANS SGZH 2.0 89344639","address":"Van Woudekade 2","city":"Voorburg","operatorName":"EQUANS","maxPowerKw":11,"isMegawatt":false,"status":"CHARGING","source":"ndw"}},{"type":"Feature","geometry":{"type":"Point","coordinates":[4.359966,52.079742]},"properties":{"type":"charge","layer":"passenger","locationId":"90357751","name":"EQUANS SGZH 2.0 Prinses Beatrixlaan 264 N","address":"Prinses Beatrixlaan 264 N","city":"voorburg","operatorName":"EQUANS","maxPowerKw":11,"isMegawatt":false,"status":"AVAILABLE","source":"ndw"}},{"type":"Feature","geometry":{"type":"Point","coordinates":[4.353179,52.06302]},"properties":{"type":"charge","layer":"passenger","locationId":"90832063","name":"EQUANS SGZH 2.0 Willemstraat 31","address":"Willemstraat 31","city":"Voorburg","operatorName":"EQUANS","maxPowerKw":11,"isMegawatt":false,"status":"AVAILABLE","source":"ndw"}},{"type":"Feature","geometry":{"type":"Point","coordinates":[4.359173,52.065745]},"properties":{"type":"charge","layer":"passenger","locationId":"89264240","name":"EQUANS SGZH 1.0 89264240","address":"Stationsplein 8","city":"Voorburg","operatorName":"EQUANS","maxPowerKw":11,"isMegawatt":false,"status":"AVAILABLE","source":"ndw"}},{"type":"Feature","geometry":{"type":"Point","coordinates":[4.403788,52.087301]},"properties":{"type":"charge","layer":"passenger","locationId":"90249574","name":"EQUANS SGZH 2.0 Pliniushof 2","address":"Pliniushof 2","city":"Leidschendam","operatorName":"EQUANS","maxPowerKw":11,"isMegawatt":false,"status":"AVAILABLE","source":"ndw"}},{"type":"Feature","geometry":{"type":"Point","coordinates":[4.35296,52.063841]},"properties":{"type":"charge","layer":"passenger","locationId":"91245576","name":"EQUANS SGZH 2.0 Laan van Middenburg 46","address":"Laan van Middenburg 46","city":"Voorburg","operatorName":"EQUANS","maxPowerKw":11,"isMegawatt":false,"status":"AVAILABLE","source":"ndw"}},{"type":"Feature","geometry":{"type":"Point","coordinates":[4.385525,52.092351]},"properties":{"type":"charge","layer":"passenger","locationId":"89261304","name":"EQUANS SGZH 1.0 89261304","address":"Burgemeester Caan van Necklaan 370","city":"Leidschendam","operatorName":"EQUANS","maxPowerKw":11,"isMegawatt":false,"status":"AVAILABLE","source":"ndw"}},{"type":"Feature","geometry":{"type":"Point","coordinates":[4.353206,52.073214]},"properties":{"type":"charge","layer":"passenger","locationId":"89261411","name":"EQUANS SGZH 1.0 89261411","address":"Willem de Bijelaan 77","city":"Voorburg","operatorName":"EQUANS","maxPowerKw":11,"isMegawatt":false,"status":"AVAILABLE","source":"ndw"}},{"type":"Feature","geometry":{"type":"Point","coordinates":[4.338951,52.075492]},"properties":{"type":"charge","layer":"passenger","locationId":"89261417","name":"EQUANS SGZH 1.0 89261417","address":"Pompe van Meerdervoortstraat 9","city":"Voorburg","operatorName":"EQUANS","maxPowerKw":11,"isMegawatt":false,"status":"AVAILABLE","source":"ndw"}},{"type":"Feature","geometry":{"type":"Point","coordinates":[4.398366,52.089401]},"properties":{"type":"charge","layer":"passenger","locationId":"90300347","name":"EQUANS SGZH 2.0 Prins Hendrikplein 64","address":"Prins Hendrikplein 64","city":"Leidschendam","operatorName":"EQUANS","maxPowerKw":11,"isMegawatt":false,"status":"AVAILABLE","source":"ndw"}},{"type":"Feature","geometry":{"type":"Point","coordinates":[4.380087,52.09146]},"properties":{"type":"charge","layer":"passenger","locationId":"89264274","name":"EQUANS SGZH 1.0 89264274","address":"Zanglijsterlaan 39","city":"Leidschendam","operatorName":"EQUANS","maxPowerKw":11,"isMegawatt":false,"status":"CHARGING","source":"ndw"}},{"type":"Feature","geometry":{"type":"Point","coordinates":[4.35785,52.06662]},"properties":{"type":"charge","layer":"passenger","locationId":"90095918","name":"EQUANS SGZH 2.0 Stationsplein 2","address":"Stationsplein 2","city":"Voorburg","operatorName":"EQUANS","maxPowerKw":11,"isMegawatt":false,"status":"AVAILABLE","source":"ndw"}},{"type":"Feature","geometry":{"type":"Point","coordinates":[4.389833,52.09784]},"properties":{"type":"charge","layer":"passenger","locationId":"90095926","name":"EQUANS SGZH 2.0 Spechtlaan 191","address":"Spechtlaan 191","city":"Leidschendam","operatorName":"EQUANS","maxPowerKw":11,"isMegawatt":false,"status":"AVAILABLE","source":"ndw"}},{"type":"Feature","geometry":{"type":"Point","coordinates":[4.348045,52.077243]},"properties":{"type":"charge","layer":"passenger","locationId":"89261405","name":"EQUANS SGZH 1.0 89261405","address":"Laan van Nieuw Oosteinde 239","city":"Voorburg","operatorName":"EQUANS","maxPowerKw":11,"isMegawatt":false,"status":"AVAILABLE","source":"ndw"}},{"type":"Feature","geometry":{"type":"Point","coordinates":[4.340909,52.075049]},"properties":{"type":"charge","layer":"passenger","locationId":"90020667","name":"EQUANS SGZH 2.0 Von Geusaustraat 35","address":"Von Geusaustraat 35","city":"Voorburg","operatorName":"EQUANS","maxPowerKw":11,"isMegawatt":false,"status":"AVAILABLE","source":"ndw"}},{"type":"Feature","geometry":{"type":"Point","coordinates":[4.346826,52.058983]},"properties":{"type":"charge","layer":"passenger","locationId":"90466096","name":"EQUANS SGZH 2.0 Effathalaan 40","address":"Effathalaan 40","city":"Voorburg","operatorName":"EQUANS","maxPowerKw":11,"isMegawatt":false,"status":"AVAILABLE","source":"ndw"}},{"type":"Feature","geometry":{"type":"Point","coordinates":[4.38968,52.082568]},"properties":{"type":"charge","layer":"passenger","locationId":"89086955","name":"EQUANS SGZH 1.0 89086955","address":"Gerrit Jan van der Veenstraat 10","city":"Leidschendam","operatorName":"EQUANS","maxPowerKw":22,"isMegawatt":false,"status":"AVAILABLE","source":"ndw"}},{"type":"Feature","geometry":{"type":"Point","coordinates":[4.386996,52.082493]},"properties":{"type":"charge","layer":"passenger","locationId":"89264256","name":"EQUANS SGZH 1.0 Opwijckstraat 3","address":"Opwijckstraat 3","city":"Voorburg","operatorName":"EQUANS","maxPowerKw":11,"isMegawatt":false,"status":"AVAILABLE","source":"ndw"}},{"type":"Feature","geometry":{"type":"Point","coordinates":[4.36542,52.071011]},"properties":{"type":"charge","layer":"passenger","locationId":"89954578","name":"EQUANS SGZH 2.0 89954578","address":"Parkweg 129","city":"Voorburg","operatorName":"EQUANS","maxPowerKw":11,"isMegawatt":false,"status":"AVAILABLE","source":"ndw"}},{"type":"Feature","geometry":{"type":"Point","coordinates":[4.35551,52.074538]},"properties":{"type":"charge","layer":"passenger","locationId":"89261422","name":"EQUANS SGZH 1.0 89261422","address":"Jacob van Den Eyndestraat 71","city":"Voorburg","operatorName":"EQUANS","maxPowerKw":11,"isMegawatt":false,"status":"AVAILABLE","source":"ndw"}},{"type":"Feature","geometry":{"type":"Point","coordinates":[4.39875,52.098659]},"properties":{"type":"charge","layer":"passenger","locationId":"89261308","name":"EQUANS SGZH 1.0 89261308","address":"Prins Johan Willem Frisolaan 474","city":"Leidschendam","operatorName":"EQUANS","maxPowerKw":11,"isMegawatt":false,"status":"AVAILABLE","source":"ndw"}},{"type":"Feature","geometry":{"type":"Point","coordinates":[4.41598,52.09669]},"properties":{"type":"charge","layer":"passenger","locationId":"91454247","name":"EQUANS SGZH 2.0 Liburne 17","address":"Liburne 17","city":"Leidschendam","operatorName":"EQUANS","maxPowerKw":11,"isMegawatt":false,"status":"AVAILABLE","source":"ndw"}},{"type":"Feature","geometry":{"type":"Point","coordinates":[4.394096,52.082931]},"properties":{"type":"charge","layer":"passenger","locationId":"90822374","name":"EQUANS SGZH 2.0 Oude Trambaan 50","address":"Oude Trambaan 50","city":"Leidschendam","operatorName":"EQUANS","maxPowerKw":11,"isMegawatt":false,"status":"AVAILABLE","source":"ndw"}},{"type":"Feature","geometry":{"type":"Point","coordinates":[4.378792,52.088923]},"properties":{"type":"charge","layer":"passenger","locationId":"7199E471-5B19-4309-83D8-7E48970C1B2B","name":"Eneco eMobility Westfield Mall of the Netherlands - Liguster P1","address":"Liguster 202 - P1","city":"Leidschendam","operatorName":"Eneco","maxPowerKw":11,"isMegawatt":false,"status":"AVAILABLE","source":"ndw","priceKwh":0.54}},{"type":"Feature","geometry":{"type":"Point","coordinates":[4.397937,52.078744]},"properties":{"type":"charge","layer":"passenger","locationId":"89261340","name":"EQUANS SGZH 1.0 89261340","address":"Nieuwstraat 67","city":"Leidschendam","operatorName":"EQUANS","maxPowerKw":11,"isMegawatt":false,"status":"AVAILABLE","source":"ndw"}},{"type":"Feature","geometry":{"type":"Point","coordinates":[4.388143,52.077704]},"properties":{"type":"charge","layer":"passenger","locationId":"89344669","name":"EQUANS SGZH 2.0 89344669","address":"Pieter Postplaats 2","city":"Voorburg","operatorName":"EQUANS","maxPowerKw":11,"isMegawatt":false,"status":"AVAILABLE","source":"ndw"}},{"type":"Feature","geometry":{"type":"Point","coordinates":[4.361592,52.082882]},"properties":{"type":"charge","layer":"passenger","locationId":"90357752","name":"EQUANS SGZH 2.0 Reuvenslaan 175","address":"Reuvenslaan 175","city":"voorburg","operatorName":"EQUANS","maxPowerKw":11,"isMegawatt":false,"status":"AVAILABLE","source":"ndw"}},{"type":"Feature","geometry":{"type":"Point","coordinates":[4.368254,52.076023]},"properties":{"type":"charge","layer":"passenger","locationId":"89264246","name":"EQUANS SGZH 1.0 89264246","address":"Jan Ligthartstraat 3","city":"Voorburg","operatorName":"EQUANS","maxPowerKw":11,"isMegawatt":false,"status":"AVAILABLE","source":"ndw"}},{"type":"Feature","geometry":{"type":"Point","coordinates":[4.354765,52.077703]},"properties":{"type":"charge","layer":"passenger","locationId":"89099783","name":"EQUANS SGZH 1.0 89099783","address":"van Leeuwenstraat 1","city":"Voorburg","operatorName":"EQUANS","maxPowerKw":22,"isMegawatt":false,"status":"AVAILABLE","source":"ndw"}},{"type":"Feature","geometry":{"type":"Point","coordinates":[4.344957,52.076035]},"properties":{"type":"charge","layer":"passenger","locationId":"89127131","name":"EQUANS SGZH 1.0 89127131","address":"van de Wateringelaan 65","city":"Voorburg","operatorName":"EQUANS","maxPowerKw":17,"isMegawatt":false,"status":"AVAILABLE","source":"ndw"}},{"type":"Feature","geometry":{"type":"Point","coordinates":[4.355606,52.062382]},"properties":{"type":"charge","layer":"passenger","locationId":"89481116","name":"EQUANS SGZH 2.0 89481116","address":"Scheepsmakerij 2","city":"Voorburg","operatorName":"EQUANS","maxPowerKw":11,"isMegawatt":false,"status":"CHARGING","source":"ndw"}},{"type":"Feature","geometry":{"type":"Point","coordinates":[4.352996,52.064504]},"properties":{"type":"charge","layer":"passenger","locationId":"90417932","name":"EQUANS SGZH 2.0 Pr. Mariannelaan 86","address":"Pr. Mariannelaan 86","city":"Voorburg","operatorName":"EQUANS","maxPowerKw":11,"isMegawatt":false,"status":"AVAILABLE","source":"ndw"}},{"type":"Feature","geometry":{"type":"Point","coordinates":[4.359722,52.077216]},"properties":{"type":"charge","layer":"passenger","locationId":"89261397","name":"EQUANS SGZH 2.0 Spinozalaan 38","address":"Spinozalaan 38","city":"Voorburg","operatorName":"EQUANS","maxPowerKw":11,"isMegawatt":false,"status":"AVAILABLE","source":"ndw"}},{"type":"Feature","geometry":{"type":"Point","coordinates":[4.381035,52.090849]},"properties":{"type":"charge","layer":"passenger","locationId":"89261292","name":"EQUANS SGZH 1.0 89261292","address":"Buizerdlaan 193","city":"Leidschendam","operatorName":"EQUANS","maxPowerKw":11,"isMegawatt":false,"status":"CHARGING","source":"ndw"}},{"type":"Feature","geometry":{"type":"Point","coordinates":[4.386622,52.085368]},"properties":{"type":"charge","layer":"passenger","locationId":"89261329","name":"EQUANS SGZH 1.0 89261329","address":"Van Ruysdaellaan 1","city":"Leidschendam","operatorName":"EQUANS","maxPowerKw":11,"isMegawatt":false,"status":"CHARGING","source":"ndw"}},{"type":"Feature","geometry":{"type":"Point","coordinates":[4.390908,52.085215]},"properties":{"type":"charge","layer":"passenger","locationId":"89954579","name":"EQUANS SGZH 2.0 89954579","address":"Sint Willibrordusstraat 22","city":"Leidschendam","operatorName":"EQUANS","maxPowerKw":11,"isMegawatt":false,"status":"CHARGING","source":"ndw"}},{"type":"Feature","geometry":{"type":"Point","coordinates":[4.40521,52.09506]},"properties":{"type":"charge","layer":"passenger","locationId":"89261321","name":"EQUANS SGZH 1.0 89261321","address":"Kapelland 56","city":"Leidschendam","operatorName":"EQUANS","maxPowerKw":11,"isMegawatt":false,"status":"AVAILABLE","source":"ndw"}},{"type":"Feature","geometry":{"type":"Point","coordinates":[4.366545,52.073552]},"properties":{"type":"charge","layer":"passenger","locationId":"89264262","name":"EQUANS SGZH 2.0 89927712","address":"Noordenburglaan 57","city":"Voorburg","operatorName":"EQUANS","maxPowerKw":11,"isMegawatt":false,"status":"AVAILABLE","source":"ndw"}},{"type":"Feature","geometry":{"type":"Point","coordinates":[4.395972,52.085559]},"properties":{"type":"charge","layer":"passenger","locationId":"89459870","name":"EQUANS SGZH 2.0 89459870","address":"Koningin Julianaweg 43","city":"Leidschendam","operatorName":"EQUANS","maxPowerKw":11,"isMegawatt":false,"status":"AVAILABLE","source":"ndw"}},{"type":"Feature","geometry":{"type":"Point","coordinates":[4.399343,52.091251]},"properties":{"type":"charge","layer":"passenger","locationId":"90095170","name":"EQUANS SGZH 2.0 't Lienplantsoen 30","address":"'t Lienplantsoen 30","city":"Leidschendam","operatorName":"EQUANS","maxPowerKw":11,"isMegawatt":false,"status":"AVAILABLE","source":"ndw"}},{"type":"Feature","geometry":{"type":"Point","coordinates":[4.396542,52.081524]},"properties":{"type":"charge","layer":"passenger","locationId":"89470125","name":"EQUANS SGZH 1.0 89470125","address":"Damlaan 11","city":"Leidschendam","operatorName":"EQUANS","maxPowerKw":11,"isMegawatt":false,"status":"AVAILABLE","source":"ndw"}},{"type":"Feature","geometry":{"type":"Point","coordinates":[4.360739,52.072965]},"properties":{"type":"charge","layer":"passenger","locationId":"90249575","name":"EQUANS SGZH 2.0 Prins Bernhardlaan 132","address":"Prins Bernhardlaan 132","city":"Voorburg","operatorName":"EQUANS","maxPowerKw":11,"isMegawatt":false,"status":"CHARGING","source":"ndw"}},{"type":"Feature","geometry":{"type":"Point","coordinates":[4.347611,52.073504]},"properties":{"type":"charge","layer":"passenger","locationId":"89344681","name":"EQUANS SGZH 2.0 89344681","address":"Pauwstraat 14","city":"Voorburg","operatorName":"EQUANS","maxPowerKw":11,"isMegawatt":false,"status":"AVAILABLE","source":"ndw"}},{"type":"Feature","geometry":{"type":"Point","coordinates":[4.410185,52.091694]},"properties":{"type":"charge","layer":"passenger","locationId":"4257896","name":"Laadnet Veursestraatweg","address":"Veursestraatweg 106D","city":"Leidschendam","operatorName":"Laadnet","maxPowerKw":22,"isMegawatt":false,"status":"UNAVAILABLE","source":"ndw"}},{"type":"Feature","geometry":{"type":"Point","coordinates":[4.402799,52.088548]},"properties":{"type":"charge","layer":"passenger","locationId":"89261335","name":"EQUANS SGZH 1.0 Kouwenhof 27 (t.h.v. Oude Trambaan 57)","address":"Kouwenhof 27","city":"Leidschendam","operatorName":"EQUANS","maxPowerKw":11,"isMegawatt":false,"status":"AVAILABLE","source":"ndw"}},{"type":"Feature","geometry":{"type":"Point","coordinates":[4.367546,52.088736]},"properties":{"type":"charge","layer":"passenger","locationId":"0bec887d42784b4eaa3b92b1dba9479b","name":"VVE Populierendreef","address":"Populierendreef 318","city":"Voorburg","operatorName":"","maxPowerKw":22,"isMegawatt":false,"status":"AVAILABLE","source":"ndw","priceKwh":0.68}},{"type":"Feature","geometry":{"type":"Point","coordinates":[4.366612,52.085416]},"properties":{"type":"charge","layer":"passenger","locationId":"89261384","name":"EQUANS SGZH 1.0 89261384","address":"Elzendreef 126","city":"Voorburg","operatorName":"EQUANS","maxPowerKw":11,"isMegawatt":false,"status":"AVAILABLE","source":"ndw"}},{"type":"Feature","geometry":{"type":"Point","coordinates":[4.400387,52.095461]},"properties":{"type":"charge","layer":"passenger","locationId":"89261313","name":"EQUANS SGZH 1.0 89261313","address":"Gravin Juliana van Stolberglaan 94","city":"Leidschendam","operatorName":"EQUANS","maxPowerKw":11,"isMegawatt":false,"status":"AVAILABLE","source":"ndw"}},{"type":"Feature","geometry":{"type":"Point","coordinates":[4.341982,52.07538]},"properties":{"type":"charge","layer":"passenger","locationId":"89105187","name":"EQUANS SGZH 1.0 89105187","address":"Koningin Wilhelminalaan 506","city":"Voorburg","operatorName":"EQUANS","maxPowerKw":17,"isMegawatt":false,"status":"CHARGING","source":"ndw"}},{"type":"Feature","geometry":{"type":"Point","coordinates":[4.376607,52.076446]},"properties":{"type":"charge","layer":"passenger","locationId":"89344612","name":"EQUANS SGZH 2.0 89344612","address":"Parkweg 338","city":"Voorburg","operatorName":"EQUANS","maxPowerKw":11,"isMegawatt":false,"status":"AVAILABLE","source":"ndw"}},{"type":"Feature","geometry":{"type":"Point","coordinates":[4.371581,52.089481]},"properties":{"type":"charge","layer":"passenger","locationId":"89261377","name":"EQUANS SGZH 1.0 89261377","address":"Appelgaarde 85","city":"Voorburg","operatorName":"EQUANS","maxPowerKw":11,"isMegawatt":false,"status":"AVAILABLE","source":"ndw"}},{"type":"Feature","geometry":{"type":"Point","coordinates":[4.37267,52.082236]},"properties":{"type":"charge","layer":"passenger","locationId":"89942961","name":"EQUANS SGZH 2.0 89942961","address":"Tulpentuin 28","city":"Voorburg","operatorName":"EQUANS","maxPowerKw":11,"isMegawatt":false,"status":"AVAILABLE","source":"ndw"}},{"type":"Feature","geometry":{"type":"Point","coordinates":[4.343889,52.076635]},"properties":{"type":"charge","layer":"passenger","locationId":"89261416","name":"EQUANS SGZH 1.0 89261416","address":"Van der Marckstraat 47","city":"Voorburg","operatorName":"EQUANS","maxPowerKw":11,"isMegawatt":false,"status":"AVAILABLE","source":"ndw"}},{"type":"Feature","geometry":{"type":"Point","coordinates":[4.397888,52.08499]},"properties":{"type":"charge","layer":"passenger","locationId":"90918887","name":"EQUANS SGZH 2.0 Vinkenborghlaan 70","address":"Vinkenborghlaan 70","city":"Leidschendam","operatorName":"EQUANS","maxPowerKw":11,"isMegawatt":false,"status":"CHARGING","source":"ndw"}},{"type":"Feature","geometry":{"type":"Point","coordinates":[4.365692,52.083406]},"properties":{"type":"charge","layer":"passenger","locationId":"89344666","name":"EQUANS SGZH 2.0 89344666","address":"Wilgendreef 25","city":"Voorburg","operatorName":"EQUANS","maxPowerKw":11,"isMegawatt":false,"status":"AVAILABLE","source":"ndw"}},{"type":"Feature","geometry":{"type":"Point","coordinates":[4.395901,52.078125]},"properties":{"type":"charge","layer":"passenger","locationId":"89264254","name":"EQUANS SGZH 1.0 89264254","address":"De Schans 2","city":"Leidschendam","operatorName":"EQUANS","maxPowerKw":11,"isMegawatt":false,"status":"CHARGING","source":"ndw"}},{"type":"Feature","geometry":{"type":"Point","coordinates":[4.396504,52.088803]},"properties":{"type":"charge","layer":"passenger","locationId":"89261317","name":"EQUANS SGZH 1.0 89261317","address":"Prinses Marijkelaan 32","city":"Leidschendam","operatorName":"EQUANS","maxPowerKw":11,"isMegawatt":false,"status":"AVAILABLE","source":"ndw"}},{"type":"Feature","geometry":{"type":"Point","coordinates":[4.357126,52.068722]},"properties":{"type":"charge","layer":"passenger","locationId":"89261348","name":"EQUANS SGZH 1.0 89261348","address":"Laan van Nieuw Oosteinde 9","city":"Voorburg","operatorName":"EQUANS","maxPowerKw":11,"isMegawatt":false,"status":"AVAILABLE","source":"ndw"}},{"type":"Feature","geometry":{"type":"Point","coordinates":[4.355632,52.062754]},"properties":{"type":"charge","layer":"passenger","locationId":"89261425","name":"EQUANS SGZH 1.0 89261425","address":"Westeinde 76","city":"Voorburg","operatorName":"EQUANS","maxPowerKw":11,"isMegawatt":false,"status":"CHARGING","source":"ndw"}},{"type":"Feature","geometry":{"type":"Point","coordinates":[4.347003,52.05768]},"properties":{"type":"charge","layer":"passenger","locationId":"89124543","name":"EQUANS SGZH 1.0 89124543","address":"Hoekenburglaan 76","city":"Voorburg","operatorName":"EQUANS","maxPowerKw":17,"isMegawatt":false,"status":"AVAILABLE","source":"ndw"}},{"type":"Feature","geometry":{"type":"Point","coordinates":[4.3449,52.060331]},"properties":{"type":"charge","layer":"passenger","locationId":"89484894","name":"EQUANS SGZH 2.0 Prinses Mariannelaan 280","address":"Prinses Mariannelaan 280","city":"Voorburg","operatorName":"EQUANS","maxPowerKw":11,"isMegawatt":false,"status":"AVAILABLE","source":"ndw"}},{"type":"Feature","geometry":{"type":"Point","coordinates":[4.40289,52.096998]},"properties":{"type":"charge","layer":"passenger","locationId":"89473070","name":"EQUANS SGZH 2.0 89473070","address":"Prins Frederiklaan 300","city":"Leidschendam","operatorName":"EQUANS","maxPowerKw":11,"isMegawatt":false,"status":"AVAILABLE","source":"ndw"}},{"type":"Feature","geometry":{"type":"Point","coordinates":[4.359585,52.083157]},"properties":{"type":"charge","layer":"passenger","locationId":"89264244","name":"EQUANS SGZH 1.0 89264244","address":"Brinnolaan 2","city":"Voorburg","operatorName":"EQUANS","maxPowerKw":11,"isMegawatt":false,"status":"AVAILABLE","source":"ndw"}},{"type":"Feature","geometry":{"type":"Point","coordinates":[4.39851,52.08244]},"properties":{"type":"charge","layer":"passenger","locationId":"89261339","name":"EQUANS SGZH 2.0 Zaagmolenstraat 98 F","address":"Zaagmolenstraat 98 F","city":"Leidschendam","operatorName":"EQUANS","maxPowerKw":11,"isMegawatt":false,"status":"AVAILABLE","source":"ndw"}},{"type":"Feature","geometry":{"type":"Point","coordinates":[4.405485,52.082163]},"properties":{"type":"charge","layer":"passenger","locationId":"89261347","name":"EQUANS SGZH 1.0 89261347","address":"T hert 57","city":"Leidschendam","operatorName":"EQUANS","maxPowerKw":11,"isMegawatt":false,"status":"AVAILABLE","source":"ndw"}},{"type":"Feature","geometry":{"type":"Point","coordinates":[4.383536,52.081013]},"properties":{"type":"charge","layer":"passenger","locationId":"89462831","name":"EQUANS SGZH 2.0 89462831","address":"Peilnagel 10","city":"Voorburg","operatorName":"EQUANS","maxPowerKw":11,"isMegawatt":false,"status":"AVAILABLE","source":"ndw"}},{"type":"Feature","geometry":{"type":"Point","coordinates":[4.361639,52.064524]},"properties":{"type":"charge","layer":"passenger","locationId":"89484891","name":"EQUANS SGZH 2.0 89484891","address":"Hofwijckstraat 51","city":"Voorburg","operatorName":"EQUANS","maxPowerKw":11,"isMegawatt":false,"status":"AVAILABLE","source":"ndw"}},{"type":"Feature","geometry":{"type":"Point","coordinates":[4.346658,52.07442]},"properties":{"type":"charge","layer":"passenger","locationId":"90095997","name":"EQUANS SGZH 2.0 Ter Capellenstraat 7","address":"Ter Capellenstraat 7","city":"Voorburg","operatorName":"EQUANS","maxPowerKw":11,"isMegawatt":false,"status":"AVAILABLE","source":"ndw"}},{"type":"Feature","geometry":{"type":"Point","coordinates":[4.396678,52.094735]},"properties":{"type":"charge","layer":"passenger","locationId":"89261314","name":"EQUANS SGZH 1.0 89261314","address":"Prinses Annalaan 261","city":"Leidschendam","operatorName":"EQUANS","maxPowerKw":11,"isMegawatt":false,"status":"AVAILABLE","source":"ndw"}},{"type":"Feature","geometry":{"type":"Point","coordinates":[4.348147,52.071436]},"properties":{"type":"charge","layer":"passenger","locationId":"89484892","name":"EQUANS SGZH 2.0 89484892","address":"van Zegwaardstraat 228","city":"Voorburg","operatorName":"EQUANS","maxPowerKw":11,"isMegawatt":false,"status":"AVAILABLE","source":"ndw"}},{"type":"Feature","geometry":{"type":"Point","coordinates":[4.400501,52.078591]},"properties":{"type":"charge","layer":"passenger","locationId":"89344609","name":"EQUANS SGZH 2.0 89344609","address":"Nieuwstraat 99","city":"Leidschendam","operatorName":"EQUANS","maxPowerKw":11,"isMegawatt":false,"status":"CHARGING","source":"ndw"}},{"type":"Feature","geometry":{"type":"Point","coordinates":[4.400061,52.092949]},"properties":{"type":"charge","layer":"passenger","locationId":"89355435","name":"EQUANS SGZH 2.0 89355435","address":"Binnenweg 2","city":"Leidschendam","operatorName":"EQUANS","maxPowerKw":11,"isMegawatt":false,"status":"AVAILABLE","source":"ndw"}},{"type":"Feature","geometry":{"type":"Point","coordinates":[4.353676,52.082557]},"properties":{"type":"charge","layer":"passenger","locationId":"89354079","name":"EQUANS SGZH 2.0 89354079","address":"Spinozalaan 385","city":"Voorburg","operatorName":"EQUANS","maxPowerKw":11,"isMegawatt":false,"status":"CHARGING","source":"ndw"}},{"type":"Feature","geometry":{"type":"Point","coordinates":[4.350327,52.078712]},"properties":{"type":"charge","layer":"passenger","locationId":"89261391","name":"EQUANS SGZH 1.0 89261391","address":"Bruijnings Ingenhoeslaan 29","city":"Voorburg","operatorName":"EQUANS","maxPowerKw":11,"isMegawatt":false,"status":"AVAILABLE","source":"ndw"}},{"type":"Feature","geometry":{"type":"Point","coordinates":[4.386087,52.095286]},"properties":{"type":"charge","layer":"passenger","locationId":"89153854","name":"EQUANS SGZH 2.0 89153854","address":"Patrijslaan 44","city":"Leidschendam","operatorName":"EQUANS","maxPowerKw":17,"isMegawatt":false,"status":"AVAILABLE","source":"ndw"}},{"type":"Feature","geometry":{"type":"Point","coordinates":[4.36263,52.067267]},"properties":{"type":"charge","layer":"passenger","locationId":"89261352","name":"EQUANS SGZH 2.0 Zwartepad 5","address":"Zwartepad 5","city":"Voorburg","operatorName":"EQUANS","maxPowerKw":11,"isMegawatt":false,"status":"AVAILABLE","source":"ndw"}},{"type":"Feature","geometry":{"type":"Point","coordinates":[4.348381,52.078079]},"properties":{"type":"charge","layer":"passenger","locationId":"89354071","name":"EQUANS SGZH 2.0 89354071","address":"Bilderdijkplein 39","city":"Voorburg","operatorName":"EQUANS","maxPowerKw":11,"isMegawatt":false,"status":"AVAILABLE","source":"ndw"}},{"type":"Feature","geometry":{"type":"Point","coordinates":[4.371827,52.075425]},"properties":{"type":"charge","layer":"passenger","locationId":"90351452","name":"EQUANS SGZH 1.0 Loolaan 94","address":"Loolaan 94","city":"Voorburg","operatorName":"EQUANS","maxPowerKw":11,"isMegawatt":false,"status":"AVAILABLE","source":"ndw"}},{"type":"Feature","geometry":{"type":"Point","coordinates":[4.35797,52.064608]},"properties":{"type":"charge","layer":"passenger","locationId":"89459864","name":"EQUANS SGZH 2.0 89459864","address":"Sonnenburghlaan 218","city":"Voorburg","operatorName":"EQUANS","maxPowerKw":11,"isMegawatt":false,"status":"AVAILABLE","source":"ndw"}},{"type":"Feature","geometry":{"type":"Point","coordinates":[4.355687,52.080184]},"properties":{"type":"charge","layer":"passenger","locationId":"89261395","name":"EQUANS SGZH 1.0 89261395","address":"Jan Mulderstraat 28","city":"Voorburg","operatorName":"EQUANS","maxPowerKw":11,"isMegawatt":false,"status":"CHARGING","source":"ndw"}},{"type":"Feature","geometry":{"type":"Point","coordinates":[4.36178,52.07304]},"properties":{"type":"charge","layer":"passenger","locationId":"91366054","name":"EQUANS SGZH 2.0 Rozenboomlaan 117","address":"Rozenboomlaan 117","city":"Voorburg","operatorName":"EQUANS","maxPowerKw":11,"isMegawatt":false,"status":"AVAILABLE","source":"ndw"}},{"type":"Feature","geometry":{"type":"Point","coordinates":[4.365092,52.080984]},"properties":{"type":"charge","layer":"passenger","locationId":"89344670","name":"EQUANS SGZH 2.0 89344670","address":"Monseigneur van Steelaan 468","city":"Voorburg","operatorName":"EQUANS","maxPowerKw":11,"isMegawatt":false,"status":"AVAILABLE","source":"ndw"}},{"type":"Feature","geometry":{"type":"Point","coordinates":[4.394319,52.084798]},"properties":{"type":"charge","layer":"passenger","locationId":"679a4c96247d325f2c5fcd95","name":"Parkeerplaats GLV openbaar laadpaal 6","address":"koningin Wilhelminalaan 2","city":"Leidschendam","operatorName":"E-Flux by Road","maxPowerKw":6,"isMegawatt":false,"status":"AVAILABLE","source":"ndw","priceKwh":0.45}},{"type":"Feature","geometry":{"type":"Point","coordinates":[4.394489,52.08768]},"properties":{"type":"charge","layer":"passenger","locationId":"89828203","name":"EQUANS SGZH 2.0 89828203","address":"Prinses Beatrixlaan 43","city":"Leidschendam","operatorName":"EQUANS","maxPowerKw":11,"isMegawatt":false,"status":"AVAILABLE","source":"ndw"}},{"type":"Feature","geometry":{"type":"Point","coordinates":[4.371808,52.083455]},"properties":{"type":"charge","layer":"passenger","locationId":"89261372","name":"EQUANS SGZH 1.0 89261372","address":"Tulpentuin 301","city":"Voorburg","operatorName":"EQUANS","maxPowerKw":11,"isMegawatt":false,"status":"CHARGING","source":"ndw"}},{"type":"Feature","geometry":{"type":"Point","coordinates":[4.382424,52.091726]},"properties":{"type":"charge","layer":"passenger","locationId":"89261291","name":"EQUANS SGZH 1.0 89261291","address":"Buizerdlaan 1","city":"Leidschendam","operatorName":"EQUANS","maxPowerKw":11,"isMegawatt":false,"status":"AVAILABLE","source":"ndw"}},{"type":"Feature","geometry":{"type":"Point","coordinates":[4.370589,52.074041]},"properties":{"type":"charge","layer":"passenger","locationId":"89261350","name":"EQUANS SGZH 1.0 89261350","address":"Parkweg 211","city":"Voorburg","operatorName":"EQUANS","maxPowerKw":11,"isMegawatt":false,"status":"AVAILABLE","source":"ndw"}},{"type":"Feature","geometry":{"type":"Point","coordinates":[4.360094,52.069175]},"properties":{"type":"charge","layer":"passenger","locationId":"90163289","name":"EQUANS SGZH 2.0 Laan van Rustenburg 36","address":"Laan van Rustenburg 36","city":"Voorburg","operatorName":"EQUANS","maxPowerKw":11,"isMegawatt":false,"status":"AVAILABLE","source":"ndw"}},{"type":"Feature","geometry":{"type":"Point","coordinates":[4.473898,52.093869]},"properties":{"type":"charge","layer":"passenger","locationId":"89142965","name":"EQUANS SGZH 1.0 89142965","address":"van Santhorststraat 109","city":"Leidschendam","operatorName":"EQUANS","maxPowerKw":17,"isMegawatt":false,"status":"AVAILABLE","source":"ndw"}},{"type":"Feature","geometry":{"type":"Point","coordinates":[4.351681,52.071025]},"properties":{"type":"charge","layer":"passenger","locationId":"89105103","name":"EQUANS SGZH 1.0 89105103","address":"Koningin Wilhelminalaan 189","city":"Voorburg","operatorName":"EQUANS","maxPowerKw":22,"isMegawatt":false,"status":"CHARGING","source":"ndw"}},{"type":"Feature","geometry":{"type":"Point","coordinates":[4.37132,52.08133]},"properties":{"type":"charge","layer":"passenger","locationId":"89153825","name":"EQUANS SGZH 2.0 89153825","address":"Rozentuin 204","city":"Voorburg","operatorName":"EQUANS","maxPowerKw":11,"isMegawatt":false,"status":"AVAILABLE","source":"ndw"}},{"type":"Feature","geometry":{"type":"Point","coordinates":[4.3906,52.09297]},"properties":{"type":"charge","layer":"passenger","locationId":"90992253","name":"EQUANS SGZH 2.0 Burgemeester Velthuijsenlaan 122","address":"Burgemeester Velthuijsenlaan 122","city":"Leidschendam","operatorName":"EQUANS","maxPowerKw":11,"isMegawatt":false,"status":"AVAILABLE","source":"ndw"}},{"type":"Feature","geometry":{"type":"Point","coordinates":[4.341684,52.076896]},"properties":{"type":"charge","layer":"passenger","locationId":"90095922","name":"EQUANS SGZH 2.0 van Heurnstraat 83","address":"van Heurnstraat 83","city":"Voorburg","operatorName":"EQUANS","maxPowerKw":11,"isMegawatt":false,"status":"AVAILABLE","source":"ndw"}},{"type":"Feature","geometry":{"type":"Point","coordinates":[4.36346,52.06571]},"properties":{"type":"charge","layer":"passenger","locationId":"89261353","name":"EQUANS SGZH 1.0 Huijgensstraat (achterkant Voorhofstraat 25)","address":"Huijgensstraat","city":"Voorburg","operatorName":"EQUANS","maxPowerKw":11,"isMegawatt":false,"status":"CHARGING","source":"ndw"}},{"type":"Feature","geometry":{"type":"Point","coordinates":[4.35729,52.06342]},"properties":{"type":"charge","layer":"passenger","locationId":"91442935","name":"EQUANS SGZH 2.0 Westeinde 48 B","address":"Westeinde 48 B","city":"Voorburg","operatorName":"EQUANS","maxPowerKw":11,"isMegawatt":false,"status":"AVAILABLE","source":"ndw"}},{"type":"Feature","geometry":{"type":"Point","coordinates":[4.400137,52.085527]},"properties":{"type":"charge","layer":"passenger","locationId":"89052579","name":"EQUANS SGZH 1.0 89052579","address":"Westboschlaan 133","city":"Leidschendam","operatorName":"EQUANS","maxPowerKw":22,"isMegawatt":false,"status":"AVAILABLE","source":"ndw"}},{"type":"Feature","geometry":{"type":"Point","coordinates":[4.352404,52.063741]},"properties":{"type":"charge","layer":"passenger","locationId":"89264239","name":"EQUANS SGZH 1.0 89264239","address":"Koninginnelaan 68","city":"Voorburg","operatorName":"EQUANS","maxPowerKw":11,"isMegawatt":false,"status":"CHARGING","source":"ndw"}},{"type":"Feature","geometry":{"type":"Point","coordinates":[4.354632,52.078799]},"properties":{"type":"charge","layer":"passenger","locationId":"89477502","name":"EQUANS SGZH 2.0 89477502","address":"Jan Mulderstraat 135","city":"Voorburg","operatorName":"EQUANS","maxPowerKw":11,"isMegawatt":false,"status":"AVAILABLE","source":"ndw"}},{"type":"Feature","geometry":{"type":"Point","coordinates":[4.353526,52.075565]},"properties":{"type":"charge","layer":"passenger","locationId":"89942960","name":"EQUANS SGZH 2.0 89942960","address":"Adama van Scheltemastraat 11","city":"Voorburg","operatorName":"EQUANS","maxPowerKw":11,"isMegawatt":false,"status":"AVAILABLE","source":"ndw"}},{"type":"Feature","geometry":{"type":"Point","coordinates":[4.402012,52.089515]},"properties":{"type":"charge","layer":"passenger","locationId":"89828199","name":"EQUANS SGZH 2.0 89828199","address":"Veursestraatweg 53","city":"Leidschendam","operatorName":"EQUANS","maxPowerKw":11,"isMegawatt":false,"status":"AVAILABLE","source":"ndw"}},{"type":"Feature","geometry":{"type":"Point","coordinates":[4.391316,52.093119]},"properties":{"type":"charge","layer":"passenger","locationId":"89261305","name":"EQUANS SGZH 1.0 89261305","address":"Burgemeester Velthuijsenlaan 121","city":"Leidschendam","operatorName":"EQUANS","maxPowerKw":11,"isMegawatt":false,"status":"AVAILABLE","source":"ndw"}},{"type":"Feature","geometry":{"type":"Point","coordinates":[4.356763,52.069672]},"properties":{"type":"charge","layer":"passenger","locationId":"90163300","name":"EQUANS SGZH 2.0 van Horvettestraat 1","address":"van Horvettestraat 1","city":"Voorburg","operatorName":"EQUANS","maxPowerKw":11,"isMegawatt":false,"status":"AVAILABLE","source":"ndw"}},{"type":"Feature","geometry":{"type":"Point","coordinates":[4.362803,52.080957]},"properties":{"type":"charge","layer":"passenger","locationId":"89261389","name":"EQUANS SGZH 1.0 89261389","address":"Monseigneur van Steelaan 215","city":"Voorburg","operatorName":"EQUANS","maxPowerKw":11,"isMegawatt":false,"status":"CHARGING","source":"ndw"}},{"type":"Feature","geometry":{"type":"Point","coordinates":[4.398277,52.088486]},"properties":{"type":"charge","layer":"passenger","locationId":"89261327","name":"EQUANS SGZH 1.0 89261327","address":"Koningin Emmalaan 3","city":"Leidschendam","operatorName":"EQUANS","maxPowerKw":11,"isMegawatt":false,"status":"AVAILABLE","source":"ndw"}},{"type":"Feature","geometry":{"type":"Point","coordinates":[4.367486,52.080906]},"properties":{"type":"charge","layer":"passenger","locationId":"89344671","name":"EQUANS SGZH 2.0 89344671","address":"Sint Martinuslaan 194","city":"Voorburg","operatorName":"EQUANS","maxPowerKw":11,"isMegawatt":false,"status":"CHARGING","source":"ndw"}},{"type":"Feature","geometry":{"type":"Point","coordinates":[4.363458,52.070754]},"properties":{"type":"charge","layer":"passenger","locationId":"89105107","name":"EQUANS SGZH 1.0 89105107","address":"Einddorpstraat 18","city":"Voorburg","operatorName":"EQUANS","maxPowerKw":22,"isMegawatt":false,"status":"CHARGING","source":"ndw"}},{"type":"Feature","geometry":{"type":"Point","coordinates":[4.394373,52.095993]},"properties":{"type":"charge","layer":"passenger","locationId":"89166837","name":"EQUANS SGZH 2.0 89166837","address":"Prinses Annalaan 44","city":"Leidschendam","operatorName":"EQUANS","maxPowerKw":11,"isMegawatt":false,"status":"AVAILABLE","source":"ndw"}},{"type":"Feature","geometry":{"type":"Point","coordinates":[4.394292,52.085076]},"properties":{"type":"charge","layer":"passenger","locationId":"679a49a1c834b49127671dec","name":"Parkeerplaats GLV openbaar laadpaal 3","address":"koningin Wiihelminalaan  2","city":"Leidschendam","operatorName":"E-Flux by Road","maxPowerKw":6,"isMegawatt":false,"status":"AVAILABLE","source":"ndw","priceKwh":0.45}},{"type":"Feature","geometry":{"type":"Point","coordinates":[4.348677,52.073242]},"properties":{"type":"charge","layer":"passenger","locationId":"89261420","name":"EQUANS SGZH 1.0 89261420","address":"Van barbansonstraat 17","city":"Voorburg","operatorName":"EQUANS","maxPowerKw":11,"isMegawatt":false,"status":"AVAILABLE","source":"ndw"}},{"type":"Feature","geometry":{"type":"Point","coordinates":[4.375431,52.074206]},"properties":{"type":"charge","layer":"passenger","locationId":"89261361","name":"EQUANS SGZH 1.0 89261361","address":"Rembrandtlaan 3","city":"Voorburg","operatorName":"EQUANS","maxPowerKw":11,"isMegawatt":false,"status":"AVAILABLE","source":"ndw"}},{"type":"Feature","geometry":{"type":"Point","coordinates":[4.383361,52.081908]},"properties":{"type":"charge","layer":"passenger","locationId":"89200924","name":"EQUANS SGZH 2.0 89200924","address":"Dr Beguinlaan 64","city":"Voorburg","operatorName":"EQUANS","maxPowerKw":17,"isMegawatt":false,"status":"CHARGING","source":"ndw"}},{"type":"Feature","geometry":{"type":"Point","coordinates":[4.398922,52.087535]},"properties":{"type":"charge","layer":"passenger","locationId":"89942864","name":"EQUANS SGZH 2.0 89942864","address":"Koningin Julianaplein 24","city":"Leidschendam","operatorName":"EQUANS","maxPowerKw":11,"isMegawatt":false,"status":"AVAILABLE","source":"ndw"}},{"type":"Feature","geometry":{"type":"Point","coordinates":[4.398428,52.0772]},"properties":{"type":"charge","layer":"passenger","locationId":"90249578","name":"EQUANS SGZH 2.0 de Oude Bleijk 62","address":"de Oude Bleijk 62","city":"Leidschendam","operatorName":"EQUANS","maxPowerKw":11,"isMegawatt":false,"status":"AVAILABLE","source":"ndw"}},{"type":"Feature","geometry":{"type":"Point","coordinates":[4.390186,52.090116]},"properties":{"type":"charge","layer":"passenger","locationId":"89261298","name":"EQUANS SGZH 1.0 89261298","address":"Burgemeester Keijzerlaan 3","city":"Leidschendam","operatorName":"EQUANS","maxPowerKw":11,"isMegawatt":false,"status":"CHARGING","source":"ndw"}},{"type":"Feature","geometry":{"type":"Point","coordinates":[4.470818,52.094618]},"properties":{"type":"charge","layer":"passenger","locationId":"89264255","name":"EQUANS SGZH 1.0 89264255","address":"Hoefblad 28","city":"Leidschendam","operatorName":"EQUANS","maxPowerKw":11,"isMegawatt":false,"status":"AVAILABLE","source":"ndw"}},{"type":"Feature","geometry":{"type":"Point","coordinates":[4.38906,52.090024]},"properties":{"type":"charge","layer":"passenger","locationId":"89942862","name":"EQUANS SGZH 2.0 89942862","address":"Burgemeester Keijzerlaan 102","city":"Leidschendam","operatorName":"EQUANS","maxPowerKw":11,"isMegawatt":false,"status":"AVAILABLE","source":"ndw"}},{"type":"Feature","geometry":{"type":"Point","coordinates":[4.396055,52.08648]},"properties":{"type":"charge","layer":"passenger","locationId":"89264253","name":"EQUANS SGZH 1.0 89264253","address":"Koningin Wilhelminalaan 48","city":"Leidschendam","operatorName":"EQUANS","maxPowerKw":11,"isMegawatt":false,"status":"AVAILABLE","source":"ndw"}},{"type":"Feature","geometry":{"type":"Point","coordinates":[4.364327,52.068677]},"properties":{"type":"charge","layer":"passenger","locationId":"89261349","name":"EQUANS SGZH 1.0 89261349","address":"Parkweg 91","city":"Voorburg","operatorName":"EQUANS","maxPowerKw":11,"isMegawatt":false,"status":"AVAILABLE","source":"ndw"}},{"type":"Feature","geometry":{"type":"Point","coordinates":[4.407558,52.092669]},"properties":{"type":"charge","layer":"passenger","locationId":"89264263","name":"EQUANS SGZH 1.0 89264263","address":"Hogeland 14","city":"Leidschendam","operatorName":"EQUANS","maxPowerKw":11,"isMegawatt":false,"status":"AVAILABLE","source":"ndw"}},{"type":"Feature","geometry":{"type":"Point","coordinates":[4.391344,52.074913]},"properties":{"type":"charge","layer":"passenger","locationId":"89344677","name":"EQUANS SGZH 2.0 89344677","address":"De Ruyterstraat 34","city":"Leidschendam","operatorName":"EQUANS","maxPowerKw":11,"isMegawatt":false,"status":"AVAILABLE","source":"ndw"}},{"type":"Feature","geometry":{"type":"Point","coordinates":[4.376293,52.075328]},"properties":{"type":"charge","layer":"passenger","locationId":"90095189","name":"EQUANS SGZH 2.0 Oostvlietstraat 13","address":"Oostvlietstraat 13","city":"Voorburg","operatorName":"EQUANS","maxPowerKw":11,"isMegawatt":false,"status":"AVAILABLE","source":"ndw"}},{"type":"Feature","geometry":{"type":"Point","coordinates":[4.403998,52.096651]},"properties":{"type":"charge","layer":"passenger","locationId":"89261307","name":"EQUANS SGZH 1.0 89261307","address":"Gravin Juliana van Stolberglaan 51","city":"Leidschendam","operatorName":"EQUANS","maxPowerKw":11,"isMegawatt":false,"status":"CHARGING","source":"ndw"}},{"type":"Feature","geometry":{"type":"Point","coordinates":[4.357143,52.074524]},"properties":{"type":"charge","layer":"passenger","locationId":"89344667","name":"EQUANS SGZH 2.0 89344667","address":"Johan de Meesterstraat 5","city":"Voorburg","operatorName":"EQUANS","maxPowerKw":11,"isMegawatt":false,"status":"AVAILABLE","source":"ndw"}},{"type":"Feature","geometry":{"type":"Point","coordinates":[4.374699,52.076932]},"properties":{"type":"charge","layer":"passenger","locationId":"89261368","name":"EQUANS SGZH 1.0 89261368","address":"Vlietenburgstraat 3","city":"Voorburg","operatorName":"EQUANS","maxPowerKw":11,"isMegawatt":false,"status":"CHARGING","source":"ndw"}},{"type":"Feature","geometry":{"type":"Point","coordinates":[4.340355,52.076318]},"properties":{"type":"charge","layer":"passenger","locationId":"89261400","name":"EQUANS SGZH 1.0 89261400","address":"Koningin Wilhelminalaan 539B","city":"Voorburg","operatorName":"EQUANS","maxPowerKw":11,"isMegawatt":false,"status":"AVAILABLE","source":"ndw"}},{"type":"Feature","geometry":{"type":"Point","coordinates":[4.389329,52.074244]},"properties":{"type":"charge","layer":"passenger","locationId":"90095169","name":"EQUANS SGZH 2.0 Piet Heinstraat 37","address":"Piet Heinstraat 37","city":"Leidschendam","operatorName":"EQUANS","maxPowerKw":11,"isMegawatt":false,"status":"AVAILABLE","source":"ndw"}},{"type":"Feature","geometry":{"type":"Point","coordinates":[4.359878,52.072966]},"properties":{"type":"charge","layer":"passenger","locationId":"89355436","name":"EQUANS SGZH 2.0 89355436","address":"Alberdingk Thijmkade 1","city":"Voorburg","operatorName":"EQUANS","maxPowerKw":11,"isMegawatt":false,"status":"AVAILABLE","source":"ndw"}},{"type":"Feature","geometry":{"type":"Point","coordinates":[4.396882,52.097471]},"properties":{"type":"charge","layer":"passenger","locationId":"89099779","name":"EQUANS SGZH 1.0 89099779","address":"Prins Johan Willem Frisolaan 271","city":"Leidschendam","operatorName":"EQUANS","maxPowerKw":22,"isMegawatt":false,"status":"AVAILABLE","source":"ndw"}},{"type":"Feature","geometry":{"type":"Point","coordinates":[4.406708,52.093095]},"properties":{"type":"charge","layer":"passenger","locationId":"89261323","name":"EQUANS SGZH 1.0 89261323","address":"Schadeken 44","city":"Leidschendam","operatorName":"EQUANS","maxPowerKw":11,"isMegawatt":false,"status":"CHARGING","source":"ndw"}},{"type":"Feature","geometry":{"type":"Point","coordinates":[4.374635,52.078343]},"properties":{"type":"charge","layer":"passenger","locationId":"89261362","name":"EQUANS SGZH 1.0 89261362","address":"Vijverhof 26","city":"Voorburg","operatorName":"EQUANS","maxPowerKw":11,"isMegawatt":false,"status":"AVAILABLE","source":"ndw"}},{"type":"Feature","geometry":{"type":"Point","coordinates":[4.376687,52.091464]},"properties":{"type":"charge","layer":"passenger","locationId":"89261295","name":"EQUANS SGZH 1.0 89261295","address":"IJsvogellaan 48","city":"Leidschendam","operatorName":"EQUANS","maxPowerKw":11,"isMegawatt":false,"status":"AVAILABLE","source":"ndw"}},{"type":"Feature","geometry":{"type":"Point","coordinates":[4.34989,52.073118]},"properties":{"type":"charge","layer":"passenger","locationId":"91292920","name":"EQUANS SGZH 2.0 Montfoortstraat 61","address":"Montfoortstraat 61","city":"Voorburg","operatorName":"EQUANS","maxPowerKw":11,"isMegawatt":false,"status":"AVAILABLE","source":"ndw"}},{"type":"Feature","geometry":{"type":"Point","coordinates":[4.371375,52.071565]},"properties":{"type":"charge","layer":"passenger","locationId":"89261355","name":"EQUANS SGZH 1.0 89261355","address":"Oosteinde 45","city":"Voorburg","operatorName":"EQUANS","maxPowerKw":11,"isMegawatt":false,"status":"AVAILABLE","source":"ndw"}},{"type":"Feature","geometry":{"type":"Point","coordinates":[4.366837,52.080003]},"properties":{"type":"charge","layer":"passenger","locationId":"89261388","name":"EQUANS SGZH 1.0 89261388","address":"Henry Hagalaan 17","city":"Voorburg","operatorName":"EQUANS","maxPowerKw":11,"isMegawatt":false,"status":"AVAILABLE","source":"ndw"}},{"type":"Feature","geometry":{"type":"Point","coordinates":[4.37535,52.086461]},"properties":{"type":"charge","layer":"passenger","locationId":"89344641","name":"EQUANS SGZH 2.0 89344641","address":"Distelweide 129","city":"Voorburg","operatorName":"EQUANS","maxPowerKw":11,"isMegawatt":false,"status":"UNAVAILABLE","source":"ndw"}},{"type":"Feature","geometry":{"type":"Point","coordinates":[4.354183,52.065018]},"properties":{"type":"charge","layer":"passenger","locationId":"89261426","name":"EQUANS SGZH 1.0 89261426","address":"Prinses Mariannelaan 54","city":"Voorburg","operatorName":"EQUANS","maxPowerKw":11,"isMegawatt":false,"status":"AVAILABLE","source":"ndw"}},{"type":"Feature","geometry":{"type":"Point","coordinates":[4.355931,52.063835]},"properties":{"type":"charge","layer":"passenger","locationId":"89261429","name":"EQUANS SGZH 1.0 89261429","address":"Vrijburgstraat 1","city":"Voorburg","operatorName":"EQUANS","maxPowerKw":11,"isMegawatt":false,"status":"AVAILABLE","source":"ndw"}},{"type":"Feature","geometry":{"type":"Point","coordinates":[4.344761,52.061974]},"properties":{"type":"charge","layer":"passenger","locationId":"89122565","name":"EQUANS SGZH 1.0 89122565","address":"Binckhorstlaan 29","city":"Voorburg","operatorName":"EQUANS","maxPowerKw":17,"isMegawatt":false,"status":"AVAILABLE","source":"ndw"}},{"type":"Feature","geometry":{"type":"Point","coordinates":[4.377465,52.08575]},"properties":{"type":"charge","layer":"passenger","locationId":"89344640","name":"EQUANS SGZH 2.0 89344640","address":"Via Cimarosa 17","city":"Voorburg","operatorName":"EQUANS","maxPowerKw":11,"isMegawatt":false,"status":"AVAILABLE","source":"ndw"}},{"type":"Feature","geometry":{"type":"Point","coordinates":[4.353996,52.066784]},"properties":{"type":"charge","layer":"passenger","locationId":"89261433","name":"EQUANS SGZH 1.0 89261433","address":"Westenburgstraat 45","city":"Voorburg","operatorName":"EQUANS","maxPowerKw":11,"isMegawatt":false,"status":"AVAILABLE","source":"ndw"}},{"type":"Feature","geometry":{"type":"Point","coordinates":[4.350318,52.073844]},"properties":{"type":"charge","layer":"passenger","locationId":"89127144","name":"EQUANS SGZH 1.0 89127144","address":"Laan van Nieuw Oosteinde 252","city":"Voorburg","operatorName":"EQUANS","maxPowerKw":17,"isMegawatt":false,"status":"CHARGING","source":"ndw"}},{"type":"Feature","geometry":{"type":"Point","coordinates":[4.402066,52.092032]},"properties":{"type":"charge","layer":"passenger","locationId":"89261325","name":"EQUANS SGZH 1.0 89261325","address":"Buitenwater 3","city":"Leidschendam","operatorName":"EQUANS","maxPowerKw":11,"isMegawatt":false,"status":"AVAILABLE","source":"ndw"}},{"type":"Feature","geometry":{"type":"Point","coordinates":[4.35527,52.0742]},"properties":{"type":"charge","layer":"passenger","locationId":"90883034","name":"EQUANS SGZH 2.0 Queridostraat 55 t.o. Jacob van den Eyndestraat 25","address":"Queridostraat 55","city":"Voorburg","operatorName":"EQUANS","maxPowerKw":11,"isMegawatt":false,"status":"AVAILABLE","source":"ndw"}},{"type":"Feature","geometry":{"type":"Point","coordinates":[4.385296,52.087859]},"properties":{"type":"charge","layer":"passenger","locationId":"F8E94AAD-7350-47A9-9F36-3BF49CDA75A9","name":"Eneco eMobility Westfield Mall of the Netherlands - Liguster P5","address":"Liguster 202 - P5","city":"Leidschendam","operatorName":"Eneco","maxPowerKw":11,"isMegawatt":false,"status":"UNAVAILABLE","source":"ndw","priceKwh":0.54}},{"type":"Feature","geometry":{"type":"Point","coordinates":[4.38689,52.0928]},"properties":{"type":"charge","layer":"passenger","locationId":"91246459","name":"EQUANS SGZH 2.0 Burgemeester Caan van Necklaan 155","address":"Burgemeester Caan van Necklaan 155","city":"Leidschendam","operatorName":"EQUANS","maxPowerKw":11,"isMegawatt":false,"status":"AVAILABLE","source":"ndw"}},{"type":"Feature","geometry":{"type":"Point","coordinates":[4.350944,52.074742]},"properties":{"type":"charge","layer":"passenger","locationId":"90172025","name":"EQUANS SGZH 2.0 Laan van Nieuw Oosteinde 155","address":"Laan van Nieuw Oosteinde 155","city":"Voorburg","operatorName":"EQUANS","maxPowerKw":11,"isMegawatt":false,"status":"AVAILABLE","source":"ndw"}},{"type":"Feature","geometry":{"type":"Point","coordinates":[4.401122,52.085191]},"properties":{"type":"charge","layer":"passenger","locationId":"90832017","name":"EQUANS SGZH 2.0 Voordesingel 2","address":"Voordesingel 2","city":"Leidschendam","operatorName":"EQUANS","maxPowerKw":11,"isMegawatt":false,"status":"CHARGING","source":"ndw"}},{"type":"Feature","geometry":{"type":"Point","coordinates":[4.41458,52.09703]},"properties":{"type":"charge","layer":"passenger","locationId":"91161394","name":"EQUANS SGZH 2.0 Veursestraatweg 240","address":"Veursestraatweg 240","city":"Leidschendam","operatorName":"EQUANS","maxPowerKw":11,"isMegawatt":false,"status":"AVAILABLE","source":"ndw"}},{"type":"Feature","geometry":{"type":"Point","coordinates":[4.397377,52.097661]},"properties":{"type":"charge","layer":"passenger","locationId":"89942837","name":"EQUANS SGZH 2.0 89942837","address":"Prins Johan Willem Frisolaan 217 a","city":"Leidschendam","operatorName":"EQUANS","maxPowerKw":11,"isMegawatt":false,"status":"AVAILABLE","source":"ndw"}},{"type":"Feature","geometry":{"type":"Point","coordinates":[4.406715,52.095907]},"properties":{"type":"charge","layer":"passenger","locationId":"89261320","name":"EQUANS SGZH 1.0 89261320","address":"Abdijland 59","city":"Leidschendam","operatorName":"EQUANS","maxPowerKw":11,"isMegawatt":false,"status":"AVAILABLE","source":"ndw"}},{"type":"Feature","geometry":{"type":"Point","coordinates":[4.358698,52.076273]},"properties":{"type":"charge","layer":"passenger","locationId":"89477503","name":"EQUANS SGZH 2.0 89477503","address":"van Tuyll van Serooskerkenstraat 1","city":"Voorburg","operatorName":"EQUANS","maxPowerKw":11,"isMegawatt":false,"status":"AVAILABLE","source":"ndw"}},{"type":"Feature","geometry":{"type":"Point","coordinates":[4.389072,52.076398]},"properties":{"type":"charge","layer":"passenger","locationId":"90096523","name":"EQUANS SGZH 2.0 De Ruyterstraat 10","address":"De Ruyterstraat 10","city":"Leidschendam","operatorName":"EQUANS","maxPowerKw":11,"isMegawatt":false,"status":"AVAILABLE","source":"ndw"}},{"type":"Feature","geometry":{"type":"Point","coordinates":[4.356314,52.076851]},"properties":{"type":"charge","layer":"passenger","locationId":"90682195","name":"EQUANS SGZH 2.0 Palairetstraat 21","address":"Palairetstraat 21","city":"Voorburg","operatorName":"EQUANS","maxPowerKw":11,"isMegawatt":false,"status":"AVAILABLE","source":"ndw"}},{"type":"Feature","geometry":{"type":"Point","coordinates":[4.396611,52.097349]},"properties":{"type":"charge","layer":"passenger","locationId":"89477505","name":"EQUANS SGZH 2.0 89477505","address":"Prins Johan Willem Frisolaan 287","city":"Leidschendam","operatorName":"EQUANS","maxPowerKw":11,"isMegawatt":false,"status":"AVAILABLE","source":"ndw"}},{"type":"Feature","geometry":{"type":"Point","coordinates":[4.376854,52.091872]},"properties":{"type":"charge","layer":"passenger","locationId":"89261294","name":"EQUANS SGZH 1.0 89261294","address":"Watersniplaan 11","city":"Leidschendam","operatorName":"EQUANS","maxPowerKw":11,"isMegawatt":false,"status":"AVAILABLE","source":"ndw"}},{"type":"Feature","geometry":{"type":"Point","coordinates":[4.363147,52.071612]},"properties":{"type":"charge","layer":"passenger","locationId":"89261366","name":"EQUANS SGZH 1.0 89261366","address":"Rozenboomlaan 45","city":"Voorburg","operatorName":"EQUANS","maxPowerKw":11,"isMegawatt":false,"status":"AVAILABLE","source":"ndw"}},{"type":"Feature","geometry":{"type":"Point","coordinates":[4.379119,52.090419]},"properties":{"type":"charge","layer":"passenger","locationId":"89354076","name":"EQUANS SGZH 2.0 89354076","address":"Goudplevierlaan 1","city":"Leidschendam","operatorName":"EQUANS","maxPowerKw":11,"isMegawatt":false,"status":"CHARGING","source":"ndw"}},{"type":"Feature","geometry":{"type":"Point","coordinates":[4.394509,52.084916]},"properties":{"type":"charge","layer":"passenger","locationId":"679a4b1b6825c6b43883e396","name":"Parkeerplaats GLV  Openbaar Laadpaal 4","address":"koningin Wilhelminalaan  2","city":"Leidschendam","operatorName":"E-Flux by Road","maxPowerKw":6,"isMegawatt":false,"status":"AVAILABLE","source":"ndw","priceKwh":0.45}},{"type":"Feature","geometry":{"type":"Point","coordinates":[4.388977,52.076679]},"properties":{"type":"charge","layer":"passenger","locationId":"89261345","name":"EQUANS SGZH 1.0 89261345","address":"De Ruyterstraat 5","city":"Leidschendam","operatorName":"EQUANS","maxPowerKw":11,"isMegawatt":false,"status":"AVAILABLE","source":"ndw"}},{"type":"Feature","geometry":{"type":"Point","coordinates":[4.377345,52.079355]},"properties":{"type":"charge","layer":"passenger","locationId":"89615443","name":"EQUANS SGZH 2.0 89615443","address":"Violethof 1","city":"Voorburg","operatorName":"EQUANS","maxPowerKw":11,"isMegawatt":false,"status":"AVAILABLE","source":"ndw"}},{"type":"Feature","geometry":{"type":"Point","coordinates":[4.345032,52.077127]},"properties":{"type":"charge","layer":"passenger","locationId":"89954582","name":"EQUANS SGZH 2.0 89954582","address":"van de Wateringelaan 141","city":"Voorburg","operatorName":"EQUANS","maxPowerKw":11,"isMegawatt":false,"status":"AVAILABLE","source":"ndw"}},{"type":"Feature","geometry":{"type":"Point","coordinates":[4.386187,52.079089]},"properties":{"type":"charge","layer":"passenger","locationId":"647f34b4a0bf28001cd82ab5","name":"EV CVL","address":"Cornelis voorhoevelaan 4","city":"Voorburg","operatorName":"E-Flux by Road","maxPowerKw":22,"isMegawatt":false,"status":"AVAILABLE","source":"ndw","priceKwh":0.53}},{"type":"Feature","geometry":{"type":"Point","coordinates":[4.40636,52.0814]},"properties":{"type":"charge","layer":"passenger","locationId":"91321847","name":"EQUANS SGZH 2.0 't Hert 224","address":"'t Hert 224","city":"Leidschendam","operatorName":"EQUANS","maxPowerKw":11,"isMegawatt":false,"status":"AVAILABLE","source":"ndw"}},{"type":"Feature","geometry":{"type":"Point","coordinates":[4.401498,52.092975]},"properties":{"type":"charge","layer":"passenger","locationId":"89261326","name":"EQUANS SGZH 1.0 89261326","address":"Veurkapel 2","city":"Leidschendam","operatorName":"EQUANS","maxPowerKw":11,"isMegawatt":false,"status":"AVAILABLE","source":"ndw"}},{"type":"Feature","geometry":{"type":"Point","coordinates":[4.363129,52.080042]},"properties":{"type":"charge","layer":"passenger","locationId":"89060999","name":"EQUANS SGZH 1.0 89060999","address":"Monseigneur van Steelaan 382","city":"Voorburg","operatorName":"EQUANS","maxPowerKw":22,"isMegawatt":false,"status":"CHARGING","source":"ndw"}},{"type":"Feature","geometry":{"type":"Point","coordinates":[4.361303,52.070634]},"properties":{"type":"charge","layer":"passenger","locationId":"89261369","name":"EQUANS SGZH 1.0 89261369","address":"Laan van Haagvliet 25","city":"Voorburg","operatorName":"EQUANS","maxPowerKw":11,"isMegawatt":false,"status":"AVAILABLE","source":"ndw"}},{"type":"Feature","geometry":{"type":"Point","coordinates":[4.348863,52.078084]},"properties":{"type":"charge","layer":"passenger","locationId":"90261825","name":"EQUANS SGZH 2.0 Koningin Julianalaan 38A","address":"Koningin Julianalaan 38A","city":"Voorburg","operatorName":"EQUANS","maxPowerKw":11,"isMegawatt":false,"status":"AVAILABLE","source":"ndw"}},{"type":"Feature","geometry":{"type":"Point","coordinates":[4.365807,52.085312]},"properties":{"type":"charge","layer":"passenger","locationId":"89261371","name":"EQUANS SGZH 1.0 89261371","address":"Elzendreef 154","city":"Voorburg","operatorName":"EQUANS","maxPowerKw":11,"isMegawatt":false,"status":"AVAILABLE","source":"ndw"}},{"type":"Feature","geometry":{"type":"Point","coordinates":[4.351205,52.079614]},"properties":{"type":"charge","layer":"passenger","locationId":"89261393","name":"EQUANS SGZH 1.0 89261393","address":"Jacob van Lennepstraat 4","city":"Voorburg","operatorName":"EQUANS","maxPowerKw":11,"isMegawatt":false,"status":"CHARGING","source":"ndw"}},{"type":"Feature","geometry":{"type":"Point","coordinates":[4.3993,52.0987]},"properties":{"type":"charge","layer":"passenger","locationId":"90974874","name":"EQUANS SGZH 2.0 Prins Johan Willem Frisolaan 30 -","address":"Prins Johan Willem Frisolaan 30","city":"Leidschendam","operatorName":"EQUANS","maxPowerKw":11,"isMegawatt":false,"status":"AVAILABLE","source":"ndw"}},{"type":"Feature","geometry":{"type":"Point","coordinates":[4.444472,52.0945]},"properties":{"type":"charge","layer":"passenger","locationId":"63ce6a72db9af30012a17a26","name":"Rick Boheemen 's station","address":"Stompwijkseweg 57","city":"Leidschendam","operatorName":"E-Flux by Road","maxPowerKw":22,"isMegawatt":false,"status":"AVAILABLE","source":"ndw","priceKwh":0.58}},{"type":"Feature","geometry":{"type":"Point","coordinates":[4.373992,52.091813]},"properties":{"type":"charge","layer":"passenger","locationId":"89261379","name":"EQUANS SGZH 1.0 89261379","address":"Charlotte van Pallandtlaan 42","city":"Voorburg","operatorName":"EQUANS","maxPowerKw":11,"isMegawatt":false,"status":"CHARGING","source":"ndw"}},{"type":"Feature","geometry":{"type":"Point","coordinates":[4.372341,52.077071]},"properties":{"type":"charge","layer":"passenger","locationId":"89261360","name":"EQUANS SGZH 1.0 89261360","address":"Veldzichtkade 4","city":"Voorburg","operatorName":"EQUANS","maxPowerKw":11,"isMegawatt":false,"status":"AVAILABLE","source":"ndw"}},{"type":"Feature","geometry":{"type":"Point","coordinates":[4.349502,52.062328]},"properties":{"type":"charge","layer":"passenger","locationId":"89264153","name":"EQUANS SGZH 1.0 89264153","address":"Fonteynenburghlaan 17","city":"Voorburg","operatorName":"EQUANS","maxPowerKw":11,"isMegawatt":false,"status":"AVAILABLE","source":"ndw"}},{"type":"Feature","geometry":{"type":"Point","coordinates":[4.444386,52.094469]},"properties":{"type":"charge","layer":"passenger","locationId":"63ce6b2fc1642e001240d4e3","name":"Rick Boheemen 's station","address":"Stompwijkseweg 57","city":"Leidschendam","operatorName":"E-Flux by Road","maxPowerKw":22,"isMegawatt":false,"status":"AVAILABLE","source":"ndw","priceKwh":0.58}},{"type":"Feature","geometry":{"type":"Point","coordinates":[4.36588,52.0672]},"properties":{"type":"charge","layer":"passenger","locationId":"90925355","name":"EQUANS SGZH 2.0 Raadhuisstraat 38","address":"Raadhuisstraat 38","city":"Voorburg","operatorName":"EQUANS","maxPowerKw":11,"isMegawatt":false,"status":"AVAILABLE","source":"ndw"}},{"type":"Feature","geometry":{"type":"Point","coordinates":[4.379166,52.077304]},"properties":{"type":"charge","layer":"passenger","locationId":"89261364","name":"EQUANS SGZH 1.0 89261364","address":"Laan van Leeuwesteyn 1","city":"Voorburg","operatorName":"EQUANS","maxPowerKw":11,"isMegawatt":false,"status":"AVAILABLE","source":"ndw"}},{"type":"Feature","geometry":{"type":"Point","coordinates":[4.371894,52.088602]},"properties":{"type":"charge","layer":"passenger","locationId":"90122382","name":"EQUANS SGZH 2.0 Kersengaarde 221","address":"Kersengaarde 221","city":"Voorburg","operatorName":"EQUANS","maxPowerKw":11,"isMegawatt":false,"status":"AVAILABLE","source":"ndw"}},{"type":"Feature","geometry":{"type":"Point","coordinates":[4.345059,52.075062]},"properties":{"type":"charge","layer":"passenger","locationId":"89261402","name":"EQUANS SGZH 1.0 89261402","address":"Van de Wateringelaan 1","city":"Voorburg","operatorName":"EQUANS","maxPowerKw":11,"isMegawatt":false,"status":"CHARGING","source":"ndw"}},{"type":"Feature","geometry":{"type":"Point","coordinates":[4.35053,52.064551]},"properties":{"type":"charge","layer":"passenger","locationId":"89264238","name":"EQUANS SGZH 1.0 89264238","address":"Heeswijkstraat 117","city":"Voorburg","operatorName":"EQUANS","maxPowerKw":11,"isMegawatt":false,"status":"CHARGING","source":"ndw"}},{"type":"Feature","geometry":{"type":"Point","coordinates":[4.395992,52.095312]},"properties":{"type":"charge","layer":"passenger","locationId":"89309281","name":"EQUANS SGZH 1.0 89309281","address":"Prinses Annalaan 251","city":"Leidschendam","operatorName":"EQUANS","maxPowerKw":11,"isMegawatt":false,"status":"CHARGING","source":"ndw"}},{"type":"Feature","geometry":{"type":"Point","coordinates":[4.351511,52.062628]},"properties":{"type":"charge","layer":"passenger","locationId":"89261430","name":"EQUANS SGZH 1.0 89261430","address":"Claudiusstraat 23","city":"Voorburg","operatorName":"EQUANS","maxPowerKw":11,"isMegawatt":false,"status":"AVAILABLE","source":"ndw"}},{"type":"Feature","geometry":{"type":"Point","coordinates":[4.398485,52.098869]},"properties":{"type":"charge","layer":"passenger","locationId":"89261309","name":"EQUANS SGZH 1.0 89261309","address":"Prins Johan Willem Frisolaan 432","city":"Leidschendam","operatorName":"EQUANS","maxPowerKw":11,"isMegawatt":false,"status":"CHARGING","source":"ndw"}},{"type":"Feature","geometry":{"type":"Point","coordinates":[4.37273,52.08781]},"properties":{"type":"charge","layer":"passenger","locationId":"91314024","name":"EQUANS SGZH 2.0 Kersengaarde 90","address":"Kersengaarde 90","city":"Voorburg","operatorName":"EQUANS","maxPowerKw":11,"isMegawatt":false,"status":"AVAILABLE","source":"ndw"}},{"type":"Feature","geometry":{"type":"Point","coordinates":[4.405144,52.081327]},"properties":{"type":"charge","layer":"passenger","locationId":"90095993","name":"EQUANS SGZH 2.0 't Hert 134","address":"'t Hert 134","city":"Leidschendam","operatorName":"EQUANS","maxPowerKw":11,"isMegawatt":false,"status":"CHARGING","source":"ndw"}},{"type":"Feature","geometry":{"type":"Point","coordinates":[4.390579,52.096735]},"properties":{"type":"charge","layer":"passenger","locationId":"89261296","name":"EQUANS SGZH 1.0 89261296","address":"Patrijshof 26","city":"Leidschendam","operatorName":"EQUANS","maxPowerKw":11,"isMegawatt":false,"status":"AVAILABLE","source":"ndw"}},{"type":"Feature","geometry":{"type":"Point","coordinates":[4.350943,52.072025]},"properties":{"type":"charge","layer":"passenger","locationId":"89355434","name":"EQUANS SGZH 2.0 89355434","address":"van Halewijnplein 60","city":"Voorburg","operatorName":"EQUANS","maxPowerKw":11,"isMegawatt":false,"status":"AVAILABLE","source":"ndw"}},{"type":"Feature","geometry":{"type":"Point","coordinates":[4.389285,52.093729]},"properties":{"type":"charge","layer":"passenger","locationId":"89344600","name":"EQUANS SGZH 2.0 89344600","address":"Burgemeester Velthuijsenlaan 2","city":"Leidschendam","operatorName":"EQUANS","maxPowerKw":11,"isMegawatt":false,"status":"CHARGING","source":"ndw"}},{"type":"Feature","geometry":{"type":"Point","coordinates":[4.405926,52.104315]},"properties":{"type":"charge","layer":"passenger","locationId":"89251465","name":"EQUANS SGZH 2.0 89251465","address":"Sportparkweg 4","city":"Leidschendam","operatorName":"EQUANS","maxPowerKw":11,"isMegawatt":false,"status":"AVAILABLE","source":"ndw"}},{"type":"Feature","geometry":{"type":"Point","coordinates":[4.370506,52.07132]},"properties":{"type":"charge","layer":"passenger","locationId":"90020671","name":"EQUANS SGZH 2.0 Groen van Prinstererlaan 2","address":"Groen van Prinstererlaan 2","city":"Voorburg","operatorName":"EQUANS","maxPowerKw":11,"isMegawatt":false,"status":"AVAILABLE","source":"ndw"}},{"type":"Feature","geometry":{"type":"Point","coordinates":[4.381734,52.09222]},"properties":{"type":"charge","layer":"passenger","locationId":"89344680","name":"EQUANS SGZH 2.0 89344680","address":"Spotvogellaan 14","city":"Leidschendam","operatorName":"EQUANS","maxPowerKw":11,"isMegawatt":false,"status":"AVAILABLE","source":"ndw"}},{"type":"Feature","geometry":{"type":"Point","coordinates":[4.369082,52.08271]},"properties":{"type":"charge","layer":"passenger","locationId":"89261383","name":"EQUANS SGZH 1.0 89261383","address":"Rozentuin 62","city":"Voorburg","operatorName":"EQUANS","maxPowerKw":11,"isMegawatt":false,"status":"CHARGING","source":"ndw"}},{"type":"Feature","geometry":{"type":"Point","coordinates":[4.352291,52.076181]},"properties":{"type":"charge","layer":"passenger","locationId":"89261412","name":"EQUANS SGZH 1.0 89261412","address":"Aart van Leeuwenkade 127","city":"voorburg","operatorName":"EQUANS","maxPowerKw":11,"isMegawatt":false,"status":"AVAILABLE","source":"ndw"}},{"type":"Feature","geometry":{"type":"Point","coordinates":[4.38889,52.07558]},"properties":{"type":"charge","layer":"passenger","locationId":"91004306","name":"EQUANS SGZH 2.0 Karel Doormanstraat 14 t.h.v. Trompstraat 37","address":"Karel Doormanstraat 14","city":"Leidschendam","operatorName":"EQUANS","maxPowerKw":11,"isMegawatt":false,"status":"AVAILABLE","source":"ndw"}},{"type":"Feature","geometry":{"type":"Point","coordinates":[4.380306,52.076576]},"properties":{"type":"charge","layer":"passenger","locationId":"89261357","name":"EQUANS SGZH 1.0 89261357","address":"Oosteinde 130","city":"Voorburg","operatorName":"EQUANS","maxPowerKw":11,"isMegawatt":false,"status":"AVAILABLE","source":"ndw"}},{"type":"Feature","geometry":{"type":"Point","coordinates":[4.349518,52.077627]},"properties":{"type":"charge","layer":"passenger","locationId":"89261414","name":"EQUANS SGZH 1.0 89261414","address":"Bilderdijkplein 5","city":"Voorburg","operatorName":"EQUANS","maxPowerKw":11,"isMegawatt":false,"status":"AVAILABLE","source":"ndw"}},{"type":"Feature","geometry":{"type":"Point","coordinates":[4.394399,52.084997]},"properties":{"type":"charge","layer":"passenger","locationId":"679a3611e6b6851e5fdcea44","name":"Parkeerplaats GLV openbaar laadpaal 2","address":"koningin Wilhelminalaan 2","city":"leidschendam","operatorName":"E-Flux by Road","maxPowerKw":6,"isMegawatt":false,"status":"AVAILABLE","source":"ndw","priceKwh":0.45}},{"type":"Feature","geometry":{"type":"Point","coordinates":[4.390806,52.084567]},"properties":{"type":"charge","layer":"passenger","locationId":"89261331","name":"EQUANS SGZH 1.0 89261331","address":"Hendrik van Randwijkstraat 2","city":"Leidschendam","operatorName":"EQUANS","maxPowerKw":11,"isMegawatt":false,"status":"CHARGING","source":"ndw"}},{"type":"Feature","geometry":{"type":"Point","coordinates":[4.396111,52.091872]},"properties":{"type":"charge","layer":"passenger","locationId":"90104975","name":"EQUANS SGZH 1.0 Smidslaan 56 Leidschendam","address":"Smidslaan 56","city":"Leidschendam","operatorName":"EQUANS","maxPowerKw":11,"isMegawatt":false,"status":"CHARGING","source":"ndw"}},{"type":"Feature","geometry":{"type":"Point","coordinates":[4.405338,52.083811]},"properties":{"type":"charge","layer":"passenger","locationId":"89153853","name":"EQUANS SGZH 2.0 89153853","address":"de Star 3","city":"Leidschendam","operatorName":"EQUANS","maxPowerKw":17,"isMegawatt":false,"status":"AVAILABLE","source":"ndw"}},{"type":"Feature","geometry":{"type":"Point","coordinates":[4.352624,52.080974]},"properties":{"type":"charge","layer":"passenger","locationId":"89469897","name":"EQUANS SGZH 2.0 89469897","address":"Douwes Dekkerstraat 24","city":"Voorburg","operatorName":"EQUANS","maxPowerKw":11,"isMegawatt":false,"status":"AVAILABLE","source":"ndw"}},{"type":"Feature","geometry":{"type":"Point","coordinates":[4.3923,52.08957]},"properties":{"type":"charge","layer":"passenger","locationId":"91261385","name":"EQUANS SGZH 2.0 van Ruysdaellaan 80","address":"van Ruysdaellaan 80","city":"Leidschendam","operatorName":"EQUANS","maxPowerKw":11,"isMegawatt":false,"status":"AVAILABLE","source":"ndw"}},{"type":"Feature","geometry":{"type":"Point","coordinates":[4.40104,52.07788]},"properties":{"type":"charge","layer":"passenger","locationId":"91448099","name":"EQUANS SGZH 2.0 de Horre 2","address":"de Horre 2","city":"Leidschendam","operatorName":"EQUANS","maxPowerKw":11,"isMegawatt":false,"status":"CHARGING","source":"ndw"}},{"type":"Feature","geometry":{"type":"Point","coordinates":[4.382299,52.076141]},"properties":{"type":"charge","layer":"passenger","locationId":"89344637","name":"EQUANS SGZH 2.0 89344637","address":"Park Vronesteyn 27","city":"Voorburg","operatorName":"EQUANS","maxPowerKw":11,"isMegawatt":false,"status":"CHARGING","source":"ndw"}},{"type":"Feature","geometry":{"type":"Point","coordinates":[4.358488,52.071744]},"properties":{"type":"charge","layer":"passenger","locationId":"89264242","name":"EQUANS SGZH 1.0 89264242","address":"Aart van der Leeuwkade 1","city":"Voorburg","operatorName":"EQUANS","maxPowerKw":11,"isMegawatt":false,"status":"AVAILABLE","source":"ndw"}},{"type":"Feature","geometry":{"type":"Point","coordinates":[4.347394,52.075994]},"properties":{"type":"charge","layer":"passenger","locationId":"89264241","name":"EQUANS SGZH 1.0 89264241","address":"Van Faukenbergestraat 3B","city":"Voorburg","operatorName":"EQUANS","maxPowerKw":11,"isMegawatt":false,"status":"UNAVAILABLE","source":"ndw"}},{"type":"Feature","geometry":{"type":"Point","coordinates":[4.375066,52.086762]},"properties":{"type":"charge","layer":"passenger","locationId":"89261381","name":"EQUANS SGZH 1.0 89261381","address":"Distelweide 117a","city":"Voorburg","operatorName":"EQUANS","maxPowerKw":11,"isMegawatt":false,"status":"AVAILABLE","source":"ndw"}},{"type":"Feature","geometry":{"type":"Point","coordinates":[4.373477,52.088239]},"properties":{"type":"charge","layer":"passenger","locationId":"89264250","name":"EQUANS SGZH 2.0 89344613","address":"Kersengaarde 2","city":"Voorburg","operatorName":"EQUANS","maxPowerKw":11,"isMegawatt":false,"status":"AVAILABLE","source":"ndw"}},{"type":"Feature","geometry":{"type":"Point","coordinates":[4.347616,52.077591]},"properties":{"type":"charge","layer":"passenger","locationId":"89344674","name":"EQUANS SGZH 2.0 89344674","address":"Laan van Nieuw Oosteinde 249","city":"Voorburg","operatorName":"EQUANS","maxPowerKw":11,"isMegawatt":false,"status":"AVAILABLE","source":"ndw"}},{"type":"Feature","geometry":{"type":"Point","coordinates":[4.391573,52.081906]},"properties":{"type":"charge","layer":"passenger","locationId":"89954577","name":"EQUANS SGZH 2.0 89954577","address":"Voorburgseweg 33","city":"Leidschendam","operatorName":"EQUANS","maxPowerKw":11,"isMegawatt":false,"status":"AVAILABLE","source":"ndw"}},{"type":"Feature","geometry":{"type":"Point","coordinates":[4.403656,52.094247]},"properties":{"type":"charge","layer":"passenger","locationId":"90300344","name":"EQUANS SGZH 2.0 Kapelland 126","address":"Kapelland 126","city":"Leidschendam","operatorName":"EQUANS","maxPowerKw":11,"isMegawatt":false,"status":"AVAILABLE","source":"ndw"}},{"type":"Feature","geometry":{"type":"Point","coordinates":[4.36457,52.07822]},"properties":{"type":"charge","layer":"passenger","locationId":"90104725","name":"EQUANS SGZH 1.0 Prinses Irenelaan 22","address":"Prinses Irenelaan 22","city":"Voorburg","operatorName":"EQUANS","maxPowerKw":11,"isMegawatt":false,"status":"AVAILABLE","source":"ndw"}},{"type":"Feature","geometry":{"type":"Point","coordinates":[4.374307,52.083797]},"properties":{"type":"charge","layer":"passenger","locationId":"89264248","name":"EQUANS SGZH 1.0 89264248","address":"Klaverweide 11","city":"Voorburg","operatorName":"EQUANS","maxPowerKw":11,"isMegawatt":false,"status":"UNAVAILABLE","source":"ndw"}},{"type":"Feature","geometry":{"type":"Point","coordinates":[4.395942,52.080449]},"properties":{"type":"charge","layer":"passenger","locationId":"89060996","name":"EQUANS SGZH 1.0 89060996","address":"Van Ravesteijnkade 29","city":"Leidschendam","operatorName":"EQUANS","maxPowerKw":22,"isMegawatt":false,"status":"AVAILABLE","source":"ndw"}},{"type":"Feature","geometry":{"type":"Point","coordinates":[4.385348,52.079782]},"properties":{"type":"charge","layer":"passenger","locationId":"90095192","name":"EQUANS SGZH 2.0 Laan van Dobbe tot Zegge 121","address":"Laan van Dobbe tot Zegge 121","city":"Voorburg","operatorName":"EQUANS","maxPowerKw":11,"isMegawatt":false,"status":"AVAILABLE","source":"ndw"}},{"type":"Feature","geometry":{"type":"Point","coordinates":[4.347259,52.071759]},"properties":{"type":"charge","layer":"passenger","locationId":"89264259","name":"EQUANS SGZH 1.0 89264259","address":"Van Zegwaardstraat 230","city":"Voorburg","operatorName":"EQUANS","maxPowerKw":11,"isMegawatt":false,"status":"AVAILABLE","source":"ndw"}},{"type":"Feature","geometry":{"type":"Point","coordinates":[4.396972,52.076767]},"properties":{"type":"charge","layer":"passenger","locationId":"89462833","name":"EQUANS SGZH 2.0 89462833","address":"de Oude Bleijk 211","city":"Leidschendam","operatorName":"EQUANS","maxPowerKw":11,"isMegawatt":false,"status":"AVAILABLE","source":"ndw"}},{"type":"Feature","geometry":{"type":"Point","coordinates":[4.360762,52.07646]},"properties":{"type":"charge","layer":"passenger","locationId":"89354073","name":"EQUANS SGZH 2.0 89354073","address":"Spinozalaan 2","city":"Voorburg","operatorName":"EQUANS","maxPowerKw":11,"isMegawatt":false,"status":"AVAILABLE","source":"ndw"}},{"type":"Feature","geometry":{"type":"Point","coordinates":[4.399321,52.083712]},"properties":{"type":"charge","layer":"passenger","locationId":"89126211","name":"EQUANS SGZH 1.0 89126211","address":"Zaagmolenstraat 96","city":"Leidschendam","operatorName":"EQUANS","maxPowerKw":17,"isMegawatt":false,"status":"AVAILABLE","source":"ndw"}},{"type":"Feature","geometry":{"type":"Point","coordinates":[4.397701,52.092041]},"properties":{"type":"charge","layer":"passenger","locationId":"89354081","name":"EQUANS SGZH 2.0 89354081","address":"Kooiland 80","city":"Leidschendam","operatorName":"EQUANS","maxPowerKw":11,"isMegawatt":false,"status":"AVAILABLE","source":"ndw"}},{"type":"Feature","geometry":{"type":"Point","coordinates":[4.345809,52.074533]},"properties":{"type":"charge","layer":"passenger","locationId":"89615436","name":"EQUANS SGZH 2.0 89615436","address":"van Arembergelaan 4","city":"Voorburg","operatorName":"EQUANS","maxPowerKw":11,"isMegawatt":false,"status":"AVAILABLE","source":"ndw"}},{"type":"Feature","geometry":{"type":"Point","coordinates":[4.35787,52.06823]},"properties":{"type":"charge","layer":"passenger","locationId":"91233421","name":"EQUANS SGZH 2.0 Laan van Nieuw Oosteinde 1 C","address":"Laan van Nieuw Oosteinde 1 C","city":"Voorburg","operatorName":"EQUANS","maxPowerKw":11,"isMegawatt":false,"status":"AVAILABLE","source":"ndw"}},{"type":"Feature","geometry":{"type":"Point","coordinates":[4.37882,52.091272]},"properties":{"type":"charge","layer":"passenger","locationId":"90095921","name":"EQUANS SGZH 2.0 IJsvogellaan 165","address":"IJsvogellaan 165","city":"Leidschendam","operatorName":"EQUANS","maxPowerKw":22,"isMegawatt":false,"status":"CHARGING","source":"ndw"}},{"type":"Feature","geometry":{"type":"Point","coordinates":[4.388311,52.081291]},"properties":{"type":"charge","layer":"passenger","locationId":"89963086","name":"EQUANS SGZH 2.0 89963086","address":"Looierslaan 3","city":"Leidschendam","operatorName":"EQUANS","maxPowerKw":11,"isMegawatt":false,"status":"CHARGING","source":"ndw"}},{"type":"Feature","geometry":{"type":"Point","coordinates":[4.370296,52.086926]},"properties":{"type":"charge","layer":"passenger","locationId":"89261375","name":"EQUANS SGZH 1.0 89261375","address":"Populierendreef 308","city":"Voorburg","operatorName":"EQUANS","maxPowerKw":11,"isMegawatt":false,"status":"AVAILABLE","source":"ndw"}},{"type":"Feature","geometry":{"type":"Point","coordinates":[4.358991,52.080455]},"properties":{"type":"charge","layer":"passenger","locationId":"89261398","name":"EQUANS SGZH 1.0 89261398","address":"Prinses Beatrixlaan 288","city":"Voorburg","operatorName":"EQUANS","maxPowerKw":11,"isMegawatt":false,"status":"AVAILABLE","source":"ndw"}},{"type":"Feature","geometry":{"type":"Point","coordinates":[4.41143,52.105885]},"properties":{"type":"charge","layer":"passenger","locationId":"67b7112350dbede8d7d8294e","name":"Camping Noorthey","address":"Noortheylaan  27a","city":"Leidschendam","operatorName":"E-Flux by Road","maxPowerKw":22,"isMegawatt":false,"status":"CHARGING","source":"ndw","priceKwh":0.38}},{"type":"Feature","geometry":{"type":"Point","coordinates":[4.360192,52.074409]},"properties":{"type":"charge","layer":"passenger","locationId":"89261409","name":"EQUANS SGZH 1.0 89261409","address":"Prins Bernhardlaan 167-171 Parking","city":"Voorburg","operatorName":"EQUANS","maxPowerKw":11,"isMegawatt":false,"status":"AVAILABLE","source":"ndw"}},{"type":"Feature","geometry":{"type":"Point","coordinates":[4.359582,52.081413]},"properties":{"type":"charge","layer":"passenger","locationId":"89228355","name":"EQUANS SGZH 2.0 89228355","address":"Willem de Nobelaerlaan 86","city":"Voorburg","operatorName":"EQUANS","maxPowerKw":11,"isMegawatt":false,"status":"AVAILABLE","source":"ndw"}},{"type":"Feature","geometry":{"type":"Point","coordinates":[4.346622,52.072814]},"properties":{"type":"charge","layer":"passenger","locationId":"89261401","name":"EQUANS SGZH 1.0 89261401","address":"Koningin Wilhelminalaan 320","city":"Voorburg","operatorName":"EQUANS","maxPowerKw":11,"isMegawatt":false,"status":"CHARGING","source":"ndw"}},{"type":"Feature","geometry":{"type":"Point","coordinates":[4.404091,52.089438]},"properties":{"type":"charge","layer":"passenger","locationId":"89261333","name":"EQUANS SGZH 1.0 89261333","address":"Oude Trambaan 27","city":"Leidschendam","operatorName":"EQUANS","maxPowerKw":11,"isMegawatt":false,"status":"AVAILABLE","source":"ndw"}},{"type":"Feature","geometry":{"type":"Point","coordinates":[4.375791,52.073041]},"properties":{"type":"charge","layer":"passenger","locationId":"89261359","name":"EQUANS SGZH 1.0 89261359","address":"Vlietwijck 117","city":"Voorburg","operatorName":"EQUANS","maxPowerKw":11,"isMegawatt":false,"status":"AVAILABLE","source":"ndw"}},{"type":"Feature","geometry":{"type":"Point","coordinates":[4.342484,52.077683]},"properties":{"type":"charge","layer":"passenger","locationId":"89261415","name":"EQUANS SGZH 1.0 89261415","address":"Van Alphenstraat 63","city":"Voorburg","operatorName":"EQUANS","maxPowerKw":11,"isMegawatt":false,"status":"AVAILABLE","source":"ndw"}},{"type":"Feature","geometry":{"type":"Point","coordinates":[4.390972,52.095444]},"properties":{"type":"charge","layer":"passenger","locationId":"89261303","name":"EQUANS SGZH 1.0 89261303","address":"Grashof 6","city":"Leidschendam","operatorName":"EQUANS","maxPowerKw":11,"isMegawatt":false,"status":"AVAILABLE","source":"ndw"}},{"type":"Feature","geometry":{"type":"Point","coordinates":[4.385191,52.091309]},"properties":{"type":"charge","layer":"passenger","locationId":"89488027","name":"EQUANS SGZH 2.0 89488027","address":"Schout Van Eijklaan 15 A","city":"Leidschendam","operatorName":"EQUANS","maxPowerKw":11,"isMegawatt":false,"status":"CHARGING","source":"ndw"}},{"type":"Feature","geometry":{"type":"Point","coordinates":[4.347207,52.079642]},"properties":{"type":"charge","layer":"passenger","locationId":"89261392","name":"EQUANS SGZH 1.0 89261392","address":"Nicolas Beetslaan 34","city":"Voorburg","operatorName":"EQUANS","maxPowerKw":11,"isMegawatt":false,"status":"AVAILABLE","source":"ndw"}},{"type":"Feature","geometry":{"type":"Point","coordinates":[4.405328,52.082535]},"properties":{"type":"charge","layer":"passenger","locationId":"89261346","name":"EQUANS SGZH 1.0 89261346","address":"Het Hert 41","city":"Leidschendam","operatorName":"EQUANS","maxPowerKw":11,"isMegawatt":false,"status":"AVAILABLE","source":"ndw"}},{"type":"Feature","geometry":{"type":"Point","coordinates":[4.3549,52.06738]},"properties":{"type":"charge","layer":"passenger","locationId":"91448087","name":"EQUANS SGZH 2.0 Tuinluststraat 24","address":"Tuinluststraat 24","city":"Voorburg","operatorName":"EQUANS","maxPowerKw":11,"isMegawatt":false,"status":"CHARGING","source":"ndw"}},{"type":"Feature","geometry":{"type":"Point","coordinates":[4.345533,52.077407]},"properties":{"type":"charge","layer":"passenger","locationId":"89309292","name":"EQUANS SGZH 2.0 van de Wateringelaan 206","address":"van de Wateringelaan 206","city":"Voorburg","operatorName":"EQUANS","maxPowerKw":11,"isMegawatt":false,"status":"AVAILABLE","source":"ndw"}},{"type":"Feature","geometry":{"type":"Point","coordinates":[4.35837,52.08083]},"properties":{"type":"charge","layer":"passenger","locationId":"91321602","name":"EQUANS SGZH 2.0 Prinses Beatrixlaan 346","address":"Prinses Beatrixlaan 346","city":"Voorburg","operatorName":"EQUANS","maxPowerKw":11,"isMegawatt":false,"status":"AVAILABLE","source":"ndw"}},{"type":"Feature","geometry":{"type":"Point","coordinates":[4.399853,52.100975]},"properties":{"type":"charge","layer":"passenger","locationId":"89146522","name":"EQUANS SGZH 2.0 89146522","address":"De Haar 40","city":"Leidschendam","operatorName":"EQUANS","maxPowerKw":17,"isMegawatt":false,"status":"AVAILABLE","source":"ndw"}},{"type":"Feature","geometry":{"type":"Point","coordinates":[4.386298,52.096258]},"properties":{"type":"charge","layer":"passenger","locationId":"89264252","name":"EQUANS SGZH 1.0 89264252","address":"Putterlaan 1","city":"Leidschendam","operatorName":"EQUANS","maxPowerKw":11,"isMegawatt":false,"status":"AVAILABLE","source":"ndw"}},{"type":"Feature","geometry":{"type":"Point","coordinates":[4.395801,52.077258]},"properties":{"type":"charge","layer":"passenger","locationId":"90357651","name":"EQUANS SGZH 2.0 Nieuwstraat 22 de Schans","address":"Nieuwstraat 22 de Schans","city":"Leidschendam","operatorName":"EQUANS","maxPowerKw":11,"isMegawatt":false,"status":"CHARGING","source":"ndw"}},{"type":"Feature","geometry":{"type":"Point","coordinates":[4.393522,52.080361]},"properties":{"type":"charge","layer":"passenger","locationId":"89355427","name":"EQUANS SGZH 2.0 89355427","address":"Dokter Huijserstraat 18","city":"Leidschendam","operatorName":"EQUANS","maxPowerKw":11,"isMegawatt":false,"status":"CHARGING","source":"ndw"}},{"type":"Feature","geometry":{"type":"Point","coordinates":[4.396915,52.084115]},"properties":{"type":"charge","layer":"passenger","locationId":"89261338","name":"EQUANS SGZH 1.0 89261338","address":"Hoogheemraadplein 14","city":"Leidschendam","operatorName":"EQUANS","maxPowerKw":11,"isMegawatt":false,"status":"AVAILABLE","source":"ndw"}},{"type":"Feature","geometry":{"type":"Point","coordinates":[4.372332,52.073537]},"properties":{"type":"charge","layer":"passenger","locationId":"90466101","name":"EQUANS SGZH 2.0 Oranje Nassaustraat 34","address":"Oranje Nassaustraat 34","city":"Voorburg","operatorName":"EQUANS","maxPowerKw":11,"isMegawatt":false,"status":"AVAILABLE","source":"ndw"}},{"type":"Feature","geometry":{"type":"Point","coordinates":[4.356583,52.080096]},"properties":{"type":"charge","layer":"passenger","locationId":"89481115","name":"EQUANS SGZH 2.0 89481115","address":"Spinozalaan 181","city":"Voorburg","operatorName":"EQUANS","maxPowerKw":11,"isMegawatt":false,"status":"AVAILABLE","source":"ndw"}},{"type":"Feature","geometry":{"type":"Point","coordinates":[4.35392,52.06171]},"properties":{"type":"charge","layer":"passenger","locationId":"90888915","name":"EQUANS SGZH 2.0 Heeswijkstraat 1","address":"Heeswijkstraat 1","city":"Voorburg","operatorName":"EQUANS","maxPowerKw":11,"isMegawatt":false,"status":"CHARGING","source":"ndw"}},{"type":"Feature","geometry":{"type":"Point","coordinates":[4.348091,52.06357]},"properties":{"type":"charge","layer":"passenger","locationId":"89261434","name":"EQUANS SGZH 1.0 89261434","address":"Overburgkade 33","city":"Voorburg","operatorName":"EQUANS","maxPowerKw":11,"isMegawatt":false,"status":"AVAILABLE","source":"ndw"}},{"type":"Feature","geometry":{"type":"Point","coordinates":[4.362797,52.074862]},"properties":{"type":"charge","layer":"passenger","locationId":"89261387","name":"EQUANS SGZH 1.0 89261387","address":"Burgemeester Feithplein 2","city":"Voorburg","operatorName":"EQUANS","maxPowerKw":11,"isMegawatt":false,"status":"CHARGING","source":"ndw"}},{"type":"Feature","geometry":{"type":"Point","coordinates":[4.385842,52.089355]},"properties":{"type":"charge","layer":"passenger","locationId":"34D8CB56-C80F-4EAB-8468-1F0E1AEF78CB","name":"Eneco eMobility Westfield Mall of the Netherlands - Liguster P4","address":"Liguster 202 - P4","city":"Leidschendam","operatorName":"Eneco","maxPowerKw":11,"isMegawatt":false,"status":"UNAVAILABLE","source":"ndw","priceKwh":0.54}},{"type":"Feature","geometry":{"type":"Point","coordinates":[4.399538,52.102497]},"properties":{"type":"charge","layer":"passenger","locationId":"90095925","name":"EQUANS SGZH 2.0 Wildenborch 99","address":"Wildenborch 99","city":"Leidschendam","operatorName":"EQUANS","maxPowerKw":11,"isMegawatt":false,"status":"AVAILABLE","source":"ndw"}},{"type":"Feature","geometry":{"type":"Point","coordinates":[4.367759,52.072263]},"properties":{"type":"charge","layer":"passenger","locationId":"89981272","name":"EQUANS SGZH 2.0 Parkweg 169","address":"Parkweg 169","city":"Voorburg","operatorName":"EQUANS","maxPowerKw":11,"isMegawatt":false,"status":"AVAILABLE","source":"ndw"}},{"type":"Feature","geometry":{"type":"Point","coordinates":[4.403987,52.095448]},"properties":{"type":"charge","layer":"passenger","locationId":"2656062","name":"Laadnet Fugro Vastgoed - Leidschendam","address":"Veurse Achterweg 10","city":"Leidschendam","operatorName":"Laadnet","maxPowerKw":22,"isMegawatt":false,"status":"AVAILABLE","source":"ndw"}},{"type":"Feature","geometry":{"type":"Point","coordinates":[4.350506,52.081337]},"properties":{"type":"charge","layer":"passenger","locationId":"91193218","name":"EQUANS SGZH 1.0 Herman Heijermanshof 192","address":"Herman Heijermanshof 192","city":"Voorburg","operatorName":"EQUANS","maxPowerKw":11,"isMegawatt":false,"status":"CHARGING","source":"ndw"}},{"type":"Feature","geometry":{"type":"Point","coordinates":[4.403603,52.078194]},"properties":{"type":"charge","layer":"passenger","locationId":"89261343","name":"EQUANS SGZH 1.0 89261343","address":"Venestraat 182","city":"Leidschendam","operatorName":"EQUANS","maxPowerKw":11,"isMegawatt":false,"status":"AVAILABLE","source":"ndw"}},{"type":"Feature","geometry":{"type":"Point","coordinates":[4.341122,52.074495]},"properties":{"type":"charge","layer":"passenger","locationId":"90172024","name":"EQUANS SGZH 2.0 Hoekwaterstraat 44","address":"Hoekwaterstraat 44","city":"Voorburg","operatorName":"EQUANS","maxPowerKw":11,"isMegawatt":false,"status":"AVAILABLE","source":"ndw"}},{"type":"Feature","geometry":{"type":"Point","coordinates":[4.467798,52.094408]},"properties":{"type":"charge","layer":"passenger","locationId":"90099088","name":"EQUANS SGZH 2.0 Dotterbloem 2","address":"Dotterbloem 2","city":"Leidschendam","operatorName":"EQUANS","maxPowerKw":11,"isMegawatt":false,"status":"AVAILABLE","source":"ndw"}},{"type":"Feature","geometry":{"type":"Point","coordinates":[4.39215,52.07991]},"properties":{"type":"charge","layer":"passenger","locationId":"91172031","name":"EQUANS SGZH 2.0 Locatie laadpaal Dokter Huijserstraat 130","address":"Locatie laadpaal Dokter Huijserstraat 130","city":"Leidschendam","operatorName":"EQUANS","maxPowerKw":11,"isMegawatt":false,"status":"CHARGING","source":"ndw"}},{"type":"Feature","geometry":{"type":"Point","coordinates":[4.354563,52.070706]},"properties":{"type":"charge","layer":"passenger","locationId":"89261410","name":"EQUANS SGZH 1.0 89261410","address":"Van Pabstlaan 3","city":"Voorburg","operatorName":"EQUANS","maxPowerKw":11,"isMegawatt":false,"status":"CHARGING","source":"ndw"}},{"type":"Feature","geometry":{"type":"Point","coordinates":[4.364525,52.084164]},"properties":{"type":"charge","layer":"passenger","locationId":"89927708","name":"EQUANS SGZH 2.0 89927708","address":"Wilgendreef 253","city":"Voorburg","operatorName":"EQUANS","maxPowerKw":11,"isMegawatt":false,"status":"AVAILABLE","source":"ndw"}},{"type":"Feature","geometry":{"type":"Point","coordinates":[4.37565,52.08415]},"properties":{"type":"charge","layer":"passenger","locationId":"90883030","name":"EQUANS SGZH 2.0 Klaverweide 59","address":"Klaverweide 59","city":"Voorburg","operatorName":"EQUANS","maxPowerKw":11,"isMegawatt":false,"status":"AVAILABLE","source":"ndw"}},{"type":"Feature","geometry":{"type":"Point","coordinates":[4.39466,52.0916]},"properties":{"type":"charge","layer":"passenger","locationId":"91364198","name":"EQUANS SGZH 2.0 van Ruysdaellaan 110","address":"van Ruysdaellaan 110","city":"Leidschendam","operatorName":"EQUANS","maxPowerKw":11,"isMegawatt":false,"status":"AVAILABLE","source":"ndw"}},{"type":"Feature","geometry":{"type":"Point","coordinates":[4.387907,52.09695]},"properties":{"type":"charge","layer":"passenger","locationId":"89355431","name":"EQUANS SGZH 2.0 89355431","address":"Fazantlaan 22","city":"Leidschendam","operatorName":"EQUANS","maxPowerKw":11,"isMegawatt":false,"status":"AVAILABLE","source":"ndw"}},{"type":"Feature","geometry":{"type":"Point","coordinates":[4.393184,52.087512]},"properties":{"type":"charge","layer":"passenger","locationId":"90885213","name":"EQUANS SGZH 2.0 Mariënpark 10","address":"Mariënpark 10","city":"Leidschendam","operatorName":"EQUANS","maxPowerKw":11,"isMegawatt":false,"status":"AVAILABLE","source":"ndw"}},{"type":"Feature","geometry":{"type":"Point","coordinates":[4.38371,52.085055]},"properties":{"type":"charge","layer":"passenger","locationId":"89261328","name":"EQUANS SGZH 1.0 89261328","address":"Van Ruysdaellaan 3A","city":"Leidschendam","operatorName":"EQUANS","maxPowerKw":11,"isMegawatt":false,"status":"AVAILABLE","source":"ndw"}},{"type":"Feature","geometry":{"type":"Point","coordinates":[4.444429,52.094484]},"properties":{"type":"charge","layer":"passenger","locationId":"63ce6addadea300012550bb0","name":"Rick Boheemen 's station","address":"Stompwijkseweg 57","city":"Leidschendam","operatorName":"E-Flux by Road","maxPowerKw":22,"isMegawatt":false,"status":"AVAILABLE","source":"ndw","priceKwh":0.58}},{"type":"Feature","geometry":{"type":"Point","coordinates":[4.394356,52.085019]},"properties":{"type":"charge","layer":"passenger","locationId":"679a08dfa421e787324dae2b","name":"Parkeerplaats GLV openbaar laadpaal 1","address":"koningin Wilhelminalaan 2","city":"Leidschendam","operatorName":"E-Flux by Road","maxPowerKw":6,"isMegawatt":false,"status":"AVAILABLE","source":"ndw","priceKwh":0.45}},{"type":"Feature","geometry":{"type":"Point","coordinates":[4.376415,52.084963]},"properties":{"type":"charge","layer":"passenger","locationId":"89488028","name":"EQUANS SGZH 2.0 89954682","address":"Klaverweide 147","city":"Voorburg","operatorName":"EQUANS","maxPowerKw":11,"isMegawatt":false,"status":"AVAILABLE","source":"ndw"}},{"type":"Feature","geometry":{"type":"Point","coordinates":[4.376887,52.086601]},"properties":{"type":"charge","layer":"passenger","locationId":"89261380","name":"EQUANS SGZH 1.0 89261380","address":"Via Cimarosa 39","city":"Voorburg","operatorName":"EQUANS","maxPowerKw":11,"isMegawatt":false,"status":"AVAILABLE","source":"ndw"}},{"type":"Feature","geometry":{"type":"Point","coordinates":[4.352224,52.076857]},"properties":{"type":"charge","layer":"passenger","locationId":"89099780","name":"EQUANS SGZH 2.0 89099780","address":"Lydie Platestraat 3","city":"Voorburg","operatorName":"EQUANS","maxPowerKw":11,"isMegawatt":false,"status":"UNAVAILABLE","source":"ndw"}},{"type":"Feature","geometry":{"type":"Point","coordinates":[4.389747,52.075128]},"properties":{"type":"charge","layer":"passenger","locationId":"89261344","name":"EQUANS SGZH 1.0 89261344","address":"Cortenaerstraat 13","city":"Leidschendam","operatorName":"EQUANS","maxPowerKw":11,"isMegawatt":false,"status":"CHARGING","source":"ndw"}},{"type":"Feature","geometry":{"type":"Point","coordinates":[4.392998,52.091726]},"properties":{"type":"charge","layer":"passenger","locationId":"89261306","name":"EQUANS SGZH 1.0 89261306","address":"Burgemeester van Duyvendijklaan 7","city":"Leidschendam","operatorName":"EQUANS","maxPowerKw":11,"isMegawatt":false,"status":"AVAILABLE","source":"ndw"}},{"type":"Feature","geometry":{"type":"Point","coordinates":[4.352196,52.071488]},"properties":{"type":"charge","layer":"passenger","locationId":"89264258","name":"EQUANS SGZH 1.0 89264258","address":"Van Halewijnplein 6","city":"Voorburg","operatorName":"EQUANS","maxPowerKw":11,"isMegawatt":false,"status":"UNAVAILABLE","source":"ndw"}},{"type":"Feature","geometry":{"type":"Point","coordinates":[4.372111,52.090164]},"properties":{"type":"charge","layer":"passenger","locationId":"89261378","name":"EQUANS SGZH 1.0 89261378","address":"Appelgaarde 251","city":"Voorburg","operatorName":"EQUANS","maxPowerKw":11,"isMegawatt":false,"status":"AVAILABLE","source":"ndw"}},{"type":"Feature","geometry":{"type":"Point","coordinates":[4.354447,52.069386]},"properties":{"type":"charge","layer":"passenger","locationId":"89261399","name":"EQUANS SGZH 1.0 89261399","address":"koningin wilhelminalaan 51","city":"voorburg","operatorName":"EQUANS","maxPowerKw":11,"isMegawatt":false,"status":"AVAILABLE","source":"ndw"}},{"type":"Feature","geometry":{"type":"Point","coordinates":[4.34292,52.07578]},"properties":{"type":"charge","layer":"passenger","locationId":"91364194","name":"EQUANS SGZH 2.0 Koningin Wilhelminalaan 522","address":"Koningin Wilhelminalaan 522","city":"Voorburg","operatorName":"EQUANS","maxPowerKw":11,"isMegawatt":false,"status":"AVAILABLE","source":"ndw"}},{"type":"Feature","geometry":{"type":"Point","coordinates":[4.348857,52.07269]},"properties":{"type":"charge","layer":"passenger","locationId":"89094421","name":"EQUANS SGZH 1.0 89094421","address":"van Montfoortstraat - van Halewijnlaan 148","city":"Voorburg","operatorName":"EQUANS","maxPowerKw":11,"isMegawatt":false,"status":"CHARGING","source":"ndw"}},{"type":"Feature","geometry":{"type":"Point","coordinates":[4.396404,52.077135]},"properties":{"type":"charge","layer":"passenger","locationId":"89261341","name":"EQUANS SGZH 1.0 89261341","address":"De Oude Bleijk 128","city":"Leidschendam","operatorName":"EQUANS","maxPowerKw":11,"isMegawatt":false,"status":"AVAILABLE","source":"ndw"}},{"type":"Feature","geometry":{"type":"Point","coordinates":[4.392561,52.079867]},"properties":{"type":"charge","layer":"passenger","locationId":"89082483","name":"EQUANS SGZH 1.0 89082483","address":"Dokter Huijserstraat 102","city":"Leidschendam","operatorName":"EQUANS","maxPowerKw":11,"isMegawatt":false,"status":"CHARGING","source":"ndw"}},{"type":"Feature","geometry":{"type":"Point","coordinates":[4.345142,52.060558]},"properties":{"type":"charge","layer":"passenger","locationId":"89261428","name":"EQUANS SGZH 1.0 89261428","address":"Prinses Mariannelaan 278","city":"Voorburg","operatorName":"EQUANS","maxPowerKw":11,"isMegawatt":false,"status":"AVAILABLE","source":"ndw"}},{"type":"Feature","geometry":{"type":"Point","coordinates":[4.370176,52.083878]},"properties":{"type":"charge","layer":"passenger","locationId":"89261373","name":"EQUANS SGZH 1.0 89261373","address":"Tulpentuin 343","city":"Voorburg","operatorName":"EQUANS","maxPowerKw":11,"isMegawatt":false,"status":"AVAILABLE","source":"ndw"}},{"type":"Feature","geometry":{"type":"Point","coordinates":[4.390399,52.075332]},"properties":{"type":"charge","layer":"passenger","locationId":"89264260","name":"EQUANS SGZH 1.0 89264260","address":"De Ruyterstraat 25","city":"Leidschendam","operatorName":"EQUANS","maxPowerKw":11,"isMegawatt":false,"status":"UNAVAILABLE","source":"ndw"}},{"type":"Feature","geometry":{"type":"Point","coordinates":[4.377289,52.080114]},"properties":{"type":"charge","layer":"passenger","locationId":"89099778","name":"EQUANS SGZH 1.0 89099778","address":"Okerhof 69","city":"Voorburg","operatorName":"EQUANS","maxPowerKw":11,"isMegawatt":false,"status":"AVAILABLE","source":"ndw"}},{"type":"Feature","geometry":{"type":"Point","coordinates":[4.407171,52.098411]},"properties":{"type":"charge","layer":"passenger","locationId":"90096521","name":"EQUANS SGZH 2.0 Johanna van Polanenlaan 68","address":"Johanna van Polanenlaan 68","city":"Leidschendam","operatorName":"EQUANS","maxPowerKw":11,"isMegawatt":false,"status":"AVAILABLE","source":"ndw"}},{"type":"Feature","geometry":{"type":"Point","coordinates":[4.342619,52.07451]},"properties":{"type":"charge","layer":"passenger","locationId":"89261419","name":"EQUANS SGZH 1.0 89261419","address":"Von geusaustraat 68","city":"Voorburg","operatorName":"EQUANS","maxPowerKw":11,"isMegawatt":false,"status":"CHARGING","source":"ndw"}},{"type":"Feature","geometry":{"type":"Point","coordinates":[4.355601,52.07185]},"properties":{"type":"charge","layer":"passenger","locationId":"89261404","name":"EQUANS SGZH 1.0 89261404","address":"Park de Werve 36","city":"Voorburg","operatorName":"EQUANS","maxPowerKw":11,"isMegawatt":false,"status":"AVAILABLE","source":"ndw"}},{"type":"Feature","geometry":{"type":"Point","coordinates":[4.379371,52.078582]},"properties":{"type":"charge","layer":"passenger","locationId":"89261376","name":"EQUANS SGZH 1.0 89261376","address":"Okerhof 7","city":"Voorburg","operatorName":"EQUANS","maxPowerKw":11,"isMegawatt":false,"status":"AVAILABLE","source":"ndw"}},{"type":"Feature","geometry":{"type":"Point","coordinates":[4.384496,52.080306]},"properties":{"type":"charge","layer":"passenger","locationId":"89261382","name":"EQUANS SGZH 1.0 89261382","address":"Hoefslag 16","city":"Voorburg","operatorName":"EQUANS","maxPowerKw":11,"isMegawatt":false,"status":"AVAILABLE","source":"ndw"}},{"type":"Feature","geometry":{"type":"Point","coordinates":[4.345055,52.0785]},"properties":{"type":"charge","layer":"passenger","locationId":"89261403","name":"EQUANS SGZH 1.0 89261403","address":"Van de Wateringelaan 219","city":"Voorburg","operatorName":"EQUANS","maxPowerKw":11,"isMegawatt":false,"status":"AVAILABLE","source":"ndw"}},{"type":"Feature","geometry":{"type":"Point","coordinates":[4.391409,52.08352]},"properties":{"type":"charge","layer":"passenger","locationId":"89086950","name":"EQUANS SGZH 1.0 89086950","address":"Hannie Schaftstraat - Frits Slompstraat 51","city":"Leidschendam","operatorName":"EQUANS","maxPowerKw":22,"isMegawatt":false,"status":"AVAILABLE","source":"ndw"}},{"type":"Feature","geometry":{"type":"Point","coordinates":[4.35289,52.070032]},"properties":{"type":"charge","layer":"passenger","locationId":"89981274","name":"EQUANS SGZH 2.0 Koningin Wilhelminalaan 92","address":"Koningin Wilhelminalaan 92","city":"Voorburg","operatorName":"EQUANS","maxPowerKw":11,"isMegawatt":false,"status":"CHARGING","source":"ndw"}},{"type":"Feature","geometry":{"type":"Point","coordinates":[4.344886,52.059513]},"properties":{"type":"charge","layer":"passenger","locationId":"89261432","name":"EQUANS SGZH 1.0 89261432","address":"Hoekweg 1","city":"Voorburg","operatorName":"EQUANS","maxPowerKw":11,"isMegawatt":false,"status":"AVAILABLE","source":"ndw"}},{"type":"Feature","geometry":{"type":"Point","coordinates":[4.385284,52.083914]},"properties":{"type":"charge","layer":"passenger","locationId":"89344635","name":"EQUANS SGZH 2.0 89344635","address":"Looierslaan 129","city":"Voorburg","operatorName":"EQUANS","maxPowerKw":11,"isMegawatt":false,"status":"CHARGING","source":"ndw"}},{"type":"Feature","geometry":{"type":"Point","coordinates":[4.39273,52.084655]},"properties":{"type":"charge","layer":"passenger","locationId":"89344668","name":"EQUANS SGZH 2.0 89344668","address":"J.S. Bachlaan 157","city":"Leidschendam","operatorName":"EQUANS","maxPowerKw":11,"isMegawatt":false,"status":"CHARGING","source":"ndw"}},{"type":"Feature","geometry":{"type":"Point","coordinates":[4.354086,52.073061]},"properties":{"type":"charge","layer":"passenger","locationId":"90096518","name":"EQUANS SGZH 2.0 Goeverneurkade 14","address":"Goeverneurkade 14","city":"Voorburg","operatorName":"EQUANS","maxPowerKw":11,"isMegawatt":false,"status":"AVAILABLE","source":"ndw"}},{"type":"Feature","geometry":{"type":"Point","coordinates":[4.388304,52.074415]},"properties":{"type":"charge","layer":"passenger","locationId":"89087067","name":"EQUANS SGZH 1.0 89087067","address":"Broekweg 95","city":"Leidschendam","operatorName":"EQUANS","maxPowerKw":22,"isMegawatt":false,"status":"AVAILABLE","source":"ndw"}},{"type":"Feature","geometry":{"type":"Point","coordinates":[4.400161,52.08838]},"properties":{"type":"charge","layer":"passenger","locationId":"89261318","name":"EQUANS SGZH 1.0 89261318","address":"Veursestraatweg 3E","city":"Leidschendam","operatorName":"EQUANS","maxPowerKw":11,"isMegawatt":false,"status":"AVAILABLE","source":"ndw"}},{"type":"Feature","geometry":{"type":"Point","coordinates":[4.391531,52.097876]},"properties":{"type":"charge","layer":"passenger","locationId":"89261297","name":"EQUANS SGZH 1.0 89261297","address":"Roerdomplaan 33","city":"Leidschendam","operatorName":"EQUANS","maxPowerKw":11,"isMegawatt":false,"status":"AVAILABLE","source":"ndw"}},{"type":"Feature","geometry":{"type":"Point","coordinates":[4.359142,52.074515]},"properties":{"type":"charge","layer":"passenger","locationId":"89099781","name":"EQUANS SGZH 1.0 89099781","address":"Guido Gezellestraat 120","city":"Voorburg","operatorName":"EQUANS","maxPowerKw":11,"isMegawatt":false,"status":"AVAILABLE","source":"ndw"}},{"type":"Feature","geometry":{"type":"Point","coordinates":[4.360968,52.06658]},"properties":{"type":"charge","layer":"passenger","locationId":"89261351","name":"EQUANS SGZH 1.0 89261351","address":"Zwartelaan 20","city":"Voorburg","operatorName":"EQUANS","maxPowerKw":11,"isMegawatt":false,"status":"CHARGING","source":"ndw"}},{"type":"Feature","geometry":{"type":"Point","coordinates":[4.35897,52.0723]},"properties":{"type":"charge","layer":"passenger","locationId":"91267824","name":"EQUANS SGZH 2.0 Carel Vosmaerstraat 98","address":"Carel Vosmaerstraat 98","city":"Voorburg","operatorName":"EQUANS","maxPowerKw":11,"isMegawatt":false,"status":"AVAILABLE","source":"ndw"}},{"type":"Feature","geometry":{"type":"Point","coordinates":[4.352717,52.074808]},"properties":{"type":"charge","layer":"passenger","locationId":"89469886","name":"EQUANS SGZH 2.0 89469886","address":"Goeverneurkade 136","city":"Voorburg","operatorName":"EQUANS","maxPowerKw":11,"isMegawatt":false,"status":"AVAILABLE","source":"ndw"}},{"type":"Feature","geometry":{"type":"Point","coordinates":[4.360972,52.071708]},"properties":{"type":"charge","layer":"passenger","locationId":"89264243","name":"EQUANS SGZH 1.0 89264243","address":"Cremerstraat 1","city":"Voorburg","operatorName":"EQUANS","maxPowerKw":11,"isMegawatt":false,"status":"AVAILABLE","source":"ndw"}},{"type":"Feature","geometry":{"type":"Point","coordinates":[4.390044,52.0911]},"properties":{"type":"charge","layer":"passenger","locationId":"89261300","name":"EQUANS SGZH 1.0 89261300","address":"Burgemeester Sweenslaan 6","city":"Leidschendam","operatorName":"EQUANS","maxPowerKw":11,"isMegawatt":false,"status":"AVAILABLE","source":"ndw"}},{"type":"Feature","geometry":{"type":"Point","coordinates":[4.371468,52.083161]},"properties":{"type":"charge","layer":"passenger","locationId":"90095920","name":"EQUANS SGZH 2.0 Tulpentuin 301 A","address":"Tulpentuin 301 A","city":"Voorburg","operatorName":"EQUANS","maxPowerKw":11,"isMegawatt":false,"status":"AVAILABLE","source":"ndw"}},{"type":"Feature","geometry":{"type":"Point","coordinates":[4.396725,52.090392]},"properties":{"type":"charge","layer":"passenger","locationId":"89942860","name":"EQUANS SGZH 2.0 Rozenlaan 2","address":"Rozenlaan 2","city":"Leidschendam","operatorName":"EQUANS","maxPowerKw":11,"isMegawatt":false,"status":"AVAILABLE","source":"ndw"}},{"type":"Feature","geometry":{"type":"Point","coordinates":[4.368859,52.07217]},"properties":{"type":"charge","layer":"passenger","locationId":"89261358","name":"EQUANS SGZH 1.0 89261358","address":"Prins Albertlaan 27","city":"Voorburg","operatorName":"EQUANS","maxPowerKw":11,"isMegawatt":false,"status":"AVAILABLE","source":"ndw"}},{"type":"Feature","geometry":{"type":"Point","coordinates":[4.360637,52.070286]},"properties":{"type":"charge","layer":"passenger","locationId":"89355430","name":"EQUANS SGZH 2.0 89355430","address":"Laan van Haagvliet 9","city":"Voorburg","operatorName":"EQUANS","maxPowerKw":11,"isMegawatt":false,"status":"CHARGING","source":"ndw"}},{"type":"Feature","geometry":{"type":"Point","coordinates":[4.400093,52.094802]},"properties":{"type":"charge","layer":"passenger","locationId":"89354077","name":"EQUANS SGZH 2.0 89354077","address":"Gravin Juliana van Stolberglaan 549","city":"Leidschendam","operatorName":"EQUANS","maxPowerKw":11,"isMegawatt":false,"status":"AVAILABLE","source":"ndw"}},{"type":"Feature","geometry":{"type":"Point","coordinates":[4.39233,52.09882]},"properties":{"type":"charge","layer":"passenger","locationId":"91387120","name":"EQUANS SGZH 2.0 Duivenvoorde 146","address":"Duivenvoorde 146","city":"Leidschendam","operatorName":"EQUANS","maxPowerKw":11,"isMegawatt":false,"status":"AVAILABLE","source":"ndw"}},{"type":"Feature","geometry":{"type":"Point","coordinates":[4.36247,52.078287]},"properties":{"type":"charge","layer":"passenger","locationId":"90260087","name":"EQUANS SGZH 2.0 Baron van Geltingenlaan 51","address":"Baron van Geltingenlaan 51","city":"Voorburg","operatorName":"EQUANS","maxPowerKw":11,"isMegawatt":false,"status":"AVAILABLE","source":"ndw"}},{"type":"Feature","geometry":{"type":"Point","coordinates":[4.394608,52.090024]},"properties":{"type":"charge","layer":"passenger","locationId":"89261330","name":"EQUANS SGZH 1.0 89261330","address":"Julius Röntgenlaan 20","city":"Leidschendam","operatorName":"EQUANS","maxPowerKw":11,"isMegawatt":false,"status":"AVAILABLE","source":"ndw"}},{"type":"Feature","geometry":{"type":"Point","coordinates":[4.356643,52.077316]},"properties":{"type":"charge","layer":"passenger","locationId":"89261390","name":"EQUANS SGZH 1.0 89261390","address":"Monseigneur van Steelaan 150","city":"Voorburg","operatorName":"EQUANS","maxPowerKw":11,"isMegawatt":false,"status":"AVAILABLE","source":"ndw"}},{"type":"Feature","geometry":{"type":"Point","coordinates":[4.365985,52.084844]},"properties":{"type":"charge","layer":"passenger","locationId":"91233417","name":"EQUANS SGZH 2.0 Elzendreef 196","address":"Elzendreef 196","city":"Voorburg","operatorName":"EQUANS","maxPowerKw":11,"isMegawatt":false,"status":"AVAILABLE","source":"ndw"}},{"type":"Feature","geometry":{"type":"Point","coordinates":[4.37033,52.0856]},"properties":{"type":"charge","layer":"passenger","locationId":"90961300","name":"EQUANS SGZH 2.0 Elzendreef 171","address":"Elzendreef 171","city":"Voorburg","operatorName":"EQUANS","maxPowerKw":11,"isMegawatt":false,"status":"AVAILABLE","source":"ndw"}},{"type":"Feature","geometry":{"type":"Point","coordinates":[4.36209,52.073165]},"properties":{"type":"charge","layer":"passenger","locationId":"89261365","name":"EQUANS SGZH 1.0 89261365","address":"Rozenboomlaan 1","city":"Voorburg","operatorName":"EQUANS","maxPowerKw":11,"isMegawatt":false,"status":"AVAILABLE","source":"ndw"}},{"type":"Feature","geometry":{"type":"Point","coordinates":[4.36604,52.068571]},"properties":{"type":"charge","layer":"passenger","locationId":"89828204","name":"EQUANS SGZH 2.0 89828204","address":"Herenstraat 18","city":"Voorburg","operatorName":"EQUANS","maxPowerKw":11,"isMegawatt":false,"status":"AVAILABLE","source":"ndw"}},{"type":"Feature","geometry":{"type":"Point","coordinates":[4.38006,52.07682]},"properties":{"type":"charge","layer":"passenger","locationId":"91490643","name":"EQUANS SGZH 2.0 Oosteinde 130","address":"Oosteinde 130","city":"Voorburg","operatorName":"EQUANS","maxPowerKw":11,"isMegawatt":false,"status":"AVAILABLE","source":"ndw"}},{"type":"Feature","geometry":{"type":"Point","coordinates":[4.41011,52.09423]},"properties":{"type":"charge","layer":"passenger","locationId":"91452141","name":"EQUANS SGZH 2.0 Weikamp 15","address":"Weikamp 15","city":"Leidschendam","operatorName":"EQUANS","maxPowerKw":11,"isMegawatt":false,"status":"AVAILABLE","source":"ndw"}},{"type":"Feature","geometry":{"type":"Point","coordinates":[4.370702,52.076198]},"properties":{"type":"charge","layer":"passenger","locationId":"90466097","name":"EQUANS SGZH 2.0 Loolaan 120","address":"Loolaan 120","city":"Voorburg","operatorName":"EQUANS","maxPowerKw":11,"isMegawatt":false,"status":"AVAILABLE","source":"ndw"}},{"type":"Feature","geometry":{"type":"Point","coordinates":[4.401913,52.085749]},"properties":{"type":"charge","layer":"passenger","locationId":"89261336","name":"EQUANS SGZH 1.0 89261336","address":"Landlustlaan 41","city":"Leidschendam","operatorName":"EQUANS","maxPowerKw":11,"isMegawatt":false,"status":"AVAILABLE","source":"ndw"}},{"type":"Feature","geometry":{"type":"Point","coordinates":[4.37883,52.079907]},"properties":{"type":"charge","layer":"passenger","locationId":"89264249","name":"EQUANS SGZH 1.0 89264249","address":"Rodelaan 69","city":"Voorburg","operatorName":"EQUANS","maxPowerKw":11,"isMegawatt":false,"status":"UNAVAILABLE","source":"ndw"}},{"type":"Feature","geometry":{"type":"Point","coordinates":[4.37712,52.07833]},"properties":{"type":"charge","layer":"passenger","locationId":"89153842","name":"EQUANS SGZH 2.0 89153842","address":"Laan van Leeuwesteyn 50","city":"Voorburg","operatorName":"EQUANS","maxPowerKw":17,"isMegawatt":false,"status":"AVAILABLE","source":"ndw"}},{"type":"Feature","geometry":{"type":"Point","coordinates":[4.399096,52.085982]},"properties":{"type":"charge","layer":"passenger","locationId":"89261337","name":"EQUANS SGZH 1.0 89261337","address":"Vinkenborghlaan 34","city":"Leidschendam","operatorName":"EQUANS","maxPowerKw":11,"isMegawatt":false,"status":"AVAILABLE","source":"ndw"}},{"type":"Feature","geometry":{"type":"Point","coordinates":[4.400957,52.090561]},"properties":{"type":"charge","layer":"passenger","locationId":"90830563","name":"EQUANS SGZH 2.0 Schadeken 156","address":"Schadeken 156","city":"Leidschendam","operatorName":"EQUANS","maxPowerKw":11,"isMegawatt":false,"status":"AVAILABLE","source":"ndw"}},{"type":"Feature","geometry":{"type":"Point","coordinates":[4.345576,52.073037]},"properties":{"type":"charge","layer":"passenger","locationId":"89344649","name":"EQUANS SGZH 2.0 89344649","address":"Van Zegwaardstraat 372","city":"Voorburg","operatorName":"EQUANS","maxPowerKw":11,"isMegawatt":false,"status":"AVAILABLE","source":"ndw"}},{"type":"Feature","geometry":{"type":"Point","coordinates":[4.402683,52.08055]},"properties":{"type":"charge","layer":"passenger","locationId":"90095168","name":"EQUANS SGZH 2.0 De Tol 205","address":"De Tol 205","city":"Leidschendam","operatorName":"EQUANS","maxPowerKw":11,"isMegawatt":false,"status":"AVAILABLE","source":"ndw"}},{"type":"Feature","geometry":{"type":"Point","coordinates":[4.385693,52.081353]},"properties":{"type":"charge","layer":"passenger","locationId":"89927709","name":"EQUANS SGZH 2.0 89927709","address":"Elsbergstraat 23","city":"Voorburg","operatorName":"EQUANS","maxPowerKw":11,"isMegawatt":false,"status":"CHARGING","source":"ndw"}},{"type":"Feature","geometry":{"type":"Point","coordinates":[4.376816,52.077766]},"properties":{"type":"charge","layer":"passenger","locationId":"89261363","name":"EQUANS SGZH 1.0 89261363","address":"Buitenrustplein 9","city":"Voorburg","operatorName":"EQUANS","maxPowerKw":11,"isMegawatt":false,"status":"CHARGING","source":"ndw"}},{"type":"Feature","geometry":{"type":"Point","coordinates":[4.400198,52.082111]},"properties":{"type":"charge","layer":"passenger","locationId":"89355437","name":"EQUANS SGZH 2.0 89355437","address":"Houtwerf 1","city":"Leidschendam","operatorName":"EQUANS","maxPowerKw":11,"isMegawatt":false,"status":"AVAILABLE","source":"ndw"}},{"type":"Feature","geometry":{"type":"Point","coordinates":[4.394731,52.093635]},"properties":{"type":"charge","layer":"passenger","locationId":"89828194","name":"EQUANS SGZH 2.0 89828194","address":"Fluitpolderplein 1 c","city":"Leidschendam","operatorName":"EQUANS","maxPowerKw":11,"isMegawatt":false,"status":"AVAILABLE","source":"ndw"}},{"type":"Feature","geometry":{"type":"Point","coordinates":[4.405144,52.098321]},"properties":{"type":"charge","layer":"passenger","locationId":"89355428","name":"EQUANS SGZH 2.0 89355428","address":"Gravin van Viandenlaan 24","city":"Leidschendam","operatorName":"EQUANS","maxPowerKw":11,"isMegawatt":false,"status":"AVAILABLE","source":"ndw"}},{"type":"Feature","geometry":{"type":"Point","coordinates":[4.398941,52.082613]},"properties":{"type":"charge","layer":"passenger","locationId":"90369527","name":"EQUANS SGZH 2.0 Zaagmolenstraat 1 B","address":"Zaagmolenstraat 1 B","city":"Leidschendam","operatorName":"EQUANS","maxPowerKw":11,"isMegawatt":false,"status":"AVAILABLE","source":"ndw"}},{"type":"Feature","geometry":{"type":"Point","coordinates":[4.37948,52.0906]},"properties":{"type":"charge","layer":"passenger","locationId":"91110639","name":"EQUANS SGZH 2.0 Ransuillaan 61","address":"Ransuillaan 61","city":"Leidschendam","operatorName":"EQUANS","maxPowerKw":11,"isMegawatt":false,"status":"CHARGING","source":"ndw"}},{"type":"Feature","geometry":{"type":"Point","coordinates":[4.343851,52.075306]},"properties":{"type":"charge","layer":"passenger","locationId":"89261418","name":"EQUANS SGZH 1.0 89261418","address":"Van wassenaerstraat 60","city":"Voorburg","operatorName":"EQUANS","maxPowerKw":11,"isMegawatt":false,"status":"CHARGING","source":"ndw"}},{"type":"Feature","geometry":{"type":"Point","coordinates":[4.385779,52.07819]},"properties":{"type":"charge","layer":"passenger","locationId":"89082482","name":"EQUANS SGZH 1.0 89082482","address":"Park Leeuwensteijn 8","city":"Voorburg","operatorName":"EQUANS","maxPowerKw":22,"isMegawatt":false,"status":"CHARGING","source":"ndw"}},{"type":"Feature","geometry":{"type":"Point","coordinates":[4.397481,52.082021]},"properties":{"type":"charge","layer":"passenger","locationId":"89264251","name":"EQUANS SGZH 1.0 89264251","address":"Strandwal 2","city":"Leidschendam","operatorName":"EQUANS","maxPowerKw":22,"isMegawatt":false,"status":"CHARGING","source":"ndw"}},{"type":"Feature","geometry":{"type":"Point","coordinates":[4.40297,52.099875]},"properties":{"type":"charge","layer":"passenger","locationId":"89344676","name":"EQUANS SGZH 2.0 89344676","address":"Gravin Catharinalaan 26","city":"Leidschendam","operatorName":"EQUANS","maxPowerKw":11,"isMegawatt":false,"status":"AVAILABLE","source":"ndw"}},{"type":"Feature","geometry":{"type":"Point","coordinates":[4.36125,52.07345]},"properties":{"type":"charge","layer":"passenger","locationId":"91379298","name":"EQUANS SGZH 2.0 Rozenboomlaan 129","address":"Rozenboomlaan 129","city":"Voorburg","operatorName":"EQUANS","maxPowerKw":11,"isMegawatt":false,"status":"AVAILABLE","source":"ndw"}},{"type":"Feature","geometry":{"type":"Point","coordinates":[4.358322,52.070122]},"properties":{"type":"charge","layer":"passenger","locationId":"89261408","name":"EQUANS SGZH 1.0 89261408","address":"Broekslootkade 13","city":"Voorburg","operatorName":"EQUANS","maxPowerKw":11,"isMegawatt":false,"status":"CHARGING","source":"ndw"}},{"type":"Feature","geometry":{"type":"Point","coordinates":[4.354527,52.077288]},"properties":{"type":"charge","layer":"passenger","locationId":"89094282","name":"EQUANS SGZH 1.0 89094282","address":"Koningin Julianalaan 179","city":"Voorburg","operatorName":"EQUANS","maxPowerKw":22,"isMegawatt":false,"status":"AVAILABLE","source":"ndw"}},{"type":"Feature","geometry":{"type":"Point","coordinates":[4.387901,52.078771]},"properties":{"type":"charge","layer":"passenger","locationId":"89261386","name":"EQUANS SGZH 1.0 89261386","address":"Johan David Zocherstraat 124","city":"Voorburg","operatorName":"EQUANS","maxPowerKw":11,"isMegawatt":false,"status":"CHARGING","source":"ndw"}},{"type":"Feature","geometry":{"type":"Point","coordinates":[4.397272,52.094192]},"properties":{"type":"charge","layer":"passenger","locationId":"90300346","name":"EQUANS SGZH 2.0 Prinses Annalaan 285","address":"Prinses Annalaan 285","city":"Leidschendam","operatorName":"EQUANS","maxPowerKw":11,"isMegawatt":false,"status":"AVAILABLE","source":"ndw"}},{"type":"Feature","geometry":{"type":"Point","coordinates":[4.358182,52.066238]},"properties":{"type":"charge","layer":"passenger","locationId":"NLENV550","name":"Voorburg, Stationsplein 6","address":"Stationsplein 6","city":"Voorburg","operatorName":"","maxPowerKw":11,"isMegawatt":false,"status":"AVAILABLE","source":"ndw","priceKwh":0.5}},{"type":"Feature","geometry":{"type":"Point","coordinates":[4.369697,52.074805]},"properties":{"type":"charge","layer":"passenger","locationId":"89892670","name":"EQUANS SGZH 2.0 89892670","address":"Van Deventerlaan 32","city":"Voorburg","operatorName":"EQUANS","maxPowerKw":11,"isMegawatt":false,"status":"CHARGING","source":"ndw"}},{"type":"Feature","geometry":{"type":"Point","coordinates":[4.405727,52.09141]},"properties":{"type":"charge","layer":"passenger","locationId":"89344678","name":"EQUANS SGZH 2.0 89344678","address":"Herberg 39","city":"Leidschendam","operatorName":"EQUANS","maxPowerKw":11,"isMegawatt":false,"status":"AVAILABLE","source":"ndw"}},{"type":"Feature","geometry":{"type":"Point","coordinates":[4.354337,52.067183]},"properties":{"type":"charge","layer":"passenger","locationId":"89481114","name":"EQUANS SGZH 2.0 89481114","address":"Overburgkade 105","city":"Voorburg","operatorName":"EQUANS","maxPowerKw":11,"isMegawatt":false,"status":"AVAILABLE","source":"ndw"}},{"type":"Feature","geometry":{"type":"Point","coordinates":[4.45792,52.097137]},"properties":{"type":"charge","layer":"passenger","locationId":"90099917","name":"EQUANS SGZH 2.0 Huyssitterweg 21","address":"Huyssitterweg 21","city":"Leidschendam","operatorName":"EQUANS","maxPowerKw":11,"isMegawatt":false,"status":"AVAILABLE","source":"ndw"}},{"type":"Feature","geometry":{"type":"Point","coordinates":[4.34863,52.07492]},"properties":{"type":"charge","layer":"passenger","locationId":"91458565","name":"EQUANS SGZH 2.0 van Faukenbergestraat 3 B","address":"van Faukenbergestraat 3 B","city":"Voorburg","operatorName":"EQUANS","maxPowerKw":11,"isMegawatt":false,"status":"CHARGING","source":"ndw"}},{"type":"Feature","geometry":{"type":"Point","coordinates":[4.38565,52.080117]},"properties":{"type":"charge","layer":"passenger","locationId":"89264261","name":"EQUANS SGZH 1.0 89264261","address":"Doctor Beguinlaan 76","city":"Voorburg","operatorName":"EQUANS","maxPowerKw":11,"isMegawatt":false,"status":"AVAILABLE","source":"ndw"}},{"type":"Feature","geometry":{"type":"Point","coordinates":[4.370834,52.073642]},"properties":{"type":"charge","layer":"passenger","locationId":"89344650","name":"EQUANS SGZH 2.0 89344650","address":"Parkweg 206","city":"Voorburg","operatorName":"EQUANS","maxPowerKw":11,"isMegawatt":false,"status":"AVAILABLE","source":"ndw"}},{"type":"Feature","geometry":{"type":"Point","coordinates":[4.360207,52.070075]},"properties":{"type":"charge","layer":"passenger","locationId":"89344679","name":"EQUANS SGZH 2.0 89344679","address":"Da Costaplein 2","city":"Voorburg","operatorName":"EQUANS","maxPowerKw":11,"isMegawatt":false,"status":"CHARGING","source":"ndw"}},{"type":"Feature","geometry":{"type":"MultiPolygon","coordinates":[[[[4.466845096767409,52.12898035309882],[4.467481047865191,52.12832366102242],[4.468149315853901,52.12855127279018],[4.472941478304252,52.123703615570356],[4.472321181585652,52.12345903673258],[4.472289051768598,52.1196350632398],[4.472975436909095,52.118952018446336],[4.470825802615474,52.117708508579625],[4.484646826096243,52.10358842709298],[4.490413549599428,52.097858664330445],[4.492218752462413,52.090010007027146],[4.4930178817829205,52.0877521471186],[4.474274515102215,52.08526091444929],[4.475659615422319,52.08129653481025],[4.456751807542848,52.07881507645577],[4.4567783201492475,52.07867518958598],[4.4555043718003615,52.078326148026875],[4.44324666255918,52.07291094919842],[4.437630066666424,52.070403573446804],[4.421403900178064,52.063303693986164],[4.42168493230608,52.06288612846993],[4.420832214633236,52.06258028305132],[4.4206904093641475,52.06345547734105],[4.417243299201454,52.06622190295073],[4.411881122907818,52.07213478181767],[4.405928390933802,52.07659344411582],[4.403923628566715,52.077845342531944],[4.3970933649340695,52.074763879887875],[4.394621328478827,52.07590725422086],[4.391921291006517,52.07472529703753],[4.388650767552274,52.07297412333023],[4.384582536454932,52.076234594649065],[4.384360618102322,52.07616143707429],[4.379995680542963,52.07474537506564],[4.371428640467598,52.069582656705904],[4.364012295646732,52.06532172508413],[4.363822515182045,52.065174260339234],[4.356021910672922,52.06157241145745],[4.360826018282051,52.05846868397692],[4.360451755063307,52.05826540587258],[4.3601228953796705,52.05850152261885],[4.359576889946435,52.058199144744506],[4.359968536035982,52.0579282423857],[4.359437245224517,52.05763121443907],[4.359822631497664,52.05736667600516],[4.3594748895986735,52.05718060548913],[4.359228799438222,52.057348722775046],[4.357349709013748,52.056255056555145],[4.357249886571792,52.05633593543851],[4.357574864342121,52.056553958344054],[4.353977301236406,52.058987268688945],[4.353316200125735,52.05866870580671],[4.3522814004436565,52.05939445746574],[4.3480035468266225,52.05649847101567],[4.344478863610643,52.05961790053934],[4.344244015934937,52.05977395065662],[4.344127302942603,52.05972094174894],[4.342195689183966,52.0611349360073],[4.355518608240824,52.06804018165715],[4.354932142778218,52.06825075063242],[4.33521313438158,52.07500081670239],[4.338851750398135,52.07661435118136],[4.338958360117538,52.07666161675328],[4.345394795488987,52.07911195988536],[4.3451031255007555,52.07948120942511],[4.3524894804632615,52.08269134297722],[4.353202049585905,52.083006623160216],[4.356776928933347,52.08460481087038],[4.3588971816799,52.08555962398059],[4.3677783853121985,52.08958336829149],[4.368029832918139,52.08969763060485],[4.37305110009993,52.09205934359781],[4.373436209126022,52.09234730661837],[4.371466611269489,52.09383507904672],[4.372709157151179,52.09477302274582],[4.375769299765377,52.09646350673964],[4.377038623923218,52.09703873299487],[4.387776009750046,52.10301631310289],[4.389135134454835,52.10384325771863],[4.391753250631412,52.10559148252896],[4.396925092607743,52.10904436049437],[4.401158957079359,52.111870450593486],[4.412047994116559,52.107971651560554],[4.411378012508883,52.10728701041813],[4.413074247230509,52.106633535481755],[4.414157814442221,52.10750875973511],[4.4212151845914365,52.104983676484025],[4.420816566433912,52.104622845162375],[4.423703873451842,52.10359023005913],[4.427902476903376,52.10147063128196],[4.433578693059462,52.10415838284103],[4.435744452048829,52.10740193666681],[4.43899393974359,52.10992966225364],[4.44314292272025,52.11158014137282],[4.4464420252023364,52.11337748984823],[4.451074987855695,52.117512553859015],[4.455982148621576,52.12117772889876],[4.463211911423647,52.126326305556084],[4.464492322718992,52.12731162628933],[4.465191960275669,52.12661380978113],[4.466420287798108,52.127333848550016],[4.465981626284318,52.12789075769076],[4.466845096767409,52.12898035309882]]]]},"properties":{"type":"boundary","gemeente":"Leidschendam-Voorburg","code":"GM1916"}}]}