{"type":"FeatureCollection","metadata":{"gemeente":"Leiden","slug":"leiden","code":"GM0546","generated_at":"2026-07-06T16:26:11.361Z","total_passenger":447,"total_freight":0,"bounds":[4.438865008633264,52.118952018446336,4.524037525517154,52.18462183517697],"operators":["Allego","E-Flux by Road","EQUANS","Eneco","IPCharging","Laadnet","Lanova Laadpalen","NXT Charging Solutions","Opcharge","Pluq","StellaPower","StellaPower®","Stellapower.eu","Valk Energy","Vattenfall InCharge","e-VOLTT","www.stellapower.eu"]},"features":[{"type":"Feature","geometry":{"type":"Point","coordinates":[4.507797,52.153222]},"properties":{"type":"charge","layer":"passenger","locationId":"NLLOC000361","name":"NLD, Leiden, Fruinlaan 32","address":"Fruinlaan 32","city":"Leiden","operatorName":"Allego","maxPowerKw":11,"isMegawatt":false,"status":"AVAILABLE","source":"ndw","priceKwh":0.511}},{"type":"Feature","geometry":{"type":"Point","coordinates":[4.495167,52.169773]},"properties":{"type":"charge","layer":"passenger","locationId":"NLLOC004296","name":"NLD Evenementenlaan 1 2316LC Leiden","address":"Evenementenlaan 1","city":"Leiden","operatorName":"Allego","maxPowerKw":11,"isMegawatt":false,"status":"AVAILABLE","source":"ndw","priceKwh":0.511}},{"type":"Feature","geometry":{"type":"Point","coordinates":[4.491098,52.147441]},"properties":{"type":"charge","layer":"passenger","locationId":"NL000127","name":"Lammenschansweg 139 Leiden","address":"Lammenschansweg 139","city":"Leiden","operatorName":"StellaPower®","maxPowerKw":17,"isMegawatt":false,"status":"AVAILABLE","source":"ndw","priceKwh":0.471}},{"type":"Feature","geometry":{"type":"Point","coordinates":[4.48118,52.16951]},"properties":{"type":"charge","layer":"passenger","locationId":"NL000135","name":"Rijnsburgerweg 29A Leiden","address":"Rijnsburgerweg 29A","city":"Leiden","operatorName":"StellaPower®","maxPowerKw":17,"isMegawatt":false,"status":"AVAILABLE","source":"ndw","priceKwh":0.471}},{"type":"Feature","geometry":{"type":"Point","coordinates":[4.507339,52.175452]},"properties":{"type":"charge","layer":"passenger","locationId":"NLLOC009706","name":"NL, Standerdmolen 3 2317 NZ Leiden","address":"Standerdmolen 3","city":"Leiden","operatorName":"Allego","maxPowerKw":11,"isMegawatt":false,"status":"AVAILABLE","source":"ndw","priceKwh":0.511}},{"type":"Feature","geometry":{"type":"Point","coordinates":[4.47057,52.16133]},"properties":{"type":"charge","layer":"passenger","locationId":"NL000132","name":"Jacob Catslaan 55 Leiden","address":"Jacob Catslaan 55","city":"Leiden","operatorName":"StellaPower®","maxPowerKw":17,"isMegawatt":false,"status":"AVAILABLE","source":"ndw","priceKwh":0.471}},{"type":"Feature","geometry":{"type":"Point","coordinates":[4.49207,52.15323]},"properties":{"type":"charge","layer":"passenger","locationId":"NL000129","name":"Zoeterwoudsesingel 15 Leiden","address":"Zoeterwoudsesingel 15","city":"Leiden","operatorName":"StellaPower®","maxPowerKw":17,"isMegawatt":false,"status":"AVAILABLE","source":"ndw","priceKwh":0.471}},{"type":"Feature","geometry":{"type":"Point","coordinates":[4.51408,52.16269]},"properties":{"type":"charge","layer":"passenger","locationId":"NL000102","name":"Van Heussenstraat 40 Leiden","address":"Van Heussenstraat 40","city":"Leiden","operatorName":"StellaPower®","maxPowerKw":17,"isMegawatt":false,"status":"AVAILABLE","source":"ndw","priceKwh":0.471}},{"type":"Feature","geometry":{"type":"Point","coordinates":[4.499208,52.167087]},"properties":{"type":"charge","layer":"passenger","locationId":"NLLOC011297","name":"NL, Van der Duynstraat 1, 2316 SH Leiden","address":"Van der Duynstraat 1","city":"Leiden","operatorName":"Allego","maxPowerKw":11,"isMegawatt":false,"status":"AVAILABLE","source":"ndw","priceKwh":0.511}},{"type":"Feature","geometry":{"type":"Point","coordinates":[4.473911,52.153006]},"properties":{"type":"charge","layer":"passenger","locationId":"NLLOC015292","name":"NL, Arthur van Schendelstraat 214, 2321WH, Leiden","address":"Arthur van Schendelstraat 214","city":"Leiden","operatorName":"Allego","maxPowerKw":11,"isMegawatt":false,"status":"AVAILABLE","source":"ndw","priceKwh":0.511}},{"type":"Feature","geometry":{"type":"Point","coordinates":[4.5033,52.180092]},"properties":{"type":"charge","layer":"passenger","locationId":"NLCCH00427","name":"Leiden - Fakkelgras 42","address":"Fakkelgras 42","city":"Leiden","operatorName":"","maxPowerKw":11,"isMegawatt":false,"status":"AVAILABLE","source":"ndw","priceKwh":0.5549}},{"type":"Feature","geometry":{"type":"Point","coordinates":[4.484978,52.167989]},"properties":{"type":"charge","layer":"passenger","locationId":"9a8c6e17-8ea6-4a54-bb1c-b60cd88be893","name":"Dellaertweg 1","address":"Dellaertweg 1","city":"Leiden","operatorName":"Vattenfall InCharge","maxPowerKw":22,"isMegawatt":false,"status":"AVAILABLE","source":"ndw"}},{"type":"Feature","geometry":{"type":"Point","coordinates":[4.484543,52.152503]},"properties":{"type":"charge","layer":"passenger","locationId":"NLLOC000138","name":"NLD, Gerrit Doustraat 69 2311XN Leiden","address":"Gerrit Doustraat 69","city":"Leiden","operatorName":"Allego","maxPowerKw":11,"isMegawatt":false,"status":"AVAILABLE","source":"ndw","priceKwh":0.511}},{"type":"Feature","geometry":{"type":"Point","coordinates":[4.50244,52.17705]},"properties":{"type":"charge","layer":"passenger","locationId":"NL000131","name":"Zilverschoontuin 11 Leiden","address":"Zilverschoontuin 11","city":"Leiden","operatorName":"StellaPower®","maxPowerKw":17,"isMegawatt":false,"status":"AVAILABLE","source":"ndw","priceKwh":0.471}},{"type":"Feature","geometry":{"type":"Point","coordinates":[4.457286,52.149178]},"properties":{"type":"charge","layer":"passenger","locationId":"NLLOC004447","name":"NLD, Louise Hardenbergsingel 15 2331BM Leiden","address":"Louise Hardenbergsingel 15","city":"Leiden","operatorName":"Allego","maxPowerKw":11,"isMegawatt":false,"status":"AVAILABLE","source":"ndw","priceKwh":0.511}},{"type":"Feature","geometry":{"type":"Point","coordinates":[4.49702,52.157644]},"properties":{"type":"charge","layer":"passenger","locationId":"NLLOC021165","name":"NL, Middelstegracht 47, 2312TS, Leiden","address":"Middelstegracht 47","city":"Leiden","operatorName":"Allego","maxPowerKw":11,"isMegawatt":false,"status":"CHARGING","source":"ndw","priceKwh":0.511}},{"type":"Feature","geometry":{"type":"Point","coordinates":[4.477432,52.167665]},"properties":{"type":"charge","layer":"passenger","locationId":"OST23P0040_0063_0","name":"OST23P0040_0063_0","address":"Albinusdreef 14","city":"Leiden","operatorName":"IPCharging","maxPowerKw":19,"isMegawatt":false,"status":"AVAILABLE","source":"ndw","priceKwh":0.3}},{"type":"Feature","geometry":{"type":"Point","coordinates":[4.516568,52.147043]},"properties":{"type":"charge","layer":"passenger","locationId":"NLLOC002013","name":"NLD, Leiden, Octavialaan 34","address":"Octavialaan 34","city":"Leiden","operatorName":"Allego","maxPowerKw":11,"isMegawatt":false,"status":"AVAILABLE","source":"ndw","priceKwh":0.511}},{"type":"Feature","geometry":{"type":"Point","coordinates":[4.476761,52.1396]},"properties":{"type":"charge","layer":"passenger","locationId":"NLCCH00272","name":"Leiden - Apollolaan 102","address":"Apollolaan 102","city":"Leiden","operatorName":"","maxPowerKw":11,"isMegawatt":false,"status":"AVAILABLE","source":"ndw","priceKwh":0.5549}},{"type":"Feature","geometry":{"type":"Point","coordinates":[4.472069,52.144998]},"properties":{"type":"charge","layer":"passenger","locationId":"NLLOC008853","name":"NL, Beethovenlaan 41 2324EE Leiden","address":"Beethovenlaan 41","city":"Leiden","operatorName":"Allego","maxPowerKw":11,"isMegawatt":false,"status":"AVAILABLE","source":"ndw","priceKwh":0.511}},{"type":"Feature","geometry":{"type":"Point","coordinates":[4.492577,52.161006]},"properties":{"type":"charge","layer":"passenger","locationId":"NLLOC000127","name":"NLD, Leiden, Janvossensteeg 46","address":"Janvossensteeg 46","city":"Leiden","operatorName":"Allego","maxPowerKw":11,"isMegawatt":false,"status":"CHARGING","source":"ndw","priceKwh":0.511}},{"type":"Feature","geometry":{"type":"Point","coordinates":[4.46333,52.15746]},"properties":{"type":"charge","layer":"passenger","locationId":"NL000148","name":"Topaaslaan 170 Leiden","address":"Topaaslaan 26","city":"Leiden","operatorName":"Stellapower.eu","maxPowerKw":17,"isMegawatt":false,"status":"AVAILABLE","source":"ndw","priceKwh":0.471}},{"type":"Feature","geometry":{"type":"Point","coordinates":[4.490509,52.156389]},"properties":{"type":"charge","layer":"passenger","locationId":"NLLOC004799","name":"NLD, Langebrug 152 2311TB Leiden","address":"Langebrug 152","city":"Leiden","operatorName":"Allego","maxPowerKw":11,"isMegawatt":false,"status":"AVAILABLE","source":"ndw","priceKwh":0.511}},{"type":"Feature","geometry":{"type":"Point","coordinates":[4.445997,52.154132]},"properties":{"type":"charge","layer":"passenger","locationId":"NLLOC013496","name":"NL, Esther de Boer-van Rijkstraat 32, 2331HJ, Leiden","address":"Esther de Boer-van Rijkstraat 32","city":"Leiden","operatorName":"Allego","maxPowerKw":11,"isMegawatt":false,"status":"AVAILABLE","source":"ndw","priceKwh":0.511}},{"type":"Feature","geometry":{"type":"Point","coordinates":[4.506938,52.149549]},"properties":{"type":"charge","layer":"passenger","locationId":"NLLOC001140","name":"NLD, Leiden, Van Vollenhovenkade 13","address":"Van Vollenhovenkade 13","city":"Leiden","operatorName":"Allego","maxPowerKw":11,"isMegawatt":false,"status":"AVAILABLE","source":"ndw","priceKwh":0.511}},{"type":"Feature","geometry":{"type":"Point","coordinates":[4.515178,52.174133]},"properties":{"type":"charge","layer":"passenger","locationId":"NLLOC002596","name":"NLD, Damloperwerf 3 2317DS Leiden","address":"Damloperwerf 3","city":"Leiden","operatorName":"Allego","maxPowerKw":11,"isMegawatt":false,"status":"CHARGING","source":"ndw","priceKwh":0.511}},{"type":"Feature","geometry":{"type":"Point","coordinates":[4.512645,52.153654]},"properties":{"type":"charge","layer":"passenger","locationId":"NLLOC009919","name":"NL, Kanaalweg 15, 2313DS, Leiden","address":"Kanaalweg 15","city":"Leiden","operatorName":"Allego","maxPowerKw":11,"isMegawatt":false,"status":"AVAILABLE","source":"ndw","priceKwh":0.511}},{"type":"Feature","geometry":{"type":"Point","coordinates":[4.492724,52.165734]},"properties":{"type":"charge","layer":"passenger","locationId":"NLCCH00606","name":"Leiden - Slachthuislaan 25","address":"Slachthuislaan 25","city":"Leiden","operatorName":"","maxPowerKw":11,"isMegawatt":false,"status":"AVAILABLE","source":"ndw","priceKwh":0.5549}},{"type":"Feature","geometry":{"type":"Point","coordinates":[4.501534,52.152651]},"properties":{"type":"charge","layer":"passenger","locationId":"NLLOC001129","name":"NLD, Leiden, Thorbeckestraat 4","address":"Thorbeckestraat 4","city":"Leiden","operatorName":"Allego","maxPowerKw":11,"isMegawatt":false,"status":"AVAILABLE","source":"ndw","priceKwh":0.511}},{"type":"Feature","geometry":{"type":"Point","coordinates":[4.45013,52.147904]},"properties":{"type":"charge","layer":"passenger","locationId":"NLLOC005899","name":"NLD, Diaconessenstraat 2 2331PB Leiden","address":"Diaconessenstraat 2","city":"Leiden","operatorName":"Allego","maxPowerKw":11,"isMegawatt":false,"status":"AVAILABLE","source":"ndw","priceKwh":0.511}},{"type":"Feature","geometry":{"type":"Point","coordinates":[4.465943,52.168287]},"properties":{"type":"charge","layer":"passenger","locationId":"60b0fbcf99d5640374fe2669","name":"Sylvius, 842110/5407001350","address":"Galileiweg 28","city":"Leiden","operatorName":"E-Flux by Road","maxPowerKw":22,"isMegawatt":false,"status":"AVAILABLE","source":"ndw","priceKwh":0.415}},{"type":"Feature","geometry":{"type":"Point","coordinates":[4.513157,52.147533]},"properties":{"type":"charge","layer":"passenger","locationId":"NLLOC024844","name":"NL, Dianastraat 2, 2314 BK Leiden","address":"Dianastraat 2","city":"Leiden","operatorName":"Allego","maxPowerKw":11,"isMegawatt":false,"status":"AVAILABLE","source":"ndw","priceKwh":0.511}},{"type":"Feature","geometry":{"type":"Point","coordinates":[4.499325,52.156444]},"properties":{"type":"charge","layer":"passenger","locationId":"NLLOC003939","name":"NLD, Gemeente Leiden, Herengracht 5 2312LA Leiden","address":"Herengracht 5","city":"Leiden","operatorName":"Allego","maxPowerKw":11,"isMegawatt":false,"status":"AVAILABLE","source":"ndw","priceKwh":0.511}},{"type":"Feature","geometry":{"type":"Point","coordinates":[4.44533,52.15109]},"properties":{"type":"charge","layer":"passenger","locationId":"NL000106","name":"Rosa Spierstraat 35 Leiden","address":"Rosa Spierstraat 35","city":"Leiden","operatorName":"StellaPower®","maxPowerKw":17,"isMegawatt":false,"status":"AVAILABLE","source":"ndw","priceKwh":0.471}},{"type":"Feature","geometry":{"type":"Point","coordinates":[4.477432,52.167665]},"properties":{"type":"charge","layer":"passenger","locationId":"OST23P0040_0066_0","name":"OST23P0040_0066_0","address":"Albinusdreef 14","city":"Leiden","operatorName":"IPCharging","maxPowerKw":38,"isMegawatt":false,"status":"AVAILABLE","source":"ndw","priceKwh":0.3}},{"type":"Feature","geometry":{"type":"Point","coordinates":[4.477432,52.167665]},"properties":{"type":"charge","layer":"passenger","locationId":"OST23P0040_0061_0","name":"OST23P0040_0061_0","address":"Albinusdreef 14","city":"Leiden","operatorName":"IPCharging","maxPowerKw":38,"isMegawatt":false,"status":"AVAILABLE","source":"ndw","priceKwh":0.3}},{"type":"Feature","geometry":{"type":"Point","coordinates":[4.477432,52.167665]},"properties":{"type":"charge","layer":"passenger","locationId":"OST23P0040_0045_0","name":"OST23P0040_0045_0","address":"Albinusdreef 14","city":"Leiden","operatorName":"IPCharging","maxPowerKw":38,"isMegawatt":false,"status":"AVAILABLE","source":"ndw","priceKwh":0.3}},{"type":"Feature","geometry":{"type":"Point","coordinates":[4.504582,52.163404]},"properties":{"type":"charge","layer":"passenger","locationId":"66168a3e51c2f9001c340023","name":"Leiden/\tHerensingel-Os en Paardenlaan 2","address":"Os en Paardenlaan 2","city":"Leiden","operatorName":"E-Flux by Road","maxPowerKw":14,"isMegawatt":false,"status":"AVAILABLE","source":"ndw","priceKwh":0.5217}},{"type":"Feature","geometry":{"type":"Point","coordinates":[4.478964,52.146989]},"properties":{"type":"charge","layer":"passenger","locationId":"NLCCH00074","name":"Leiden - Kuipers-Rietbergstraat thv Titus Brandsmalaan 2","address":"Titus Brandsmalaan 2","city":"Leiden","operatorName":"","maxPowerKw":11,"isMegawatt":false,"status":"AVAILABLE","source":"ndw","priceKwh":0.5549}},{"type":"Feature","geometry":{"type":"Point","coordinates":[4.474275,52.156872]},"properties":{"type":"charge","layer":"passenger","locationId":"NLCCH00620","name":"Leiden - Ter Haarkade t.h.v. Guido Gezellestraat 68","address":"Guido Gezellestraat 68","city":"Leiden","operatorName":"","maxPowerKw":11,"isMegawatt":false,"status":"AVAILABLE","source":"ndw","priceKwh":0.5549}},{"type":"Feature","geometry":{"type":"Point","coordinates":[4.47258,52.14629]},"properties":{"type":"charge","layer":"passenger","locationId":"NL000117","name":"Mozartstraat 129 Leiden","address":"Mozartstraat 129","city":"Leiden","operatorName":"StellaPower®","maxPowerKw":17,"isMegawatt":false,"status":"AVAILABLE","source":"ndw","priceKwh":0.471}},{"type":"Feature","geometry":{"type":"Point","coordinates":[4.482606,52.143969]},"properties":{"type":"charge","layer":"passenger","locationId":"64f6e475d85c50001caa5c81","name":"Stucshowroom Leiden","address":"Roosenveltstraat  40","city":"Leiden","operatorName":"E-Flux by Road","maxPowerKw":11,"isMegawatt":false,"status":"AVAILABLE","source":"ndw","priceKwh":0.48}},{"type":"Feature","geometry":{"type":"Point","coordinates":[4.469897,52.148926]},"properties":{"type":"charge","layer":"passenger","locationId":"NLCCH00917","name":"Leiden - Diepenbrocklaan 2","address":"Diepenbrocklaan 2","city":"Leiden","operatorName":"","maxPowerKw":11,"isMegawatt":false,"status":"AVAILABLE","source":"ndw","priceKwh":0.5549}},{"type":"Feature","geometry":{"type":"Point","coordinates":[4.481073,52.162304]},"properties":{"type":"charge","layer":"passenger","locationId":"89157867","name":"EQUANS Parkeergarages Leiden","address":"Bloemfonteinstraat 2","city":"Leiden","operatorName":"EQUANS","maxPowerKw":11,"isMegawatt":false,"status":"AVAILABLE","source":"ndw"}},{"type":"Feature","geometry":{"type":"Point","coordinates":[4.45046,52.149351]},"properties":{"type":"charge","layer":"passenger","locationId":"NLLOC014810","name":"NL, Zuster Meijboomstraat, 30, 2331PD, Leiden","address":"Zuster Meijboomstraat 30","city":"Leiden","operatorName":"Allego","maxPowerKw":11,"isMegawatt":false,"status":"AVAILABLE","source":"ndw","priceKwh":0.511}},{"type":"Feature","geometry":{"type":"Point","coordinates":[4.49451,52.14851]},"properties":{"type":"charge","layer":"passenger","locationId":"NL000113","name":"Van der Waalsstraat 30  Leiden","address":"Van der Waalsstraat 30","city":"Leiden","operatorName":"StellaPower®","maxPowerKw":17,"isMegawatt":false,"status":"AVAILABLE","source":"ndw","priceKwh":0.471}},{"type":"Feature","geometry":{"type":"Point","coordinates":[4.449439,52.154019]},"properties":{"type":"charge","layer":"passenger","locationId":"NL000120","name":"Aagje Dekenstraat 2 Leiden","address":"Aagje Dekenstraat 2","city":"Leiden","operatorName":"StellaPower®","maxPowerKw":17,"isMegawatt":false,"status":"AVAILABLE","source":"ndw","priceKwh":0.471}},{"type":"Feature","geometry":{"type":"Point","coordinates":[4.457045,52.16391]},"properties":{"type":"charge","layer":"passenger","locationId":"6949449a99287f24ffe170bc","name":"ECC Leiden","address":"Haagse Schouwweg 10","city":"Leiden","operatorName":"Pluq","maxPowerKw":22,"isMegawatt":false,"status":"AVAILABLE","source":"ndw","priceKwh":0.4}},{"type":"Feature","geometry":{"type":"Point","coordinates":[4.471466,52.146138]},"properties":{"type":"charge","layer":"passenger","locationId":"NLLOC011554","name":"NL, Mozartstraat, 163, 2324XT, Leiden","address":"Mozartstraat 163","city":"Leiden","operatorName":"Allego","maxPowerKw":11,"isMegawatt":false,"status":"AVAILABLE","source":"ndw","priceKwh":0.511}},{"type":"Feature","geometry":{"type":"Point","coordinates":[4.504621,52.150359]},"properties":{"type":"charge","layer":"passenger","locationId":"667d414a79c2d0001c4e8a68","name":"Leiden/Moddermanstraat 8","address":"Moddermanstraat 8","city":"Leiden","operatorName":"E-Flux by Road","maxPowerKw":22,"isMegawatt":false,"status":"AVAILABLE","source":"ndw","priceKwh":0.5217}},{"type":"Feature","geometry":{"type":"Point","coordinates":[4.49853,52.146433]},"properties":{"type":"charge","layer":"passenger","locationId":"NLCCH00561","name":"Leiden - Professorenpad 41","address":"Professorenpad 1","city":"Leiden","operatorName":"","maxPowerKw":11,"isMegawatt":false,"status":"AVAILABLE","source":"ndw","priceKwh":0.5549}},{"type":"Feature","geometry":{"type":"Point","coordinates":[4.511507,52.157433]},"properties":{"type":"charge","layer":"passenger","locationId":"NLLOC001292","name":"NLD, Leiden, Admiraal Banckertweg 12","address":"Admiraal Banckertweg 12","city":"Leiden","operatorName":"Allego","maxPowerKw":11,"isMegawatt":false,"status":"AVAILABLE","source":"ndw","priceKwh":0.511}},{"type":"Feature","geometry":{"type":"Point","coordinates":[4.465013,52.154625]},"properties":{"type":"charge","layer":"passenger","locationId":"NLCCH00676","name":"Leiden - Azurietkade 40","address":"Azurietkade 40","city":"Leiden","operatorName":"","maxPowerKw":11,"isMegawatt":false,"status":"AVAILABLE","source":"ndw","priceKwh":0.5549}},{"type":"Feature","geometry":{"type":"Point","coordinates":[4.488415,52.152349]},"properties":{"type":"charge","layer":"passenger","locationId":"NLLOC011841","name":"NL, Watergeuzenstraat 34, 2313 WZ Leiden","address":"Watergeuzenstraat 34","city":"Leiden","operatorName":"Allego","maxPowerKw":11,"isMegawatt":false,"status":"AVAILABLE","source":"ndw","priceKwh":0.511}},{"type":"Feature","geometry":{"type":"Point","coordinates":[4.500299,52.146461]},"properties":{"type":"charge","layer":"passenger","locationId":"NLLOC004472","name":"NLD, Temminckstraat 1 2313RR Leiden","address":"Temminckstraat 1","city":"Leiden","operatorName":"Allego","maxPowerKw":11,"isMegawatt":false,"status":"AVAILABLE","source":"ndw","priceKwh":0.511}},{"type":"Feature","geometry":{"type":"Point","coordinates":[4.48581,52.151587]},"properties":{"type":"charge","layer":"passenger","locationId":"NLLOC000144","name":"NLD, Leiden, Stadhouderslaan 35","address":"Stadhouderslaan 35","city":"Leiden","operatorName":"Allego","maxPowerKw":11,"isMegawatt":false,"status":"AVAILABLE","source":"ndw","priceKwh":0.511}},{"type":"Feature","geometry":{"type":"Point","coordinates":[4.500532,52.160066]},"properties":{"type":"charge","layer":"passenger","locationId":"NLCCH00624","name":"Leiden - Kalvermarkt 11 nabij kr. Zuidsingel","address":"Kalvermarkt 11","city":"Leiden","operatorName":"","maxPowerKw":11,"isMegawatt":false,"status":"AVAILABLE","source":"ndw","priceKwh":0.5549}},{"type":"Feature","geometry":{"type":"Point","coordinates":[4.489213,52.167324]},"properties":{"type":"charge","layer":"passenger","locationId":"6749bbf2a032123ce55edc59","name":"Leiden/Maredijk-Schutterstraat 28","address":"Schutterstraat 28","city":"Leiden","operatorName":"E-Flux by Road","maxPowerKw":14,"isMegawatt":false,"status":"AVAILABLE","source":"ndw","priceKwh":0.5217}},{"type":"Feature","geometry":{"type":"Point","coordinates":[4.450484,52.149385]},"properties":{"type":"charge","layer":"passenger","locationId":"NLCCH00532","name":"Leiden - Cato van der Pijlpad 177 ","address":"Cato van der Pijlpad 177","city":"Leiden","operatorName":"","maxPowerKw":11,"isMegawatt":false,"status":"AVAILABLE","source":"ndw","priceKwh":0.5549}},{"type":"Feature","geometry":{"type":"Point","coordinates":[4.503738,52.178494]},"properties":{"type":"charge","layer":"passenger","locationId":"NLLOC007173","name":"NL, Oesterbank 36, 2317MP, Leiden","address":"Oesterbank 36","city":"Leiden","operatorName":"Allego","maxPowerKw":11,"isMegawatt":false,"status":"AVAILABLE","source":"ndw","priceKwh":0.511}},{"type":"Feature","geometry":{"type":"Point","coordinates":[4.511482,52.165312]},"properties":{"type":"charge","layer":"passenger","locationId":"NLLOC003617","name":"NLD Gemeente Leiden Madoerastraat 19 2315BX Leiden","address":"Madoerastraat 3","city":"Leiden","operatorName":"Allego","maxPowerKw":11,"isMegawatt":false,"status":"AVAILABLE","source":"ndw","priceKwh":0.511}},{"type":"Feature","geometry":{"type":"Point","coordinates":[4.462016,52.169176]},"properties":{"type":"charge","layer":"passenger","locationId":"60b0fc6218b617a66af0f235","name":"Gorlaeus Building, 842110/5312512010","address":"Wassenaarseweg 76","city":"Leiden","operatorName":"E-Flux by Road","maxPowerKw":11,"isMegawatt":false,"status":"AVAILABLE","source":"ndw","priceKwh":0.415}},{"type":"Feature","geometry":{"type":"Point","coordinates":[4.45475,52.148979]},"properties":{"type":"charge","layer":"passenger","locationId":"NLLOC000135","name":"NL, Clara Visserplaats 1, 2331BN Leiden (Laadpaal 2)","address":"Clara Visserplaats 1","city":"Leiden","operatorName":"Allego","maxPowerKw":11,"isMegawatt":false,"status":"AVAILABLE","source":"ndw","priceKwh":0.511}},{"type":"Feature","geometry":{"type":"Point","coordinates":[4.47291,52.173283]},"properties":{"type":"charge","layer":"passenger","locationId":"NLLOC001132","name":"NLD, Leiden, Lijsterstraat 1","address":"Lijsterstraat 1","city":"Leiden","operatorName":"Allego","maxPowerKw":11,"isMegawatt":false,"status":"CHARGING","source":"ndw","priceKwh":0.511}},{"type":"Feature","geometry":{"type":"Point","coordinates":[4.4919,52.1524]},"properties":{"type":"charge","layer":"passenger","locationId":"NL000174","name":"Bloemistenlaan 61 Leiden","address":"Bloemistenlaan 61","city":"Leiden","operatorName":"","maxPowerKw":17,"isMegawatt":false,"status":"AVAILABLE","source":"ndw","priceKwh":0.471}},{"type":"Feature","geometry":{"type":"Point","coordinates":[4.457812,52.153214]},"properties":{"type":"charge","layer":"passenger","locationId":"NLLOC004638","name":"NLD, Rijndijk 96 2331AJ Leiden","address":"Rijndijk 96","city":"Leiden","operatorName":"Allego","maxPowerKw":11,"isMegawatt":false,"status":"AVAILABLE","source":"ndw","priceKwh":0.511}},{"type":"Feature","geometry":{"type":"Point","coordinates":[4.493918,52.154536]},"properties":{"type":"charge","layer":"passenger","locationId":"89157875","name":"EQUANS Parkeergarages Leiden","address":"Korevaarstraat 26","city":"Leiden","operatorName":"EQUANS","maxPowerKw":11,"isMegawatt":false,"status":"AVAILABLE","source":"ndw"}},{"type":"Feature","geometry":{"type":"Point","coordinates":[4.508338,52.181758]},"properties":{"type":"charge","layer":"passenger","locationId":"NLLOC000883","name":"NLD, Leiden, Cosmeaduin 17","address":"Cosmeaduin 17","city":"Leiden","operatorName":"Allego","maxPowerKw":11,"isMegawatt":false,"status":"AVAILABLE","source":"ndw","priceKwh":0.511}},{"type":"Feature","geometry":{"type":"Point","coordinates":[4.458751,52.156684]},"properties":{"type":"charge","layer":"passenger","locationId":"67164773b27fb5001cc271a9","name":"Leiden/Jadestraat 9","address":"Jadestraat 9","city":"Leiden","operatorName":"E-Flux by Road","maxPowerKw":14,"isMegawatt":false,"status":"CHARGING","source":"ndw","priceKwh":0.5217}},{"type":"Feature","geometry":{"type":"Point","coordinates":[4.494765,52.154159]},"properties":{"type":"charge","layer":"passenger","locationId":"9522c095d5ce41b3b6e55c567a93dda7","name":"Gemaal geregracht","address":"Geregracht 50","city":"Leiden","operatorName":"","maxPowerKw":22,"isMegawatt":false,"status":"AVAILABLE","source":"ndw","priceKwh":0.5}},{"type":"Feature","geometry":{"type":"Point","coordinates":[4.479671,52.154998]},"properties":{"type":"charge","layer":"passenger","locationId":"NLLOC020131","name":"NL, Blauwe Tramstraat 150, 2311 ZZ Leiden","address":"Blauwe Tramstraat 150","city":"Leiden","operatorName":"Allego","maxPowerKw":11,"isMegawatt":false,"status":"AVAILABLE","source":"ndw","priceKwh":0.511}},{"type":"Feature","geometry":{"type":"Point","coordinates":[4.497555,52.151096]},"properties":{"type":"charge","layer":"passenger","locationId":"NLLOC000275","name":"NLD, Leiden, Cronesteinkade 24","address":"Cronesteinkade 24","city":"Leiden","operatorName":"Allego","maxPowerKw":11,"isMegawatt":false,"status":"AVAILABLE","source":"ndw","priceKwh":0.511}},{"type":"Feature","geometry":{"type":"Point","coordinates":[4.507854,52.163062]},"properties":{"type":"charge","layer":"passenger","locationId":"NLLOC002670","name":"NL, Medusastraat 27, 2315GR, Leiden","address":"Medusastraat 27","city":"Leiden","operatorName":"Allego","maxPowerKw":11,"isMegawatt":false,"status":"AVAILABLE","source":"ndw","priceKwh":0.511}},{"type":"Feature","geometry":{"type":"Point","coordinates":[4.472718,52.15091]},"properties":{"type":"charge","layer":"passenger","locationId":"NLLOC006913","name":"NL, Jacques Urlusplantsoen 131, 2324 KV, Leiden","address":"Jacques Urlusplantsoen 131","city":"Leiden","operatorName":"Allego","maxPowerKw":11,"isMegawatt":false,"status":"AVAILABLE","source":"ndw","priceKwh":0.511}},{"type":"Feature","geometry":{"type":"Point","coordinates":[4.51626,52.177538]},"properties":{"type":"charge","layer":"passenger","locationId":"NLLOC013180","name":"NL, Klaproos 30, 2317EL, Leiden","address":"Klaproos 30","city":"Leiden","operatorName":"Allego","maxPowerKw":11,"isMegawatt":false,"status":"AVAILABLE","source":"ndw","priceKwh":0.511}},{"type":"Feature","geometry":{"type":"Point","coordinates":[4.511262,52.173588]},"properties":{"type":"charge","layer":"passenger","locationId":"NLLOC010197","name":"NL, Zijldonk, 16, 2317XX, Leiden","address":"Zijldonk 16","city":"Leiden","operatorName":"Allego","maxPowerKw":11,"isMegawatt":false,"status":"AVAILABLE","source":"ndw","priceKwh":0.511}},{"type":"Feature","geometry":{"type":"Point","coordinates":[4.50607,52.17295]},"properties":{"type":"charge","layer":"passenger","locationId":"NL000141","name":"Havikshorst 2 Leiden","address":"Havikshorst 2","city":"Leiden","operatorName":"StellaPower®","maxPowerKw":17,"isMegawatt":false,"status":"AVAILABLE","source":"ndw","priceKwh":0.471}},{"type":"Feature","geometry":{"type":"Point","coordinates":[4.450741,52.148439]},"properties":{"type":"charge","layer":"passenger","locationId":"NLCCH00901","name":"Leiden - Diaconessenstraat 20","address":"Diaconessenstraat 20","city":"Leiden","operatorName":"","maxPowerKw":11,"isMegawatt":false,"status":"AVAILABLE","source":"ndw","priceKwh":0.5549}},{"type":"Feature","geometry":{"type":"Point","coordinates":[4.496429,52.160075]},"properties":{"type":"charge","layer":"passenger","locationId":"NLLOC000318","name":"NLD Kaasmarkt 10 2312 HZ Leiden","address":"Kaasmarkt 10","city":"Leiden","operatorName":"Allego","maxPowerKw":11,"isMegawatt":false,"status":"AVAILABLE","source":"ndw","priceKwh":0.511}},{"type":"Feature","geometry":{"type":"Point","coordinates":[4.487036,52.151882]},"properties":{"type":"charge","layer":"passenger","locationId":"6849eee521b858809bd0814a","name":"Leiden/Duivenbodestraat 16 A, 2313XS","address":"Duivenbodestraat 16A","city":"Leiden","operatorName":"E-Flux by Road","maxPowerKw":14,"isMegawatt":false,"status":"AVAILABLE","source":"ndw","priceKwh":0.562}},{"type":"Feature","geometry":{"type":"Point","coordinates":[4.468529,52.140684]},"properties":{"type":"charge","layer":"passenger","locationId":"6878ef72ac8072d86b0b1f45","name":"Leiden/ Schubertlaan 140","address":"Schubertlaan 140","city":"Leiden","operatorName":"E-Flux by Road","maxPowerKw":14,"isMegawatt":false,"status":"AVAILABLE","source":"ndw","priceKwh":0.562}},{"type":"Feature","geometry":{"type":"Point","coordinates":[4.498168,52.147938]},"properties":{"type":"charge","layer":"passenger","locationId":"NLLOC003109","name":"NLD, Bakhuis Roozenboomstraat 39, 2313 RC Leiden","address":"Bakhuis Roozenboomstraat 39","city":"Leiden","operatorName":"Allego","maxPowerKw":11,"isMegawatt":false,"status":"AVAILABLE","source":"ndw","priceKwh":0.511}},{"type":"Feature","geometry":{"type":"Point","coordinates":[4.495943,52.170904]},"properties":{"type":"charge","layer":"passenger","locationId":"NLLOC014565","name":"NL, Leidatoweg 24, 2316 JX Leiden","address":"Leidatoweg 24","city":"Leiden","operatorName":"Allego","maxPowerKw":11,"isMegawatt":false,"status":"AVAILABLE","source":"ndw","priceKwh":0.511}},{"type":"Feature","geometry":{"type":"Point","coordinates":[4.510489,52.167986]},"properties":{"type":"charge","layer":"passenger","locationId":"68710c663918d209a52af316","name":"Leiden/ Antillenstraat 192 / 2315XT","address":"Antillenstraat  192","city":"Leiden","operatorName":"E-Flux by Road","maxPowerKw":14,"isMegawatt":false,"status":"AVAILABLE","source":"ndw","priceKwh":0.562}},{"type":"Feature","geometry":{"type":"Point","coordinates":[4.518359,52.146935]},"properties":{"type":"charge","layer":"passenger","locationId":"4122822","name":"Laadnet Vitruviusstraat 114","address":"Vitruviusstraat 114","city":"Leiden","operatorName":"Laadnet","maxPowerKw":11,"isMegawatt":false,"status":"AVAILABLE","source":"ndw"}},{"type":"Feature","geometry":{"type":"Point","coordinates":[4.48893,52.16601]},"properties":{"type":"charge","layer":"passenger","locationId":"NL000140","name":"Maredijk 44 Leiden","address":"Maredijk 44","city":"Leiden","operatorName":"StellaPower®","maxPowerKw":17,"isMegawatt":false,"status":"AVAILABLE","source":"ndw","priceKwh":0.471}},{"type":"Feature","geometry":{"type":"Point","coordinates":[4.463556,52.154717]},"properties":{"type":"charge","layer":"passenger","locationId":"673f23812bc5d11b24e678ec","name":"Leiden/Diamantlaan 282","address":"Diamantlaan 282","city":"Leiden","operatorName":"E-Flux by Road","maxPowerKw":14,"isMegawatt":false,"status":"AVAILABLE","source":"ndw","priceKwh":0.5217}},{"type":"Feature","geometry":{"type":"Point","coordinates":[4.47929,52.155162]},"properties":{"type":"charge","layer":"passenger","locationId":"NLLOC001133","name":"NLD, Leiden, Lucebertstraat 2","address":"Lucebertstraat 2","city":"Leiden","operatorName":"Allego","maxPowerKw":11,"isMegawatt":false,"status":"AVAILABLE","source":"ndw","priceKwh":0.511}},{"type":"Feature","geometry":{"type":"Point","coordinates":[4.480992,52.139516]},"properties":{"type":"charge","layer":"passenger","locationId":"NLCCH00858","name":"Leiden - Combibad de Vliet, Marie Diebenplaats 102-110 | 11","address":"Marie Diebenplaats  102","city":"Leiden","operatorName":"","maxPowerKw":11,"isMegawatt":false,"status":"AVAILABLE","source":"ndw","priceKwh":0.5549}},{"type":"Feature","geometry":{"type":"Point","coordinates":[4.485585,52.171085]},"properties":{"type":"charge","layer":"passenger","locationId":"64edd16216f362001cc26c1b","name":"Leiden/Boerhaavelaan 116","address":"Boerhaavelaan 116","city":"Leiden","operatorName":"E-Flux by Road","maxPowerKw":14,"isMegawatt":false,"status":"AVAILABLE","source":"ndw","priceKwh":0.5217}},{"type":"Feature","geometry":{"type":"Point","coordinates":[4.470646,52.161229]},"properties":{"type":"charge","layer":"passenger","locationId":"NLLOC013612","name":"NL, Jacob Catslaan 51, 2332 AT, Leiden","address":"Jacob Catslaan 51","city":"Leiden","operatorName":"Allego","maxPowerKw":11,"isMegawatt":false,"status":"AVAILABLE","source":"ndw","priceKwh":0.511}},{"type":"Feature","geometry":{"type":"Point","coordinates":[4.505487,52.183634]},"properties":{"type":"charge","layer":"passenger","locationId":"NLLOC003645","name":"NLD, , Zeeforel 16 2318MP Leiden","address":"Zeeforel 16","city":"Leiden","operatorName":"Allego","maxPowerKw":11,"isMegawatt":false,"status":"AVAILABLE","source":"ndw","priceKwh":0.511}},{"type":"Feature","geometry":{"type":"Point","coordinates":[4.514398,52.153884]},"properties":{"type":"charge","layer":"passenger","locationId":"4174858","name":"Laadnet Het Kaasmerk","address":"Roomburgerweg 3A","city":"Leiden","operatorName":"Laadnet","maxPowerKw":11,"isMegawatt":false,"status":"AVAILABLE","source":"ndw"}},{"type":"Feature","geometry":{"type":"Point","coordinates":[4.443133,52.151748]},"properties":{"type":"charge","layer":"passenger","locationId":"NLLOC003366","name":"NLD, Ronnie Biermanpad 15, 2331 KK Leiden","address":"Ronnie Biermanpad 15","city":"Leiden","operatorName":"Allego","maxPowerKw":11,"isMegawatt":false,"status":"AVAILABLE","source":"ndw","priceKwh":0.511}},{"type":"Feature","geometry":{"type":"Point","coordinates":[4.452029,52.157283]},"properties":{"type":"charge","layer":"passenger","locationId":"NLLOC000571","name":"NLD, Leiden, Rijndijk 246","address":"Rijndijk 246","city":"Leiden","operatorName":"Allego","maxPowerKw":11,"isMegawatt":false,"status":"AVAILABLE","source":"ndw","priceKwh":0.511}},{"type":"Feature","geometry":{"type":"Point","coordinates":[4.494678,52.153273]},"properties":{"type":"charge","layer":"passenger","locationId":"NLCCH00609","name":"Leiden - Zoeterwoudsesingel 29","address":"Zoeterwoudsesingel 29","city":"Leiden","operatorName":"","maxPowerKw":11,"isMegawatt":false,"status":"AVAILABLE","source":"ndw","priceKwh":0.5549}},{"type":"Feature","geometry":{"type":"Point","coordinates":[4.480428,52.138971]},"properties":{"type":"charge","layer":"passenger","locationId":"NLCCH00862","name":"Leiden - Combibad de Vliet, Marie Diebenplaats 102-110 | 8","address":"Marie Diebenplaats 102","city":"Leiden","operatorName":"","maxPowerKw":11,"isMegawatt":false,"status":"AVAILABLE","source":"ndw","priceKwh":0.5549}},{"type":"Feature","geometry":{"type":"Point","coordinates":[4.494817,52.15024]},"properties":{"type":"charge","layer":"passenger","locationId":"NLLOC000638","name":"NL, Lammenschansweg 42, 2313 DM, Leiden","address":"Lammenschansweg 42","city":"Leiden","operatorName":"Allego","maxPowerKw":11,"isMegawatt":false,"status":"AVAILABLE","source":"ndw","priceKwh":0.511}},{"type":"Feature","geometry":{"type":"Point","coordinates":[4.509811,52.158988]},"properties":{"type":"charge","layer":"passenger","locationId":"6826ef111420061e5e0035c4","name":"Leiden/Heemskerkstraat 109","address":"Heemskerkstraat 109","city":"Leiden","operatorName":"E-Flux by Road","maxPowerKw":14,"isMegawatt":false,"status":"AVAILABLE","source":"ndw","priceKwh":0.562}},{"type":"Feature","geometry":{"type":"Point","coordinates":[4.504886,52.157426]},"properties":{"type":"charge","layer":"passenger","locationId":"67121d06af9563001c6b785e","name":"Leiden/Zijlsingel 67","address":"Zijlsingel 67","city":"Leiden","operatorName":"E-Flux by Road","maxPowerKw":14,"isMegawatt":false,"status":"AVAILABLE","source":"ndw","priceKwh":0.5217}},{"type":"Feature","geometry":{"type":"Point","coordinates":[4.481942,52.172003]},"properties":{"type":"charge","layer":"passenger","locationId":"NLLOC003584","name":"NLD, Kagerstraat 3C 2334 CP Leiden","address":"Kagerstraat 3C","city":"Leiden","operatorName":"Allego","maxPowerKw":11,"isMegawatt":false,"status":"AVAILABLE","source":"ndw","priceKwh":0.511}},{"type":"Feature","geometry":{"type":"Point","coordinates":[4.509649,52.159105]},"properties":{"type":"charge","layer":"passenger","locationId":"NLLOC000134","name":"NLD, Leiden, Kortenaerstraat 103","address":"Kortenaerstraat 103","city":"Leiden","operatorName":"Allego","maxPowerKw":11,"isMegawatt":false,"status":"AVAILABLE","source":"ndw","priceKwh":0.511}},{"type":"Feature","geometry":{"type":"Point","coordinates":[4.502047,52.150152]},"properties":{"type":"charge","layer":"passenger","locationId":"NLLOC003784","name":"NLD, Gemeente Leiden, De Meij van Streefkerkstraat 60 2313JP Leiden","address":"De Meij van Streefkerkstraat 60","city":"Leiden","operatorName":"Allego","maxPowerKw":11,"isMegawatt":false,"status":"AVAILABLE","source":"ndw","priceKwh":0.511}},{"type":"Feature","geometry":{"type":"Point","coordinates":[4.510464,52.151447]},"properties":{"type":"charge","layer":"passenger","locationId":"NLLOC003046","name":"NLD, Duyvendakstraat 1, 2313 PZ Leiden","address":"Duyvendakstraat 1","city":"Leiden","operatorName":"Allego","maxPowerKw":11,"isMegawatt":false,"status":"AVAILABLE","source":"ndw","priceKwh":0.511}},{"type":"Feature","geometry":{"type":"Point","coordinates":[4.474388,52.157431]},"properties":{"type":"charge","layer":"passenger","locationId":"NLLOC002139","name":"NLD, Leiden, Haagweg 144, 2321AH","address":"Haagweg 144","city":"Leiden","operatorName":"Allego","maxPowerKw":11,"isMegawatt":false,"status":"AVAILABLE","source":"ndw","priceKwh":0.511}},{"type":"Feature","geometry":{"type":"Point","coordinates":[4.496945,52.165896]},"properties":{"type":"charge","layer":"passenger","locationId":"6712166bbba195001c63f060","name":"Leiden/Molenstraat 31","address":"Molenstraat 31","city":"Leiden","operatorName":"E-Flux by Road","maxPowerKw":14,"isMegawatt":false,"status":"AVAILABLE","source":"ndw","priceKwh":0.5217}},{"type":"Feature","geometry":{"type":"Point","coordinates":[4.512666,52.167657]},"properties":{"type":"charge","layer":"passenger","locationId":"65686cf9dd418e001c1179be","name":"Leiden/Surinamestraat 236","address":"Surinamestraat 236","city":"Leiden","operatorName":"E-Flux by Road","maxPowerKw":14,"isMegawatt":false,"status":"AVAILABLE","source":"ndw","priceKwh":0.5217}},{"type":"Feature","geometry":{"type":"Point","coordinates":[4.486001,52.151007]},"properties":{"type":"charge","layer":"passenger","locationId":"NLLOC014902","name":"NL, Drie Octoberstraat 28, 2313ZR, Leiden","address":"Drie Octoberstraat 28","city":"Leiden","operatorName":"Allego","maxPowerKw":11,"isMegawatt":false,"status":"AVAILABLE","source":"ndw","priceKwh":0.511}},{"type":"Feature","geometry":{"type":"Point","coordinates":[4.470431,52.147374]},"properties":{"type":"charge","layer":"passenger","locationId":"NLLOC009562","name":"NL, Valeriusstraat 152, 2324 XK Leiden","address":"Valeriusstraat 152","city":"Leiden","operatorName":"Allego","maxPowerKw":11,"isMegawatt":false,"status":"AVAILABLE","source":"ndw","priceKwh":0.511}},{"type":"Feature","geometry":{"type":"Point","coordinates":[4.489709,52.153867]},"properties":{"type":"charge","layer":"passenger","locationId":"65eb1258a74d33001c1328d9","name":"Leiden/Doezastraat 34","address":"Doezastraat 34","city":"Leiden","operatorName":"E-Flux by Road","maxPowerKw":14,"isMegawatt":false,"status":"AVAILABLE","source":"ndw","priceKwh":0.5217}},{"type":"Feature","geometry":{"type":"Point","coordinates":[4.488018,52.146767]},"properties":{"type":"charge","layer":"passenger","locationId":"NLLOC001138","name":"NLD, Leiden, Morellenweg 1","address":"Morellenweg 1","city":"Leiden","operatorName":"Allego","maxPowerKw":11,"isMegawatt":false,"status":"AVAILABLE","source":"ndw","priceKwh":0.511}},{"type":"Feature","geometry":{"type":"Point","coordinates":[4.479578,52.14365]},"properties":{"type":"charge","layer":"passenger","locationId":"NLLOC017950","name":"NL, Lieven de Keijstraat 28, 2321EC, Leiden","address":"Lieven de Keijstraat 28","city":"Leiden","operatorName":"Allego","maxPowerKw":11,"isMegawatt":false,"status":"AVAILABLE","source":"ndw","priceKwh":0.511}},{"type":"Feature","geometry":{"type":"Point","coordinates":[4.452576,52.151742]},"properties":{"type":"charge","layer":"passenger","locationId":"NLLOC000287","name":"NLD, Leiden, Stevensbloem 189","address":"Stevensbloem 189","city":"Leiden","operatorName":"Allego","maxPowerKw":11,"isMegawatt":false,"status":"AVAILABLE","source":"ndw","priceKwh":0.511}},{"type":"Feature","geometry":{"type":"Point","coordinates":[4.482049,52.152694]},"properties":{"type":"charge","layer":"passenger","locationId":"6866c07cc011597152a03129","name":"Leiden/Rijn en Schiekade 115 B/2311AS","address":"Rijn en Schiekade 115B","city":"Leiden","operatorName":"E-Flux by Road","maxPowerKw":14,"isMegawatt":false,"status":"AVAILABLE","source":"ndw","priceKwh":0.562}},{"type":"Feature","geometry":{"type":"Point","coordinates":[4.445653,52.149385]},"properties":{"type":"charge","layer":"passenger","locationId":"NLLOC006707","name":"NL, Johanna Westerdijkstraat 34, 2331 MZ, Leiden","address":"Johanna Westerdijkstraat 34","city":"Leiden","operatorName":"Allego","maxPowerKw":11,"isMegawatt":false,"status":"AVAILABLE","source":"ndw","priceKwh":0.511}},{"type":"Feature","geometry":{"type":"Point","coordinates":[4.4928,52.169887]},"properties":{"type":"charge","layer":"passenger","locationId":"655e3ddf5d2b7d001c2e8546","name":"Leiden/Lucas van Leijdenstraat 36-Floris Versterlaan","address":"Floris Versterlaan 3","city":"Leiden","operatorName":"E-Flux by Road","maxPowerKw":14,"isMegawatt":false,"status":"AVAILABLE","source":"ndw","priceKwh":0.5217}},{"type":"Feature","geometry":{"type":"Point","coordinates":[4.4867,52.166105]},"properties":{"type":"charge","layer":"passenger","locationId":"NLLOC004159","name":"NLD, Marislaan 19 2316XV Leiden","address":"Marislaan 19","city":"Leiden","operatorName":"Allego","maxPowerKw":11,"isMegawatt":false,"status":"AVAILABLE","source":"ndw","priceKwh":0.511}},{"type":"Feature","geometry":{"type":"Point","coordinates":[4.481758,52.148462]},"properties":{"type":"charge","layer":"passenger","locationId":"646393565ae99200129ab79f","name":"Leiden/Lasserstraat 186","address":"Lasserstraat 186","city":"Leiden","operatorName":"E-Flux by Road","maxPowerKw":14,"isMegawatt":false,"status":"UNAVAILABLE","source":"ndw","priceKwh":0.5217}},{"type":"Feature","geometry":{"type":"Point","coordinates":[4.477432,52.167665]},"properties":{"type":"charge","layer":"passenger","locationId":"OST23P0040_0019_0","name":"OST23P0040_0019_0","address":"Albinusdreef 14","city":"Leiden","operatorName":"IPCharging","maxPowerKw":38,"isMegawatt":false,"status":"AVAILABLE","source":"ndw","priceKwh":0.3}},{"type":"Feature","geometry":{"type":"Point","coordinates":[4.498147,52.173862]},"properties":{"type":"charge","layer":"passenger","locationId":"68668b30431413fd9bc20489","name":"SJARTEC -right-","address":"Flevoweg 2","city":"Leiden","operatorName":"E-Flux by Road","maxPowerKw":11,"isMegawatt":false,"status":"AVAILABLE","source":"ndw","priceKwh":0.28}},{"type":"Feature","geometry":{"type":"Point","coordinates":[4.491528,52.16895]},"properties":{"type":"charge","layer":"passenger","locationId":"NLLOC001740","name":"NLD, Leiden, Flemingstraat 47","address":"Flemingstraat 47","city":"Leiden","operatorName":"Allego","maxPowerKw":11,"isMegawatt":false,"status":"AVAILABLE","source":"ndw","priceKwh":0.511}},{"type":"Feature","geometry":{"type":"Point","coordinates":[4.469757,52.162623]},"properties":{"type":"charge","layer":"passenger","locationId":"NLLOC000719","name":"NLD, Leiden, Jacob Catslaan 107","address":"Jacob Catslaan 107","city":"Leiden","operatorName":"Allego","maxPowerKw":11,"isMegawatt":false,"status":"AVAILABLE","source":"ndw","priceKwh":0.511}},{"type":"Feature","geometry":{"type":"Point","coordinates":[4.477882,52.168948]},"properties":{"type":"charge","layer":"passenger","locationId":"646f509eaedbab001c413838","name":"Parkeergarage Rijnveste","address":"Sandifortdreef  25","city":"Leiden","operatorName":"E-Flux by Road","maxPowerKw":12,"isMegawatt":false,"status":"AVAILABLE","source":"ndw","priceKwh":0.5}},{"type":"Feature","geometry":{"type":"Point","coordinates":[4.46715,52.15123]},"properties":{"type":"charge","layer":"passenger","locationId":"NL000110","name":"Louis Armstronglaan 3 Leiden","address":"Louis Armstronglaan 3","city":"Leiden","operatorName":"StellaPower®","maxPowerKw":17,"isMegawatt":false,"status":"AVAILABLE","source":"ndw","priceKwh":0.471}},{"type":"Feature","geometry":{"type":"Point","coordinates":[4.512408,52.146413]},"properties":{"type":"charge","layer":"passenger","locationId":"NLLOC014621","name":"NL, Minervalaan 21, 2314 BK Leiden","address":"Minervalaan 21","city":"Leiden","operatorName":"Allego","maxPowerKw":11,"isMegawatt":false,"status":"AVAILABLE","source":"ndw","priceKwh":0.511}},{"type":"Feature","geometry":{"type":"Point","coordinates":[4.48318,52.159899]},"properties":{"type":"charge","layer":"passenger","locationId":"NLLOC001753","name":"NLD, Leiden, Oude Varkenmarkt 6","address":"Oude Varkenmarkt 6","city":"Leiden","operatorName":"Allego","maxPowerKw":11,"isMegawatt":false,"status":"AVAILABLE","source":"ndw","priceKwh":0.511}},{"type":"Feature","geometry":{"type":"Point","coordinates":[4.509167,52.172123]},"properties":{"type":"charge","layer":"passenger","locationId":"65b6178e54e5e9001c3a6fef","name":"Leiden/Kiekendiefhorst 6","address":"Kiekendiefhorst  6","city":"Leiden","operatorName":"E-Flux by Road","maxPowerKw":14,"isMegawatt":false,"status":"AVAILABLE","source":"ndw","priceKwh":0.5217}},{"type":"Feature","geometry":{"type":"Point","coordinates":[4.451873,52.152027]},"properties":{"type":"charge","layer":"passenger","locationId":"9248b6c1a2874a62b8dab735c86a215b","name":"Leiden OPL0270 Bakkerplein","address":"Ina Boudier-Bakkerplein 3","city":"Leiden","operatorName":"Opcharge","maxPowerKw":22,"isMegawatt":false,"status":"AVAILABLE","source":"ndw","priceKwh":0.49}},{"type":"Feature","geometry":{"type":"Point","coordinates":[4.479282,52.140896]},"properties":{"type":"charge","layer":"passenger","locationId":"NLLOC003773","name":"NLD, Gemeente Leiden, Berlagestraat 58 2321EL Leiden","address":"Berlagestraat 58","city":"Leiden","operatorName":"Allego","maxPowerKw":11,"isMegawatt":false,"status":"AVAILABLE","source":"ndw","priceKwh":0.511}},{"type":"Feature","geometry":{"type":"Point","coordinates":[4.492846,52.152789]},"properties":{"type":"charge","layer":"passenger","locationId":"3161145","name":"Laadnet Bloemistenhof","address":"Bloemistenhof 6","city":"Leiden","operatorName":"Laadnet","maxPowerKw":22,"isMegawatt":false,"status":"UNAVAILABLE","source":"ndw"}},{"type":"Feature","geometry":{"type":"Point","coordinates":[4.491024,52.171719]},"properties":{"type":"charge","layer":"passenger","locationId":"NLLOC005314","name":"NLD, Gabriël Metzustraat 4 A 2316AJ Leiden","address":"Gabriël Metzustraat 4 A","city":"Leiden","operatorName":"Allego","maxPowerKw":11,"isMegawatt":false,"status":"AVAILABLE","source":"ndw","priceKwh":0.511}},{"type":"Feature","geometry":{"type":"Point","coordinates":[4.4799,52.152105]},"properties":{"type":"charge","layer":"passenger","locationId":"6722054285b114001c65ef8e","name":"Leiden/Annie M.G. Schmidthof 3","address":"Annie M.G. Schmidthof 3","city":"Leiden","operatorName":"E-Flux by Road","maxPowerKw":14,"isMegawatt":false,"status":"AVAILABLE","source":"ndw","priceKwh":0.5217}},{"type":"Feature","geometry":{"type":"Point","coordinates":[4.468903,52.159539]},"properties":{"type":"charge","layer":"passenger","locationId":"NLLOC001139","name":"NLD, Leiden, Vondellaan 2","address":"Vondellaan 2","city":"Leiden","operatorName":"Allego","maxPowerKw":11,"isMegawatt":false,"status":"AVAILABLE","source":"ndw","priceKwh":0.511}},{"type":"Feature","geometry":{"type":"Point","coordinates":[4.489912,52.14492]},"properties":{"type":"charge","layer":"passenger","locationId":"NLLOC001552","name":"NLD, Leiden, Lammenschansweg 132","address":"Lammenschansweg 132","city":"Leiden","operatorName":"Allego","maxPowerKw":11,"isMegawatt":false,"status":"UNAVAILABLE","source":"ndw","priceKwh":0.511}},{"type":"Feature","geometry":{"type":"Point","coordinates":[4.457918,52.16834]},"properties":{"type":"charge","layer":"passenger","locationId":"60b0fc1318b617f1bbf0f232","name":"Ketelhuis, 842110/5312511020","address":"Niels Bohrweg 2","city":"Leiden","operatorName":"E-Flux by Road","maxPowerKw":22,"isMegawatt":false,"status":"UNAVAILABLE","source":"ndw","priceKwh":0.415}},{"type":"Feature","geometry":{"type":"Point","coordinates":[4.463955,52.156136]},"properties":{"type":"charge","layer":"passenger","locationId":"NLLOC016422","name":"NL, Robijnstraat 94, 2332 KV Leiden","address":"Robijnstraat 94","city":"Leiden","operatorName":"Allego","maxPowerKw":11,"isMegawatt":false,"status":"AVAILABLE","source":"ndw","priceKwh":0.511}},{"type":"Feature","geometry":{"type":"Point","coordinates":[4.512679,52.145103]},"properties":{"type":"charge","layer":"passenger","locationId":"NLLOC000629","name":"NLD, Leiden, Drususlaan 20","address":"Drususlaan 20","city":"Leiden","operatorName":"Allego","maxPowerKw":11,"isMegawatt":false,"status":"AVAILABLE","source":"ndw","priceKwh":0.511}},{"type":"Feature","geometry":{"type":"Point","coordinates":[4.4826,52.17043]},"properties":{"type":"charge","layer":"passenger","locationId":"NLLOC000878","name":"NLD, Mariënpoelstraat 37, 2334 CX Leiden","address":"Mariënpoelstraat 37","city":"Leiden","operatorName":"Allego","maxPowerKw":11,"isMegawatt":false,"status":"AVAILABLE","source":"ndw","priceKwh":0.511}},{"type":"Feature","geometry":{"type":"Point","coordinates":[4.516896,52.151676]},"properties":{"type":"charge","layer":"passenger","locationId":"684a866caf0e6cd491c69795","name":"Leiden/Spaarnestraat 64","address":"Spaarnestraat 64","city":"Leiden","operatorName":"E-Flux by Road","maxPowerKw":14,"isMegawatt":false,"status":"AVAILABLE","source":"ndw","priceKwh":0.562}},{"type":"Feature","geometry":{"type":"Point","coordinates":[4.482,52.152921]},"properties":{"type":"charge","layer":"passenger","locationId":"NLLOC007162","name":"NL, Rijn en Schiekade 114 A, 2311 AS, Leiden","address":"Rijn en Schiekade 114 A","city":"Leiden","operatorName":"Allego","maxPowerKw":11,"isMegawatt":false,"status":"AVAILABLE","source":"ndw","priceKwh":0.511}},{"type":"Feature","geometry":{"type":"Point","coordinates":[4.452046,52.159014]},"properties":{"type":"charge","layer":"passenger","locationId":"NLLOC011256","name":"NL, Andrej Sacharovstraat 15, 2332AB, Leiden","address":"Andrej Sacharovstraat 15","city":"Leiden","operatorName":"Allego","maxPowerKw":11,"isMegawatt":false,"status":"AVAILABLE","source":"ndw","priceKwh":0.511}},{"type":"Feature","geometry":{"type":"Point","coordinates":[4.51653,52.15798]},"properties":{"type":"charge","layer":"passenger","locationId":"NL000156","name":"Joop den Uyllaan 22 Leiden","address":"Joop den Uyllaan 22","city":"Leiden","operatorName":"www.stellapower.eu","maxPowerKw":17,"isMegawatt":false,"status":"AVAILABLE","source":"ndw","priceKwh":0.471}},{"type":"Feature","geometry":{"type":"Point","coordinates":[4.4489,52.145449]},"properties":{"type":"charge","layer":"passenger","locationId":"NLLOC000129","name":"NLD, Leiden, Gerda Brautigamsingel 26","address":"Gerda Brautigamsingel 26","city":"Leiden","operatorName":"Allego","maxPowerKw":11,"isMegawatt":false,"status":"AVAILABLE","source":"ndw","priceKwh":0.511}},{"type":"Feature","geometry":{"type":"Point","coordinates":[4.473067,52.147779]},"properties":{"type":"charge","layer":"passenger","locationId":"NLLOC020729","name":"NL, Obrechtstraat 91, 2324VM Leiden","address":"Obrechtstraat 91","city":"Leiden","operatorName":"Allego","maxPowerKw":11,"isMegawatt":false,"status":"AVAILABLE","source":"ndw","priceKwh":0.511}},{"type":"Feature","geometry":{"type":"Point","coordinates":[4.453999,52.158359]},"properties":{"type":"charge","layer":"passenger","locationId":"NLLOC002011","name":"NLD, Leiden, Hoge Morsweg 152","address":"Hoge Morsweg 152","city":"Leiden","operatorName":"Allego","maxPowerKw":11,"isMegawatt":false,"status":"AVAILABLE","source":"ndw","priceKwh":0.511}},{"type":"Feature","geometry":{"type":"Point","coordinates":[4.494612,52.149941]},"properties":{"type":"charge","layer":"passenger","locationId":"6513f3249a77fc002054d941","name":"Leiden/ Lammeschansweg 58","address":"Lammenschansweg 52","city":"Leiden","operatorName":"E-Flux by Road","maxPowerKw":14,"isMegawatt":false,"status":"AVAILABLE","source":"ndw","priceKwh":0.5217}},{"type":"Feature","geometry":{"type":"Point","coordinates":[4.49973,52.167773]},"properties":{"type":"charge","layer":"passenger","locationId":"646e21580e4a3d001cf77294","name":"Leiden/Willem de Zwijgerlaan-Falckstraat","address":"Willem de Zwijgerlaan 219","city":"Leiden","operatorName":"E-Flux by Road","maxPowerKw":14,"isMegawatt":false,"status":"AVAILABLE","source":"ndw","priceKwh":0.5217}},{"type":"Feature","geometry":{"type":"Point","coordinates":[4.489782,52.169074]},"properties":{"type":"charge","layer":"passenger","locationId":"67164b5f9937f6001c75b760","name":"Leiden/Maredijk 143","address":"Maredijk 143","city":"Leiden","operatorName":"E-Flux by Road","maxPowerKw":14,"isMegawatt":false,"status":"AVAILABLE","source":"ndw","priceKwh":0.5217}},{"type":"Feature","geometry":{"type":"Point","coordinates":[4.44948,52.159265]},"properties":{"type":"charge","layer":"passenger","locationId":"69afbdd5a59b7c858b2efee7","name":"Van der Valk - Leiden - Charging Stations","address":"Haagse Schouwweg 14","city":"Leiden","operatorName":"Valk Energy","maxPowerKw":11,"isMegawatt":false,"status":"AVAILABLE","source":"ndw","priceKwh":0.59}},{"type":"Feature","geometry":{"type":"Point","coordinates":[4.481313,52.148545]},"properties":{"type":"charge","layer":"passenger","locationId":"NLLOC010947","name":"NL, Fitterstraat, 61, 2321PJ, Leiden","address":"Fitterstraat 61","city":"Leiden","operatorName":"Allego","maxPowerKw":11,"isMegawatt":false,"status":"AVAILABLE","source":"ndw","priceKwh":0.511}},{"type":"Feature","geometry":{"type":"Point","coordinates":[4.446733,52.146791]},"properties":{"type":"charge","layer":"passenger","locationId":"NLLOC016221","name":"NL, Anna Teding van Berkhoutstraat 2, 2331NR, Leiden","address":"Anna Teding van Berkhoutstraat 2","city":"Leiden","operatorName":"Allego","maxPowerKw":11,"isMegawatt":false,"status":"AVAILABLE","source":"ndw","priceKwh":0.511}},{"type":"Feature","geometry":{"type":"Point","coordinates":[4.486741,52.168001]},"properties":{"type":"charge","layer":"passenger","locationId":"NLLOC002009","name":"NLD, Leiden, Parmentierweg 2","address":"Parmentierweg 2","city":"Leiden","operatorName":"Allego","maxPowerKw":11,"isMegawatt":false,"status":"AVAILABLE","source":"ndw","priceKwh":0.511}},{"type":"Feature","geometry":{"type":"Point","coordinates":[4.476387,52.156663]},"properties":{"type":"charge","layer":"passenger","locationId":"NLLOC000881","name":"NLD, Leiden, Ten Katestraat 1","address":"Ten Katestraat 1","city":"Leiden","operatorName":"Allego","maxPowerKw":11,"isMegawatt":false,"status":"AVAILABLE","source":"ndw","priceKwh":0.511}},{"type":"Feature","geometry":{"type":"Point","coordinates":[4.506191,52.154856]},"properties":{"type":"charge","layer":"passenger","locationId":"NLLOC023931","name":"NL, Cobetstraat 1A, 2313KA, Leiden","address":"Cobetstraat 1a","city":"Leiden","operatorName":"Allego","maxPowerKw":11,"isMegawatt":false,"status":"AVAILABLE","source":"ndw","priceKwh":0.511}},{"type":"Feature","geometry":{"type":"Point","coordinates":[4.515332,52.154483]},"properties":{"type":"charge","layer":"passenger","locationId":"NLLOC000362","name":"NLD, Leiden, Aarstraat 1","address":"Aarstraat 1","city":"Leiden","operatorName":"Allego","maxPowerKw":11,"isMegawatt":false,"status":"AVAILABLE","source":"ndw","priceKwh":0.511}},{"type":"Feature","geometry":{"type":"Point","coordinates":[4.46901,52.143519]},"properties":{"type":"charge","layer":"passenger","locationId":"NLLOC000133","name":"NLD, Leiden, Händelstraat 26","address":"Händelstraat 26","city":"Leiden","operatorName":"Allego","maxPowerKw":11,"isMegawatt":false,"status":"AVAILABLE","source":"ndw","priceKwh":0.511}},{"type":"Feature","geometry":{"type":"Point","coordinates":[4.495134,52.164575]},"properties":{"type":"charge","layer":"passenger","locationId":"6849f30edf772bdccc25d2bd","name":"Leiden/Maresingel - Prins Frederikstraat 2, 2316CJ Leiden","address":"Prins Frederikstraat 2","city":"Leiden","operatorName":"E-Flux by Road","maxPowerKw":14,"isMegawatt":false,"status":"AVAILABLE","source":"ndw","priceKwh":0.562}},{"type":"Feature","geometry":{"type":"Point","coordinates":[4.469384,52.151177]},"properties":{"type":"charge","layer":"passenger","locationId":"NLLOC016064","name":"NL, Noachstraat 68, 2324LT, Leiden","address":"Noachstraat 68","city":"Leiden","operatorName":"Allego","maxPowerKw":11,"isMegawatt":false,"status":"AVAILABLE","source":"ndw","priceKwh":0.511}},{"type":"Feature","geometry":{"type":"Point","coordinates":[4.511069,52.160025]},"properties":{"type":"charge","layer":"passenger","locationId":"NLLOC002651","name":"NLD, Willem Barentszstraat 11 2315 TZ Leiden","address":"Willem Barentszstraat 11","city":"Leiden","operatorName":"Allego","maxPowerKw":11,"isMegawatt":false,"status":"AVAILABLE","source":"ndw","priceKwh":0.511}},{"type":"Feature","geometry":{"type":"Point","coordinates":[4.509415,52.152614]},"properties":{"type":"charge","layer":"passenger","locationId":"NLLOC004725","name":"NLD, Roomburgerlaan 16 2313PS Leiden","address":"Roomburgerlaan 16","city":"Leiden","operatorName":"Allego","maxPowerKw":11,"isMegawatt":false,"status":"CHARGING","source":"ndw","priceKwh":0.511}},{"type":"Feature","geometry":{"type":"Point","coordinates":[4.479888,52.15018]},"properties":{"type":"charge","layer":"passenger","locationId":"NLLOC000875","name":"NLD, Leiden, Hoflaan 84","address":"Hoflaan 84","city":"Leiden","operatorName":"Allego","maxPowerKw":11,"isMegawatt":false,"status":"AVAILABLE","source":"ndw","priceKwh":0.511}},{"type":"Feature","geometry":{"type":"Point","coordinates":[4.503111,52.151778]},"properties":{"type":"charge","layer":"passenger","locationId":"NLLOC015988","name":"NL, Cobetstraat 58, 2313KD, Leiden","address":"Cobetstraat 58","city":"Leiden","operatorName":"Allego","maxPowerKw":11,"isMegawatt":false,"status":"AVAILABLE","source":"ndw","priceKwh":0.511}},{"type":"Feature","geometry":{"type":"Point","coordinates":[4.505466,52.15501]},"properties":{"type":"charge","layer":"passenger","locationId":"NLLOC000725","name":"NLD, Leiden, P.J. Blokstraat 2","address":"P.J. Blokstraat 2","city":"Leiden","operatorName":"Allego","maxPowerKw":11,"isMegawatt":false,"status":"AVAILABLE","source":"ndw","priceKwh":0.511}},{"type":"Feature","geometry":{"type":"Point","coordinates":[4.47926,52.156307]},"properties":{"type":"charge","layer":"passenger","locationId":"NLLOC001287","name":"NLD, Leiden, Blauwe Tramstraat 118","address":"Blauwe Tramstraat 118","city":"Leiden","operatorName":"Allego","maxPowerKw":11,"isMegawatt":false,"status":"AVAILABLE","source":"ndw","priceKwh":0.511}},{"type":"Feature","geometry":{"type":"Point","coordinates":[4.471913,52.167044]},"properties":{"type":"charge","layer":"passenger","locationId":"2297089","name":"Laadnet St Hogeschool Leiden","address":"Zernikedreef 11","city":"Leiden","operatorName":"Laadnet","maxPowerKw":22,"isMegawatt":false,"status":"AVAILABLE","source":"ndw"}},{"type":"Feature","geometry":{"type":"Point","coordinates":[4.504826,52.153224]},"properties":{"type":"charge","layer":"passenger","locationId":"NLLOC007213","name":"NL, Fruinlaan 6, 2313 ER, Leiden","address":"Fruinlaan 6","city":"Leiden","operatorName":"Allego","maxPowerKw":11,"isMegawatt":false,"status":"AVAILABLE","source":"ndw","priceKwh":0.511}},{"type":"Feature","geometry":{"type":"Point","coordinates":[4.494599,52.172066]},"properties":{"type":"charge","layer":"passenger","locationId":"NLLOC000718","name":"NLD, Leiden, Evenementenlaan 55","address":"Evenementenlaan 55","city":"Leiden","operatorName":"Allego","maxPowerKw":11,"isMegawatt":false,"status":"AVAILABLE","source":"ndw","priceKwh":0.511}},{"type":"Feature","geometry":{"type":"Point","coordinates":[4.469885,52.159427]},"properties":{"type":"charge","layer":"passenger","locationId":"664dfa355890ea001da12b9d","name":"Leiden/Lage Morsweg 21 A","address":"Lage Morsweg  21A","city":"Leiden","operatorName":"E-Flux by Road","maxPowerKw":14,"isMegawatt":false,"status":"AVAILABLE","source":"ndw","priceKwh":0.5217}},{"type":"Feature","geometry":{"type":"Point","coordinates":[4.486608,52.143045]},"properties":{"type":"charge","layer":"passenger","locationId":"NLLOC002010","name":"NLD, Leiden, Zoeterwoudseweg 166","address":"Zoeterwoudseweg 166","city":"Leiden","operatorName":"Allego","maxPowerKw":11,"isMegawatt":false,"status":"AVAILABLE","source":"ndw","priceKwh":0.511}},{"type":"Feature","geometry":{"type":"Point","coordinates":[4.502124,52.181758]},"properties":{"type":"charge","layer":"passenger","locationId":"NLLOC002008","name":"NLD, Leiden, Zandegge 19","address":"Zandegge 19","city":"Leiden","operatorName":"Allego","maxPowerKw":11,"isMegawatt":false,"status":"AVAILABLE","source":"ndw","priceKwh":0.511}},{"type":"Feature","geometry":{"type":"Point","coordinates":[4.466526,52.161478]},"properties":{"type":"charge","layer":"passenger","locationId":"NLLOC000142","name":"NLD, Leiden, Lage Morsweg 91","address":"Lage Morsweg 91","city":"Leiden","operatorName":"Allego","maxPowerKw":11,"isMegawatt":false,"status":"CHARGING","source":"ndw","priceKwh":0.511}},{"type":"Feature","geometry":{"type":"Point","coordinates":[4.487012,52.148408]},"properties":{"type":"charge","layer":"passenger","locationId":"NLLOC001131","name":"NLD, Fruitweg 2 2321GK Leiden","address":"Fruitweg 2","city":"Leiden","operatorName":"Allego","maxPowerKw":11,"isMegawatt":false,"status":"AVAILABLE","source":"ndw","priceKwh":0.511}},{"type":"Feature","geometry":{"type":"Point","coordinates":[4.466081,52.163204]},"properties":{"type":"charge","layer":"passenger","locationId":"NLLOC003571","name":"NLD, Jan Luykenlaan 186, 2332 DH Leiden","address":"Jan Luykenlaan 186","city":"Leiden","operatorName":"Allego","maxPowerKw":11,"isMegawatt":false,"status":"AVAILABLE","source":"ndw","priceKwh":0.511}},{"type":"Feature","geometry":{"type":"Point","coordinates":[4.46452,52.157889]},"properties":{"type":"charge","layer":"passenger","locationId":"NLLOC011512","name":"NL, Opaalstraat 229, 2332TA, Leiden","address":"Opaalstraat 229","city":"Leiden","operatorName":"Allego","maxPowerKw":11,"isMegawatt":false,"status":"AVAILABLE","source":"ndw","priceKwh":0.511}},{"type":"Feature","geometry":{"type":"Point","coordinates":[4.478549,52.148645]},"properties":{"type":"charge","layer":"passenger","locationId":"6853ebf5331d6612e88b1c00","name":"Leiden / Gerrit Kasteinstraat 71 / 2321RV","address":"Gerrit Kasteinstraat  71","city":"Leiden","operatorName":"E-Flux by Road","maxPowerKw":14,"isMegawatt":false,"status":"AVAILABLE","source":"ndw","priceKwh":0.562}},{"type":"Feature","geometry":{"type":"Point","coordinates":[4.510296,52.1474]},"properties":{"type":"charge","layer":"passenger","locationId":"NLLOC000630","name":"NLD, Leiden, Venusstraat 50","address":"Venusstraat 50","city":"Leiden","operatorName":"Allego","maxPowerKw":11,"isMegawatt":false,"status":"AVAILABLE","source":"ndw","priceKwh":0.511}},{"type":"Feature","geometry":{"type":"Point","coordinates":[4.516887,52.156703]},"properties":{"type":"charge","layer":"passenger","locationId":"NLCCH00530","name":"Leiden - Calslaan 21","address":"Calslaan 21","city":"Leiden","operatorName":"","maxPowerKw":11,"isMegawatt":false,"status":"AVAILABLE","source":"ndw","priceKwh":0.5549}},{"type":"Feature","geometry":{"type":"Point","coordinates":[4.498511,52.150512]},"properties":{"type":"charge","layer":"passenger","locationId":"NLLOC003089","name":"NLD, Thorbeckestraat 78, 2313 HG Leiden","address":"Thorbeckestraat 78","city":"Leiden","operatorName":"Allego","maxPowerKw":11,"isMegawatt":false,"status":"AVAILABLE","source":"ndw","priceKwh":0.511}},{"type":"Feature","geometry":{"type":"Point","coordinates":[4.47827,52.144911]},"properties":{"type":"charge","layer":"passenger","locationId":"6851615966975deb5fc87348","name":"Leiden/Walraven van Hallstraat-Montgomerystraat 23/2321CP Leiden","address":"Montgomerystraat 23","city":"Leiden","operatorName":"E-Flux by Road","maxPowerKw":14,"isMegawatt":false,"status":"AVAILABLE","source":"ndw","priceKwh":0.562}},{"type":"Feature","geometry":{"type":"Point","coordinates":[4.512305,52.148938]},"properties":{"type":"charge","layer":"passenger","locationId":"NLLOC006678","name":"NL, Julius Caesarlaan 4, 2314 BR, Leiden","address":"Julius Caesarlaan 4","city":"Leiden","operatorName":"Allego","maxPowerKw":11,"isMegawatt":false,"status":"AVAILABLE","source":"ndw","priceKwh":0.511}},{"type":"Feature","geometry":{"type":"Point","coordinates":[4.491525,52.15179]},"properties":{"type":"charge","layer":"passenger","locationId":"NLLOC003268","name":"NLD, Leliestraat 31, 2313 BD Leiden","address":"Leliestraat 31","city":"Leiden","operatorName":"Allego","maxPowerKw":11,"isMegawatt":false,"status":"AVAILABLE","source":"ndw","priceKwh":0.511}},{"type":"Feature","geometry":{"type":"Point","coordinates":[4.475233,52.17552]},"properties":{"type":"charge","layer":"passenger","locationId":"NLCCH00269","name":"Leiden - Van Ledenberchstraat 2","address":"Van Ledenberchstraat 2","city":"Leiden","operatorName":"","maxPowerKw":11,"isMegawatt":false,"status":"AVAILABLE","source":"ndw","priceKwh":0.5549}},{"type":"Feature","geometry":{"type":"Point","coordinates":[4.482203,52.172051]},"properties":{"type":"charge","layer":"passenger","locationId":"68c2cce99bd4a5cee1799eb9","name":"Leiden / Kagerstraat 3","address":"Kagerstraat  3","city":"Leiden","operatorName":"E-Flux by Road","maxPowerKw":14,"isMegawatt":false,"status":"AVAILABLE","source":"ndw","priceKwh":0.562}},{"type":"Feature","geometry":{"type":"Point","coordinates":[4.512374,52.162914]},"properties":{"type":"charge","layer":"passenger","locationId":"NLLOC001754","name":"NLD, Leiden, Sumatrastraat 47","address":"Sumatrastraat 47","city":"Leiden","operatorName":"Allego","maxPowerKw":11,"isMegawatt":false,"status":"CHARGING","source":"ndw","priceKwh":0.511}},{"type":"Feature","geometry":{"type":"Point","coordinates":[4.488313,52.142589]},"properties":{"type":"charge","layer":"passenger","locationId":"OST22P0016_0073_0","name":"OST22P0016_0073_0","address":"Lammenschansweg 144","city":"Leiden","operatorName":"e-VOLTT","maxPowerKw":10,"isMegawatt":false,"status":"AVAILABLE","source":"ndw","priceKwh":0.537}},{"type":"Feature","geometry":{"type":"Point","coordinates":[4.502924,52.158816]},"properties":{"type":"charge","layer":"passenger","locationId":"685bcd56e1758561f2b45070","name":"Laadpalen commercieel parkeren","address":"Oosterkerkstraat  12","city":"Leiden","operatorName":"E-Flux by Road","maxPowerKw":22,"isMegawatt":false,"status":"AVAILABLE","source":"ndw","priceKwh":0.53}},{"type":"Feature","geometry":{"type":"Point","coordinates":[4.494619,52.170536]},"properties":{"type":"charge","layer":"passenger","locationId":"NLLOC004481","name":"NLD, Evenementenlaan 37 2316LC Leiden","address":"Evenementenlaan 37","city":"Leiden","operatorName":"Allego","maxPowerKw":11,"isMegawatt":false,"status":"CHARGING","source":"ndw","priceKwh":0.511}},{"type":"Feature","geometry":{"type":"Point","coordinates":[4.456546,52.151121]},"properties":{"type":"charge","layer":"passenger","locationId":"NLLOC014785","name":"NL, Jo de Clerstraat 18, 2331 CG Leiden","address":"Jo de Clerstraat 18","city":"Leiden","operatorName":"Allego","maxPowerKw":11,"isMegawatt":false,"status":"AVAILABLE","source":"ndw","priceKwh":0.511}},{"type":"Feature","geometry":{"type":"Point","coordinates":[4.49102,52.148668]},"properties":{"type":"charge","layer":"passenger","locationId":"NLLOC011867","name":"NL, Seringenstraat 30, 2313VV, Leiden","address":"Seringenstraat 30","city":"Leiden","operatorName":"Allego","maxPowerKw":11,"isMegawatt":false,"status":"AVAILABLE","source":"ndw","priceKwh":0.511}},{"type":"Feature","geometry":{"type":"Point","coordinates":[4.491497,52.150392]},"properties":{"type":"charge","layer":"passenger","locationId":"NLLOC004192","name":"NLD, Pieter de la Courtstraat 67 2313BR Leiden","address":"Pieter de la Courtstraat 67","city":"Leiden","operatorName":"Allego","maxPowerKw":11,"isMegawatt":false,"status":"AVAILABLE","source":"ndw","priceKwh":0.511}},{"type":"Feature","geometry":{"type":"Point","coordinates":[4.476601,52.149747]},"properties":{"type":"charge","layer":"passenger","locationId":"NLLOC011305","name":"NL, Boshuizerlaan 1, 2321SG, Leiden","address":"Boshuizerlaan 1","city":"Leiden","operatorName":"Allego","maxPowerKw":11,"isMegawatt":false,"status":"AVAILABLE","source":"ndw","priceKwh":0.511}},{"type":"Feature","geometry":{"type":"Point","coordinates":[4.481273,52.156106]},"properties":{"type":"charge","layer":"passenger","locationId":"NLLOC001288","name":"NLD, Leiden, Groenhovenstraat 6","address":"Groenhovenstraat 6","city":"Leiden","operatorName":"Allego","maxPowerKw":11,"isMegawatt":false,"status":"AVAILABLE","source":"ndw","priceKwh":0.511}},{"type":"Feature","geometry":{"type":"Point","coordinates":[4.49682,52.162185]},"properties":{"type":"charge","layer":"passenger","locationId":"NLLOC002839","name":"NLD, Oostdwarsgracht 1 2312 PM Leiden","address":"Oostdwarsgracht 1","city":"Leiden","operatorName":"Allego","maxPowerKw":11,"isMegawatt":false,"status":"AVAILABLE","source":"ndw","priceKwh":0.511}},{"type":"Feature","geometry":{"type":"Point","coordinates":[4.452706,52.154239]},"properties":{"type":"charge","layer":"passenger","locationId":"NLLOC004290","name":"NLD Nienke van Hichtumstraat 32 2331EZ Leiden","address":"Nienke van Hichtumstraat 32","city":"Leiden","operatorName":"Allego","maxPowerKw":11,"isMegawatt":false,"status":"AVAILABLE","source":"ndw","priceKwh":0.511}},{"type":"Feature","geometry":{"type":"Point","coordinates":[4.490868,52.162379]},"properties":{"type":"charge","layer":"passenger","locationId":"NLLOC007151","name":"NL, Oude Vest 63, 2312 XS, Leiden","address":"Oude Vest 63","city":"Leiden","operatorName":"Allego","maxPowerKw":11,"isMegawatt":false,"status":"CHARGING","source":"ndw","priceKwh":0.511}},{"type":"Feature","geometry":{"type":"Point","coordinates":[4.49627,52.15495]},"properties":{"type":"charge","layer":"passenger","locationId":"NL000112","name":"Levendaal 80 Leiden","address":"Levendaal 80","city":"Leiden","operatorName":"StellaPower®","maxPowerKw":17,"isMegawatt":false,"status":"AVAILABLE","source":"ndw","priceKwh":0.471}},{"type":"Feature","geometry":{"type":"Point","coordinates":[4.510868,52.153937]},"properties":{"type":"charge","layer":"passenger","locationId":"NLLOC001137","name":"NLD, Leiden, Hartmanstraat 2","address":"Hartmanstraat 2","city":"Leiden","operatorName":"Allego","maxPowerKw":11,"isMegawatt":false,"status":"AVAILABLE","source":"ndw","priceKwh":0.511}},{"type":"Feature","geometry":{"type":"Point","coordinates":[4.484529,52.150212]},"properties":{"type":"charge","layer":"passenger","locationId":"NLLOC000131","name":"NLD, Leiden, Schelpenkade 60","address":"Schelpenkade 60","city":"Leiden","operatorName":"Allego","maxPowerKw":11,"isMegawatt":false,"status":"AVAILABLE","source":"ndw","priceKwh":0.511}},{"type":"Feature","geometry":{"type":"Point","coordinates":[4.506529,52.157631]},"properties":{"type":"charge","layer":"passenger","locationId":"NLLOC000877","name":"NLD, Leiden, Oosterstraat 24","address":"Oosterstraat 24","city":"Leiden","operatorName":"Allego","maxPowerKw":11,"isMegawatt":false,"status":"CHARGING","source":"ndw","priceKwh":0.511}},{"type":"Feature","geometry":{"type":"Point","coordinates":[4.487302,52.14641]},"properties":{"type":"charge","layer":"passenger","locationId":"65c48c285be724001caaf7ee","name":"Leiden/Meloenstraat 2-Veilingkade","address":"Veilingkade 3","city":"Leiden","operatorName":"E-Flux by Road","maxPowerKw":14,"isMegawatt":false,"status":"AVAILABLE","source":"ndw","priceKwh":0.5217}},{"type":"Feature","geometry":{"type":"Point","coordinates":[4.451901,52.157747]},"properties":{"type":"charge","layer":"passenger","locationId":"69fc918a4319c30c024b7f87","name":"Leiden/ Rijndijk 264 / Paal 1","address":"Rijndijk 264","city":"Leiden","operatorName":"E-Flux by Road","maxPowerKw":14,"isMegawatt":false,"status":"AVAILABLE","source":"ndw","priceKwh":0.562}},{"type":"Feature","geometry":{"type":"Point","coordinates":[4.449686,52.153313]},"properties":{"type":"charge","layer":"passenger","locationId":"NLLOC017891","name":"NL, Petronella Moenspad 30, 2331GX, Leiden","address":"Petronella Moenspad 30","city":"Leiden","operatorName":"Allego","maxPowerKw":11,"isMegawatt":false,"status":"AVAILABLE","source":"ndw","priceKwh":0.511}},{"type":"Feature","geometry":{"type":"Point","coordinates":[4.500885,52.177018]},"properties":{"type":"charge","layer":"passenger","locationId":"NLLOC018962","name":"NL, Lupinetuin 16, 2317MX, Leiden","address":"Lupinetuin 16","city":"Leiden","operatorName":"Allego","maxPowerKw":11,"isMegawatt":false,"status":"AVAILABLE","source":"ndw","priceKwh":0.511}},{"type":"Feature","geometry":{"type":"Point","coordinates":[4.513501,52.146993]},"properties":{"type":"charge","layer":"passenger","locationId":"NLLOC004344","name":"NLD, Julius Caesarlaan 19 2314BR Leiden","address":"Julius Caesarlaan 19","city":"Leiden","operatorName":"Allego","maxPowerKw":11,"isMegawatt":false,"status":"AVAILABLE","source":"ndw","priceKwh":0.511}},{"type":"Feature","geometry":{"type":"Point","coordinates":[4.502581,52.155343]},"properties":{"type":"charge","layer":"passenger","locationId":"NLLOC016175","name":"NL, Plantage 8, 2311 JC Leiden","address":"Plantage 8","city":"Leiden","operatorName":"Allego","maxPowerKw":11,"isMegawatt":false,"status":"AVAILABLE","source":"ndw","priceKwh":0.511}},{"type":"Feature","geometry":{"type":"Point","coordinates":[4.510681,52.163225]},"properties":{"type":"charge","layer":"passenger","locationId":"67221369d501e6001c7e546f","name":"Leiden/Javastraat 54A","address":"Javastraat 54A","city":"Leiden","operatorName":"E-Flux by Road","maxPowerKw":14,"isMegawatt":false,"status":"AVAILABLE","source":"ndw","priceKwh":0.5217}},{"type":"Feature","geometry":{"type":"Point","coordinates":[4.499262,52.178275]},"properties":{"type":"charge","layer":"passenger","locationId":"NLLOC000724","name":"NLD, Leiden, Kruisbes 1","address":"Kruisbes 1","city":"Leiden","operatorName":"Allego","maxPowerKw":11,"isMegawatt":false,"status":"AVAILABLE","source":"ndw","priceKwh":0.511}},{"type":"Feature","geometry":{"type":"Point","coordinates":[4.492764,52.16987]},"properties":{"type":"charge","layer":"passenger","locationId":"NLLOC001130","name":"NLD, Leiden, Floris Versterlaan 3","address":"Floris Versterlaan 3","city":"Leiden","operatorName":"Allego","maxPowerKw":11,"isMegawatt":false,"status":"AVAILABLE","source":"ndw","priceKwh":0.511}},{"type":"Feature","geometry":{"type":"Point","coordinates":[4.469839,52.172032]},"properties":{"type":"charge","layer":"passenger","locationId":"NLLOC000130","name":"NLD, Leiden, Mezenstraat 15","address":"Mezenstraat 15","city":"Leiden","operatorName":"Allego","maxPowerKw":11,"isMegawatt":false,"status":"AVAILABLE","source":"ndw","priceKwh":0.511}},{"type":"Feature","geometry":{"type":"Point","coordinates":[4.483903,52.151562]},"properties":{"type":"charge","layer":"passenger","locationId":"NLLOC000140","name":"NLD, Leiden, Witte Rozenstraat 57","address":"Witte Rozenstraat 57","city":"Leiden","operatorName":"Allego","maxPowerKw":11,"isMegawatt":false,"status":"AVAILABLE","source":"ndw","priceKwh":0.511}},{"type":"Feature","geometry":{"type":"Point","coordinates":[4.470391,52.14269]},"properties":{"type":"charge","layer":"passenger","locationId":"NLCCH00263","name":"Leiden - Brahmslaan 145","address":"Brahmslaan 145","city":"Leiden","operatorName":"","maxPowerKw":11,"isMegawatt":false,"status":"AVAILABLE","source":"ndw","priceKwh":0.5549}},{"type":"Feature","geometry":{"type":"Point","coordinates":[4.47204,52.161459]},"properties":{"type":"charge","layer":"passenger","locationId":"6878dd45a0004bb6e94cff54","name":"Leiden/ Vondellaan 58","address":"Vondellaan  58","city":"Leiden","operatorName":"E-Flux by Road","maxPowerKw":14,"isMegawatt":false,"status":"AVAILABLE","source":"ndw","priceKwh":0.562}},{"type":"Feature","geometry":{"type":"Point","coordinates":[4.517897,52.153472]},"properties":{"type":"charge","layer":"passenger","locationId":"NLLOC007148","name":"NL, Lekstraat 2, 2314 VG, Leiden","address":"Lekstraat 2","city":"Leiden","operatorName":"Allego","maxPowerKw":11,"isMegawatt":false,"status":"AVAILABLE","source":"ndw","priceKwh":0.511}},{"type":"Feature","geometry":{"type":"Point","coordinates":[4.499509,52.179946]},"properties":{"type":"charge","layer":"passenger","locationId":"NLLOC006920","name":"NL, Lauwerbes 7, 2318 AT, Leiden","address":"Lauwerbes 7","city":"Leiden","operatorName":"Allego","maxPowerKw":11,"isMegawatt":false,"status":"AVAILABLE","source":"ndw","priceKwh":0.511}},{"type":"Feature","geometry":{"type":"Point","coordinates":[4.501809,52.147864]},"properties":{"type":"charge","layer":"passenger","locationId":"NLCCH00566","name":"Leiden - Hazewinkelstraat 20A","address":"Hazewinkelstraat 20A","city":"Leiden","operatorName":"","maxPowerKw":11,"isMegawatt":false,"status":"AVAILABLE","source":"ndw","priceKwh":0.5549}},{"type":"Feature","geometry":{"type":"Point","coordinates":[4.443472,52.149498]},"properties":{"type":"charge","layer":"passenger","locationId":"6874ca4c472fc248dd474ce0","name":"Leiden/ Margaret Staalstraat 37","address":"Margaret Staalstraat  37","city":"Leiden","operatorName":"E-Flux by Road","maxPowerKw":14,"isMegawatt":false,"status":"UNAVAILABLE","source":"ndw","priceKwh":0.562}},{"type":"Feature","geometry":{"type":"Point","coordinates":[4.486275,52.153112]},"properties":{"type":"charge","layer":"passenger","locationId":"NLLOC003086","name":"NLD, Vreewijkstraat 10 2311XH leiden","address":"Vreewijkstraat 10","city":"Leiden","operatorName":"Allego","maxPowerKw":11,"isMegawatt":false,"status":"AVAILABLE","source":"ndw","priceKwh":0.511}},{"type":"Feature","geometry":{"type":"Point","coordinates":[4.446872,52.155026]},"properties":{"type":"charge","layer":"passenger","locationId":"NLLOC000876","name":"NL, Beppy Nooijstraat 2, 2331 HV Leiden (laadpaal 2)","address":"Beppy Nooijstraat 2","city":"Leiden","operatorName":"Allego","maxPowerKw":11,"isMegawatt":false,"status":"AVAILABLE","source":"ndw","priceKwh":0.511}},{"type":"Feature","geometry":{"type":"Point","coordinates":[4.474265,52.173021]},"properties":{"type":"charge","layer":"passenger","locationId":"NLCCH00167","name":"Leiden - Rijnsburgerweg 130","address":"Rijnsburgerweg 130","city":"Leiden","operatorName":"","maxPowerKw":11,"isMegawatt":false,"status":"AVAILABLE","source":"ndw","priceKwh":0.5549}},{"type":"Feature","geometry":{"type":"Point","coordinates":[4.471442,52.141542]},"properties":{"type":"charge","layer":"passenger","locationId":"NLLOC002901","name":"NLD, Leiden, Kennedylaan 9","address":"Kennedylaan 9","city":"Leiden","operatorName":"Allego","maxPowerKw":11,"isMegawatt":false,"status":"AVAILABLE","source":"ndw","priceKwh":0.511}},{"type":"Feature","geometry":{"type":"Point","coordinates":[4.46909,52.15598]},"properties":{"type":"charge","layer":"passenger","locationId":"27AF5255-5783-4C0A-94D8-E599B4ED777F","name":"Eneco eMobility Amphoraweg 1 Leiden","address":"Amphoraweg 1","city":"Leiden","operatorName":"Eneco","maxPowerKw":22,"isMegawatt":false,"status":"AVAILABLE","source":"ndw","priceKwh":0.55}},{"type":"Feature","geometry":{"type":"Point","coordinates":[4.454007,52.149705]},"properties":{"type":"charge","layer":"passenger","locationId":"65d373d82ab6a9001c9cfc67","name":"Leiden/Magda de Haasstraat 13","address":"Maria Montessoripad 3","city":"Leiden","operatorName":"E-Flux by Road","maxPowerKw":14,"isMegawatt":false,"status":"AVAILABLE","source":"ndw","priceKwh":0.5217}},{"type":"Feature","geometry":{"type":"Point","coordinates":[4.492527,52.169686]},"properties":{"type":"charge","layer":"passenger","locationId":"686cfa1ea512c27226a74465","name":"Leiden/Floris Versterlaan 3","address":"Floris Versterlaan 3","city":"Leiden","operatorName":"E-Flux by Road","maxPowerKw":14,"isMegawatt":false,"status":"AVAILABLE","source":"ndw","priceKwh":0.562}},{"type":"Feature","geometry":{"type":"Point","coordinates":[4.503574,52.153129]},"properties":{"type":"charge","layer":"passenger","locationId":"68b6d52c1528bfa3e92556b0","name":"Leiden / Fruinlaan 1 A","address":"Fruinlaan 1A","city":"Leiden","operatorName":"E-Flux by Road","maxPowerKw":14,"isMegawatt":false,"status":"AVAILABLE","source":"ndw","priceKwh":0.562}},{"type":"Feature","geometry":{"type":"Point","coordinates":[4.470371,52.156279]},"properties":{"type":"charge","layer":"passenger","locationId":"NLLOC013600","name":"NL, Morskade 21, 2332 GB Leiden","address":"Morskade 21","city":"Leiden","operatorName":"Allego","maxPowerKw":11,"isMegawatt":false,"status":"AVAILABLE","source":"ndw","priceKwh":0.511}},{"type":"Feature","geometry":{"type":"Point","coordinates":[4.462354,52.161586]},"properties":{"type":"charge","layer":"passenger","locationId":"NLLOC017883","name":"NL, Pieter van der Aastraat 2, 2332PT, Leiden","address":"Pieter van der Aastraat 2","city":"Leiden","operatorName":"Allego","maxPowerKw":11,"isMegawatt":false,"status":"AVAILABLE","source":"ndw","priceKwh":0.511}},{"type":"Feature","geometry":{"type":"Point","coordinates":[4.485802,52.159423]},"properties":{"type":"charge","layer":"passenger","locationId":"NLLOC000146","name":"NLD, Leiden, Langebrug 4","address":"Langebrug 4-A","city":"Leiden","operatorName":"Allego","maxPowerKw":11,"isMegawatt":false,"status":"AVAILABLE","source":"ndw","priceKwh":0.511}},{"type":"Feature","geometry":{"type":"Point","coordinates":[4.499881,52.147989]},"properties":{"type":"charge","layer":"passenger","locationId":"6851cdd6ed6879c5849328da","name":"Leiden/De Sitterlaan 143/2313TM Leiden","address":"De Sitterlaan 143","city":"Leiden","operatorName":"E-Flux by Road","maxPowerKw":14,"isMegawatt":false,"status":"AVAILABLE","source":"ndw","priceKwh":0.562}},{"type":"Feature","geometry":{"type":"Point","coordinates":[4.500492,52.163813]},"properties":{"type":"charge","layer":"passenger","locationId":"NLLOC001290","name":"NLD, Leiden, Maresingel 75","address":"Maresingel 75","city":"Leiden","operatorName":"Allego","maxPowerKw":11,"isMegawatt":false,"status":"AVAILABLE","source":"ndw","priceKwh":0.511}},{"type":"Feature","geometry":{"type":"Point","coordinates":[4.494765,52.154159]},"properties":{"type":"charge","layer":"passenger","locationId":"8fb4808af1f540d1ab7b","name":"Gemaal Geregracht","address":"Geregracht 50","city":"Leiden","operatorName":"","maxPowerKw":43,"isMegawatt":false,"status":"AVAILABLE","source":"ndw","priceKwh":0.5}},{"type":"Feature","geometry":{"type":"Point","coordinates":[4.518374,52.147429]},"properties":{"type":"charge","layer":"passenger","locationId":"NLLOC007407","name":"NL, Concordiastraat 9, 2314 CX, Leiden","address":"Concordiastraat 9","city":"Leiden","operatorName":"Allego","maxPowerKw":11,"isMegawatt":false,"status":"AVAILABLE","source":"ndw","priceKwh":0.511}},{"type":"Feature","geometry":{"type":"Point","coordinates":[4.497438,52.165404]},"properties":{"type":"charge","layer":"passenger","locationId":"NLLOC000634","name":"NLD, Leiden, Bronkhorststraat 15","address":"Bronkhorststraat 15","city":"Leiden","operatorName":"Allego","maxPowerKw":11,"isMegawatt":false,"status":"AVAILABLE","source":"ndw","priceKwh":0.511}},{"type":"Feature","geometry":{"type":"Point","coordinates":[4.500037,52.14911]},"properties":{"type":"charge","layer":"passenger","locationId":"NLCCH00557","name":"Leiden - Van Den Brandelerkade 24","address":"Van den Brandelerkade 24","city":"Leiden","operatorName":"","maxPowerKw":11,"isMegawatt":false,"status":"AVAILABLE","source":"ndw","priceKwh":0.5549}},{"type":"Feature","geometry":{"type":"Point","coordinates":[4.502611,52.174945]},"properties":{"type":"charge","layer":"passenger","locationId":"64ec8596a5594f001c5ef2d2","name":"Leiden/Essenrode 1","address":"Essenrode  1","city":"Leiden","operatorName":"E-Flux by Road","maxPowerKw":14,"isMegawatt":false,"status":"AVAILABLE","source":"ndw","priceKwh":0.5217}},{"type":"Feature","geometry":{"type":"Point","coordinates":[4.442153,52.149284]},"properties":{"type":"charge","layer":"passenger","locationId":"NLLOC003781","name":"NLD, Gemeente Leiden, Lotte Beesestraat 3 2331KG Leiden","address":"Lotte Beesestraat 3","city":"Leiden","operatorName":"Allego","maxPowerKw":11,"isMegawatt":false,"status":"AVAILABLE","source":"ndw","priceKwh":0.511}},{"type":"Feature","geometry":{"type":"Point","coordinates":[4.49758,52.16537]},"properties":{"type":"charge","layer":"passenger","locationId":"NL000101","name":"Bronkhorststraat 5 Leiden","address":"Bronkhorststraat 5","city":"Leiden","operatorName":"StellaPower®","maxPowerKw":17,"isMegawatt":false,"status":"AVAILABLE","source":"ndw","priceKwh":0.471}},{"type":"Feature","geometry":{"type":"Point","coordinates":[4.494207,52.153219]},"properties":{"type":"charge","layer":"passenger","locationId":"NLLOC000289","name":"NLD, Leiden, Lammenschansweg 29","address":"Lammenschansweg 29","city":"Leiden","operatorName":"Allego","maxPowerKw":11,"isMegawatt":false,"status":"AVAILABLE","source":"ndw","priceKwh":0.511}},{"type":"Feature","geometry":{"type":"Point","coordinates":[4.483891,52.146108]},"properties":{"type":"charge","layer":"passenger","locationId":"65e1f3be8ba8b3001c01d559","name":"3-Fasen elektrotechniek","address":"Rooseveltstaat 10 A26","city":"Leiden","operatorName":"Lanova Laadpalen","maxPowerKw":11,"isMegawatt":false,"status":"AVAILABLE","source":"ndw","priceKwh":0.38}},{"type":"Feature","geometry":{"type":"Point","coordinates":[4.510562,52.154939]},"properties":{"type":"charge","layer":"passenger","locationId":"NLLOC000884","name":"NLD, Leiden, Rijndijkstraat 2","address":"Rijndijkstraat 2","city":"Leiden","operatorName":"Allego","maxPowerKw":11,"isMegawatt":false,"status":"AVAILABLE","source":"ndw","priceKwh":0.511}},{"type":"Feature","geometry":{"type":"Point","coordinates":[4.504366,52.155202]},"properties":{"type":"charge","layer":"passenger","locationId":"NLLOC002792","name":"NLD, Zoeterwoudsesingel 109 2313 EN Leiden","address":"Zoeterwoudsesingel 109","city":"Leiden","operatorName":"Allego","maxPowerKw":11,"isMegawatt":false,"status":"UNAVAILABLE","source":"ndw","priceKwh":0.511}},{"type":"Feature","geometry":{"type":"Point","coordinates":[4.461765,52.16278]},"properties":{"type":"charge","layer":"passenger","locationId":"683f19a5c5da4fec609d68a2","name":"Leiden/Luchtmansplein 7/2332PP","address":"Luchtmansplein 7","city":"Leiden","operatorName":"E-Flux by Road","maxPowerKw":14,"isMegawatt":false,"status":"AVAILABLE","source":"ndw","priceKwh":0.562}},{"type":"Feature","geometry":{"type":"Point","coordinates":[4.486095,52.159694]},"properties":{"type":"charge","layer":"passenger","locationId":"6a310f2c0eef3f38c4b617cd","name":"Leiden/ Papengracht 4","address":"Papengracht 4","city":"Leiden","operatorName":"E-Flux by Road","maxPowerKw":14,"isMegawatt":false,"status":"AVAILABLE","source":"ndw","priceKwh":0.562}},{"type":"Feature","geometry":{"type":"Point","coordinates":[4.453568,52.146468]},"properties":{"type":"charge","layer":"passenger","locationId":"NLLOC007522","name":"NL, Johanna Naberstraat 1, 2331 ST, Leiden","address":"Johanna Naberstraat 1","city":"Leiden","operatorName":"Allego","maxPowerKw":11,"isMegawatt":false,"status":"AVAILABLE","source":"ndw","priceKwh":0.511}},{"type":"Feature","geometry":{"type":"Point","coordinates":[4.503713,52.180529]},"properties":{"type":"charge","layer":"passenger","locationId":"NLLOC025388","name":"NL, Fakkelgras 24, 2318 TC Leiden","address":"Fakkelgras 24","city":"Leiden","operatorName":"Allego","maxPowerKw":11,"isMegawatt":false,"status":"AVAILABLE","source":"ndw","priceKwh":0.511}},{"type":"Feature","geometry":{"type":"Point","coordinates":[4.46953,52.16326]},"properties":{"type":"charge","layer":"passenger","locationId":"NL000103","name":"Jan Luykenlaan 11 Leiden","address":"Jan Luykenlaan 11","city":"Leiden","operatorName":"StellaPower®","maxPowerKw":17,"isMegawatt":false,"status":"AVAILABLE","source":"ndw","priceKwh":0.471}},{"type":"Feature","geometry":{"type":"Point","coordinates":[4.504636,52.153086]},"properties":{"type":"charge","layer":"passenger","locationId":"NLCCH00267","name":"Leiden - Fruinlaan 5","address":"Fruinlaan 5","city":"Leiden","operatorName":"","maxPowerKw":11,"isMegawatt":false,"status":"AVAILABLE","source":"ndw","priceKwh":0.5549}},{"type":"Feature","geometry":{"type":"Point","coordinates":[4.505545,52.174216]},"properties":{"type":"charge","layer":"passenger","locationId":"6842926eaaf11ff986aa2058","name":"Leiden/Uilenhorst 25, 2317ZT","address":"Uilenhorst 25","city":"Leiden","operatorName":"E-Flux by Road","maxPowerKw":14,"isMegawatt":false,"status":"AVAILABLE","source":"ndw","priceKwh":0.562}},{"type":"Feature","geometry":{"type":"Point","coordinates":[4.4762,52.175094]},"properties":{"type":"charge","layer":"passenger","locationId":"NLLOC001289","name":"NLD, Leiden, Van Ledenberchstraat 10","address":"Van Ledenberchstraat 10","city":"Leiden","operatorName":"Allego","maxPowerKw":11,"isMegawatt":false,"status":"AVAILABLE","source":"ndw","priceKwh":0.511}},{"type":"Feature","geometry":{"type":"Point","coordinates":[4.473776,52.153877]},"properties":{"type":"charge","layer":"passenger","locationId":"NLLOC002844","name":"NLD, Martinus Nijhoffstraat 1 2321 WK Leiden","address":"Martinus Nijhoffstraat 1","city":"Leiden","operatorName":"Allego","maxPowerKw":11,"isMegawatt":false,"status":"AVAILABLE","source":"ndw","priceKwh":0.511}},{"type":"Feature","geometry":{"type":"Point","coordinates":[4.502358,52.149472]},"properties":{"type":"charge","layer":"passenger","locationId":"NLLOC003047","name":"NLD, Burggravenlaan 193, 2313 HS Leiden","address":"Burggravenlaan 193","city":"Leiden","operatorName":"Allego","maxPowerKw":11,"isMegawatt":false,"status":"AVAILABLE","source":"ndw","priceKwh":0.511}},{"type":"Feature","geometry":{"type":"Point","coordinates":[4.476245,52.13954]},"properties":{"type":"charge","layer":"passenger","locationId":"NLLOC006854","name":"NL, Apollolaan 1 A, 2324 BR, Leiden","address":"Apollolaan 1 A","city":"Leiden","operatorName":"Allego","maxPowerKw":11,"isMegawatt":false,"status":"AVAILABLE","source":"ndw","priceKwh":0.511}},{"type":"Feature","geometry":{"type":"Point","coordinates":[4.51184,52.17786]},"properties":{"type":"charge","layer":"passenger","locationId":"NL000118","name":"Zonnebloem 16 Leiden","address":"Zonnebloem 16","city":"Leiden","operatorName":"StellaPower®","maxPowerKw":17,"isMegawatt":false,"status":"AVAILABLE","source":"ndw","priceKwh":0.471}},{"type":"Feature","geometry":{"type":"Point","coordinates":[4.451778,52.151919]},"properties":{"type":"charge","layer":"passenger","locationId":"cec416d2a8ab441b83826577b31bdcbb","name":"Leiden OPL0280 Bakkerplein","address":"Ina Boudier-Bakkerplein 48","city":"Leiden","operatorName":"Opcharge","maxPowerKw":22,"isMegawatt":false,"status":"AVAILABLE","source":"ndw","priceKwh":0.49}},{"type":"Feature","geometry":{"type":"Point","coordinates":[4.501511,52.181897]},"properties":{"type":"charge","layer":"passenger","locationId":"NLLOC000125","name":"NLD, Leiden, Zandzegge 9","address":"Zandzegge 9","city":"Leiden","operatorName":"Allego","maxPowerKw":11,"isMegawatt":false,"status":"AVAILABLE","source":"ndw","priceKwh":0.511}},{"type":"Feature","geometry":{"type":"Point","coordinates":[4.48519,52.162699]},"properties":{"type":"charge","layer":"passenger","locationId":"fbb54adb7ca34d61b92c3a125771ca88","name":"Leiden Beestenmarkt evenement","address":"Beestenmarkt 1","city":"Leiden","operatorName":"","maxPowerKw":22,"isMegawatt":false,"status":"UNAVAILABLE","source":"ndw"}},{"type":"Feature","geometry":{"type":"Point","coordinates":[4.500707,52.151555]},"properties":{"type":"charge","layer":"passenger","locationId":"NLLOC000145","name":"NLD, Leiden, Wasstraat 40","address":"Wasstraat 40","city":"Leiden","operatorName":"Allego","maxPowerKw":11,"isMegawatt":false,"status":"AVAILABLE","source":"ndw","priceKwh":0.511}},{"type":"Feature","geometry":{"type":"Point","coordinates":[4.45075,52.157142]},"properties":{"type":"charge","layer":"passenger","locationId":"683f1cd052e73600b6f121eb","name":"Leiden/Annie Coertstraat Hovens Gréveplein 34/2331RA","address":"Annie Coertstraat 32","city":"Leiden","operatorName":"E-Flux by Road","maxPowerKw":14,"isMegawatt":false,"status":"AVAILABLE","source":"ndw","priceKwh":0.562}},{"type":"Feature","geometry":{"type":"Point","coordinates":[4.470929,52.142167]},"properties":{"type":"charge","layer":"passenger","locationId":"NLLOC016007","name":"NL, Brahmslaan 6, 2324AM, Leiden","address":"Brahmslaan 6","city":"Leiden","operatorName":"Allego","maxPowerKw":11,"isMegawatt":false,"status":"AVAILABLE","source":"ndw","priceKwh":0.511}},{"type":"Feature","geometry":{"type":"Point","coordinates":[4.520595,52.155159]},"properties":{"type":"charge","layer":"passenger","locationId":"6842905a34b5c8c5089b3ccf","name":"Leiden/Aletta Jacobslaan 55, 2314GA","address":"Aletta Jacobslaan 55","city":"Leiden","operatorName":"E-Flux by Road","maxPowerKw":14,"isMegawatt":false,"status":"AVAILABLE","source":"ndw","priceKwh":0.562}},{"type":"Feature","geometry":{"type":"Point","coordinates":[4.462807,52.16414]},"properties":{"type":"charge","layer":"passenger","locationId":"NLLOC000879","name":"NLD, Leiden, Verbeekstraat 2","address":"Verbeekstraat 2","city":"Leiden","operatorName":"Allego","maxPowerKw":11,"isMegawatt":false,"status":"CHARGING","source":"ndw","priceKwh":0.511}},{"type":"Feature","geometry":{"type":"Point","coordinates":[4.47824,52.17266]},"properties":{"type":"charge","layer":"passenger","locationId":"NL000138","name":"Antonie Duycklaan 10D Leiden","address":"Antonie Duycklaan 10D","city":"Leiden","operatorName":"StellaPower®","maxPowerKw":17,"isMegawatt":false,"status":"AVAILABLE","source":"ndw","priceKwh":0.471}},{"type":"Feature","geometry":{"type":"Point","coordinates":[4.50599,52.159839]},"properties":{"type":"charge","layer":"passenger","locationId":"NLCCH00274","name":"Leiden - Hermanstraat 19","address":"Hermanstraat 19","city":"Leiden","operatorName":"","maxPowerKw":11,"isMegawatt":false,"status":"AVAILABLE","source":"ndw","priceKwh":0.5549}},{"type":"Feature","geometry":{"type":"Point","coordinates":[4.512397,52.155641]},"properties":{"type":"charge","layer":"passenger","locationId":"NLLOC005038","name":"NLD Utrechtse Jaagpad 56 B 2313LB Leiden","address":"Utrechtse Jaagpad 56","city":"Leiden","operatorName":"Allego","maxPowerKw":11,"isMegawatt":false,"status":"AVAILABLE","source":"ndw","priceKwh":0.511}},{"type":"Feature","geometry":{"type":"Point","coordinates":[4.503649,52.153301]},"properties":{"type":"charge","layer":"passenger","locationId":"684c2c0511f2c7326f8d89a8","name":"Leiden/Fruinlaan 2/2313ER","address":"Fruinlaan 2","city":"Leiden","operatorName":"E-Flux by Road","maxPowerKw":14,"isMegawatt":false,"status":"AVAILABLE","source":"ndw","priceKwh":0.562}},{"type":"Feature","geometry":{"type":"Point","coordinates":[4.508946,52.15911]},"properties":{"type":"charge","layer":"passenger","locationId":"685bb7955bae106f708a8841","name":"Leiden/ Kortenaerstraat 103","address":"Kortenaerstraat 103","city":"Leiden","operatorName":"E-Flux by Road","maxPowerKw":14,"isMegawatt":false,"status":"AVAILABLE","source":"ndw","priceKwh":0.562}},{"type":"Feature","geometry":{"type":"Point","coordinates":[4.465274,52.151571]},"properties":{"type":"charge","layer":"passenger","locationId":"NLLOC000880","name":"NLD, Leiden, Haagweg 243","address":"Haagweg 243","city":"Leiden","operatorName":"Allego","maxPowerKw":11,"isMegawatt":false,"status":"AVAILABLE","source":"ndw","priceKwh":0.511}},{"type":"Feature","geometry":{"type":"Point","coordinates":[4.447229,52.148983]},"properties":{"type":"charge","layer":"passenger","locationId":"NLLOC002658","name":"NLD Mary Zeldenrustweg 58 2331 NE Leiden","address":"Mary Zeldenrustweg 58","city":"Leiden","operatorName":"Allego","maxPowerKw":11,"isMegawatt":false,"status":"CHARGING","source":"ndw","priceKwh":0.511}},{"type":"Feature","geometry":{"type":"Point","coordinates":[4.47645,52.156686]},"properties":{"type":"charge","layer":"passenger","locationId":"NL000108","name":"De Genestetstraat 73 Leiden","address":"De Genestetstraat 73","city":"Leiden","operatorName":"StellaPower®","maxPowerKw":17,"isMegawatt":false,"status":"AVAILABLE","source":"ndw","priceKwh":0.471}},{"type":"Feature","geometry":{"type":"Point","coordinates":[4.479898,52.138949]},"properties":{"type":"charge","layer":"passenger","locationId":"NLCCH00856","name":"Leiden - Combibad de Vliet, Marie Diebenplaats 102-110 | 6","address":"Marie Diebenplaats  102","city":"Leiden","operatorName":"","maxPowerKw":11,"isMegawatt":false,"status":"AVAILABLE","source":"ndw","priceKwh":0.5549}},{"type":"Feature","geometry":{"type":"Point","coordinates":[4.504548,52.164281]},"properties":{"type":"charge","layer":"passenger","locationId":"NLCCH00859","name":"Leiden - Nassaustraat t.h.v. Os en Paardenlaan 4","address":"Os en Paardenlaan 4","city":"Leiden","operatorName":"","maxPowerKw":11,"isMegawatt":false,"status":"AVAILABLE","source":"ndw","priceKwh":0.5549}},{"type":"Feature","geometry":{"type":"Point","coordinates":[4.444849,52.151527]},"properties":{"type":"charge","layer":"passenger","locationId":"NLLOC000882","name":"NLD, Leiden, Cornelie van Zantenstraat 1","address":"Cornelie van Zantenstraat 1","city":"Leiden","operatorName":"Allego","maxPowerKw":11,"isMegawatt":false,"status":"AVAILABLE","source":"ndw","priceKwh":0.511}},{"type":"Feature","geometry":{"type":"Point","coordinates":[4.47625,52.172336]},"properties":{"type":"charge","layer":"passenger","locationId":"NLLOC000136","name":"NLD, Leiden, Rijnsburgerweg 117","address":"Rijnsburgerweg 117","city":"Leiden","operatorName":"Allego","maxPowerKw":11,"isMegawatt":false,"status":"AVAILABLE","source":"ndw","priceKwh":0.511}},{"type":"Feature","geometry":{"type":"Point","coordinates":[4.468298,52.157942]},"properties":{"type":"charge","layer":"passenger","locationId":"NLLOC003384","name":"NLD, Gemeente Leiden, Duikerstraat 5 2332XN Leiden","address":"Duikerstraat 5","city":"Leiden","operatorName":"Allego","maxPowerKw":11,"isMegawatt":false,"status":"AVAILABLE","source":"ndw","priceKwh":0.511}},{"type":"Feature","geometry":{"type":"Point","coordinates":[4.514955,52.145946]},"properties":{"type":"charge","layer":"passenger","locationId":"NLLOC007261","name":"NL, Vitruviusstraat 178, 2314 CW, Leiden","address":"Vitruviusstraat 178","city":"Leiden","operatorName":"Allego","maxPowerKw":11,"isMegawatt":false,"status":"CHARGING","source":"ndw","priceKwh":0.511}},{"type":"Feature","geometry":{"type":"Point","coordinates":[4.507328,52.165594]},"properties":{"type":"charge","layer":"passenger","locationId":"89157869","name":"EQUANS Parkeergarages Leiden","address":"Ringkade 7","city":"Leiden","operatorName":"EQUANS","maxPowerKw":11,"isMegawatt":false,"status":"AVAILABLE","source":"ndw"}},{"type":"Feature","geometry":{"type":"Point","coordinates":[4.489654,52.154727]},"properties":{"type":"charge","layer":"passenger","locationId":"NLLOC000360","name":"NLD, Raamsteeg 1 2311PK Leiden","address":"Raamsteeg 1","city":"Leiden","operatorName":"Allego","maxPowerKw":11,"isMegawatt":false,"status":"AVAILABLE","source":"ndw","priceKwh":0.511}},{"type":"Feature","geometry":{"type":"Point","coordinates":[4.503787,52.166256]},"properties":{"type":"charge","layer":"passenger","locationId":"89157874","name":"EQUANS Parkeergarages Leiden","address":"Soestdijkkade","city":"Leiden","operatorName":"EQUANS","maxPowerKw":11,"isMegawatt":false,"status":"CHARGING","source":"ndw"}},{"type":"Feature","geometry":{"type":"Point","coordinates":[4.450308,52.144603]},"properties":{"type":"charge","layer":"passenger","locationId":"NLCCH00889","name":"Leiden - Sara Knipscheerstraat t.h.v. Gerda Brautigamsingel 70","address":"Gerda Brautigamsingel 70","city":"Leiden","operatorName":"","maxPowerKw":11,"isMegawatt":false,"status":"AVAILABLE","source":"ndw","priceKwh":0.5549}},{"type":"Feature","geometry":{"type":"Point","coordinates":[4.498103,52.178648]},"properties":{"type":"charge","layer":"passenger","locationId":"NLCCH00905","name":"Leiden - Vossebes 1","address":"Vossebes 4","city":"Leiden","operatorName":"","maxPowerKw":11,"isMegawatt":false,"status":"AVAILABLE","source":"ndw","priceKwh":0.5549}},{"type":"Feature","geometry":{"type":"Point","coordinates":[4.500163,52.151554]},"properties":{"type":"charge","layer":"passenger","locationId":"NLLOC001134","name":"NLD, Leiden, Thorbeckestraat 36","address":"Thorbeckestraat 36","city":"Leiden","operatorName":"Allego","maxPowerKw":11,"isMegawatt":false,"status":"AVAILABLE","source":"ndw","priceKwh":0.511}},{"type":"Feature","geometry":{"type":"Point","coordinates":[4.514668,52.152278]},"properties":{"type":"charge","layer":"passenger","locationId":"NLLOC012301","name":"NL, Meerburgerkade, 38, 2314VR, Leiden","address":"Meerburgerkade 38","city":"Leiden","operatorName":"Allego","maxPowerKw":11,"isMegawatt":false,"status":"AVAILABLE","source":"ndw","priceKwh":0.511}},{"type":"Feature","geometry":{"type":"Point","coordinates":[4.497248,52.149979]},"properties":{"type":"charge","layer":"passenger","locationId":"NLLOC018721","name":"NL, Zeemanlaan 57, 2313SW Leiden","address":"Zeemanlaan 57","city":"Leiden","operatorName":"Allego","maxPowerKw":11,"isMegawatt":false,"status":"AVAILABLE","source":"ndw","priceKwh":0.511}},{"type":"Feature","geometry":{"type":"Point","coordinates":[4.446567,52.147862]},"properties":{"type":"charge","layer":"passenger","locationId":"672202ec16b5c9001c59b4ec","name":"Leiden/Louise Wentstraat 32","address":"Louise Wentstraat 32","city":"Leiden","operatorName":"E-Flux by Road","maxPowerKw":14,"isMegawatt":false,"status":"AVAILABLE","source":"ndw","priceKwh":0.5217}},{"type":"Feature","geometry":{"type":"Point","coordinates":[4.504099,52.150728]},"properties":{"type":"charge","layer":"passenger","locationId":"NLCCH00900","name":"Leiden - De Laat de Kanterstraat t.h.v. Burggravenlaan 93","address":"Burggravenlaan 93","city":"Leiden","operatorName":"","maxPowerKw":11,"isMegawatt":false,"status":"AVAILABLE","source":"ndw","priceKwh":0.5549}},{"type":"Feature","geometry":{"type":"Point","coordinates":[4.500549,52.160477]},"properties":{"type":"charge","layer":"passenger","locationId":"NLLOC000143","name":"NLD, Leiden, Kalvermarkt 3","address":"Kalvermarkt 3","city":"Leiden","operatorName":"Allego","maxPowerKw":11,"isMegawatt":false,"status":"AVAILABLE","source":"ndw","priceKwh":0.511}},{"type":"Feature","geometry":{"type":"Point","coordinates":[4.493411,52.162976]},"properties":{"type":"charge","layer":"passenger","locationId":"NLLOC003775","name":"NL, Volmolengracht 13, 2312 PG Leiden","address":"Volmolengracht 13","city":"Leiden","operatorName":"Allego","maxPowerKw":11,"isMegawatt":false,"status":"AVAILABLE","source":"ndw","priceKwh":0.511}},{"type":"Feature","geometry":{"type":"Point","coordinates":[4.496358,52.169612]},"properties":{"type":"charge","layer":"passenger","locationId":"NLLOC016620","name":"NL, Prins Clausweg 307, 2316 EX Leiden","address":"Prins Clausweg 307","city":"Leiden","operatorName":"Allego","maxPowerKw":11,"isMegawatt":false,"status":"AVAILABLE","source":"ndw","priceKwh":0.511}},{"type":"Feature","geometry":{"type":"Point","coordinates":[4.505082,52.166359]},"properties":{"type":"charge","layer":"passenger","locationId":"68c12fa057f875b47b45e05c","name":"Leiden/ Soestdijkkade 70","address":"Soestdijkkade 70","city":"Leiden","operatorName":"E-Flux by Road","maxPowerKw":14,"isMegawatt":false,"status":"AVAILABLE","source":"ndw","priceKwh":0.5217}},{"type":"Feature","geometry":{"type":"Point","coordinates":[4.472869,52.16916]},"properties":{"type":"charge","layer":"passenger","locationId":"4224472","name":"Laadnet VvE Clusius Parkeren","address":"Wassenaarseweg 62e","city":"Leiden","operatorName":"Laadnet","maxPowerKw":22,"isMegawatt":false,"status":"AVAILABLE","source":"ndw"}},{"type":"Feature","geometry":{"type":"Point","coordinates":[4.495853,52.164485]},"properties":{"type":"charge","layer":"passenger","locationId":"NLLOC006853","name":"NL, Koningstraat 2 A, 2316 CE, Leiden","address":"Koningstraat 2 A","city":"Leiden","operatorName":"Allego","maxPowerKw":11,"isMegawatt":false,"status":"CHARGING","source":"ndw","priceKwh":0.511}},{"type":"Feature","geometry":{"type":"Point","coordinates":[4.51558,52.15855]},"properties":{"type":"charge","layer":"passenger","locationId":"NL000134","name":"Krefeldlaan 1 Leiden","address":"Krefeldlaan 1","city":"Leiden","operatorName":"StellaPower®","maxPowerKw":17,"isMegawatt":false,"status":"AVAILABLE","source":"ndw","priceKwh":0.471}},{"type":"Feature","geometry":{"type":"Point","coordinates":[4.494322,52.149054]},"properties":{"type":"charge","layer":"passenger","locationId":"NLLOC000573","name":"NLD Van der Waalsstraat 4 2313 VD Leiden","address":"Van der Waalsstraat 4","city":"Leiden","operatorName":"Allego","maxPowerKw":11,"isMegawatt":false,"status":"AVAILABLE","source":"ndw","priceKwh":0.511}},{"type":"Feature","geometry":{"type":"Point","coordinates":[4.490378,52.166251]},"properties":{"type":"charge","layer":"passenger","locationId":"NLLOC002231","name":"NLD, Haarlemmerweg 20A, Leiden","address":"Haarlemmerweg 20A","city":"Leiden","operatorName":"Allego","maxPowerKw":11,"isMegawatt":false,"status":"AVAILABLE","source":"ndw","priceKwh":0.511}},{"type":"Feature","geometry":{"type":"Point","coordinates":[4.49376,52.17215]},"properties":{"type":"charge","layer":"passenger","locationId":"C265CFD4-EA88-401C-A143-14D4699E12A1","name":"Eneco eMobility Gabri?l Metzustraat 62 Leiden","address":"Gabriël Metzustraat 62","city":"Leiden","operatorName":"Eneco","maxPowerKw":22,"isMegawatt":false,"status":"AVAILABLE","source":"ndw","priceKwh":0.65}},{"type":"Feature","geometry":{"type":"Point","coordinates":[4.468358,52.163617]},"properties":{"type":"charge","layer":"passenger","locationId":"NLLOC006755","name":"NL, Jan Luykenlaan 18, 2332 DA, Leiden","address":"Jan Luykenlaan 18","city":"Leiden","operatorName":"Allego","maxPowerKw":11,"isMegawatt":false,"status":"AVAILABLE","source":"ndw","priceKwh":0.511}},{"type":"Feature","geometry":{"type":"Point","coordinates":[4.464449,52.154248]},"properties":{"type":"charge","layer":"passenger","locationId":"NLCCH00188","name":"Leiden – Azurietkade 45","address":"Azurietkade 45","city":"Leiden","operatorName":"","maxPowerKw":11,"isMegawatt":false,"status":"AVAILABLE","source":"ndw","priceKwh":0.5549}},{"type":"Feature","geometry":{"type":"Point","coordinates":[4.506551,52.151714]},"properties":{"type":"charge","layer":"passenger","locationId":"NLLOC001756","name":"NLD, Leiden, Burggravenlaan 34","address":"Burggravenlaan 34","city":"Leiden","operatorName":"Allego","maxPowerKw":11,"isMegawatt":false,"status":"AVAILABLE","source":"ndw","priceKwh":0.511}},{"type":"Feature","geometry":{"type":"Point","coordinates":[4.471451,52.171544]},"properties":{"type":"charge","layer":"passenger","locationId":"NLCCH00191","name":"Leiden - Vinkenstraat 8","address":"Vinkenstraat 8","city":"Leiden","operatorName":"","maxPowerKw":11,"isMegawatt":false,"status":"AVAILABLE","source":"ndw","priceKwh":0.5549}},{"type":"Feature","geometry":{"type":"Point","coordinates":[4.494594,52.165788]},"properties":{"type":"charge","layer":"passenger","locationId":"NLLOC000132","name":"NLD, Leiden, Slachthuislaan 24","address":"Slachthuislaan 24","city":"Leiden","operatorName":"Allego","maxPowerKw":11,"isMegawatt":false,"status":"AVAILABLE","source":"ndw","priceKwh":0.511}},{"type":"Feature","geometry":{"type":"Point","coordinates":[4.50147,52.159112]},"properties":{"type":"charge","layer":"passenger","locationId":"NLLOC001291","name":"NL, Nieuwe Waardstraat 18, 2312SM, Leiden","address":"Nieuwe Waardstraat 18","city":"Leiden","operatorName":"Allego","maxPowerKw":11,"isMegawatt":false,"status":"AVAILABLE","source":"ndw","priceKwh":0.511}},{"type":"Feature","geometry":{"type":"Point","coordinates":[4.501179,52.14851]},"properties":{"type":"charge","layer":"passenger","locationId":"NLLOC000363","name":"NLD, Leiden, Burggravenlaan 250","address":"Burggravenlaan 250","city":"Leiden","operatorName":"Allego","maxPowerKw":11,"isMegawatt":false,"status":"AVAILABLE","source":"ndw","priceKwh":0.511}},{"type":"Feature","geometry":{"type":"Point","coordinates":[4.4857,52.16648]},"properties":{"type":"charge","layer":"passenger","locationId":"33666472-D438-47A1-A455-D36C904E5E92","name":"Eneco eMobility ING Bank KPH, Schuttersveld 18, Leiden","address":"Schuttersveld 18","city":"Leiden","operatorName":"Eneco","maxPowerKw":22,"isMegawatt":false,"status":"AVAILABLE","source":"ndw","priceKwh":0.3}},{"type":"Feature","geometry":{"type":"Point","coordinates":[4.500037,52.153994]},"properties":{"type":"charge","layer":"passenger","locationId":"NLLOC002820","name":"NLD, Plantsoen 39 2311 KG Leiden","address":"Plantsoen 39","city":"Leiden","operatorName":"Allego","maxPowerKw":11,"isMegawatt":false,"status":"AVAILABLE","source":"ndw","priceKwh":0.511}},{"type":"Feature","geometry":{"type":"Point","coordinates":[4.504842,52.151755]},"properties":{"type":"charge","layer":"passenger","locationId":"NLLOC000633","name":"NLD, Leiden, De Meij van Streefkerkstraat 2","address":"De Meij van Streefkerkstraat 2","city":"Leiden","operatorName":"Allego","maxPowerKw":11,"isMegawatt":false,"status":"AVAILABLE","source":"ndw","priceKwh":0.511}},{"type":"Feature","geometry":{"type":"Point","coordinates":[4.470948,52.172139]},"properties":{"type":"charge","layer":"passenger","locationId":"NLLOC004724","name":"NLD, Leiden, Leeuwerikstraat 27","address":"Leeuwerikstraat 27","city":"Leiden","operatorName":"Allego","maxPowerKw":11,"isMegawatt":false,"status":"AVAILABLE","source":"ndw","priceKwh":0.511}},{"type":"Feature","geometry":{"type":"Point","coordinates":[4.493389,52.14792]},"properties":{"type":"charge","layer":"passenger","locationId":"NLCCH00558","name":"Leiden - Buys Ballotstraat t.h.v. Lammenschansweg 112","address":"Lammenschansweg 112","city":"Leiden","operatorName":"","maxPowerKw":11,"isMegawatt":false,"status":"AVAILABLE","source":"ndw","priceKwh":0.5549}},{"type":"Feature","geometry":{"type":"Point","coordinates":[4.472441,52.158705]},"properties":{"type":"charge","layer":"passenger","locationId":"65a69b6de3d1a6001c446874","name":"Leiden/Morsweg 184","address":"Morsweg 184","city":"Leiden","operatorName":"E-Flux by Road","maxPowerKw":14,"isMegawatt":false,"status":"AVAILABLE","source":"ndw","priceKwh":0.5217}},{"type":"Feature","geometry":{"type":"Point","coordinates":[4.508972,52.166825]},"properties":{"type":"charge","layer":"passenger","locationId":"NLLOC000356","name":"NLD, Leiden, Surinamestraat 58","address":"Surinamestraat 58","city":"Leiden","operatorName":"Allego","maxPowerKw":11,"isMegawatt":false,"status":"AVAILABLE","source":"ndw","priceKwh":0.511}},{"type":"Feature","geometry":{"type":"Point","coordinates":[4.488837,52.142229]},"properties":{"type":"charge","layer":"passenger","locationId":"73e64616e9c8431e904d","name":"DHVM - De Gruyter Brill, Plantijnstraat 2, Leiden","address":"Plantijnstraat 2","city":"Leiden","operatorName":"Opcharge","maxPowerKw":22,"isMegawatt":false,"status":"AVAILABLE","source":"ndw","priceKwh":0.45}},{"type":"Feature","geometry":{"type":"Point","coordinates":[4.471736,52.155472]},"properties":{"type":"charge","layer":"passenger","locationId":"7F6602AB-0A51-41F3-8BBC-4F5056DA2C9A","name":"Eneco eMobility RWV Advocaten - Haagweg 149 - Leiden","address":"Haagweg 149","city":"Leiden","operatorName":"Eneco","maxPowerKw":22,"isMegawatt":false,"status":"AVAILABLE","source":"ndw","priceKwh":0.35}},{"type":"Feature","geometry":{"type":"Point","coordinates":[4.506939,52.154294]},"properties":{"type":"charge","layer":"passenger","locationId":"NLLOC003363","name":"NLD, Kernstraat 1, 2313 EV Leiden","address":"Kernstraat 1","city":"Leiden","operatorName":"Allego","maxPowerKw":11,"isMegawatt":false,"status":"AVAILABLE","source":"ndw","priceKwh":0.511}},{"type":"Feature","geometry":{"type":"Point","coordinates":[4.479827,52.16301]},"properties":{"type":"charge","layer":"passenger","locationId":"NLLOC014173","name":"NL, Bloemfonteinstraat 1T, 2312ZD Leiden","address":"Bloemfonteinstraat 1T","city":"Leiden","operatorName":"Allego","maxPowerKw":11,"isMegawatt":false,"status":"AVAILABLE","source":"ndw","priceKwh":0.511}},{"type":"Feature","geometry":{"type":"Point","coordinates":[4.480462,52.149989]},"properties":{"type":"charge","layer":"passenger","locationId":"c9b40788-7a3a-454f-9aae-2de3d5a3a1ed","name":"Rooseveltstraat","address":"Rooseveltstraat 1","city":"Leiden","operatorName":"Vattenfall InCharge","maxPowerKw":22,"isMegawatt":false,"status":"AVAILABLE","source":"ndw"}},{"type":"Feature","geometry":{"type":"Point","coordinates":[4.452136,52.144343]},"properties":{"type":"charge","layer":"passenger","locationId":"NLLOC000274","name":"NLD, Leiden, Ida de Leeuwstraat 51","address":"Ida de Leeuwstraat 51","city":"Leiden","operatorName":"Allego","maxPowerKw":11,"isMegawatt":false,"status":"AVAILABLE","source":"ndw","priceKwh":0.511}},{"type":"Feature","geometry":{"type":"Point","coordinates":[4.510814,52.173114]},"properties":{"type":"charge","layer":"passenger","locationId":"NLLOC000722","name":"NLD, Leiden, Merendonk 44","address":"Merendonk 44","city":"Leiden","operatorName":"Allego","maxPowerKw":11,"isMegawatt":false,"status":"AVAILABLE","source":"ndw","priceKwh":0.511}},{"type":"Feature","geometry":{"type":"Point","coordinates":[4.499811,52.163429]},"properties":{"type":"charge","layer":"passenger","locationId":"NLLOC001135","name":"NLD, Leiden, Houtmarkt 22","address":"Houtmarkt 22","city":"Leiden","operatorName":"Allego","maxPowerKw":11,"isMegawatt":false,"status":"AVAILABLE","source":"ndw","priceKwh":0.511}},{"type":"Feature","geometry":{"type":"Point","coordinates":[4.516858,52.146759]},"properties":{"type":"charge","layer":"passenger","locationId":"NLLOC000640","name":"NLD, Leiden, Vitruviusstraat 137","address":"Vitruviusstraat 137","city":"Leiden","operatorName":"Allego","maxPowerKw":11,"isMegawatt":false,"status":"AVAILABLE","source":"ndw","priceKwh":0.511}},{"type":"Feature","geometry":{"type":"Point","coordinates":[4.479753,52.159429]},"properties":{"type":"charge","layer":"passenger","locationId":"NLLOC000600","name":"NLD, Leiden, Rijn en Schiekade 1","address":"Rijn en Schiekade 1-A","city":"Leiden","operatorName":"Allego","maxPowerKw":11,"isMegawatt":false,"status":"AVAILABLE","source":"ndw","priceKwh":0.511}},{"type":"Feature","geometry":{"type":"Point","coordinates":[4.457039,52.153727]},"properties":{"type":"charge","layer":"passenger","locationId":"674867d17baaf249839cfb3e","name":"Leiden/Rijndijk 114","address":"Rijndijk 114","city":"Leiden","operatorName":"E-Flux by Road","maxPowerKw":14,"isMegawatt":false,"status":"AVAILABLE","source":"ndw","priceKwh":0.5217}},{"type":"Feature","geometry":{"type":"Point","coordinates":[4.485329,52.164726]},"properties":{"type":"charge","layer":"passenger","locationId":"NLLOC011629","name":"NL, Rijnsburgersingel 42, 2312NC, Leiden","address":"Rijnsburgersingel 42","city":"Leiden","operatorName":"Allego","maxPowerKw":11,"isMegawatt":false,"status":"CHARGING","source":"ndw","priceKwh":0.511}},{"type":"Feature","geometry":{"type":"Point","coordinates":[4.484612,52.170268]},"properties":{"type":"charge","layer":"passenger","locationId":"NLLOC023654","name":"NL, Boerhaavelaan 53, 2334 EE Leiden","address":"Boerhaavelaan 53","city":"Leiden","operatorName":"Allego","maxPowerKw":11,"isMegawatt":false,"status":"AVAILABLE","source":"ndw","priceKwh":0.511}},{"type":"Feature","geometry":{"type":"Point","coordinates":[4.450081,52.147846]},"properties":{"type":"charge","layer":"passenger","locationId":"6821e468909b52aaf804cabf","name":"Leiden/Diaconessenstraat 2","address":"Diaconessenstraat 2","city":"Leiden","operatorName":"E-Flux by Road","maxPowerKw":14,"isMegawatt":false,"status":"AVAILABLE","source":"ndw","priceKwh":0.562}},{"type":"Feature","geometry":{"type":"Point","coordinates":[4.466092,52.157022]},"properties":{"type":"charge","layer":"passenger","locationId":"NLLOC000357","name":"NLD, Leiden, Opaalstraat 128","address":"Opaalstraat 128","city":"Leiden","operatorName":"Allego","maxPowerKw":11,"isMegawatt":false,"status":"AVAILABLE","source":"ndw","priceKwh":0.511}},{"type":"Feature","geometry":{"type":"Point","coordinates":[4.460206,52.15173]},"properties":{"type":"charge","layer":"passenger","locationId":"NLCCH00531","name":"Leiden - Rijndijk 44","address":"Rijndijk 44","city":"Leiden","operatorName":"","maxPowerKw":11,"isMegawatt":false,"status":"AVAILABLE","source":"ndw","priceKwh":0.5549}},{"type":"Feature","geometry":{"type":"Point","coordinates":[4.504635,52.164937]},"properties":{"type":"charge","layer":"passenger","locationId":"NLLOC012681","name":"NL, Os en Paardenlaan 30, 2316JJ, Leiden","address":"Os en Paardenlaan 30","city":"Leiden","operatorName":"Allego","maxPowerKw":11,"isMegawatt":false,"status":"AVAILABLE","source":"ndw","priceKwh":0.511}},{"type":"Feature","geometry":{"type":"Point","coordinates":[4.501083,52.179382]},"properties":{"type":"charge","layer":"passenger","locationId":"NLCCH00658","name":"Leiden - Takwier t.h.v. Purperwier 2 ","address":"Purperwier 2","city":"Leiden","operatorName":"","maxPowerKw":11,"isMegawatt":false,"status":"AVAILABLE","source":"ndw","priceKwh":0.5549}},{"type":"Feature","geometry":{"type":"Point","coordinates":[4.509747,52.147845]},"properties":{"type":"charge","layer":"passenger","locationId":"NLLOC000284","name":"NLD, Leiden, Jupiterlaan 44","address":"Jupiterlaan 44","city":"Leiden","operatorName":"Allego","maxPowerKw":11,"isMegawatt":false,"status":"UNAVAILABLE","source":"ndw","priceKwh":0.511}},{"type":"Feature","geometry":{"type":"Point","coordinates":[4.495986,52.169212]},"properties":{"type":"charge","layer":"passenger","locationId":"645b39b181d587001292e732","name":"Leiden/Prins Clausweg 263 A","address":"Prins Clausweg 263","city":"Leiden","operatorName":"E-Flux by Road","maxPowerKw":14,"isMegawatt":false,"status":"AVAILABLE","source":"ndw","priceKwh":0.5217}},{"type":"Feature","geometry":{"type":"Point","coordinates":[4.50634,52.1822]},"properties":{"type":"charge","layer":"passenger","locationId":"NL000152","name":"Beekforel 14 Leiden","address":"Beekforel 16","city":"Leiden","operatorName":"StellaPower","maxPowerKw":17,"isMegawatt":false,"status":"AVAILABLE","source":"ndw","priceKwh":0.37}},{"type":"Feature","geometry":{"type":"Point","coordinates":[4.481973,52.16411]},"properties":{"type":"charge","layer":"passenger","locationId":"NLLOC000355","name":"NLD, Leiden, Morssingel 189","address":"Morssingel 189","city":"Leiden","operatorName":"Allego","maxPowerKw":11,"isMegawatt":false,"status":"AVAILABLE","source":"ndw","priceKwh":0.511}},{"type":"Feature","geometry":{"type":"Point","coordinates":[4.49666,52.145823]},"properties":{"type":"charge","layer":"passenger","locationId":"NLCCH00678","name":"Leiden - Melchior Treublaan 42","address":"Melchior Treublaan 42","city":"Leiden","operatorName":"","maxPowerKw":11,"isMegawatt":false,"status":"AVAILABLE","source":"ndw","priceKwh":0.5549}},{"type":"Feature","geometry":{"type":"Point","coordinates":[4.505972,52.159885]},"properties":{"type":"charge","layer":"passenger","locationId":"NLLOC002585","name":"NLD Gemeente Leiden Kwekerijplein 1 2315 SE Leiden","address":"Kwekerijplein 1","city":"Leiden","operatorName":"Allego","maxPowerKw":11,"isMegawatt":false,"status":"CHARGING","source":"ndw","priceKwh":0.511}},{"type":"Feature","geometry":{"type":"Point","coordinates":[4.478911,52.152477]},"properties":{"type":"charge","layer":"passenger","locationId":"NLLOC007217","name":"NL, Akkerhof 54, 2321 VG, Leiden","address":"Akkerhof 54","city":"Leiden","operatorName":"Allego","maxPowerKw":11,"isMegawatt":false,"status":"AVAILABLE","source":"ndw","priceKwh":0.511}},{"type":"Feature","geometry":{"type":"Point","coordinates":[4.477806,52.145959]},"properties":{"type":"charge","layer":"passenger","locationId":"NLLOC007443","name":"NL, Van Randwijkstraat 23 B, 2321 KE, Leiden","address":"Van Randwijkstraat 23 B","city":"Leiden","operatorName":"Allego","maxPowerKw":11,"isMegawatt":false,"status":"AVAILABLE","source":"ndw","priceKwh":0.511}},{"type":"Feature","geometry":{"type":"Point","coordinates":[4.510768,52.173248]},"properties":{"type":"charge","layer":"passenger","locationId":"NLCCH00579","name":"Leiden - Drontermeerlaan nabij kruising Zijldonk 131","address":"Zijldonk 131","city":"Leiden","operatorName":"","maxPowerKw":11,"isMegawatt":false,"status":"AVAILABLE","source":"ndw","priceKwh":0.5549}},{"type":"Feature","geometry":{"type":"Point","coordinates":[4.469537,52.14446]},"properties":{"type":"charge","layer":"passenger","locationId":"NLLOC000354","name":"NLD, Leiden, Aidapad 2","address":"Aidapad 2","city":"Leiden","operatorName":"Allego","maxPowerKw":11,"isMegawatt":false,"status":"AVAILABLE","source":"ndw","priceKwh":0.511}},{"type":"Feature","geometry":{"type":"Point","coordinates":[4.479046,52.170196]},"properties":{"type":"charge","layer":"passenger","locationId":"NLLOC007243","name":"NL, Wassenaarseweg 8, 2333 AK, Leiden","address":"Wassenaarseweg 8","city":"Leiden","operatorName":"Allego","maxPowerKw":11,"isMegawatt":false,"status":"CHARGING","source":"ndw","priceKwh":0.511}},{"type":"Feature","geometry":{"type":"Point","coordinates":[4.487114,52.163607]},"properties":{"type":"charge","layer":"passenger","locationId":"89157871","name":"EQUANS Parkeergarages Leiden","address":"Lammermarkt 20P","city":"Leiden","operatorName":"EQUANS","maxPowerKw":11,"isMegawatt":false,"status":"AVAILABLE","source":"ndw"}},{"type":"Feature","geometry":{"type":"Point","coordinates":[4.514204,52.148704]},"properties":{"type":"charge","layer":"passenger","locationId":"67220ffb4ba517001c9b0836","name":"Leiden/Ovidiusstraat 21","address":"Ovidiusstraat 21","city":"Leiden","operatorName":"E-Flux by Road","maxPowerKw":14,"isMegawatt":false,"status":"AVAILABLE","source":"ndw","priceKwh":0.5217}},{"type":"Feature","geometry":{"type":"Point","coordinates":[4.47597,52.14216]},"properties":{"type":"charge","layer":"passenger","locationId":"NLLOC003747","name":"NLD, Gemeente Leiden, Bachstraat 546 2324HC Leiden","address":"Bachstraat 546","city":"Leiden","operatorName":"Allego","maxPowerKw":11,"isMegawatt":false,"status":"AVAILABLE","source":"ndw","priceKwh":0.511}},{"type":"Feature","geometry":{"type":"Point","coordinates":[4.471859,52.142137]},"properties":{"type":"charge","layer":"passenger","locationId":"NLCCH00442","name":"Leiden - Wagnerplein 82","address":"Wagnerplein 82","city":"Leiden","operatorName":"","maxPowerKw":11,"isMegawatt":false,"status":"AVAILABLE","source":"ndw","priceKwh":0.5549}},{"type":"Feature","geometry":{"type":"Point","coordinates":[4.466287,52.158662]},"properties":{"type":"charge","layer":"passenger","locationId":"684a9a69e8f143a06490f02e","name":"Leiden/Dijkstraat 37","address":"Dijkstraat 37","city":"Leiden","operatorName":"E-Flux by Road","maxPowerKw":14,"isMegawatt":false,"status":"AVAILABLE","source":"ndw","priceKwh":0.562}},{"type":"Feature","geometry":{"type":"Point","coordinates":[4.451901,52.157747]},"properties":{"type":"charge","layer":"passenger","locationId":"69fc9428e0d6f8db11d2ecff","name":"Leiden/ Rijndijk 264/ Paal 2","address":"Rijndijk 264","city":"Leiden","operatorName":"E-Flux by Road","maxPowerKw":14,"isMegawatt":false,"status":"AVAILABLE","source":"ndw","priceKwh":0.562}},{"type":"Feature","geometry":{"type":"Point","coordinates":[4.48424,52.141008]},"properties":{"type":"charge","layer":"passenger","locationId":"NLLOC004190","name":"NLD, Mary Beystraat 9 2324DK Leiden","address":"Mary Beystraat 9","city":"Leiden","operatorName":"Allego","maxPowerKw":11,"isMegawatt":false,"status":"AVAILABLE","source":"ndw","priceKwh":0.511}},{"type":"Feature","geometry":{"type":"Point","coordinates":[4.513715,52.181805]},"properties":{"type":"charge","layer":"passenger","locationId":"NLLOC000137","name":"NLD, Leiden, Gloxiniadal 29-30","address":"Gloxiniadal 29-30","city":"Leiden","operatorName":"Allego","maxPowerKw":11,"isMegawatt":false,"status":"AVAILABLE","source":"ndw","priceKwh":0.511}},{"type":"Feature","geometry":{"type":"Point","coordinates":[4.472671,52.175205]},"properties":{"type":"charge","layer":"passenger","locationId":"NLLOC000126","name":"NLD, Leiden, Warmonderweg 15","address":"Warmonderweg 15","city":"Leiden","operatorName":"Allego","maxPowerKw":11,"isMegawatt":false,"status":"AVAILABLE","source":"ndw","priceKwh":0.511}},{"type":"Feature","geometry":{"type":"Point","coordinates":[4.498718,52.1453]},"properties":{"type":"charge","layer":"passenger","locationId":"NLLOC025082","name":"NL, Melchior Treublaan 60, 2313VK, Leiden","address":"Melchior Treublaan 60","city":"Leiden","operatorName":"Allego","maxPowerKw":11,"isMegawatt":false,"status":"AVAILABLE","source":"ndw","priceKwh":0.511}},{"type":"Feature","geometry":{"type":"Point","coordinates":[4.506766,52.168103]},"properties":{"type":"charge","layer":"passenger","locationId":"NLLOC010846","name":"NL, Jan Pieterszoon Coenhof 61, 2315AM, Leiden","address":"Jan Pieterszoon Coenhof 61","city":"Leiden","operatorName":"Allego","maxPowerKw":11,"isMegawatt":false,"status":"AVAILABLE","source":"ndw","priceKwh":0.511}},{"type":"Feature","geometry":{"type":"Point","coordinates":[4.512694,52.148248]},"properties":{"type":"charge","layer":"passenger","locationId":"NLLOC000632","name":"NLD, Leiden, Junostraat 2","address":"Junostraat 2","city":"Leiden","operatorName":"Allego","maxPowerKw":11,"isMegawatt":false,"status":"AVAILABLE","source":"ndw","priceKwh":0.511}},{"type":"Feature","geometry":{"type":"Point","coordinates":[4.483112,52.153852]},"properties":{"type":"charge","layer":"passenger","locationId":"NLLOC004293","name":"NLD Witte Rozenstraat 13 2311 XR Leiden","address":"Witte Rozenstraat 13","city":"Leiden","operatorName":"Allego","maxPowerKw":11,"isMegawatt":false,"status":"AVAILABLE","source":"ndw","priceKwh":0.511}},{"type":"Feature","geometry":{"type":"Point","coordinates":[4.489121,52.156661]},"properties":{"type":"charge","layer":"passenger","locationId":"NLLOC001751","name":"NLD, Leiden, Zonneveldstraat 1","address":"Zonneveldstraat 1","city":"Leiden","operatorName":"Allego","maxPowerKw":11,"isMegawatt":false,"status":"AVAILABLE","source":"ndw","priceKwh":0.511}},{"type":"Feature","geometry":{"type":"Point","coordinates":[4.458882,52.166258]},"properties":{"type":"charge","layer":"passenger","locationId":"62d50887c63f3b37a93f791d","name":"Ehrenfestweg, 842110/5402408050","address":"Ehrenfestweg 1","city":"Leiden","operatorName":"E-Flux by Road","maxPowerKw":22,"isMegawatt":false,"status":"AVAILABLE","source":"ndw","priceKwh":0.415}},{"type":"Feature","geometry":{"type":"Point","coordinates":[4.500059,52.16824]},"properties":{"type":"charge","layer":"passenger","locationId":"NLLOC004258","name":"NLD Atjehstraat 97 2315 CS Leiden","address":"Atjehstraat 97","city":"Leiden","operatorName":"Allego","maxPowerKw":11,"isMegawatt":false,"status":"AVAILABLE","source":"ndw","priceKwh":0.511}},{"type":"Feature","geometry":{"type":"Point","coordinates":[4.487781,52.145573]},"properties":{"type":"charge","layer":"passenger","locationId":"NLLOC000574","name":"NLD, Leiden, Appelstraat 24","address":"Appelstraat 24","city":"Leiden","operatorName":"Allego","maxPowerKw":11,"isMegawatt":false,"status":"AVAILABLE","source":"ndw","priceKwh":0.511}},{"type":"Feature","geometry":{"type":"Point","coordinates":[4.48666,52.153856]},"properties":{"type":"charge","layer":"passenger","locationId":"NLLOC000315","name":"NLD, Leiden, Bilderdijkstraat 1","address":"Bilderdijkstraat 1","city":"Leiden","operatorName":"Allego","maxPowerKw":11,"isMegawatt":false,"status":"CHARGING","source":"ndw","priceKwh":0.511}},{"type":"Feature","geometry":{"type":"Point","coordinates":[4.458247,52.157825]},"properties":{"type":"charge","layer":"passenger","locationId":"NLLOC007472","name":"NL, Gandhistraat 7, 2332 ZV, Leiden","address":"Gandhistraat 7","city":"Leiden","operatorName":"Allego","maxPowerKw":11,"isMegawatt":false,"status":"AVAILABLE","source":"ndw","priceKwh":0.511}},{"type":"Feature","geometry":{"type":"Point","coordinates":[4.476031,52.16031]},"properties":{"type":"charge","layer":"passenger","locationId":"NLLOC002656","name":"NLD Gemeente Leiden Morsweg 86 2332 EP Leiden","address":"Morsweg 86","city":"Leiden","operatorName":"Allego","maxPowerKw":11,"isMegawatt":false,"status":"AVAILABLE","source":"ndw","priceKwh":0.511}},{"type":"Feature","geometry":{"type":"Point","coordinates":[4.497365,52.147533]},"properties":{"type":"charge","layer":"passenger","locationId":"NLLOC020021","name":"NL, Van 't Hoffstraat 54, 2313ST, Leiden","address":"Van 't Hoffstraat 54","city":"Leiden","operatorName":"Allego","maxPowerKw":11,"isMegawatt":false,"status":"AVAILABLE","source":"ndw","priceKwh":0.511}},{"type":"Feature","geometry":{"type":"Point","coordinates":[4.509681,52.149774]},"properties":{"type":"charge","layer":"passenger","locationId":"NLLOC016041","name":"NL, Van Vollenhovenplein 112, 2313EE, Leiden","address":"Van Vollenhovenplein 112","city":"Leiden","operatorName":"Allego","maxPowerKw":11,"isMegawatt":false,"status":"AVAILABLE","source":"ndw","priceKwh":0.511}},{"type":"Feature","geometry":{"type":"Point","coordinates":[4.495222,52.154183]},"properties":{"type":"charge","layer":"passenger","locationId":"NLLOC003899","name":"NLD, Gemeente Leiden, Geregracht 42 2311PB Leiden","address":"Geregracht 42","city":"Leiden","operatorName":"Allego","maxPowerKw":11,"isMegawatt":false,"status":"AVAILABLE","source":"ndw","priceKwh":0.511}},{"type":"Feature","geometry":{"type":"Point","coordinates":[4.487964,52.167778]},"properties":{"type":"charge","layer":"passenger","locationId":"NLLOC007420","name":"NL, Virulypad 13, 2316 ZS, Leiden","address":"Virulypad 13","city":"Leiden","operatorName":"Allego","maxPowerKw":11,"isMegawatt":false,"status":"AVAILABLE","source":"ndw","priceKwh":0.511}},{"type":"Feature","geometry":{"type":"Point","coordinates":[4.514919,52.175482]},"properties":{"type":"charge","layer":"passenger","locationId":"NLLOC007150","name":"NL, Boeierwerf 2, 2317 EA, Leiden","address":"Boeierwerf 2","city":"Leiden","operatorName":"Allego","maxPowerKw":11,"isMegawatt":false,"status":"AVAILABLE","source":"ndw","priceKwh":0.511}},{"type":"Feature","geometry":{"type":"Point","coordinates":[4.49142,52.168416]},"properties":{"type":"charge","layer":"passenger","locationId":"NLLOC008851","name":"NL, Musschenbroekstraat 15, 2316 AW Leiden","address":"Musschenbroekstraat 15","city":"Leiden","operatorName":"Allego","maxPowerKw":11,"isMegawatt":false,"status":"AVAILABLE","source":"ndw","priceKwh":0.511}},{"type":"Feature","geometry":{"type":"Point","coordinates":[4.493431,52.162164]},"properties":{"type":"charge","layer":"passenger","locationId":"NLLOC000720","name":"NLD, Leiden, Oude Vest 113","address":"Oude Vest 113","city":"Leiden","operatorName":"Allego","maxPowerKw":11,"isMegawatt":false,"status":"AVAILABLE","source":"ndw","priceKwh":0.511}},{"type":"Feature","geometry":{"type":"Point","coordinates":[4.468432,52.139598]},"properties":{"type":"charge","layer":"passenger","locationId":"NLCCH00510","name":"Leiden - Schubertlaan t.h.v. Strawinskypad 132","address":"Strawinskypad 132","city":"Leiden","operatorName":"","maxPowerKw":11,"isMegawatt":false,"status":"AVAILABLE","source":"ndw","priceKwh":0.5549}},{"type":"Feature","geometry":{"type":"Point","coordinates":[4.500844,52.16612]},"properties":{"type":"charge","layer":"passenger","locationId":"NLLOC005032","name":"NLD Julianastraat 101 2316NW Leiden","address":"Julianastraat 101","city":"Leiden","operatorName":"Allego","maxPowerKw":11,"isMegawatt":false,"status":"CHARGING","source":"ndw","priceKwh":0.511}},{"type":"Feature","geometry":{"type":"Point","coordinates":[4.461589,52.158442]},"properties":{"type":"charge","layer":"passenger","locationId":"NLLOC020948","name":"NL, Topaaslaan 21, 2332JC, Leiden","address":"Topaaslaan 21","city":"Leiden","operatorName":"Allego","maxPowerKw":11,"isMegawatt":false,"status":"AVAILABLE","source":"ndw","priceKwh":0.511}},{"type":"Feature","geometry":{"type":"Point","coordinates":[4.475358,52.144199]},"properties":{"type":"charge","layer":"passenger","locationId":"NLLOC015701","name":"NL, Bachstraat 13, 2324GX Leiden","address":"Bachstraat 13","city":"Leiden","operatorName":"Allego","maxPowerKw":11,"isMegawatt":false,"status":"CHARGING","source":"ndw","priceKwh":0.511}},{"type":"Feature","geometry":{"type":"Point","coordinates":[4.462076,52.152545]},"properties":{"type":"charge","layer":"passenger","locationId":"6874bea748d46baae0e71ac4","name":"Leiden/ Briljantstraat 2","address":"Briljantstraat 2","city":"Leiden","operatorName":"E-Flux by Road","maxPowerKw":14,"isMegawatt":false,"status":"AVAILABLE","source":"ndw","priceKwh":0.562}},{"type":"Feature","geometry":{"type":"Point","coordinates":[4.51795,52.147653]},"properties":{"type":"charge","layer":"passenger","locationId":"NLLOC009791","name":"NL, Octavialaan 2 2314 CP Leiden","address":"Octavialaan 2","city":"Leiden","operatorName":"Allego","maxPowerKw":11,"isMegawatt":false,"status":"AVAILABLE","source":"ndw","priceKwh":0.511}},{"type":"Feature","geometry":{"type":"Point","coordinates":[4.503149,52.179884]},"properties":{"type":"charge","layer":"passenger","locationId":"NLLOC000710","name":"NLD, Leiden, Fakkelgras 50","address":"Fakkelgras 50","city":"Leiden","operatorName":"Allego","maxPowerKw":11,"isMegawatt":false,"status":"AVAILABLE","source":"ndw","priceKwh":0.511}},{"type":"Feature","geometry":{"type":"Point","coordinates":[4.510353,52.180977]},"properties":{"type":"charge","layer":"passenger","locationId":"NLLOC013394","name":"NL, Dagvlinder, 12, 2317JJ, Leiden","address":"Dagvlinder 12","city":"Leiden","operatorName":"Allego","maxPowerKw":11,"isMegawatt":false,"status":"AVAILABLE","source":"ndw","priceKwh":0.511}},{"type":"Feature","geometry":{"type":"Point","coordinates":[4.483156,52.158782]},"properties":{"type":"charge","layer":"passenger","locationId":"NLLOC021477","name":"NL, Arsenaalstraat 24, 2311 CT Leiden","address":"Arsenaalstraat 24","city":"Leiden","operatorName":"Allego","maxPowerKw":11,"isMegawatt":false,"status":"AVAILABLE","source":"ndw","priceKwh":0.511}},{"type":"Feature","geometry":{"type":"Point","coordinates":[4.460609,52.154505]},"properties":{"type":"charge","layer":"passenger","locationId":"NLLOC007310","name":"NL, Carneoolstraat 5, 2332 KA, Leiden","address":"Carneoolstraat 5","city":"Leiden","operatorName":"Allego","maxPowerKw":11,"isMegawatt":false,"status":"AVAILABLE","source":"ndw","priceKwh":0.511}},{"type":"Feature","geometry":{"type":"Point","coordinates":[4.519377,52.150862]},"properties":{"type":"charge","layer":"passenger","locationId":"NLLOC005210","name":"NLD Castellumweg 4 2314TZ Leiden","address":"Castellumweg 4","city":"Leiden","operatorName":"Allego","maxPowerKw":11,"isMegawatt":false,"status":"AVAILABLE","source":"ndw","priceKwh":0.511}},{"type":"Feature","geometry":{"type":"Point","coordinates":[4.508439,52.158233]},"properties":{"type":"charge","layer":"passenger","locationId":"NLLOC005562","name":"NLD, Kortenaerstraat 79 2315TL Leiden","address":"Kortenaerstraat 79","city":"Leiden","operatorName":"Allego","maxPowerKw":11,"isMegawatt":false,"status":"AVAILABLE","source":"ndw","priceKwh":0.511}},{"type":"Feature","geometry":{"type":"Point","coordinates":[4.45419,52.155156]},"properties":{"type":"charge","layer":"passenger","locationId":"NLLOC006483","name":"NL, Helena Verburgstraat 2, 2331 DZ, Leiden","address":"Helena Verburgstraat 2","city":"Leiden","operatorName":"Allego","maxPowerKw":11,"isMegawatt":false,"status":"AVAILABLE","source":"ndw","priceKwh":0.511}},{"type":"Feature","geometry":{"type":"Point","coordinates":[4.486329,52.144361]},"properties":{"type":"charge","layer":"passenger","locationId":"662f68cc88ead3001c40bfd7","name":"Leiden/Zoeterwoudseweg 120","address":"Zoeterwoudseweg 120","city":"Leiden","operatorName":"E-Flux by Road","maxPowerKw":14,"isMegawatt":false,"status":"CHARGING","source":"ndw","priceKwh":0.5217}},{"type":"Feature","geometry":{"type":"Point","coordinates":[4.512535,52.173073]},"properties":{"type":"charge","layer":"passenger","locationId":"NLLOC012632","name":"NL, Drontermeerlaan, 5, 2317GG, Leiden","address":"Drontermeerlaan 5","city":"Leiden","operatorName":"Allego","maxPowerKw":11,"isMegawatt":false,"status":"AVAILABLE","source":"ndw","priceKwh":0.511}},{"type":"Feature","geometry":{"type":"Point","coordinates":[4.443724,52.152476]},"properties":{"type":"charge","layer":"passenger","locationId":"6526407f13b82a00206b7f75","name":"Leiden/Heintje Davidsweg 17","address":"Heintje Davidsweg 17","city":"Leiden","operatorName":"E-Flux by Road","maxPowerKw":14,"isMegawatt":false,"status":"AVAILABLE","source":"ndw","priceKwh":0.5217}},{"type":"Feature","geometry":{"type":"Point","coordinates":[4.510451,52.161679]},"properties":{"type":"charge","layer":"passenger","locationId":"NLLOC001755","name":"NLD, Leiden, Driftstraat 1","address":"Driftstraat 1","city":"Leiden","operatorName":"Allego","maxPowerKw":11,"isMegawatt":false,"status":"AVAILABLE","source":"ndw","priceKwh":0.511}},{"type":"Feature","geometry":{"type":"Point","coordinates":[4.469416,52.148747]},"properties":{"type":"charge","layer":"passenger","locationId":"NLLOC003771","name":"NLD, Gemeente Leiden, Peter van Anrooystraat 1 2324XA Leiden","address":"Peter van Anrooystraat 1","city":"Leiden","operatorName":"Allego","maxPowerKw":11,"isMegawatt":false,"status":"AVAILABLE","source":"ndw","priceKwh":0.511}},{"type":"Feature","geometry":{"type":"Point","coordinates":[4.486251,52.155341]},"properties":{"type":"charge","layer":"passenger","locationId":"NLLOC013037","name":"NL, Kaiserstraat 45, 2311GP, Leiden","address":"Kaiserstraat 45","city":"Leiden","operatorName":"Allego","maxPowerKw":11,"isMegawatt":false,"status":"AVAILABLE","source":"ndw","priceKwh":0.511}},{"type":"Feature","geometry":{"type":"Point","coordinates":[4.50514,52.174763]},"properties":{"type":"charge","layer":"passenger","locationId":"6853d0978f096e6c1adfa8f9","name":"Leiden /Reigerhorst 3 /2317ZV","address":"Reigerhorst  3","city":"Leiden","operatorName":"E-Flux by Road","maxPowerKw":14,"isMegawatt":false,"status":"AVAILABLE","source":"ndw","priceKwh":0.562}},{"type":"Feature","geometry":{"type":"Point","coordinates":[4.475783,52.158843]},"properties":{"type":"charge","layer":"passenger","locationId":"NLLOC000128","name":"NLD, Leiden, Haagweg 21","address":"Haagweg 21-i","city":"Leiden","operatorName":"Allego","maxPowerKw":11,"isMegawatt":false,"status":"CHARGING","source":"ndw","priceKwh":0.511}},{"type":"Feature","geometry":{"type":"Point","coordinates":[4.483013,52.149449]},"properties":{"type":"charge","layer":"passenger","locationId":"NLLOC000139","name":"NLD, Leiden, Kraanbaan 1","address":"Kraanbaan 1","city":"Leiden","operatorName":"Allego","maxPowerKw":11,"isMegawatt":false,"status":"AVAILABLE","source":"ndw","priceKwh":0.511}},{"type":"Feature","geometry":{"type":"Point","coordinates":[4.470299,52.156309]},"properties":{"type":"charge","layer":"passenger","locationId":"NLCCH00533","name":"Leiden - Morskade 21","address":"Morskade 21","city":"Leiden","operatorName":"","maxPowerKw":11,"isMegawatt":false,"status":"AVAILABLE","source":"ndw","priceKwh":0.5549}},{"type":"Feature","geometry":{"type":"Point","coordinates":[4.474848,52.153807]},"properties":{"type":"charge","layer":"passenger","locationId":"NLCCH00616","name":"Leiden - Martinus Nijhoffstraat 2","address":"Martinus Nijhoffstraat 2","city":"Leiden","operatorName":"","maxPowerKw":11,"isMegawatt":false,"status":"AVAILABLE","source":"ndw","priceKwh":0.5549}},{"type":"Feature","geometry":{"type":"Point","coordinates":[4.501034,52.145809]},"properties":{"type":"charge","layer":"passenger","locationId":"NL000109","name":"Kanaalweg 96 Leiden","address":"Kanaalweg 96","city":"Leiden","operatorName":"StellaPower®","maxPowerKw":17,"isMegawatt":false,"status":"AVAILABLE","source":"ndw","priceKwh":0.471}},{"type":"Feature","geometry":{"type":"Point","coordinates":[4.494512,52.17165]},"properties":{"type":"charge","layer":"passenger","locationId":"NLCCH00429","name":"Leiden - Evenementenlaan t.h.v. Zaalsportstraat 1","address":"Zaalsportstraat 1","city":"Leiden","operatorName":"","maxPowerKw":11,"isMegawatt":false,"status":"AVAILABLE","source":"ndw","priceKwh":0.5549}},{"type":"Feature","geometry":{"type":"Point","coordinates":[4.503767,52.163415]},"properties":{"type":"charge","layer":"passenger","locationId":"NLLOC002968","name":"NLD Lusthoflaan 2 2316 JA Leiden","address":"Lusthoflaan 2","city":"Leiden","operatorName":"Allego","maxPowerKw":11,"isMegawatt":false,"status":"AVAILABLE","source":"ndw","priceKwh":0.511}},{"type":"Feature","geometry":{"type":"Point","coordinates":[4.456686,52.152048]},"properties":{"type":"charge","layer":"passenger","locationId":"NLCCH00169","name":"Leiden – Anne Frankweg 32 ","address":"Anne Frankweg 32","city":"Leiden","operatorName":"","maxPowerKw":11,"isMegawatt":false,"status":"AVAILABLE","source":"ndw","priceKwh":0.5549}},{"type":"Feature","geometry":{"type":"Point","coordinates":[4.521539,52.153518]},"properties":{"type":"charge","layer":"passenger","locationId":"NLCCH00057","name":"Leiden - Utrechtse Jaagpad 122","address":"Utrechtse Jaagpad 122","city":"Leiden","operatorName":"","maxPowerKw":11,"isMegawatt":false,"status":"AVAILABLE","source":"ndw","priceKwh":0.5549}},{"type":"Feature","geometry":{"type":"Point","coordinates":[4.488353,52.164832]},"properties":{"type":"charge","layer":"passenger","locationId":"NLLOC001626","name":"NLD, Leiden, Rijnsburgersingel 77","address":"Rijnsburgersingel 77","city":"Leiden","operatorName":"Allego","maxPowerKw":11,"isMegawatt":false,"status":"AVAILABLE","source":"ndw","priceKwh":0.511}},{"type":"Feature","geometry":{"type":"Point","coordinates":[4.50104,52.1794]},"properties":{"type":"charge","layer":"passenger","locationId":"NL000104","name":"Purperwier 2 Leiden","address":"Purperwier 2","city":"Leiden","operatorName":"StellaPower®","maxPowerKw":17,"isMegawatt":false,"status":"AVAILABLE","source":"ndw","priceKwh":0.471}},{"type":"Feature","geometry":{"type":"Point","coordinates":[4.45213,52.14451]},"properties":{"type":"charge","layer":"passenger","locationId":"NL000119","name":"Ida de Leeuwstraat 51 Leiden","address":"Ida de Leeuwstraat 51","city":"Leiden","operatorName":"StellaPower®","maxPowerKw":17,"isMegawatt":false,"status":"AVAILABLE","source":"ndw","priceKwh":0.471}},{"type":"Feature","geometry":{"type":"Point","coordinates":[4.450252,52.144882]},"properties":{"type":"charge","layer":"passenger","locationId":"686d1f8c474ba59e086c3bd4","name":"Leiden/ Sara Knipscheerstraat 51 / 2331SL","address":"Sara Knipscheerstraat 51","city":"Leiden","operatorName":"E-Flux by Road","maxPowerKw":14,"isMegawatt":false,"status":"AVAILABLE","source":"ndw","priceKwh":0.562}},{"type":"Feature","geometry":{"type":"Point","coordinates":[4.505957,52.174964]},"properties":{"type":"charge","layer":"passenger","locationId":"NLCCH00534","name":"Leiden - Uilenhorst 1","address":"Uilenhorst 1","city":"Leiden","operatorName":"","maxPowerKw":11,"isMegawatt":false,"status":"AVAILABLE","source":"ndw","priceKwh":0.5549}},{"type":"Feature","geometry":{"type":"Point","coordinates":[4.509362,52.15723]},"properties":{"type":"charge","layer":"passenger","locationId":"NLLOC021818","name":"NL, Evertsenstraat 98, 2315 SN Leiden","address":"Evertsenstraat 98","city":"Leiden","operatorName":"Allego","maxPowerKw":11,"isMegawatt":false,"status":"AVAILABLE","source":"ndw","priceKwh":0.511}},{"type":"Feature","geometry":{"type":"Point","coordinates":[4.481114,52.156783]},"properties":{"type":"charge","layer":"passenger","locationId":"60b0fbfb99d564a23bfe266a","name":"Cluster-Zuid, 842110/5311004000","address":"Maliebaan 30","city":"Leiden","operatorName":"E-Flux by Road","maxPowerKw":22,"isMegawatt":false,"status":"AVAILABLE","source":"ndw","priceKwh":0.415}},{"type":"Feature","geometry":{"type":"Point","coordinates":[4.512206,52.148681]},"properties":{"type":"charge","layer":"passenger","locationId":"NLCCH00575","name":"Leiden - Jupiterlaan 4 (1)","address":"Jupiterlaan 4","city":"Leiden","operatorName":"","maxPowerKw":11,"isMegawatt":false,"status":"AVAILABLE","source":"ndw","priceKwh":0.5549}},{"type":"Feature","geometry":{"type":"Point","coordinates":[4.510128,52.148199]},"properties":{"type":"charge","layer":"passenger","locationId":"NLCCH00576","name":"Leiden - Jupiterlaan 38 (1)","address":"Jupiterlaan 38","city":"Leiden","operatorName":"","maxPowerKw":11,"isMegawatt":false,"status":"CHARGING","source":"ndw","priceKwh":0.5549}},{"type":"Feature","geometry":{"type":"Point","coordinates":[4.510128,52.148199]},"properties":{"type":"charge","layer":"passenger","locationId":"NLCCH00573","name":"Leiden - Jupiterlaan 38 (2)","address":"Jupiterlaan 38","city":"Leiden","operatorName":"","maxPowerKw":11,"isMegawatt":false,"status":"AVAILABLE","source":"ndw","priceKwh":0.5549}},{"type":"Feature","geometry":{"type":"Point","coordinates":[4.512206,52.148681]},"properties":{"type":"charge","layer":"passenger","locationId":"NLCCH00574","name":"Leiden - Jupiterlaan 4 (2)","address":"Jupiterlaan 4","city":"Leiden","operatorName":"","maxPowerKw":11,"isMegawatt":false,"status":"AVAILABLE","source":"ndw","priceKwh":0.5549}},{"type":"Feature","geometry":{"type":"Point","coordinates":[4.476484,52.177928]},"properties":{"type":"charge","layer":"passenger","locationId":"NLCCH00182","name":"Oegstgeest - Warmonderweg 52","address":"Warmonderweg 52","city":"Oegstgeest","operatorName":"","maxPowerKw":11,"isMegawatt":false,"status":"AVAILABLE","source":"ndw","priceKwh":0.5549}},{"type":"Feature","geometry":{"type":"Point","coordinates":[4.504333,52.164952]},"properties":{"type":"charge","layer":"passenger","locationId":"NLCCH00617","name":"Leiden - Sophiastraat t.h.v. Lusthoflaan 32","address":"Lusthoflaan 32","city":"Leiden","operatorName":"","maxPowerKw":11,"isMegawatt":false,"status":"AVAILABLE","source":"ndw","priceKwh":0.5549}},{"type":"Feature","geometry":{"type":"Point","coordinates":[4.47213,52.139046]},"properties":{"type":"charge","layer":"passenger","locationId":"NLCCH00515","name":"Leiden - Apollolaan 290","address":"Apollolaan 290","city":"Leiden","operatorName":"","maxPowerKw":11,"isMegawatt":false,"status":"AVAILABLE","source":"ndw","priceKwh":0.5549}},{"type":"Feature","geometry":{"type":"Point","coordinates":[4.506454,52.15026]},"properties":{"type":"charge","layer":"passenger","locationId":"NLCCH00536","name":"Leiden - Oppenheimstraat 71","address":"Oppenheimstraat 71","city":"Leiden","operatorName":"","maxPowerKw":11,"isMegawatt":false,"status":"AVAILABLE","source":"ndw","priceKwh":0.5549}},{"type":"Feature","geometry":{"type":"Point","coordinates":[4.494854,52.168101]},"properties":{"type":"charge","layer":"passenger","locationId":"NLLOC002012","name":"NLD, Leiden, Willem de Zwijgerlaan 177","address":"Willem de Zwijgerlaan 177","city":"Leiden","operatorName":"Allego","maxPowerKw":11,"isMegawatt":false,"status":"UNAVAILABLE","source":"ndw","priceKwh":0.511}},{"type":"Feature","geometry":{"type":"Point","coordinates":[4.498147,52.173862]},"properties":{"type":"charge","layer":"passenger","locationId":"68668bb71016c4a3754a9407","name":"SJARTEC  -left-","address":"Flevoweg 2","city":"Leiden","operatorName":"E-Flux by Road","maxPowerKw":11,"isMegawatt":false,"status":"AVAILABLE","source":"ndw","priceKwh":0.28}},{"type":"Feature","geometry":{"type":"Point","coordinates":[4.481615,52.14844]},"properties":{"type":"charge","layer":"passenger","locationId":"645b746d3bfb37001249d337","name":"Leiden/Lasserstraat 25","address":"Lasserstraat 25","city":"Leiden","operatorName":"E-Flux by Road","maxPowerKw":14,"isMegawatt":false,"status":"AVAILABLE","source":"ndw","priceKwh":0.5217}},{"type":"Feature","geometry":{"type":"Point","coordinates":[4.49653,52.169699]},"properties":{"type":"charge","layer":"passenger","locationId":"NLCCH00051","name":"Leiden - Prins Clausweg 341A","address":"Prins Clausweg 341A","city":"Leiden","operatorName":"","maxPowerKw":11,"isMegawatt":false,"status":"AVAILABLE","source":"ndw","priceKwh":0.5549}},{"type":"Feature","geometry":{"type":"Point","coordinates":[4.513712,52.166012]},"properties":{"type":"charge","layer":"passenger","locationId":"6482fa7769a158001c736e2b","name":"Leiden/Timorstraat","address":"Timorstraat 52","city":"Leiden","operatorName":"E-Flux by Road","maxPowerKw":14,"isMegawatt":false,"status":"AVAILABLE","source":"ndw","priceKwh":0.5217}},{"type":"Feature","geometry":{"type":"Point","coordinates":[4.453713,52.152794]},"properties":{"type":"charge","layer":"passenger","locationId":"NLCCH00093","name":"Leiden – Truus Smuldersstraat 33","address":"Truus Smuldersstraat 33","city":"Leiden","operatorName":"","maxPowerKw":11,"isMegawatt":false,"status":"AVAILABLE","source":"ndw","priceKwh":0.5549}},{"type":"Feature","geometry":{"type":"Point","coordinates":[4.498157,52.146407]},"properties":{"type":"charge","layer":"passenger","locationId":"NLCCH00168","name":"Leiden - Professorenpad 1","address":"Professorenpad 1","city":"Leiden","operatorName":"","maxPowerKw":11,"isMegawatt":false,"status":"AVAILABLE","source":"ndw","priceKwh":0.5549}},{"type":"Feature","geometry":{"type":"Point","coordinates":[4.493467,52.163057]},"properties":{"type":"charge","layer":"passenger","locationId":"NLCCH00173","name":"Leiden - Volmolengracht 21","address":"Volmolengracht 21","city":"Leiden","operatorName":"","maxPowerKw":11,"isMegawatt":false,"status":"AVAILABLE","source":"ndw","priceKwh":0.5549}},{"type":"Feature","geometry":{"type":"Point","coordinates":[4.487296,52.172329]},"properties":{"type":"charge","layer":"passenger","locationId":"NLCCH00904","name":"Leiden - Zweilandlaan t.h.v. Boerhaavelaan 298","address":"Boerhaavelaan 298","city":"Leiden","operatorName":"","maxPowerKw":11,"isMegawatt":false,"status":"AVAILABLE","source":"ndw","priceKwh":0.5549}},{"type":"Feature","geometry":{"type":"Point","coordinates":[4.468827,52.170665]},"properties":{"type":"charge","layer":"passenger","locationId":"6a048249410a908e0eecec97","name":"NXT Charge - Leiden - Basalt - AC","address":"Wassenaarseweg 501","city":"Leiden","operatorName":"NXT Charging Solutions","maxPowerKw":22,"isMegawatt":false,"status":"AVAILABLE","source":"ndw","priceKwh":0.48}},{"type":"Feature","geometry":{"type":"Point","coordinates":[4.51377,52.18188]},"properties":{"type":"charge","layer":"passenger","locationId":"NL000126","name":"Gloxiniadal 26 Leiden","address":"Gloxiniadal 26","city":"Leiden","operatorName":"StellaPower®","maxPowerKw":17,"isMegawatt":false,"status":"AVAILABLE","source":"ndw","priceKwh":0.471}},{"type":"Feature","geometry":{"type":"Point","coordinates":[4.504302,52.145293]},"properties":{"type":"charge","layer":"passenger","locationId":"845b39e6-3631-44a6-9cae-ca94ab723df4","name":"Le Pooleweg 7","address":"Le Pooleweg 7","city":"Leiden","operatorName":"Vattenfall InCharge","maxPowerKw":11,"isMegawatt":false,"status":"AVAILABLE","source":"ndw"}},{"type":"Feature","geometry":{"type":"Point","coordinates":[4.51694,52.15657]},"properties":{"type":"charge","layer":"passenger","locationId":"NL000114","name":"Calslaan 20 Leiden","address":"Calslaan 20","city":"Leiden","operatorName":"StellaPower®","maxPowerKw":17,"isMegawatt":false,"status":"AVAILABLE","source":"ndw","priceKwh":0.471}},{"type":"Feature","geometry":{"type":"Point","coordinates":[4.44879,52.15558]},"properties":{"type":"charge","layer":"passenger","locationId":"NL000124","name":"Anna Maria van Schuurmanstraat 12 Leiden","address":"Anna Maria van Schuurmanstraat 12","city":"Leiden","operatorName":"StellaPower®","maxPowerKw":17,"isMegawatt":false,"status":"AVAILABLE","source":"ndw","priceKwh":0.471}},{"type":"Feature","geometry":{"type":"Point","coordinates":[4.502491,52.177798]},"properties":{"type":"charge","layer":"passenger","locationId":"655dfae62feacf001cfba606","name":"Leiden Kokkelbank/Zaagjesbank 4","address":"Zaagjesbank 5","city":"Leiden","operatorName":"E-Flux by Road","maxPowerKw":14,"isMegawatt":false,"status":"AVAILABLE","source":"ndw","priceKwh":0.5217}},{"type":"Feature","geometry":{"type":"Point","coordinates":[4.485,52.17389]},"properties":{"type":"charge","layer":"passenger","locationId":"NL000116","name":"Zweilandlaan 6 Leiden","address":"Zweilandlaan 6","city":"Leiden","operatorName":"StellaPower®","maxPowerKw":17,"isMegawatt":false,"status":"AVAILABLE","source":"ndw","priceKwh":0.471}},{"type":"Feature","geometry":{"type":"Point","coordinates":[4.495645,52.168878]},"properties":{"type":"charge","layer":"passenger","locationId":"NLCCH00054","name":"Leiden - Prins Clausweg 3C","address":"Prins Clausweg 3C","city":"Leiden","operatorName":"","maxPowerKw":11,"isMegawatt":false,"status":"AVAILABLE","source":"ndw","priceKwh":0.5549}},{"type":"Feature","geometry":{"type":"Point","coordinates":[4.481708,52.163816]},"properties":{"type":"charge","layer":"passenger","locationId":"686bd54c091c8ccd35795b6f","name":"Leiden/Morssingel 183","address":"Morssingel 183","city":"Leiden","operatorName":"E-Flux by Road","maxPowerKw":14,"isMegawatt":false,"status":"AVAILABLE","source":"ndw","priceKwh":0.562}},{"type":"Feature","geometry":{"type":"Point","coordinates":[4.484481,52.150785]},"properties":{"type":"charge","layer":"passenger","locationId":"NLCCH00448","name":"Leiden - Schelpenkade 53","address":"Schelpenkade 53","city":"Leiden","operatorName":"","maxPowerKw":11,"isMegawatt":false,"status":"AVAILABLE","source":"ndw","priceKwh":0.5549}},{"type":"Feature","geometry":{"type":"Point","coordinates":[4.472863,52.150245]},"properties":{"type":"charge","layer":"passenger","locationId":"NLCCH00446","name":"Leiden - Jacques Urluslaan t.h.v. Aaltje  Noordewierlaan 55","address":"Aaltje Noordewierlaan 55","city":"Leiden","operatorName":"","maxPowerKw":11,"isMegawatt":false,"status":"AVAILABLE","source":"ndw","priceKwh":0.5549}},{"type":"Feature","geometry":{"type":"Point","coordinates":[4.489596,52.149745]},"properties":{"type":"charge","layer":"passenger","locationId":"NLCCH00902","name":"Leiden - Acaciastraat t.h.v. Koninginnelaan 17","address":"Koninginnelaan 17","city":"Leiden","operatorName":"","maxPowerKw":11,"isMegawatt":false,"status":"AVAILABLE","source":"ndw","priceKwh":0.5549}},{"type":"Feature","geometry":{"type":"Point","coordinates":[4.49653,52.15417]},"properties":{"type":"charge","layer":"passenger","locationId":"NL000115","name":"Gerestraat 21 Leiden","address":"Gerestraat 21","city":"Leiden","operatorName":"StellaPower®","maxPowerKw":17,"isMegawatt":false,"status":"AVAILABLE","source":"ndw","priceKwh":0.471}},{"type":"Feature","geometry":{"type":"Point","coordinates":[4.450404,52.144657]},"properties":{"type":"charge","layer":"passenger","locationId":"NL000111","name":"Gerda Brautigamsingel 70 Leiden","address":"Gerda Brautigamsingel 70","city":"Leiden","operatorName":"StellaPower®","maxPowerKw":17,"isMegawatt":false,"status":"AVAILABLE","source":"ndw","priceKwh":0.471}},{"type":"Feature","geometry":{"type":"Point","coordinates":[4.4825,52.14975]},"properties":{"type":"charge","layer":"passenger","locationId":"NL000128","name":"Smederijstraat 13 Leiden","address":"Smederijstraat 13","city":"Leiden","operatorName":"StellaPower®","maxPowerKw":17,"isMegawatt":false,"status":"AVAILABLE","source":"ndw","priceKwh":0.471}},{"type":"Feature","geometry":{"type":"Point","coordinates":[4.447346,52.151336]},"properties":{"type":"charge","layer":"passenger","locationId":"686e2a9bb49987966627fb2d","name":"Leiden/Catharina van Renneskade 25","address":"Catharina van Renneskade 25","city":"Leiden","operatorName":"E-Flux by Road","maxPowerKw":14,"isMegawatt":false,"status":"AVAILABLE","source":"ndw","priceKwh":0.562}},{"type":"Feature","geometry":{"type":"Point","coordinates":[4.474464,52.172832]},"properties":{"type":"charge","layer":"passenger","locationId":"662a4ccd89e642001c38e8d5","name":"Leiden/Rijnsburgerweg 126","address":"Rijnsburgerweg 126","city":"Leiden","operatorName":"E-Flux by Road","maxPowerKw":14,"isMegawatt":false,"status":"AVAILABLE","source":"ndw","priceKwh":0.5217}},{"type":"Feature","geometry":{"type":"Point","coordinates":[4.455984,52.150168]},"properties":{"type":"charge","layer":"passenger","locationId":"NLCCH00556","name":"Leiden - Minet Storm-van der Chijspad t.h.v. Theda Mansholtstraat 26","address":"Theda Mansholtstraat 26","city":"Leiden","operatorName":"","maxPowerKw":11,"isMegawatt":false,"status":"AVAILABLE","source":"ndw","priceKwh":0.5549}},{"type":"Feature","geometry":{"type":"Point","coordinates":[4.483107,52.149519]},"properties":{"type":"charge","layer":"passenger","locationId":"NLCCH00619","name":"Leiden - Kraanbaan 1","address":"Kraanbaan 1","city":"Leiden","operatorName":"","maxPowerKw":11,"isMegawatt":false,"status":"AVAILABLE","source":"ndw","priceKwh":0.5549}},{"type":"Feature","geometry":{"type":"Point","coordinates":[4.500851,52.178968]},"properties":{"type":"charge","layer":"passenger","locationId":"662a568e89e642001c39a124","name":"Leiden/Vederwier 9","address":"Vederwier 9","city":"Leiden","operatorName":"E-Flux by Road","maxPowerKw":14,"isMegawatt":false,"status":"AVAILABLE","source":"ndw","priceKwh":0.5217}},{"type":"Feature","geometry":{"type":"Point","coordinates":[4.487732,52.167898]},"properties":{"type":"charge","layer":"passenger","locationId":"NLCCH00582","name":"Leiden - Virulypad 3","address":"Virulypad 3","city":"Leiden","operatorName":"","maxPowerKw":11,"isMegawatt":false,"status":"AVAILABLE","source":"ndw","priceKwh":0.5549}},{"type":"Feature","geometry":{"type":"Point","coordinates":[4.456078,52.156868]},"properties":{"type":"charge","layer":"passenger","locationId":"NLCCH00903","name":"Leiden - Hoge Morsweg 138","address":"Hoge Morsweg 138","city":"Leiden","operatorName":"","maxPowerKw":11,"isMegawatt":false,"status":"AVAILABLE","source":"ndw","priceKwh":0.5549}},{"type":"Feature","geometry":{"type":"Point","coordinates":[4.485176,52.152553]},"properties":{"type":"charge","layer":"passenger","locationId":"NLCCH00517","name":"Leiden - Hugo de Grootstraat 32","address":"Hugo de Grootstraat 32","city":"Leiden","operatorName":"","maxPowerKw":11,"isMegawatt":false,"status":"AVAILABLE","source":"ndw","priceKwh":0.5549}},{"type":"Feature","geometry":{"type":"Point","coordinates":[4.476564,52.160559]},"properties":{"type":"charge","layer":"passenger","locationId":"NLCCH00504","name":"Leiden - Morsweg 59C","address":"Morsweg 59C","city":"Leiden","operatorName":"","maxPowerKw":11,"isMegawatt":false,"status":"AVAILABLE","source":"ndw","priceKwh":0.5549}},{"type":"Feature","geometry":{"type":"Point","coordinates":[4.516841,52.146829]},"properties":{"type":"charge","layer":"passenger","locationId":"NLCCH00519","name":"Leiden - Agrippinastraat t.h.v. Vitruviusstraat 137","address":"Vitruviusstraat 137","city":"Leiden","operatorName":"","maxPowerKw":11,"isMegawatt":false,"status":"AVAILABLE","source":"ndw","priceKwh":0.5549}},{"type":"Feature","geometry":{"type":"Point","coordinates":[4.502178,52.168113]},"properties":{"type":"charge","layer":"passenger","locationId":"NLCCH00537","name":"Leiden -  Charlotte de Bourbonhof 54","address":"Charlotte de Bourbonhof 54","city":"Leiden","operatorName":"","maxPowerKw":11,"isMegawatt":false,"status":"AVAILABLE","source":"ndw","priceKwh":0.5549}},{"type":"Feature","geometry":{"type":"Point","coordinates":[4.48282,52.17154]},"properties":{"type":"charge","layer":"passenger","locationId":"NLCCH00553","name":"Leiden - Eijmerspoelstraat 88","address":"Eijmerspoelstraat 88","city":"Leiden","operatorName":"","maxPowerKw":11,"isMegawatt":false,"status":"AVAILABLE","source":"ndw","priceKwh":0.5549}},{"type":"Feature","geometry":{"type":"Point","coordinates":[4.51504,52.145986]},"properties":{"type":"charge","layer":"passenger","locationId":"NLCCH00520","name":"Leiden - Vitruviusstraat 178","address":"Vitruviusstraat 178","city":"Leiden","operatorName":"","maxPowerKw":11,"isMegawatt":false,"status":"AVAILABLE","source":"ndw","priceKwh":0.5549}},{"type":"Feature","geometry":{"type":"Point","coordinates":[4.500633,52.160648]},"properties":{"type":"charge","layer":"passenger","locationId":"NLCCH00535","name":"Leiden - Kalvermarkt 1","address":"Kalvermarkt 1","city":"Leiden","operatorName":"","maxPowerKw":11,"isMegawatt":false,"status":"AVAILABLE","source":"ndw","priceKwh":0.5549}},{"type":"Feature","geometry":{"type":"Point","coordinates":[4.493488,52.165731]},"properties":{"type":"charge","layer":"passenger","locationId":"NLCCH00602","name":"Leiden - Slachthuislaan 31","address":"Slachthuislaan 31","city":"Leiden","operatorName":"","maxPowerKw":11,"isMegawatt":false,"status":"AVAILABLE","source":"ndw","priceKwh":0.5549}},{"type":"Feature","geometry":{"type":"MultiPolygon","coordinates":[[[[4.517984141609794,52.1785349615271],[4.5184930650615325,52.17425022038398],[4.517168364133513,52.172674185017044],[4.515120827324001,52.17108690297298],[4.515517997206584,52.169512317921914],[4.516194193908552,52.16581775934735],[4.515039600821195,52.16340141234105],[4.514830960708138,52.16080270626406],[4.518856939295626,52.1582232299617],[4.520820480976158,52.156551480499715],[4.521691615344703,52.15386213062603],[4.522235338290834,52.152170031369565],[4.52223933807378,52.152155689125344],[4.5239111236916045,52.14765527665453],[4.524037525517154,52.14739829666847],[4.515986564788143,52.14469435258482],[4.510676508692584,52.14086630702463],[4.51321255276779,52.13997461285383],[4.5130994122153085,52.139917132203486],[4.497969596291022,52.13216412597587],[4.496561749758232,52.13145042175931],[4.491952900902787,52.12901136703787],[4.487519985904698,52.12741014101089],[4.472975436909095,52.118952018446336],[4.472289051768598,52.1196350632398],[4.472321181585652,52.12345903673258],[4.472941478304252,52.123703615570356],[4.468149315853901,52.12855127279018],[4.467481047865191,52.12832366102242],[4.466845096767409,52.12898035309882],[4.465981626284318,52.12789075769076],[4.466420287798108,52.127333848550016],[4.465191960275669,52.12661380978113],[4.464492322718992,52.12731162628933],[4.468915566838502,52.132763607708355],[4.46906638010022,52.13319884524577],[4.46923869257122,52.13427609315543],[4.467171354466423,52.1369436788863],[4.466682035532848,52.14089112741249],[4.466050625707938,52.14641661443756],[4.465405464413306,52.149443422760655],[4.462968769083476,52.148945552510064],[4.462444356324367,52.149777261893526],[4.459287200422999,52.14969724799876],[4.457019560019916,52.14778939544601],[4.450872331321077,52.142129417015944],[4.449603896730917,52.14098485272341],[4.446561955260692,52.14119375859042],[4.444678046573506,52.14062039976135],[4.443789441128982,52.14101376951493],[4.442988460725329,52.14534631400736],[4.443939237166985,52.14604179179552],[4.441371482163197,52.14949903132445],[4.438865008633264,52.15326502447899],[4.439215680849005,52.154696005165974],[4.440478012509531,52.155653524819776],[4.4482906807095315,52.1619788829834],[4.448368065985335,52.16205250199748],[4.450407889220862,52.16631998358669],[4.453051811590185,52.168492650863584],[4.454777193637178,52.1710829920291],[4.466868017629129,52.169929276878754],[4.4675728638720456,52.17045179074551],[4.467233957462262,52.17217101410934],[4.468508854535541,52.1734825931681],[4.469573056631359,52.17434576877275],[4.471573172787171,52.174456537837976],[4.478652900318336,52.17957727832657],[4.479707592552269,52.17900444512322],[4.4807953641998814,52.17962862464303],[4.484607140961357,52.17801577770466],[4.487401507525424,52.1769242358774],[4.487434127354318,52.17816512304271],[4.489600162686563,52.17714577783967],[4.4919221654191945,52.175407985026496],[4.493439199978515,52.175856555324955],[4.495368240539428,52.17780257150028],[4.497173295129757,52.18094382725655],[4.497561805667018,52.183983185927126],[4.498341863760402,52.18399410074318],[4.50163318729387,52.1842648741946],[4.503545998409644,52.18462183517697],[4.508524935791848,52.18397376862005],[4.517207556040387,52.18271910330123],[4.518368243562107,52.18211677753097],[4.517984141609794,52.1785349615271]]]]},"properties":{"type":"boundary","gemeente":"Leiden","code":"GM0546"}}]}