{"type":"FeatureCollection","metadata":{"gemeente":"Schiedam","slug":"schiedam","code":"GM0606","generated_at":"2026-07-06T16:26:11.361Z","total_passenger":375,"total_freight":1,"bounds":[4.350671096582289,51.89673643065699,4.4177127259399835,51.96340669222389],"operators":["Alva Charging Services","ChargePoint","E-Flux by Road","EQUANS","Eneco","Laadnet","Lanova Laadpalen","Pluq","Shell Recharge","Spirii","Tesla","Valk Energy"]},"features":[{"type":"Feature","geometry":{"type":"Point","coordinates":[4.362788,51.942628]},"properties":{"type":"charge","layer":"passenger","locationId":"89060998","name":"EQUANS SGZH 1.0 89060998","address":"Geelgieterhof 2","city":"Schiedam","operatorName":"EQUANS","maxPowerKw":11,"isMegawatt":false,"status":"CHARGING","source":"ndw"}},{"type":"Feature","geometry":{"type":"Point","coordinates":[4.37838,51.91007]},"properties":{"type":"charge","layer":"passenger","locationId":"90918864","name":"EQUANS SGZH 2.0 Jan Evertsenweg 12","address":"Jan Evertsenweg 12","city":"Schiedam","operatorName":"EQUANS","maxPowerKw":11,"isMegawatt":false,"status":"AVAILABLE","source":"ndw"}},{"type":"Feature","geometry":{"type":"Point","coordinates":[4.36609,51.93692]},"properties":{"type":"charge","layer":"passenger","locationId":"89035878","name":"EQUANS SGZH 2.0 89035878","address":"Lisztplein 234","city":"Schiedam","operatorName":"EQUANS","maxPowerKw":11,"isMegawatt":false,"status":"CHARGING","source":"ndw"}},{"type":"Feature","geometry":{"type":"Point","coordinates":[4.362846,51.943887]},"properties":{"type":"charge","layer":"passenger","locationId":"90328339","name":"EQUANS SGZH 1.0 Kolenbranderstraat 99","address":"Kolenbranderstraat 99","city":"Schiedam","operatorName":"EQUANS","maxPowerKw":11,"isMegawatt":false,"status":"AVAILABLE","source":"ndw"}},{"type":"Feature","geometry":{"type":"Point","coordinates":[4.411181,51.919713]},"properties":{"type":"charge","layer":"passenger","locationId":"90197506","name":"EQUANS SGZH 2.0 Stationstraat 13","address":"Stationstraat 13","city":"Schiedam","operatorName":"EQUANS","maxPowerKw":11,"isMegawatt":false,"status":"AVAILABLE","source":"ndw"}},{"type":"Feature","geometry":{"type":"Point","coordinates":[4.39185,51.914293]},"properties":{"type":"charge","layer":"passenger","locationId":"89329947","name":"EQUANS SGZH 2.0 89329947","address":"Fabristraat 47","city":"Schiedam","operatorName":"EQUANS","maxPowerKw":11,"isMegawatt":false,"status":"CHARGING","source":"ndw"}},{"type":"Feature","geometry":{"type":"Point","coordinates":[4.38811,51.91974]},"properties":{"type":"charge","layer":"passenger","locationId":"91004305","name":"EQUANS SGZH 2.0 Loeffstraat 38","address":"Loeffstraat 38","city":"Schiedam","operatorName":"EQUANS","maxPowerKw":11,"isMegawatt":false,"status":"AVAILABLE","source":"ndw"}},{"type":"Feature","geometry":{"type":"Point","coordinates":[4.409271,51.912933]},"properties":{"type":"charge","layer":"passenger","locationId":"91076479","name":"EQUANS SGZH 2.0 Van Cleeffstraat 16","address":"Van Cleeffstraat 16","city":"Schiedam","operatorName":"EQUANS","maxPowerKw":11,"isMegawatt":false,"status":"AVAILABLE","source":"ndw"}},{"type":"Feature","geometry":{"type":"Point","coordinates":[4.402635,51.920271]},"properties":{"type":"charge","layer":"passenger","locationId":"89254202","name":"EQUANS SGZH 2.0 89254202","address":"'s-Gravelandseweg 567 C","city":"Schiedam","operatorName":"EQUANS","maxPowerKw":17,"isMegawatt":false,"status":"AVAILABLE","source":"ndw"}},{"type":"Feature","geometry":{"type":"Point","coordinates":[4.39629,51.90839]},"properties":{"type":"charge","layer":"passenger","locationId":"91284796","name":"EQUANS SGZH 2.0 Stadhouderslaan 55","address":"Stadhouderslaan 55","city":"Schiedam","operatorName":"EQUANS","maxPowerKw":11,"isMegawatt":false,"status":"AVAILABLE","source":"ndw"}},{"type":"Feature","geometry":{"type":"Point","coordinates":[4.368161,51.940615]},"properties":{"type":"charge","layer":"passenger","locationId":"90260088","name":"EQUANS SGZH 2.0 Bouwmeesterweg 56","address":"Bouwmeesterweg 56","city":"Schiedam","operatorName":"EQUANS","maxPowerKw":11,"isMegawatt":false,"status":"AVAILABLE","source":"ndw"}},{"type":"Feature","geometry":{"type":"Point","coordinates":[4.412924,51.919099]},"properties":{"type":"charge","layer":"passenger","locationId":"90377595","name":"EQUANS SGZH 2.0 Fahrenheitstraat 25 A (t.h.v. Lorentzlaan 76)","address":"Fahrenheitstraat 25 A","city":"Schiedam","operatorName":"EQUANS","maxPowerKw":11,"isMegawatt":false,"status":"AVAILABLE","source":"ndw"}},{"type":"Feature","geometry":{"type":"Point","coordinates":[4.380227,51.913439]},"properties":{"type":"charge","layer":"passenger","locationId":"89061038","name":"EQUANS SGZH 1.0 89061038","address":"Jan Vermeerstraat 24","city":"Schiedam","operatorName":"EQUANS","maxPowerKw":11,"isMegawatt":false,"status":"CHARGING","source":"ndw"}},{"type":"Feature","geometry":{"type":"Point","coordinates":[4.37217,51.924842]},"properties":{"type":"charge","layer":"passenger","locationId":"bad579e2-4f9c-4e2f-ac68-d21989ddc6b6","name":"Schiedam, Netherlands","address":"6, Hargalaan","city":"Schiedam","operatorName":"Tesla","maxPowerKw":250,"isMegawatt":false,"status":"AVAILABLE","source":"ndw","priceKwh":0.53}},{"type":"Feature","geometry":{"type":"Point","coordinates":[4.400951,51.916859]},"properties":{"type":"charge","layer":"passenger","locationId":"90300356","name":"EQUANS SGZH 2.0 Baan 40 C","address":"Baan 40 C","city":"Schiedam","operatorName":"EQUANS","maxPowerKw":11,"isMegawatt":false,"status":"CHARGING","source":"ndw"}},{"type":"Feature","geometry":{"type":"Point","coordinates":[4.396726,51.923889]},"properties":{"type":"charge","layer":"passenger","locationId":"89061026","name":"EQUANS SGZH 1.0 89061026","address":"Ko Suurhofflaan 1","city":"Schiedam","operatorName":"EQUANS","maxPowerKw":22,"isMegawatt":false,"status":"AVAILABLE","source":"ndw"}},{"type":"Feature","geometry":{"type":"Point","coordinates":[4.40791,51.91562]},"properties":{"type":"charge","layer":"passenger","locationId":"89035866","name":"EQUANS SGZH 2.0 89035866","address":"Swammerdamsingel 79","city":"Schiedam","operatorName":"EQUANS","maxPowerKw":11,"isMegawatt":false,"status":"AVAILABLE","source":"ndw"}},{"type":"Feature","geometry":{"type":"Point","coordinates":[4.370653,51.935368]},"properties":{"type":"charge","layer":"passenger","locationId":"89263236","name":"EQUANS SGZH 1.0 89263236","address":"johann straussplein 355","city":"schiedam","operatorName":"EQUANS","maxPowerKw":11,"isMegawatt":false,"status":"AVAILABLE","source":"ndw"}},{"type":"Feature","geometry":{"type":"Point","coordinates":[4.373194,51.937271]},"properties":{"type":"charge","layer":"passenger","locationId":"89309274","name":"EQUANS SGZH 1.0 89309274","address":"Bachplein 434","city":"Schiedam","operatorName":"EQUANS","maxPowerKw":11,"isMegawatt":false,"status":"CHARGING","source":"ndw"}},{"type":"Feature","geometry":{"type":"Point","coordinates":[4.402805,51.915626]},"properties":{"type":"charge","layer":"passenger","locationId":"89217225","name":"EQUANS SGZH 2.0 89217225","address":"Korte Singelstraat 21-1","city":"Schiedam","operatorName":"EQUANS","maxPowerKw":17,"isMegawatt":false,"status":"AVAILABLE","source":"ndw"}},{"type":"Feature","geometry":{"type":"Point","coordinates":[4.37654,51.91107]},"properties":{"type":"charge","layer":"passenger","locationId":"89035875","name":"EQUANS SGZH 2.0 89035875","address":"Vlaardingerdijk 102","city":"Schiedam","operatorName":"EQUANS","maxPowerKw":11,"isMegawatt":false,"status":"AVAILABLE","source":"ndw"}},{"type":"Feature","geometry":{"type":"Point","coordinates":[4.37528,51.9201]},"properties":{"type":"charge","layer":"passenger","locationId":"91448098","name":"EQUANS SGZH 2.0 Esther Vergeerstraat 2","address":"Esther Vergeerstraat 2","city":"Schiedam","operatorName":"EQUANS","maxPowerKw":11,"isMegawatt":false,"status":"AVAILABLE","source":"ndw"}},{"type":"Feature","geometry":{"type":"Point","coordinates":[4.39989,51.91376]},"properties":{"type":"charge","layer":"passenger","locationId":"90885216","name":"EQUANS SGZH 2.0 Griffioenstraat 8","address":"Griffioenstraat 8","city":"Schiedam","operatorName":"EQUANS","maxPowerKw":11,"isMegawatt":false,"status":"AVAILABLE","source":"ndw"}},{"type":"Feature","geometry":{"type":"Point","coordinates":[4.379187,51.916343]},"properties":{"type":"charge","layer":"passenger","locationId":"91227867","name":"EQUANS SGZH 2.0 Dr Schaepmansingel 157","address":"Dr Schaepmansingel 157","city":"Schiedam","operatorName":"EQUANS","maxPowerKw":11,"isMegawatt":false,"status":"AVAILABLE","source":"ndw"}},{"type":"Feature","geometry":{"type":"Point","coordinates":[4.364127,51.939368]},"properties":{"type":"charge","layer":"passenger","locationId":"626fcefb93ac60115da52a71","name":"DrieMaasStede -Schiedam","address":"Voorberghlaan 35","city":"Schiedam","operatorName":"E-Flux by Road","maxPowerKw":60,"isMegawatt":false,"status":"AVAILABLE","source":"ndw","priceKwh":0.38}},{"type":"Feature","geometry":{"type":"Point","coordinates":[4.400268,51.909272]},"properties":{"type":"charge","layer":"passenger","locationId":"89263184","name":"EQUANS SGZH 2.0 Nassaulaan 13","address":"Nassaulaan 13","city":"Schiedam","operatorName":"EQUANS","maxPowerKw":11,"isMegawatt":false,"status":"AVAILABLE","source":"ndw"}},{"type":"Feature","geometry":{"type":"Point","coordinates":[4.38119,51.91027]},"properties":{"type":"charge","layer":"passenger","locationId":"90939947","name":"EQUANS SGZH 2.0 Julianalaan 72","address":"Julianalaan 72","city":"Schiedam","operatorName":"EQUANS","maxPowerKw":11,"isMegawatt":false,"status":"AVAILABLE","source":"ndw"}},{"type":"Feature","geometry":{"type":"Point","coordinates":[4.403004,51.906728]},"properties":{"type":"charge","layer":"passenger","locationId":"89263180","name":"EQUANS SGZH 1.0 89263180","address":"Groenelaan 85","city":"Schiedam","operatorName":"EQUANS","maxPowerKw":11,"isMegawatt":false,"status":"AVAILABLE","source":"ndw"}},{"type":"Feature","geometry":{"type":"Point","coordinates":[4.373093,51.922522]},"properties":{"type":"charge","layer":"passenger","locationId":"90984104","name":"EQUANS SGZH 1.0 Epke Zonderlandstraat 31","address":"Epke Zonderlandstraat 31","city":"Schiedam","operatorName":"EQUANS","maxPowerKw":11,"isMegawatt":false,"status":"AVAILABLE","source":"ndw"}},{"type":"Feature","geometry":{"type":"Point","coordinates":[4.3708,51.929799]},"properties":{"type":"charge","layer":"passenger","locationId":"89254270","name":"EQUANS SGZH 2.0 Peter van Anrooylaan 22","address":"Peter van Anrooylaan 22","city":"Schiedam","operatorName":"EQUANS","maxPowerKw":11,"isMegawatt":false,"status":"AVAILABLE","source":"ndw"}},{"type":"Feature","geometry":{"type":"Point","coordinates":[4.404801,51.915695]},"properties":{"type":"charge","layer":"passenger","locationId":"89602008","name":"EQUANS SGZH 2.0 89602008","address":"Marconiweg 7","city":"Schiedam","operatorName":"EQUANS","maxPowerKw":11,"isMegawatt":false,"status":"CHARGING","source":"ndw"}},{"type":"Feature","geometry":{"type":"Point","coordinates":[4.41026,51.91993]},"properties":{"type":"charge","layer":"passenger","locationId":"89263174","name":"EQUANS SGZH 1.0 89263174","address":"Teylerstraat 2","city":"Schiedam","operatorName":"EQUANS","maxPowerKw":11,"isMegawatt":false,"status":"AVAILABLE","source":"ndw"}},{"type":"Feature","geometry":{"type":"Point","coordinates":[4.402438,51.903389]},"properties":{"type":"charge","layer":"passenger","locationId":"89263181","name":"EQUANS SGZH 1.0 89263181","address":"havendijk 174","city":"schiedam","operatorName":"EQUANS","maxPowerKw":11,"isMegawatt":false,"status":"AVAILABLE","source":"ndw"}},{"type":"Feature","geometry":{"type":"Point","coordinates":[4.376566,51.909018]},"properties":{"type":"charge","layer":"passenger","locationId":"69e5ec56378e8473c109533d","name":"Karel Doornmanweg 5 Schiedam","address":"Karel Doormanweg 5","city":"Schiedam","operatorName":"Pluq","maxPowerKw":22,"isMegawatt":false,"status":"AVAILABLE","source":"ndw","priceKwh":0.45}},{"type":"Feature","geometry":{"type":"Point","coordinates":[4.388267,51.91374]},"properties":{"type":"charge","layer":"passenger","locationId":"89439471","name":"EQUANS SGZH 2.0 89439471","address":"Westfrankelandsestraat 124","city":"Schiedam","operatorName":"EQUANS","maxPowerKw":11,"isMegawatt":false,"status":"CHARGING","source":"ndw"}},{"type":"Feature","geometry":{"type":"Point","coordinates":[4.404762,51.908548]},"properties":{"type":"charge","layer":"passenger","locationId":"89624298","name":"EQUANS SGZH 2.0 89624298","address":"Hagastraat 78","city":"Schiedam","operatorName":"EQUANS","maxPowerKw":11,"isMegawatt":false,"status":"CHARGING","source":"ndw"}},{"type":"Feature","geometry":{"type":"Point","coordinates":[4.39309,51.91296]},"properties":{"type":"charge","layer":"passenger","locationId":"91227679","name":"EQUANS SGZH 2.0 Sint Liduinastraat 52 a2","address":"Sint Liduinastraat 52 a2","city":"Schiedam","operatorName":"EQUANS","maxPowerKw":11,"isMegawatt":false,"status":"CHARGING","source":"ndw"}},{"type":"Feature","geometry":{"type":"Point","coordinates":[4.36819,51.93148]},"properties":{"type":"charge","layer":"passenger","locationId":"90850395","name":"EQUANS SGZH 2.0 Griegplein 27","address":"Griegplein 27","city":"Schiedam","operatorName":"EQUANS","maxPowerKw":11,"isMegawatt":false,"status":"AVAILABLE","source":"ndw"}},{"type":"Feature","geometry":{"type":"Point","coordinates":[4.41671,51.91924]},"properties":{"type":"charge","layer":"passenger","locationId":"91387116","name":"EQUANS SGZH 2.0 Hogenbanweg 15","address":"Hogenbanweg 15","city":"Schiedam","operatorName":"EQUANS","maxPowerKw":11,"isMegawatt":false,"status":"AVAILABLE","source":"ndw"}},{"type":"Feature","geometry":{"type":"Point","coordinates":[4.411566,51.913991]},"properties":{"type":"charge","layer":"passenger","locationId":"89370453","name":"EQUANS SGZH 2.0 89370453","address":"Rotterdamsedijk 183","city":"Schiedam","operatorName":"EQUANS","maxPowerKw":11,"isMegawatt":false,"status":"AVAILABLE","source":"ndw"}},{"type":"Feature","geometry":{"type":"Point","coordinates":[4.37737,51.93254]},"properties":{"type":"charge","layer":"passenger","locationId":"91012610","name":"EQUANS SGZH 2.0 Hargsingel 29","address":"Hargsingel 29","city":"Schiedam","operatorName":"EQUANS","maxPowerKw":11,"isMegawatt":false,"status":"AVAILABLE","source":"ndw"}},{"type":"Feature","geometry":{"type":"Point","coordinates":[4.386637,51.941304]},"properties":{"type":"charge","layer":"passenger","locationId":"89263257","name":"EQUANS SGZH 1.0 89263257","address":"Degerfors 47","city":"Schiedam","operatorName":"EQUANS","maxPowerKw":11,"isMegawatt":false,"status":"AVAILABLE","source":"ndw"}},{"type":"Feature","geometry":{"type":"Point","coordinates":[4.382678,51.938842]},"properties":{"type":"charge","layer":"passenger","locationId":"89263260","name":"EQUANS SGZH 1.0 Bramengaarde 5","address":"Bramengaarde 5","city":"Schiedam","operatorName":"EQUANS","maxPowerKw":11,"isMegawatt":false,"status":"AVAILABLE","source":"ndw"}},{"type":"Feature","geometry":{"type":"Point","coordinates":[4.379236,51.927587]},"properties":{"type":"charge","layer":"passenger","locationId":"91041929","name":"EQUANS SGZH 1.0 Prinses Beatrixlaan 4","address":"Prinses Beatrixlaan 4","city":"Schiedam","operatorName":"EQUANS","maxPowerKw":11,"isMegawatt":false,"status":"CHARGING","source":"ndw"}},{"type":"Feature","geometry":{"type":"Point","coordinates":[4.386511,51.912974]},"properties":{"type":"charge","layer":"passenger","locationId":"89263197","name":"EQUANS SGZH 2.0 Vondellaan 48","address":"Vondellaan 48","city":"Schiedam","operatorName":"EQUANS","maxPowerKw":11,"isMegawatt":false,"status":"AVAILABLE","source":"ndw"}},{"type":"Feature","geometry":{"type":"Point","coordinates":[4.39838,51.936521]},"properties":{"type":"charge","layer":"passenger","locationId":"5212","name":"Shell Recharge NL9169 - Gamma Schiedam Noord","address":"'s-Gravelandseweg 363","city":"Schiedam","operatorName":"Shell Recharge","maxPowerKw":150,"isMegawatt":false,"status":"AVAILABLE","source":"ndw","priceKwh":0.7025}},{"type":"Feature","geometry":{"type":"Point","coordinates":[4.391083,51.900139]},"properties":{"type":"charge","layer":"passenger","locationId":"65dc75b5a595bb001cc8b38d","name":"Klasmann-Deilmann Benelux BV","address":"Nieuwe Waterwegstraat 34","city":"Schiedam","operatorName":"E-Flux by Road","maxPowerKw":22,"isMegawatt":false,"status":"AVAILABLE","source":"ndw","priceKwh":0.33}},{"type":"Feature","geometry":{"type":"Point","coordinates":[4.377141,51.909124]},"properties":{"type":"charge","layer":"passenger","locationId":"6915ab3f0bf85e86b9e596e1","name":"Karel Doornmanweg 7 Schiedam","address":"Karel Doormanweg 7","city":"Schiedam","operatorName":"Pluq","maxPowerKw":22,"isMegawatt":false,"status":"AVAILABLE","source":"ndw","priceKwh":0.45}},{"type":"Feature","geometry":{"type":"Point","coordinates":[4.402334,51.922066]},"properties":{"type":"charge","layer":"passenger","locationId":"89254272","name":"EQUANS SGZH 2.0 89254272","address":"'s-Gravelandseweg 602","city":"Schiedam","operatorName":"EQUANS","maxPowerKw":11,"isMegawatt":false,"status":"AVAILABLE","source":"ndw"}},{"type":"Feature","geometry":{"type":"Point","coordinates":[4.40464,51.91839]},"properties":{"type":"charge","layer":"passenger","locationId":"89145553","name":"EQUANS SGZH 2.0 Singel 85","address":"Singel 85","city":"Schiedam","operatorName":"EQUANS","maxPowerKw":17,"isMegawatt":false,"status":"CHARGING","source":"ndw"}},{"type":"Feature","geometry":{"type":"Point","coordinates":[4.397638,51.92044]},"properties":{"type":"charge","layer":"passenger","locationId":"89317589","name":"EQUANS SGZH 2.0 89317589","address":"Noordvest 61 -K03","city":"Schiedam","operatorName":"EQUANS","maxPowerKw":11,"isMegawatt":false,"status":"AVAILABLE","source":"ndw"}},{"type":"Feature","geometry":{"type":"Point","coordinates":[4.41589,51.91759]},"properties":{"type":"charge","layer":"passenger","locationId":"89035865","name":"EQUANS SGZH 2.0 89035865","address":"Lorentzlaan 5","city":"Schiedam","operatorName":"EQUANS","maxPowerKw":11,"isMegawatt":false,"status":"AVAILABLE","source":"ndw"}},{"type":"Feature","geometry":{"type":"Point","coordinates":[4.388712,51.917832]},"properties":{"type":"charge","layer":"passenger","locationId":"89455022","name":"EQUANS SGZH 2.0 89455022","address":"Burgemeester Gijsenlaan 17","city":"Schiedam","operatorName":"EQUANS","maxPowerKw":11,"isMegawatt":false,"status":"AVAILABLE","source":"ndw"}},{"type":"Feature","geometry":{"type":"Point","coordinates":[4.380123,51.927493]},"properties":{"type":"charge","layer":"passenger","locationId":"88947826","name":"EQUANS SGZH 1.0 Laadplein Prinses Beatrixlaan","address":"Pr. Beatrixlaan","city":"Schiedam","operatorName":"EQUANS","maxPowerKw":22,"isMegawatt":false,"status":"AVAILABLE","source":"ndw"}},{"type":"Feature","geometry":{"type":"Point","coordinates":[4.401084,51.917409]},"properties":{"type":"charge","layer":"passenger","locationId":"89263159","name":"EQUANS SGZH 1.0 89263159","address":"Baan 60A","city":"Schiedam","operatorName":"EQUANS","maxPowerKw":11,"isMegawatt":false,"status":"CHARGING","source":"ndw"}},{"type":"Feature","geometry":{"type":"Point","coordinates":[4.409635,51.920087]},"properties":{"type":"charge","layer":"passenger","locationId":"89942896","name":"EQUANS SGZH 2.0 89942896","address":"Professor Kamerlingh Onneslaan 144 A-1","city":"Schiedam","operatorName":"EQUANS","maxPowerKw":11,"isMegawatt":false,"status":"AVAILABLE","source":"ndw"}},{"type":"Feature","geometry":{"type":"Point","coordinates":[4.398392,51.916643]},"properties":{"type":"charge","layer":"passenger","locationId":"89179076","name":"EQUANS SGZH 2.0 89179076","address":"Roosbeek 1","city":"Schiedam","operatorName":"EQUANS","maxPowerKw":17,"isMegawatt":false,"status":"AVAILABLE","source":"ndw"}},{"type":"Feature","geometry":{"type":"Point","coordinates":[4.379648,51.929891]},"properties":{"type":"charge","layer":"passenger","locationId":"90205360","name":"EQUANS SGZH 2.0 Iepenlaan 55 t.h.v. Populierenlaan 54","address":"Iepenlaan 55","city":"Schiedam","operatorName":"EQUANS","maxPowerKw":11,"isMegawatt":false,"status":"AVAILABLE","source":"ndw"}},{"type":"Feature","geometry":{"type":"Point","coordinates":[4.363822,51.941377]},"properties":{"type":"charge","layer":"passenger","locationId":"89263240","name":"EQUANS SGZH 1.0 89263240","address":"Gildeweg 99","city":"Schiedam","operatorName":"EQUANS","maxPowerKw":11,"isMegawatt":false,"status":"AVAILABLE","source":"ndw"}},{"type":"Feature","geometry":{"type":"Point","coordinates":[4.382693,51.908388]},"properties":{"type":"charge","layer":"passenger","locationId":"630D1191-BCEB-497E-A2F4-01D26170EB53","name":"Eneco eMobility Vandevloeren Projecten B.V. - Schiedam","address":"Admiraal Trompstraat 3","city":"Schiedam","operatorName":"Eneco","maxPowerKw":22,"isMegawatt":false,"status":"AVAILABLE","source":"ndw","priceKwh":0.32}},{"type":"Feature","geometry":{"type":"Point","coordinates":[4.374799,51.904845]},"properties":{"type":"charge","layer":"passenger","locationId":"682b31a6557caea4af0218c4","name":"Vakwijs - Schiedam","address":"Daniël Pichotstraat 10","city":"Schiedam","operatorName":"Alva Charging Services","maxPowerKw":22,"isMegawatt":false,"status":"AVAILABLE","source":"ndw","priceKwh":0.44}},{"type":"Feature","geometry":{"type":"Point","coordinates":[4.37319,51.9396]},"properties":{"type":"charge","layer":"passenger","locationId":"89035880","name":"EQUANS SGZH 2.0 89035880","address":"Van Rijkpad 2","city":"Schiedam","operatorName":"EQUANS","maxPowerKw":11,"isMegawatt":false,"status":"AVAILABLE","source":"ndw"}},{"type":"Feature","geometry":{"type":"Point","coordinates":[4.364294,51.942767]},"properties":{"type":"charge","layer":"passenger","locationId":"89954574","name":"EQUANS SGZH 2.0 89954574","address":"Wolkaarderstraat 24","city":"Schiedam","operatorName":"EQUANS","maxPowerKw":11,"isMegawatt":false,"status":"AVAILABLE","source":"ndw"}},{"type":"Feature","geometry":{"type":"Point","coordinates":[4.395454,51.918296]},"properties":{"type":"charge","layer":"passenger","locationId":"89263157","name":"EQUANS SGZH 1.0 89263157","address":"Sint Pietersteeg 8","city":"Schiedam","operatorName":"EQUANS","maxPowerKw":11,"isMegawatt":false,"status":"AVAILABLE","source":"ndw"}},{"type":"Feature","geometry":{"type":"Point","coordinates":[4.413723,51.915248]},"properties":{"type":"charge","layer":"passenger","locationId":"89263175","name":"EQUANS SGZH 1.0 89263175","address":"Boylestraat 43A","city":"Schiedam","operatorName":"EQUANS","maxPowerKw":11,"isMegawatt":false,"status":"AVAILABLE","source":"ndw"}},{"type":"Feature","geometry":{"type":"Point","coordinates":[4.367444,51.931732]},"properties":{"type":"charge","layer":"passenger","locationId":"89263234","name":"EQUANS SGZH 1.0 89263234","address":"Griegplein 280","city":"Schiedam","operatorName":"EQUANS","maxPowerKw":11,"isMegawatt":false,"status":"CHARGING","source":"ndw"}},{"type":"Feature","geometry":{"type":"Point","coordinates":[4.388661,51.911517]},"properties":{"type":"charge","layer":"passenger","locationId":"90166992","name":"EQUANS SGZH 2.0 Burgemeester Knappertlaan 134 3117BD, Schiedam","address":"Burgemeester Knappertlaan 134","city":"Schiedam","operatorName":"EQUANS","maxPowerKw":11,"isMegawatt":false,"status":"CHARGING","source":"ndw"}},{"type":"Feature","geometry":{"type":"Point","coordinates":[4.37421,51.903077]},"properties":{"type":"charge","layer":"passenger","locationId":"51F6C8B4-147C-4733-8B20-F2ACC5B22F6A","name":"Eneco eMobility Jan van Galenstraat 59 Schiedam","address":"Jan van Galenstraat 59","city":"Schiedam","operatorName":"Eneco","maxPowerKw":22,"isMegawatt":false,"status":"AVAILABLE","source":"ndw","priceKwh":0.32}},{"type":"Feature","geometry":{"type":"Point","coordinates":[4.40608,51.904381]},"properties":{"type":"charge","layer":"passenger","locationId":"89304654","name":"EQUANS SGZH 2.0 89304654","address":"Nieuwe Maasstraat 99","city":"Schiedam","operatorName":"EQUANS","maxPowerKw":11,"isMegawatt":false,"status":"CHARGING","source":"ndw"}},{"type":"Feature","geometry":{"type":"Point","coordinates":[4.386224,51.911535]},"properties":{"type":"charge","layer":"passenger","locationId":"89263196","name":"EQUANS SGZH 1.0 89263196","address":"Vondellaan 2","city":"Schiedam","operatorName":"EQUANS","maxPowerKw":11,"isMegawatt":false,"status":"AVAILABLE","source":"ndw"}},{"type":"Feature","geometry":{"type":"Point","coordinates":[4.368563,51.943908]},"properties":{"type":"charge","layer":"passenger","locationId":"89263239","name":"EQUANS SGZH 1.0 89263239","address":"Jan Wernard van Den Berghpad 4","city":"Schiedam","operatorName":"EQUANS","maxPowerKw":11,"isMegawatt":false,"status":"AVAILABLE","source":"ndw"}},{"type":"Feature","geometry":{"type":"Point","coordinates":[4.390739,51.916531]},"properties":{"type":"charge","layer":"passenger","locationId":"90166993","name":"EQUANS SGZH 2.0 Vlaardingerdijk 45 A","address":"Vlaardingerdijk 45 A","city":"Schiedam","operatorName":"EQUANS","maxPowerKw":11,"isMegawatt":false,"status":"AVAILABLE","source":"ndw"}},{"type":"Feature","geometry":{"type":"Point","coordinates":[4.393752,51.915711]},"properties":{"type":"charge","layer":"passenger","locationId":"89263188","name":"EQUANS SGZH 1.0 89263188","address":"Westfrankelandsestraat 8B","city":"Schiedam","operatorName":"EQUANS","maxPowerKw":11,"isMegawatt":false,"status":"CHARGING","source":"ndw"}},{"type":"Feature","geometry":{"type":"Point","coordinates":[4.406514,51.920438]},"properties":{"type":"charge","layer":"passenger","locationId":"89264140","name":"EQUANS SGZH 1.0 89264140","address":"Overschiesestraat 78","city":"Schiedam","operatorName":"EQUANS","maxPowerKw":11,"isMegawatt":false,"status":"AVAILABLE","source":"ndw"}},{"type":"Feature","geometry":{"type":"Point","coordinates":[4.372118,51.934796]},"properties":{"type":"charge","layer":"passenger","locationId":"89637076","name":"EQUANS SGZH 2.0 89637076","address":"Bachplein 52","city":"Schiedam","operatorName":"EQUANS","maxPowerKw":11,"isMegawatt":false,"status":"AVAILABLE","source":"ndw"}},{"type":"Feature","geometry":{"type":"Point","coordinates":[4.411714,51.925961]},"properties":{"type":"charge","layer":"passenger","locationId":"99295096-10F3-4787-8755-A71D6E1925B3","name":"Eneco eMobility BME Bouwmaten Nederland BV - Schiedam","address":"Philippusweg 3-5","city":"Schiedam","operatorName":"Eneco","maxPowerKw":22,"isMegawatt":false,"status":"AVAILABLE","source":"ndw","priceKwh":0.32}},{"type":"Feature","geometry":{"type":"Point","coordinates":[4.3928,51.899712]},"properties":{"type":"charge","layer":"passenger","locationId":"89254190","name":"EQUANS SGZH 2.0 89254190","address":"Nieuwe Waterwegstraat 52","city":"Schiedam","operatorName":"EQUANS","maxPowerKw":11,"isMegawatt":false,"status":"AVAILABLE","source":"ndw"}},{"type":"Feature","geometry":{"type":"Point","coordinates":[4.368507,51.929857]},"properties":{"type":"charge","layer":"passenger","locationId":"89263233","name":"EQUANS SGZH 1.0 Chopinplein 5","address":"Chopinplein 5","city":"Schiedam","operatorName":"EQUANS","maxPowerKw":11,"isMegawatt":false,"status":"CHARGING","source":"ndw"}},{"type":"Feature","geometry":{"type":"Point","coordinates":[4.368111,51.938976]},"properties":{"type":"charge","layer":"passenger","locationId":"90226368","name":"EQUANS SGZH 2.0 Royaardsplein 85","address":"Royaardsplein 85","city":"Schiedam","operatorName":"EQUANS","maxPowerKw":11,"isMegawatt":false,"status":"AVAILABLE","source":"ndw"}},{"type":"Feature","geometry":{"type":"Point","coordinates":[4.382417,51.937714]},"properties":{"type":"charge","layer":"passenger","locationId":"89105138","name":"EQUANS SGZH 1.0 89105138","address":"Willem Barentszstraat 33","city":"Schiedam","operatorName":"EQUANS","maxPowerKw":22,"isMegawatt":false,"status":"AVAILABLE","source":"ndw"}},{"type":"Feature","geometry":{"type":"Point","coordinates":[4.371215,51.922094]},"properties":{"type":"charge","layer":"passenger","locationId":"89221186","name":"EQUANS SGZH 2.0 89221186","address":"Sven Kramerstraat 2","city":"Schiedam","operatorName":"EQUANS","maxPowerKw":11,"isMegawatt":false,"status":"AVAILABLE","source":"ndw"}},{"type":"Feature","geometry":{"type":"Point","coordinates":[4.367725,51.946222]},"properties":{"type":"charge","layer":"passenger","locationId":"89329823","name":"EQUANS SGZH 2.0 89329823","address":"Huis te Merwestraat 27","city":"Schiedam","operatorName":"EQUANS","maxPowerKw":11,"isMegawatt":false,"status":"AVAILABLE","source":"ndw"}},{"type":"Feature","geometry":{"type":"Point","coordinates":[4.401485,51.903111]},"properties":{"type":"charge","layer":"passenger","locationId":"89620318","name":"EQUANS SGZH 2.0 89620318","address":"Havendijk 541","city":"Schiedam","operatorName":"EQUANS","maxPowerKw":11,"isMegawatt":false,"status":"AVAILABLE","source":"ndw"}},{"type":"Feature","geometry":{"type":"Point","coordinates":[4.388374,51.922286]},"properties":{"type":"charge","layer":"passenger","locationId":"89153828","name":"EQUANS SGZH 2.0 89153828","address":"Van Tienhovenstraat 2","city":"Schiedam","operatorName":"EQUANS","maxPowerKw":17,"isMegawatt":false,"status":"AVAILABLE","source":"ndw"}},{"type":"Feature","geometry":{"type":"Point","coordinates":[4.399319,51.91858]},"properties":{"type":"charge","layer":"passenger","locationId":"89263161","name":"EQUANS SGZH 1.0 89263161","address":"Boterstraat 77","city":"Schiedam","operatorName":"EQUANS","maxPowerKw":11,"isMegawatt":false,"status":"CHARGING","source":"ndw"}},{"type":"Feature","geometry":{"type":"Point","coordinates":[4.409403,51.918197]},"properties":{"type":"charge","layer":"passenger","locationId":"89263172","name":"EQUANS SGZH 1.0 89263172","address":"Wattstraat 4","city":"Schiedam","operatorName":"EQUANS","maxPowerKw":11,"isMegawatt":false,"status":"AVAILABLE","source":"ndw"}},{"type":"Feature","geometry":{"type":"Point","coordinates":[4.38658,51.9214]},"properties":{"type":"charge","layer":"passenger","locationId":"90891421","name":"EQUANS SGZH 2.0 Loeffstraat 1","address":"Loeffstraat 1","city":"Schiedam","operatorName":"EQUANS","maxPowerKw":11,"isMegawatt":false,"status":"AVAILABLE","source":"ndw"}},{"type":"Feature","geometry":{"type":"Point","coordinates":[4.409668,51.922871]},"properties":{"type":"charge","layer":"passenger","locationId":"3966770","name":"Laadnet DCMR Milieudienst Rijnmond","address":"Parallelweg 1","city":"Schiedam","operatorName":"Laadnet","maxPowerKw":22,"isMegawatt":false,"status":"AVAILABLE","source":"ndw"}},{"type":"Feature","geometry":{"type":"Point","coordinates":[4.40548,51.90702]},"properties":{"type":"charge","layer":"passenger","locationId":"91325976","name":"EQUANS SGZH 2.0 Dwarsstraat 29","address":"Dwarsstraat 29","city":"Schiedam","operatorName":"EQUANS","maxPowerKw":11,"isMegawatt":false,"status":"AVAILABLE","source":"ndw"}},{"type":"Feature","geometry":{"type":"Point","coordinates":[4.383476,51.914383]},"properties":{"type":"charge","layer":"passenger","locationId":"89329961","name":"EQUANS SGZH 2.0 89329961","address":"Van Ruijsdaellaan 10","city":"Schiedam","operatorName":"EQUANS","maxPowerKw":11,"isMegawatt":false,"status":"CHARGING","source":"ndw"}},{"type":"Feature","geometry":{"type":"Point","coordinates":[4.370789,51.921086]},"properties":{"type":"charge","layer":"passenger","locationId":"89254256","name":"EQUANS SGZH 2.0 89254256","address":"Olympiaweg 46","city":"Schiedam","operatorName":"EQUANS","maxPowerKw":11,"isMegawatt":false,"status":"AVAILABLE","source":"ndw"}},{"type":"Feature","geometry":{"type":"Point","coordinates":[4.365972,51.942017]},"properties":{"type":"charge","layer":"passenger","locationId":"89263241","name":"EQUANS SGZH 1.0 89263241","address":"Warmoezenierpad 1","city":"Schiedam","operatorName":"EQUANS","maxPowerKw":11,"isMegawatt":false,"status":"AVAILABLE","source":"ndw"}},{"type":"Feature","geometry":{"type":"Point","coordinates":[4.397588,51.934302]},"properties":{"type":"charge","layer":"passenger","locationId":"89061023","name":"EQUANS SGZH 1.0 89263267","address":"Calandstraat / Spykerstraat 7","city":"Schiedam","operatorName":"EQUANS","maxPowerKw":22,"isMegawatt":false,"status":"AVAILABLE","source":"ndw"}},{"type":"Feature","geometry":{"type":"Point","coordinates":[4.36463,51.937496]},"properties":{"type":"charge","layer":"passenger","locationId":"89263248","name":"EQUANS SGZH 1.0 89263248","address":"de la marplein 8","city":"schiedam","operatorName":"EQUANS","maxPowerKw":11,"isMegawatt":false,"status":"AVAILABLE","source":"ndw"}},{"type":"Feature","geometry":{"type":"Point","coordinates":[4.370829,51.926975]},"properties":{"type":"charge","layer":"passenger","locationId":"90310795","name":"EQUANS SGZH 2.0 Johan Wagenaarstraat 55","address":"Johan Wagenaarstraat 55","city":"Schiedam","operatorName":"EQUANS","maxPowerKw":11,"isMegawatt":false,"status":"AVAILABLE","source":"ndw"}},{"type":"Feature","geometry":{"type":"Point","coordinates":[4.399963,51.923449]},"properties":{"type":"charge","layer":"passenger","locationId":"89641468","name":"EQUANS SGZH 2.0 89641468","address":"Ko Suurhofflaan 42","city":"Schiedam","operatorName":"EQUANS","maxPowerKw":11,"isMegawatt":false,"status":"AVAILABLE","source":"ndw"}},{"type":"Feature","geometry":{"type":"Point","coordinates":[4.361652,51.944979]},"properties":{"type":"charge","layer":"passenger","locationId":"90226379","name":"EQUANS SGZH 2.0 Munterstraat 36","address":"Munterstraat 36","city":"Schiedam","operatorName":"EQUANS","maxPowerKw":11,"isMegawatt":false,"status":"AVAILABLE","source":"ndw"}},{"type":"Feature","geometry":{"type":"Point","coordinates":[4.4055,51.91102]},"properties":{"type":"charge","layer":"passenger","locationId":"89035863","name":"EQUANS SGZH 2.0 89035863","address":"Tuinlaan 46","city":"Schiedam","operatorName":"EQUANS","maxPowerKw":11,"isMegawatt":false,"status":"AVAILABLE","source":"ndw"}},{"type":"Feature","geometry":{"type":"Point","coordinates":[4.400633,51.922726]},"properties":{"type":"charge","layer":"passenger","locationId":"89150571","name":"EQUANS SGZH 1.0 89150571","address":"Jan van Zutphenstraat 1","city":"Schiedam","operatorName":"EQUANS","maxPowerKw":17,"isMegawatt":false,"status":"AVAILABLE","source":"ndw"}},{"type":"Feature","geometry":{"type":"Point","coordinates":[4.3837,51.91192]},"properties":{"type":"charge","layer":"passenger","locationId":"91011871","name":"EQUANS SGZH 2.0 Rembrandtlaan 2","address":"Rembrandtlaan 2","city":"Schiedam","operatorName":"EQUANS","maxPowerKw":11,"isMegawatt":false,"status":"AVAILABLE","source":"ndw"}},{"type":"Feature","geometry":{"type":"Point","coordinates":[4.372339,51.924151]},"properties":{"type":"charge","layer":"passenger","locationId":"69afbdd5a59b7c858b2efeed","name":"Van der Valk - Schiedam - Charging Stations","address":"Hargalaan 6","city":"Schiedam","operatorName":"Valk Energy","maxPowerKw":150,"isMegawatt":false,"status":"AVAILABLE","source":"ndw","priceKwh":0.59}},{"type":"Feature","geometry":{"type":"Point","coordinates":[4.373948,51.920099]},"properties":{"type":"charge","layer":"passenger","locationId":"6a26d62bf4065b278f789ed0","name":"M Tuncer 's station","address":"Olympiaweg  19c","city":"Schiedam","operatorName":"E-Flux by Road","maxPowerKw":22,"isMegawatt":false,"status":"AVAILABLE","source":"ndw","priceKwh":0.53}},{"type":"Feature","geometry":{"type":"Point","coordinates":[4.375169,51.919931]},"properties":{"type":"charge","layer":"passenger","locationId":"89263208","name":"EQUANS SGZH 1.0 89263208","address":"Esther vergeerstraat 6","city":"Schiedam","operatorName":"EQUANS","maxPowerKw":11,"isMegawatt":false,"status":"CHARGING","source":"ndw"}},{"type":"Feature","geometry":{"type":"Point","coordinates":[4.379096,51.932958]},"properties":{"type":"charge","layer":"passenger","locationId":"89263223","name":"EQUANS SGZH 1.0 Meeuwensingel 131","address":"Meeuwensingel 131","city":"Schiedam","operatorName":"EQUANS","maxPowerKw":11,"isMegawatt":false,"status":"AVAILABLE","source":"ndw"}},{"type":"Feature","geometry":{"type":"Point","coordinates":[4.375417,51.922207]},"properties":{"type":"charge","layer":"passenger","locationId":"90279232","name":"EQUANS SGZH 2.0 Ellen van Langenpad 34","address":"Ellen van Langenpad 34","city":"Schiedam","operatorName":"EQUANS","maxPowerKw":11,"isMegawatt":false,"status":"AVAILABLE","source":"ndw"}},{"type":"Feature","geometry":{"type":"Point","coordinates":[4.374187,51.922565]},"properties":{"type":"charge","layer":"passenger","locationId":"89105162","name":"EQUANS SGZH 1.0 Inge de Bruijnstraat 32 t.h.v.Sven Kramerstraat 96","address":"Inge de Bruijnstraat 32 t.h.v. Sven Kramerstr","city":"Schiedam","operatorName":"EQUANS","maxPowerKw":22,"isMegawatt":false,"status":"CHARGING","source":"ndw"}},{"type":"Feature","geometry":{"type":"Point","coordinates":[4.39449,51.91539]},"properties":{"type":"charge","layer":"passenger","locationId":"91484264","name":"EQUANS SGZH 2.0 Nieuwe Haven 243","address":"Nieuwe Haven 243","city":"Schiedam","operatorName":"EQUANS","maxPowerKw":11,"isMegawatt":false,"status":"AVAILABLE","source":"ndw"}},{"type":"Feature","geometry":{"type":"Point","coordinates":[4.392556,51.91097]},"properties":{"type":"charge","layer":"passenger","locationId":"89954698","name":"EQUANS SGZH 2.0 89954698","address":"Sonderdanckstraat 1","city":"Schiedam","operatorName":"EQUANS","maxPowerKw":11,"isMegawatt":false,"status":"AVAILABLE","source":"ndw"}},{"type":"Feature","geometry":{"type":"Point","coordinates":[4.399183,51.905258]},"properties":{"type":"charge","layer":"passenger","locationId":"90099966","name":"EQUANS SGZH 2.0 Mookhoeksestraat 1","address":"Mookhoeksestraat 1","city":"Schiedam","operatorName":"EQUANS","maxPowerKw":11,"isMegawatt":false,"status":"AVAILABLE","source":"ndw"}},{"type":"Feature","geometry":{"type":"Point","coordinates":[4.405473,51.932785]},"properties":{"type":"charge","layer":"passenger","locationId":"89145582","name":"EQUANS SGZH 2.0 89145582","address":"Van Heekstraat 9","city":"Schiedam","operatorName":"EQUANS","maxPowerKw":17,"isMegawatt":false,"status":"AVAILABLE","source":"ndw"}},{"type":"Feature","geometry":{"type":"Point","coordinates":[4.393969,51.913205]},"properties":{"type":"charge","layer":"passenger","locationId":"89125423","name":"EQUANS SGZH 1.0 89125423","address":"Thomas à Kempisstraat 37","city":"Schiedam","operatorName":"EQUANS","maxPowerKw":17,"isMegawatt":false,"status":"AVAILABLE","source":"ndw"}},{"type":"Feature","geometry":{"type":"Point","coordinates":[4.39683,51.92275]},"properties":{"type":"charge","layer":"passenger","locationId":"91292948","name":"EQUANS SGZH 2.0 Joop den Uyllaan 9","address":"Joop den Uyllaan 9","city":"Schiedam","operatorName":"EQUANS","maxPowerKw":11,"isMegawatt":false,"status":"AVAILABLE","source":"ndw"}},{"type":"Feature","geometry":{"type":"Point","coordinates":[4.371876,51.929934]},"properties":{"type":"charge","layer":"passenger","locationId":"89263231","name":"EQUANS SGZH 1.0 89263231","address":"Eduard van Beinumlaan 31","city":"Schiedam","operatorName":"EQUANS","maxPowerKw":11,"isMegawatt":false,"status":"AVAILABLE","source":"ndw"}},{"type":"Feature","geometry":{"type":"Point","coordinates":[4.371454,51.933488]},"properties":{"type":"charge","layer":"passenger","locationId":"89258276","name":"EQUANS SGZH 2.0 89258276","address":"Mozartlaan 187","city":"Schiedam","operatorName":"EQUANS","maxPowerKw":11,"isMegawatt":false,"status":"AVAILABLE","source":"ndw"}},{"type":"Feature","geometry":{"type":"Point","coordinates":[4.387818,51.917532]},"properties":{"type":"charge","layer":"passenger","locationId":"89624297","name":"EQUANS SGZH 2.0 89624297","address":"Burgemeester Stulemeijerlaan 92","city":"Schiedam","operatorName":"EQUANS","maxPowerKw":11,"isMegawatt":false,"status":"CHARGING","source":"ndw"}},{"type":"Feature","geometry":{"type":"Point","coordinates":[4.393099,51.917657]},"properties":{"type":"charge","layer":"passenger","locationId":"89263158","name":"EQUANS SGZH 1.0 89263158","address":"Vlaardingerstraat 20","city":"Schiedam","operatorName":"EQUANS","maxPowerKw":11,"isMegawatt":false,"status":"AVAILABLE","source":"ndw"}},{"type":"Feature","geometry":{"type":"Point","coordinates":[4.409181,51.920364]},"properties":{"type":"charge","layer":"passenger","locationId":"90310794","name":"EQUANS SGZH 2.0 Professor Kamerlingh Onneslaan 154","address":"Professor Kamerlingh Onneslaan 154","city":"Schiedam","operatorName":"EQUANS","maxPowerKw":11,"isMegawatt":false,"status":"CHARGING","source":"ndw"}},{"type":"Feature","geometry":{"type":"Point","coordinates":[4.373412,51.931588]},"properties":{"type":"charge","layer":"passenger","locationId":"89954565","name":"EQUANS SGZH 2.0 89954565","address":"Jan Damenstraat 7","city":"Schiedam","operatorName":"EQUANS","maxPowerKw":11,"isMegawatt":false,"status":"AVAILABLE","source":"ndw"}},{"type":"Feature","geometry":{"type":"Point","coordinates":[4.410733,51.915245]},"properties":{"type":"charge","layer":"passenger","locationId":"89263170","name":"EQUANS SGZH 1.0 89263170","address":"Galileistraat 43","city":"Schiedam","operatorName":"EQUANS","maxPowerKw":11,"isMegawatt":false,"status":"AVAILABLE","source":"ndw"}},{"type":"Feature","geometry":{"type":"Point","coordinates":[4.36973,51.93916]},"properties":{"type":"charge","layer":"passenger","locationId":"91313266","name":"EQUANS SGZH 2.0 Heijermansplein 233","address":"Heijermansplein 233","city":"Schiedam","operatorName":"EQUANS","maxPowerKw":11,"isMegawatt":false,"status":"AVAILABLE","source":"ndw"}},{"type":"Feature","geometry":{"type":"Point","coordinates":[4.382972,51.916625]},"properties":{"type":"charge","layer":"passenger","locationId":"89228306","name":"EQUANS SGZH 2.0 89228306","address":"P J Troelstralaan 33","city":"Schiedam","operatorName":"EQUANS","maxPowerKw":11,"isMegawatt":false,"status":"AVAILABLE","source":"ndw"}},{"type":"Feature","geometry":{"type":"Point","coordinates":[4.365003,51.944661]},"properties":{"type":"charge","layer":"passenger","locationId":"90226459","name":"EQUANS SGZH 2.0 Kolenbranderstraat 2","address":"Kolenbranderstraat 2","city":"Schiedam","operatorName":"EQUANS","maxPowerKw":11,"isMegawatt":false,"status":"CHARGING","source":"ndw"}},{"type":"Feature","geometry":{"type":"Point","coordinates":[4.37855,51.918071]},"properties":{"type":"charge","layer":"passenger","locationId":"89921154","name":"EQUANS SGZH 2.0 89921154","address":"Burgemeester Van Haarenlaan 1314","city":"Schiedam","operatorName":"EQUANS","maxPowerKw":11,"isMegawatt":false,"status":"AVAILABLE","source":"ndw"}},{"type":"Feature","geometry":{"type":"Point","coordinates":[4.386278,51.909967]},"properties":{"type":"charge","layer":"passenger","locationId":"89263187","name":"EQUANS SGZH 1.0 89263187","address":"Julianalaan 6","city":"Schiedam","operatorName":"EQUANS","maxPowerKw":11,"isMegawatt":false,"status":"AVAILABLE","source":"ndw"}},{"type":"Feature","geometry":{"type":"Point","coordinates":[4.36694,51.93206]},"properties":{"type":"charge","layer":"passenger","locationId":"91484267","name":"EQUANS SGZH 2.0 Griegplein 281","address":"Griegplein 281","city":"Schiedam","operatorName":"EQUANS","maxPowerKw":11,"isMegawatt":false,"status":"AVAILABLE","source":"ndw"}},{"type":"Feature","geometry":{"type":"Point","coordinates":[4.372819,51.928161]},"properties":{"type":"charge","layer":"passenger","locationId":"89263224","name":"EQUANS SGZH 1.0 89263224","address":"Valeriusstraat 18","city":"Schiedam","operatorName":"EQUANS","maxPowerKw":11,"isMegawatt":false,"status":"AVAILABLE","source":"ndw"}},{"type":"Feature","geometry":{"type":"Point","coordinates":[4.36758,51.931415]},"properties":{"type":"charge","layer":"passenger","locationId":"89254218","name":"EQUANS SGZH 2.0 89254218","address":"Griegplein 27","city":"Schiedam","operatorName":"EQUANS","maxPowerKw":11,"isMegawatt":false,"status":"AVAILABLE","source":"ndw"}},{"type":"Feature","geometry":{"type":"Point","coordinates":[4.367472,51.93498]},"properties":{"type":"charge","layer":"passenger","locationId":"89263227","name":"EQUANS SGZH 1.0 89263227","address":"Puccinistraat 48","city":"Schiedam","operatorName":"EQUANS","maxPowerKw":11,"isMegawatt":false,"status":"AVAILABLE","source":"ndw"}},{"type":"Feature","geometry":{"type":"Point","coordinates":[4.374822,51.921527]},"properties":{"type":"charge","layer":"passenger","locationId":"89602006","name":"EQUANS SGZH 2.0 89602006","address":"Ireen Wüststraat 68","city":"Schiedam","operatorName":"EQUANS","maxPowerKw":11,"isMegawatt":false,"status":"AVAILABLE","source":"ndw"}},{"type":"Feature","geometry":{"type":"Point","coordinates":[4.393393,51.917168]},"properties":{"type":"charge","layer":"passenger","locationId":"90273583","name":"EQUANS SGZH 2.0 Westvest 112","address":"Westvest 112","city":"Schiedam","operatorName":"EQUANS","maxPowerKw":11,"isMegawatt":false,"status":"AVAILABLE","source":"ndw"}},{"type":"Feature","geometry":{"type":"Point","coordinates":[4.378079,51.942904]},"properties":{"type":"charge","layer":"passenger","locationId":"90273587","name":"EQUANS SGZH 2.0 De Akkers 86","address":"De Akkers 86","city":"Schiedam","operatorName":"EQUANS","maxPowerKw":11,"isMegawatt":false,"status":"AVAILABLE","source":"ndw"}},{"type":"Feature","geometry":{"type":"Point","coordinates":[4.3892,51.91307]},"properties":{"type":"charge","layer":"passenger","locationId":"91328831","name":"EQUANS SGZH 2.0 Aleidastraat 50 A","address":"Aleidastraat 50 A","city":"Schiedam","operatorName":"EQUANS","maxPowerKw":11,"isMegawatt":false,"status":"AVAILABLE","source":"ndw"}},{"type":"Feature","geometry":{"type":"Point","coordinates":[4.396892,51.913014]},"properties":{"type":"charge","layer":"passenger","locationId":"89567760","name":"EQUANS SGZH 2.0 89567760","address":"Burgemeester Knappertlaan 10 A","city":"Schiedam","operatorName":"EQUANS","maxPowerKw":11,"isMegawatt":false,"status":"CHARGING","source":"ndw"}},{"type":"Feature","geometry":{"type":"Point","coordinates":[4.370813,51.932617]},"properties":{"type":"charge","layer":"passenger","locationId":"90189431","name":"EQUANS SGZH 2.0 Sem Dresdenplein 165","address":"Sem Dresdenplein 165","city":"Schiedam","operatorName":"EQUANS","maxPowerKw":11,"isMegawatt":false,"status":"AVAILABLE","source":"ndw"}},{"type":"Feature","geometry":{"type":"Point","coordinates":[4.37244,51.92093]},"properties":{"type":"charge","layer":"passenger","locationId":"91366057","name":"EQUANS SGZH 2.0 Ireen Wüststraat 4","address":"Ireen Wüststraat 4","city":"Schiedam","operatorName":"EQUANS","maxPowerKw":11,"isMegawatt":false,"status":"AVAILABLE","source":"ndw"}},{"type":"Feature","geometry":{"type":"Point","coordinates":[4.391483,51.915841]},"properties":{"type":"charge","layer":"passenger","locationId":"89263194","name":"EQUANS SGZH 1.0 89263194","address":"Kortlandstraat 30","city":"Schiedam","operatorName":"EQUANS","maxPowerKw":11,"isMegawatt":false,"status":"AVAILABLE","source":"ndw"}},{"type":"Feature","geometry":{"type":"Point","coordinates":[4.40662,51.920013]},"properties":{"type":"charge","layer":"passenger","locationId":"89263168","name":"EQUANS SGZH 1.0 89263168","address":"Singel 165","city":"Schiedam","operatorName":"EQUANS","maxPowerKw":11,"isMegawatt":false,"status":"CHARGING","source":"ndw"}},{"type":"Feature","geometry":{"type":"Point","coordinates":[4.402571,51.907291]},"properties":{"type":"charge","layer":"passenger","locationId":"89304653","name":"EQUANS SGZH 2.0 89304653","address":"Groenelaan 64 A","city":"Schiedam","operatorName":"EQUANS","maxPowerKw":11,"isMegawatt":false,"status":"CHARGING","source":"ndw"}},{"type":"Feature","geometry":{"type":"Point","coordinates":[4.37812,51.91314]},"properties":{"type":"charge","layer":"passenger","locationId":"89035873","name":"EQUANS SGZH 2.0 89035873","address":"Burgemeester V Haarlenlaan 1496","city":"Schiedam","operatorName":"EQUANS","maxPowerKw":11,"isMegawatt":false,"status":"AVAILABLE","source":"ndw"}},{"type":"Feature","geometry":{"type":"Point","coordinates":[4.377886,51.942604]},"properties":{"type":"charge","layer":"passenger","locationId":"89263251","name":"EQUANS SGZH 1.0 89263251","address":"De Akkers 93","city":"Schiedam","operatorName":"EQUANS","maxPowerKw":11,"isMegawatt":false,"status":"AVAILABLE","source":"ndw"}},{"type":"Feature","geometry":{"type":"Point","coordinates":[4.37988,51.94238]},"properties":{"type":"charge","layer":"passenger","locationId":"91041780","name":"EQUANS SGZH 2.0 Koolwitjehof 102","address":"Koolwitjehof 102","city":"Schiedam","operatorName":"EQUANS","maxPowerKw":11,"isMegawatt":false,"status":"CHARGING","source":"ndw"}},{"type":"Feature","geometry":{"type":"Point","coordinates":[4.375846,51.943827]},"properties":{"type":"charge","layer":"passenger","locationId":"89921155","name":"EQUANS SGZH 2.0 89921155","address":"Maisakker 14","city":"Schiedam","operatorName":"EQUANS","maxPowerKw":11,"isMegawatt":false,"status":"AVAILABLE","source":"ndw"}},{"type":"Feature","geometry":{"type":"Point","coordinates":[4.376106,51.943014]},"properties":{"type":"charge","layer":"passenger","locationId":"89263250","name":"EQUANS SGZH 1.0 89263250","address":"De Akkers 39","city":"Schiedam","operatorName":"EQUANS","maxPowerKw":11,"isMegawatt":false,"status":"AVAILABLE","source":"ndw"}},{"type":"Feature","geometry":{"type":"Point","coordinates":[4.405521,51.902614]},"properties":{"type":"charge","layer":"passenger","locationId":"90116519","name":"EQUANS SGZH 2.0 Havendijk 193","address":"Havendijk 193","city":"Schiedam","operatorName":"EQUANS","maxPowerKw":11,"isMegawatt":false,"status":"CHARGING","source":"ndw"}},{"type":"Feature","geometry":{"type":"Point","coordinates":[4.382267,51.921791]},"properties":{"type":"charge","layer":"passenger","locationId":"90384949","name":"EQUANS SGZH 2.0 Van Limburg Stirumstraat 93","address":"Van Limburg Stirumstraat 93","city":"Schiedam","operatorName":"EQUANS","maxPowerKw":11,"isMegawatt":false,"status":"AVAILABLE","source":"ndw"}},{"type":"Feature","geometry":{"type":"Point","coordinates":[4.40411,51.90449]},"properties":{"type":"charge","layer":"passenger","locationId":"91372892","name":"EQUANS SGZH 2.0 Nieuwe Maasstraat 70 E","address":"Nieuwe Maasstraat 70 E","city":"Schiedam","operatorName":"EQUANS","maxPowerKw":11,"isMegawatt":false,"status":"AVAILABLE","source":"ndw"}},{"type":"Feature","geometry":{"type":"Point","coordinates":[4.381858,51.935904]},"properties":{"type":"charge","layer":"passenger","locationId":"89602004","name":"EQUANS SGZH 2.0 89602004","address":"Koekoekslaan 60","city":"Schiedam","operatorName":"EQUANS","maxPowerKw":11,"isMegawatt":false,"status":"AVAILABLE","source":"ndw"}},{"type":"Feature","geometry":{"type":"Point","coordinates":[4.381294,51.918372]},"properties":{"type":"charge","layer":"passenger","locationId":"89263206","name":"EQUANS SGZH 1.0 89263206","address":"Goeman Borgesiusstraat 4","city":"Schiedam","operatorName":"EQUANS","maxPowerKw":11,"isMegawatt":false,"status":"CHARGING","source":"ndw"}},{"type":"Feature","geometry":{"type":"Point","coordinates":[4.398614,51.931874]},"properties":{"type":"charge","layer":"passenger","locationId":"90226364","name":"EQUANS SGZH 2.0 Fokkerstraat 509","address":"Fokkerstraat 509","city":"Schiedam","operatorName":"EQUANS","maxPowerKw":11,"isMegawatt":false,"status":"AVAILABLE","source":"ndw"}},{"type":"Feature","geometry":{"type":"Point","coordinates":[4.402073,51.924653]},"properties":{"type":"charge","layer":"passenger","locationId":"89254186","name":"EQUANS SGZH 2.0 Louis Raemaekersstraat 6","address":"Louis Raemaekersstraat 6","city":"Schiedam","operatorName":"EQUANS","maxPowerKw":11,"isMegawatt":false,"status":"AVAILABLE","source":"ndw"}},{"type":"Feature","geometry":{"type":"Point","coordinates":[4.416173,51.919663]},"properties":{"type":"charge","layer":"passenger","locationId":"89927743","name":"EQUANS SGZH 2.0 89927743","address":"Dr Zamenhofstraat 21 A","city":"Schiedam","operatorName":"EQUANS","maxPowerKw":11,"isMegawatt":false,"status":"AVAILABLE","source":"ndw"}},{"type":"Feature","geometry":{"type":"Point","coordinates":[4.408735,51.908348]},"properties":{"type":"charge","layer":"passenger","locationId":"89061024","name":"EQUANS SGZH 1.0 89061024","address":"Buitenhavenweg 50","city":"Schiedam","operatorName":"EQUANS","maxPowerKw":22,"isMegawatt":false,"status":"AVAILABLE","source":"ndw"}},{"type":"Feature","geometry":{"type":"Point","coordinates":[4.38203,51.94528]},"properties":{"type":"charge","layer":"passenger","locationId":"90995212","name":"EQUANS SGZH 2.0 Olof Palmeborg 18","address":"Olof Palmeborg 18","city":"Schiedam","operatorName":"EQUANS","maxPowerKw":11,"isMegawatt":false,"status":"AVAILABLE","source":"ndw"}},{"type":"Feature","geometry":{"type":"Point","coordinates":[4.369573,51.940394]},"properties":{"type":"charge","layer":"passenger","locationId":"89126215","name":"EQUANS SGZH 1.0 89126215","address":"Faassenplein 89","city":"Schiedam","operatorName":"EQUANS","maxPowerKw":17,"isMegawatt":false,"status":"AVAILABLE","source":"ndw"}},{"type":"Feature","geometry":{"type":"Point","coordinates":[4.37119,51.92847]},"properties":{"type":"charge","layer":"passenger","locationId":"89035877","name":"EQUANS SGZH 2.0 89035877","address":"Laan van Bol'Es 19","city":"Schiedam","operatorName":"EQUANS","maxPowerKw":22,"isMegawatt":false,"status":"AVAILABLE","source":"ndw"}},{"type":"Feature","geometry":{"type":"Point","coordinates":[4.400342,51.906176]},"properties":{"type":"charge","layer":"passenger","locationId":"89263176","name":"EQUANS SGZH 1.0 89263176","address":"Hellevoetsestraat 10","city":"Schiedam","operatorName":"EQUANS","maxPowerKw":11,"isMegawatt":false,"status":"CHARGING","source":"ndw"}},{"type":"Feature","geometry":{"type":"Point","coordinates":[4.37098,51.94375]},"properties":{"type":"charge","layer":"passenger","locationId":"89263249","name":"EQUANS SGZH 1.0 89263249","address":"Hoogaars 68","city":"Schiedam","operatorName":"EQUANS","maxPowerKw":11,"isMegawatt":false,"status":"CHARGING","source":"ndw"}},{"type":"Feature","geometry":{"type":"Point","coordinates":[4.36399,51.94534]},"properties":{"type":"charge","layer":"passenger","locationId":"91227684","name":"EQUANS SGZH 2.0 Ambachtweg 83","address":"Ambachtweg 83","city":"Schiedam","operatorName":"EQUANS","maxPowerKw":11,"isMegawatt":false,"status":"AVAILABLE","source":"ndw"}},{"type":"Feature","geometry":{"type":"Point","coordinates":[4.39081,51.91982]},"properties":{"type":"charge","layer":"passenger","locationId":"90992425","name":"EQUANS SGZH 2.0 Burgemeester Honnerlage Gretelaan 265 B","address":"Burgemeester Honnerlage Gretelaan 265 B","city":"Schiedam","operatorName":"EQUANS","maxPowerKw":11,"isMegawatt":false,"status":"AVAILABLE","source":"ndw"}},{"type":"Feature","geometry":{"type":"Point","coordinates":[4.40829,51.91755]},"properties":{"type":"charge","layer":"passenger","locationId":"89035864","name":"EQUANS SGZH 2.0 89035864","address":"Oostsingel 63","city":"Schiedam","operatorName":"EQUANS","maxPowerKw":11,"isMegawatt":false,"status":"AVAILABLE","source":"ndw"}},{"type":"Feature","geometry":{"type":"Point","coordinates":[4.405609,51.918579]},"properties":{"type":"charge","layer":"passenger","locationId":"89263167","name":"EQUANS SGZH 1.0 89263167","address":"Oostsingel 2","city":"Schiedam","operatorName":"EQUANS","maxPowerKw":11,"isMegawatt":false,"status":"AVAILABLE","source":"ndw"}},{"type":"Feature","geometry":{"type":"Point","coordinates":[4.39832,51.910014]},"properties":{"type":"charge","layer":"passenger","locationId":"90094556","name":"EQUANS SGZH 2.0 Willem de Zwijgerlaan 3","address":"Willem de Zwijgerlaan 3","city":"Schiedam","operatorName":"EQUANS","maxPowerKw":11,"isMegawatt":false,"status":"AVAILABLE","source":"ndw"}},{"type":"Feature","geometry":{"type":"Point","coordinates":[4.370499,51.932694]},"properties":{"type":"charge","layer":"passenger","locationId":"89263226","name":"EQUANS SGZH 1.0 89263226","address":"Sem Dresdenplein 152","city":"Schiedam","operatorName":"EQUANS","maxPowerKw":11,"isMegawatt":false,"status":"AVAILABLE","source":"ndw"}},{"type":"Feature","geometry":{"type":"Point","coordinates":[4.39546,51.910098]},"properties":{"type":"charge","layer":"passenger","locationId":"89624300","name":"EQUANS SGZH 2.0 89624300","address":"Charlotte de Bourbonstraat 35","city":"Schiedam","operatorName":"EQUANS","maxPowerKw":11,"isMegawatt":false,"status":"AVAILABLE","source":"ndw"}},{"type":"Feature","geometry":{"type":"Point","coordinates":[4.39391,51.921]},"properties":{"type":"charge","layer":"passenger","locationId":"90891437","name":"EQUANS SGZH 2.0 Burgemeester Honnerlage Gretelaan 159 A","address":"Burgemeester Honnerlage Gretelaan 159 A","city":"Schiedam","operatorName":"EQUANS","maxPowerKw":11,"isMegawatt":false,"status":"CHARGING","source":"ndw"}},{"type":"Feature","geometry":{"type":"Point","coordinates":[4.390789,51.919542]},"properties":{"type":"charge","layer":"passenger","locationId":"89263210","name":"EQUANS SGZH 1.0 89263210","address":"Burgemeester Honnerlage Gretelaan 271B","city":"Schiedam","operatorName":"EQUANS","maxPowerKw":11,"isMegawatt":false,"status":"CHARGING","source":"ndw"}},{"type":"Feature","geometry":{"type":"Point","coordinates":[4.377693,51.930698]},"properties":{"type":"charge","layer":"passenger","locationId":"89105176","name":"EQUANS SGZH 1.0 89105176","address":"Iepenlaan 41","city":"Schiedam","operatorName":"EQUANS","maxPowerKw":17,"isMegawatt":false,"status":"CHARGING","source":"ndw"}},{"type":"Feature","geometry":{"type":"Point","coordinates":[4.40087,51.916059]},"properties":{"type":"charge","layer":"passenger","locationId":"89263160","name":"EQUANS SGZH 1.0 89263160","address":"Broersveld 85","city":"Schiedam","operatorName":"EQUANS","maxPowerKw":11,"isMegawatt":false,"status":"CHARGING","source":"ndw"}},{"type":"Feature","geometry":{"type":"Point","coordinates":[4.38481,51.91403]},"properties":{"type":"charge","layer":"passenger","locationId":"89035874","name":"EQUANS SGZH 2.0 89035874","address":"Rembrandtlaan 76A","city":"Schiedam","operatorName":"EQUANS","maxPowerKw":11,"isMegawatt":false,"status":"AVAILABLE","source":"ndw"}},{"type":"Feature","geometry":{"type":"Point","coordinates":[4.372823,51.9291]},"properties":{"type":"charge","layer":"passenger","locationId":"91246457","name":"EQUANS SGZH 2.0 Bernard Zweersplein 7","address":"Bernard Zweersplein 7","city":"Schiedam","operatorName":"EQUANS","maxPowerKw":11,"isMegawatt":false,"status":"AVAILABLE","source":"ndw"}},{"type":"Feature","geometry":{"type":"Point","coordinates":[4.38681,51.91474]},"properties":{"type":"charge","layer":"passenger","locationId":"90978925","name":"EQUANS SGZH 2.0 Nicolaas Beetsstraat 29 A","address":"Nicolaas Beetsstraat 29 A","city":"Schiedam","operatorName":"EQUANS","maxPowerKw":11,"isMegawatt":false,"status":"AVAILABLE","source":"ndw"}},{"type":"Feature","geometry":{"type":"Point","coordinates":[4.408155,51.919149]},"properties":{"type":"charge","layer":"passenger","locationId":"89263171","name":"EQUANS SGZH 1.0 89263171","address":"Stephensonstraat 22","city":"Schiedam","operatorName":"EQUANS","maxPowerKw":11,"isMegawatt":false,"status":"AVAILABLE","source":"ndw"}},{"type":"Feature","geometry":{"type":"Point","coordinates":[4.39886,51.908411]},"properties":{"type":"charge","layer":"passenger","locationId":"89443817","name":"EQUANS SGZH 2.0 89443817","address":"Stadhouderslaan 26 A","city":"Schiedam","operatorName":"EQUANS","maxPowerKw":11,"isMegawatt":false,"status":"AVAILABLE","source":"ndw"}},{"type":"Feature","geometry":{"type":"Point","coordinates":[4.381196,51.924272]},"properties":{"type":"charge","layer":"passenger","locationId":"90099964","name":"EQUANS SGZH 2.0 Schiedamseweg 210","address":"Schiedamseweg 210","city":"Schiedam","operatorName":"EQUANS","maxPowerKw":11,"isMegawatt":false,"status":"AVAILABLE","source":"ndw"}},{"type":"Feature","geometry":{"type":"Point","coordinates":[4.41465,51.916578]},"properties":{"type":"charge","layer":"passenger","locationId":"89238552","name":"EQUANS SGZH 2.0 89238552","address":"Newtonplein 71","city":"Schiedam","operatorName":"EQUANS","maxPowerKw":11,"isMegawatt":false,"status":"AVAILABLE","source":"ndw"}},{"type":"Feature","geometry":{"type":"Point","coordinates":[4.401266,51.920756]},"properties":{"type":"charge","layer":"passenger","locationId":"89152221","name":"EQUANS SGZH 2.0 89152221","address":"'s-Gravelandseweg 958","city":"Schiedam","operatorName":"EQUANS","maxPowerKw":17,"isMegawatt":false,"status":"AVAILABLE","source":"ndw"}},{"type":"Feature","geometry":{"type":"Point","coordinates":[4.380152,51.92258]},"properties":{"type":"charge","layer":"passenger","locationId":"80F27264-3803-4061-97C9-0295A9AC1B35","name":"Eneco eMobility Vlietlandplein 2 Schiedam","address":"Vlietlandplein 2","city":"Schiedam","operatorName":"Eneco","maxPowerKw":22,"isMegawatt":false,"status":"CHARGING","source":"ndw","priceKwh":0.32}},{"type":"Feature","geometry":{"type":"Point","coordinates":[4.388203,51.924042]},"properties":{"type":"charge","layer":"passenger","locationId":"89263217","name":"EQUANS SGZH 1.0 89263217","address":"Heinsiusstraat 28","city":"Schiedam","operatorName":"EQUANS","maxPowerKw":11,"isMegawatt":false,"status":"AVAILABLE","source":"ndw"}},{"type":"Feature","geometry":{"type":"Point","coordinates":[4.38399,51.921291]},"properties":{"type":"charge","layer":"passenger","locationId":"89263199","name":"EQUANS SGZH 1.0 89263199","address":"Burgemeester van Haarenlaan 866","city":"Schiedam","operatorName":"EQUANS","maxPowerKw":11,"isMegawatt":false,"status":"AVAILABLE","source":"ndw"}},{"type":"Feature","geometry":{"type":"Point","coordinates":[4.375612,51.94477]},"properties":{"type":"charge","layer":"passenger","locationId":"89263254","name":"EQUANS SGZH 1.0 89263254","address":"Kamilleveld 31","city":"Schiedam","operatorName":"EQUANS","maxPowerKw":11,"isMegawatt":false,"status":"CHARGING","source":"ndw"}},{"type":"Feature","geometry":{"type":"Point","coordinates":[4.375958,51.920694]},"properties":{"type":"charge","layer":"passenger","locationId":"91300492","name":"EQUANS SGZH 2.0 Ireen Wüststraat t.h.v. Olympiaweg 18","address":"Ireen Wüststraat t.h.v. Olympiaweg 18","city":"Schiedam","operatorName":"EQUANS","maxPowerKw":11,"isMegawatt":false,"status":"AVAILABLE","source":"ndw"}},{"type":"Feature","geometry":{"type":"Point","coordinates":[4.374491,51.919153]},"properties":{"type":"charge","layer":"passenger","locationId":"89263201","name":"EQUANS SGZH 1.0 89263201","address":"Mark Huizingapad 2","city":"Schiedam","operatorName":"EQUANS","maxPowerKw":11,"isMegawatt":false,"status":"AVAILABLE","source":"ndw"}},{"type":"Feature","geometry":{"type":"Point","coordinates":[4.39914,51.92014]},"properties":{"type":"charge","layer":"passenger","locationId":"91417429","name":"EQUANS SGZH 1.0 Palmboomstraat 4 t.h.v. Groenweegje","address":"Palmboomstraat 4","city":"Schiedam","operatorName":"EQUANS","maxPowerKw":11,"isMegawatt":false,"status":"CHARGING","source":"ndw"}},{"type":"Feature","geometry":{"type":"Point","coordinates":[4.402541,51.912714]},"properties":{"type":"charge","layer":"passenger","locationId":"89263156","name":"EQUANS SGZH 1.0 Tuinlaan 92","address":"Tuinlaan 92","city":"Schiedam","operatorName":"EQUANS","maxPowerKw":11,"isMegawatt":false,"status":"AVAILABLE","source":"ndw"}},{"type":"Feature","geometry":{"type":"Point","coordinates":[4.4105,51.91632]},"properties":{"type":"charge","layer":"passenger","locationId":"91321749","name":"EQUANS SGZH 2.0 Swammerdamsingel 21","address":"Swammerdamsingel 21","city":"Schiedam","operatorName":"EQUANS","maxPowerKw":11,"isMegawatt":false,"status":"AVAILABLE","source":"ndw"}},{"type":"Feature","geometry":{"type":"Point","coordinates":[4.366933,51.936237]},"properties":{"type":"charge","layer":"passenger","locationId":"89263230","name":"EQUANS SGZH 1.0 89263230","address":"Schubertplein 19","city":"Schiedam","operatorName":"EQUANS","maxPowerKw":11,"isMegawatt":false,"status":"AVAILABLE","source":"ndw"}},{"type":"Feature","geometry":{"type":"Point","coordinates":[4.390539,51.921629]},"properties":{"type":"charge","layer":"passenger","locationId":"89061031","name":"EQUANS SGZH 1.0 89061031","address":"De Meesterstraat 2 - Mgr Nolenslaan","city":"Schiedam","operatorName":"EQUANS","maxPowerKw":11,"isMegawatt":false,"status":"CHARGING","source":"ndw"}},{"type":"Feature","geometry":{"type":"Point","coordinates":[4.38131,51.913755]},"properties":{"type":"charge","layer":"passenger","locationId":"90310793","name":"EQUANS SGZH 2.0 Van Ruijsdaellaan 68","address":"Van Ruijsdaellaan 68","city":"Schiedam","operatorName":"EQUANS","maxPowerKw":11,"isMegawatt":false,"status":"CHARGING","source":"ndw"}},{"type":"Feature","geometry":{"type":"Point","coordinates":[4.401502,51.907998]},"properties":{"type":"charge","layer":"passenger","locationId":"90401492","name":"EQUANS SGZH 2.0 Willemskade 50","address":"Willemskade 50","city":"Schiedam","operatorName":"EQUANS","maxPowerKw":11,"isMegawatt":false,"status":"AVAILABLE","source":"ndw"}},{"type":"Feature","geometry":{"type":"Point","coordinates":[4.387,51.91009]},"properties":{"type":"charge","layer":"passenger","locationId":"89035870","name":"EQUANS SGZH 2.0 89035870","address":"Arij Prinslaan 14","city":"Schiedam","operatorName":"EQUANS","maxPowerKw":11,"isMegawatt":false,"status":"AVAILABLE","source":"ndw"}},{"type":"Feature","geometry":{"type":"Point","coordinates":[4.406413,51.91656]},"properties":{"type":"charge","layer":"passenger","locationId":"90346661","name":"EQUANS SGZH 2.0 Archimedesplein 2","address":"Archimedesplein 2","city":"Schiedam","operatorName":"EQUANS","maxPowerKw":11,"isMegawatt":false,"status":"CHARGING","source":"ndw"}},{"type":"Feature","geometry":{"type":"Point","coordinates":[4.395253,51.914205]},"properties":{"type":"charge","layer":"passenger","locationId":"89263191","name":"EQUANS SGZH 1.0 89263191","address":"Sint Liduinastraat 3A","city":"Schiedam","operatorName":"EQUANS","maxPowerKw":11,"isMegawatt":false,"status":"AVAILABLE","source":"ndw"}},{"type":"Feature","geometry":{"type":"Point","coordinates":[4.371784,51.938436]},"properties":{"type":"charge","layer":"passenger","locationId":"89263242","name":"EQUANS SGZH 1.0 89263242","address":"Heijermansplein 10","city":"Schiedam","operatorName":"EQUANS","maxPowerKw":11,"isMegawatt":false,"status":"AVAILABLE","source":"ndw"}},{"type":"Feature","geometry":{"type":"Point","coordinates":[4.395494,51.921687]},"properties":{"type":"charge","layer":"passenger","locationId":"89263209","name":"EQUANS SGZH 1.0 89263209","address":"Burgemeester Honnerlage Gretelaan 93","city":"Schiedam","operatorName":"EQUANS","maxPowerKw":11,"isMegawatt":false,"status":"AVAILABLE","source":"ndw"}},{"type":"Feature","geometry":{"type":"Point","coordinates":[4.366416,51.94539]},"properties":{"type":"charge","layer":"passenger","locationId":"89263246","name":"EQUANS SGZH 1.0 89263246","address":"Huis te Vlietstraat 15","city":"Schiedam","operatorName":"EQUANS","maxPowerKw":11,"isMegawatt":false,"status":"CHARGING","source":"ndw"}},{"type":"Feature","geometry":{"type":"Point","coordinates":[4.40453,51.921579]},"properties":{"type":"charge","layer":"passenger","locationId":"c582b8fff9a944f3bc22a06dd4cf1b18","name":"Bouwlocatie Schiedam Era Contour","address":"Delflandseweg 314","city":"Schiedam","operatorName":"","maxPowerKw":11,"isMegawatt":false,"status":"AVAILABLE","source":"ndw","priceKwh":0.6}},{"type":"Feature","geometry":{"type":"Point","coordinates":[4.409163,51.914315]},"properties":{"type":"charge","layer":"passenger","locationId":"89263164","name":"EQUANS SGZH 1.0 89263164","address":"Rotterdamsedijk 227A","city":"Schiedam","operatorName":"EQUANS","maxPowerKw":11,"isMegawatt":false,"status":"AVAILABLE","source":"ndw"}},{"type":"Feature","geometry":{"type":"Point","coordinates":[4.36665,51.94191]},"properties":{"type":"charge","layer":"passenger","locationId":"89035879","name":"EQUANS SGZH 2.0 89035879","address":"Bernardus IJzerdraatsingel 1","city":"Schiedam","operatorName":"EQUANS","maxPowerKw":11,"isMegawatt":false,"status":"CHARGING","source":"ndw"}},{"type":"Feature","geometry":{"type":"Point","coordinates":[4.393569,51.912788]},"properties":{"type":"charge","layer":"passenger","locationId":"89090314","name":"EQUANS SGZH 1.0 89090314","address":"van Smaleveltstraat 45","city":"Schiedam","operatorName":"EQUANS","maxPowerKw":11,"isMegawatt":false,"status":"AVAILABLE","source":"ndw"}},{"type":"Feature","geometry":{"type":"Point","coordinates":[4.367204,51.92876]},"properties":{"type":"charge","layer":"passenger","locationId":"89087065","name":"EQUANS SGZH 1.0 89087065","address":"Van Beethovenplein 161","city":"Schiedam","operatorName":"EQUANS","maxPowerKw":22,"isMegawatt":false,"status":"CHARGING","source":"ndw"}},{"type":"Feature","geometry":{"type":"Point","coordinates":[4.383608,51.917413]},"properties":{"type":"charge","layer":"passenger","locationId":"89918854","name":"EQUANS SGZH 2.0 89918854","address":"De Savornin Lohmanlaan 44","city":"Schiedam","operatorName":"EQUANS","maxPowerKw":11,"isMegawatt":false,"status":"AVAILABLE","source":"ndw"}},{"type":"Feature","geometry":{"type":"Point","coordinates":[4.389453,51.918189]},"properties":{"type":"charge","layer":"passenger","locationId":"89263198","name":"EQUANS SGZH 1.0 89263198","address":"Nieuwe Damlaan 850","city":"Schiedam","operatorName":"EQUANS","maxPowerKw":11,"isMegawatt":false,"status":"CHARGING","source":"ndw"}},{"type":"Feature","geometry":{"type":"Point","coordinates":[4.402953,51.920612]},"properties":{"type":"charge","layer":"passenger","locationId":"NLENV682","name":"Schiedam, 's-Gravenlandseweg 565-1065 ","address":"'s-Gravelandseweg 565","city":"Schiedam","operatorName":"","maxPowerKw":22,"isMegawatt":false,"status":"AVAILABLE","source":"ndw","priceKwh":0.3}},{"type":"Feature","geometry":{"type":"Point","coordinates":[4.393483,51.923905]},"properties":{"type":"charge","layer":"passenger","locationId":"89918848","name":"EQUANS SGZH 2.0 89918848","address":"Van Heuven Goedhartstraat 5","city":"Schiedam","operatorName":"EQUANS","maxPowerKw":11,"isMegawatt":false,"status":"CHARGING","source":"ndw"}},{"type":"Feature","geometry":{"type":"Point","coordinates":[4.373891,51.930121]},"properties":{"type":"charge","layer":"passenger","locationId":"89355419","name":"EQUANS SGZH 2.0 89355419","address":"Albert van Raalteplein 4","city":"Schiedam","operatorName":"EQUANS","maxPowerKw":11,"isMegawatt":false,"status":"AVAILABLE","source":"ndw"}},{"type":"Feature","geometry":{"type":"Point","coordinates":[4.382895,51.93388]},"properties":{"type":"charge","layer":"passenger","locationId":"89263222","name":"EQUANS SGZH 1.0 89263222","address":"Bosrand 2","city":"Schiedam","operatorName":"EQUANS","maxPowerKw":11,"isMegawatt":false,"status":"CHARGING","source":"ndw"}},{"type":"Feature","geometry":{"type":"Point","coordinates":[4.385552,51.905358]},"properties":{"type":"charge","layer":"passenger","locationId":"89145590","name":"EQUANS SGZH 2.0 89145590","address":"Admiraal De Ruyterstraat 29","city":"Schiedam","operatorName":"EQUANS","maxPowerKw":17,"isMegawatt":false,"status":"AVAILABLE","source":"ndw"}},{"type":"Feature","geometry":{"type":"Point","coordinates":[4.404239,51.916051]},"properties":{"type":"charge","layer":"passenger","locationId":"89061036","name":"EQUANS SGZH 1.0 89061036","address":"Korte Singelstraat 2","city":"Schiedam","operatorName":"EQUANS","maxPowerKw":22,"isMegawatt":false,"status":"AVAILABLE","source":"ndw"}},{"type":"Feature","geometry":{"type":"Point","coordinates":[4.387433,51.919873]},"properties":{"type":"charge","layer":"passenger","locationId":"89273910","name":"EQUANS SGZH 2.0 Nieuwe Damlaan 679","address":"Nieuwe Damlaan 679","city":"Schiedam","operatorName":"EQUANS","maxPowerKw":11,"isMegawatt":false,"status":"AVAILABLE","source":"ndw"}},{"type":"Feature","geometry":{"type":"Point","coordinates":[4.387308,51.923664]},"properties":{"type":"charge","layer":"passenger","locationId":"89221185","name":"EQUANS SGZH 2.0 89221185","address":"Donker Curtiusstraat 12","city":"Schiedam","operatorName":"EQUANS","maxPowerKw":11,"isMegawatt":false,"status":"AVAILABLE","source":"ndw"}},{"type":"Feature","geometry":{"type":"Point","coordinates":[4.412501,51.914817]},"properties":{"type":"charge","layer":"passenger","locationId":"90238829","name":"EQUANS SGZH 2.0 Rotterdamsedijk 46","address":"Rotterdamsedijk 46","city":"Schiedam","operatorName":"EQUANS","maxPowerKw":11,"isMegawatt":false,"status":"CHARGING","source":"ndw"}},{"type":"Feature","geometry":{"type":"Point","coordinates":[4.384489,51.906311]},"properties":{"type":"charge","layer":"passenger","locationId":"6614f542608546001c54d269","name":"Etzékera's station","address":"Admiraal de Ruyterstraat 16-J","city":"Schiedam","operatorName":"E-Flux by Road","maxPowerKw":22,"isMegawatt":false,"status":"AVAILABLE","source":"ndw","priceKwh":0.53}},{"type":"Feature","geometry":{"type":"Point","coordinates":[4.398172,51.903043]},"properties":{"type":"charge","layer":"passenger","locationId":"89263182","name":"EQUANS SGZH 1.0 89263182","address":"Havenstraat 6","city":"Schiedam","operatorName":"EQUANS","maxPowerKw":11,"isMegawatt":false,"status":"AVAILABLE","source":"ndw"}},{"type":"Feature","geometry":{"type":"Point","coordinates":[4.371164,51.937163]},"properties":{"type":"charge","layer":"passenger","locationId":"90255794","name":"EQUANS SGZH 2.0 Bachplein 326","address":"Bachplein 326","city":"Schiedam","operatorName":"EQUANS","maxPowerKw":11,"isMegawatt":false,"status":"AVAILABLE","source":"ndw"}},{"type":"Feature","geometry":{"type":"Point","coordinates":[4.394428,51.920076]},"properties":{"type":"charge","layer":"passenger","locationId":"89263211","name":"EQUANS SGZH 1.0 89263211","address":"Noordvestsingel 7f","city":"Schiedam","operatorName":"EQUANS","maxPowerKw":11,"isMegawatt":false,"status":"CHARGING","source":"ndw"}},{"type":"Feature","geometry":{"type":"Point","coordinates":[4.39738,51.90934]},"properties":{"type":"charge","layer":"passenger","locationId":"90310798","name":"EQUANS SGZH 2.0 Louise d Colignystraat 25","address":"Louise d Colignystraat 25","city":"Schiedam","operatorName":"EQUANS","maxPowerKw":11,"isMegawatt":false,"status":"AVAILABLE","source":"ndw"}},{"type":"Feature","geometry":{"type":"Point","coordinates":[4.407612,51.905364]},"properties":{"type":"charge","layer":"passenger","locationId":"89105139","name":"EQUANS SGZH 1.0 89105139","address":"Lekstraat 18 D","city":"Schiedam","operatorName":"EQUANS","maxPowerKw":17,"isMegawatt":false,"status":"AVAILABLE","source":"ndw"}},{"type":"Feature","geometry":{"type":"Point","coordinates":[4.38657,51.918507]},"properties":{"type":"charge","layer":"passenger","locationId":"89263204","name":"EQUANS SGZH 1.0 89263204","address":"Dr Kuyperlaan 239","city":"Schiedam","operatorName":"EQUANS","maxPowerKw":11,"isMegawatt":false,"status":"AVAILABLE","source":"ndw"}},{"type":"Feature","geometry":{"type":"Point","coordinates":[4.392778,51.91217]},"properties":{"type":"charge","layer":"passenger","locationId":"89221178","name":"EQUANS SGZH 2.0 89221178","address":"Tielman Oemstraat 22","city":"Schiedam","operatorName":"EQUANS","maxPowerKw":11,"isMegawatt":false,"status":"AVAILABLE","source":"ndw"}},{"type":"Feature","geometry":{"type":"Point","coordinates":[4.395455,51.912521]},"properties":{"type":"charge","layer":"passenger","locationId":"90346653","name":"EQUANS SGZH 2.0 Thomas à Kempisstraat 6","address":"Thomas à Kempisstraat 6","city":"Schiedam","operatorName":"EQUANS","maxPowerKw":11,"isMegawatt":false,"status":"AVAILABLE","source":"ndw"}},{"type":"Feature","geometry":{"type":"Point","coordinates":[4.39541,51.91088]},"properties":{"type":"charge","layer":"passenger","locationId":"90932873","name":"EQUANS SGZH 2.0 Willem de Rijkestraat 6 (t.h.v. René van Chalonstr","address":"Willem de Rijkestraat 6 (t.h.v. René van Cha","city":"Schiedam","operatorName":"EQUANS","maxPowerKw":11,"isMegawatt":false,"status":"CHARGING","source":"ndw"}},{"type":"Feature","geometry":{"type":"Point","coordinates":[4.41334,51.904956]},"properties":{"type":"charge","layer":"passenger","locationId":"675ad151e0330be221c2ed74","name":"Blom Opleidingen Schiedam","address":"Fortunaweg 17","city":"Schiedam","operatorName":"Lanova Laadpalen","maxPowerKw":11,"isMegawatt":false,"status":"AVAILABLE","source":"ndw","priceKwh":1.03}},{"type":"Feature","geometry":{"type":"Point","coordinates":[4.400557,51.92492]},"properties":{"type":"charge","layer":"passenger","locationId":"89263216","name":"EQUANS SGZH 1.0 89263216","address":"Johan Braakensiekstraat 12","city":"Schiedam","operatorName":"EQUANS","maxPowerKw":11,"isMegawatt":false,"status":"AVAILABLE","source":"ndw"}},{"type":"Feature","geometry":{"type":"Point","coordinates":[4.402652,51.932235]},"properties":{"type":"charge","layer":"passenger","locationId":"89263265","name":"EQUANS SGZH 1.0 89263265","address":"Ringersstraat 21","city":"Schiedam","operatorName":"EQUANS","maxPowerKw":11,"isMegawatt":false,"status":"AVAILABLE","source":"ndw"}},{"type":"Feature","geometry":{"type":"Point","coordinates":[4.395731,51.91907]},"properties":{"type":"charge","layer":"passenger","locationId":"89263163","name":"EQUANS SGZH 1.0 89263163","address":"Noordmolenstraat 17","city":"Schiedam","operatorName":"EQUANS","maxPowerKw":11,"isMegawatt":false,"status":"AVAILABLE","source":"ndw"}},{"type":"Feature","geometry":{"type":"Point","coordinates":[4.365371,51.937966]},"properties":{"type":"charge","layer":"passenger","locationId":"90238835","name":"EQUANS SGZH 2.0 Frenkelpad 1","address":"Frenkelpad 1","city":"Schiedam","operatorName":"EQUANS","maxPowerKw":11,"isMegawatt":false,"status":"CHARGING","source":"ndw"}},{"type":"Feature","geometry":{"type":"Point","coordinates":[4.398775,51.91942]},"properties":{"type":"charge","layer":"passenger","locationId":"90910327","name":"EQUANS SGZH 1.0 Sint Annazusterstraat 2","address":"Sint Annazusterstraat 2","city":"Schiedam","operatorName":"EQUANS","maxPowerKw":11,"isMegawatt":false,"status":"AVAILABLE","source":"ndw"}},{"type":"Feature","geometry":{"type":"Point","coordinates":[4.380792,51.918722]},"properties":{"type":"charge","layer":"passenger","locationId":"89258396","name":"EQUANS SGZH 2.0 89258396","address":"Burgemeester Van Haarenlaan 1197","city":"Schiedam","operatorName":"EQUANS","maxPowerKw":11,"isMegawatt":false,"status":"AVAILABLE","source":"ndw"}},{"type":"Feature","geometry":{"type":"Point","coordinates":[4.405174,51.91454]},"properties":{"type":"charge","layer":"passenger","locationId":"89263166","name":"EQUANS SGZH 1.0 89263166","address":"Rotterdamsedijk 363","city":"Schiedam","operatorName":"EQUANS","maxPowerKw":11,"isMegawatt":false,"status":"CHARGING","source":"ndw"}},{"type":"Feature","geometry":{"type":"Point","coordinates":[4.389688,51.913847]},"properties":{"type":"charge","layer":"passenger","locationId":"89263189","name":"EQUANS SGZH 1.0 89263189","address":"Westfrankelandsestraat 86","city":"Schiedam","operatorName":"EQUANS","maxPowerKw":11,"isMegawatt":false,"status":"AVAILABLE","source":"ndw"}},{"type":"Feature","geometry":{"type":"Point","coordinates":[4.392573,51.924844]},"properties":{"type":"charge","layer":"passenger","locationId":"89263213","name":"EQUANS SGZH 1.0 89263213","address":"van Maanenstraat 1","city":"Schiedam","operatorName":"EQUANS","maxPowerKw":11,"isMegawatt":false,"status":"AVAILABLE","source":"ndw"}},{"type":"Feature","geometry":{"type":"Point","coordinates":[4.385342,51.945011]},"properties":{"type":"charge","layer":"passenger","locationId":"89263259","name":"EQUANS SGZH 1.0 89263259","address":"Gustav Vasaborg 8","city":"Schiedam","operatorName":"EQUANS","maxPowerKw":11,"isMegawatt":false,"status":"CHARGING","source":"ndw"}},{"type":"Feature","geometry":{"type":"Point","coordinates":[4.372052,51.942034]},"properties":{"type":"charge","layer":"passenger","locationId":"89263238","name":"EQUANS SGZH 1.0 89263238","address":"Galjoot 29","city":"Schiedam","operatorName":"EQUANS","maxPowerKw":11,"isMegawatt":false,"status":"CHARGING","source":"ndw"}},{"type":"Feature","geometry":{"type":"Point","coordinates":[4.380593,51.944088]},"properties":{"type":"charge","layer":"passenger","locationId":"89263255","name":"EQUANS SGZH 1.0 89263255","address":"Slimme Watering 21","city":"Schiedam","operatorName":"EQUANS","maxPowerKw":11,"isMegawatt":false,"status":"AVAILABLE","source":"ndw"}},{"type":"Feature","geometry":{"type":"Point","coordinates":[4.397177,51.923192]},"properties":{"type":"charge","layer":"passenger","locationId":"89263219","name":"EQUANS SGZH 1.0 89263219","address":"Joop Den Uyllaan 98","city":"Schiedam","operatorName":"EQUANS","maxPowerKw":11,"isMegawatt":false,"status":"CHARGING","source":"ndw"}},{"type":"Feature","geometry":{"type":"Point","coordinates":[4.40237,51.904494]},"properties":{"type":"charge","layer":"passenger","locationId":"89150569","name":"EQUANS SGZH 1.0 89150569","address":"Voornsestraat 3A","city":"Schiedam","operatorName":"EQUANS","maxPowerKw":17,"isMegawatt":false,"status":"AVAILABLE","source":"ndw"}},{"type":"Feature","geometry":{"type":"Point","coordinates":[4.401506,51.912471]},"properties":{"type":"charge","layer":"passenger","locationId":"89263155","name":"EQUANS SGZH 1.0 89263155","address":"Lange Nieuwstraat 183","city":"Schiedam","operatorName":"EQUANS","maxPowerKw":11,"isMegawatt":false,"status":"AVAILABLE","source":"ndw"}},{"type":"Feature","geometry":{"type":"Point","coordinates":[4.38526,51.90363]},"properties":{"type":"charge","layer":"passenger","locationId":"612DEBB1-F551-4761-92A9-0B7A14A07CC2","name":"Eneco eMobility Nieuwe Waterwegstraat 1 Schiedam","address":"Nieuwe Waterwegstraat 1","city":"Schiedam","operatorName":"Eneco","maxPowerKw":22,"isMegawatt":false,"status":"UNAVAILABLE","source":"ndw","priceKwh":0.32}},{"type":"Feature","geometry":{"type":"Point","coordinates":[4.388429,51.912587]},"properties":{"type":"charge","layer":"passenger","locationId":"90549296","name":"EQUANS SGZH 1.0 Jan van Avennestraat 33","address":"Jan van Avennestraat 33","city":"Schiedam","operatorName":"EQUANS","maxPowerKw":11,"isMegawatt":false,"status":"CHARGING","source":"ndw"}},{"type":"Feature","geometry":{"type":"Point","coordinates":[4.375379,51.93331]},"properties":{"type":"charge","layer":"passenger","locationId":"89263221","name":"EQUANS SGZH 1.0 89263221","address":"Hargplein 118","city":"Schiedam","operatorName":"EQUANS","maxPowerKw":11,"isMegawatt":false,"status":"AVAILABLE","source":"ndw"}},{"type":"Feature","geometry":{"type":"Point","coordinates":[4.378821,51.943064]},"properties":{"type":"charge","layer":"passenger","locationId":"90965731","name":"EQUANS SGZH 2.0 Gerstakker 94","address":"Gerstakker 94","city":"Schiedam","operatorName":"EQUANS","maxPowerKw":11,"isMegawatt":false,"status":"AVAILABLE","source":"ndw"}},{"type":"Feature","geometry":{"type":"Point","coordinates":[4.36477,51.9422]},"properties":{"type":"charge","layer":"passenger","locationId":"91328830","name":"EQUANS SGZH 2.0 Hovenierstraat 10","address":"Hovenierstraat 10","city":"Schiedam","operatorName":"EQUANS","maxPowerKw":11,"isMegawatt":false,"status":"AVAILABLE","source":"ndw"}},{"type":"Feature","geometry":{"type":"Point","coordinates":[4.374955,51.92085]},"properties":{"type":"charge","layer":"passenger","locationId":"90186683","name":"EQUANS SGZH 2.0 Stephan van den Bergstraat 3 t.h.v. Olympiaweg 34","address":"Stephan van den Bergstraat 3","city":"Schiedam","operatorName":"EQUANS","maxPowerKw":11,"isMegawatt":false,"status":"AVAILABLE","source":"ndw"}},{"type":"Feature","geometry":{"type":"Point","coordinates":[4.414283,51.920211]},"properties":{"type":"charge","layer":"passenger","locationId":"91227208","name":"EQUANS SGZH 2.0 Dr Zamenhofpad 21 A","address":"Dr Zamenhofpad 21 A","city":"Schiedam","operatorName":"EQUANS","maxPowerKw":11,"isMegawatt":false,"status":"AVAILABLE","source":"ndw"}},{"type":"Feature","geometry":{"type":"Point","coordinates":[4.372737,51.94432]},"properties":{"type":"charge","layer":"passenger","locationId":"90924182","name":"EQUANS SGZH 2.0 Buis 3","address":"Buis 3","city":"Schiedam","operatorName":"EQUANS","maxPowerKw":11,"isMegawatt":false,"status":"AVAILABLE","source":"ndw"}},{"type":"Feature","geometry":{"type":"Point","coordinates":[4.392707,51.923463]},"properties":{"type":"charge","layer":"passenger","locationId":"91041708","name":"EQUANS SGZH 2.0 Minister Donkerstraat 11","address":"Minister Donkerstraat 11","city":"Schiedam","operatorName":"EQUANS","maxPowerKw":11,"isMegawatt":false,"status":"AVAILABLE","source":"ndw"}},{"type":"Feature","geometry":{"type":"Point","coordinates":[4.387373,51.941077]},"properties":{"type":"charge","layer":"passenger","locationId":"89187781","name":"EQUANS SGZH 2.0 89187781","address":"Kalixfors 31","city":"Schiedam","operatorName":"EQUANS","maxPowerKw":17,"isMegawatt":false,"status":"AVAILABLE","source":"ndw"}},{"type":"Feature","geometry":{"type":"Point","coordinates":[4.405261,51.929813]},"properties":{"type":"charge","layer":"passenger","locationId":"89263263","name":"EQUANS SGZH 1.0 89263263","address":"Regoutstraat 6","city":"Schiedam","operatorName":"EQUANS","maxPowerKw":11,"isMegawatt":false,"status":"AVAILABLE","source":"ndw"}},{"type":"Feature","geometry":{"type":"Point","coordinates":[4.376216,51.937159]},"properties":{"type":"charge","layer":"passenger","locationId":"89263220","name":"EQUANS SGZH 1.0 89263220","address":"Noordeinde 29","city":"Schiedam","operatorName":"EQUANS","maxPowerKw":11,"isMegawatt":false,"status":"AVAILABLE","source":"ndw"}},{"type":"Feature","geometry":{"type":"Point","coordinates":[4.371802,51.937526]},"properties":{"type":"charge","layer":"passenger","locationId":"89263228","name":"EQUANS SGZH 1.0 89263228","address":"Bachplein 324","city":"Schiedam","operatorName":"EQUANS","maxPowerKw":11,"isMegawatt":false,"status":"AVAILABLE","source":"ndw"}},{"type":"Feature","geometry":{"type":"Point","coordinates":[4.400793,51.934229]},"properties":{"type":"charge","layer":"passenger","locationId":"89263264","name":"EQUANS SGZH 1.0 89263264","address":"'s-Gravelandseweg 373","city":"Schiedam","operatorName":"EQUANS","maxPowerKw":11,"isMegawatt":false,"status":"AVAILABLE","source":"ndw"}},{"type":"Feature","geometry":{"type":"Point","coordinates":[4.375778,51.92278]},"properties":{"type":"charge","layer":"passenger","locationId":"90122420","name":"EQUANS SGZH 2.0 Pieter van den Hoogenbandstraat 57","address":"Pieter van den Hoogenbandstraat 57","city":"Schiedam","operatorName":"EQUANS","maxPowerKw":11,"isMegawatt":false,"status":"AVAILABLE","source":"ndw"}},{"type":"Feature","geometry":{"type":"Point","coordinates":[4.382067,51.941165]},"properties":{"type":"charge","layer":"passenger","locationId":"89209916","name":"EQUANS SGZH 2.0 89209916","address":"Spannerhof 1","city":"Schiedam","operatorName":"EQUANS","maxPowerKw":17,"isMegawatt":false,"status":"AVAILABLE","source":"ndw"}},{"type":"Feature","geometry":{"type":"Point","coordinates":[4.399506,51.915166]},"properties":{"type":"charge","layer":"passenger","locationId":"89217208","name":"EQUANS SGZH 2.0 89217208","address":"Leliëndaal 9","city":"Schiedam","operatorName":"EQUANS","maxPowerKw":17,"isMegawatt":false,"status":"AVAILABLE","source":"ndw"}},{"type":"Feature","geometry":{"type":"Point","coordinates":[4.400885,51.929842]},"properties":{"type":"charge","layer":"passenger","locationId":"89263262","name":"EQUANS SGZH 1.0 89263262","address":"Calandstraat 109","city":"Schiedam","operatorName":"EQUANS","maxPowerKw":11,"isMegawatt":false,"status":"AVAILABLE","source":"ndw"}},{"type":"Feature","geometry":{"type":"Point","coordinates":[4.408001,51.922972]},"properties":{"type":"charge","layer":"passenger","locationId":"3530911","name":"Laadnet Laadpalen parkeerdek","address":"Overschieseweg 203","city":"Schiedam","operatorName":"Laadnet","maxPowerKw":22,"isMegawatt":false,"status":"AVAILABLE","source":"ndw"}},{"type":"Feature","geometry":{"type":"Point","coordinates":[4.403742,51.929442]},"properties":{"type":"charge","layer":"passenger","locationId":"89153841","name":"EQUANS SGZH 2.0 89153841","address":"Conradstraat 14","city":"Schiedam","operatorName":"EQUANS","maxPowerKw":17,"isMegawatt":false,"status":"AVAILABLE","source":"ndw"}},{"type":"Feature","geometry":{"type":"Point","coordinates":[4.371262,51.931276]},"properties":{"type":"charge","layer":"passenger","locationId":"89105127","name":"EQUANS SGZH 1.0 89105127","address":"Cornelia van Zantenplein 56","city":"Schiedam","operatorName":"EQUANS","maxPowerKw":22,"isMegawatt":false,"status":"AVAILABLE","source":"ndw"}},{"type":"Feature","geometry":{"type":"Point","coordinates":[4.389008,51.917457]},"properties":{"type":"charge","layer":"passenger","locationId":"90226497","name":"EQUANS SGZH 2.0 Burgemeester Stulemeijerlaan 50","address":"Burgemeester Stulemeijerlaan 50","city":"Schiedam","operatorName":"EQUANS","maxPowerKw":11,"isMegawatt":false,"status":"CHARGING","source":"ndw"}},{"type":"Feature","geometry":{"type":"Point","coordinates":[4.408368,51.925978]},"properties":{"type":"charge","layer":"passenger","locationId":"NLCPIL6812135","name":"FOURCE BV SCHIEDAM OPEN 2","address":"25 Jan van Riebeeckweg","city":"Schiedam","operatorName":"ChargePoint","maxPowerKw":22,"isMegawatt":false,"status":"AVAILABLE","source":"ndw","priceKwh":0.5}},{"type":"Feature","geometry":{"type":"Point","coordinates":[4.39279,51.92997]},"properties":{"type":"charge","layer":"passenger","locationId":"90953701","name":"EQUANS SGZH 2.0 Parkweg 415","address":"Parkweg 415","city":"Schiedam","operatorName":"EQUANS","maxPowerKw":11,"isMegawatt":false,"status":"AVAILABLE","source":"ndw"}},{"type":"Feature","geometry":{"type":"Point","coordinates":[4.381722,51.942135]},"properties":{"type":"charge","layer":"passenger","locationId":"89263253","name":"EQUANS SGZH 1.0 89263253","address":"De Vlinderhoven 18","city":"Schiedam","operatorName":"EQUANS","maxPowerKw":11,"isMegawatt":false,"status":"AVAILABLE","source":"ndw"}},{"type":"Feature","geometry":{"type":"Point","coordinates":[4.40696,51.90479]},"properties":{"type":"charge","layer":"passenger","locationId":"91063333","name":"EQUANS SGZH 2.0 Ridderkerksestraat 44","address":"Ridderkerksestraat 44","city":"Schiedam","operatorName":"EQUANS","maxPowerKw":11,"isMegawatt":false,"status":"AVAILABLE","source":"ndw"}},{"type":"Feature","geometry":{"type":"Point","coordinates":[4.39932,51.9337]},"properties":{"type":"charge","layer":"passenger","locationId":"90937109","name":"EQUANS SGZH 2.0 Koolhovenstraat 22","address":"Koolhovenstraat 22","city":"Schiedam","operatorName":"EQUANS","maxPowerKw":11,"isMegawatt":false,"status":"AVAILABLE","source":"ndw"}},{"type":"Feature","geometry":{"type":"Point","coordinates":[4.38342,51.91107]},"properties":{"type":"charge","layer":"passenger","locationId":"89263183","name":"EQUANS SGZH 1.0 89263183","address":"Rubenslaan 16","city":"Schiedam","operatorName":"EQUANS","maxPowerKw":11,"isMegawatt":false,"status":"CHARGING","source":"ndw"}},{"type":"Feature","geometry":{"type":"Point","coordinates":[4.370245,51.919797]},"properties":{"type":"charge","layer":"passenger","locationId":"89263202","name":"EQUANS SGZH 1.0 89263202","address":"Trimpad 16","city":"Schiedam","operatorName":"EQUANS","maxPowerKw":11,"isMegawatt":false,"status":"CHARGING","source":"ndw"}},{"type":"Feature","geometry":{"type":"Point","coordinates":[4.379963,51.943241]},"properties":{"type":"charge","layer":"passenger","locationId":"90357652","name":"EQUANS SGZH 2.0 Vuurvlinderhof 21","address":"Vuurvlinderhof 21","city":"Schiedam","operatorName":"EQUANS","maxPowerKw":11,"isMegawatt":false,"status":"CHARGING","source":"ndw"}},{"type":"Feature","geometry":{"type":"Point","coordinates":[4.40219,51.910083]},"properties":{"type":"charge","layer":"passenger","locationId":"89105182","name":"EQUANS SGZH 1.0 89105182","address":"Nieuwe Haven 61 A","city":"Schiedam","operatorName":"EQUANS","maxPowerKw":17,"isMegawatt":false,"status":"CHARGING","source":"ndw"}},{"type":"Feature","geometry":{"type":"Point","coordinates":[4.372211,51.934359]},"properties":{"type":"charge","layer":"passenger","locationId":"89263229","name":"EQUANS SGZH 1.0 89263229","address":"Bachplein 16","city":"Schiedam","operatorName":"EQUANS","maxPowerKw":11,"isMegawatt":false,"status":"AVAILABLE","source":"ndw"}},{"type":"Feature","geometry":{"type":"Point","coordinates":[4.40005,51.91179]},"properties":{"type":"charge","layer":"passenger","locationId":"89035868","name":"EQUANS SGZH 2.0 89035868","address":"Nieuwe Haven 107","city":"Schiedam","operatorName":"EQUANS","maxPowerKw":11,"isMegawatt":false,"status":"AVAILABLE","source":"ndw"}},{"type":"Feature","geometry":{"type":"Point","coordinates":[4.394311,51.916336]},"properties":{"type":"charge","layer":"passenger","locationId":"89264148","name":"EQUANS SGZH 1.0 89264148","address":"Westvest 255","city":"Schiedam","operatorName":"EQUANS","maxPowerKw":11,"isMegawatt":false,"status":"AVAILABLE","source":"ndw"}},{"type":"Feature","geometry":{"type":"Point","coordinates":[4.3824,51.917381]},"properties":{"type":"charge","layer":"passenger","locationId":"90327025","name":"EQUANS SGZH 2.0 Dr Wibautplein 8","address":"Dr Wibautplein 8","city":"Schiedam","operatorName":"EQUANS","maxPowerKw":11,"isMegawatt":false,"status":"AVAILABLE","source":"ndw"}},{"type":"Feature","geometry":{"type":"Point","coordinates":[4.372214,51.920125]},"properties":{"type":"charge","layer":"passenger","locationId":"89396949","name":"EQUANS SGZH 2.0 Olympiaweg 25 D","address":"Olympiaweg 25 D","city":"Schiedam","operatorName":"EQUANS","maxPowerKw":11,"isMegawatt":false,"status":"AVAILABLE","source":"ndw"}},{"type":"Feature","geometry":{"type":"Point","coordinates":[4.386545,51.913368]},"properties":{"type":"charge","layer":"passenger","locationId":"89921152","name":"EQUANS SGZH 2.0 89921152","address":"Vondellaan 64 A","city":"Schiedam","operatorName":"EQUANS","maxPowerKw":11,"isMegawatt":false,"status":"AVAILABLE","source":"ndw"}},{"type":"Feature","geometry":{"type":"Point","coordinates":[4.39393,51.9117]},"properties":{"type":"charge","layer":"passenger","locationId":"89263190","name":"EQUANS SGZH 1.0 Burgemeester Knappertlaan 80","address":"Burgemeester Knappertlaan 80","city":"Schiedam","operatorName":"EQUANS","maxPowerKw":11,"isMegawatt":false,"status":"AVAILABLE","source":"ndw"}},{"type":"Feature","geometry":{"type":"Point","coordinates":[4.41062,51.91808]},"properties":{"type":"charge","layer":"passenger","locationId":"91011883","name":"EQUANS SGZH 2.0 Van Swindenstraat 39 A","address":"Van Swindenstraat 39 A","city":"Schiedam","operatorName":"EQUANS","maxPowerKw":11,"isMegawatt":false,"status":"CHARGING","source":"ndw"}},{"type":"Feature","geometry":{"type":"Point","coordinates":[4.38495,51.94682]},"properties":{"type":"charge","layer":"passenger","locationId":"91261697","name":"EQUANS SGZH 2.0 Hammerdal 37","address":"Hammerdal 37","city":"Schiedam","operatorName":"EQUANS","maxPowerKw":11,"isMegawatt":false,"status":"AVAILABLE","source":"ndw"}},{"type":"Feature","geometry":{"type":"Point","coordinates":[4.402641,51.909546]},"properties":{"type":"charge","layer":"passenger","locationId":"89263185","name":"EQUANS SGZH 1.0 89263185","address":"Westerkade 4","city":"Schiedam","operatorName":"EQUANS","maxPowerKw":11,"isMegawatt":false,"status":"AVAILABLE","source":"ndw"}},{"type":"Feature","geometry":{"type":"Point","coordinates":[4.384852,51.914929]},"properties":{"type":"charge","layer":"passenger","locationId":"90166989","name":"EQUANS SGZH 2.0 Vlaardingerdijk 147","address":"Vlaardingerdijk 147","city":"Schiedam","operatorName":"EQUANS","maxPowerKw":11,"isMegawatt":false,"status":"AVAILABLE","source":"ndw"}},{"type":"Feature","geometry":{"type":"Point","coordinates":[4.397867,51.913715]},"properties":{"type":"charge","layer":"passenger","locationId":"89264152","name":"EQUANS SGZH 1.0 89264152","address":"Westvest 215","city":"Schiedam","operatorName":"EQUANS","maxPowerKw":11,"isMegawatt":false,"status":"AVAILABLE","source":"ndw"}},{"type":"Feature","geometry":{"type":"Point","coordinates":[4.367478,51.933356]},"properties":{"type":"charge","layer":"passenger","locationId":"89602007","name":"EQUANS SGZH 2.0 89602007","address":"Borodinlaan 68","city":"Schiedam","operatorName":"EQUANS","maxPowerKw":11,"isMegawatt":false,"status":"AVAILABLE","source":"ndw"}},{"type":"Feature","geometry":{"type":"Point","coordinates":[4.411866,51.918272]},"properties":{"type":"charge","layer":"passenger","locationId":"89320326","name":"EQUANS SGZH 2.0 89320326","address":"Boerhaavelaan 6 A","city":"Schiedam","operatorName":"EQUANS","maxPowerKw":11,"isMegawatt":false,"status":"AVAILABLE","source":"ndw"}},{"type":"Feature","geometry":{"type":"Point","coordinates":[4.38145,51.917212]},"properties":{"type":"charge","layer":"passenger","locationId":"90186686","name":"EQUANS SGZH 2.0 Professor Aalberselaan 3","address":"Professor Aalberselaan 3","city":"Schiedam","operatorName":"EQUANS","maxPowerKw":11,"isMegawatt":false,"status":"AVAILABLE","source":"ndw"}},{"type":"Feature","geometry":{"type":"Point","coordinates":[4.39723,51.91116]},"properties":{"type":"charge","layer":"passenger","locationId":"91299128","name":"EQUANS SGZH 2.0 Nassaulaan 73","address":"Nassaulaan 73","city":"Schiedam","operatorName":"EQUANS","maxPowerKw":11,"isMegawatt":false,"status":"AVAILABLE","source":"ndw"}},{"type":"Feature","geometry":{"type":"Point","coordinates":[4.395377,51.922652]},"properties":{"type":"charge","layer":"passenger","locationId":"90189152","name":"EQUANS SGZH 2.0 Joop den Uyllaan 48","address":"Joop den Uyllaan 48","city":"Schiedam","operatorName":"EQUANS","maxPowerKw":11,"isMegawatt":false,"status":"AVAILABLE","source":"ndw"}},{"type":"Feature","geometry":{"type":"Point","coordinates":[4.396154,51.924665]},"properties":{"type":"charge","layer":"passenger","locationId":"89263212","name":"EQUANS SGZH 1.0 89263212","address":"Willem Passtoorsstraat 82","city":"Schiedam","operatorName":"EQUANS","maxPowerKw":11,"isMegawatt":false,"status":"CHARGING","source":"ndw"}},{"type":"Feature","geometry":{"type":"Point","coordinates":[4.378579,51.912316]},"properties":{"type":"charge","layer":"passenger","locationId":"89263192","name":"EQUANS SGZH 1.0 89263192","address":"Burgemeester van Haarenlaan 1506","city":"Schiedam","operatorName":"EQUANS","maxPowerKw":11,"isMegawatt":false,"status":"AVAILABLE","source":"ndw"}},{"type":"Feature","geometry":{"type":"Point","coordinates":[4.39138,51.92128]},"properties":{"type":"charge","layer":"passenger","locationId":"91227682","name":"EQUANS SGZH 2.0 De Meesterstraat 49","address":"De Meesterstraat 49","city":"Schiedam","operatorName":"EQUANS","maxPowerKw":11,"isMegawatt":false,"status":"AVAILABLE","source":"ndw"}},{"type":"Feature","geometry":{"type":"Point","coordinates":[4.394744,51.910208]},"properties":{"type":"charge","layer":"passenger","locationId":"89166884","name":"EQUANS SGZH 2.0 89166884","address":"Nassau Dillenburgstraat 2B","city":"Schiedam","operatorName":"EQUANS","maxPowerKw":17,"isMegawatt":false,"status":"AVAILABLE","source":"ndw"}},{"type":"Feature","geometry":{"type":"Point","coordinates":[4.372019,51.92275]},"properties":{"type":"charge","layer":"passenger","locationId":"90827436","name":"EQUANS SGZH 2.0 Nouchka Fontijnpad 23","address":"Nouchka Fontijnpad 23","city":"Schiedam","operatorName":"EQUANS","maxPowerKw":11,"isMegawatt":false,"status":"AVAILABLE","source":"ndw"}},{"type":"Feature","geometry":{"type":"Point","coordinates":[4.383172,51.921206]},"properties":{"type":"charge","layer":"passenger","locationId":"89263203","name":"EQUANS SGZH 1.0 Van Limburg Stirumstraat 19","address":"Van Limburg Stirumstraat 19","city":"Schiedam","operatorName":"EQUANS","maxPowerKw":11,"isMegawatt":false,"status":"AVAILABLE","source":"ndw"}},{"type":"Feature","geometry":{"type":"Point","coordinates":[4.39673,51.90871]},"properties":{"type":"charge","layer":"passenger","locationId":"89035869","name":"EQUANS SGZH 2.0 89035869","address":"Willem de Zwijgerlaan 33","city":"Schiedam","operatorName":"EQUANS","maxPowerKw":11,"isMegawatt":false,"status":"AVAILABLE","source":"ndw"}},{"type":"Feature","geometry":{"type":"Point","coordinates":[4.37257,51.94658]},"properties":{"type":"charge","layer":"passenger","locationId":"89035881","name":"EQUANS SGZH 2.0 89035881","address":"Aletta Jacobsstraat 56","city":"Schiedam","operatorName":"EQUANS","maxPowerKw":11,"isMegawatt":false,"status":"AVAILABLE","source":"ndw"}},{"type":"Feature","geometry":{"type":"Point","coordinates":[4.370508,51.940239]},"properties":{"type":"charge","layer":"passenger","locationId":"90300850","name":"EQUANS SGZH 2.0 Laseurpad 67","address":"Laseurpad 67","city":"Schiedam","operatorName":"EQUANS","maxPowerKw":11,"isMegawatt":false,"status":"AVAILABLE","source":"ndw"}},{"type":"Feature","geometry":{"type":"Point","coordinates":[4.41334,51.919606]},"properties":{"type":"charge","layer":"passenger","locationId":"89061030","name":"EQUANS SGZH 1.0 89061030","address":"Daltonstraat 51","city":"Schiedam","operatorName":"EQUANS","maxPowerKw":22,"isMegawatt":false,"status":"AVAILABLE","source":"ndw"}},{"type":"Feature","geometry":{"type":"Point","coordinates":[4.41313,51.91619]},"properties":{"type":"charge","layer":"passenger","locationId":"91233415","name":"EQUANS SGZH 2.0 Van 's-Gravesandestraat 59","address":"Van 's-Gravesandestraat 59","city":"Schiedam","operatorName":"EQUANS","maxPowerKw":11,"isMegawatt":false,"status":"AVAILABLE","source":"ndw"}},{"type":"Feature","geometry":{"type":"Point","coordinates":[4.407576,51.91438]},"properties":{"type":"charge","layer":"passenger","locationId":"89263165","name":"EQUANS SGZH 1.0 89263165","address":"Rotterdamsedijk 253","city":"Schiedam","operatorName":"EQUANS","maxPowerKw":11,"isMegawatt":false,"status":"AVAILABLE","source":"ndw"}},{"type":"Feature","geometry":{"type":"Point","coordinates":[4.37098,51.94666]},"properties":{"type":"charge","layer":"passenger","locationId":"91325974","name":"EQUANS SGZH 2.0 Annie Salomonshof 31","address":"Annie Salomonshof 31","city":"Schiedam","operatorName":"EQUANS","maxPowerKw":11,"isMegawatt":false,"status":"AVAILABLE","source":"ndw"}},{"type":"Feature","geometry":{"type":"Point","coordinates":[4.398411,51.92311]},"properties":{"type":"charge","layer":"passenger","locationId":"90186887","name":"EQUANS SGZH 2.0 Joop den Uyllaan 101","address":"Joop den Uyllaan 101","city":"Schiedam","operatorName":"EQUANS","maxPowerKw":11,"isMegawatt":false,"status":"CHARGING","source":"ndw"}},{"type":"Feature","geometry":{"type":"Point","coordinates":[4.38022,51.94426]},"properties":{"type":"charge","layer":"passenger","locationId":"89035882","name":"EQUANS SGZH 2.0 89035882","address":"Malmo 1","city":"Schiedam","operatorName":"EQUANS","maxPowerKw":22,"isMegawatt":false,"status":"AVAILABLE","source":"ndw"}},{"type":"Feature","geometry":{"type":"Point","coordinates":[4.385446,51.938031]},"properties":{"type":"charge","layer":"passenger","locationId":"90300846","name":"EQUANS SGZH 2.0 Ringvaart 53","address":"Ringvaart 53","city":"Schiedam","operatorName":"EQUANS","maxPowerKw":11,"isMegawatt":false,"status":"AVAILABLE","source":"ndw"}},{"type":"Feature","geometry":{"type":"Point","coordinates":[4.377985,51.933671]},"properties":{"type":"charge","layer":"passenger","locationId":"89317592","name":"EQUANS SGZH 2.0 89317592","address":"Hargplein 2","city":"Schiedam","operatorName":"EQUANS","maxPowerKw":11,"isMegawatt":false,"status":"AVAILABLE","source":"ndw"}},{"type":"Feature","geometry":{"type":"Point","coordinates":[4.376934,51.945248]},"properties":{"type":"charge","layer":"passenger","locationId":"90384937","name":"EQUANS SGZH 2.0 De Velden 15","address":"De Velden 15","city":"Schiedam","operatorName":"EQUANS","maxPowerKw":11,"isMegawatt":false,"status":"CHARGING","source":"ndw"}},{"type":"Feature","geometry":{"type":"Point","coordinates":[4.396207,51.925008]},"properties":{"type":"charge","layer":"passenger","locationId":"89942894","name":"EQUANS SGZH 2.0 89942894","address":"Klaas Katerstraat 4","city":"Schiedam","operatorName":"EQUANS","maxPowerKw":11,"isMegawatt":false,"status":"AVAILABLE","source":"ndw"}},{"type":"Feature","geometry":{"type":"Point","coordinates":[4.383126,51.941126]},"properties":{"type":"charge","layer":"passenger","locationId":"89263252","name":"EQUANS SGZH 1.0 89263252","address":"Oranjetiphof 14","city":"Schiedam","operatorName":"EQUANS","maxPowerKw":11,"isMegawatt":false,"status":"AVAILABLE","source":"ndw"}},{"type":"Feature","geometry":{"type":"Point","coordinates":[4.391454,51.91999]},"properties":{"type":"charge","layer":"passenger","locationId":"89254201","name":"EQUANS SGZH 2.0 89254201","address":"Burgemeester Honnerlage Gretelaan 247","city":"Schiedam","operatorName":"EQUANS","maxPowerKw":11,"isMegawatt":false,"status":"AVAILABLE","source":"ndw"}},{"type":"Feature","geometry":{"type":"Point","coordinates":[4.386795,51.922663]},"properties":{"type":"charge","layer":"passenger","locationId":"89263218","name":"EQUANS SGZH 1.0 89263218","address":"Van Hallstraat 83","city":"Schiedam","operatorName":"EQUANS","maxPowerKw":11,"isMegawatt":false,"status":"AVAILABLE","source":"ndw"}},{"type":"Feature","geometry":{"type":"Point","coordinates":[4.390169,51.911559]},"properties":{"type":"charge","layer":"passenger","locationId":"89145552","name":"EQUANS SGZH 2.0 89145552","address":"Aleidastraat 108","city":"Schiedam","operatorName":"EQUANS","maxPowerKw":17,"isMegawatt":false,"status":"AVAILABLE","source":"ndw"}},{"type":"Feature","geometry":{"type":"Point","coordinates":[4.405238,51.908284]},"properties":{"type":"charge","layer":"passenger","locationId":"89263179","name":"EQUANS SGZH 1.0 89263179","address":"Haringvlietstraat 27","city":"Schiedam","operatorName":"EQUANS","maxPowerKw":11,"isMegawatt":false,"status":"CHARGING","source":"ndw"}},{"type":"Feature","geometry":{"type":"Point","coordinates":[4.393097,51.925592]},"properties":{"type":"charge","layer":"passenger","locationId":"89263214","name":"EQUANS SGZH 1.0 89263214","address":"Van Maanenstraat 20","city":"Schiedam","operatorName":"EQUANS","maxPowerKw":11,"isMegawatt":false,"status":"CHARGING","source":"ndw"}},{"type":"Feature","geometry":{"type":"Point","coordinates":[4.377067,51.930097]},"properties":{"type":"charge","layer":"passenger","locationId":"90322312","name":"EQUANS SGZH 2.0 Berkenlaan 27","address":"Berkenlaan 27","city":"Schiedam","operatorName":"EQUANS","maxPowerKw":11,"isMegawatt":false,"status":"AVAILABLE","source":"ndw"}},{"type":"Feature","geometry":{"type":"Point","coordinates":[4.41551,51.9161]},"properties":{"type":"charge","layer":"passenger","locationId":"91283270","name":"EQUANS SGZH 2.0 Van 's-Gravesandestraat 4","address":"Van 's-Gravesandestraat 4","city":"Schiedam","operatorName":"EQUANS","maxPowerKw":11,"isMegawatt":false,"status":"AVAILABLE","source":"ndw"}},{"type":"Feature","geometry":{"type":"Point","coordinates":[4.396837,51.918865]},"properties":{"type":"charge","layer":"passenger","locationId":"90310801","name":"EQUANS SGZH 2.0 Raam 3","address":"Raam 3","city":"Schiedam","operatorName":"EQUANS","maxPowerKw":11,"isMegawatt":false,"status":"AVAILABLE","source":"ndw"}},{"type":"Feature","geometry":{"type":"Point","coordinates":[4.403457,51.916465]},"properties":{"type":"charge","layer":"passenger","locationId":"90095185","name":"EQUANS SGZH 2.0 Tweede Tuinsingel 2","address":"Tweede Tuinsingel 2","city":"Schiedam","operatorName":"EQUANS","maxPowerKw":11,"isMegawatt":false,"status":"AVAILABLE","source":"ndw"}},{"type":"Feature","geometry":{"type":"Point","coordinates":[4.391519,51.916789]},"properties":{"type":"charge","layer":"passenger","locationId":"90189153","name":"EQUANS SGZH 2.0 Vlaardingerdijk 21 A","address":"Vlaardingerdijk 21 A","city":"Schiedam","operatorName":"EQUANS","maxPowerKw":11,"isMegawatt":false,"status":"AVAILABLE","source":"ndw"}},{"type":"Feature","geometry":{"type":"Point","coordinates":[4.365968,51.934807]},"properties":{"type":"charge","layer":"passenger","locationId":"89254237","name":"EQUANS SGZH 2.0 89254237","address":"Smetanalaan 62","city":"Schiedam","operatorName":"EQUANS","maxPowerKw":11,"isMegawatt":false,"status":"AVAILABLE","source":"ndw"}},{"type":"Feature","geometry":{"type":"Point","coordinates":[4.382057,51.919193]},"properties":{"type":"charge","layer":"passenger","locationId":"89624295","name":"EQUANS SGZH 2.0 89624295","address":"Ruijs de Beerenbroucklaan 17","city":"Schiedam","operatorName":"EQUANS","maxPowerKw":11,"isMegawatt":false,"status":"CHARGING","source":"ndw"}},{"type":"Feature","geometry":{"type":"Point","coordinates":[4.381312,51.910649]},"properties":{"type":"charge","layer":"passenger","locationId":"89624296","name":"EQUANS SGZH 2.0 89624296","address":"Bosboomlaan 22","city":"Schiedam","operatorName":"EQUANS","maxPowerKw":11,"isMegawatt":false,"status":"AVAILABLE","source":"ndw"}},{"type":"Feature","geometry":{"type":"Point","coordinates":[4.408006,51.903282]},"properties":{"type":"charge","layer":"passenger","locationId":"89154151","name":"EQUANS SGZH 1.0 89154151","address":"Merwedestraat 58","city":"Schiedam","operatorName":"EQUANS","maxPowerKw":17,"isMegawatt":false,"status":"UNAVAILABLE","source":"ndw"}},{"type":"Feature","geometry":{"type":"Point","coordinates":[4.406082,51.90621]},"properties":{"type":"charge","layer":"passenger","locationId":"90189552","name":"EQUANS SGZH 2.0 Dwarsstraat 5","address":"Dwarsstraat 5","city":"Schiedam","operatorName":"EQUANS","maxPowerKw":11,"isMegawatt":false,"status":"AVAILABLE","source":"ndw"}},{"type":"Feature","geometry":{"type":"Point","coordinates":[4.380623,51.933895]},"properties":{"type":"charge","layer":"passenger","locationId":"89258295","name":"EQUANS SGZH 2.0 89258295","address":"Fazantlaan 2","city":"Schiedam","operatorName":"EQUANS","maxPowerKw":11,"isMegawatt":false,"status":"AVAILABLE","source":"ndw"}},{"type":"Feature","geometry":{"type":"Point","coordinates":[4.401519,51.905547]},"properties":{"type":"charge","layer":"passenger","locationId":"90171369","name":"EQUANS SGZH 2.0 Beierlandsestraat 63 A","address":"Beierlandsestraat 63 A","city":"Schiedam","operatorName":"EQUANS","maxPowerKw":11,"isMegawatt":false,"status":"CHARGING","source":"ndw"}},{"type":"Feature","geometry":{"type":"Point","coordinates":[4.3794,51.91077]},"properties":{"type":"charge","layer":"passenger","locationId":"89035871","name":"EQUANS SGZH 2.0 89035871","address":"Julianalaan 118TO","city":"Schiedam","operatorName":"EQUANS","maxPowerKw":11,"isMegawatt":false,"status":"AVAILABLE","source":"ndw"}},{"type":"Feature","geometry":{"type":"Point","coordinates":[4.408218,51.916478]},"properties":{"type":"charge","layer":"passenger","locationId":"89142934","name":"EQUANS SGZH 1.0 89142934","address":"Van Swindensingel 44","city":"Schiedam","operatorName":"EQUANS","maxPowerKw":17,"isMegawatt":false,"status":"AVAILABLE","source":"ndw"}},{"type":"Feature","geometry":{"type":"Point","coordinates":[4.379004,51.944799]},"properties":{"type":"charge","layer":"passenger","locationId":"89087059","name":"EQUANS SGZH 1.0 89087059","address":"Lavendelveld 61","city":"Schiedam","operatorName":"EQUANS","maxPowerKw":11,"isMegawatt":false,"status":"CHARGING","source":"ndw"}},{"type":"Feature","geometry":{"type":"Point","coordinates":[4.396659,51.914405]},"properties":{"type":"charge","layer":"passenger","locationId":"89332799","name":"EQUANS SGZH 2.0 89332799","address":"Westvest 56","city":"Schiedam","operatorName":"EQUANS","maxPowerKw":11,"isMegawatt":false,"status":"CHARGING","source":"ndw"}},{"type":"Feature","geometry":{"type":"Point","coordinates":[4.386396,51.91883]},"properties":{"type":"charge","layer":"passenger","locationId":"91233409","name":"EQUANS SGZH 2.0 Heemskerkstraat 7","address":"Heemskerkstraat 7","city":"Schiedam","operatorName":"EQUANS","maxPowerKw":11,"isMegawatt":false,"status":"AVAILABLE","source":"ndw"}},{"type":"Feature","geometry":{"type":"Point","coordinates":[4.375311,51.945652]},"properties":{"type":"charge","layer":"passenger","locationId":"89637074","name":"EQUANS SGZH 2.0 89637074","address":"Majoraanveld 2","city":"Schiedam","operatorName":"EQUANS","maxPowerKw":11,"isMegawatt":false,"status":"AVAILABLE","source":"ndw"}},{"type":"Feature","geometry":{"type":"Point","coordinates":[4.402414,51.922391]},"properties":{"type":"charge","layer":"passenger","locationId":"89263215","name":"EQUANS SGZH 1.0 89263215","address":"'s-Gravelandseweg 640","city":"Schiedam","operatorName":"EQUANS","maxPowerKw":11,"isMegawatt":false,"status":"AVAILABLE","source":"ndw"}},{"type":"Feature","geometry":{"type":"Point","coordinates":[4.383023,51.947054]},"properties":{"type":"charge","layer":"passenger","locationId":"89263258","name":"EQUANS SGZH 1.0 89263258","address":"Hammerdal 21","city":"Schiedam","operatorName":"EQUANS","maxPowerKw":11,"isMegawatt":false,"status":"CHARGING","source":"ndw"}},{"type":"Feature","geometry":{"type":"Point","coordinates":[4.39056,51.91533]},"properties":{"type":"charge","layer":"passenger","locationId":"89602009","name":"EQUANS SGZH 2.0 Fabriplein 11 A","address":"Fabriplein 11 A","city":"Schiedam","operatorName":"EQUANS","maxPowerKw":22,"isMegawatt":false,"status":"AVAILABLE","source":"ndw"}},{"type":"Feature","geometry":{"type":"Point","coordinates":[4.407958,51.906841]},"properties":{"type":"charge","layer":"passenger","locationId":"89166872","name":"EQUANS SGZH 2.0 89166872","address":"Hoofdstraat 149B","city":"Schiedam","operatorName":"EQUANS","maxPowerKw":17,"isMegawatt":false,"status":"AVAILABLE","source":"ndw"}},{"type":"Feature","geometry":{"type":"Point","coordinates":[4.3985,51.92191]},"properties":{"type":"charge","layer":"passenger","locationId":"90885189","name":"EQUANS SGZH 2.0 Burgemeester Honnerlage Gretelaan 59 E","address":"Burgemeester Honnerlage Gretelaan 59 E","city":"Schiedam","operatorName":"EQUANS","maxPowerKw":11,"isMegawatt":false,"status":"AVAILABLE","source":"ndw"}},{"type":"Feature","geometry":{"type":"Point","coordinates":[4.414758,51.918351]},"properties":{"type":"charge","layer":"passenger","locationId":"89153831","name":"EQUANS SGZH 2.0 Fultonplantsoen 1","address":"Fultonplantsoen 1","city":"Schiedam","operatorName":"EQUANS","maxPowerKw":17,"isMegawatt":false,"status":"AVAILABLE","source":"ndw"}},{"type":"Feature","geometry":{"type":"Point","coordinates":[4.395314,51.915998]},"properties":{"type":"charge","layer":"passenger","locationId":"89329962","name":"EQUANS SGZH 2.0 Westvest 92","address":"Westvest 92","city":"Schiedam","operatorName":"EQUANS","maxPowerKw":11,"isMegawatt":false,"status":"AVAILABLE","source":"ndw"}},{"type":"Feature","geometry":{"type":"Point","coordinates":[4.384984,51.917156]},"properties":{"type":"charge","layer":"passenger","locationId":"89263205","name":"EQUANS SGZH 1.0 89263205","address":"Doctor Kuyperlaan 4","city":"Schiedam","operatorName":"EQUANS","maxPowerKw":11,"isMegawatt":false,"status":"AVAILABLE","source":"ndw"}},{"type":"Feature","geometry":{"type":"Point","coordinates":[4.40893,51.91488]},"properties":{"type":"charge","layer":"passenger","locationId":"90953695","name":"EQUANS SGZH 2.0 Lange Singelstraat 112","address":"Lange Singelstraat 112","city":"Schiedam","operatorName":"EQUANS","maxPowerKw":11,"isMegawatt":false,"status":"AVAILABLE","source":"ndw"}},{"type":"Feature","geometry":{"type":"Point","coordinates":[4.41017,51.91676]},"properties":{"type":"charge","layer":"passenger","locationId":"90994610","name":"EQUANS SGZH 2.0 Snelliussingel 70","address":"Snelliussingel 70","city":"Schiedam","operatorName":"EQUANS","maxPowerKw":11,"isMegawatt":false,"status":"AVAILABLE","source":"ndw"}},{"type":"Feature","geometry":{"type":"Point","coordinates":[4.367041,51.938582]},"properties":{"type":"charge","layer":"passenger","locationId":"91233429","name":"EQUANS SGZH 2.0 Royaardsplein 13","address":"Royaardsplein 13","city":"Schiedam","operatorName":"EQUANS","maxPowerKw":11,"isMegawatt":false,"status":"AVAILABLE","source":"ndw"}},{"type":"Feature","geometry":{"type":"Point","coordinates":[4.375621,51.947202]},"properties":{"type":"charge","layer":"passenger","locationId":"89264838","name":"EQUANS SGZH 2.0 89264838","address":"Saffraanveld 24","city":"schiedam","operatorName":"EQUANS","maxPowerKw":11,"isMegawatt":false,"status":"CHARGING","source":"ndw"}},{"type":"Feature","geometry":{"type":"Point","coordinates":[4.363874,51.943221]},"properties":{"type":"charge","layer":"passenger","locationId":"89263244","name":"EQUANS SGZH 1.0 89263244","address":"Kleermakerpad 14","city":"Schiedam","operatorName":"EQUANS","maxPowerKw":11,"isMegawatt":false,"status":"AVAILABLE","source":"ndw"}},{"type":"Feature","geometry":{"type":"Point","coordinates":[4.381855,51.91287]},"properties":{"type":"charge","layer":"passenger","locationId":"89918855","name":"EQUANS SGZH 2.0 89918855","address":"Frans Halsplein 29","city":"Schiedam","operatorName":"EQUANS","maxPowerKw":11,"isMegawatt":false,"status":"CHARGING","source":"ndw"}},{"type":"Feature","geometry":{"type":"Point","coordinates":[4.39134,51.91337]},"properties":{"type":"charge","layer":"passenger","locationId":"90912000","name":"EQUANS SGZH 2.0 Van Beverenstraat 12","address":"Van Beverenstraat 12","city":"Schiedam","operatorName":"EQUANS","maxPowerKw":11,"isMegawatt":false,"status":"AVAILABLE","source":"ndw"}},{"type":"Feature","geometry":{"type":"Point","coordinates":[4.40463,51.916576]},"properties":{"type":"charge","layer":"passenger","locationId":"89828139","name":"EQUANS SGZH 2.0 89828139","address":"Land van Ris 5 A","city":"Schiedam","operatorName":"EQUANS","maxPowerKw":11,"isMegawatt":false,"status":"AVAILABLE","source":"ndw"}},{"type":"Feature","geometry":{"type":"Point","coordinates":[4.405136,51.910127]},"properties":{"type":"charge","layer":"passenger","locationId":"89263154","name":"EQUANS SGZH 1.0 89263154","address":"Lange Nieuwstraat 51","city":"Schiedam","operatorName":"EQUANS","maxPowerKw":11,"isMegawatt":false,"status":"AVAILABLE","source":"ndw"}},{"type":"Feature","geometry":{"type":"Point","coordinates":[4.411885,51.920079]},"properties":{"type":"charge","layer":"passenger","locationId":"89263173","name":"EQUANS SGZH 1.0 89263173","address":"Celsiusstraat 11","city":"schiedam","operatorName":"EQUANS","maxPowerKw":11,"isMegawatt":false,"status":"AVAILABLE","source":"ndw"}},{"type":"Feature","geometry":{"type":"Point","coordinates":[4.405023,51.904805]},"properties":{"type":"charge","layer":"passenger","locationId":"89263177","name":"EQUANS SGZH 1.0 89263177","address":"Pendrechtsestraat 1A","city":"Schiedam","operatorName":"EQUANS","maxPowerKw":11,"isMegawatt":false,"status":"CHARGING","source":"ndw"}},{"type":"Feature","geometry":{"type":"Point","coordinates":[4.367629,51.938265]},"properties":{"type":"charge","layer":"passenger","locationId":"89263237","name":"EQUANS SGZH 1.0 89263237","address":"Royaardsplein 55","city":"Schiedam","operatorName":"EQUANS","maxPowerKw":11,"isMegawatt":false,"status":"AVAILABLE","source":"ndw"}},{"type":"Feature","geometry":{"type":"Point","coordinates":[4.3697,51.94325]},"properties":{"type":"charge","layer":"passenger","locationId":"90994609","name":"EQUANS SGZH 2.0 Punter 19","address":"Punter 19","city":"Schiedam","operatorName":"EQUANS","maxPowerKw":11,"isMegawatt":false,"status":"CHARGING","source":"ndw"}},{"type":"Feature","geometry":{"type":"Point","coordinates":[4.374172,51.932524]},"properties":{"type":"charge","layer":"passenger","locationId":"89061033","name":"EQUANS SGZH 1.0 89061033","address":"Jacques Urlusplein 62","city":"Schiedam","operatorName":"EQUANS","maxPowerKw":22,"isMegawatt":false,"status":"AVAILABLE","source":"ndw"}},{"type":"Feature","geometry":{"type":"Point","coordinates":[4.389886,51.922999]},"properties":{"type":"charge","layer":"passenger","locationId":"90095179","name":"EQUANS SGZH 2.0 Burgemeester Van Haarenlaan 881","address":"Burgemeester Van Haarenlaan 881","city":"Schiedam","operatorName":"EQUANS","maxPowerKw":11,"isMegawatt":false,"status":"AVAILABLE","source":"ndw"}},{"type":"Feature","geometry":{"type":"Point","coordinates":[4.382208,51.9256]},"properties":{"type":"charge","layer":"passenger","locationId":"89221184","name":"EQUANS SGZH 2.0 89221184","address":"Westpolderstraat 1","city":"Schiedam","operatorName":"EQUANS","maxPowerKw":11,"isMegawatt":false,"status":"AVAILABLE","source":"ndw"}},{"type":"Feature","geometry":{"type":"Point","coordinates":[4.38183,51.946923]},"properties":{"type":"charge","layer":"passenger","locationId":"91011072","name":"EQUANS SGZH 2.0 Hammerdal 1","address":"Hammerdal 1","city":"Schiedam","operatorName":"EQUANS","maxPowerKw":11,"isMegawatt":false,"status":"AVAILABLE","source":"ndw"}},{"type":"Feature","geometry":{"type":"Point","coordinates":[4.400881,51.916597]},"properties":{"type":"charge","layer":"passenger","locationId":"89332801","name":"EQUANS SGZH 2.0 89332801","address":"Baan 26 A","city":"Schiedam","operatorName":"EQUANS","maxPowerKw":11,"isMegawatt":false,"status":"AVAILABLE","source":"ndw"}},{"type":"Feature","geometry":{"type":"Point","coordinates":[4.392344,51.919069]},"properties":{"type":"charge","layer":"passenger","locationId":"89087066","name":"EQUANS SGZH 1.0 89087066","address":"Vendelhof 114","city":"Schiedam","operatorName":"EQUANS","maxPowerKw":11,"isMegawatt":false,"status":"AVAILABLE","source":"ndw"}},{"type":"Feature","geometry":{"type":"Point","coordinates":[4.400783,51.907681]},"properties":{"type":"charge","layer":"passenger","locationId":"89145554","name":"EQUANS SGZH 2.0 89145554","address":"Willemskade 26","city":"Schiedam","operatorName":"EQUANS","maxPowerKw":17,"isMegawatt":false,"status":"AVAILABLE","source":"ndw"}},{"type":"Feature","geometry":{"type":"Point","coordinates":[4.37417,51.93107]},"properties":{"type":"charge","layer":"passenger","locationId":"90924186","name":"EQUANS SGZH 2.0 Albert van Raalteplein 15 t.h.v. Jan Damenstraat","address":"Albert van Raalteplein 15","city":"Schiedam","operatorName":"EQUANS","maxPowerKw":11,"isMegawatt":false,"status":"AVAILABLE","source":"ndw"}},{"type":"Feature","geometry":{"type":"Point","coordinates":[4.38424,51.91407]},"properties":{"type":"charge","layer":"passenger","locationId":"91261569","name":"EQUANS SGZH 2.0 Mesdaglaan 14","address":"Mesdaglaan 14","city":"Schiedam","operatorName":"EQUANS","maxPowerKw":11,"isMegawatt":false,"status":"AVAILABLE","source":"ndw"}},{"type":"Feature","geometry":{"type":"Point","coordinates":[4.373082,51.921049]},"properties":{"type":"charge","layer":"passenger","locationId":"89329841","name":"EQUANS SGZH 2.0 89329841","address":"Marianne Vosstraat 17","city":"Schiedam","operatorName":"EQUANS","maxPowerKw":11,"isMegawatt":false,"status":"CHARGING","source":"ndw"}},{"type":"Feature","geometry":{"type":"Point","coordinates":[4.37992,51.91828]},"properties":{"type":"charge","layer":"passenger","locationId":"90238834","name":"EQUANS SGZH 2.0 Burgemeester Van Haarenlaan 1223 Burgemeester van","address":"Burgemeester Van Haarenlaan 1223 Burgemeester","city":"Schiedam","operatorName":"EQUANS","maxPowerKw":11,"isMegawatt":false,"status":"AVAILABLE","source":"ndw"}},{"type":"Feature","geometry":{"type":"Point","coordinates":[4.403887,51.910928]},"properties":{"type":"charge","layer":"passenger","locationId":"89439469","name":"EQUANS SGZH 2.0 89439469","address":"Lange Nieuwstraat 97","city":"Schiedam","operatorName":"EQUANS","maxPowerKw":11,"isMegawatt":false,"status":"CHARGING","source":"ndw"}},{"type":"Feature","geometry":{"type":"Point","coordinates":[4.381495,51.937315]},"properties":{"type":"charge","layer":"passenger","locationId":"89637071","name":"EQUANS SGZH 2.0 89637071","address":"Olivier van Noortstraat 1","city":"Schiedam","operatorName":"EQUANS","maxPowerKw":11,"isMegawatt":false,"status":"AVAILABLE","source":"ndw"}},{"type":"Feature","geometry":{"type":"Point","coordinates":[4.369091,51.934062]},"properties":{"type":"charge","layer":"passenger","locationId":"89105175","name":"EQUANS SGZH 1.0 89105175","address":"Rossinistraat 1","city":"Schiedam","operatorName":"EQUANS","maxPowerKw":22,"isMegawatt":false,"status":"CHARGING","source":"ndw"}},{"type":"Feature","geometry":{"type":"Point","coordinates":[4.40687,51.903838]},"properties":{"type":"charge","layer":"passenger","locationId":"89263178","name":"EQUANS SGZH 1.0 89263178","address":"Rijnstraat 2","city":"Schiedam","operatorName":"EQUANS","maxPowerKw":11,"isMegawatt":false,"status":"AVAILABLE","source":"ndw"}},{"type":"Feature","geometry":{"type":"Point","coordinates":[4.381192,51.915766]},"properties":{"type":"charge","layer":"passenger","locationId":"89263207","name":"EQUANS SGZH 1.0 89263207","address":"Dr Schaepmansingel 5","city":"Schiedam","operatorName":"EQUANS","maxPowerKw":11,"isMegawatt":false,"status":"AVAILABLE","source":"ndw"}},{"type":"Feature","geometry":{"type":"Point","coordinates":[4.37352,51.93339]},"properties":{"type":"charge","layer":"passenger","locationId":"89263225","name":"EQUANS SGZH 1.0 89263225","address":"Jacques Urlusplein 108","city":"Schiedam","operatorName":"EQUANS","maxPowerKw":11,"isMegawatt":false,"status":"CHARGING","source":"ndw"}},{"type":"Feature","geometry":{"type":"Point","coordinates":[4.382278,51.941547]},"properties":{"type":"charge","layer":"passenger","locationId":"89927746","name":"EQUANS SGZH 2.0 89927746","address":"De Vlinderhoven 166","city":"Schiedam","operatorName":"EQUANS","maxPowerKw":11,"isMegawatt":false,"status":"AVAILABLE","source":"ndw"}},{"type":"Feature","geometry":{"type":"Point","coordinates":[4.36776,51.92889]},"properties":{"type":"charge","layer":"passenger","locationId":"91110638","name":"EQUANS SGZH 2.0 Van Beethovenplein 161","address":"Van Beethovenplein 161","city":"Schiedam","operatorName":"EQUANS","maxPowerKw":11,"isMegawatt":false,"status":"AVAILABLE","source":"ndw"}},{"type":"Feature","geometry":{"type":"Point","coordinates":[4.36757,51.93312]},"properties":{"type":"charge","layer":"passenger","locationId":"90925387","name":"EQUANS SGZH 2.0 Sibeliusplein 300","address":"Sibeliusplein 300","city":"Schiedam","operatorName":"EQUANS","maxPowerKw":11,"isMegawatt":false,"status":"AVAILABLE","source":"ndw"}},{"type":"Feature","geometry":{"type":"Point","coordinates":[4.381112,51.91155]},"properties":{"type":"charge","layer":"passenger","locationId":"89263193","name":"EQUANS SGZH 1.0 89263193","address":"Burgemeester Knappertlaan 238A","city":"Schiedam","operatorName":"EQUANS","maxPowerKw":11,"isMegawatt":false,"status":"AVAILABLE","source":"ndw"}},{"type":"Feature","geometry":{"type":"Point","coordinates":[4.385702,51.938412]},"properties":{"type":"charge","layer":"passenger","locationId":"89263256","name":"EQUANS SGZH 1.0 89263256","address":"Ringvaart 121","city":"Schiedam","operatorName":"EQUANS","maxPowerKw":11,"isMegawatt":false,"status":"AVAILABLE","source":"ndw"}},{"type":"Feature","geometry":{"type":"Point","coordinates":[4.38591,51.94433]},"properties":{"type":"charge","layer":"passenger","locationId":"91063334","name":"EQUANS SGZH 2.0 Odinholm 90","address":"Odinholm 90","city":"Schiedam","operatorName":"EQUANS","maxPowerKw":11,"isMegawatt":false,"status":"CHARGING","source":"ndw"}},{"type":"Feature","geometry":{"type":"Point","coordinates":[4.407564,51.920249]},"properties":{"type":"charge","layer":"passenger","locationId":"89105163","name":"EQUANS SGZH 1.0 89105163","address":"Oosterstraat 4","city":"Schiedam","operatorName":"EQUANS","maxPowerKw":11,"isMegawatt":false,"status":"UNAVAILABLE","source":"ndw"}},{"type":"Feature","geometry":{"type":"Point","coordinates":[4.399532,51.907685]},"properties":{"type":"charge","layer":"passenger","locationId":"89263186","name":"EQUANS SGZH 1.0 89263186","address":"Stadhouderslaan 1A","city":"Schiedam","operatorName":"EQUANS","maxPowerKw":11,"isMegawatt":false,"status":"AVAILABLE","source":"ndw"}},{"type":"Feature","geometry":{"type":"Point","coordinates":[4.371044,51.940299]},"properties":{"type":"charge","layer":"passenger","locationId":"89263243","name":"EQUANS SGZH 1.0 89263243","address":"Faassenplein 92","city":"Schiedam","operatorName":"EQUANS","maxPowerKw":11,"isMegawatt":false,"status":"CHARGING","source":"ndw"}},{"type":"Feature","geometry":{"type":"Point","coordinates":[4.403443,51.930271]},"properties":{"type":"charge","layer":"freight","locationId":"32404","name":"Circle K Schiedam inz ‘s-Graveland","address":"‘s-Gravelandseweg 393 A","city":"Schiedam","operatorName":"Spirii","maxPowerKw":400,"isMegawatt":false,"status":"AVAILABLE","source":"ndw","priceKwh":0.65,"freightKind":"hpc","freightReason":"power"}},{"type":"Feature","geometry":{"type":"MultiPolygon","coordinates":[[[[4.38400105134789,51.954693113159315],[4.388933140459938,51.945535233163724],[4.389420530629197,51.94566999721006],[4.389671689402041,51.94547246893944],[4.394351734709163,51.947109854467115],[4.395187612751914,51.9469272306542],[4.394920437794268,51.94645772338163],[4.3936686873045145,51.944612873114615],[4.3934780681370045,51.944465284776236],[4.393447708400334,51.94425972531448],[4.394215753332491,51.943999699447104],[4.3949768327662175,51.94290896042751],[4.403919945845062,51.93725288981292],[4.408517384214492,51.93863687077811],[4.409316967507533,51.937981774952725],[4.413207097160444,51.93905802337787],[4.415491970831979,51.9407588129268],[4.4177127259399835,51.93847688194744],[4.416414310352864,51.9381550869824],[4.414762109991741,51.9373744638719],[4.413262442270366,51.936816026715846],[4.409810392856996,51.93633940405627],[4.4089782907399755,51.93578498666201],[4.408808394942947,51.934749252787476],[4.408172365106112,51.9314145259785],[4.40987441530337,51.92911285979285],[4.410496059869888,51.92929190542717],[4.4152347684632245,51.92297076662167],[4.416861238673236,51.92312204018854],[4.417054234669043,51.920824409027304],[4.417064121139216,51.92042411558655],[4.417076507604396,51.919947941759915],[4.416345676798986,51.9175702514168],[4.415827084208832,51.91593091968431],[4.415696844868991,51.91593857924369],[4.415265508063298,51.91448522413279],[4.413600954445228,51.9145855853733],[4.413506078342703,51.91395312323574],[4.412738998901618,51.91391462107325],[4.412209789050856,51.91323957825689],[4.409075107750439,51.91205019529397],[4.409541738999554,51.910417480326046],[4.409999103267009,51.909852944634345],[4.4113460596908975,51.910273217564544],[4.41344538044862,51.907679283782834],[4.413297536106742,51.9072848981633],[4.415676777367462,51.90502528061463],[4.412338143400168,51.90242162274016],[4.41371014994587,51.90075514114323],[4.409757230990788,51.89986844350681],[4.409712605404865,51.899858400331766],[4.399033903597259,51.89741737044238],[4.393419770340214,51.89673643065699],[4.388343890294203,51.89677964282473],[4.380173198920407,51.897925819802516],[4.372137192069583,51.89918881979085],[4.370622446567901,51.899356021155114],[4.369555138197686,51.90308330551735],[4.3699503551568,51.90639220221394],[4.369304693490013,51.908457530871374],[4.36921885790403,51.90886865613999],[4.367267901509982,51.91394873103161],[4.367225276833618,51.91405193085674],[4.366437499687259,51.9150539895873],[4.36551232472442,51.92154650203639],[4.363786633665873,51.92309632660548],[4.363079322639477,51.92360403372473],[4.362191680594903,51.92409559566251],[4.362016449630867,51.925279987862524],[4.3620013622808775,51.92538196717247],[4.361949930573424,51.925729595228006],[4.361825389068306,51.926571357434746],[4.363921760053611,51.92768771976262],[4.363108810881324,51.93334850120182],[4.362703005599912,51.93454414573333],[4.3622551982463955,51.93563678679699],[4.362202317558754,51.93575990253631],[4.3604090514448774,51.93880015832949],[4.356437294406214,51.94380528870568],[4.350671096582289,51.951506587983225],[4.367070975404517,51.95521999252136],[4.363537763788516,51.96087429093925],[4.379309330057914,51.96340669222389],[4.38400105134789,51.954693113159315]]]]},"properties":{"type":"boundary","gemeente":"Schiedam","code":"GM0606"}}]}