{"type":"FeatureCollection","metadata":{"gemeente":"Westland","slug":"westland","code":"GM1783","generated_at":"2026-07-06T16:26:11.361Z","total_passenger":563,"total_freight":1,"bounds":[4.125302484457527,51.94139952601654,4.309819285230901,52.056449681148024],"operators":["DAEN Mobility","E-Flux by Road","EQUANS","Eneco","Kia Nederland B.V.","Laadnet","Opcharge","Pluq","Spirii","Tango electric","bp pulse","e-VOLTT"]},"features":[{"type":"Feature","geometry":{"type":"Point","coordinates":[4.297209,51.981081]},"properties":{"type":"charge","layer":"passenger","locationId":"65799f2e7ae494001cd47cec","name":"De Tuinderij","address":"Van Wijklaan 2","city":"De Lier","operatorName":"E-Flux by Road","maxPowerKw":22,"isMegawatt":false,"status":"AVAILABLE","source":"ndw","priceKwh":0.48}},{"type":"Feature","geometry":{"type":"Point","coordinates":[4.249534,52.025588]},"properties":{"type":"charge","layer":"passenger","locationId":"89261439","name":"EQUANS SGZH 1.0 89261439","address":"De Wijngaard 36","city":"Wateringen","operatorName":"EQUANS","maxPowerKw":11,"isMegawatt":false,"status":"AVAILABLE","source":"ndw"}},{"type":"Feature","geometry":{"type":"Point","coordinates":[4.240611,51.979484]},"properties":{"type":"charge","layer":"passenger","locationId":"89261964","name":"EQUANS SGZH 1.0 89261964","address":"Uitterlier 20","city":"De Lier","operatorName":"EQUANS","maxPowerKw":11,"isMegawatt":false,"status":"AVAILABLE","source":"ndw"}},{"type":"Feature","geometry":{"type":"Point","coordinates":[4.186059,51.990541]},"properties":{"type":"charge","layer":"passenger","locationId":"89262022","name":"EQUANS SGZH 1.0 89262022","address":"Koevinkje 8","city":"'s-Gravenzande","operatorName":"EQUANS","maxPowerKw":11,"isMegawatt":false,"status":"CHARGING","source":"ndw"}},{"type":"Feature","geometry":{"type":"Point","coordinates":[4.219565,51.989873]},"properties":{"type":"charge","layer":"passenger","locationId":"90020601","name":"EQUANS SGZH 2.0 Koningin Julianaweg 158 A","address":"Koningin Julianaweg 158 A","city":"'s-Gravenzande","operatorName":"EQUANS","maxPowerKw":11,"isMegawatt":false,"status":"AVAILABLE","source":"ndw"}},{"type":"Feature","geometry":{"type":"Point","coordinates":[4.22365,52.0047]},"properties":{"type":"charge","layer":"passenger","locationId":"91257130","name":"EQUANS SGZH 2.0 Hofstraat 14","address":"Hofstraat 14","city":"Honselersdijk","operatorName":"EQUANS","maxPowerKw":11,"isMegawatt":false,"status":"AVAILABLE","source":"ndw"}},{"type":"Feature","geometry":{"type":"Point","coordinates":[4.289809,52.018345]},"properties":{"type":"charge","layer":"passenger","locationId":"89620309","name":"EQUANS SGZH 2.0 Anijsstraat 18","address":"Anijsstraat 18","city":"Wateringen","operatorName":"EQUANS","maxPowerKw":11,"isMegawatt":false,"status":"AVAILABLE","source":"ndw"}},{"type":"Feature","geometry":{"type":"Point","coordinates":[4.219629,51.966517]},"properties":{"type":"charge","layer":"passenger","locationId":"F89F786D-BCA1-480F-9E89-ADA5351A10E6","name":"Eneco eMobility Growers United Maasdijk","address":"Honderdland 899","city":"Maasdijk","operatorName":"Eneco","maxPowerKw":11,"isMegawatt":false,"status":"AVAILABLE","source":"ndw","priceKwh":0.3}},{"type":"Feature","geometry":{"type":"Point","coordinates":[4.217038,51.959911]},"properties":{"type":"charge","layer":"passenger","locationId":"89179892","name":"EQUANS SGZH 1.0 89179892","address":"Oranjewerf 12","city":"Maasdijk","operatorName":"EQUANS","maxPowerKw":17,"isMegawatt":false,"status":"AVAILABLE","source":"ndw"}},{"type":"Feature","geometry":{"type":"Point","coordinates":[4.25513,51.97566]},"properties":{"type":"charge","layer":"passenger","locationId":"91422389","name":"EQUANS SGZH 2.0 Hoofdstraat 130","address":"Hoofdstraat 130","city":"De Lier","operatorName":"EQUANS","maxPowerKw":11,"isMegawatt":false,"status":"AVAILABLE","source":"ndw"}},{"type":"Feature","geometry":{"type":"Point","coordinates":[4.23037,52.00626]},"properties":{"type":"charge","layer":"passenger","locationId":"91076518","name":"EQUANS SGZH 2.0 Merelstraat 19","address":"Merelstraat 19","city":"Honselersdijk","operatorName":"EQUANS","maxPowerKw":11,"isMegawatt":false,"status":"AVAILABLE","source":"ndw"}},{"type":"Feature","geometry":{"type":"Point","coordinates":[4.277,52.02223]},"properties":{"type":"charge","layer":"passenger","locationId":"89261448","name":"EQUANS SGZH 2.0 Het Tolland 80","address":"Het Tolland 80","city":"Wateringen","operatorName":"EQUANS","maxPowerKw":11,"isMegawatt":false,"status":"AVAILABLE","source":"ndw"}},{"type":"Feature","geometry":{"type":"Point","coordinates":[4.175955,52.031318]},"properties":{"type":"charge","layer":"passenger","locationId":"89484905","name":"EQUANS SGZH 2.0 89484905","address":"Rijnweg 293","city":"Monster","operatorName":"EQUANS","maxPowerKw":11,"isMegawatt":false,"status":"AVAILABLE","source":"ndw"}},{"type":"Feature","geometry":{"type":"Point","coordinates":[4.229844,52.034625]},"properties":{"type":"charge","layer":"passenger","locationId":"660d386e75cc1f001c454e46","name":"Van der Ende Racing Inn","address":"Nieuweweg  57K","city":"Poeldijk","operatorName":"E-Flux by Road","maxPowerKw":11,"isMegawatt":false,"status":"AVAILABLE","source":"ndw","priceKwh":0.58}},{"type":"Feature","geometry":{"type":"Point","coordinates":[4.212583,51.995643]},"properties":{"type":"charge","layer":"passenger","locationId":"89261919","name":"EQUANS SGZH 1.0 89261919","address":"Stokdijkkade 31","city":"Naaldwijk","operatorName":"EQUANS","maxPowerKw":11,"isMegawatt":false,"status":"AVAILABLE","source":"ndw"}},{"type":"Feature","geometry":{"type":"Point","coordinates":[4.204754,51.986798]},"properties":{"type":"charge","layer":"passenger","locationId":"89261937","name":"EQUANS SGZH 2.0 Corbulolaan 32","address":"Corbulolaan 32","city":"Naaldwijk","operatorName":"EQUANS","maxPowerKw":11,"isMegawatt":false,"status":"AVAILABLE","source":"ndw"}},{"type":"Feature","geometry":{"type":"Point","coordinates":[4.229673,52.009077]},"properties":{"type":"charge","layer":"passenger","locationId":"89264226","name":"EQUANS SGZH 1.0 89264226","address":"Endeldijk 3","city":"Honselersdijk","operatorName":"EQUANS","maxPowerKw":11,"isMegawatt":false,"status":"CHARGING","source":"ndw"}},{"type":"Feature","geometry":{"type":"Point","coordinates":[4.22754,52.025346]},"properties":{"type":"charge","layer":"passenger","locationId":"89261994","name":"EQUANS SGZH 1.0 89261994","address":"Hofje van Maat 1","city":"Poeldijk","operatorName":"EQUANS","maxPowerKw":11,"isMegawatt":false,"status":"AVAILABLE","source":"ndw"}},{"type":"Feature","geometry":{"type":"Point","coordinates":[4.246134,51.980506]},"properties":{"type":"charge","layer":"passenger","locationId":"90189814","name":"EQUANS SGZH 2.0 Druivenhof 1","address":"Druivenhof 1","city":"de Lier","operatorName":"EQUANS","maxPowerKw":11,"isMegawatt":false,"status":"AVAILABLE","source":"ndw"}},{"type":"Feature","geometry":{"type":"Point","coordinates":[4.172157,52.021487]},"properties":{"type":"charge","layer":"passenger","locationId":"89228012","name":"EQUANS SGZH 1.0 89261978","address":"Havenstraat 1","city":"Monster","operatorName":"EQUANS","maxPowerKw":11,"isMegawatt":false,"status":"CHARGING","source":"ndw"}},{"type":"Feature","geometry":{"type":"Point","coordinates":[4.17971,52.02714]},"properties":{"type":"charge","layer":"passenger","locationId":"91458542","name":"EQUANS SGZH 2.0 Berckheide 14","address":"Berckheide 14","city":"Monster","operatorName":"EQUANS","maxPowerKw":11,"isMegawatt":false,"status":"CHARGING","source":"ndw"}},{"type":"Feature","geometry":{"type":"Point","coordinates":[4.278917,52.029949]},"properties":{"type":"charge","layer":"passenger","locationId":"89620312","name":"EQUANS SGZH 2.0 89620312","address":"Singel 86","city":"Wateringen","operatorName":"EQUANS","maxPowerKw":11,"isMegawatt":false,"status":"AVAILABLE","source":"ndw"}},{"type":"Feature","geometry":{"type":"Point","coordinates":[4.281033,52.024051]},"properties":{"type":"charge","layer":"passenger","locationId":"89620311","name":"EQUANS SGZH 2.0 89620311","address":"De Frankenthaler 49","city":"Wateringen","operatorName":"EQUANS","maxPowerKw":11,"isMegawatt":false,"status":"AVAILABLE","source":"ndw"}},{"type":"Feature","geometry":{"type":"Point","coordinates":[4.277671,52.030031]},"properties":{"type":"charge","layer":"passenger","locationId":"89484893","name":"EQUANS SGZH 2.0 89484893","address":"Boetersstraat 67","city":"Wateringen","operatorName":"EQUANS","maxPowerKw":11,"isMegawatt":false,"status":"AVAILABLE","source":"ndw"}},{"type":"Feature","geometry":{"type":"Point","coordinates":[4.182173,52.002099]},"properties":{"type":"charge","layer":"passenger","locationId":"91257376","name":"EQUANS SGZH 2.0 Poelkade 10 a","address":"Poelkade 10 a","city":"'s-Gravenzande","operatorName":"EQUANS","maxPowerKw":11,"isMegawatt":false,"status":"AVAILABLE","source":"ndw"}},{"type":"Feature","geometry":{"type":"Point","coordinates":[4.160777,52.001784]},"properties":{"type":"charge","layer":"passenger","locationId":"89179086","name":"EQUANS SGZH 2.0 89179086","address":"Sand-Ambachtstraat 116","city":"'s-Gravenzande","operatorName":"EQUANS","maxPowerKw":17,"isMegawatt":false,"status":"CHARGING","source":"ndw"}},{"type":"Feature","geometry":{"type":"Point","coordinates":[4.250602,52.025954]},"properties":{"type":"charge","layer":"passenger","locationId":"90020654","name":"EQUANS SGZH 2.0 De Druivenmuur 27","address":"De Druivenmuur 27","city":"Kwintsheul","operatorName":"EQUANS","maxPowerKw":11,"isMegawatt":false,"status":"CHARGING","source":"ndw"}},{"type":"Feature","geometry":{"type":"Point","coordinates":[4.228642,51.956553]},"properties":{"type":"charge","layer":"passenger","locationId":"68be865abc04ba243e156b8c","name":"Aartsdijkweg 45","address":"Aartsdijkweg 45","city":"Maasdijk","operatorName":"E-Flux by Road","maxPowerKw":11,"isMegawatt":false,"status":"AVAILABLE","source":"ndw","priceKwh":0.33}},{"type":"Feature","geometry":{"type":"Point","coordinates":[4.200561,52.001836]},"properties":{"type":"charge","layer":"passenger","locationId":"89264225","name":"EQUANS SGZH 1.0 Stille Oceaan 36","address":"Stille Oceaan 36","city":"Naaldwijk","operatorName":"EQUANS","maxPowerKw":11,"isMegawatt":false,"status":"AVAILABLE","source":"ndw"}},{"type":"Feature","geometry":{"type":"Point","coordinates":[4.166963,51.991183]},"properties":{"type":"charge","layer":"passenger","locationId":"90195855","name":"EQUANS SGZH 2.0 Woutersweg 37","address":"Woutersweg 37","city":"'s-Gravenzande","operatorName":"EQUANS","maxPowerKw":11,"isMegawatt":false,"status":"AVAILABLE","source":"ndw"}},{"type":"Feature","geometry":{"type":"Point","coordinates":[4.23678,52.008561]},"properties":{"type":"charge","layer":"passenger","locationId":"89261950","name":"EQUANS SGZH 1.0 89261950","address":"Socratesstraat 2","city":"Honselersdijk","operatorName":"EQUANS","maxPowerKw":11,"isMegawatt":false,"status":"AVAILABLE","source":"ndw"}},{"type":"Feature","geometry":{"type":"Point","coordinates":[4.187695,51.99108]},"properties":{"type":"charge","layer":"passenger","locationId":"89179050","name":"EQUANS SGZH 2.0 89179050","address":"Citroenvlinder 13","city":"'s-Gravenzande","operatorName":"EQUANS","maxPowerKw":11,"isMegawatt":false,"status":"AVAILABLE","source":"ndw"}},{"type":"Feature","geometry":{"type":"Point","coordinates":[4.17355,51.99067]},"properties":{"type":"charge","layer":"passenger","locationId":"90885208","name":"EQUANS SGZH 2.0 Naaldwijkseweg 328","address":"Naaldwijkseweg 328","city":"'s-Gravenzande","operatorName":"EQUANS","maxPowerKw":11,"isMegawatt":false,"status":"AVAILABLE","source":"ndw"}},{"type":"Feature","geometry":{"type":"Point","coordinates":[4.177075,52.000251]},"properties":{"type":"charge","layer":"passenger","locationId":"89262026","name":"EQUANS SGZH 1.0 89262026","address":"Watersnip 27","city":"'s-Gravenzande","operatorName":"EQUANS","maxPowerKw":11,"isMegawatt":false,"status":"AVAILABLE","source":"ndw"}},{"type":"Feature","geometry":{"type":"Point","coordinates":[4.255817,51.974232]},"properties":{"type":"charge","layer":"passenger","locationId":"89179047","name":"EQUANS SGZH 2.0 89179047","address":"Karel Doormanlaan 23","city":"De Lier","operatorName":"EQUANS","maxPowerKw":17,"isMegawatt":false,"status":"CHARGING","source":"ndw"}},{"type":"Feature","geometry":{"type":"Point","coordinates":[4.280466,52.020621]},"properties":{"type":"charge","layer":"passenger","locationId":"90197501","name":"EQUANS SGZH 2.0 Guldeland 103","address":"Guldeland 103","city":"Wateringen","operatorName":"EQUANS","maxPowerKw":11,"isMegawatt":false,"status":"AVAILABLE","source":"ndw"}},{"type":"Feature","geometry":{"type":"Point","coordinates":[4.183722,52.025326]},"properties":{"type":"charge","layer":"passenger","locationId":"OST22P0016_0081_0","name":"OST22P0016_0081_0","address":"Boomaweg 3","city":"Monster","operatorName":"e-VOLTT","maxPowerKw":38,"isMegawatt":false,"status":"AVAILABLE","source":"ndw","priceKwh":0.35}},{"type":"Feature","geometry":{"type":"Point","coordinates":[4.27923,52.02776]},"properties":{"type":"charge","layer":"passenger","locationId":"90918876","name":"EQUANS SGZH 2.0 Boetersstraat 13","address":"Boetersstraat 13","city":"Wateringen","operatorName":"EQUANS","maxPowerKw":11,"isMegawatt":false,"status":"AVAILABLE","source":"ndw"}},{"type":"Feature","geometry":{"type":"Point","coordinates":[4.248262,51.974758]},"properties":{"type":"charge","layer":"passenger","locationId":"90832045","name":"EQUANS SGZH 2.0 Arent Dirckszn. Vosstraat 5","address":"Arent Dirckszn. Vosstraat 5","city":"De Lier","operatorName":"EQUANS","maxPowerKw":11,"isMegawatt":false,"status":"AVAILABLE","source":"ndw"}},{"type":"Feature","geometry":{"type":"Point","coordinates":[4.27596,52.02969]},"properties":{"type":"charge","layer":"passenger","locationId":"90937111","name":"EQUANS SGZH 2.0 Albert van Schoonhovenlaan 8","address":"Albert van Schoonhovenlaan 8","city":"Wateringen","operatorName":"EQUANS","maxPowerKw":11,"isMegawatt":false,"status":"AVAILABLE","source":"ndw"}},{"type":"Feature","geometry":{"type":"Point","coordinates":[4.205042,51.992182]},"properties":{"type":"charge","layer":"passenger","locationId":"4226381","name":"Laadnet Olsthoorn Makelaars Westland B.V.","address":"Patijnenburg 16","city":"Naaldwijk","operatorName":"Laadnet","maxPowerKw":22,"isMegawatt":false,"status":"AVAILABLE","source":"ndw"}},{"type":"Feature","geometry":{"type":"Point","coordinates":[4.171648,52.023268]},"properties":{"type":"charge","layer":"passenger","locationId":"68282cd9254964ee855e0169","name":"Hoogvliet, Molenstraat 46 Monster - II","address":"Molenstraat  46","city":"monster","operatorName":"E-Flux by Road","maxPowerKw":22,"isMegawatt":false,"status":"AVAILABLE","source":"ndw","priceKwh":0.38}},{"type":"Feature","geometry":{"type":"Point","coordinates":[4.277368,52.025593]},"properties":{"type":"charge","layer":"passenger","locationId":"90695536","name":"EQUANS SGZH 2.0 Mommastraat 34","address":"Mommastraat 34","city":"Wateringen","operatorName":"EQUANS","maxPowerKw":11,"isMegawatt":false,"status":"AVAILABLE","source":"ndw"}},{"type":"Feature","geometry":{"type":"Point","coordinates":[4.181694,51.980871]},"properties":{"type":"charge","layer":"passenger","locationId":"89262006","name":"EQUANS SGZH 1.0 89262006","address":"Heenweg 126","city":"'s-Gravenzande","operatorName":"EQUANS","maxPowerKw":11,"isMegawatt":false,"status":"AVAILABLE","source":"ndw"}},{"type":"Feature","geometry":{"type":"Point","coordinates":[4.222827,52.025605]},"properties":{"type":"charge","layer":"passenger","locationId":"89261998","name":"EQUANS SGZH 1.0 89261998","address":"Jan Olierookstraat 65","city":"Poeldijk","operatorName":"EQUANS","maxPowerKw":11,"isMegawatt":false,"status":"CHARGING","source":"ndw"}},{"type":"Feature","geometry":{"type":"Point","coordinates":[4.286597,52.017655]},"properties":{"type":"charge","layer":"passenger","locationId":"90189328","name":"EQUANS SGZH 2.0 Kruidenlaan 75","address":"Kruidenlaan 75","city":"Wateringen","operatorName":"EQUANS","maxPowerKw":11,"isMegawatt":false,"status":"CHARGING","source":"ndw"}},{"type":"Feature","geometry":{"type":"Point","coordinates":[4.165872,52.009352]},"properties":{"type":"charge","layer":"passenger","locationId":"89157631","name":"EQUANS SGZH 1.0 89157631","address":"Valkenierstraat 50","city":"'s-Gravenzande","operatorName":"EQUANS","maxPowerKw":17,"isMegawatt":false,"status":"AVAILABLE","source":"ndw"}},{"type":"Feature","geometry":{"type":"Point","coordinates":[4.21667,51.99678]},"properties":{"type":"charge","layer":"passenger","locationId":"90970758","name":"EQUANS SGZH 2.0 Thorbeckestraat 56","address":"Thorbeckestraat 56","city":"Naaldwijk","operatorName":"EQUANS","maxPowerKw":11,"isMegawatt":false,"status":"AVAILABLE","source":"ndw"}},{"type":"Feature","geometry":{"type":"Point","coordinates":[4.180163,52.023351]},"properties":{"type":"charge","layer":"passenger","locationId":"89179071","name":"EQUANS SGZH 2.0 89179071","address":"Ravel - Vivaldi 1","city":"Monster","operatorName":"EQUANS","maxPowerKw":17,"isMegawatt":false,"status":"AVAILABLE","source":"ndw"}},{"type":"Feature","geometry":{"type":"Point","coordinates":[4.170777,52.008627]},"properties":{"type":"charge","layer":"passenger","locationId":"89262004","name":"EQUANS SGZH 1.0 89262004","address":"Raad van Europastraat 83","city":"'s-Gravenzande","operatorName":"EQUANS","maxPowerKw":11,"isMegawatt":false,"status":"AVAILABLE","source":"ndw"}},{"type":"Feature","geometry":{"type":"Point","coordinates":[4.249554,51.980149]},"properties":{"type":"charge","layer":"passenger","locationId":"89261968","name":"EQUANS SGZH 1.0 89261968","address":"Fuut 1","city":"De Lier","operatorName":"EQUANS","maxPowerKw":11,"isMegawatt":false,"status":"CHARGING","source":"ndw"}},{"type":"Feature","geometry":{"type":"Point","coordinates":[4.221684,51.991359]},"properties":{"type":"charge","layer":"passenger","locationId":"88945230","name":"EQUANS Fletcher Fletcher Hotel-Restaurant Carlton","address":"Tiendweg 20","city":"Naaldwijk","operatorName":"EQUANS","maxPowerKw":11,"isMegawatt":false,"status":"AVAILABLE","source":"ndw"}},{"type":"Feature","geometry":{"type":"Point","coordinates":[4.161518,51.998907]},"properties":{"type":"charge","layer":"passenger","locationId":"89264223","name":"EQUANS SGZH 1.0 89264223","address":"Naaldwijkseweg 26","city":"'s-Gravenzande","operatorName":"EQUANS","maxPowerKw":11,"isMegawatt":false,"status":"AVAILABLE","source":"ndw"}},{"type":"Feature","geometry":{"type":"Point","coordinates":[4.182069,51.983212]},"properties":{"type":"charge","layer":"passenger","locationId":"90020606","name":"EQUANS SGZH 2.0 Hyacinthstraat 8","address":"Hyacinthstraat 8","city":"'s-Gravenzande","operatorName":"EQUANS","maxPowerKw":11,"isMegawatt":false,"status":"AVAILABLE","source":"ndw"}},{"type":"Feature","geometry":{"type":"Point","coordinates":[4.25555,52.02775]},"properties":{"type":"charge","layer":"passenger","locationId":"89261451","name":"EQUANS SGZH 2.0 Oude Hoge Dijk 28","address":"Oude Hoge Dijk 28","city":"Wateringen","operatorName":"EQUANS","maxPowerKw":11,"isMegawatt":false,"status":"AVAILABLE","source":"ndw"}},{"type":"Feature","geometry":{"type":"Point","coordinates":[4.212468,51.961661]},"properties":{"type":"charge","layer":"passenger","locationId":"3803964","name":"Laadnet Lans Westland B.V.","address":"Maasambacht 2b","city":"Maasdijk","operatorName":"Laadnet","maxPowerKw":22,"isMegawatt":false,"status":"AVAILABLE","source":"ndw"}},{"type":"Feature","geometry":{"type":"Point","coordinates":[4.281732,52.02531]},"properties":{"type":"charge","layer":"passenger","locationId":"89264224","name":"EQUANS SGZH 1.0 89264224","address":"Herenstraat 85","city":"Wateringen","operatorName":"EQUANS","maxPowerKw":11,"isMegawatt":false,"status":"AVAILABLE","source":"ndw"}},{"type":"Feature","geometry":{"type":"Point","coordinates":[4.280323,51.986307]},"properties":{"type":"charge","layer":"passenger","locationId":"4160625","name":"Laadnet Vreugdenhil Young Plants 3","address":"Noord-Lierweg 15","city":"De Lier","operatorName":"Laadnet","maxPowerKw":22,"isMegawatt":false,"status":"AVAILABLE","source":"ndw"}},{"type":"Feature","geometry":{"type":"Point","coordinates":[4.270865,52.032519]},"properties":{"type":"charge","layer":"passenger","locationId":"89481110","name":"EQUANS SGZH 2.0 89481110","address":"Prins Clausstraat 103","city":"Wateringen","operatorName":"EQUANS","maxPowerKw":11,"isMegawatt":false,"status":"AVAILABLE","source":"ndw"}},{"type":"Feature","geometry":{"type":"Point","coordinates":[4.26589,52.02513]},"properties":{"type":"charge","layer":"passenger","locationId":"89261444","name":"EQUANS SGZH 2.0 De Hoornbloem 7","address":"De Hoornbloem 7","city":"Wateringen","operatorName":"EQUANS","maxPowerKw":11,"isMegawatt":false,"status":"AVAILABLE","source":"ndw"}},{"type":"Feature","geometry":{"type":"Point","coordinates":[4.257437,51.978688]},"properties":{"type":"charge","layer":"passenger","locationId":"89261959","name":"EQUANS SGZH 1.0 89261959","address":"Burgemeester Disselkoenlaan 22","city":"De Lier","operatorName":"EQUANS","maxPowerKw":11,"isMegawatt":false,"status":"AVAILABLE","source":"ndw"}},{"type":"Feature","geometry":{"type":"Point","coordinates":[4.256488,51.979381]},"properties":{"type":"charge","layer":"passenger","locationId":"90830543","name":"EQUANS SGZH 2.0 Burgemeester Disselkoenlaan 2","address":"Burgemeester Disselkoenlaan 2","city":"De Lier","operatorName":"EQUANS","maxPowerKw":11,"isMegawatt":false,"status":"AVAILABLE","source":"ndw"}},{"type":"Feature","geometry":{"type":"Point","coordinates":[4.288364,52.010809]},"properties":{"type":"charge","layer":"passenger","locationId":"94B2DAD6-C8AF-49A5-9E6C-2FD5CA417A53","name":"Eneco eMobility Dusseldorp BMW - Wateringen","address":"De Lierseweg 3","city":"Wateringen","operatorName":"Eneco","maxPowerKw":11,"isMegawatt":false,"status":"AVAILABLE","source":"ndw","priceKwh":0.6}},{"type":"Feature","geometry":{"type":"Point","coordinates":[4.201537,51.986962]},"properties":{"type":"charge","layer":"passenger","locationId":"6683ac58b69938001cfd2a46","name":"Lentiz Dalton MAVO & Het Groene Lyceum","address":"Professor Holwerdalaan 60","city":"Naaldwijk","operatorName":"Pluq","maxPowerKw":22,"isMegawatt":false,"status":"AVAILABLE","source":"ndw","priceKwh":0.32}},{"type":"Feature","geometry":{"type":"Point","coordinates":[4.273089,52.025064]},"properties":{"type":"charge","layer":"passenger","locationId":"89261436","name":"EQUANS SGZH 1.0 89261436","address":"Plein 64","city":"Wateringen","operatorName":"EQUANS","maxPowerKw":11,"isMegawatt":false,"status":"CHARGING","source":"ndw"}},{"type":"Feature","geometry":{"type":"Point","coordinates":[4.167089,52.003557]},"properties":{"type":"charge","layer":"passenger","locationId":"89262013","name":"EQUANS SGZH 1.0 89262013","address":"Meester Schokkingstraat 3","city":"'s-Gravenzande","operatorName":"EQUANS","maxPowerKw":11,"isMegawatt":false,"status":"CHARGING","source":"ndw"}},{"type":"Feature","geometry":{"type":"Point","coordinates":[4.263666,52.02664]},"properties":{"type":"charge","layer":"passenger","locationId":"90306121","name":"EQUANS SGZH 2.0 Rozemarijn 169","address":"Rozemarijn 169","city":"Wateringen","operatorName":"EQUANS","maxPowerKw":11,"isMegawatt":false,"status":"AVAILABLE","source":"ndw"}},{"type":"Feature","geometry":{"type":"Point","coordinates":[4.29813,52.01491]},"properties":{"type":"charge","layer":"passenger","locationId":"89459873","name":"EQUANS SGZH 2.0 89459873","address":"Linnewever 11","city":"Wateringen","operatorName":"EQUANS","maxPowerKw":11,"isMegawatt":false,"status":"AVAILABLE","source":"ndw"}},{"type":"Feature","geometry":{"type":"Point","coordinates":[4.217427,51.99188]},"properties":{"type":"charge","layer":"passenger","locationId":"89261926","name":"EQUANS SGZH 1.0 89261926","address":"Franckstraat 91","city":"Naaldwijk","operatorName":"EQUANS","maxPowerKw":11,"isMegawatt":false,"status":"CHARGING","source":"ndw"}},{"type":"Feature","geometry":{"type":"Point","coordinates":[4.20986,51.989825]},"properties":{"type":"charge","layer":"passenger","locationId":"89459861","name":"EQUANS SGZH 2.0 89459861","address":"Leliestraat 50","city":"Naaldwijk","operatorName":"EQUANS","maxPowerKw":11,"isMegawatt":false,"status":"AVAILABLE","source":"ndw"}},{"type":"Feature","geometry":{"type":"Point","coordinates":[4.249266,52.014448]},"properties":{"type":"charge","layer":"passenger","locationId":"89216760","name":"EQUANS SGZH 2.0 Karper 11","address":"Karper 11","city":"Kwintsheul","operatorName":"EQUANS","maxPowerKw":11,"isMegawatt":false,"status":"AVAILABLE","source":"ndw"}},{"type":"Feature","geometry":{"type":"Point","coordinates":[4.20071,51.999049]},"properties":{"type":"charge","layer":"passenger","locationId":"89261940","name":"EQUANS SGZH 1.0 89261940","address":"Zandhaver 11","city":"Naaldwijk","operatorName":"EQUANS","maxPowerKw":11,"isMegawatt":false,"status":"AVAILABLE","source":"ndw"}},{"type":"Feature","geometry":{"type":"Point","coordinates":[4.177483,51.995179]},"properties":{"type":"charge","layer":"passenger","locationId":"OST21P0106_0010_0","name":"OST21P0106_0010_0","address":"van Leeuwenhoekstraat 10","city":"'s-Gravenzande","operatorName":"e-VOLTT","maxPowerKw":19,"isMegawatt":false,"status":"AVAILABLE","source":"ndw","priceKwh":0.5}},{"type":"Feature","geometry":{"type":"Point","coordinates":[4.255103,52.007924]},"properties":{"type":"charge","layer":"passenger","locationId":"4923851","name":"Laadnet BK Plant","address":"Harteveldlaan 12","city":"Honselersdijk","operatorName":"Laadnet","maxPowerKw":150,"isMegawatt":false,"status":"AVAILABLE","source":"ndw"}},{"type":"Feature","geometry":{"type":"Point","coordinates":[4.166725,51.999962]},"properties":{"type":"charge","layer":"passenger","locationId":"90851402","name":"EQUANS SGZH 2.0 Plataanstraat 2 (Populierenstraat 6 TO)","address":"Plataanstraat 2","city":"s-Gravenzande","operatorName":"EQUANS","maxPowerKw":11,"isMegawatt":false,"status":"AVAILABLE","source":"ndw"}},{"type":"Feature","geometry":{"type":"Point","coordinates":[4.28327,52.01921]},"properties":{"type":"charge","layer":"passenger","locationId":"91372850","name":"EQUANS SGZH 2.0 Komkommerstraat 11","address":"Komkommerstraat 11","city":"Wateringen","operatorName":"EQUANS","maxPowerKw":11,"isMegawatt":false,"status":"AVAILABLE","source":"ndw"}},{"type":"Feature","geometry":{"type":"Point","coordinates":[4.163418,52.004256]},"properties":{"type":"charge","layer":"passenger","locationId":"89262031","name":"EQUANS SGZH 1.0 89262031","address":"Veilingkade 52","city":"'s-Gravenzande","operatorName":"EQUANS","maxPowerKw":11,"isMegawatt":false,"status":"AVAILABLE","source":"ndw"}},{"type":"Feature","geometry":{"type":"Point","coordinates":[4.253004,52.027024]},"properties":{"type":"charge","layer":"passenger","locationId":"89927738","name":"EQUANS SGZH 2.0 89927738","address":"De Druiventrap 46","city":"Wateringen","operatorName":"EQUANS","maxPowerKw":11,"isMegawatt":false,"status":"CHARGING","source":"ndw"}},{"type":"Feature","geometry":{"type":"Point","coordinates":[4.259437,51.978639]},"properties":{"type":"charge","layer":"passenger","locationId":"89484881","name":"EQUANS SGZH 2.0 89484881","address":"Parklaan 57","city":"De Lier","operatorName":"EQUANS","maxPowerKw":11,"isMegawatt":false,"status":"AVAILABLE","source":"ndw"}},{"type":"Feature","geometry":{"type":"Point","coordinates":[4.228249,52.00973]},"properties":{"type":"charge","layer":"passenger","locationId":"89217206","name":"EQUANS SGZH 2.0 89217206","address":"Kraaijesteijn 126","city":"Honselersdijk","operatorName":"EQUANS","maxPowerKw":17,"isMegawatt":false,"status":"AVAILABLE","source":"ndw"}},{"type":"Feature","geometry":{"type":"Point","coordinates":[4.280818,52.013896]},"properties":{"type":"charge","layer":"passenger","locationId":"de2e0302c7574237ad3e","name":"Wateringen | Woonboulevard | AC","address":"'s-Gravenzandseweg 23","city":"Wateringen","operatorName":"Opcharge","maxPowerKw":22,"isMegawatt":false,"status":"AVAILABLE","source":"ndw","priceKwh":0.49}},{"type":"Feature","geometry":{"type":"Point","coordinates":[4.20576,51.99447]},"properties":{"type":"charge","layer":"passenger","locationId":"89261915","name":"EQUANS SGZH 2.0 Emmaplein 1","address":"Emmaplein 1","city":"Naaldwijk","operatorName":"EQUANS","maxPowerKw":11,"isMegawatt":false,"status":"AVAILABLE","source":"ndw"}},{"type":"Feature","geometry":{"type":"Point","coordinates":[4.252384,51.974399]},"properties":{"type":"charge","layer":"passenger","locationId":"89261960","name":"EQUANS SGZH 1.0 89261960","address":"Emmastraat 2","city":"De Lier","operatorName":"EQUANS","maxPowerKw":11,"isMegawatt":false,"status":"AVAILABLE","source":"ndw"}},{"type":"Feature","geometry":{"type":"Point","coordinates":[4.244387,51.976254]},"properties":{"type":"charge","layer":"passenger","locationId":"90883734","name":"EQUANS SGZH 2.0 Chrysant 4","address":"Chrysant 4","city":"De Lier","operatorName":"EQUANS","maxPowerKw":11,"isMegawatt":false,"status":"AVAILABLE","source":"ndw"}},{"type":"Feature","geometry":{"type":"Point","coordinates":[4.287159,52.018067]},"properties":{"type":"charge","layer":"passenger","locationId":"89261455","name":"EQUANS SGZH 1.0 89261455","address":"Kruidenlaan 57","city":"Wateringen","operatorName":"EQUANS","maxPowerKw":11,"isMegawatt":false,"status":"CHARGING","source":"ndw"}},{"type":"Feature","geometry":{"type":"Point","coordinates":[4.222441,51.980857]},"properties":{"type":"charge","layer":"passenger","locationId":"3289932","name":"Laadnet Looye Kwekers Naaldwijk","address":"Vlietboomgaard 10","city":"Naaldwijk","operatorName":"Laadnet","maxPowerKw":22,"isMegawatt":false,"status":"AVAILABLE","source":"ndw"}},{"type":"Feature","geometry":{"type":"Point","coordinates":[4.21045,51.99331]},"properties":{"type":"charge","layer":"passenger","locationId":"4666FAC4-DEA7-4705-A3B5-EDAAC6F21CF4","name":"Eneco eMobility Ahold Europe Real Estate & Construction - Naaldwijk","address":"Verdilaan 4","city":"Naaldwijk","operatorName":"Eneco","maxPowerKw":22,"isMegawatt":false,"status":"AVAILABLE","source":"ndw","priceKwh":0.35}},{"type":"Feature","geometry":{"type":"Point","coordinates":[4.215923,51.991168]},"properties":{"type":"charge","layer":"passenger","locationId":"90167036","name":"EQUANS SGZH 2.0 Händellaan 6","address":"Händellaan 6","city":"Naaldwijk","operatorName":"EQUANS","maxPowerKw":11,"isMegawatt":false,"status":"UNAVAILABLE","source":"ndw"}},{"type":"Feature","geometry":{"type":"Point","coordinates":[4.211873,51.956569]},"properties":{"type":"charge","layer":"passenger","locationId":"89358773","name":"EQUANS SGZH 2.0 89358773","address":"Lange Kruisweg 35","city":"Maasdijk","operatorName":"EQUANS","maxPowerKw":11,"isMegawatt":false,"status":"AVAILABLE","source":"ndw"}},{"type":"Feature","geometry":{"type":"Point","coordinates":[4.269498,51.976454]},"properties":{"type":"charge","layer":"passenger","locationId":"4216549","name":"Laadnet Rijk Zwaan SQC","address":"Zijtwende 50","city":"De Lier","operatorName":"Laadnet","maxPowerKw":22,"isMegawatt":false,"status":"AVAILABLE","source":"ndw"}},{"type":"Feature","geometry":{"type":"Point","coordinates":[4.204969,51.998679]},"properties":{"type":"charge","layer":"passenger","locationId":"4230221","name":"Laadnet Baljeu en Staal assurantien BV","address":"De Linge 14","city":"Naaldwijk","operatorName":"Laadnet","maxPowerKw":22,"isMegawatt":false,"status":"AVAILABLE","source":"ndw"}},{"type":"Feature","geometry":{"type":"Point","coordinates":[4.230578,51.950102]},"properties":{"type":"charge","layer":"passenger","locationId":"4278370","name":"Laadnet Eetcafé Westgaag - destination charging","address":"Transportweg 1","city":"Maasdijk","operatorName":"Laadnet","maxPowerKw":180,"isMegawatt":false,"status":"AVAILABLE","source":"ndw"}},{"type":"Feature","geometry":{"type":"Point","coordinates":[4.18072,52.021848]},"properties":{"type":"charge","layer":"passenger","locationId":"89358765","name":"EQUANS SGZH 2.0 89358765","address":"Bach 3","city":"Monster","operatorName":"EQUANS","maxPowerKw":11,"isMegawatt":false,"status":"AVAILABLE","source":"ndw"}},{"type":"Feature","geometry":{"type":"Point","coordinates":[4.281003,52.018841]},"properties":{"type":"charge","layer":"passenger","locationId":"89264162","name":"EQUANS SGZH 1.0 89264162","address":"Rietveen 48","city":"Wateringen","operatorName":"EQUANS","maxPowerKw":11,"isMegawatt":false,"status":"AVAILABLE","source":"ndw"}},{"type":"Feature","geometry":{"type":"Point","coordinates":[4.3007,52.01484]},"properties":{"type":"charge","layer":"passenger","locationId":"6CFD4BF1-06A0-43B9-BF0E-BB127AE0BE6A","name":"Eneco eMobility Klopperman 49 Wateringen","address":"Klopperman 49","city":"Wateringen","operatorName":"Eneco","maxPowerKw":22,"isMegawatt":false,"status":"AVAILABLE","source":"ndw","priceKwh":0.32}},{"type":"Feature","geometry":{"type":"Point","coordinates":[4.218053,51.99902]},"properties":{"type":"charge","layer":"passenger","locationId":"91041921","name":"EQUANS SGZH 1.0 Dreeslaan 238","address":"Dreeslaan 238","city":"Naaldwijk","operatorName":"EQUANS","maxPowerKw":11,"isMegawatt":false,"status":"CHARGING","source":"ndw"}},{"type":"Feature","geometry":{"type":"Point","coordinates":[4.245322,51.968341]},"properties":{"type":"charge","layer":"passenger","locationId":"4250337","name":"Laadnet Kwekerij Bergcamp - Hoogweg","address":"GHoogweg 15F","city":"De Lier","operatorName":"Laadnet","maxPowerKw":22,"isMegawatt":false,"status":"AVAILABLE","source":"ndw"}},{"type":"Feature","geometry":{"type":"Point","coordinates":[4.204648,51.992422]},"properties":{"type":"charge","layer":"passenger","locationId":"1403446","name":"Laadnet Parkeergarage De Rentmeester Naaldwijk","address":"Patijnenburg 43","city":"Naaldwijk","operatorName":"Laadnet","maxPowerKw":22,"isMegawatt":false,"status":"AVAILABLE","source":"ndw"}},{"type":"Feature","geometry":{"type":"Point","coordinates":[4.251328,51.988801]},"properties":{"type":"charge","layer":"passenger","locationId":"67cad2c126f5f480886a4fcb","name":"SK Roses 8","address":"Noord-Lierweg 40b","city":"De Lier","operatorName":"E-Flux by Road","maxPowerKw":22,"isMegawatt":false,"status":"AVAILABLE","source":"ndw","priceKwh":0.28}},{"type":"Feature","geometry":{"type":"Point","coordinates":[4.227293,51.959567]},"properties":{"type":"charge","layer":"passenger","locationId":"4287230","name":"Laadnet Logistic Business Partners Rotterdam B.V.","address":"Honderdland 50","city":"Maasdijk","operatorName":"Laadnet","maxPowerKw":22,"isMegawatt":false,"status":"AVAILABLE","source":"ndw"}},{"type":"Feature","geometry":{"type":"Point","coordinates":[4.255189,51.972863]},"properties":{"type":"charge","layer":"passenger","locationId":"3497986","name":"Laadnet Rijk Zwaan De Serre","address":"Burgemeester Crezeelaan 40","city":"De Lier","operatorName":"Laadnet","maxPowerKw":22,"isMegawatt":false,"status":"AVAILABLE","source":"ndw"}},{"type":"Feature","geometry":{"type":"Point","coordinates":[4.20709,51.98081]},"properties":{"type":"charge","layer":"passenger","locationId":"4208855","name":"Laadnet Van der Valk Solar Systems","address":"Galgeweg 46","city":"‘s-Gravenzande","operatorName":"Laadnet","maxPowerKw":22,"isMegawatt":false,"status":"AVAILABLE","source":"ndw"}},{"type":"Feature","geometry":{"type":"Point","coordinates":[4.250856,51.988629]},"properties":{"type":"charge","layer":"passenger","locationId":"67cacabf71e42a6eea66dcc9","name":"SK Roses 1","address":"Noord-Lierweg 40b","city":"De Lier","operatorName":"E-Flux by Road","maxPowerKw":22,"isMegawatt":false,"status":"AVAILABLE","source":"ndw","priceKwh":0.28}},{"type":"Feature","geometry":{"type":"Point","coordinates":[4.17408,52.0291]},"properties":{"type":"charge","layer":"passenger","locationId":"91333420","name":"EQUANS SGZH 2.0 Zeedistelstraat 1","address":"Zeedistelstraat 1","city":"Monster","operatorName":"EQUANS","maxPowerKw":11,"isMegawatt":false,"status":"AVAILABLE","source":"ndw"}},{"type":"Feature","geometry":{"type":"Point","coordinates":[4.229745,52.027081]},"properties":{"type":"charge","layer":"passenger","locationId":"90197500","name":"EQUANS SGZH 2.0 De Ruijtbaan 1","address":"De Ruijtbaan 1","city":"Poeldijk","operatorName":"EQUANS","maxPowerKw":11,"isMegawatt":false,"status":"AVAILABLE","source":"ndw"}},{"type":"Feature","geometry":{"type":"Point","coordinates":[4.247394,51.980362]},"properties":{"type":"charge","layer":"passenger","locationId":"89183083","name":"EQUANS SGZH 2.0 89183083","address":"Kievit 28","city":"De Lier","operatorName":"EQUANS","maxPowerKw":22,"isMegawatt":false,"status":"AVAILABLE","source":"ndw"}},{"type":"Feature","geometry":{"type":"Point","coordinates":[4.199293,51.999933]},"properties":{"type":"charge","layer":"passenger","locationId":"89459858","name":"EQUANS SGZH 2.0 89459858","address":"Sterrenzand 2","city":"Naaldwijk","operatorName":"EQUANS","maxPowerKw":11,"isMegawatt":false,"status":"AVAILABLE","source":"ndw"}},{"type":"Feature","geometry":{"type":"Point","coordinates":[4.220332,51.969494]},"properties":{"type":"charge","layer":"passenger","locationId":"AD548277-1480-4F87-810F-3DCD041E276B","name":"Eneco eMobility Leehove 49 De Lier","address":"Leehove 49","city":"De Lier","operatorName":"Eneco","maxPowerKw":22,"isMegawatt":false,"status":"AVAILABLE","source":"ndw","priceKwh":0.32}},{"type":"Feature","geometry":{"type":"Point","coordinates":[4.179582,52.031283]},"properties":{"type":"charge","layer":"passenger","locationId":"89261982","name":"EQUANS SGZH 1.0 89261982","address":"Haagweg 33B","city":"Monster","operatorName":"EQUANS","maxPowerKw":11,"isMegawatt":false,"status":"AVAILABLE","source":"ndw"}},{"type":"Feature","geometry":{"type":"Point","coordinates":[4.180298,52.002003]},"properties":{"type":"charge","layer":"passenger","locationId":"89477485","name":"EQUANS SGZH 2.0 89477485","address":"Otter 1","city":"'s-Gravenzande","operatorName":"EQUANS","maxPowerKw":11,"isMegawatt":false,"status":"AVAILABLE","source":"ndw"}},{"type":"Feature","geometry":{"type":"Point","coordinates":[4.208157,51.991169]},"properties":{"type":"charge","layer":"passenger","locationId":"89209905","name":"EQUANS SGZH 2.0 89209905","address":"Graanveld 1","city":"Naaldwijk","operatorName":"EQUANS","maxPowerKw":11,"isMegawatt":false,"status":"AVAILABLE","source":"ndw"}},{"type":"Feature","geometry":{"type":"Point","coordinates":[4.172125,51.999121]},"properties":{"type":"charge","layer":"passenger","locationId":"89210091","name":"EQUANS SGZH 2.0 89210091","address":"Iepstraat 12","city":"'s-Gravenzande","operatorName":"EQUANS","maxPowerKw":11,"isMegawatt":false,"status":"AVAILABLE","source":"ndw"}},{"type":"Feature","geometry":{"type":"Point","coordinates":[4.165613,52.006014]},"properties":{"type":"charge","layer":"passenger","locationId":"89262028","name":"EQUANS SGZH 1.0 89262028","address":"Troubadourlaan 4","city":"'s-Gravenzande","operatorName":"EQUANS","maxPowerKw":11,"isMegawatt":false,"status":"AVAILABLE","source":"ndw"}},{"type":"Feature","geometry":{"type":"Point","coordinates":[4.172419,52.029122]},"properties":{"type":"charge","layer":"passenger","locationId":"89317512","name":"EQUANS SGZH 1.0 89317512","address":"Laan van Delfland 11","city":"Monster","operatorName":"EQUANS","maxPowerKw":11,"isMegawatt":false,"status":"AVAILABLE","source":"ndw"}},{"type":"Feature","geometry":{"type":"Point","coordinates":[4.238654,51.979098]},"properties":{"type":"charge","layer":"passenger","locationId":"89484880","name":"EQUANS SGZH 2.0 89484880","address":"van Wassenaarstraat 1","city":"De Lier","operatorName":"EQUANS","maxPowerKw":11,"isMegawatt":false,"status":"AVAILABLE","source":"ndw"}},{"type":"Feature","geometry":{"type":"Point","coordinates":[4.195512,52.011686]},"properties":{"type":"charge","layer":"passenger","locationId":"2457952","name":"Laadnet Van der Valk Systemen BV","address":"Zwartendijk 73","city":"Monster","operatorName":"Laadnet","maxPowerKw":22,"isMegawatt":false,"status":"AVAILABLE","source":"ndw"}},{"type":"Feature","geometry":{"type":"Point","coordinates":[4.160966,51.997547]},"properties":{"type":"charge","layer":"passenger","locationId":"90249571","name":"EQUANS SGZH 2.0 Marnixlaan 47","address":"Marnixlaan 47","city":"'s-Gravenzande","operatorName":"EQUANS","maxPowerKw":11,"isMegawatt":false,"status":"AVAILABLE","source":"ndw"}},{"type":"Feature","geometry":{"type":"Point","coordinates":[4.207806,51.990093]},"properties":{"type":"charge","layer":"passenger","locationId":"89358822","name":"EQUANS SGZH 2.0 89358822","address":"Anjerlaan 50","city":"Naaldwijk","operatorName":"EQUANS","maxPowerKw":11,"isMegawatt":false,"status":"CHARGING","source":"ndw"}},{"type":"Feature","geometry":{"type":"Point","coordinates":[4.280752,52.013929]},"properties":{"type":"charge","layer":"passenger","locationId":"e153d0c598ee4de7b7d3","name":"Wateringen | Woonboulevard | DC","address":"'s-Gravenzandseweg 23","city":"Wateringen","operatorName":"Opcharge","maxPowerKw":50,"isMegawatt":false,"status":"AVAILABLE","source":"ndw","priceKwh":0.59}},{"type":"Feature","geometry":{"type":"Point","coordinates":[4.24342,51.972123]},"properties":{"type":"charge","layer":"passenger","locationId":"3968950","name":"Laadnet Marel Beheer BV","address":"Hoogweg 2","city":"De Lier","operatorName":"Laadnet","maxPowerKw":22,"isMegawatt":false,"status":"AVAILABLE","source":"ndw"}},{"type":"Feature","geometry":{"type":"Point","coordinates":[4.157697,52.002386]},"properties":{"type":"charge","layer":"passenger","locationId":"90249580","name":"EQUANS SGZH 2.0 Zandeveltweg 24","address":"Zandeveltweg 24","city":"'s-Gravenzande","operatorName":"EQUANS","maxPowerKw":11,"isMegawatt":false,"status":"AVAILABLE","source":"ndw"}},{"type":"Feature","geometry":{"type":"Point","coordinates":[4.15588,51.998866]},"properties":{"type":"charge","layer":"passenger","locationId":"90310790","name":"EQUANS SGZH 2.0 Flothuisstraat 13","address":"Flothuisstraat 13","city":"'s-Gravenzande","operatorName":"EQUANS","maxPowerKw":11,"isMegawatt":false,"status":"AVAILABLE","source":"ndw"}},{"type":"Feature","geometry":{"type":"Point","coordinates":[4.214988,51.956555]},"properties":{"type":"charge","layer":"passenger","locationId":"4734308","name":"Laadnet Prinsenlaan","address":"Prinsenlaan 13","city":"Maasdijk","operatorName":"Laadnet","maxPowerKw":22,"isMegawatt":false,"status":"AVAILABLE","source":"ndw"}},{"type":"Feature","geometry":{"type":"Point","coordinates":[4.215482,51.960038]},"properties":{"type":"charge","layer":"passenger","locationId":"90201687","name":"EQUANS SGZH 2.0 Oranjewerf 33","address":"Oranjewerf 33","city":"Maasdijk","operatorName":"EQUANS","maxPowerKw":11,"isMegawatt":false,"status":"AVAILABLE","source":"ndw"}},{"type":"Feature","geometry":{"type":"Point","coordinates":[4.250665,51.988667]},"properties":{"type":"charge","layer":"passenger","locationId":"67cacc0371e42a6eea673ac7","name":"SK Roses 4","address":"Noord-Lierweg 40b","city":"De Lier","operatorName":"E-Flux by Road","maxPowerKw":22,"isMegawatt":false,"status":"AVAILABLE","source":"ndw","priceKwh":0.28}},{"type":"Feature","geometry":{"type":"Point","coordinates":[4.218682,51.999329]},"properties":{"type":"charge","layer":"passenger","locationId":"89261934","name":"EQUANS SGZH 1.0 89261934","address":"Donnerlaan 1","city":"Naaldwijk","operatorName":"EQUANS","maxPowerKw":11,"isMegawatt":false,"status":"CHARGING","source":"ndw"}},{"type":"Feature","geometry":{"type":"Point","coordinates":[4.188443,51.990251]},"properties":{"type":"charge","layer":"passenger","locationId":"89484898","name":"EQUANS SGZH 2.0 89484898","address":"Kleine vos 21 a","city":"'s-Gravenzande","operatorName":"EQUANS","maxPowerKw":11,"isMegawatt":false,"status":"AVAILABLE","source":"ndw"}},{"type":"Feature","geometry":{"type":"Point","coordinates":[4.181107,52.030124]},"properties":{"type":"charge","layer":"passenger","locationId":"90099053","name":"EQUANS SGZH 2.0 Geestweg 25","address":"Geestweg 25","city":"Monster","operatorName":"EQUANS","maxPowerKw":11,"isMegawatt":false,"status":"CHARGING","source":"ndw"}},{"type":"Feature","geometry":{"type":"Point","coordinates":[4.216841,51.990097]},"properties":{"type":"charge","layer":"passenger","locationId":"369147D8-9E20-4539-B707-2245C05605E1","name":"Eneco eMobility Middel Broekweg 2A Naaldwijk","address":"Middel Broekweg 2A","city":"Naaldwijk","operatorName":"Eneco","maxPowerKw":22,"isMegawatt":false,"status":"CHARGING","source":"ndw","priceKwh":0.32}},{"type":"Feature","geometry":{"type":"Point","coordinates":[4.181612,51.995777]},"properties":{"type":"charge","layer":"passenger","locationId":"4153466","name":"Laadnet Beko Groothandel Extern","address":"Franklinstraat 17","city":"'s-Gravenzande","operatorName":"Laadnet","maxPowerKw":22,"isMegawatt":false,"status":"AVAILABLE","source":"ndw"}},{"type":"Feature","geometry":{"type":"Point","coordinates":[4.27667,52.01792]},"properties":{"type":"charge","layer":"passenger","locationId":"90909802","name":"EQUANS SGZH 2.0 Blauwveen 3","address":"Blauwveen 3","city":"Wateringen","operatorName":"EQUANS","maxPowerKw":11,"isMegawatt":false,"status":"AVAILABLE","source":"ndw"}},{"type":"Feature","geometry":{"type":"Point","coordinates":[4.22545,52.011425]},"properties":{"type":"charge","layer":"passenger","locationId":"67e3afa5ce896c284867e31f","name":"Vollebregt Barten 5a rechts","address":"Peoldijksepad 5","city":"Honselersdijk","operatorName":"E-Flux by Road","maxPowerKw":22,"isMegawatt":false,"status":"AVAILABLE","source":"ndw","priceKwh":0.53}},{"type":"Feature","geometry":{"type":"Point","coordinates":[4.247467,51.979227]},"properties":{"type":"charge","layer":"passenger","locationId":"91204081","name":"EQUANS SGZH 2.0 Alicante 1","address":"Alicante 1","city":"De Lier","operatorName":"EQUANS","maxPowerKw":11,"isMegawatt":false,"status":"AVAILABLE","source":"ndw"}},{"type":"Feature","geometry":{"type":"Point","coordinates":[4.20142,51.99518]},"properties":{"type":"charge","layer":"passenger","locationId":"90885202","name":"EQUANS SGZH 2.0 Geestweg 32","address":"Geestweg 32","city":"Naaldwijk","operatorName":"EQUANS","maxPowerKw":11,"isMegawatt":false,"status":"AVAILABLE","source":"ndw"}},{"type":"Feature","geometry":{"type":"Point","coordinates":[4.173205,51.999746]},"properties":{"type":"charge","layer":"passenger","locationId":"90099962","name":"EQUANS SGZH 2.0 Prins Willem-Alexanderstraat 14","address":"Prins Willem-Alexanderstraat 14","city":"'s-Gravenzande","operatorName":"EQUANS","maxPowerKw":11,"isMegawatt":false,"status":"AVAILABLE","source":"ndw"}},{"type":"Feature","geometry":{"type":"Point","coordinates":[4.212467,51.986261]},"properties":{"type":"charge","layer":"passenger","locationId":"89261936","name":"EQUANS SGZH 1.0 89261936","address":"Portalaan 2","city":"Naaldwijk","operatorName":"EQUANS","maxPowerKw":11,"isMegawatt":false,"status":"AVAILABLE","source":"ndw"}},{"type":"Feature","geometry":{"type":"Point","coordinates":[4.274736,52.020282]},"properties":{"type":"charge","layer":"passenger","locationId":"91204012","name":"EQUANS SGZH 2.0 Lange Spruit 8","address":"Lange Spruit 8","city":"Wateringen","operatorName":"EQUANS","maxPowerKw":11,"isMegawatt":false,"status":"AVAILABLE","source":"ndw"}},{"type":"Feature","geometry":{"type":"Point","coordinates":[4.22348,52.02712]},"properties":{"type":"charge","layer":"passenger","locationId":"90992428","name":"EQUANS SGZH 2.0 Hank 16","address":"Hank 16","city":"Poeldijk","operatorName":"EQUANS","maxPowerKw":11,"isMegawatt":false,"status":"CHARGING","source":"ndw"}},{"type":"Feature","geometry":{"type":"Point","coordinates":[4.196004,51.994275]},"properties":{"type":"charge","layer":"passenger","locationId":"89235333","name":"EQUANS SGZH 2.0 89235333","address":"Dotterbloem 20","city":"Naaldwijk","operatorName":"EQUANS","maxPowerKw":11,"isMegawatt":false,"status":"CHARGING","source":"ndw"}},{"type":"Feature","geometry":{"type":"Point","coordinates":[4.285495,52.01936]},"properties":{"type":"charge","layer":"passenger","locationId":"89183087","name":"EQUANS SGZH 2.0 89183087","address":"Tomatenstraat 33","city":"Wateringen","operatorName":"EQUANS","maxPowerKw":11,"isMegawatt":false,"status":"AVAILABLE","source":"ndw"}},{"type":"Feature","geometry":{"type":"Point","coordinates":[4.158788,52.003557]},"properties":{"type":"charge","layer":"passenger","locationId":"89262016","name":"EQUANS SGZH 1.0 89262016","address":"Boedijnhof 6","city":"'s-Gravenzande","operatorName":"EQUANS","maxPowerKw":11,"isMegawatt":false,"status":"AVAILABLE","source":"ndw"}},{"type":"Feature","geometry":{"type":"Point","coordinates":[4.221621,52.023229]},"properties":{"type":"charge","layer":"passenger","locationId":"64D7C4F3-ED1A-4FA0-BB6A-A480CF489725","name":"Eneco eMobility Verburghlaan 24A Poeldijk","address":"Verburghlaan 24A","city":"Poeldijk","operatorName":"Eneco","maxPowerKw":22,"isMegawatt":false,"status":"AVAILABLE","source":"ndw","priceKwh":0.32}},{"type":"Feature","geometry":{"type":"Point","coordinates":[4.16854,51.99731]},"properties":{"type":"charge","layer":"passenger","locationId":"89262001","name":"EQUANS SGZH 2.0 Robijn 19","address":"Robijn 19","city":"'s-Gravenzande","operatorName":"EQUANS","maxPowerKw":11,"isMegawatt":false,"status":"AVAILABLE","source":"ndw"}},{"type":"Feature","geometry":{"type":"Point","coordinates":[4.217478,51.985713]},"properties":{"type":"charge","layer":"passenger","locationId":"89209971","name":"EQUANS SGZH 2.0 89209971","address":"Ceresstraat 21","city":"Naaldwijk","operatorName":"EQUANS","maxPowerKw":11,"isMegawatt":false,"status":"AVAILABLE","source":"ndw"}},{"type":"Feature","geometry":{"type":"Point","coordinates":[4.271335,52.029657]},"properties":{"type":"charge","layer":"passenger","locationId":"89238525","name":"EQUANS SGZH 2.0 89238525","address":"Noordweg 8","city":"Wateringen","operatorName":"EQUANS","maxPowerKw":11,"isMegawatt":false,"status":"CHARGING","source":"ndw"}},{"type":"Feature","geometry":{"type":"Point","coordinates":[4.180278,52.025967]},"properties":{"type":"charge","layer":"passenger","locationId":"89261981","name":"EQUANS SGZH 1.0 89261981","address":"Schuylenburgh 17","city":"Monster","operatorName":"EQUANS","maxPowerKw":11,"isMegawatt":false,"status":"AVAILABLE","source":"ndw"}},{"type":"Feature","geometry":{"type":"Point","coordinates":[4.165082,52.002054]},"properties":{"type":"charge","layer":"passenger","locationId":"90111921","name":"EQUANS SGZH 2.0 van de Kasteelestraat 54","address":"van de Kasteelestraat 54","city":"'s-Gravenzande","operatorName":"EQUANS","maxPowerKw":11,"isMegawatt":false,"status":"AVAILABLE","source":"ndw"}},{"type":"Feature","geometry":{"type":"Point","coordinates":[4.164997,52.006178]},"properties":{"type":"charge","layer":"passenger","locationId":"89179855","name":"EQUANS SGZH 2.0 89179855","address":"Minstreelhof 1","city":"'s-Gravenzande","operatorName":"EQUANS","maxPowerKw":17,"isMegawatt":false,"status":"CHARGING","source":"ndw"}},{"type":"Feature","geometry":{"type":"Point","coordinates":[4.213419,51.959853]},"properties":{"type":"charge","layer":"passenger","locationId":"91012724","name":"EQUANS SGZH 2.0 Prinses Marianneplein 5","address":"Prinses Marianneplein 5","city":"maasdijk","operatorName":"EQUANS","maxPowerKw":11,"isMegawatt":false,"status":"AVAILABLE","source":"ndw"}},{"type":"Feature","geometry":{"type":"Point","coordinates":[4.16419,52.02146]},"properties":{"type":"charge","layer":"passenger","locationId":"91357121","name":"EQUANS SGZH 2.0 Waterlijn 36","address":"Waterlijn 36","city":"Monster","operatorName":"EQUANS","maxPowerKw":11,"isMegawatt":false,"status":"AVAILABLE","source":"ndw"}},{"type":"Feature","geometry":{"type":"Point","coordinates":[4.25537,51.98142]},"properties":{"type":"charge","layer":"passenger","locationId":"91314022","name":"EQUANS SGZH 2.0 Duitslandlaan 41","address":"Duitslandlaan 41","city":"De Lier","operatorName":"EQUANS","maxPowerKw":11,"isMegawatt":false,"status":"AVAILABLE","source":"ndw"}},{"type":"Feature","geometry":{"type":"Point","coordinates":[4.22275,51.973402]},"properties":{"type":"charge","layer":"passenger","locationId":"68e61f005a0bb5914d8b750a","name":"Van der Windt","address":"Burgmeester van Doornlaan 12","city":"De Lier","operatorName":"E-Flux by Road","maxPowerKw":11,"isMegawatt":false,"status":"AVAILABLE","source":"ndw","priceKwh":0.48}},{"type":"Feature","geometry":{"type":"Point","coordinates":[4.213088,51.958923]},"properties":{"type":"charge","layer":"passenger","locationId":"89309297","name":"EQUANS SGZH 1.0 89309297","address":"Kerkhoflaan 2","city":"Maasdijk","operatorName":"EQUANS","maxPowerKw":11,"isMegawatt":false,"status":"CHARGING","source":"ndw"}},{"type":"Feature","geometry":{"type":"Point","coordinates":[4.290808,52.0201]},"properties":{"type":"charge","layer":"passenger","locationId":"90953691","name":"EQUANS SGZH 2.0 Bloemenlaan 35","address":"Bloemenlaan 35","city":"Wateringen","operatorName":"EQUANS","maxPowerKw":11,"isMegawatt":false,"status":"AVAILABLE","source":"ndw"}},{"type":"Feature","geometry":{"type":"Point","coordinates":[4.170093,52.030376]},"properties":{"type":"charge","layer":"passenger","locationId":"90365813","name":"EQUANS SGZH 2.0 Pietersonstraat 23 (Tussen het 3e en 4e vak.)","address":"Pietersonstraat 23","city":"terheijde","operatorName":"EQUANS","maxPowerKw":11,"isMegawatt":false,"status":"CHARGING","source":"ndw"}},{"type":"Feature","geometry":{"type":"Point","coordinates":[4.21747,51.989102]},"properties":{"type":"charge","layer":"passenger","locationId":"89261924","name":"EQUANS SGZH 1.0 89261924","address":"Muskaatstraat 9","city":"Naaldwijk","operatorName":"EQUANS","maxPowerKw":11,"isMegawatt":false,"status":"AVAILABLE","source":"ndw"}},{"type":"Feature","geometry":{"type":"Point","coordinates":[4.275354,52.026941]},"properties":{"type":"charge","layer":"passenger","locationId":"90189317","name":"EQUANS SGZH 2.0 Van Doornicksingel 64 (Meynertzhagenstraat)","address":"Van Doornicksingel 64","city":"Wateringen","operatorName":"EQUANS","maxPowerKw":11,"isMegawatt":false,"status":"CHARGING","source":"ndw"}},{"type":"Feature","geometry":{"type":"Point","coordinates":[4.188695,51.989477]},"properties":{"type":"charge","layer":"passenger","locationId":"89179049","name":"EQUANS SGZH 2.0 89179049","address":"Dagpauwoog 38","city":"'s-Gravenzande","operatorName":"EQUANS","maxPowerKw":11,"isMegawatt":false,"status":"AVAILABLE","source":"ndw"}},{"type":"Feature","geometry":{"type":"Point","coordinates":[4.219553,51.956432]},"properties":{"type":"charge","layer":"passenger","locationId":"89261953","name":"EQUANS SGZH 1.0 89261953","address":"Alleta Rutgersstraat 48","city":"Maasdijk","operatorName":"EQUANS","maxPowerKw":11,"isMegawatt":false,"status":"AVAILABLE","source":"ndw"}},{"type":"Feature","geometry":{"type":"Point","coordinates":[4.254787,51.982406]},"properties":{"type":"charge","layer":"passenger","locationId":"89261969","name":"EQUANS SGZH 1.0 89261969","address":"Zwedenstraat 4","city":"De Lier","operatorName":"EQUANS","maxPowerKw":11,"isMegawatt":false,"status":"AVAILABLE","source":"ndw"}},{"type":"Feature","geometry":{"type":"Point","coordinates":[4.18756,51.99231]},"properties":{"type":"charge","layer":"passenger","locationId":"90918883","name":"EQUANS SGZH 2.0 Ranonkelbij 2","address":"Ranonkelbij 2","city":"s-Gravenzande","operatorName":"EQUANS","maxPowerKw":11,"isMegawatt":false,"status":"CHARGING","source":"ndw"}},{"type":"Feature","geometry":{"type":"Point","coordinates":[4.17907,52.00378]},"properties":{"type":"charge","layer":"passenger","locationId":"91328856","name":"EQUANS SGZH 2.0 Wezel 9","address":"Wezel 9","city":"'s-Gravenzande","operatorName":"EQUANS","maxPowerKw":11,"isMegawatt":false,"status":"AVAILABLE","source":"ndw"}},{"type":"Feature","geometry":{"type":"Point","coordinates":[4.170944,52.027945]},"properties":{"type":"charge","layer":"passenger","locationId":"89261986","name":"EQUANS SGZH 1.0 89261986","address":"Zeearend 24","city":"Monster","operatorName":"EQUANS","maxPowerKw":11,"isMegawatt":false,"status":"AVAILABLE","source":"ndw"}},{"type":"Feature","geometry":{"type":"Point","coordinates":[4.217254,51.999617]},"properties":{"type":"charge","layer":"passenger","locationId":"89459862","name":"EQUANS SGZH 2.0 Donnerlaan 83","address":"Donnerlaan 83","city":"Naaldwijk","operatorName":"EQUANS","maxPowerKw":11,"isMegawatt":false,"status":"AVAILABLE","source":"ndw"}},{"type":"Feature","geometry":{"type":"Point","coordinates":[4.283126,52.012951]},"properties":{"type":"charge","layer":"passenger","locationId":"699592fd6960459b3e2a41d0","name":"Agro Care 1","address":"Naaldwijkseweg 100","city":"Wateringen","operatorName":"E-Flux by Road","maxPowerKw":22,"isMegawatt":false,"status":"AVAILABLE","source":"ndw","priceKwh":0.28}},{"type":"Feature","geometry":{"type":"Point","coordinates":[4.21435,51.994636]},"properties":{"type":"charge","layer":"passenger","locationId":"89261928","name":"EQUANS SGZH 1.0 89261928","address":"Bartok 16","city":"Naaldwijk","operatorName":"EQUANS","maxPowerKw":11,"isMegawatt":false,"status":"AVAILABLE","source":"ndw"}},{"type":"Feature","geometry":{"type":"Point","coordinates":[4.168642,52.001574]},"properties":{"type":"charge","layer":"passenger","locationId":"90851403","name":"EQUANS SGZH 2.0 Mr. Schokkingstraat 64","address":"Mr. Schokkingstraat 64","city":"s-Gravenzande","operatorName":"EQUANS","maxPowerKw":11,"isMegawatt":false,"status":"AVAILABLE","source":"ndw"}},{"type":"Feature","geometry":{"type":"Point","coordinates":[4.156931,51.998789]},"properties":{"type":"charge","layer":"passenger","locationId":"89262018","name":"EQUANS SGZH 1.0 89262018","address":"Obrechtlaan 90","city":"'s-Gravenzande","operatorName":"EQUANS","maxPowerKw":11,"isMegawatt":false,"status":"AVAILABLE","source":"ndw"}},{"type":"Feature","geometry":{"type":"Point","coordinates":[4.180236,52.003482]},"properties":{"type":"charge","layer":"passenger","locationId":"89484897","name":"EQUANS SGZH 2.0 89484897","address":"Fluwijn 83","city":"'s-Gravenzande","operatorName":"EQUANS","maxPowerKw":11,"isMegawatt":false,"status":"CHARGING","source":"ndw"}},{"type":"Feature","geometry":{"type":"Point","coordinates":[4.176381,52.029056]},"properties":{"type":"charge","layer":"passenger","locationId":"89484904","name":"EQUANS SGZH 2.0 89484904","address":"Goudenregenstraat 123","city":"Monster","operatorName":"EQUANS","maxPowerKw":11,"isMegawatt":false,"status":"CHARGING","source":"ndw"}},{"type":"Feature","geometry":{"type":"Point","coordinates":[4.229686,51.997435]},"properties":{"type":"charge","layer":"passenger","locationId":"89264133","name":"EQUANS SGZH 1.0 Middel Broekweg 29","address":"Middel Broekweg 29","city":"Honselersdijk","operatorName":"EQUANS","maxPowerKw":11,"isMegawatt":false,"status":"AVAILABLE","source":"ndw"}},{"type":"Feature","geometry":{"type":"Point","coordinates":[4.166675,52.021073]},"properties":{"type":"charge","layer":"passenger","locationId":"89261971","name":"EQUANS SGZH 1.0 89261971","address":"Wilhelminastraat 10","city":"Monster","operatorName":"EQUANS","maxPowerKw":11,"isMegawatt":false,"status":"CHARGING","source":"ndw"}},{"type":"Feature","geometry":{"type":"Point","coordinates":[4.191987,52.033467]},"properties":{"type":"charge","layer":"passenger","locationId":"89261976","name":"EQUANS SGZH 1.0 89261976","address":"Het Eiland 26","city":"Monster","operatorName":"EQUANS","maxPowerKw":11,"isMegawatt":false,"status":"AVAILABLE","source":"ndw"}},{"type":"Feature","geometry":{"type":"Point","coordinates":[4.205385,52.000922]},"properties":{"type":"charge","layer":"passenger","locationId":"90167035","name":"EQUANS SGZH 2.0 de Gouwe 31","address":"de Gouwe 31","city":"Naaldwijk","operatorName":"EQUANS","maxPowerKw":11,"isMegawatt":false,"status":"AVAILABLE","source":"ndw"}},{"type":"Feature","geometry":{"type":"Point","coordinates":[4.284143,52.023248]},"properties":{"type":"charge","layer":"passenger","locationId":"89981277","name":"EQUANS SGZH 2.0 Witte van der Laan 1","address":"Witte van der Laan 1","city":"Wateringen","operatorName":"EQUANS","maxPowerKw":11,"isMegawatt":false,"status":"CHARGING","source":"ndw"}},{"type":"Feature","geometry":{"type":"Point","coordinates":[4.227063,51.972307]},"properties":{"type":"charge","layer":"passenger","locationId":"90273569","name":"EQUANS SGZH 2.0 Jan van de Laarweg 22","address":"Jan van de Laarweg 22","city":"De Lier","operatorName":"EQUANS","maxPowerKw":11,"isMegawatt":false,"status":"AVAILABLE","source":"ndw"}},{"type":"Feature","geometry":{"type":"Point","coordinates":[4.251153,51.988769]},"properties":{"type":"charge","layer":"passenger","locationId":"67cae3702d621d454de7e1c5","name":"SK Roses 10","address":"Noord-Lierweg 40b","city":"De Lier","operatorName":"E-Flux by Road","maxPowerKw":22,"isMegawatt":false,"status":"AVAILABLE","source":"ndw","priceKwh":0.28}},{"type":"Feature","geometry":{"type":"Point","coordinates":[4.24136,51.977804]},"properties":{"type":"charge","layer":"passenger","locationId":"89179046","name":"EQUANS SGZH 2.0 89179046","address":"van Alkemadestraat 16","city":"De Lier","operatorName":"EQUANS","maxPowerKw":17,"isMegawatt":false,"status":"AVAILABLE","source":"ndw"}},{"type":"Feature","geometry":{"type":"Point","coordinates":[4.257516,52.014285]},"properties":{"type":"charge","layer":"passenger","locationId":"89261459","name":"EQUANS SGZH 1.0 89261459","address":"Wilgenhove 1","city":"Kwintsheul","operatorName":"EQUANS","maxPowerKw":11,"isMegawatt":false,"status":"AVAILABLE","source":"ndw"}},{"type":"Feature","geometry":{"type":"Point","coordinates":[4.225704,52.027861]},"properties":{"type":"charge","layer":"passenger","locationId":"89459884","name":"EQUANS SGZH 2.0 89459884","address":"Sprang 12","city":"Poeldijk","operatorName":"EQUANS","maxPowerKw":11,"isMegawatt":false,"status":"CHARGING","source":"ndw"}},{"type":"Feature","geometry":{"type":"Point","coordinates":[4.29728,51.981086]},"properties":{"type":"charge","layer":"passenger","locationId":"65799fb25369a3001ceff7fa","name":"De Tuinderij","address":"Van Wijklaan 2","city":"De Lier","operatorName":"E-Flux by Road","maxPowerKw":22,"isMegawatt":false,"status":"AVAILABLE","source":"ndw","priceKwh":0.48}},{"type":"Feature","geometry":{"type":"Point","coordinates":[4.218931,52.02169]},"properties":{"type":"charge","layer":"passenger","locationId":"89261991","name":"EQUANS SGZH 1.0 89261991","address":"Rijsenburgerweg 34","city":"Poeldijk","operatorName":"EQUANS","maxPowerKw":11,"isMegawatt":false,"status":"CHARGING","source":"ndw"}},{"type":"Feature","geometry":{"type":"Point","coordinates":[4.22545,52.011425]},"properties":{"type":"charge","layer":"passenger","locationId":"67e3aeb291c468d0ec6c4be4","name":"Vollebregt Barten links","address":"Poeldijksepad 5","city":"Honselersdijk","operatorName":"E-Flux by Road","maxPowerKw":22,"isMegawatt":false,"status":"AVAILABLE","source":"ndw","priceKwh":0.53}},{"type":"Feature","geometry":{"type":"Point","coordinates":[4.255297,52.015037]},"properties":{"type":"charge","layer":"passenger","locationId":"89459868","name":"EQUANS SGZH 2.0 89459868","address":"Kwintrum 21","city":"Kwintsheul","operatorName":"EQUANS","maxPowerKw":11,"isMegawatt":false,"status":"AVAILABLE","source":"ndw"}},{"type":"Feature","geometry":{"type":"Point","coordinates":[4.216105,51.99536]},"properties":{"type":"charge","layer":"passenger","locationId":"89954687","name":"EQUANS SGZH 2.0 89954687","address":"Cort van der Lindenstraat 1","city":"Naaldwijk","operatorName":"EQUANS","maxPowerKw":11,"isMegawatt":false,"status":"AVAILABLE","source":"ndw"}},{"type":"Feature","geometry":{"type":"Point","coordinates":[4.170051,52.005134]},"properties":{"type":"charge","layer":"passenger","locationId":"89262012","name":"EQUANS SGZH 1.0 89262012","address":"Van Gochstraat 1","city":"'s-Gravenzande","operatorName":"EQUANS","maxPowerKw":11,"isMegawatt":false,"status":"AVAILABLE","source":"ndw"}},{"type":"Feature","geometry":{"type":"Point","coordinates":[4.17882,52.031667]},"properties":{"type":"charge","layer":"passenger","locationId":"89261975","name":"EQUANS SGZH 1.0 89261975","address":"Geesterwijckstraat 41","city":"Monster","operatorName":"EQUANS","maxPowerKw":11,"isMegawatt":false,"status":"AVAILABLE","source":"ndw"}},{"type":"Feature","geometry":{"type":"Point","coordinates":[4.201067,52.000341]},"properties":{"type":"charge","layer":"passenger","locationId":"90885434","name":"EQUANS SGZH 2.0 Indische Oceaan 2 (De Dommel 11)","address":"Indische Oceaan 2","city":"Naaldwijk","operatorName":"EQUANS","maxPowerKw":11,"isMegawatt":false,"status":"AVAILABLE","source":"ndw"}},{"type":"Feature","geometry":{"type":"Point","coordinates":[4.283126,52.012951]},"properties":{"type":"charge","layer":"passenger","locationId":"699593d8885b785d7ac650cc","name":"Agro Care 2","address":"Naaldwijkseweg 100","city":"Wateringen","operatorName":"E-Flux by Road","maxPowerKw":22,"isMegawatt":false,"status":"AVAILABLE","source":"ndw","priceKwh":0.28}},{"type":"Feature","geometry":{"type":"Point","coordinates":[4.21675,51.98808]},"properties":{"type":"charge","layer":"passenger","locationId":"90987417","name":"EQUANS SGZH 2.0 Florastraat 61","address":"Florastraat 61","city":"Naaldwijk","operatorName":"EQUANS","maxPowerKw":11,"isMegawatt":false,"status":"AVAILABLE","source":"ndw"}},{"type":"Feature","geometry":{"type":"Point","coordinates":[4.227197,51.951751]},"properties":{"type":"charge","layer":"passenger","locationId":"4234450","name":"Laadnet VMeij Installaties BV","address":"Bandijkweg 30","city":"Maasdijk","operatorName":"Laadnet","maxPowerKw":22,"isMegawatt":false,"status":"AVAILABLE","source":"ndw"}},{"type":"Feature","geometry":{"type":"Point","coordinates":[4.254309,51.979197]},"properties":{"type":"charge","layer":"passenger","locationId":"90247527","name":"EQUANS SGZH 2.0 Swaandrift 1","address":"Swaandrift 1","city":"de Lier","operatorName":"EQUANS","maxPowerKw":11,"isMegawatt":false,"status":"CHARGING","source":"ndw"}},{"type":"Feature","geometry":{"type":"Point","coordinates":[4.227915,52.008094]},"properties":{"type":"charge","layer":"passenger","locationId":"90197495","name":"EQUANS SGZH 2.0 Groenelaan 1","address":"Groenelaan 1","city":"Honselersdijk","operatorName":"EQUANS","maxPowerKw":11,"isMegawatt":false,"status":"CHARGING","source":"ndw"}},{"type":"Feature","geometry":{"type":"Point","coordinates":[4.225914,52.028741]},"properties":{"type":"charge","layer":"passenger","locationId":"90832037","name":"EQUANS SGZH 2.0 Loo 28","address":"Loo 28","city":"Poeldijk","operatorName":"EQUANS","maxPowerKw":11,"isMegawatt":false,"status":"AVAILABLE","source":"ndw"}},{"type":"Feature","geometry":{"type":"Point","coordinates":[4.209268,52.020604]},"properties":{"type":"charge","layer":"passenger","locationId":"4216660","name":"Laadnet Kokosystems Holding b.v.","address":"Saturnus 11","city":"Poeldijk","operatorName":"Laadnet","maxPowerKw":22,"isMegawatt":false,"status":"AVAILABLE","source":"ndw"}},{"type":"Feature","geometry":{"type":"Point","coordinates":[4.26598,52.02382]},"properties":{"type":"charge","layer":"passenger","locationId":"91036774","name":"EQUANS SGZH 2.0 Rozemarijn 85","address":"Rozemarijn 85","city":"Wateringen","operatorName":"EQUANS","maxPowerKw":11,"isMegawatt":false,"status":"AVAILABLE","source":"ndw"}},{"type":"Feature","geometry":{"type":"Point","coordinates":[4.254521,52.014193]},"properties":{"type":"charge","layer":"passenger","locationId":"89264210","name":"EQUANS SGZH 1.0 89264210","address":"De Raaphorst 3","city":"Kwintsheul","operatorName":"EQUANS","maxPowerKw":11,"isMegawatt":false,"status":"AVAILABLE","source":"ndw"}},{"type":"Feature","geometry":{"type":"Point","coordinates":[4.282728,51.977662]},"properties":{"type":"charge","layer":"passenger","locationId":"3967155","name":"Laadnet Logico","address":"Zijtwende 19","city":"De Lier","operatorName":"Laadnet","maxPowerKw":22,"isMegawatt":false,"status":"AVAILABLE","source":"ndw"}},{"type":"Feature","geometry":{"type":"Point","coordinates":[4.159984,51.998808]},"properties":{"type":"charge","layer":"passenger","locationId":"89228013","name":"EQUANS SGZH 2.0 89228013","address":"H. Roland Holstweg 37","city":"'S-GRAVENZANDE","operatorName":"EQUANS","maxPowerKw":11,"isMegawatt":false,"status":"AVAILABLE","source":"ndw"}},{"type":"Feature","geometry":{"type":"Point","coordinates":[4.25685,52.01493]},"properties":{"type":"charge","layer":"passenger","locationId":"91333419","name":"EQUANS SGZH 2.0 Lindehove 26","address":"Lindehove 26","city":"Kwintsheul","operatorName":"EQUANS","maxPowerKw":11,"isMegawatt":false,"status":"AVAILABLE","source":"ndw"}},{"type":"Feature","geometry":{"type":"Point","coordinates":[4.211796,51.961071]},"properties":{"type":"charge","layer":"passenger","locationId":"4174449","name":"Laadnet Bos elektrotechniek B.V.","address":"Maasambacht 2A","city":"Maasdijk","operatorName":"Laadnet","maxPowerKw":22,"isMegawatt":false,"status":"AVAILABLE","source":"ndw"}},{"type":"Feature","geometry":{"type":"Point","coordinates":[4.213996,51.989801]},"properties":{"type":"charge","layer":"passenger","locationId":"89488013","name":"EQUANS SGZH 2.0 89488013","address":"Alicantestraat 5","city":"Naaldwijk","operatorName":"EQUANS","maxPowerKw":11,"isMegawatt":false,"status":"AVAILABLE","source":"ndw"}},{"type":"Feature","geometry":{"type":"Point","coordinates":[4.221346,51.994292]},"properties":{"type":"charge","layer":"passenger","locationId":"90195819","name":"EQUANS SGZH 2.0 Aalbersestraat 38","address":"Aalbersestraat 38","city":"Naaldwijk","operatorName":"EQUANS","maxPowerKw":11,"isMegawatt":false,"status":"AVAILABLE","source":"ndw"}},{"type":"Feature","geometry":{"type":"Point","coordinates":[4.276818,52.030932]},"properties":{"type":"charge","layer":"passenger","locationId":"89087073","name":"EQUANS SGZH 1.0 89087073","address":"Van der Wateringhestraat 34","city":"Wateringen","operatorName":"EQUANS","maxPowerKw":22,"isMegawatt":false,"status":"AVAILABLE","source":"ndw"}},{"type":"Feature","geometry":{"type":"Point","coordinates":[4.283126,52.012951]},"properties":{"type":"charge","layer":"passenger","locationId":"6996d88e3fcbf4ea8c53691c","name":"Agro Care 3","address":"Naaldwijkseweg 100","city":"Wateringen","operatorName":"E-Flux by Road","maxPowerKw":11,"isMegawatt":false,"status":"AVAILABLE","source":"ndw","priceKwh":0.28}},{"type":"Feature","geometry":{"type":"Point","coordinates":[4.2058,51.99123]},"properties":{"type":"charge","layer":"passenger","locationId":"91357951","name":"EQUANS SGZH 2.0 Zuidbrug 6","address":"Zuidbrug 6","city":"Naaldwijk","operatorName":"EQUANS","maxPowerKw":11,"isMegawatt":false,"status":"AVAILABLE","source":"ndw"}},{"type":"Feature","geometry":{"type":"Point","coordinates":[4.258604,51.95959]},"properties":{"type":"charge","layer":"passenger","locationId":"4567A48A-1939-40E8-8797-D0B2FBF40376","name":"Eneco eMobility Growers United De Lier","address":"Scheeweg 9","city":"De Lier","operatorName":"Eneco","maxPowerKw":11,"isMegawatt":false,"status":"AVAILABLE","source":"ndw","priceKwh":0.3}},{"type":"Feature","geometry":{"type":"Point","coordinates":[4.251186,51.988753]},"properties":{"type":"charge","layer":"passenger","locationId":"67cad25da918f52dec6667f8","name":"SK Roses 7","address":"Noord-Lierweg 40b","city":"40b","operatorName":"E-Flux by Road","maxPowerKw":22,"isMegawatt":false,"status":"AVAILABLE","source":"ndw","priceKwh":0.28}},{"type":"Feature","geometry":{"type":"Point","coordinates":[4.280704,52.027607]},"properties":{"type":"charge","layer":"passenger","locationId":"89459879","name":"EQUANS SGZH 2.0 89459879","address":"Singel 2","city":"Wateringen","operatorName":"EQUANS","maxPowerKw":11,"isMegawatt":false,"status":"AVAILABLE","source":"ndw"}},{"type":"Feature","geometry":{"type":"Point","coordinates":[4.21157,51.99747]},"properties":{"type":"charge","layer":"passenger","locationId":"90970749","name":"EQUANS SGZH 2.0 Grote Woerdlaan 1","address":"Grote Woerdlaan 1","city":"Naaldwijk","operatorName":"EQUANS","maxPowerKw":11,"isMegawatt":false,"status":"AVAILABLE","source":"ndw"}},{"type":"Feature","geometry":{"type":"Point","coordinates":[4.228703,51.958384]},"properties":{"type":"charge","layer":"passenger","locationId":"OST22P0016_0003_0","name":"OST22P0016_0003_0","address":"Honderdland 71","city":"Maasdijk","operatorName":"e-VOLTT","maxPowerKw":19,"isMegawatt":false,"status":"AVAILABLE","source":"ndw","priceKwh":0.5}},{"type":"Feature","geometry":{"type":"Point","coordinates":[4.266901,51.973331]},"properties":{"type":"charge","layer":"passenger","locationId":"3642119","name":"Laadnet Rijk Zwaan De Hybride","address":"Zijtwende 46","city":"De Lier","operatorName":"Laadnet","maxPowerKw":22,"isMegawatt":false,"status":"AVAILABLE","source":"ndw"}},{"type":"Feature","geometry":{"type":"Point","coordinates":[4.176186,51.999085]},"properties":{"type":"charge","layer":"passenger","locationId":"89262025","name":"EQUANS SGZH 1.0 89262025","address":"Meerkoet 2","city":"'s-Gravenzande","operatorName":"EQUANS","maxPowerKw":11,"isMegawatt":false,"status":"CHARGING","source":"ndw"}},{"type":"Feature","geometry":{"type":"Point","coordinates":[4.208132,51.98708]},"properties":{"type":"charge","layer":"passenger","locationId":"89942892","name":"EQUANS SGZH 2.0 89942892","address":"Zuidweg 33 A","city":"Naaldwijk","operatorName":"EQUANS","maxPowerKw":11,"isMegawatt":false,"status":"AVAILABLE","source":"ndw"}},{"type":"Feature","geometry":{"type":"Point","coordinates":[4.173114,52.023955]},"properties":{"type":"charge","layer":"passenger","locationId":"89261972","name":"EQUANS SGZH 1.0 89261972","address":"Clematis 1","city":"Monster","operatorName":"EQUANS","maxPowerKw":11,"isMegawatt":false,"status":"AVAILABLE","source":"ndw"}},{"type":"Feature","geometry":{"type":"Point","coordinates":[4.25714,51.97193]},"properties":{"type":"charge","layer":"passenger","locationId":"4216250","name":"Laadnet Rijk Zwaan TCHT","address":"Burgemeester Crezeelaan 66a","city":"De Lier","operatorName":"Laadnet","maxPowerKw":22,"isMegawatt":false,"status":"AVAILABLE","source":"ndw"}},{"type":"Feature","geometry":{"type":"Point","coordinates":[4.218998,51.99391]},"properties":{"type":"charge","layer":"passenger","locationId":"89309298","name":"EQUANS SGZH 1.0 89309298","address":"Calsstraat 38","city":"Naaldwijk","operatorName":"EQUANS","maxPowerKw":11,"isMegawatt":false,"status":"CHARGING","source":"ndw"}},{"type":"Feature","geometry":{"type":"Point","coordinates":[4.240735,51.973891]},"properties":{"type":"charge","layer":"passenger","locationId":"89183085","name":"EQUANS SGZH 2.0 89183085","address":"Tuba 82","city":"De Lier","operatorName":"EQUANS","maxPowerKw":17,"isMegawatt":false,"status":"AVAILABLE","source":"ndw"}},{"type":"Feature","geometry":{"type":"Point","coordinates":[4.173898,51.998716]},"properties":{"type":"charge","layer":"passenger","locationId":"89620347","name":"EQUANS SGZH 2.0 89620347","address":"Prins Mauritsstraat 16","city":"'s-Gravenzande","operatorName":"EQUANS","maxPowerKw":11,"isMegawatt":false,"status":"AVAILABLE","source":"ndw"}},{"type":"Feature","geometry":{"type":"Point","coordinates":[4.250843,51.971714]},"properties":{"type":"charge","layer":"passenger","locationId":"4160623","name":"Laadnet Vreugdenhil Young Plants 2","address":"Burgemeester Crezeelaan 12","city":"De Lier","operatorName":"Laadnet","maxPowerKw":22,"isMegawatt":false,"status":"AVAILABLE","source":"ndw"}},{"type":"Feature","geometry":{"type":"Point","coordinates":[4.214512,51.95881]},"properties":{"type":"charge","layer":"passenger","locationId":"90195841","name":"EQUANS SGZH 2.0 Kerkhoflaan 1","address":"Kerkhoflaan 1","city":"Maasdijk","operatorName":"EQUANS","maxPowerKw":11,"isMegawatt":false,"status":"AVAILABLE","source":"ndw"}},{"type":"Feature","geometry":{"type":"Point","coordinates":[4.236507,52.010127]},"properties":{"type":"charge","layer":"passenger","locationId":"90851401","name":"EQUANS SGZH 2.0 Van der Marelstraat 1","address":"Van der Marelstraat 1","city":"Honselersdijk","operatorName":"EQUANS","maxPowerKw":11,"isMegawatt":false,"status":"AVAILABLE","source":"ndw"}},{"type":"Feature","geometry":{"type":"Point","coordinates":[4.233655,51.974276]},"properties":{"type":"charge","layer":"passenger","locationId":"3966601","name":"Laadnet Boekestijn","address":"Kijckerweg 105-A","city":"De Lier","operatorName":"Laadnet","maxPowerKw":22,"isMegawatt":false,"status":"AVAILABLE","source":"ndw"}},{"type":"Feature","geometry":{"type":"Point","coordinates":[4.164986,52.022995]},"properties":{"type":"charge","layer":"passenger","locationId":"89620317","name":"EQUANS SGZH 2.0 89620317","address":"Zeereep 83","city":"Monster","operatorName":"EQUANS","maxPowerKw":11,"isMegawatt":false,"status":"AVAILABLE","source":"ndw"}},{"type":"Feature","geometry":{"type":"Point","coordinates":[4.251306,51.974188]},"properties":{"type":"charge","layer":"passenger","locationId":"89264173","name":"EQUANS SGZH 1.0 89264173","address":"Prinses Irenestraat 3","city":"De Lier","operatorName":"EQUANS","maxPowerKw":11,"isMegawatt":false,"status":"AVAILABLE","source":"ndw"}},{"type":"Feature","geometry":{"type":"Point","coordinates":[4.195778,51.998805]},"properties":{"type":"charge","layer":"passenger","locationId":"90369516","name":"EQUANS SGZH 2.0 Zilverzand 15","address":"Zilverzand 15","city":"Naaldwijk","operatorName":"EQUANS","maxPowerKw":11,"isMegawatt":false,"status":"AVAILABLE","source":"ndw"}},{"type":"Feature","geometry":{"type":"Point","coordinates":[4.27952,52.01891]},"properties":{"type":"charge","layer":"passenger","locationId":"90991201","name":"EQUANS SGZH 2.0 Rietveen 14","address":"Rietveen 14","city":"Wateringen","operatorName":"EQUANS","maxPowerKw":11,"isMegawatt":false,"status":"AVAILABLE","source":"ndw"}},{"type":"Feature","geometry":{"type":"Point","coordinates":[4.158928,52.001773]},"properties":{"type":"charge","layer":"passenger","locationId":"89922057","name":"EQUANS SGZH 1.0 Zandeveltplein 62","address":"Zandeveltplein 62","city":"'s-Gravenzande","operatorName":"EQUANS","maxPowerKw":11,"isMegawatt":false,"status":"AVAILABLE","source":"ndw"}},{"type":"Feature","geometry":{"type":"Point","coordinates":[4.216224,51.992642]},"properties":{"type":"charge","layer":"passenger","locationId":"90186668","name":"EQUANS SGZH 2.0 Wagenaarstraat 42","address":"Wagenaarstraat 42","city":"Naaldwijk","operatorName":"EQUANS","maxPowerKw":11,"isMegawatt":false,"status":"AVAILABLE","source":"ndw"}},{"type":"Feature","geometry":{"type":"Point","coordinates":[4.253676,51.975316]},"properties":{"type":"charge","layer":"passenger","locationId":"90189820","name":"EQUANS SGZH 2.0 Hoofdstraat 102","address":"Hoofdstraat 102","city":"de Lier","operatorName":"EQUANS","maxPowerKw":11,"isMegawatt":false,"status":"AVAILABLE","source":"ndw"}},{"type":"Feature","geometry":{"type":"Point","coordinates":[4.269423,52.026282]},"properties":{"type":"charge","layer":"passenger","locationId":"89261445","name":"EQUANS SGZH 1.0 89261445","address":"Doctor Schaepmanstraat 1","city":"Wateringen","operatorName":"EQUANS","maxPowerKw":11,"isMegawatt":false,"status":"UNAVAILABLE","source":"ndw"}},{"type":"Feature","geometry":{"type":"Point","coordinates":[4.240405,51.992923]},"properties":{"type":"charge","layer":"passenger","locationId":"4174798","name":"Laadnet Wollebrand Lakehouse","address":"Broekpolderlaan 10","city":"Honselersdijk","operatorName":"Laadnet","maxPowerKw":22,"isMegawatt":false,"status":"AVAILABLE","source":"ndw"}},{"type":"Feature","geometry":{"type":"Point","coordinates":[4.276563,52.024338]},"properties":{"type":"charge","layer":"passenger","locationId":"89261435","name":"EQUANS SGZH 1.0 89261435","address":"Gantelplein 9","city":"Wateringen","operatorName":"EQUANS","maxPowerKw":11,"isMegawatt":false,"status":"AVAILABLE","source":"ndw"}},{"type":"Feature","geometry":{"type":"Point","coordinates":[4.257469,51.977978]},"properties":{"type":"charge","layer":"passenger","locationId":"89264211","name":"EQUANS SGZH 1.0 89264211","address":"Heemwerf 48","city":"De Lier","operatorName":"EQUANS","maxPowerKw":11,"isMegawatt":false,"status":"AVAILABLE","source":"ndw"}},{"type":"Feature","geometry":{"type":"Point","coordinates":[4.137068,51.998233]},"properties":{"type":"charge","layer":"passenger","locationId":"923348","name":"PBLR-0002563","address":"De Heeren van 's-Gravenzande 72","city":"'s-Gravenzande","operatorName":"DAEN Mobility","maxPowerKw":4,"isMegawatt":false,"status":"AVAILABLE","source":"ndw","priceKwh":0.35}},{"type":"Feature","geometry":{"type":"Point","coordinates":[4.173013,52.029167]},"properties":{"type":"charge","layer":"passenger","locationId":"89470302","name":"EQUANS SGZH 2.0 89470302","address":"Rijnweg 230","city":"Monster","operatorName":"EQUANS","maxPowerKw":11,"isMegawatt":false,"status":"AVAILABLE","source":"ndw"}},{"type":"Feature","geometry":{"type":"Point","coordinates":[4.25732,52.01177]},"properties":{"type":"charge","layer":"passenger","locationId":"91245876","name":"EQUANS SGZH 2.0 Hoenderparklaan 120","address":"Hoenderparklaan 120","city":"Kwintsheul","operatorName":"EQUANS","maxPowerKw":11,"isMegawatt":false,"status":"AVAILABLE","source":"ndw"}},{"type":"Feature","geometry":{"type":"Point","coordinates":[4.169111,51.999508]},"properties":{"type":"charge","layer":"passenger","locationId":"89262010","name":"EQUANS SGZH 1.0 89262010","address":"Esdoornstraat 2","city":"'s-Gravenzande","operatorName":"EQUANS","maxPowerKw":11,"isMegawatt":false,"status":"AVAILABLE","source":"ndw"}},{"type":"Feature","geometry":{"type":"Point","coordinates":[4.212582,51.990331]},"properties":{"type":"charge","layer":"passenger","locationId":"89604310","name":"EQUANS SGZH 2.0 89604310","address":"Orchideestraat 14","city":"Naaldwijk","operatorName":"EQUANS","maxPowerKw":11,"isMegawatt":false,"status":"AVAILABLE","source":"ndw"}},{"type":"Feature","geometry":{"type":"Point","coordinates":[4.176034,52.022749]},"properties":{"type":"charge","layer":"passenger","locationId":"89261970","name":"EQUANS SGZH 1.0 89261970","address":"Frans Halsstraat 14","city":"Monster","operatorName":"EQUANS","maxPowerKw":11,"isMegawatt":false,"status":"AVAILABLE","source":"ndw"}},{"type":"Feature","geometry":{"type":"Point","coordinates":[4.222608,52.02675]},"properties":{"type":"charge","layer":"passenger","locationId":"89261999","name":"EQUANS SGZH 1.0 89261999","address":"Kwelder 3","city":"Poeldijk","operatorName":"EQUANS","maxPowerKw":11,"isMegawatt":false,"status":"AVAILABLE","source":"ndw"}},{"type":"Feature","geometry":{"type":"Point","coordinates":[4.201095,51.997326]},"properties":{"type":"charge","layer":"passenger","locationId":"89927735","name":"EQUANS SGZH 2.0 89927735","address":"Zeevonk 11","city":"Naaldwijk","operatorName":"EQUANS","maxPowerKw":11,"isMegawatt":false,"status":"CHARGING","source":"ndw"}},{"type":"Feature","geometry":{"type":"Point","coordinates":[4.162905,52.004257]},"properties":{"type":"charge","layer":"passenger","locationId":"90175537","name":"EQUANS SGZH 2.0 Veilingkade 28","address":"Veilingkade 28","city":"'s-Gravenzande","operatorName":"EQUANS","maxPowerKw":11,"isMegawatt":false,"status":"AVAILABLE","source":"ndw"}},{"type":"Feature","geometry":{"type":"Point","coordinates":[4.1804,51.983199]},"properties":{"type":"charge","layer":"passenger","locationId":"89262007","name":"EQUANS SGZH 1.0 89262007","address":"Anjerstraat 2","city":"'s-Gravenzande","operatorName":"EQUANS","maxPowerKw":11,"isMegawatt":false,"status":"AVAILABLE","source":"ndw"}},{"type":"Feature","geometry":{"type":"Point","coordinates":[4.169109,52.00349]},"properties":{"type":"charge","layer":"passenger","locationId":"90885206","name":"EQUANS SGZH 2.0 Mumsenstraat 57 t.h.v. Dingemans van de Kasteelple","address":"Mumsenstraat 57","city":"'s-Gravenzande","operatorName":"EQUANS","maxPowerKw":11,"isMegawatt":false,"status":"AVAILABLE","source":"ndw"}},{"type":"Feature","geometry":{"type":"Point","coordinates":[4.22687,52.026586]},"properties":{"type":"charge","layer":"passenger","locationId":"89261993","name":"EQUANS SGZH 1.0 89261993","address":"De Boerstraat 3","city":"Poeldijk","operatorName":"EQUANS","maxPowerKw":11,"isMegawatt":false,"status":"AVAILABLE","source":"ndw"}},{"type":"Feature","geometry":{"type":"Point","coordinates":[4.226669,52.02843]},"properties":{"type":"charge","layer":"passenger","locationId":"90943953","name":"EQUANS SGZH 2.0 Sprang 3","address":"Sprang 3","city":"Poeldijk","operatorName":"EQUANS","maxPowerKw":11,"isMegawatt":false,"status":"AVAILABLE","source":"ndw"}},{"type":"Feature","geometry":{"type":"Point","coordinates":[4.26811,52.02254]},"properties":{"type":"charge","layer":"passenger","locationId":"91298739","name":"EQUANS SGZH 2.0 Rozemarijn 2","address":"Rozemarijn 2","city":"Wateringen","operatorName":"EQUANS","maxPowerKw":11,"isMegawatt":false,"status":"AVAILABLE","source":"ndw"}},{"type":"Feature","geometry":{"type":"Point","coordinates":[4.22223,52.02444]},"properties":{"type":"charge","layer":"passenger","locationId":"90994625","name":"EQUANS SGZH 2.0 Sutoriusstraat 27","address":"Sutoriusstraat 27","city":"Poeldijk","operatorName":"EQUANS","maxPowerKw":11,"isMegawatt":false,"status":"AVAILABLE","source":"ndw"}},{"type":"Feature","geometry":{"type":"Point","coordinates":[4.171652,52.023279]},"properties":{"type":"charge","layer":"passenger","locationId":"68282c1ed6e9efc351feaf34","name":"Hoogvliet, Molenstraat 46 Monster - I","address":"Molenstraat 46","city":"Monster","operatorName":"E-Flux by Road","maxPowerKw":22,"isMegawatt":false,"status":"AVAILABLE","source":"ndw","priceKwh":0.38}},{"type":"Feature","geometry":{"type":"Point","coordinates":[4.267447,52.027565]},"properties":{"type":"charge","layer":"passenger","locationId":"89261446","name":"EQUANS SGZH 1.0 Irenestraat 43","address":"Irenestraat 43","city":"Wateringen","operatorName":"EQUANS","maxPowerKw":11,"isMegawatt":false,"status":"AVAILABLE","source":"ndw"}},{"type":"Feature","geometry":{"type":"Point","coordinates":[4.204887,52.003635]},"properties":{"type":"charge","layer":"passenger","locationId":"89238511","name":"EQUANS SGZH 2.0 89238511","address":"Noordkaper 65","city":"Naaldwijk","operatorName":"EQUANS","maxPowerKw":11,"isMegawatt":false,"status":"AVAILABLE","source":"ndw"}},{"type":"Feature","geometry":{"type":"Point","coordinates":[4.250801,51.98125]},"properties":{"type":"charge","layer":"passenger","locationId":"90306194","name":"EQUANS SGZH 2.0 (t.h.v. Leeuweriklaan 60)","address":"Lijster 26","city":"De Lier","operatorName":"EQUANS","maxPowerKw":11,"isMegawatt":false,"status":"AVAILABLE","source":"ndw"}},{"type":"Feature","geometry":{"type":"Point","coordinates":[4.282811,52.023002]},"properties":{"type":"charge","layer":"passenger","locationId":"89261441","name":"EQUANS SGZH 1.0 89261441","address":"De Frankenthaler 93","city":"Wateringen","operatorName":"EQUANS","maxPowerKw":11,"isMegawatt":false,"status":"AVAILABLE","source":"ndw"}},{"type":"Feature","geometry":{"type":"Point","coordinates":[4.205767,51.991763]},"properties":{"type":"charge","layer":"passenger","locationId":"89238538","name":"EQUANS SGZH 2.0 89238538","address":"Willem van Hooffstraat 69","city":"Naaldwijk","operatorName":"EQUANS","maxPowerKw":11,"isMegawatt":false,"status":"AVAILABLE","source":"ndw"}},{"type":"Feature","geometry":{"type":"Point","coordinates":[4.273175,52.022333]},"properties":{"type":"charge","layer":"passenger","locationId":"91261386","name":"EQUANS SGZH 2.0 Voorzoom 1","address":"Voorzoom 1","city":"Wateringen","operatorName":"EQUANS","maxPowerKw":11,"isMegawatt":false,"status":"AVAILABLE","source":"ndw"}},{"type":"Feature","geometry":{"type":"Point","coordinates":[4.275814,52.000715]},"properties":{"type":"charge","layer":"passenger","locationId":"63d2979a015f5c001276402e","name":"Patrick Kok 's station","address":"zwet 1c","city":"kwinsheul","operatorName":"E-Flux by Road","maxPowerKw":22,"isMegawatt":false,"status":"AVAILABLE","source":"ndw","priceKwh":0.38}},{"type":"Feature","geometry":{"type":"Point","coordinates":[4.269644,52.026651]},"properties":{"type":"charge","layer":"passenger","locationId":"90918879","name":"EQUANS SGZH 2.0 Julianastraat 11B","address":"Julianastraat 11B","city":"Wateringen","operatorName":"EQUANS","maxPowerKw":11,"isMegawatt":false,"status":"CHARGING","source":"ndw"}},{"type":"Feature","geometry":{"type":"Point","coordinates":[4.222696,52.027716]},"properties":{"type":"charge","layer":"passenger","locationId":"89604317","name":"EQUANS SGZH 2.0 89604317","address":"Kreek 29","city":"Poeldijk","operatorName":"EQUANS","maxPowerKw":11,"isMegawatt":false,"status":"AVAILABLE","source":"ndw"}},{"type":"Feature","geometry":{"type":"Point","coordinates":[4.251261,51.988723]},"properties":{"type":"charge","layer":"passenger","locationId":"67cad04cbfb8a65609b0e8cf","name":"SK Roses 6","address":"Noord-Lierweg 40b","city":"De Lier","operatorName":"E-Flux by Road","maxPowerKw":22,"isMegawatt":false,"status":"AVAILABLE","source":"ndw","priceKwh":0.28}},{"type":"Feature","geometry":{"type":"Point","coordinates":[4.232513,52.007625]},"properties":{"type":"charge","layer":"passenger","locationId":"89178218","name":"EQUANS SGZH 2.0 Pijnacker Hordijklaan 1","address":"Pijnacker Hordijklaan 1","city":"Honselersdijk","operatorName":"EQUANS","maxPowerKw":17,"isMegawatt":false,"status":"AVAILABLE","source":"ndw"}},{"type":"Feature","geometry":{"type":"Point","coordinates":[4.188456,51.990799]},"properties":{"type":"charge","layer":"passenger","locationId":"89262023","name":"EQUANS SGZH 1.0 89262023","address":"Vuurvlinder 32","city":"'s-Gravenzande","operatorName":"EQUANS","maxPowerKw":11,"isMegawatt":false,"status":"AVAILABLE","source":"ndw"}},{"type":"Feature","geometry":{"type":"Point","coordinates":[4.206738,51.997663]},"properties":{"type":"charge","layer":"passenger","locationId":"89481113","name":"EQUANS SGZH 2.0 89481113","address":"Midden Woerd 2 A","city":"Naaldwijk","operatorName":"EQUANS","maxPowerKw":11,"isMegawatt":false,"status":"AVAILABLE","source":"ndw"}},{"type":"Feature","geometry":{"type":"Point","coordinates":[4.21783,51.99473]},"properties":{"type":"charge","layer":"passenger","locationId":"90918868","name":"EQUANS SGZH 2.0 Schaepmanstraat 33","address":"Schaepmanstraat 33","city":"Naaldwijk","operatorName":"EQUANS","maxPowerKw":11,"isMegawatt":false,"status":"AVAILABLE","source":"ndw"}},{"type":"Feature","geometry":{"type":"Point","coordinates":[4.25437,51.97814]},"properties":{"type":"charge","layer":"passenger","locationId":"91391581","name":"EQUANS SGZH 2.0 Molenaarlaan 39","address":"Molenaarlaan 39","city":"De Lier","operatorName":"EQUANS","maxPowerKw":11,"isMegawatt":false,"status":"AVAILABLE","source":"ndw"}},{"type":"Feature","geometry":{"type":"Point","coordinates":[4.273945,52.021327]},"properties":{"type":"charge","layer":"passenger","locationId":"89183086","name":"EQUANS SGZH 2.0 89183086","address":"Windmolen 29","city":"Wateringen","operatorName":"EQUANS","maxPowerKw":11,"isMegawatt":false,"status":"AVAILABLE","source":"ndw"}},{"type":"Feature","geometry":{"type":"Point","coordinates":[4.175117,52.022202]},"properties":{"type":"charge","layer":"passenger","locationId":"89358810","name":"EQUANS SGZH 2.0 89358810","address":"Rembrandtstraat 2 A","city":"Monster","operatorName":"EQUANS","maxPowerKw":11,"isMegawatt":false,"status":"CHARGING","source":"ndw"}},{"type":"Feature","geometry":{"type":"Point","coordinates":[4.209471,51.984461]},"properties":{"type":"charge","layer":"passenger","locationId":"89358831","name":"EQUANS SGZH 2.0 89358831","address":"Hoogwerf 8 D","city":"Naaldwijk","operatorName":"EQUANS","maxPowerKw":11,"isMegawatt":false,"status":"AVAILABLE","source":"ndw"}},{"type":"Feature","geometry":{"type":"Point","coordinates":[4.162084,52.021595]},"properties":{"type":"charge","layer":"passenger","locationId":"90099052","name":"EQUANS SGZH 2.0 Tapijtschelp 11","address":"Tapijtschelp 11","city":"Monster","operatorName":"EQUANS","maxPowerKw":11,"isMegawatt":false,"status":"AVAILABLE","source":"ndw"}},{"type":"Feature","geometry":{"type":"Point","coordinates":[4.274481,52.02391]},"properties":{"type":"charge","layer":"passenger","locationId":"89264144","name":"EQUANS SGZH 1.0 89264144","address":"Plein 7","city":"Wateringen","operatorName":"EQUANS","maxPowerKw":11,"isMegawatt":false,"status":"AVAILABLE","source":"ndw"}},{"type":"Feature","geometry":{"type":"Point","coordinates":[4.162225,52.006347]},"properties":{"type":"charge","layer":"passenger","locationId":"89262030","name":"EQUANS SGZH 1.0 89262030","address":"Rederijkerslaan 23","city":"'s-Gravenzande","operatorName":"EQUANS","maxPowerKw":11,"isMegawatt":false,"status":"CHARGING","source":"ndw"}},{"type":"Feature","geometry":{"type":"Point","coordinates":[4.28551,52.013464]},"properties":{"type":"charge","layer":"passenger","locationId":"OST22P0016_0053_0","name":"OST22P0016_0053_0","address":"Westlandseweg 11","city":"Wateringen","operatorName":"e-VOLTT","maxPowerKw":38,"isMegawatt":false,"status":"AVAILABLE","source":"ndw","priceKwh":0.4}},{"type":"Feature","geometry":{"type":"Point","coordinates":[4.243096,51.963909]},"properties":{"type":"charge","layer":"passenger","locationId":"4241065","name":"Laadnet Kwekerij Bergcamp","address":"Oudecampsweg 11","city":"De Lier","operatorName":"Laadnet","maxPowerKw":22,"isMegawatt":false,"status":"AVAILABLE","source":"ndw"}},{"type":"Feature","geometry":{"type":"Point","coordinates":[4.214826,51.99642]},"properties":{"type":"charge","layer":"passenger","locationId":"89954688","name":"EQUANS SGZH 2.0 89954688","address":"Beelstraat 24","city":"Naaldwijk","operatorName":"EQUANS","maxPowerKw":11,"isMegawatt":false,"status":"AVAILABLE","source":"ndw"}},{"type":"Feature","geometry":{"type":"Point","coordinates":[4.278783,52.02036]},"properties":{"type":"charge","layer":"passenger","locationId":"89261440","name":"EQUANS SGZH 1.0 89261440","address":"Dorpskade 74","city":"Wateringen","operatorName":"EQUANS","maxPowerKw":11,"isMegawatt":false,"status":"AVAILABLE","source":"ndw"}},{"type":"Feature","geometry":{"type":"Point","coordinates":[4.20851,51.958846]},"properties":{"type":"charge","layer":"passenger","locationId":"89261951","name":"EQUANS SGZH 1.0 89261951","address":"Lange Kruisweg 44E","city":"Maasdijk","operatorName":"EQUANS","maxPowerKw":11,"isMegawatt":false,"status":"AVAILABLE","source":"ndw"}},{"type":"Feature","geometry":{"type":"Point","coordinates":[4.28914,52.00721]},"properties":{"type":"charge","layer":"passenger","locationId":"bb177f35ca6344898e305ca368ab92dc","name":"Wateringen 00087 Boerderij Dichtbij  ","address":"Zwetkade Noord 3","city":"Wateringen","operatorName":"Opcharge","maxPowerKw":22,"isMegawatt":false,"status":"AVAILABLE","source":"ndw","priceKwh":0.49}},{"type":"Feature","geometry":{"type":"Point","coordinates":[4.289514,52.019111]},"properties":{"type":"charge","layer":"passenger","locationId":"89261456","name":"EQUANS SGZH 1.0 89261456","address":"Bloemenlaan 16","city":"Wateringen","operatorName":"EQUANS","maxPowerKw":11,"isMegawatt":false,"status":"CHARGING","source":"ndw"}},{"type":"Feature","geometry":{"type":"Point","coordinates":[4.253126,52.012731]},"properties":{"type":"charge","layer":"passenger","locationId":"89459866","name":"EQUANS SGZH 2.0 89459866","address":"Gele Kwikstaart 29","city":"Kwintsheul","operatorName":"EQUANS","maxPowerKw":11,"isMegawatt":false,"status":"AVAILABLE","source":"ndw"}},{"type":"Feature","geometry":{"type":"Point","coordinates":[4.237519,52.009092]},"properties":{"type":"charge","layer":"passenger","locationId":"89261948","name":"EQUANS SGZH 1.0 89261948","address":"Platostraat 18","city":"Honselersdijk","operatorName":"EQUANS","maxPowerKw":11,"isMegawatt":false,"status":"AVAILABLE","source":"ndw"}},{"type":"Feature","geometry":{"type":"Point","coordinates":[4.215756,52.022134]},"properties":{"type":"charge","layer":"passenger","locationId":"89261992","name":"EQUANS SGZH 1.0 89261992","address":"Rijsenburgerweg 2","city":"Poeldijk","operatorName":"EQUANS","maxPowerKw":11,"isMegawatt":false,"status":"AVAILABLE","source":"ndw"}},{"type":"Feature","geometry":{"type":"Point","coordinates":[4.25409,51.97661]},"properties":{"type":"charge","layer":"passenger","locationId":"91328851","name":"EQUANS SGZH 2.0 Hohorst 36","address":"Hohorst 36","city":"De Lier","operatorName":"EQUANS","maxPowerKw":11,"isMegawatt":false,"status":"AVAILABLE","source":"ndw"}},{"type":"Feature","geometry":{"type":"Point","coordinates":[4.220623,52.002239]},"properties":{"type":"charge","layer":"passenger","locationId":"89264132","name":"EQUANS SGZH 1.0 89264132","address":"Dijkweg 72","city":"Honselersdijk","operatorName":"EQUANS","maxPowerKw":11,"isMegawatt":false,"status":"CHARGING","source":"ndw"}},{"type":"Feature","geometry":{"type":"Point","coordinates":[4.159188,52.005012]},"properties":{"type":"charge","layer":"passenger","locationId":"89455025","name":"EQUANS SGZH 2.0 89455025","address":"Noordwind 3","city":"'s-Gravenzande","operatorName":"EQUANS","maxPowerKw":11,"isMegawatt":false,"status":"AVAILABLE","source":"ndw"}},{"type":"Feature","geometry":{"type":"Point","coordinates":[4.170099,51.99826]},"properties":{"type":"charge","layer":"passenger","locationId":"89604314","name":"EQUANS SGZH 2.0 89604314","address":"Ahornplein 57","city":"'s-Gravenzande","operatorName":"EQUANS","maxPowerKw":11,"isMegawatt":false,"status":"AVAILABLE","source":"ndw"}},{"type":"Feature","geometry":{"type":"Point","coordinates":[4.265119,51.977916]},"properties":{"type":"charge","layer":"passenger","locationId":"64007f640f1ffc00127cf414","name":"Berkman - De Lier","address":"Lierweg  107","city":"De Lier","operatorName":"E-Flux by Road","maxPowerKw":50,"isMegawatt":false,"status":"AVAILABLE","source":"ndw","priceKwh":0.72}},{"type":"Feature","geometry":{"type":"Point","coordinates":[4.169014,52.027393]},"properties":{"type":"charge","layer":"passenger","locationId":"90369523","name":"EQUANS SGZH 2.0 Sternstraat 21","address":"Sternstraat 21","city":"Monster","operatorName":"EQUANS","maxPowerKw":11,"isMegawatt":false,"status":"AVAILABLE","source":"ndw"}},{"type":"Feature","geometry":{"type":"Point","coordinates":[4.222242,51.96235]},"properties":{"type":"charge","layer":"passenger","locationId":"AF894E34-6371-4A57-9D8C-7AC93D5CB20D","name":"Eneco eMobility Firma Greenpack - Maasdijk","address":"Honderdland 431","city":"Maasdijk","operatorName":"Eneco","maxPowerKw":11,"isMegawatt":false,"status":"AVAILABLE","source":"ndw","priceKwh":0.55}},{"type":"Feature","geometry":{"type":"Point","coordinates":[4.17078,51.995471]},"properties":{"type":"charge","layer":"passenger","locationId":"90111914","name":"EQUANS SGZH 2.0 Spinel 1","address":"Spinel 1","city":"'s-Gravenzande","operatorName":"EQUANS","maxPowerKw":11,"isMegawatt":false,"status":"AVAILABLE","source":"ndw"}},{"type":"Feature","geometry":{"type":"Point","coordinates":[4.167341,52.002957]},"properties":{"type":"charge","layer":"passenger","locationId":"90249573","name":"EQUANS SGZH 2.0 de Konnighstraat 25","address":"de Konnighstraat 25","city":"'s-Gravenzande","operatorName":"EQUANS","maxPowerKw":11,"isMegawatt":false,"status":"AVAILABLE","source":"ndw"}},{"type":"Feature","geometry":{"type":"Point","coordinates":[4.199038,51.990483]},"properties":{"type":"charge","layer":"passenger","locationId":"90306132","name":"EQUANS SGZH 2.0 Populier 54","address":"Populier 54","city":"Naaldwijk","operatorName":"EQUANS","maxPowerKw":11,"isMegawatt":false,"status":"CHARGING","source":"ndw"}},{"type":"Feature","geometry":{"type":"Point","coordinates":[4.209834,51.997387]},"properties":{"type":"charge","layer":"passenger","locationId":"89261916","name":"EQUANS SGZH 1.0 89261916","address":"Verspyklaan 63","city":"Naaldwijk","operatorName":"EQUANS","maxPowerKw":11,"isMegawatt":false,"status":"AVAILABLE","source":"ndw"}},{"type":"Feature","geometry":{"type":"Point","coordinates":[4.16999,52.028828]},"properties":{"type":"charge","layer":"passenger","locationId":"89261985","name":"EQUANS SGZH 1.0 89261985","address":"Parelduiker 41","city":"Monster","operatorName":"EQUANS","maxPowerKw":11,"isMegawatt":false,"status":"AVAILABLE","source":"ndw"}},{"type":"Feature","geometry":{"type":"Point","coordinates":[4.219618,52.025717]},"properties":{"type":"charge","layer":"passenger","locationId":"89261997","name":"EQUANS SGZH 1.0 89261997","address":"Margrietlaan 22","city":"Poeldijk","operatorName":"EQUANS","maxPowerKw":11,"isMegawatt":false,"status":"AVAILABLE","source":"ndw"}},{"type":"Feature","geometry":{"type":"Point","coordinates":[4.166881,51.993413]},"properties":{"type":"charge","layer":"passenger","locationId":"89981285","name":"EQUANS SGZH 2.0 Heliotroop 84","address":"Heliotroop 84","city":"'s-Gravenzande","operatorName":"EQUANS","maxPowerKw":11,"isMegawatt":false,"status":"CHARGING","source":"ndw"}},{"type":"Feature","geometry":{"type":"Point","coordinates":[4.273285,52.028488]},"properties":{"type":"charge","layer":"passenger","locationId":"89209901","name":"EQUANS SGZH 2.0 89209901","address":"Van de Kerckhovestraat 19","city":"Wateringen","operatorName":"EQUANS","maxPowerKw":11,"isMegawatt":false,"status":"AVAILABLE","source":"ndw"}},{"type":"Feature","geometry":{"type":"Point","coordinates":[4.206999,51.991211]},"properties":{"type":"charge","layer":"passenger","locationId":"89261929","name":"EQUANS SGZH 1.0 89261929","address":"Graanveld 31","city":"Naaldwijk","operatorName":"EQUANS","maxPowerKw":11,"isMegawatt":false,"status":"AVAILABLE","source":"ndw"}},{"type":"Feature","geometry":{"type":"Point","coordinates":[4.236517,52.016814]},"properties":{"type":"charge","layer":"passenger","locationId":"609394d3744b1618ff8c74ed","name":"Dwarsweg","address":"Dwarsweg 9","city":"Rozenburg","operatorName":"E-Flux by Road","maxPowerKw":10,"isMegawatt":false,"status":"AVAILABLE","source":"ndw","priceKwh":0.53}},{"type":"Feature","geometry":{"type":"Point","coordinates":[4.160324,52.019744]},"properties":{"type":"charge","layer":"passenger","locationId":"89358826","name":"EQUANS SGZH 2.0 89358826","address":"Tweetandschelp 31","city":"Monster","operatorName":"EQUANS","maxPowerKw":11,"isMegawatt":false,"status":"AVAILABLE","source":"ndw"}},{"type":"Feature","geometry":{"type":"Point","coordinates":[4.182893,52.025263]},"properties":{"type":"charge","layer":"passenger","locationId":"89261984","name":"EQUANS SGZH 1.0 89261984","address":"Schouman 10","city":"Monster","operatorName":"EQUANS","maxPowerKw":11,"isMegawatt":false,"status":"AVAILABLE","source":"ndw"}},{"type":"Feature","geometry":{"type":"Point","coordinates":[4.221118,51.996786]},"properties":{"type":"charge","layer":"passenger","locationId":"90255842","name":"EQUANS SGZH 2.0 Van Koppenweg 16 A","address":"Van Koppenweg 16 A","city":"Naaldwijk","operatorName":"EQUANS","maxPowerKw":11,"isMegawatt":false,"status":"AVAILABLE","source":"ndw"}},{"type":"Feature","geometry":{"type":"Point","coordinates":[4.162907,51.996246]},"properties":{"type":"charge","layer":"passenger","locationId":"89262002","name":"EQUANS SGZH 1.0 89262002","address":"Eikenlaan 2","city":"'s-Gravenzande","operatorName":"EQUANS","maxPowerKw":11,"isMegawatt":false,"status":"CHARGING","source":"ndw"}},{"type":"Feature","geometry":{"type":"Point","coordinates":[4.198774,52.000638]},"properties":{"type":"charge","layer":"passenger","locationId":"89261939","name":"EQUANS SGZH 1.0 89261939","address":"Kwartszand 2","city":"Naaldwijk","operatorName":"EQUANS","maxPowerKw":11,"isMegawatt":false,"status":"AVAILABLE","source":"ndw"}},{"type":"Feature","geometry":{"type":"Point","coordinates":[4.231104,52.00484]},"properties":{"type":"charge","layer":"passenger","locationId":"90255841","name":"EQUANS SGZH 2.0 Uilehorst 35","address":"Uilehorst 35","city":"Honselersdijk","operatorName":"EQUANS","maxPowerKw":11,"isMegawatt":false,"status":"AVAILABLE","source":"ndw"}},{"type":"Feature","geometry":{"type":"Point","coordinates":[4.154969,52.003249]},"properties":{"type":"charge","layer":"passenger","locationId":"89481107","name":"EQUANS SGZH 2.0 89481107","address":"Sweelincklaan 9","city":"'s-Gravenzande","operatorName":"EQUANS","maxPowerKw":11,"isMegawatt":false,"status":"AVAILABLE","source":"ndw"}},{"type":"Feature","geometry":{"type":"Point","coordinates":[4.278115,52.027749]},"properties":{"type":"charge","layer":"passenger","locationId":"89261450","name":"EQUANS SGZH 1.0 89261450","address":"Finkenflügelstraat 2","city":"Wateringen","operatorName":"EQUANS","maxPowerKw":11,"isMegawatt":false,"status":"AVAILABLE","source":"ndw"}},{"type":"Feature","geometry":{"type":"Point","coordinates":[4.214358,52.022939]},"properties":{"type":"charge","layer":"passenger","locationId":"89261990","name":"EQUANS SGZH 1.0 89261990","address":"Beatrixstraat 14","city":"Poeldijk","operatorName":"EQUANS","maxPowerKw":11,"isMegawatt":false,"status":"AVAILABLE","source":"ndw"}},{"type":"Feature","geometry":{"type":"Point","coordinates":[4.203001,52.001955]},"properties":{"type":"charge","layer":"passenger","locationId":"89179087","name":"EQUANS SGZH 2.0 89179087","address":"Indische Oceaan - Blauwe Vinvis 1","city":"Naaldwijk","operatorName":"EQUANS","maxPowerKw":17,"isMegawatt":false,"status":"AVAILABLE","source":"ndw"}},{"type":"Feature","geometry":{"type":"Point","coordinates":[4.16924,52.02276]},"properties":{"type":"charge","layer":"passenger","locationId":"89193025","name":"EQUANS SGZH 2.0 Hortensiastraat 13","address":"Hortensiastraat 13","city":"Monster","operatorName":"EQUANS","maxPowerKw":17,"isMegawatt":false,"status":"AVAILABLE","source":"ndw"}},{"type":"Feature","geometry":{"type":"Point","coordinates":[4.214616,51.985492]},"properties":{"type":"charge","layer":"passenger","locationId":"90851400","name":"EQUANS SGZH 2.0 Vallumstraat 51","address":"Vallumstraat 51","city":"Naaldwijk","operatorName":"EQUANS","maxPowerKw":11,"isMegawatt":false,"status":"CHARGING","source":"ndw"}},{"type":"Feature","geometry":{"type":"Point","coordinates":[4.183533,52.030893]},"properties":{"type":"charge","layer":"passenger","locationId":"90369521","name":"EQUANS SGZH 2.0 Duyvenvoordestraat 135","address":"Duyvenvoordestraat 135","city":"Monster","operatorName":"EQUANS","maxPowerKw":11,"isMegawatt":false,"status":"AVAILABLE","source":"ndw"}},{"type":"Feature","geometry":{"type":"Point","coordinates":[4.185166,51.990993]},"properties":{"type":"charge","layer":"passenger","locationId":"90020595","name":"EQUANS SGZH 2.0 Keizersmantel 14","address":"Keizersmantel 14","city":"'s-Gravenzande","operatorName":"EQUANS","maxPowerKw":11,"isMegawatt":false,"status":"CHARGING","source":"ndw"}},{"type":"Feature","geometry":{"type":"Point","coordinates":[4.214112,51.9967]},"properties":{"type":"charge","layer":"passenger","locationId":"89205371","name":"EQUANS SGZH 2.0 89205371","address":"Beelstraat 46","city":"Naaldwijk","operatorName":"EQUANS","maxPowerKw":11,"isMegawatt":false,"status":"UNAVAILABLE","source":"ndw"}},{"type":"Feature","geometry":{"type":"Point","coordinates":[4.16696,52.00602]},"properties":{"type":"charge","layer":"passenger","locationId":"91243775","name":"EQUANS SGZH 2.0 van Heuven Goedhartlaan 31","address":"van Heuven Goedhartlaan 31","city":"'s-Gravenzande","operatorName":"EQUANS","maxPowerKw":11,"isMegawatt":false,"status":"AVAILABLE","source":"ndw"}},{"type":"Feature","geometry":{"type":"Point","coordinates":[4.22038,52.02459]},"properties":{"type":"charge","layer":"passenger","locationId":"90918870","name":"EQUANS SGZH 2.0 Nieuwstraat 38","address":"Nieuwstraat 38","city":"Poeldijk","operatorName":"EQUANS","maxPowerKw":11,"isMegawatt":false,"status":"AVAILABLE","source":"ndw"}},{"type":"Feature","geometry":{"type":"Point","coordinates":[4.25183,51.962194]},"properties":{"type":"charge","layer":"passenger","locationId":"4174688","name":"Laadnet Lans Westland b.v.","address":"Burgerweg 32","city":"De Lier","operatorName":"Laadnet","maxPowerKw":22,"isMegawatt":false,"status":"AVAILABLE","source":"ndw"}},{"type":"Feature","geometry":{"type":"Point","coordinates":[4.196885,51.991754]},"properties":{"type":"charge","layer":"passenger","locationId":"89233099","name":"EQUANS SGZH 2.0 89233099","address":"Oleander 23 B","city":"Naaldwijk","operatorName":"EQUANS","maxPowerKw":11,"isMegawatt":false,"status":"CHARGING","source":"ndw"}},{"type":"Feature","geometry":{"type":"Point","coordinates":[4.173483,52.008268]},"properties":{"type":"charge","layer":"passenger","locationId":"90306196","name":"EQUANS SGZH 2.0 Greenpeacestraat 13","address":"Greenpeacestraat 13","city":"'s-Gravenzande","operatorName":"EQUANS","maxPowerKw":11,"isMegawatt":false,"status":"AVAILABLE","source":"ndw"}},{"type":"Feature","geometry":{"type":"Point","coordinates":[4.192878,52.036723]},"properties":{"type":"charge","layer":"passenger","locationId":"89261977","name":"EQUANS SGZH 1.0 89261977","address":"Het Veld 52","city":"Monster","operatorName":"EQUANS","maxPowerKw":11,"isMegawatt":false,"status":"AVAILABLE","source":"ndw"}},{"type":"Feature","geometry":{"type":"Point","coordinates":[4.16443,52.00766]},"properties":{"type":"charge","layer":"passenger","locationId":"90310789","name":"EQUANS SGZH 2.0 Beiaardierlaan 2","address":"Beiaardierlaan 2","city":"'s-Gravenzande","operatorName":"EQUANS","maxPowerKw":11,"isMegawatt":false,"status":"AVAILABLE","source":"ndw"}},{"type":"Feature","geometry":{"type":"Point","coordinates":[4.20872,51.99585]},"properties":{"type":"charge","layer":"passenger","locationId":"91458549","name":"EQUANS SGZH 2.0 Verdilaan 2 X","address":"Verdilaan 2 X","city":"Naaldwijk","operatorName":"EQUANS","maxPowerKw":11,"isMegawatt":false,"status":"AVAILABLE","source":"ndw"}},{"type":"Feature","geometry":{"type":"Point","coordinates":[4.216398,51.986317]},"properties":{"type":"charge","layer":"passenger","locationId":"89210090","name":"EQUANS SGZH 2.0 89210090","address":"Vallumstraat 155","city":"Naaldwijk","operatorName":"EQUANS","maxPowerKw":11,"isMegawatt":false,"status":"AVAILABLE","source":"ndw"}},{"type":"Feature","geometry":{"type":"Point","coordinates":[4.251191,51.975944]},"properties":{"type":"charge","layer":"passenger","locationId":"89261957","name":"EQUANS SGZH 1.0 89261957","address":"Van Rijnstraat 2","city":"De lier","operatorName":"EQUANS","maxPowerKw":11,"isMegawatt":false,"status":"CHARGING","source":"ndw"}},{"type":"Feature","geometry":{"type":"Point","coordinates":[4.251112,51.978484]},"properties":{"type":"charge","layer":"passenger","locationId":"90195813","name":"EQUANS SGZH 2.0 Zwetburgh 2","address":"Zwetburgh 2","city":"De Lier","operatorName":"EQUANS","maxPowerKw":11,"isMegawatt":false,"status":"CHARGING","source":"ndw"}},{"type":"Feature","geometry":{"type":"Point","coordinates":[4.204073,51.997481]},"properties":{"type":"charge","layer":"passenger","locationId":"3672601","name":"Laadnet ISW Westland Praktijkcollege","address":"Lage Woerd 2","city":"Naaldwijk","operatorName":"Laadnet","maxPowerKw":22,"isMegawatt":false,"status":"AVAILABLE","source":"ndw"}},{"type":"Feature","geometry":{"type":"Point","coordinates":[4.286918,52.022003]},"properties":{"type":"charge","layer":"passenger","locationId":"89261453","name":"EQUANS SGZH 1.0 89261453","address":"Fruitlaan 85","city":"Wateringen","operatorName":"EQUANS","maxPowerKw":11,"isMegawatt":false,"status":"CHARGING","source":"ndw"}},{"type":"Feature","geometry":{"type":"Point","coordinates":[4.223275,52.023936]},"properties":{"type":"charge","layer":"passenger","locationId":"89261996","name":"EQUANS SGZH 1.0 89261996","address":"Verburghlaan 40","city":"Poeldijk","operatorName":"EQUANS","maxPowerKw":11,"isMegawatt":false,"status":"CHARGING","source":"ndw"}},{"type":"Feature","geometry":{"type":"Point","coordinates":[4.220546,51.989967]},"properties":{"type":"charge","layer":"passenger","locationId":"89261923","name":"EQUANS SGZH 1.0 89261923","address":"Tiendweg 4E","city":"Naaldwijk","operatorName":"EQUANS","maxPowerKw":11,"isMegawatt":false,"status":"AVAILABLE","source":"ndw"}},{"type":"Feature","geometry":{"type":"Point","coordinates":[4.198921,52.00033]},"properties":{"type":"charge","layer":"passenger","locationId":"89261942","name":"EQUANS SGZH 1.0 89261942","address":"Zandheuvelweg 97","city":"Naaldwijk","operatorName":"EQUANS","maxPowerKw":11,"isMegawatt":false,"status":"AVAILABLE","source":"ndw"}},{"type":"Feature","geometry":{"type":"Point","coordinates":[4.229022,52.027981]},"properties":{"type":"charge","layer":"passenger","locationId":"89981312","name":"EQUANS SGZH 2.0 Wetering 17","address":"Wetering 17","city":"Poeldijk","operatorName":"EQUANS","maxPowerKw":11,"isMegawatt":false,"status":"CHARGING","source":"ndw"}},{"type":"Feature","geometry":{"type":"Point","coordinates":[4.163568,52.005452]},"properties":{"type":"charge","layer":"passenger","locationId":"89981286","name":"EQUANS SGZH 2.0 Gasthuislaan 44","address":"Gasthuislaan 44","city":"'s-Gravenzande","operatorName":"EQUANS","maxPowerKw":11,"isMegawatt":false,"status":"AVAILABLE","source":"ndw"}},{"type":"Feature","geometry":{"type":"Point","coordinates":[4.159306,52.002847]},"properties":{"type":"charge","layer":"passenger","locationId":"90364886","name":"EQUANS SGZH 2.0 Boedijnhof 30","address":"Boedijnhof 30","city":"'s-Gravenzande","operatorName":"EQUANS","maxPowerKw":11,"isMegawatt":false,"status":"AVAILABLE","source":"ndw"}},{"type":"Feature","geometry":{"type":"Point","coordinates":[4.27437,52.01909]},"properties":{"type":"charge","layer":"passenger","locationId":"91261387","name":"EQUANS SGZH 2.0 Koningsspil 13","address":"Koningsspil 13","city":"Wateringen","operatorName":"EQUANS","maxPowerKw":11,"isMegawatt":false,"status":"AVAILABLE","source":"ndw"}},{"type":"Feature","geometry":{"type":"Point","coordinates":[4.20716,51.987427]},"properties":{"type":"charge","layer":"passenger","locationId":"89264208","name":"EQUANS SGZH 1.0 89264208","address":"Professor Holwerdalaan 2","city":"Naaldwijk","operatorName":"EQUANS","maxPowerKw":11,"isMegawatt":false,"status":"AVAILABLE","source":"ndw"}},{"type":"Feature","geometry":{"type":"Point","coordinates":[4.15718,52.004]},"properties":{"type":"charge","layer":"passenger","locationId":"90249582","name":"EQUANS SGZH 2.0 Zandeveltweg 1","address":"Zandeveltweg 1","city":"'s-Gravenzande","operatorName":"EQUANS","maxPowerKw":11,"isMegawatt":false,"status":"AVAILABLE","source":"ndw"}},{"type":"Feature","geometry":{"type":"Point","coordinates":[4.22218,52.02925]},"properties":{"type":"charge","layer":"passenger","locationId":"91357937","name":"EQUANS SGZH 2.0 Bosbeek 7","address":"Bosbeek 7","city":"Poeldijk","operatorName":"EQUANS","maxPowerKw":11,"isMegawatt":false,"status":"CHARGING","source":"ndw"}},{"type":"Feature","geometry":{"type":"Point","coordinates":[4.19277,52.03367]},"properties":{"type":"charge","layer":"passenger","locationId":"91253056","name":"EQUANS SGZH 2.0 Het Eiland 2","address":"Het Eiland 2","city":"Monster","operatorName":"EQUANS","maxPowerKw":11,"isMegawatt":false,"status":"CHARGING","source":"ndw"}},{"type":"Feature","geometry":{"type":"Point","coordinates":[4.258028,52.015745]},"properties":{"type":"charge","layer":"passenger","locationId":"2042610","name":"Laadnet Autoservice Valstar","address":"Bovendijk 15","city":"Kwintsheul","operatorName":"Laadnet","maxPowerKw":22,"isMegawatt":false,"status":"AVAILABLE","source":"ndw"}},{"type":"Feature","geometry":{"type":"Point","coordinates":[4.251228,51.988713]},"properties":{"type":"charge","layer":"passenger","locationId":"67cacde371e42a6eea67e403","name":"SK Roses 5","address":"Noord-Lierweg  40b","city":"De Lier","operatorName":"E-Flux by Road","maxPowerKw":22,"isMegawatt":false,"status":"AVAILABLE","source":"ndw","priceKwh":0.28}},{"type":"Feature","geometry":{"type":"Point","coordinates":[4.27644,52.022483]},"properties":{"type":"charge","layer":"passenger","locationId":"60913a2798cccd2359f35bf2","name":"Guldeland","address":"Guldeland 31","city":"Wateringen ","operatorName":"E-Flux by Road","maxPowerKw":11,"isMegawatt":false,"status":"AVAILABLE","source":"ndw","priceKwh":0.53}},{"type":"Feature","geometry":{"type":"Point","coordinates":[4.250109,51.981855]},"properties":{"type":"charge","layer":"passenger","locationId":"89358769","name":"EQUANS SGZH 2.0 89358769","address":"Leeuweriklaan 106","city":"De Lier","operatorName":"EQUANS","maxPowerKw":11,"isMegawatt":false,"status":"AVAILABLE","source":"ndw"}},{"type":"Feature","geometry":{"type":"Point","coordinates":[4.1674,52.004198]},"properties":{"type":"charge","layer":"passenger","locationId":"89481105","name":"EQUANS SGZH 2.0 89481105","address":"Gravin Machteldplantsoen 3","city":"'s-Gravenzande","operatorName":"EQUANS","maxPowerKw":11,"isMegawatt":false,"status":"CHARGING","source":"ndw"}},{"type":"Feature","geometry":{"type":"Point","coordinates":[4.158845,51.996802]},"properties":{"type":"charge","layer":"passenger","locationId":"89262020","name":"EQUANS SGZH 1.0 89262020","address":"Tollenspark 43","city":"'s-Gravenzande","operatorName":"EQUANS","maxPowerKw":11,"isMegawatt":false,"status":"AVAILABLE","source":"ndw"}},{"type":"Feature","geometry":{"type":"Point","coordinates":[4.231972,52.009533]},"properties":{"type":"charge","layer":"passenger","locationId":"89261945","name":"EQUANS SGZH 1.0 89261945","address":"Endeldijk 20","city":"Honselersdijk","operatorName":"EQUANS","maxPowerKw":11,"isMegawatt":false,"status":"AVAILABLE","source":"ndw"}},{"type":"Feature","geometry":{"type":"Point","coordinates":[4.264697,52.01511]},"properties":{"type":"charge","layer":"passenger","locationId":"D65F531D-FB37-4348-A550-933F6F50F95E","name":"Eneco eMobility Bovendijk 50 Kwintsheul","address":"Bovendijk 50","city":"Kwintsheul","operatorName":"Eneco","maxPowerKw":22,"isMegawatt":false,"status":"AVAILABLE","source":"ndw","priceKwh":0.32}},{"type":"Feature","geometry":{"type":"Point","coordinates":[4.246966,51.977158]},"properties":{"type":"charge","layer":"passenger","locationId":"89261963","name":"EQUANS SGZH 1.0 89261963","address":"Eikenhof 5","city":"De Lier","operatorName":"EQUANS","maxPowerKw":11,"isMegawatt":false,"status":"AVAILABLE","source":"ndw"}},{"type":"Feature","geometry":{"type":"Point","coordinates":[4.254207,51.977213]},"properties":{"type":"charge","layer":"passenger","locationId":"89484878","name":"EQUANS SGZH 2.0 89484878","address":"Hohorst 8","city":"De Lier","operatorName":"EQUANS","maxPowerKw":11,"isMegawatt":false,"status":"AVAILABLE","source":"ndw"}},{"type":"Feature","geometry":{"type":"Point","coordinates":[4.170497,52.008781]},"properties":{"type":"charge","layer":"passenger","locationId":"90273593","name":"EQUANS SGZH 2.0 Raad van Europastraat 85","address":"Raad van Europastraat 85","city":"'s-Gravenzande","operatorName":"EQUANS","maxPowerKw":11,"isMegawatt":false,"status":"AVAILABLE","source":"ndw"}},{"type":"Feature","geometry":{"type":"Point","coordinates":[4.166049,52.029144]},"properties":{"type":"charge","layer":"passenger","locationId":"62172237","name":"EQUANS Fletcher Fletcher Hotel Elzenduin","address":"Strandweg 18","city":"Terheijde","operatorName":"EQUANS","maxPowerKw":11,"isMegawatt":false,"status":"AVAILABLE","source":"ndw"}},{"type":"Feature","geometry":{"type":"Point","coordinates":[4.186114,51.991488]},"properties":{"type":"charge","layer":"passenger","locationId":"89179075","name":"EQUANS SGZH 2.0 89179075","address":"Koolwitje 14","city":"'s-Gravenzande","operatorName":"EQUANS","maxPowerKw":17,"isMegawatt":false,"status":"CHARGING","source":"ndw"}},{"type":"Feature","geometry":{"type":"Point","coordinates":[4.170285,51.991842]},"properties":{"type":"charge","layer":"passenger","locationId":"89262008","name":"EQUANS SGZH 1.0 89262008","address":"Naaldwijkseweg 274","city":"'s-Gravenzande","operatorName":"EQUANS","maxPowerKw":11,"isMegawatt":false,"status":"CHARGING","source":"ndw"}},{"type":"Feature","geometry":{"type":"Point","coordinates":[4.252987,51.98116]},"properties":{"type":"charge","layer":"passenger","locationId":"90020649","name":"EQUANS SGZH 2.0 Europaweg 22","address":"Europaweg 22","city":"De Lier","operatorName":"EQUANS","maxPowerKw":11,"isMegawatt":false,"status":"AVAILABLE","source":"ndw"}},{"type":"Feature","geometry":{"type":"Point","coordinates":[4.169511,52.008149]},"properties":{"type":"charge","layer":"passenger","locationId":"90111917","name":"EQUANS SGZH 2.0 Moeder Teresastraat 27","address":"Moeder Teresastraat 27","city":"'s-Gravenzande","operatorName":"EQUANS","maxPowerKw":11,"isMegawatt":false,"status":"AVAILABLE","source":"ndw"}},{"type":"Feature","geometry":{"type":"Point","coordinates":[4.26708,52.02105]},"properties":{"type":"charge","layer":"passenger","locationId":"91357944","name":"EQUANS SGZH 2.0 Heulweg 34","address":"Heulweg 34","city":"Wateringen","operatorName":"EQUANS","maxPowerKw":11,"isMegawatt":false,"status":"AVAILABLE","source":"ndw"}},{"type":"Feature","geometry":{"type":"Point","coordinates":[4.171977,52.025898]},"properties":{"type":"charge","layer":"passenger","locationId":"90273571","name":"EQUANS SGZH 2.0 Jasmijnstraat 10","address":"Jasmijnstraat 10","city":"Monster","operatorName":"EQUANS","maxPowerKw":11,"isMegawatt":false,"status":"AVAILABLE","source":"ndw"}},{"type":"Feature","geometry":{"type":"Point","coordinates":[4.244253,51.978691]},"properties":{"type":"charge","layer":"passenger","locationId":"89261965","name":"EQUANS SGZH 1.0 89261965","address":"Van Alkemadestraat 56","city":"De Lier","operatorName":"EQUANS","maxPowerKw":11,"isMegawatt":false,"status":"AVAILABLE","source":"ndw"}},{"type":"Feature","geometry":{"type":"Point","coordinates":[4.203347,51.997328]},"properties":{"type":"charge","layer":"passenger","locationId":"90186671","name":"EQUANS SGZH 2.0 Lage Woerd 53","address":"Lage Woerd 53","city":"Naaldwijk","operatorName":"EQUANS","maxPowerKw":11,"isMegawatt":false,"status":"AVAILABLE","source":"ndw"}},{"type":"Feature","geometry":{"type":"Point","coordinates":[4.210622,51.994868]},"properties":{"type":"charge","layer":"passenger","locationId":"89261918","name":"EQUANS SGZH 1.0 89261918","address":"Sint Martinusstraat 67","city":"Naaldwijk","operatorName":"EQUANS","maxPowerKw":11,"isMegawatt":false,"status":"AVAILABLE","source":"ndw"}},{"type":"Feature","geometry":{"type":"Point","coordinates":[4.250732,51.988691]},"properties":{"type":"charge","layer":"passenger","locationId":"67cacb9ae24e42715711f4df","name":"SK Roses 3","address":"Noord-Lierweg  40b","city":"De Lier","operatorName":"E-Flux by Road","maxPowerKw":22,"isMegawatt":false,"status":"AVAILABLE","source":"ndw","priceKwh":0.28}},{"type":"Feature","geometry":{"type":"Point","coordinates":[4.174681,52.025128]},"properties":{"type":"charge","layer":"passenger","locationId":"89261979","name":"EQUANS SGZH 1.0 89261979","address":"Mondriaan 67","city":"Monster","operatorName":"EQUANS","maxPowerKw":11,"isMegawatt":false,"status":"AVAILABLE","source":"ndw"}},{"type":"Feature","geometry":{"type":"Point","coordinates":[4.277426,52.031393]},"properties":{"type":"charge","layer":"passenger","locationId":"90384928","name":"EQUANS SGZH 2.0 Van der Wateringhestraat 14","address":"Van der Wateringhestraat 14","city":"Wateringen","operatorName":"EQUANS","maxPowerKw":11,"isMegawatt":false,"status":"AVAILABLE","source":"ndw"}},{"type":"Feature","geometry":{"type":"Point","coordinates":[4.269292,52.033289]},"properties":{"type":"charge","layer":"passenger","locationId":"89455027","name":"EQUANS SGZH 2.0 89455027","address":"Prins Clausstraat 139","city":"Wateringen","operatorName":"EQUANS","maxPowerKw":11,"isMegawatt":false,"status":"CHARGING","source":"ndw"}},{"type":"Feature","geometry":{"type":"Point","coordinates":[4.228895,52.003955]},"properties":{"type":"charge","layer":"passenger","locationId":"90159909","name":"EQUANS SGZH 2.0 Valkehorst 4","address":"Valkehorst 4","city":"Honselersdijk","operatorName":"EQUANS","maxPowerKw":11,"isMegawatt":false,"status":"AVAILABLE","source":"ndw"}},{"type":"Feature","geometry":{"type":"Point","coordinates":[4.221551,52.027544]},"properties":{"type":"charge","layer":"passenger","locationId":"89262000","name":"EQUANS SGZH 1.0 89262000","address":"Duinrel 4","city":"Poeldijk","operatorName":"EQUANS","maxPowerKw":11,"isMegawatt":false,"status":"AVAILABLE","source":"ndw"}},{"type":"Feature","geometry":{"type":"Point","coordinates":[4.20752,51.9963]},"properties":{"type":"charge","layer":"passenger","locationId":"90891436","name":"EQUANS SGZH 2.0 Kleine Woerdlaan 37","address":"Kleine Woerdlaan 37","city":"Naaldwijk","operatorName":"EQUANS","maxPowerKw":11,"isMegawatt":false,"status":"AVAILABLE","source":"ndw"}},{"type":"Feature","geometry":{"type":"Point","coordinates":[4.27183,52.03067]},"properties":{"type":"charge","layer":"passenger","locationId":"91458569","name":"EQUANS SGZH 2.0 Prins Clausstraat 39","address":"Prins Clausstraat 39","city":"Wateringen","operatorName":"EQUANS","maxPowerKw":11,"isMegawatt":false,"status":"AVAILABLE","source":"ndw"}},{"type":"Feature","geometry":{"type":"Point","coordinates":[4.16589,51.9967]},"properties":{"type":"charge","layer":"passenger","locationId":"91325947","name":"EQUANS SGZH 2.0 Eikanlaan 46","address":"Eikanlaan 46","city":"'s-Gravenzande","operatorName":"EQUANS","maxPowerKw":11,"isMegawatt":false,"status":"CHARGING","source":"ndw"}},{"type":"Feature","geometry":{"type":"Point","coordinates":[4.21178,51.99437]},"properties":{"type":"charge","layer":"passenger","locationId":"90850382","name":"EQUANS SGZH 2.0 Bizet 16","address":"Bizet 16","city":"Naaldwijk","operatorName":"EQUANS","maxPowerKw":11,"isMegawatt":false,"status":"AVAILABLE","source":"ndw"}},{"type":"Feature","geometry":{"type":"Point","coordinates":[4.22337,52.01061]},"properties":{"type":"charge","layer":"passenger","locationId":"91391596","name":"EQUANS SGZH 2.0 Groenelaan 132","address":"Groenelaan 132","city":"Honselersdijk","operatorName":"EQUANS","maxPowerKw":11,"isMegawatt":false,"status":"AVAILABLE","source":"ndw"}},{"type":"Feature","geometry":{"type":"Point","coordinates":[4.17822,52.02179]},"properties":{"type":"charge","layer":"passenger","locationId":"91227856","name":"EQUANS SGZH 2.0 Burgemeester Kampschöerstraat 67","address":"Burgemeester Kampschöerstraat 67","city":"Monster","operatorName":"EQUANS","maxPowerKw":11,"isMegawatt":false,"status":"AVAILABLE","source":"ndw"}},{"type":"Feature","geometry":{"type":"Point","coordinates":[4.205886,52.002267]},"properties":{"type":"charge","layer":"passenger","locationId":"89261941","name":"EQUANS SGZH 1.0 89261941","address":"Schiereiland 51","city":"Naaldwijk","operatorName":"EQUANS","maxPowerKw":11,"isMegawatt":false,"status":"AVAILABLE","source":"ndw"}},{"type":"Feature","geometry":{"type":"Point","coordinates":[4.224583,52.007747]},"properties":{"type":"charge","layer":"passenger","locationId":"89179079","name":"EQUANS SGZH 2.0 89179079","address":"Hofwijk 3","city":"Honselersdijk","operatorName":"EQUANS","maxPowerKw":17,"isMegawatt":false,"status":"AVAILABLE","source":"ndw"}},{"type":"Feature","geometry":{"type":"Point","coordinates":[4.267622,51.978822]},"properties":{"type":"charge","layer":"passenger","locationId":"4213444","name":"Laadnet Vve Oude Liermolen 1t\\/m7","address":"Oude Liermolenweg 1","city":"De Lier","operatorName":"Laadnet","maxPowerKw":11,"isMegawatt":false,"status":"AVAILABLE","source":"ndw"}},{"type":"Feature","geometry":{"type":"Point","coordinates":[4.242019,51.976525]},"properties":{"type":"charge","layer":"passenger","locationId":"89261962","name":"EQUANS SGZH 1.0 89261962","address":"Anjer 57","city":"De Lier","operatorName":"EQUANS","maxPowerKw":11,"isMegawatt":false,"status":"AVAILABLE","source":"ndw"}},{"type":"Feature","geometry":{"type":"Point","coordinates":[4.20448,51.99218]},"properties":{"type":"charge","layer":"passenger","locationId":"91292814","name":"EQUANS SGZH 2.0 Patijnenburg 8","address":"Patijnenburg 8","city":"Naaldwijk","operatorName":"EQUANS","maxPowerKw":11,"isMegawatt":false,"status":"CHARGING","source":"ndw"}},{"type":"Feature","geometry":{"type":"Point","coordinates":[4.178021,52.004153]},"properties":{"type":"charge","layer":"passenger","locationId":"89179074","name":"EQUANS SGZH 2.0 89179074","address":"Hermelijn 15","city":"'s-Gravenzande","operatorName":"EQUANS","maxPowerKw":17,"isMegawatt":false,"status":"UNAVAILABLE","source":"ndw"}},{"type":"Feature","geometry":{"type":"Point","coordinates":[4.156452,51.997809]},"properties":{"type":"charge","layer":"passenger","locationId":"89235342","name":"EQUANS SGZH 2.0 89235342","address":"Multatulistraat 33","city":"'s-Gravenzande","operatorName":"EQUANS","maxPowerKw":11,"isMegawatt":false,"status":"AVAILABLE","source":"ndw"}},{"type":"Feature","geometry":{"type":"Point","coordinates":[4.238661,51.97406]},"properties":{"type":"charge","layer":"passenger","locationId":"89261961","name":"EQUANS SGZH 1.0 89261961","address":"Tuba 16","city":"De Lier","operatorName":"EQUANS","maxPowerKw":11,"isMegawatt":false,"status":"AVAILABLE","source":"ndw"}},{"type":"Feature","geometry":{"type":"Point","coordinates":[4.218572,52.024753]},"properties":{"type":"charge","layer":"passenger","locationId":"89264215","name":"EQUANS SGZH 1.0 89264215","address":"Dahliastraat 75","city":"Poeldijk","operatorName":"EQUANS","maxPowerKw":11,"isMegawatt":false,"status":"CHARGING","source":"ndw"}},{"type":"Feature","geometry":{"type":"Point","coordinates":[4.194854,51.995488]},"properties":{"type":"charge","layer":"passenger","locationId":"89261930","name":"EQUANS SGZH 1.0 89261930","address":"Opstalweg / Gele Plomp 1","city":"Naaldwijk","operatorName":"EQUANS","maxPowerKw":11,"isMegawatt":false,"status":"AVAILABLE","source":"ndw"}},{"type":"Feature","geometry":{"type":"Point","coordinates":[4.221005,51.993695]},"properties":{"type":"charge","layer":"passenger","locationId":"89261935","name":"EQUANS SGZH 1.0 89261935","address":"Aalbersestraat 4","city":"Naaldwijk","operatorName":"EQUANS","maxPowerKw":11,"isMegawatt":false,"status":"AVAILABLE","source":"ndw"}},{"type":"Feature","geometry":{"type":"Point","coordinates":[4.166097,52.022012]},"properties":{"type":"charge","layer":"passenger","locationId":"89261987","name":"EQUANS SGZH 1.0 89261987","address":"Slangekruid 2","city":"Monster","operatorName":"EQUANS","maxPowerKw":11,"isMegawatt":false,"status":"CHARGING","source":"ndw"}},{"type":"Feature","geometry":{"type":"Point","coordinates":[4.173779,52.001289]},"properties":{"type":"charge","layer":"passenger","locationId":"89262011","name":"EQUANS SGZH 1.0 89262011","address":"Koning Willem III Straat 22","city":"'s-Gravenzande","operatorName":"EQUANS","maxPowerKw":11,"isMegawatt":false,"status":"AVAILABLE","source":"ndw"}},{"type":"Feature","geometry":{"type":"Point","coordinates":[4.160082,51.996337]},"properties":{"type":"charge","layer":"passenger","locationId":"89235339","name":"EQUANS SGZH 2.0 89235339","address":"Beukenlaan 39","city":"'s-Gravenzande","operatorName":"EQUANS","maxPowerKw":11,"isMegawatt":false,"status":"AVAILABLE","source":"ndw"}},{"type":"Feature","geometry":{"type":"Point","coordinates":[4.247345,51.976362]},"properties":{"type":"charge","layer":"passenger","locationId":"90020651","name":"EQUANS SGZH 2.0 Lindenhof 19","address":"Lindenhof 19","city":"De Lier","operatorName":"EQUANS","maxPowerKw":11,"isMegawatt":false,"status":"AVAILABLE","source":"ndw"}},{"type":"Feature","geometry":{"type":"Point","coordinates":[4.177585,52.00103]},"properties":{"type":"charge","layer":"passenger","locationId":"90273592","name":"EQUANS SGZH 2.0 Roerdomp 38","address":"Roerdomp 38","city":"'s-Gravenzande","operatorName":"EQUANS","maxPowerKw":11,"isMegawatt":false,"status":"AVAILABLE","source":"ndw"}},{"type":"Feature","geometry":{"type":"Point","coordinates":[4.219113,52.02124]},"properties":{"type":"charge","layer":"passenger","locationId":"90256802","name":"EQUANS SGZH 2.0 Rijsenburgerweg 53","address":"Rijsenburgerweg 53","city":"Poeldijk","operatorName":"EQUANS","maxPowerKw":11,"isMegawatt":false,"status":"AVAILABLE","source":"ndw"}},{"type":"Feature","geometry":{"type":"Point","coordinates":[4.155911,52.002449]},"properties":{"type":"charge","layer":"passenger","locationId":"89459882","name":"EQUANS SGZH 2.0 89459882","address":"Wagenaarhof 18","city":"'s-Gravenzande","operatorName":"EQUANS","maxPowerKw":11,"isMegawatt":false,"status":"AVAILABLE","source":"ndw"}},{"type":"Feature","geometry":{"type":"Point","coordinates":[4.245773,51.979429]},"properties":{"type":"charge","layer":"passenger","locationId":"89261966","name":"EQUANS SGZH 1.0 89261966","address":"Muskaat 1","city":"De Lier","operatorName":"EQUANS","maxPowerKw":11,"isMegawatt":false,"status":"AVAILABLE","source":"ndw"}},{"type":"Feature","geometry":{"type":"Point","coordinates":[4.170737,52.002876]},"properties":{"type":"charge","layer":"passenger","locationId":"89262003","name":"EQUANS SGZH 1.0 89262003","address":"Koningin Julianaweg 59","city":"'s-Gravenzande","operatorName":"EQUANS","maxPowerKw":11,"isMegawatt":false,"status":"AVAILABLE","source":"ndw"}},{"type":"Feature","geometry":{"type":"Point","coordinates":[4.160927,51.996814]},"properties":{"type":"charge","layer":"passenger","locationId":"89262021","name":"EQUANS SGZH 1.0 89262021","address":"Borderwijkstraat 46","city":"'s-Gravenzande","operatorName":"EQUANS","maxPowerKw":11,"isMegawatt":false,"status":"AVAILABLE","source":"ndw"}},{"type":"Feature","geometry":{"type":"Point","coordinates":[4.272613,51.985508]},"properties":{"type":"charge","layer":"passenger","locationId":"4160622","name":"Laadnet Vreugdenhil Young Plants 1","address":"Noord-Lierweg 35-A","city":"De Lier","operatorName":"Laadnet","maxPowerKw":22,"isMegawatt":false,"status":"AVAILABLE","source":"ndw"}},{"type":"Feature","geometry":{"type":"Point","coordinates":[4.270095,52.033478]},"properties":{"type":"charge","layer":"passenger","locationId":"90155363","name":"EQUANS SGZH 1.0 Prins Clausstraat 127","address":"Prins Clausstraat 127","city":"Wateringen","operatorName":"EQUANS","maxPowerKw":11,"isMegawatt":false,"status":"CHARGING","source":"ndw"}},{"type":"Feature","geometry":{"type":"Point","coordinates":[4.21747,51.995863]},"properties":{"type":"charge","layer":"passenger","locationId":"89261932","name":"EQUANS SGZH 1.0 89261932","address":"Kuyperstraat 25","city":"Naaldwijk","operatorName":"EQUANS","maxPowerKw":11,"isMegawatt":false,"status":"AVAILABLE","source":"ndw"}},{"type":"Feature","geometry":{"type":"Point","coordinates":[4.16145,52.00434]},"properties":{"type":"charge","layer":"passenger","locationId":"90969432","name":"EQUANS SGZH 2.0 Vreeburghlaan 5","address":"Vreeburghlaan 5","city":"s-Gravenzande","operatorName":"EQUANS","maxPowerKw":11,"isMegawatt":false,"status":"AVAILABLE","source":"ndw"}},{"type":"Feature","geometry":{"type":"Point","coordinates":[4.19961,51.991953]},"properties":{"type":"charge","layer":"passenger","locationId":"90195816","name":"EQUANS SGZH 2.0 Linde 2","address":"Linde 2","city":"Naaldwijk","operatorName":"EQUANS","maxPowerKw":11,"isMegawatt":false,"status":"CHARGING","source":"ndw"}},{"type":"Feature","geometry":{"type":"Point","coordinates":[4.2209,52.02751]},"properties":{"type":"charge","layer":"passenger","locationId":"90982751","name":"EQUANS SGZH 2.0 Drecht 1","address":"Drecht 1","city":"Poeldijk","operatorName":"EQUANS","maxPowerKw":11,"isMegawatt":false,"status":"AVAILABLE","source":"ndw"}},{"type":"Feature","geometry":{"type":"Point","coordinates":[4.154679,52.001146]},"properties":{"type":"charge","layer":"passenger","locationId":"89358817","name":"EQUANS SGZH 2.0 89358817","address":"Andriessenlaan 15","city":"'s-Gravenzande","operatorName":"EQUANS","maxPowerKw":11,"isMegawatt":false,"status":"AVAILABLE","source":"ndw"}},{"type":"Feature","geometry":{"type":"Point","coordinates":[4.162526,52.000525]},"properties":{"type":"charge","layer":"passenger","locationId":"89981287","name":"EQUANS SGZH 2.0 Langestraat 257","address":"Langestraat 257","city":"'s-Gravenzande","operatorName":"EQUANS","maxPowerKw":11,"isMegawatt":false,"status":"AVAILABLE","source":"ndw"}},{"type":"Feature","geometry":{"type":"Point","coordinates":[4.171753,52.027577]},"properties":{"type":"charge","layer":"passenger","locationId":"90295242","name":"EQUANS SGZH 2.0 Rijnweg 182","address":"Rijnweg 182","city":"Monster","operatorName":"EQUANS","maxPowerKw":11,"isMegawatt":false,"status":"CHARGING","source":"ndw"}},{"type":"Feature","geometry":{"type":"Point","coordinates":[4.16611,52.007393]},"properties":{"type":"charge","layer":"passenger","locationId":"89127136","name":"EQUANS SGZH 1.0 89127136","address":"Florence Nightingalelaan 17","city":"'s-Gravenzande","operatorName":"EQUANS","maxPowerKw":17,"isMegawatt":false,"status":"AVAILABLE","source":"ndw"}},{"type":"Feature","geometry":{"type":"Point","coordinates":[4.282467,52.017973]},"properties":{"type":"charge","layer":"passenger","locationId":"89127142","name":"EQUANS SGZH 1.0 89127142","address":"Mosveen 73","city":"Wateringen","operatorName":"EQUANS","maxPowerKw":17,"isMegawatt":false,"status":"AVAILABLE","source":"ndw"}},{"type":"Feature","geometry":{"type":"Point","coordinates":[4.164853,52.007106]},"properties":{"type":"charge","layer":"passenger","locationId":"89262029","name":"EQUANS SGZH 1.0 89262029","address":"Troubadourlaan 46-48","city":"'s-Gravenzande","operatorName":"EQUANS","maxPowerKw":11,"isMegawatt":false,"status":"CHARGING","source":"ndw"}},{"type":"Feature","geometry":{"type":"Point","coordinates":[4.280638,52.013765]},"properties":{"type":"charge","layer":"passenger","locationId":"dc75ff71-2f7b-472a-b611-4d9969532395","name":"bp pulse Wateringen","address":"Wippolderlaan 1","city":"Wateringen","operatorName":"bp pulse","maxPowerKw":150,"isMegawatt":false,"status":"AVAILABLE","source":"ndw","priceKwh":0.7}},{"type":"Feature","geometry":{"type":"Point","coordinates":[4.26129,51.98074]},"properties":{"type":"charge","layer":"passenger","locationId":"91422394","name":"EQUANS SGZH 2.0 Kweektuin 13","address":"Kweektuin 13","city":"De Lier","operatorName":"EQUANS","maxPowerKw":11,"isMegawatt":false,"status":"AVAILABLE","source":"ndw"}},{"type":"Feature","geometry":{"type":"Point","coordinates":[4.164038,52.003382]},"properties":{"type":"charge","layer":"passenger","locationId":"89262015","name":"EQUANS SGZH 1.0 89262015","address":"Graaf Florisplein 54","city":"'s-Gravenzande","operatorName":"EQUANS","maxPowerKw":11,"isMegawatt":false,"status":"AVAILABLE","source":"ndw"}},{"type":"Feature","geometry":{"type":"Point","coordinates":[4.211807,52.024068]},"properties":{"type":"charge","layer":"passenger","locationId":"90273567","name":"EQUANS SGZH 2.0 Bloemenstraat 20","address":"Bloemenstraat 20","city":"Poeldijk","operatorName":"EQUANS","maxPowerKw":11,"isMegawatt":false,"status":"AVAILABLE","source":"ndw"}},{"type":"Feature","geometry":{"type":"Point","coordinates":[4.218702,51.985894]},"properties":{"type":"charge","layer":"passenger","locationId":"89981262","name":"EQUANS SGZH 2.0 Palesstraat 15","address":"Palesstraat 15","city":"Naaldwijk","operatorName":"EQUANS","maxPowerKw":11,"isMegawatt":false,"status":"CHARGING","source":"ndw"}},{"type":"Feature","geometry":{"type":"Point","coordinates":[4.286021,52.020792]},"properties":{"type":"charge","layer":"passenger","locationId":"89238535","name":"EQUANS SGZH 2.0 Fruitlaan 147","address":"Fruitlaan 147","city":"Wateringen","operatorName":"EQUANS","maxPowerKw":11,"isMegawatt":false,"status":"AVAILABLE","source":"ndw"}},{"type":"Feature","geometry":{"type":"Point","coordinates":[4.283923,52.025356]},"properties":{"type":"charge","layer":"passenger","locationId":"90112029","name":"EQUANS SGZH 2.0 Waterpark 6","address":"Waterpark 6","city":"Wateringen","operatorName":"EQUANS","maxPowerKw":11,"isMegawatt":false,"status":"AVAILABLE","source":"ndw"}},{"type":"Feature","geometry":{"type":"Point","coordinates":[4.218464,51.955073]},"properties":{"type":"charge","layer":"passenger","locationId":"89261954","name":"EQUANS SGZH 1.0 89261954","address":"Aletta Rutgersstraat 16","city":"Maasdijk","operatorName":"EQUANS","maxPowerKw":11,"isMegawatt":false,"status":"CHARGING","source":"ndw"}},{"type":"Feature","geometry":{"type":"Point","coordinates":[4.165898,51.989822]},"properties":{"type":"charge","layer":"passenger","locationId":"84bf2590-ba1d-4b3b-8c44-98b5bf173ac2","name":"Tango 's-Gravenzande 1-2-3","address":"Woutersweg 10a","city":"'s-Gravenzande","operatorName":"Tango electric","maxPowerKw":300,"isMegawatt":false,"status":"AVAILABLE","source":"ndw","priceKwh":0.6}},{"type":"Feature","geometry":{"type":"Point","coordinates":[4.21902,51.957955]},"properties":{"type":"charge","layer":"passenger","locationId":"90099044","name":"EQUANS SGZH 2.0 Prinsenlaan 1 D","address":"Prinsenlaan 1 D","city":"Maasdijk","operatorName":"EQUANS","maxPowerKw":11,"isMegawatt":false,"status":"AVAILABLE","source":"ndw"}},{"type":"Feature","geometry":{"type":"Point","coordinates":[4.208661,51.9991]},"properties":{"type":"charge","layer":"passenger","locationId":"89261917","name":"EQUANS SGZH 1.0 89261917","address":"Hoge Woerd 7","city":"Naaldwijk","operatorName":"EQUANS","maxPowerKw":11,"isMegawatt":false,"status":"AVAILABLE","source":"ndw"}},{"type":"Feature","geometry":{"type":"Point","coordinates":[4.20863,51.994027]},"properties":{"type":"charge","layer":"passenger","locationId":"89944534","name":"EQUANS SGZH 1.0 Havenstraat 14","address":"Havenstraat 14","city":"Naaldwijk","operatorName":"EQUANS","maxPowerKw":11,"isMegawatt":false,"status":"AVAILABLE","source":"ndw"}},{"type":"Feature","geometry":{"type":"Point","coordinates":[4.195407,51.999793]},"properties":{"type":"charge","layer":"passenger","locationId":"89179080","name":"EQUANS SGZH 2.0 89179080","address":"Zandheuvelweg 78","city":"Naaldwijk","operatorName":"EQUANS","maxPowerKw":17,"isMegawatt":false,"status":"AVAILABLE","source":"ndw"}},{"type":"Feature","geometry":{"type":"Point","coordinates":[4.243957,51.975387]},"properties":{"type":"charge","layer":"passenger","locationId":"90247529","name":"EQUANS SGZH 2.0 Chrysant 40","address":"Chrysant 40","city":"de Lier","operatorName":"EQUANS","maxPowerKw":11,"isMegawatt":false,"status":"AVAILABLE","source":"ndw"}},{"type":"Feature","geometry":{"type":"Point","coordinates":[4.28415,52.01938]},"properties":{"type":"charge","layer":"passenger","locationId":"90961266","name":"EQUANS SGZH 2.0 Paprikastraat 9","address":"Paprikastraat 9","city":"Wateringen","operatorName":"EQUANS","maxPowerKw":11,"isMegawatt":false,"status":"AVAILABLE","source":"ndw"}},{"type":"Feature","geometry":{"type":"Point","coordinates":[4.197745,51.99007]},"properties":{"type":"charge","layer":"passenger","locationId":"89981259","name":"EQUANS SGZH 2.0 Kamperfoelie 15","address":"Kamperfoelie 15","city":"Naaldwijk","operatorName":"EQUANS","maxPowerKw":11,"isMegawatt":false,"status":"AVAILABLE","source":"ndw"}},{"type":"Feature","geometry":{"type":"Point","coordinates":[4.214245,52.002688]},"properties":{"type":"charge","layer":"passenger","locationId":"6752cc0c4abe56a16f82e28d","name":"Zeeuw & Zeeuw Kia Naaldwijk","address":"Klompenmakerstraat 30","city":"Naaldwijk","operatorName":"Kia Nederland B.V.","maxPowerKw":100,"isMegawatt":false,"status":"AVAILABLE","source":"ndw","priceKwh":0.78}},{"type":"Feature","geometry":{"type":"Point","coordinates":[4.198505,51.999571]},"properties":{"type":"charge","layer":"passenger","locationId":"90850347","name":"EQUANS SGZH 2.0 Sterrenzand 26","address":"Sterrenzand 26","city":"Naaldwijk","operatorName":"EQUANS","maxPowerKw":11,"isMegawatt":false,"status":"AVAILABLE","source":"ndw"}},{"type":"Feature","geometry":{"type":"Point","coordinates":[4.251212,51.988753]},"properties":{"type":"charge","layer":"passenger","locationId":"67cae3217ff5ea6e9d1583e2","name":"SK Roses 9","address":"Noord-Lierweg 40b","city":"De Lier","operatorName":"E-Flux by Road","maxPowerKw":22,"isMegawatt":false,"status":"AVAILABLE","source":"ndw","priceKwh":0.28}},{"type":"Feature","geometry":{"type":"Point","coordinates":[4.177498,52.027638]},"properties":{"type":"charge","layer":"passenger","locationId":"89261983","name":"EQUANS SGZH 1.0 89261983","address":"Voswijckstraat 1","city":"Monster","operatorName":"EQUANS","maxPowerKw":11,"isMegawatt":false,"status":"AVAILABLE","source":"ndw"}},{"type":"Feature","geometry":{"type":"Point","coordinates":[4.171864,51.996793]},"properties":{"type":"charge","layer":"passenger","locationId":"89262009","name":"EQUANS SGZH 1.0 89262009","address":"Tourmalijn 16","city":"'s-Gravenzande","operatorName":"EQUANS","maxPowerKw":11,"isMegawatt":false,"status":"CHARGING","source":"ndw"}},{"type":"Feature","geometry":{"type":"Point","coordinates":[4.252197,52.026825]},"properties":{"type":"charge","layer":"passenger","locationId":"89261438","name":"EQUANS SGZH 1.0 89261438","address":"De Druiventrap 14","city":"Wateringen","operatorName":"EQUANS","maxPowerKw":11,"isMegawatt":false,"status":"CHARGING","source":"ndw"}},{"type":"Feature","geometry":{"type":"Point","coordinates":[4.210273,51.99906]},"properties":{"type":"charge","layer":"passenger","locationId":"90369519","name":"EQUANS SGZH 2.0 Ambachtstraat 10","address":"Ambachtstraat 10","city":"Naaldwijk","operatorName":"EQUANS","maxPowerKw":11,"isMegawatt":false,"status":"AVAILABLE","source":"ndw"}},{"type":"Feature","geometry":{"type":"Point","coordinates":[4.220023,51.99724]},"properties":{"type":"charge","layer":"passenger","locationId":"89879973","name":"EQUANS SGZH 1.0 89879973","address":"Van Koppenweg 25","city":"Naaldwijk","operatorName":"EQUANS","maxPowerKw":11,"isMegawatt":false,"status":"AVAILABLE","source":"ndw"}},{"type":"Feature","geometry":{"type":"Point","coordinates":[4.278727,52.02696]},"properties":{"type":"charge","layer":"passenger","locationId":"89877105","name":"EQUANS SGZH 2.0 89877105","address":"Finkenflügelstraat 26","city":"Wateringen","operatorName":"EQUANS","maxPowerKw":11,"isMegawatt":false,"status":"AVAILABLE","source":"ndw"}},{"type":"Feature","geometry":{"type":"Point","coordinates":[4.276592,52.020153]},"properties":{"type":"charge","layer":"passenger","locationId":"89215262","name":"EQUANS SGZH 2.0 89215262","address":"Kantstijl 42","city":"Wateringen","operatorName":"EQUANS","maxPowerKw":11,"isMegawatt":false,"status":"AVAILABLE","source":"ndw"}},{"type":"Feature","geometry":{"type":"Point","coordinates":[4.215453,51.987905]},"properties":{"type":"charge","layer":"passenger","locationId":"89261938","name":"EQUANS SGZH 1.0 89261938","address":"Florastraat 25","city":"Naaldwijk","operatorName":"EQUANS","maxPowerKw":11,"isMegawatt":false,"status":"CHARGING","source":"ndw"}},{"type":"Feature","geometry":{"type":"Point","coordinates":[4.156877,51.996832]},"properties":{"type":"charge","layer":"passenger","locationId":"89262019","name":"EQUANS SGZH 1.0 89262019","address":"Brederolaan 32","city":"'s-Gravenzande","operatorName":"EQUANS","maxPowerKw":11,"isMegawatt":false,"status":"AVAILABLE","source":"ndw"}},{"type":"Feature","geometry":{"type":"Point","coordinates":[4.22293,51.95931]},"properties":{"type":"charge","layer":"passenger","locationId":"E4083C3B-C518-4B1C-9AFC-2F300FFD6D14","name":"Eneco eMobility Honderdland 171 Maasdijk","address":"Honderdland 171","city":"Maasdijk","operatorName":"Eneco","maxPowerKw":22,"isMegawatt":false,"status":"AVAILABLE","source":"ndw","priceKwh":0.32}},{"type":"Feature","geometry":{"type":"Point","coordinates":[4.200843,52.000812]},"properties":{"type":"charge","layer":"passenger","locationId":"89264209","name":"EQUANS SGZH 1.0 89264209","address":"Orka 1","city":"Naaldwijk","operatorName":"EQUANS","maxPowerKw":11,"isMegawatt":false,"status":"AVAILABLE","source":"ndw"}},{"type":"Feature","geometry":{"type":"Point","coordinates":[4.222298,51.994921]},"properties":{"type":"charge","layer":"passenger","locationId":"89264217","name":"EQUANS SGZH 1.0 89264217","address":"Dreesplein 12","city":"Naaldwijk","operatorName":"EQUANS","maxPowerKw":11,"isMegawatt":false,"status":"AVAILABLE","source":"ndw"}},{"type":"Feature","geometry":{"type":"Point","coordinates":[4.288978,52.020726]},"properties":{"type":"charge","layer":"passenger","locationId":"89261454","name":"EQUANS SGZH 1.0 89261454","address":"Aalbessenlaan 19","city":"Wateringen","operatorName":"EQUANS","maxPowerKw":11,"isMegawatt":false,"status":"AVAILABLE","source":"ndw"}},{"type":"Feature","geometry":{"type":"Point","coordinates":[4.287237,52.019556]},"properties":{"type":"charge","layer":"passenger","locationId":"90189325","name":"EQUANS SGZH 2.0 Kruidenlaan 1 (t.h.v. Jasmijnpad 1)","address":"Kruidenlaan 1","city":"Wateringen","operatorName":"EQUANS","maxPowerKw":11,"isMegawatt":false,"status":"CHARGING","source":"ndw"}},{"type":"Feature","geometry":{"type":"Point","coordinates":[4.244708,51.981235]},"properties":{"type":"charge","layer":"passenger","locationId":"89264214","name":"EQUANS SGZH 1.0 89264214","address":"Veilingweg 16","city":"De Lier","operatorName":"EQUANS","maxPowerKw":11,"isMegawatt":false,"status":"CHARGING","source":"ndw"}},{"type":"Feature","geometry":{"type":"Point","coordinates":[4.198252,51.994006]},"properties":{"type":"charge","layer":"passenger","locationId":"89264222","name":"EQUANS SGZH 1.0 89264222","address":"Hoefblad 34","city":"Naaldwijk","operatorName":"EQUANS","maxPowerKw":11,"isMegawatt":false,"status":"CHARGING","source":"ndw"}},{"type":"Feature","geometry":{"type":"Point","coordinates":[4.214205,51.992027]},"properties":{"type":"charge","layer":"passenger","locationId":"89261925","name":"EQUANS SGZH 1.0 89261925","address":"Sweelinckstraat 2","city":"Naaldwijk","operatorName":"EQUANS","maxPowerKw":11,"isMegawatt":false,"status":"CHARGING","source":"ndw"}},{"type":"Feature","geometry":{"type":"Point","coordinates":[4.163155,52.008545]},"properties":{"type":"charge","layer":"passenger","locationId":"90400496","name":"EQUANS SGZH 2.0 Zeilmakerstraat 1","address":"Zeilmakerstraat 1","city":"s-Gravenzande","operatorName":"EQUANS","maxPowerKw":11,"isMegawatt":false,"status":"AVAILABLE","source":"ndw"}},{"type":"Feature","geometry":{"type":"Point","coordinates":[4.15994,52.00009]},"properties":{"type":"charge","layer":"passenger","locationId":"91246110","name":"EQUANS SGZH 2.0 Hellendaalweg 50 A","address":"Hellendaalweg 50 A","city":"'s-Gravenzande","operatorName":"EQUANS","maxPowerKw":11,"isMegawatt":false,"status":"CHARGING","source":"ndw"}},{"type":"Feature","geometry":{"type":"Point","coordinates":[4.283383,52.021614]},"properties":{"type":"charge","layer":"passenger","locationId":"89488014","name":"EQUANS SGZH 2.0 89488014","address":"Hoekblok 46","city":"Wateringen","operatorName":"EQUANS","maxPowerKw":11,"isMegawatt":false,"status":"AVAILABLE","source":"ndw"}},{"type":"Feature","geometry":{"type":"Point","coordinates":[4.18078,52.02875]},"properties":{"type":"charge","layer":"passenger","locationId":"90995210","name":"EQUANS SGZH 2.0 Madeweg 6","address":"Madeweg 6","city":"Monster","operatorName":"EQUANS","maxPowerKw":11,"isMegawatt":false,"status":"AVAILABLE","source":"ndw"}},{"type":"Feature","geometry":{"type":"Point","coordinates":[4.206078,51.986055]},"properties":{"type":"charge","layer":"passenger","locationId":"90167034","name":"EQUANS SGZH 2.0 Zuidweg 45","address":"Zuidweg 45","city":"Naaldwijk","operatorName":"EQUANS","maxPowerKw":11,"isMegawatt":false,"status":"AVAILABLE","source":"ndw"}},{"type":"Feature","geometry":{"type":"Point","coordinates":[4.23124,52.00916]},"properties":{"type":"charge","layer":"passenger","locationId":"91391587","name":"EQUANS SGZH 2.0 Burg van Doornstraat 1","address":"Burg van Doornstraat 1","city":"Honselersdijk","operatorName":"EQUANS","maxPowerKw":11,"isMegawatt":false,"status":"AVAILABLE","source":"ndw"}},{"type":"Feature","geometry":{"type":"Point","coordinates":[4.172691,51.995335]},"properties":{"type":"charge","layer":"passenger","locationId":"90836243","name":"EQUANS SGZH 2.0 Koningin Julianaweg 150","address":"Koningin Julianaweg 150","city":"s-Gravenzande","operatorName":"EQUANS","maxPowerKw":11,"isMegawatt":false,"status":"AVAILABLE","source":"ndw"}},{"type":"Feature","geometry":{"type":"Point","coordinates":[4.2289,52.025079]},"properties":{"type":"charge","layer":"passenger","locationId":"89261995","name":"EQUANS SGZH 1.0 89261995","address":"Van der Klugt Wittemansingel 5","city":"Poeldijk","operatorName":"EQUANS","maxPowerKw":11,"isMegawatt":false,"status":"AVAILABLE","source":"ndw"}},{"type":"Feature","geometry":{"type":"Point","coordinates":[4.178739,52.023228]},"properties":{"type":"charge","layer":"passenger","locationId":"90249566","name":"EQUANS SGZH 2.0 Verdilaan 4","address":"Verdilaan 4","city":"Monster","operatorName":"EQUANS","maxPowerKw":11,"isMegawatt":false,"status":"CHARGING","source":"ndw"}},{"type":"Feature","geometry":{"type":"Point","coordinates":[4.273154,52.029944]},"properties":{"type":"charge","layer":"passenger","locationId":"89264220","name":"EQUANS SGZH 1.0 89264220","address":"Colenstraat 6","city":"Wateringen","operatorName":"EQUANS","maxPowerKw":11,"isMegawatt":false,"status":"CHARGING","source":"ndw"}},{"type":"Feature","geometry":{"type":"Point","coordinates":[4.17086,52.004279]},"properties":{"type":"charge","layer":"passenger","locationId":"90360706","name":"EQUANS SGZH 2.0 van den Binckhorststraat 8","address":"van den Binckhorststraat 8","city":"'s-Gravenzande","operatorName":"EQUANS","maxPowerKw":11,"isMegawatt":false,"status":"AVAILABLE","source":"ndw"}},{"type":"Feature","geometry":{"type":"Point","coordinates":[4.21624,52.02099]},"properties":{"type":"charge","layer":"passenger","locationId":"90920220","name":"EQUANS SGZH 2.0 Van Bergenhenegouwenlaan 19 (Sint Isidorusstraat 4","address":"Van Bergenhenegouwenlaan 19 (Sint Isidorusstr","city":"Poeldijk","operatorName":"EQUANS","maxPowerKw":11,"isMegawatt":false,"status":"CHARGING","source":"ndw"}},{"type":"Feature","geometry":{"type":"Point","coordinates":[4.258256,51.976233]},"properties":{"type":"charge","layer":"passenger","locationId":"89264213","name":"EQUANS SGZH 1.0 89264213","address":"Lierweg 18","city":"De Lier","operatorName":"EQUANS","maxPowerKw":11,"isMegawatt":false,"status":"AVAILABLE","source":"ndw"}},{"type":"Feature","geometry":{"type":"Point","coordinates":[4.194781,51.993475]},"properties":{"type":"charge","layer":"passenger","locationId":"89261927","name":"EQUANS SGZH 1.0 89261927","address":"Kalmoes 37","city":"Naaldwijk","operatorName":"EQUANS","maxPowerKw":11,"isMegawatt":false,"status":"CHARGING","source":"ndw"}},{"type":"Feature","geometry":{"type":"Point","coordinates":[4.173786,52.004615]},"properties":{"type":"charge","layer":"passenger","locationId":"90255668","name":"EQUANS SGZH 2.0 Hagemanstraat 60","address":"Hagemanstraat 60","city":"s-Gravenzande","operatorName":"EQUANS","maxPowerKw":11,"isMegawatt":false,"status":"AVAILABLE","source":"ndw"}},{"type":"Feature","geometry":{"type":"Point","coordinates":[4.207888,51.992512]},"properties":{"type":"charge","layer":"passenger","locationId":"89954685","name":"EQUANS SGZH 2.0 89954685","address":"Verhagenplein 1","city":"Naaldwijk","operatorName":"EQUANS","maxPowerKw":11,"isMegawatt":false,"status":"AVAILABLE","source":"ndw"}},{"type":"Feature","geometry":{"type":"Point","coordinates":[4.27323,52.019145]},"properties":{"type":"charge","layer":"passenger","locationId":"89261442","name":"EQUANS SGZH 1.0 89261442","address":"Kruisbalk 18","city":"Wateringen","operatorName":"EQUANS","maxPowerKw":11,"isMegawatt":false,"status":"AVAILABLE","source":"ndw"}},{"type":"Feature","geometry":{"type":"Point","coordinates":[4.226094,52.009997]},"properties":{"type":"charge","layer":"passenger","locationId":"90369522","name":"EQUANS SGZH 2.0 Kraaijesteijn 30","address":"Kraaijesteijn 30","city":"Honselersdijk","operatorName":"EQUANS","maxPowerKw":11,"isMegawatt":false,"status":"AVAILABLE","source":"ndw"}},{"type":"Feature","geometry":{"type":"Point","coordinates":[4.246944,51.973427]},"properties":{"type":"charge","layer":"passenger","locationId":"89261958","name":"EQUANS SGZH 1.0 89261958","address":"Hoofdstraat 2","city":"De Lier","operatorName":"EQUANS","maxPowerKw":11,"isMegawatt":false,"status":"AVAILABLE","source":"ndw"}},{"type":"Feature","geometry":{"type":"Point","coordinates":[4.279446,52.021729]},"properties":{"type":"charge","layer":"passenger","locationId":"89954678","name":"EQUANS SGZH 2.0 89954678","address":"Westblok 34","city":"Wateringen","operatorName":"EQUANS","maxPowerKw":11,"isMegawatt":false,"status":"AVAILABLE","source":"ndw"}},{"type":"Feature","geometry":{"type":"Point","coordinates":[4.197325,51.996496]},"properties":{"type":"charge","layer":"passenger","locationId":"90695542","name":"EQUANS SGZH 2.0 Opstalweg 28","address":"Opstalweg 28","city":"Naaldwijk","operatorName":"EQUANS","maxPowerKw":11,"isMegawatt":false,"status":"CHARGING","source":"ndw"}},{"type":"Feature","geometry":{"type":"Point","coordinates":[4.17305,52.03052]},"properties":{"type":"charge","layer":"passenger","locationId":"91155762","name":"EQUANS SGZH 2.0 Zeekoet 9","address":"Zeekoet 9","city":"Monster","operatorName":"EQUANS","maxPowerKw":11,"isMegawatt":false,"status":"AVAILABLE","source":"ndw"}},{"type":"Feature","geometry":{"type":"Point","coordinates":[4.267221,51.98926]},"properties":{"type":"charge","layer":"passenger","locationId":"3486221","name":"Laadnet VG Orchids","address":"Pastoor Verburghlaan 10","city":"De Lier","operatorName":"Laadnet","maxPowerKw":22,"isMegawatt":false,"status":"AVAILABLE","source":"ndw"}},{"type":"Feature","geometry":{"type":"Point","coordinates":[4.17921,51.98214]},"properties":{"type":"charge","layer":"passenger","locationId":"91378622","name":"EQUANS SGZH 2.0 Leonard Roggeveenstraat 27","address":"Leonard Roggeveenstraat 27","city":"'s-Gravenzande","operatorName":"EQUANS","maxPowerKw":11,"isMegawatt":false,"status":"AVAILABLE","source":"ndw"}},{"type":"Feature","geometry":{"type":"Point","coordinates":[4.205943,52.001635]},"properties":{"type":"charge","layer":"passenger","locationId":"89179854","name":"EQUANS SGZH 2.0 89179854","address":"Schiereiland 14","city":"Naaldwijk","operatorName":"EQUANS","maxPowerKw":17,"isMegawatt":false,"status":"AVAILABLE","source":"ndw"}},{"type":"Feature","geometry":{"type":"Point","coordinates":[4.252621,51.980314]},"properties":{"type":"charge","layer":"passenger","locationId":"89261967","name":"EQUANS SGZH 1.0 89261967","address":"Leeuweriklaan 32","city":"De Lier","operatorName":"EQUANS","maxPowerKw":11,"isMegawatt":false,"status":"AVAILABLE","source":"ndw"}},{"type":"Feature","geometry":{"type":"Point","coordinates":[4.231803,52.003698]},"properties":{"type":"charge","layer":"passenger","locationId":"89261947","name":"EQUANS SGZH 1.0 89261947","address":"Adelaarshorst 28","city":"Honselersdijk","operatorName":"EQUANS","maxPowerKw":11,"isMegawatt":false,"status":"CHARGING","source":"ndw"}},{"type":"Feature","geometry":{"type":"Point","coordinates":[4.23674,52.00799]},"properties":{"type":"charge","layer":"passenger","locationId":"90888916","name":"EQUANS SGZH 2.0 Prinsenland 6","address":"Prinsenland 6","city":"Honselersdijk","operatorName":"EQUANS","maxPowerKw":11,"isMegawatt":false,"status":"AVAILABLE","source":"ndw"}},{"type":"Feature","geometry":{"type":"Point","coordinates":[4.278809,52.024344]},"properties":{"type":"charge","layer":"passenger","locationId":"89954677","name":"EQUANS SGZH 2.0 89954677","address":"Herenstraat 57","city":"Wateringen","operatorName":"EQUANS","maxPowerKw":11,"isMegawatt":false,"status":"AVAILABLE","source":"ndw"}},{"type":"Feature","geometry":{"type":"Point","coordinates":[4.26822,52.03232]},"properties":{"type":"charge","layer":"passenger","locationId":"90888921","name":"EQUANS SGZH 2.0 Poortweide 7","address":"Poortweide 7","city":"Wateringen","operatorName":"EQUANS","maxPowerKw":11,"isMegawatt":false,"status":"CHARGING","source":"ndw"}},{"type":"Feature","geometry":{"type":"Point","coordinates":[4.275644,52.029351]},"properties":{"type":"charge","layer":"passenger","locationId":"89261443","name":"EQUANS SGZH 1.0 89261443","address":"Van Nassaustraat 24","city":"Wateringen","operatorName":"EQUANS","maxPowerKw":11,"isMegawatt":false,"status":"AVAILABLE","source":"ndw"}},{"type":"Feature","geometry":{"type":"Point","coordinates":[4.236536,52.010962]},"properties":{"type":"charge","layer":"passenger","locationId":"89261946","name":"EQUANS SGZH 1.0 89261946","address":"1e van Reenenstraat 2","city":"Honselersdijk","operatorName":"EQUANS","maxPowerKw":11,"isMegawatt":false,"status":"AVAILABLE","source":"ndw"}},{"type":"Feature","geometry":{"type":"Point","coordinates":[4.177177,52.001747]},"properties":{"type":"charge","layer":"passenger","locationId":"89254246","name":"EQUANS SGZH 2.0 89254246","address":"Rietzanger 2","city":"'s-Gravenzande","operatorName":"EQUANS","maxPowerKw":11,"isMegawatt":false,"status":"AVAILABLE","source":"ndw"}},{"type":"Feature","geometry":{"type":"Point","coordinates":[4.255815,52.010834]},"properties":{"type":"charge","layer":"passenger","locationId":"89261458","name":"EQUANS SGZH 1.0 89261458","address":"Leeuwerik 144","city":"Kwintsheul","operatorName":"EQUANS","maxPowerKw":11,"isMegawatt":false,"status":"CHARGING","source":"ndw"}},{"type":"Feature","geometry":{"type":"Point","coordinates":[4.284103,52.020365]},"properties":{"type":"charge","layer":"passenger","locationId":"89261452","name":"EQUANS SGZH 1.0 89261452","address":"Groentelaan 1","city":"Wateringen","operatorName":"EQUANS","maxPowerKw":11,"isMegawatt":false,"status":"AVAILABLE","source":"ndw"}},{"type":"Feature","geometry":{"type":"Point","coordinates":[4.273173,52.025998]},"properties":{"type":"charge","layer":"passenger","locationId":"90832049","name":"EQUANS SGZH 2.0 Kerklaan 5 H","address":"Kerklaan 5 H","city":"Wateringen","operatorName":"EQUANS","maxPowerKw":11,"isMegawatt":false,"status":"AVAILABLE","source":"ndw"}},{"type":"Feature","geometry":{"type":"Point","coordinates":[4.229032,52.005205]},"properties":{"type":"charge","layer":"passenger","locationId":"89261949","name":"EQUANS SGZH 1.0 89261949","address":"Uilehorst 62","city":"honselersdijk","operatorName":"EQUANS","maxPowerKw":11,"isMegawatt":false,"status":"AVAILABLE","source":"ndw"}},{"type":"Feature","geometry":{"type":"Point","coordinates":[4.234234,52.006347]},"properties":{"type":"charge","layer":"passenger","locationId":"90365808","name":"EQUANS SGZH 2.0 Johan van Oldenbarneveldtstraat 2 A","address":"Johan van Oldenbarneveldtstraat 2 A","city":"Honselersdijk","operatorName":"EQUANS","maxPowerKw":11,"isMegawatt":false,"status":"AVAILABLE","source":"ndw"}},{"type":"Feature","geometry":{"type":"Point","coordinates":[4.23867,51.975441]},"properties":{"type":"charge","layer":"passenger","locationId":"89264216","name":"EQUANS SGZH 1.0 89264216","address":"Heulstraat 1","city":"De Lier","operatorName":"EQUANS","maxPowerKw":11,"isMegawatt":false,"status":"AVAILABLE","source":"ndw"}},{"type":"Feature","geometry":{"type":"Point","coordinates":[4.202125,51.995776]},"properties":{"type":"charge","layer":"passenger","locationId":"90255839","name":"EQUANS SGZH 2.0 gerrit van heemskerkstraat (hoek Hendrik van Naald","address":"gerrit van heemskerkstraat (hoek Hendrik van","city":"naaldwijk","operatorName":"EQUANS","maxPowerKw":11,"isMegawatt":false,"status":"AVAILABLE","source":"ndw"}},{"type":"Feature","geometry":{"type":"Point","coordinates":[4.291025,52.019501]},"properties":{"type":"charge","layer":"passenger","locationId":"89261457","name":"EQUANS SGZH 1.0 89261457","address":"Anemoonhof 9","city":"Wateringen","operatorName":"EQUANS","maxPowerKw":11,"isMegawatt":false,"status":"AVAILABLE","source":"ndw"}},{"type":"Feature","geometry":{"type":"Point","coordinates":[4.215995,51.953935]},"properties":{"type":"charge","layer":"passenger","locationId":"89178215","name":"EQUANS SGZH 2.0 89178215","address":"Van Innevelthof 15","city":"Maasdijk","operatorName":"EQUANS","maxPowerKw":17,"isMegawatt":false,"status":"AVAILABLE","source":"ndw"}},{"type":"Feature","geometry":{"type":"Point","coordinates":[4.258894,52.01305]},"properties":{"type":"charge","layer":"passenger","locationId":"89484896","name":"EQUANS SGZH 2.0 89484896","address":"Grutto 36","city":"Kwintsheul","operatorName":"EQUANS","maxPowerKw":11,"isMegawatt":false,"status":"AVAILABLE","source":"ndw"}},{"type":"Feature","geometry":{"type":"Point","coordinates":[4.16949,52.00708]},"properties":{"type":"charge","layer":"passenger","locationId":"91267848","name":"EQUANS SGZH 2.0 Laan der Verenigde Naties 55","address":"Laan der Verenigde Naties 55","city":"'s-Gravenzande","operatorName":"EQUANS","maxPowerKw":11,"isMegawatt":false,"status":"AVAILABLE","source":"ndw"}},{"type":"Feature","geometry":{"type":"Point","coordinates":[4.158801,52.006613]},"properties":{"type":"charge","layer":"passenger","locationId":"89157634","name":"EQUANS SGZH 1.0 89157634","address":"Sluiswachterstraat 29","city":"'s-Gravenzande","operatorName":"EQUANS","maxPowerKw":17,"isMegawatt":false,"status":"AVAILABLE","source":"ndw"}},{"type":"Feature","geometry":{"type":"Point","coordinates":[4.15387,52.00242]},"properties":{"type":"charge","layer":"passenger","locationId":"91391586","name":"EQUANS SGZH 2.0 Sweelincklaan 39","address":"Sweelincklaan 39","city":"'s-Gravenzande","operatorName":"EQUANS","maxPowerKw":11,"isMegawatt":false,"status":"AVAILABLE","source":"ndw"}},{"type":"Feature","geometry":{"type":"Point","coordinates":[4.163992,52.021674]},"properties":{"type":"charge","layer":"passenger","locationId":"89261988","name":"EQUANS SGZH 1.0 89261988","address":"Zeereep 189","city":"Monster","operatorName":"EQUANS","maxPowerKw":11,"isMegawatt":false,"status":"AVAILABLE","source":"ndw"}},{"type":"Feature","geometry":{"type":"Point","coordinates":[4.16892,52.02532]},"properties":{"type":"charge","layer":"passenger","locationId":"91298738","name":"EQUANS SGZH 2.0 Heijdseweg 4","address":"Heijdseweg 4","city":"Monster","operatorName":"EQUANS","maxPowerKw":11,"isMegawatt":false,"status":"AVAILABLE","source":"ndw"}},{"type":"Feature","geometry":{"type":"Point","coordinates":[4.212434,51.988344]},"properties":{"type":"charge","layer":"passenger","locationId":"89261922","name":"EQUANS SGZH 1.0 89261922","address":"F.V. Valstarplantsoen 23","city":"Naaldwijk","operatorName":"EQUANS","maxPowerKw":11,"isMegawatt":false,"status":"CHARGING","source":"ndw"}},{"type":"Feature","geometry":{"type":"Point","coordinates":[4.199321,51.989954]},"properties":{"type":"charge","layer":"passenger","locationId":"89261920","name":"EQUANS SGZH 1.0 89261920","address":"'s-Gravenzandseweg 84","city":"Naaldwijk","operatorName":"EQUANS","maxPowerKw":11,"isMegawatt":false,"status":"AVAILABLE","source":"ndw"}},{"type":"Feature","geometry":{"type":"Point","coordinates":[4.274395,52.026313]},"properties":{"type":"charge","layer":"passenger","locationId":"89264212","name":"EQUANS SGZH 1.0 89264212","address":"Meynertzhagenstraat 44","city":"Wateringen","operatorName":"EQUANS","maxPowerKw":11,"isMegawatt":false,"status":"CHARGING","source":"ndw"}},{"type":"Feature","geometry":{"type":"Point","coordinates":[4.270406,52.020582]},"properties":{"type":"charge","layer":"passenger","locationId":"89455029","name":"EQUANS SGZH 2.0 89455029","address":"Kruilier 6","city":"Wateringen","operatorName":"EQUANS","maxPowerKw":11,"isMegawatt":false,"status":"AVAILABLE","source":"ndw"}},{"type":"Feature","geometry":{"type":"Point","coordinates":[4.181375,52.027067]},"properties":{"type":"charge","layer":"passenger","locationId":"89261980","name":"EQUANS SGZH 1.0 89261980","address":"Terborch 2","city":"Monster","operatorName":"EQUANS","maxPowerKw":11,"isMegawatt":false,"status":"AVAILABLE","source":"ndw"}},{"type":"Feature","geometry":{"type":"Point","coordinates":[4.203954,51.995563]},"properties":{"type":"charge","layer":"passenger","locationId":"89358820","name":"EQUANS SGZH 2.0 89358820","address":"Sophia van Teylingenstraat 19","city":"Naaldwijk","operatorName":"EQUANS","maxPowerKw":11,"isMegawatt":false,"status":"AVAILABLE","source":"ndw"}},{"type":"Feature","geometry":{"type":"Point","coordinates":[4.150274,52.002037]},"properties":{"type":"charge","layer":"passenger","locationId":"89157640","name":"EQUANS SGZH 1.0 89157640","address":"Kreeklaan 21","city":"'s-Gravenzande","operatorName":"EQUANS","maxPowerKw":17,"isMegawatt":false,"status":"AVAILABLE","source":"ndw"}},{"type":"Feature","geometry":{"type":"Point","coordinates":[4.248417,51.977659]},"properties":{"type":"charge","layer":"passenger","locationId":"89604311","name":"EQUANS SGZH 2.0 89604311","address":"Meidoornhof 59","city":"De Lier","operatorName":"EQUANS","maxPowerKw":11,"isMegawatt":false,"status":"CHARGING","source":"ndw"}},{"type":"Feature","geometry":{"type":"Point","coordinates":[4.164135,51.996156]},"properties":{"type":"charge","layer":"passenger","locationId":"89238530","name":"EQUANS SGZH 2.0 89238530","address":"Agaat 2","city":"'s-Gravenzande","operatorName":"EQUANS","maxPowerKw":11,"isMegawatt":false,"status":"CHARGING","source":"ndw"}},{"type":"Feature","geometry":{"type":"Point","coordinates":[4.219581,52.023209]},"properties":{"type":"charge","layer":"passenger","locationId":"89238547","name":"EQUANS SGZH 2.0 89238547","address":"Jan Barendselaan 185","city":"Poeldijk","operatorName":"EQUANS","maxPowerKw":17,"isMegawatt":false,"status":"AVAILABLE","source":"ndw"}},{"type":"Feature","geometry":{"type":"Point","coordinates":[4.222053,52.027724]},"properties":{"type":"charge","layer":"passenger","locationId":"89179072","name":"EQUANS SGZH 2.0 89179072","address":"Duinrel 28","city":"Poeldijk","operatorName":"EQUANS","maxPowerKw":17,"isMegawatt":false,"status":"AVAILABLE","source":"ndw"}},{"type":"Feature","geometry":{"type":"Point","coordinates":[4.171837,52.005947]},"properties":{"type":"charge","layer":"passenger","locationId":"90255666","name":"EQUANS SGZH 2.0 Hoflaan hoek Hagemanstraat 1","address":"Hoflaan hoek Hagemanstraat 1","city":"s-Gravenzande","operatorName":"EQUANS","maxPowerKw":11,"isMegawatt":false,"status":"CHARGING","source":"ndw"}},{"type":"Feature","geometry":{"type":"Point","coordinates":[4.224848,52.009878]},"properties":{"type":"charge","layer":"passenger","locationId":"89261944","name":"EQUANS SGZH 1.0 89261944","address":"Groenelaan 60","city":"Honselersdijk","operatorName":"EQUANS","maxPowerKw":11,"isMegawatt":false,"status":"AVAILABLE","source":"ndw"}},{"type":"Feature","geometry":{"type":"Point","coordinates":[4.28219,52.01782]},"properties":{"type":"charge","layer":"passenger","locationId":"91172020","name":"EQUANS SGZH 2.0 Randveen 19","address":"Randveen 19","city":"Wateringen","operatorName":"EQUANS","maxPowerKw":11,"isMegawatt":false,"status":"AVAILABLE","source":"ndw"}},{"type":"Feature","geometry":{"type":"Point","coordinates":[4.269592,52.031821]},"properties":{"type":"charge","layer":"passenger","locationId":"89261437","name":"EQUANS SGZH 1.0 89261437","address":"Prins Hendrikstraat 64","city":"Wateringen","operatorName":"EQUANS","maxPowerKw":11,"isMegawatt":false,"status":"AVAILABLE","source":"ndw"}},{"type":"Feature","geometry":{"type":"Point","coordinates":[4.214676,52.023936]},"properties":{"type":"charge","layer":"passenger","locationId":"89179088","name":"EQUANS SGZH 2.0 Julianastraat 31 - Marijkestraat","address":"Julianastraat 31","city":"Poeldijk","operatorName":"EQUANS","maxPowerKw":11,"isMegawatt":false,"status":"AVAILABLE","source":"ndw"}},{"type":"Feature","geometry":{"type":"Point","coordinates":[4.225735,52.005913]},"properties":{"type":"charge","layer":"passenger","locationId":"89455024","name":"EQUANS SGZH 2.0 89455024","address":"Amalia van Solmsstraat 37","city":"Honselersdijk","operatorName":"EQUANS","maxPowerKw":11,"isMegawatt":false,"status":"CHARGING","source":"ndw"}},{"type":"Feature","geometry":{"type":"Point","coordinates":[4.23015,52.0103]},"properties":{"type":"charge","layer":"passenger","locationId":"90920228","name":"EQUANS SGZH 2.0 Symfonie 22","address":"Symfonie 22","city":"Honselersdijk","operatorName":"EQUANS","maxPowerKw":11,"isMegawatt":false,"status":"AVAILABLE","source":"ndw"}},{"type":"Feature","geometry":{"type":"Point","coordinates":[4.271743,52.02678]},"properties":{"type":"charge","layer":"passenger","locationId":"89261447","name":"EQUANS SGZH 1.0 89261447","address":"Julianastraat 2B","city":"Wateringen","operatorName":"EQUANS","maxPowerKw":11,"isMegawatt":false,"status":"AVAILABLE","source":"ndw"}},{"type":"Feature","geometry":{"type":"Point","coordinates":[4.176165,52.030564]},"properties":{"type":"charge","layer":"passenger","locationId":"89261974","name":"EQUANS SGZH 1.0 89261974","address":"Braamstraat 19","city":"Monster","operatorName":"EQUANS","maxPowerKw":11,"isMegawatt":false,"status":"AVAILABLE","source":"ndw"}},{"type":"Feature","geometry":{"type":"Point","coordinates":[4.171817,52.023262]},"properties":{"type":"charge","layer":"passenger","locationId":"90099083","name":"EQUANS SGZH 2.0 Molenerf 19","address":"Molenerf 19","city":"Monster","operatorName":"EQUANS","maxPowerKw":11,"isMegawatt":false,"status":"CHARGING","source":"ndw"}},{"type":"Feature","geometry":{"type":"Point","coordinates":[4.203166,51.99112]},"properties":{"type":"charge","layer":"passenger","locationId":"90255771","name":"EQUANS SGZH 2.0 Crocus 3","address":"Crocus 3","city":"Naaldwijk","operatorName":"EQUANS","maxPowerKw":11,"isMegawatt":false,"status":"AVAILABLE","source":"ndw"}},{"type":"Feature","geometry":{"type":"Point","coordinates":[4.168884,52.029738]},"properties":{"type":"charge","layer":"passenger","locationId":"90306099","name":"EQUANS SGZH 2.0 Pietersonstraat 2","address":"Pietersonstraat 2","city":"Ter Heijde","operatorName":"EQUANS","maxPowerKw":11,"isMegawatt":false,"status":"AVAILABLE","source":"ndw"}},{"type":"Feature","geometry":{"type":"Point","coordinates":[4.204068,51.991692]},"properties":{"type":"charge","layer":"passenger","locationId":"89264146","name":"EQUANS SGZH 1.0 89264146","address":"Patijnenburg 2","city":"Naaldwijk","operatorName":"EQUANS","maxPowerKw":11,"isMegawatt":false,"status":"AVAILABLE","source":"ndw"}},{"type":"Feature","geometry":{"type":"Point","coordinates":[4.175334,52.002633]},"properties":{"type":"charge","layer":"passenger","locationId":"90195857","name":"EQUANS SGZH 2.0 Leeuweriklaan 36","address":"Leeuweriklaan 36","city":"'s-Gravenzande","operatorName":"EQUANS","maxPowerKw":11,"isMegawatt":false,"status":"AVAILABLE","source":"ndw"}},{"type":"Feature","geometry":{"type":"Point","coordinates":[4.253999,51.982662]},"properties":{"type":"charge","layer":"passenger","locationId":"90247528","name":"EQUANS SGZH 2.0 Duitslandlaan 1","address":"Duitslandlaan 1","city":"De Lier","operatorName":"EQUANS","maxPowerKw":11,"isMegawatt":false,"status":"AVAILABLE","source":"ndw"}},{"type":"Feature","geometry":{"type":"Point","coordinates":[4.22486,52.02374]},"properties":{"type":"charge","layer":"passenger","locationId":"90992421","name":"EQUANS SGZH 2.0 De Backerstraat 60 (t.h.v. Dwarsland 28)","address":"De Backerstraat 60","city":"Poeldijk","operatorName":"EQUANS","maxPowerKw":11,"isMegawatt":false,"status":"AVAILABLE","source":"ndw"}},{"type":"Feature","geometry":{"type":"Point","coordinates":[4.225442,52.006233]},"properties":{"type":"charge","layer":"passenger","locationId":"89261943","name":"EQUANS SGZH 1.0 89261943","address":"Hofstraat 64","city":"Honselersdijk","operatorName":"EQUANS","maxPowerKw":11,"isMegawatt":false,"status":"CHARGING","source":"ndw"}},{"type":"Feature","geometry":{"type":"Point","coordinates":[4.179151,52.00026]},"properties":{"type":"charge","layer":"passenger","locationId":"90099963","name":"EQUANS SGZH 2.0 Reiger 25","address":"Reiger 25","city":"'s-Gravenzande","operatorName":"EQUANS","maxPowerKw":11,"isMegawatt":false,"status":"AVAILABLE","source":"ndw"}},{"type":"Feature","geometry":{"type":"Point","coordinates":[4.167518,52.023284]},"properties":{"type":"charge","layer":"passenger","locationId":"89238560","name":"EQUANS SGZH 2.0 89238560","address":"Slangekruid 73","city":"Monster","operatorName":"EQUANS","maxPowerKw":11,"isMegawatt":false,"status":"AVAILABLE","source":"ndw"}},{"type":"Feature","geometry":{"type":"Point","coordinates":[4.216298,52.0217]},"properties":{"type":"charge","layer":"passenger","locationId":"90112030","name":"EQUANS SGZH 2.0 Rijsenburgerweg 3","address":"Rijsenburgerweg 3","city":"Poeldijk","operatorName":"EQUANS","maxPowerKw":11,"isMegawatt":false,"status":"CHARGING","source":"ndw"}},{"type":"Feature","geometry":{"type":"Point","coordinates":[4.216375,51.956186]},"properties":{"type":"charge","layer":"passenger","locationId":"89261955","name":"EQUANS SGZH 1.0 89261955","address":"Zoutmanstraat 27","city":"Maasdijk","operatorName":"EQUANS","maxPowerKw":11,"isMegawatt":false,"status":"AVAILABLE","source":"ndw"}},{"type":"Feature","geometry":{"type":"Point","coordinates":[4.284768,52.025574]},"properties":{"type":"charge","layer":"passenger","locationId":"89263113","name":"EQUANS SGZH 1.0 89263113","address":"Waterpark 5","city":"Wateringen","operatorName":"EQUANS","maxPowerKw":11,"isMegawatt":false,"status":"AVAILABLE","source":"ndw"}},{"type":"Feature","geometry":{"type":"Point","coordinates":[4.198647,52.001245]},"properties":{"type":"charge","layer":"passenger","locationId":"90987416","name":"EQUANS SGZH 2.0 Gletsjerzand 8","address":"Gletsjerzand 8","city":"Naaldwijk","operatorName":"EQUANS","maxPowerKw":11,"isMegawatt":false,"status":"AVAILABLE","source":"ndw"}},{"type":"Feature","geometry":{"type":"Point","coordinates":[4.204658,51.993765]},"properties":{"type":"charge","layer":"passenger","locationId":"91017901","name":"EQUANS SGZH 2.0 Secretaris Verhoeffweg 5 ap24","address":"Secretaris Verhoeffweg 5 ap24","city":"Naaldwijk","operatorName":"EQUANS","maxPowerKw":11,"isMegawatt":false,"status":"AVAILABLE","source":"ndw"}},{"type":"Feature","geometry":{"type":"Point","coordinates":[4.211546,51.987164]},"properties":{"type":"charge","layer":"passenger","locationId":"90255758","name":"EQUANS SGZH 2.0 Hastastraat 1","address":"Hastastraat 1","city":"Naaldwijk","operatorName":"EQUANS","maxPowerKw":11,"isMegawatt":false,"status":"AVAILABLE","source":"ndw"}},{"type":"Feature","geometry":{"type":"Point","coordinates":[4.202834,52.00286]},"properties":{"type":"charge","layer":"passenger","locationId":"89264167","name":"EQUANS SGZH 1.0 89264167","address":"Stille Oceaan 35 15","city":"Naaldwijk","operatorName":"EQUANS","maxPowerKw":11,"isMegawatt":false,"status":"AVAILABLE","source":"ndw"}},{"type":"Feature","geometry":{"type":"Point","coordinates":[4.170269,52.021016]},"properties":{"type":"charge","layer":"passenger","locationId":"89484903","name":"EQUANS SGZH 2.0 89484903","address":"Herckenrathstraat 1","city":"Monster","operatorName":"EQUANS","maxPowerKw":11,"isMegawatt":false,"status":"CHARGING","source":"ndw"}},{"type":"Feature","geometry":{"type":"Point","coordinates":[4.244337,51.974094]},"properties":{"type":"charge","layer":"passenger","locationId":"89157629","name":"EQUANS SGZH 1.0 89157629","address":"Jan Steenstraat 18","city":"De Lier","operatorName":"EQUANS","maxPowerKw":17,"isMegawatt":false,"status":"AVAILABLE","source":"ndw"}},{"type":"Feature","geometry":{"type":"Point","coordinates":[4.25031,51.97341]},"properties":{"type":"charge","layer":"passenger","locationId":"91364195","name":"EQUANS SGZH 2.0 Koningin Julianalaan 28","address":"Koningin Julianalaan 28","city":"De Lier","operatorName":"EQUANS","maxPowerKw":11,"isMegawatt":false,"status":"AVAILABLE","source":"ndw"}},{"type":"Feature","geometry":{"type":"Point","coordinates":[4.279231,52.028426]},"properties":{"type":"charge","layer":"passenger","locationId":"89179082","name":"EQUANS SGZH 2.0 89179082","address":"Boetersstraat 30","city":"Wateringen","operatorName":"EQUANS","maxPowerKw":17,"isMegawatt":false,"status":"AVAILABLE","source":"ndw"}},{"type":"Feature","geometry":{"type":"Point","coordinates":[4.205017,51.995917]},"properties":{"type":"charge","layer":"passenger","locationId":"89261914","name":"EQUANS SGZH 1.0 89261914","address":"Lage Woerd 11","city":"Naaldwijk","operatorName":"EQUANS","maxPowerKw":11,"isMegawatt":false,"status":"AVAILABLE","source":"ndw"}},{"type":"Feature","geometry":{"type":"Point","coordinates":[4.213538,51.955201]},"properties":{"type":"charge","layer":"passenger","locationId":"89261952","name":"EQUANS SGZH 1.0 89261952","address":"Lange Kruisweg 43","city":"Maasdijk","operatorName":"EQUANS","maxPowerKw":11,"isMegawatt":false,"status":"AVAILABLE","source":"ndw"}},{"type":"Feature","geometry":{"type":"Point","coordinates":[4.213322,51.986863]},"properties":{"type":"charge","layer":"passenger","locationId":"90201684","name":"EQUANS SGZH 2.0 Turresstraat 2","address":"Turresstraat 2","city":"Naaldwijk","operatorName":"EQUANS","maxPowerKw":11,"isMegawatt":false,"status":"AVAILABLE","source":"ndw"}},{"type":"Feature","geometry":{"type":"Point","coordinates":[4.201562,51.998151]},"properties":{"type":"charge","layer":"passenger","locationId":"89459867","name":"EQUANS SGZH 2.0 Strandgaper 1","address":"Strandgaper 1","city":"Naaldwijk","operatorName":"EQUANS","maxPowerKw":11,"isMegawatt":false,"status":"AVAILABLE","source":"ndw"}},{"type":"Feature","geometry":{"type":"Point","coordinates":[4.218009,52.026043]},"properties":{"type":"charge","layer":"passenger","locationId":"90256808","name":"EQUANS SGZH 2.0 Mauritslaan 68","address":"Mauritslaan 68","city":"Poeldijk","operatorName":"EQUANS","maxPowerKw":11,"isMegawatt":false,"status":"AVAILABLE","source":"ndw"}},{"type":"Feature","geometry":{"type":"Point","coordinates":[4.162464,52.007544]},"properties":{"type":"charge","layer":"passenger","locationId":"89157632","name":"EQUANS SGZH 1.0 89157632","address":"Wagenmakerstraat 4","city":"'s-Gravenzande","operatorName":"EQUANS","maxPowerKw":17,"isMegawatt":false,"status":"AVAILABLE","source":"ndw"}},{"type":"Feature","geometry":{"type":"Point","coordinates":[4.174902,52.02772]},"properties":{"type":"charge","layer":"passenger","locationId":"89261973","name":"EQUANS SGZH 1.0 89261973","address":"Goudenregenstraat 67","city":"Monster","operatorName":"EQUANS","maxPowerKw":11,"isMegawatt":false,"status":"CHARGING","source":"ndw"}},{"type":"Feature","geometry":{"type":"Point","coordinates":[4.179323,52.026408]},"properties":{"type":"charge","layer":"passenger","locationId":"89264219","name":"EQUANS SGZH 1.0 89264219","address":"Rubenslaan 14","city":"Monster","operatorName":"EQUANS","maxPowerKw":11,"isMegawatt":false,"status":"AVAILABLE","source":"ndw"}},{"type":"Feature","geometry":{"type":"Point","coordinates":[4.250762,51.98863]},"properties":{"type":"charge","layer":"passenger","locationId":"67cacb4eab7b4cd153ad6bd1","name":"SK Roses 2","address":"Noord-Lierweg 40b","city":"De Lier","operatorName":"E-Flux by Road","maxPowerKw":22,"isMegawatt":false,"status":"AVAILABLE","source":"ndw","priceKwh":0.28}},{"type":"Feature","geometry":{"type":"Point","coordinates":[4.181245,52.022697]},"properties":{"type":"charge","layer":"passenger","locationId":"89264221","name":"EQUANS SGZH 1.0 89264221","address":"Verdilaan 81","city":"Monster","operatorName":"EQUANS","maxPowerKw":11,"isMegawatt":false,"status":"AVAILABLE","source":"ndw"}},{"type":"Feature","geometry":{"type":"Point","coordinates":[4.210584,51.990614]},"properties":{"type":"charge","layer":"passenger","locationId":"89261921","name":"EQUANS SGZH 1.0 89261921","address":"Anjerlaan 6","city":"Naaldwijk","operatorName":"EQUANS","maxPowerKw":11,"isMegawatt":false,"status":"AVAILABLE","source":"ndw"}},{"type":"Feature","geometry":{"type":"Point","coordinates":[4.195673,51.993628]},"properties":{"type":"charge","layer":"passenger","locationId":"90960064","name":"EQUANS SGZH 2.0 Lisdodde 18","address":"Lisdodde 18","city":"Naaldwijk","operatorName":"EQUANS","maxPowerKw":11,"isMegawatt":false,"status":"AVAILABLE","source":"ndw"}},{"type":"Feature","geometry":{"type":"Point","coordinates":[4.187538,51.990016]},"properties":{"type":"charge","layer":"passenger","locationId":"89262024","name":"EQUANS SGZH 1.0 89262024","address":"Dagpauwoog 16","city":"'s-Gravenzande","operatorName":"EQUANS","maxPowerKw":11,"isMegawatt":false,"status":"AVAILABLE","source":"ndw"}},{"type":"Feature","geometry":{"type":"Point","coordinates":[4.218499,51.989215]},"properties":{"type":"charge","layer":"passenger","locationId":"89981258","name":"EQUANS SGZH 2.0 Mr. Jan Tuningstraat 64","address":"Mr. Jan Tuningstraat 64","city":"Naaldwijk","operatorName":"EQUANS","maxPowerKw":11,"isMegawatt":false,"status":"AVAILABLE","source":"ndw"}},{"type":"Feature","geometry":{"type":"Point","coordinates":[4.212532,51.985646]},"properties":{"type":"charge","layer":"passenger","locationId":"90255757","name":"EQUANS SGZH 2.0 Sudesstraat 2","address":"Sudesstraat 2","city":"Naaldwijk","operatorName":"EQUANS","maxPowerKw":11,"isMegawatt":false,"status":"AVAILABLE","source":"ndw"}},{"type":"Feature","geometry":{"type":"Point","coordinates":[4.225994,51.992738]},"properties":{"type":"charge","layer":"passenger","locationId":"60b9f354d3fac60555ae1e95","name":"Anexo WHC 001","address":"Europa 1","city":"Naaldwijk","operatorName":"E-Flux by Road","maxPowerKw":22,"isMegawatt":false,"status":"AVAILABLE","source":"ndw","priceKwh":0.48}},{"type":"Feature","geometry":{"type":"Point","coordinates":[4.165729,52.001574]},"properties":{"type":"charge","layer":"passenger","locationId":"89262014","name":"EQUANS SGZH 1.0 89262014","address":"Meester de Fremerystraat 1","city":"'s-Gravenzande","operatorName":"EQUANS","maxPowerKw":11,"isMegawatt":false,"status":"AVAILABLE","source":"ndw"}},{"type":"Feature","geometry":{"type":"Point","coordinates":[4.213312,52.022719]},"properties":{"type":"charge","layer":"passenger","locationId":"89484907","name":"EQUANS SGZH 2.0 89484907","address":"Julianastraat 2","city":"Poeldijk","operatorName":"EQUANS","maxPowerKw":11,"isMegawatt":false,"status":"AVAILABLE","source":"ndw"}},{"type":"Feature","geometry":{"type":"Point","coordinates":[4.167909,51.993912]},"properties":{"type":"charge","layer":"passenger","locationId":"90201682","name":"EQUANS SGZH 2.0 Olivien 43","address":"Olivien 43","city":"'s-Gravenzande","operatorName":"EQUANS","maxPowerKw":11,"isMegawatt":false,"status":"AVAILABLE","source":"ndw"}},{"type":"Feature","geometry":{"type":"Point","coordinates":[4.166886,51.99825]},"properties":{"type":"charge","layer":"passenger","locationId":"89228353","name":"EQUANS SGZH 2.0 89228353","address":"Populierenstraat 26","city":"'s-Gravenzande","operatorName":"EQUANS","maxPowerKw":11,"isMegawatt":false,"status":"AVAILABLE","source":"ndw"}},{"type":"Feature","geometry":{"type":"Point","coordinates":[4.16812,52.030465]},"properties":{"type":"charge","layer":"passenger","locationId":"89261989","name":"EQUANS SGZH 1.0 Prins Willem III - Plein 6","address":"Prins Willem III - Plein 6","city":"Ter Heijde","operatorName":"EQUANS","maxPowerKw":11,"isMegawatt":false,"status":"CHARGING","source":"ndw"}},{"type":"Feature","geometry":{"type":"Point","coordinates":[4.201861,51.999961]},"properties":{"type":"charge","layer":"passenger","locationId":"89459869","name":"EQUANS SGZH 2.0 89459869","address":"Dommel 2","city":"Naaldwijk","operatorName":"EQUANS","maxPowerKw":11,"isMegawatt":false,"status":"AVAILABLE","source":"ndw"}},{"type":"Feature","geometry":{"type":"Point","coordinates":[4.273417,52.027434]},"properties":{"type":"charge","layer":"passenger","locationId":"89484908","name":"EQUANS SGZH 2.0 89484908","address":"Van Gochstraat 36","city":"Wateringen","operatorName":"EQUANS","maxPowerKw":11,"isMegawatt":false,"status":"AVAILABLE","source":"ndw"}},{"type":"Feature","geometry":{"type":"Point","coordinates":[4.252494,52.01411]},"properties":{"type":"charge","layer":"passenger","locationId":"90189352","name":"EQUANS SGZH 2.0 Kerkstraat 111","address":"Kerkstraat 111","city":"Kwintsheul","operatorName":"EQUANS","maxPowerKw":11,"isMegawatt":false,"status":"AVAILABLE","source":"ndw"}},{"type":"Feature","geometry":{"type":"Point","coordinates":[4.182594,52.023781]},"properties":{"type":"charge","layer":"passenger","locationId":"90186672","name":"EQUANS SGZH 2.0 Johannes Vermeerstraat 47","address":"Johannes Vermeerstraat 47","city":"Monster","operatorName":"EQUANS","maxPowerKw":11,"isMegawatt":false,"status":"AVAILABLE","source":"ndw"}},{"type":"Feature","geometry":{"type":"Point","coordinates":[4.291647,52.018922]},"properties":{"type":"charge","layer":"passenger","locationId":"89309015","name":"EQUANS SGZH 1.0 89309015","address":"Zonnebloemstraat 18","city":"Wateringen","operatorName":"EQUANS","maxPowerKw":11,"isMegawatt":false,"status":"AVAILABLE","source":"ndw"}},{"type":"Feature","geometry":{"type":"Point","coordinates":[4.200229,51.999718]},"properties":{"type":"charge","layer":"passenger","locationId":"89459874","name":"EQUANS SGZH 2.0 89459874","address":"Koraal 11","city":"Naaldwijk","operatorName":"EQUANS","maxPowerKw":11,"isMegawatt":false,"status":"AVAILABLE","source":"ndw"}},{"type":"Feature","geometry":{"type":"Point","coordinates":[4.27994,52.025798]},"properties":{"type":"charge","layer":"passenger","locationId":"89927742","name":"EQUANS SGZH 2.0 89927742","address":"Bakkershof 88","city":"Wateringen","operatorName":"EQUANS","maxPowerKw":11,"isMegawatt":false,"status":"AVAILABLE","source":"ndw"}},{"type":"Feature","geometry":{"type":"Point","coordinates":[4.171289,52.024509]},"properties":{"type":"charge","layer":"passenger","locationId":"90100820","name":"EQUANS SGZH 1.0 Burgemeester Woutersplein 5 Monster","address":"Burgemeester Woutersplein 5","city":"Monster","operatorName":"EQUANS","maxPowerKw":11,"isMegawatt":false,"status":"AVAILABLE","source":"ndw"}},{"type":"Feature","geometry":{"type":"Point","coordinates":[4.278451,52.030604]},"properties":{"type":"charge","layer":"passenger","locationId":"90369515","name":"EQUANS SGZH 2.0 Singel 116","address":"Singel 116","city":"Wateringen","operatorName":"EQUANS","maxPowerKw":11,"isMegawatt":false,"status":"AVAILABLE","source":"ndw"}},{"type":"Feature","geometry":{"type":"Point","coordinates":[4.215196,51.998117]},"properties":{"type":"charge","layer":"passenger","locationId":"89261933","name":"EQUANS SGZH 1.0 89261933","address":"Beelstraat 83","city":"Naaldwijk","operatorName":"EQUANS","maxPowerKw":11,"isMegawatt":false,"status":"AVAILABLE","source":"ndw"}},{"type":"Feature","geometry":{"type":"Point","coordinates":[4.19847,52.0002]},"properties":{"type":"charge","layer":"passenger","locationId":"90942132","name":"EQUANS SGZH 2.0 Zandheuvelweg (t.o. huisnummer 19)","address":"Zandheuvelweg","city":"Naaldwijk","operatorName":"EQUANS","maxPowerKw":11,"isMegawatt":false,"status":"AVAILABLE","source":"ndw"}},{"type":"Feature","geometry":{"type":"Point","coordinates":[4.167343,52.00667]},"properties":{"type":"charge","layer":"passenger","locationId":"89262027","name":"EQUANS SGZH 1.0 89262027","address":"Martin Luther Kingstraat 1","city":"'s-Gravenzande","operatorName":"EQUANS","maxPowerKw":11,"isMegawatt":false,"status":"AVAILABLE","source":"ndw"}},{"type":"Feature","geometry":{"type":"Point","coordinates":[4.163782,51.99837]},"properties":{"type":"charge","layer":"passenger","locationId":"90255659","name":"EQUANS SGZH 2.0 Seringenhof 1","address":"Seringenhof 1","city":"s-Gravenzande","operatorName":"EQUANS","maxPowerKw":11,"isMegawatt":false,"status":"CHARGING","source":"ndw"}},{"type":"Feature","geometry":{"type":"Point","coordinates":[4.17108,52.007286]},"properties":{"type":"charge","layer":"passenger","locationId":"89262032","name":"EQUANS SGZH 1.0 89262032","address":"Laan der Verenigde Naties 125","city":"'s-Gravenzande","operatorName":"EQUANS","maxPowerKw":11,"isMegawatt":false,"status":"AVAILABLE","source":"ndw"}},{"type":"Feature","geometry":{"type":"Point","coordinates":[4.235646,52.00188]},"properties":{"type":"charge","layer":"freight","locationId":"39441","name":"Circle K Honselersdijk","address":"Middel Broekweg 59A","city":"Honselersdijk","operatorName":"Spirii","maxPowerKw":400,"isMegawatt":false,"status":"AVAILABLE","source":"ndw","priceKwh":0.65,"freightKind":"hpc","freightReason":"power"}},{"type":"Feature","geometry":{"type":"MultiPolygon","coordinates":[[[[4.1874834180786635,52.052116408966334],[4.189565218089661,52.051497780927875],[4.191736441913845,52.05219166029046],[4.196340432386955,52.05566090591186],[4.204116396263472,52.04472693723603],[4.20416393881716,52.044670070007825],[4.209037154326403,52.03827438921438],[4.212434288695139,52.03403308918441],[4.209584460417454,52.03365471836749],[4.212255001611374,52.03075239125482],[4.213734229743361,52.031686603604314],[4.219226674857139,52.033736826049854],[4.2283257634234195,52.03464209518201],[4.235053993000466,52.039256441013535],[4.241415382665929,52.03194963768129],[4.244294602701215,52.0288455393245],[4.244808091589387,52.02873116940289],[4.248217103251409,52.02522587442164],[4.254891605148563,52.028289699652284],[4.256376643581468,52.028348026292576],[4.259132797913155,52.029571078551136],[4.266645381564163,52.03300636452706],[4.272662722174869,52.03591732652841],[4.272973420014277,52.03551865172966],[4.275895466942293,52.031558170263025],[4.277896847777271,52.032468496982084],[4.281741557841785,52.02736836516819],[4.28280041699443,52.027626384165615],[4.283474856699606,52.026700405020925],[4.28524989644943,52.0274225114846],[4.285883887479219,52.026481017239405],[4.285046716094184,52.02626787022232],[4.285650345556837,52.02591387145337],[4.285146309241784,52.02561791319589],[4.288254581788182,52.02375780068738],[4.286773441419185,52.02296759278736],[4.286999353102771,52.02286913621336],[4.294344607481693,52.01935880848016],[4.2897367160595055,52.0176476279161],[4.295512163487993,52.01484856377018],[4.2986145253448,52.01687701563949],[4.301075389709384,52.01786911314473],[4.302664084132108,52.01648820330616],[4.307638612434026,52.01815153083072],[4.309819285230901,52.01563419619695],[4.307588840812188,52.014693289735554],[4.281464449639767,52.002916041982544],[4.273117202503955,51.999249886011135],[4.2652451319543125,51.99583616671158],[4.267252395025639,51.993583826280606],[4.269815034327767,51.99289359800151],[4.271116531874446,51.99224676064152],[4.271894169105843,51.992891612860625],[4.2803215420588465,51.990347428054015],[4.280332866021488,51.989741372491316],[4.280355313892041,51.98853980244497],[4.284089855376077,51.98564093260247],[4.287536977803531,51.98901590806778],[4.288683686035513,51.98882523390381],[4.290192542628428,51.98739654752788],[4.290489268267319,51.98663366047653],[4.291913221694413,51.98297226739506],[4.293313621650692,51.98320774270499],[4.295629338111882,51.98359708520659],[4.295986555999019,51.982655477214365],[4.29632446234137,51.98176473699249],[4.298781391333726,51.98216120070096],[4.299270755063675,51.98111382075835],[4.30070277002779,51.98116245669262],[4.301816137848162,51.98120025738491],[4.302900676468968,51.98009159964658],[4.302690570320483,51.979695524727624],[4.298253001861422,51.97746389703575],[4.295980622465757,51.97753272578677],[4.2875532672085495,51.97335529075722],[4.289302869372222,51.971910408838234],[4.28509133833502,51.969889492659256],[4.284127255910035,51.97062653394267],[4.282317001121137,51.969787992294236],[4.2803148257638295,51.97145131284509],[4.278160848735613,51.97043307933906],[4.274686078889043,51.97339608121877],[4.273224499754828,51.973642925668514],[4.271949278976702,51.971614308835136],[4.272464463474527,51.97025588680765],[4.271455564993897,51.969859795428704],[4.276537185765977,51.965053873709905],[4.26344832352563,51.96009346930786],[4.258267722440922,51.95896517166479],[4.25362881032055,51.95886661058322],[4.233957256603943,51.95333124748656],[4.233532395726511,51.95267089212827],[4.234099109360206,51.94973520305448],[4.2393982838339905,51.94463667590046],[4.239722051255553,51.944469128165125],[4.241257749824488,51.943674386732354],[4.240316972343405,51.9428719699857],[4.236940861194598,51.94392952259624],[4.2319195328515615,51.94295446576849],[4.231766872918141,51.94292220517024],[4.228291163979707,51.94799079452291],[4.2214533800512,51.94266846212473],[4.219528688476147,51.94139952601654],[4.217823634007065,51.941636519902595],[4.1923959476320976,51.954805794422654],[4.186723733902637,51.962675774038324],[4.189369355035037,51.9647577165857],[4.1911960099101995,51.96544470370615],[4.190608691628652,51.9659814796997],[4.1879178417593845,51.96539163803086],[4.186579969107175,51.965868943991794],[4.1874744707742915,51.96681757979546],[4.175898038277517,51.97169365678962],[4.169605257745227,51.973973177617374],[4.155062349222726,51.97783792531251],[4.15530309602786,51.97959981135068],[4.1472804415780855,51.98139314421576],[4.149954453788796,51.98481037073188],[4.148941853769846,51.98509394848453],[4.150957676955526,51.98761830798304],[4.138613058926636,51.99164706945215],[4.1355667735810835,51.99270276270853],[4.132362913989746,51.9954598556183],[4.130986880740353,51.997179135856825],[4.132516857790569,51.998542589734804],[4.125302484457527,52.001640378514075],[4.137401892969057,52.00989092493068],[4.1527393682696765,52.02222142917365],[4.160586405890366,52.028828725662265],[4.168188201399453,52.03399260245722],[4.17548026705222,52.04154539823082],[4.187647498319258,52.056449681148024],[4.189178774062787,52.055467148058966],[4.1874834180786635,52.052116408966334]]]]},"properties":{"type":"boundary","gemeente":"Westland","code":"GM1783"}}]}