{"type":"FeatureCollection","metadata":{"gemeente":"Zeist","slug":"zeist","code":"GM0355","generated_at":"2026-07-06T16:26:11.361Z","total_passenger":319,"total_freight":0,"bounds":[5.192751476116649,52.05864666990405,5.332608228965326,52.17125147794284],"operators":["DAEN Mobility","E-Flux by Road","E.ON Drive","Eneco","Greenchoice B.V.","Laadnet","Opcharge","Pluq","PowerGo","Shell Recharge","TotalEnergies","Ubitricity","Vattenfall InCharge","e-VOLTT"]},"features":[{"type":"Feature","geometry":{"type":"Point","coordinates":[5.225368,52.079459]},"properties":{"type":"charge","layer":"passenger","locationId":"9e47dbe7989058a5fd41929ed6a590f5","name":"Godfried van Seijstlaan 50","address":"Godfried van Seijstlaan 50","city":"Zeist","operatorName":"Vattenfall InCharge","maxPowerKw":11,"isMegawatt":false,"status":"AVAILABLE","source":"ndw"}},{"type":"Feature","geometry":{"type":"Point","coordinates":[5.219119,52.079395]},"properties":{"type":"charge","layer":"passenger","locationId":"1973a7a3-bd72-4f00-b2b3-026278cce590","name":"TNLP015266 - Couwenhoven 4211, Zeist","address":"4211 Couwenhoven","city":"Zeist","operatorName":"TotalEnergies","maxPowerKw":17,"isMegawatt":false,"status":"UNAVAILABLE","source":"ndw"}},{"type":"Feature","geometry":{"type":"Point","coordinates":[5.26516,52.07494]},"properties":{"type":"charge","layer":"passenger","locationId":"ce1e10d0-b6c0-477b-aaaa-80dc31590219","name":"PP001577 - Prinses Alexialaan 88, Zeist","address":"88 Prinses Alexialaan","city":"Zeist","operatorName":"TotalEnergies","maxPowerKw":17,"isMegawatt":false,"status":"AVAILABLE","source":"ndw"}},{"type":"Feature","geometry":{"type":"Point","coordinates":[5.256505,52.112578]},"properties":{"type":"charge","layer":"passenger","locationId":"922971","name":"DAE_NL_2000778 (P3)","address":"Amersfoortseweg 18","city":"Huis ter Heide","operatorName":"DAEN Mobility","maxPowerKw":11,"isMegawatt":false,"status":"UNAVAILABLE","source":"ndw","priceKwh":0.45}},{"type":"Feature","geometry":{"type":"Point","coordinates":[5.2329672,52.0869942]},"properties":{"type":"charge","layer":"passenger","locationId":"1157","name":"Shell Recharge NL Bloemenheuvellaan 15","address":"Bloemenheuvellaan 15","city":"Zeist","operatorName":"Ubitricity","maxPowerKw":22,"isMegawatt":false,"status":"AVAILABLE","source":"ndw","priceKwh":0.388}},{"type":"Feature","geometry":{"type":"Point","coordinates":[5.2622452,52.0749518]},"properties":{"type":"charge","layer":"passenger","locationId":"1843","name":"Shell Recharge NL Sophialaan 39","address":"Sophialaan 39","city":"Zeist","operatorName":"Ubitricity","maxPowerKw":22,"isMegawatt":false,"status":"CHARGING","source":"ndw","priceKwh":0.266}},{"type":"Feature","geometry":{"type":"Point","coordinates":[5.25128,52.09752]},"properties":{"type":"charge","layer":"passenger","locationId":"70501b33-8c7a-47e9-a209-187c6a1741f2","name":"PP001491 - Van Tetslaan 4, Zeist","address":"4 Van Tetslaan","city":"Zeist","operatorName":"TotalEnergies","maxPowerKw":11,"isMegawatt":false,"status":"AVAILABLE","source":"ndw"}},{"type":"Feature","geometry":{"type":"Point","coordinates":[5.225691,52.087646]},"properties":{"type":"charge","layer":"passenger","locationId":"2166b7f8-40f9-4597-afc1-731941fe081c","name":"TNLP009692 - Nijenheim 1011, Zeist","address":"1011 Nijenheim","city":"Zeist","operatorName":"TotalEnergies","maxPowerKw":17,"isMegawatt":false,"status":"AVAILABLE","source":"ndw"}},{"type":"Feature","geometry":{"type":"Point","coordinates":[5.256505,52.112578]},"properties":{"type":"charge","layer":"passenger","locationId":"922972","name":"DAE_NL_2000779 (P4)","address":"Amersfoortseweg 18","city":"Huis ter Heide","operatorName":"DAEN Mobility","maxPowerKw":11,"isMegawatt":false,"status":"CHARGING","source":"ndw","priceKwh":0.45}},{"type":"Feature","geometry":{"type":"Point","coordinates":[5.25318,52.10416]},"properties":{"type":"charge","layer":"passenger","locationId":"5190","name":"Shell Recharge NL9201 - Gamma Zeist","address":"Dijnselburgerlaan 10","city":"Zeist","operatorName":"Shell Recharge","maxPowerKw":150,"isMegawatt":false,"status":"AVAILABLE","source":"ndw","priceKwh":0.7025}},{"type":"Feature","geometry":{"type":"Point","coordinates":[5.245094,52.078329]},"properties":{"type":"charge","layer":"passenger","locationId":"OST22P0060_0004_0","name":"OST22P0060_0004_0","address":"Sparrenheuvel 36","city":"Zeist","operatorName":"e-VOLTT","maxPowerKw":19,"isMegawatt":false,"status":"AVAILABLE","source":"ndw","priceKwh":0.537}},{"type":"Feature","geometry":{"type":"Point","coordinates":[5.239424,52.08506]},"properties":{"type":"charge","layer":"passenger","locationId":"87ba006c-0bd3-47ab-9737-940419d5eb25","name":"TNLP007613 - Van Gheselhof 1, Zeist","address":"1 Van Gheselhof","city":"Zeist","operatorName":"TotalEnergies","maxPowerKw":17,"isMegawatt":false,"status":"AVAILABLE","source":"ndw"}},{"type":"Feature","geometry":{"type":"Point","coordinates":[5.22559,52.0939]},"properties":{"type":"charge","layer":"passenger","locationId":"4f4d8942-7aaf-40aa-9cef-adefc01ac9a8","name":"TNLP006970 - Sanatoriumlaan 47, Zeist","address":"47 Sanatoriumlaan","city":"Zeist","operatorName":"TotalEnergies","maxPowerKw":17,"isMegawatt":false,"status":"UNAVAILABLE","source":"ndw"}},{"type":"Feature","geometry":{"type":"Point","coordinates":[5.260949,52.105332]},"properties":{"type":"charge","layer":"passenger","locationId":"d2d6997d-03a3-479b-9f43-a2b7cfedd040","name":"Handelsweg 2","address":"Handelsweg 2","city":"Zeist","operatorName":"Vattenfall InCharge","maxPowerKw":22,"isMegawatt":false,"status":"AVAILABLE","source":"ndw"}},{"type":"Feature","geometry":{"type":"Point","coordinates":[5.238954,52.098045]},"properties":{"type":"charge","layer":"passenger","locationId":"bfcaf5e5-8228-47e2-b4cf-b8497c7a9253","name":"TNLP015001 - Johan van Oldenbarneveltlaan 88, Zeist","address":"88 Johan van Oldenbarneveltlaan","city":"Zeist","operatorName":"TotalEnergies","maxPowerKw":17,"isMegawatt":false,"status":"AVAILABLE","source":"ndw"}},{"type":"Feature","geometry":{"type":"Point","coordinates":[5.2213502,52.1009216]},"properties":{"type":"charge","layer":"passenger","locationId":"20373","name":"Jumbo 4675 Zeist Laan van Vollenhove (PowerGo)","address":"Laan van Vollenhove 2785","city":"Zeist","operatorName":"PowerGo","maxPowerKw":90,"isMegawatt":false,"status":"AVAILABLE","source":"ndw","priceKwh":0.7}},{"type":"Feature","geometry":{"type":"Point","coordinates":[5.222702,52.101376]},"properties":{"type":"charge","layer":"passenger","locationId":"a509aafe-c19f-4529-8fee-2bc7e41f7fb5","name":"TNLP006326 - Jan Ligthartplein 3, Zeist","address":"3 Jan Ligthartplein","city":"Zeist","operatorName":"TotalEnergies","maxPowerKw":17,"isMegawatt":false,"status":"AVAILABLE","source":"ndw"}},{"type":"Feature","geometry":{"type":"Point","coordinates":[5.23366,52.08939]},"properties":{"type":"charge","layer":"passenger","locationId":"391","name":"Shell Recharge NL Oude Arnhemseweg 133","address":"Oude Arnhemseweg 133","city":"Zeist","operatorName":"Ubitricity","maxPowerKw":11,"isMegawatt":false,"status":"CHARGING","source":"ndw","priceKwh":0.388}},{"type":"Feature","geometry":{"type":"Point","coordinates":[5.21351,52.08338]},"properties":{"type":"charge","layer":"passenger","locationId":"2fa0b3b9-c76f-4b56-97d6-9957aa6eb1fc","name":"PP004325 - Brugakker 3324, Zeist","address":"3324 Brugakker","city":"Zeist","operatorName":"TotalEnergies","maxPowerKw":11,"isMegawatt":false,"status":"AVAILABLE","source":"ndw"}},{"type":"Feature","geometry":{"type":"Point","coordinates":[5.2408,52.08479]},"properties":{"type":"charge","layer":"passenger","locationId":"426","name":"Shell Recharge NL Kerkweg 33-A","address":"Kerkweg 33-A","city":"Zeist","operatorName":"Ubitricity","maxPowerKw":11,"isMegawatt":false,"status":"AVAILABLE","source":"ndw","priceKwh":0.388}},{"type":"Feature","geometry":{"type":"Point","coordinates":[5.238613,52.143744]},"properties":{"type":"charge","layer":"passenger","locationId":"eac9f5195a9ae7fd9e06407efc35d8a0","name":"Dolderseweg 129","address":"Dolderseweg 129","city":"Den Dolder","operatorName":"Vattenfall InCharge","maxPowerKw":11,"isMegawatt":false,"status":"CHARGING","source":"ndw"}},{"type":"Feature","geometry":{"type":"Point","coordinates":[5.21454,52.08562]},"properties":{"type":"charge","layer":"passenger","locationId":"88923cf5-7ca4-45d8-a2db-c6acda25d629","name":"PP005367 - Waterhoenlaan 1, Zeist","address":"1 Waterhoenlaan","city":"Zeist","operatorName":"TotalEnergies","maxPowerKw":11,"isMegawatt":false,"status":"AVAILABLE","source":"ndw"}},{"type":"Feature","geometry":{"type":"Point","coordinates":[5.22283,52.09409]},"properties":{"type":"charge","layer":"passenger","locationId":"80b100f6-facd-449d-a3b3-8664c19a23b7","name":"TNLP008457 - Roggeakker 71, Zeist","address":"71 Roggeakker","city":"Zeist","operatorName":"TotalEnergies","maxPowerKw":13,"isMegawatt":false,"status":"CHARGING","source":"ndw"}},{"type":"Feature","geometry":{"type":"Point","coordinates":[5.225002,52.09559]},"properties":{"type":"charge","layer":"passenger","locationId":"0bd00587-1764-4f33-bf47-acf27bcab029","name":"TNLP008021 - Galgeveld 7, Zeist","address":"7 Galgeveld","city":"Zeist","operatorName":"TotalEnergies","maxPowerKw":17,"isMegawatt":false,"status":"AVAILABLE","source":"ndw"}},{"type":"Feature","geometry":{"type":"Point","coordinates":[5.250669,52.088093]},"properties":{"type":"charge","layer":"passenger","locationId":"fa4bf255-0c31-43f2-a1da-91585ae7f692","name":"TNLP007495 - Stationslaan 3, Zeist","address":"3 Stationslaan","city":"Zeist","operatorName":"TotalEnergies","maxPowerKw":17,"isMegawatt":false,"status":"AVAILABLE","source":"ndw"}},{"type":"Feature","geometry":{"type":"Point","coordinates":[5.243447,52.094637]},"properties":{"type":"charge","layer":"passenger","locationId":"413c429996514f33301d102249df9933","name":"Bergweg 86","address":"Bergweg 86","city":"Zeist","operatorName":"Vattenfall InCharge","maxPowerKw":11,"isMegawatt":false,"status":"AVAILABLE","source":"ndw"}},{"type":"Feature","geometry":{"type":"Point","coordinates":[5.22078,52.10063]},"properties":{"type":"charge","layer":"passenger","locationId":"8d079a14-2875-48ad-abcc-bae1765dc2c7","name":"Laadplein - PP001165 - Laan van Vollenhove 3185, Zeist","address":"3185 Laan van Vollenhove","city":"Zeist","operatorName":"TotalEnergies","maxPowerKw":11,"isMegawatt":false,"status":"AVAILABLE","source":"ndw"}},{"type":"Feature","geometry":{"type":"Point","coordinates":[5.2334423,52.0920966]},"properties":{"type":"charge","layer":"passenger","locationId":"1917","name":"Shell Recharge NL Nicolaas Beetslaan 14","address":"Nicolaas Beetslaan 14","city":"Zeist","operatorName":"Ubitricity","maxPowerKw":22,"isMegawatt":false,"status":"CHARGING","source":"ndw","priceKwh":0.266}},{"type":"Feature","geometry":{"type":"Point","coordinates":[5.26937,52.07899]},"properties":{"type":"charge","layer":"passenger","locationId":"e8673635-b1d8-46e6-a258-cfbc4ab46123","name":"PP001573 - Prinses Catharina Amalialaan 1, Zeist","address":"1 Prinses Catharina Amalialaan","city":"Zeist","operatorName":"TotalEnergies","maxPowerKw":11,"isMegawatt":false,"status":"AVAILABLE","source":"ndw"}},{"type":"Feature","geometry":{"type":"Point","coordinates":[5.227132,52.084565]},"properties":{"type":"charge","layer":"passenger","locationId":"5ee24874a68b3befc251cf322e3e3110","name":"De Brink 39","address":"De Brink 39","city":"Zeist","operatorName":"Vattenfall InCharge","maxPowerKw":11,"isMegawatt":false,"status":"AVAILABLE","source":"ndw"}},{"type":"Feature","geometry":{"type":"Point","coordinates":[5.26604,52.07684]},"properties":{"type":"charge","layer":"passenger","locationId":"e576fa64-8b23-44f7-b5a0-929687914078","name":"PP001576 - Hoog Kanje 270A, Zeist","address":"270A Hoog Kanje","city":"Zeist","operatorName":"TotalEnergies","maxPowerKw":11,"isMegawatt":false,"status":"AVAILABLE","source":"ndw"}},{"type":"Feature","geometry":{"type":"Point","coordinates":[5.256505,52.112578]},"properties":{"type":"charge","layer":"passenger","locationId":"922970","name":"DAE_NL_2000777 (P2)","address":"Amersfoortseweg 18","city":"Huis ter Heide","operatorName":"DAEN Mobility","maxPowerKw":11,"isMegawatt":false,"status":"AVAILABLE","source":"ndw","priceKwh":0.45}},{"type":"Feature","geometry":{"type":"Point","coordinates":[5.256505,52.112578]},"properties":{"type":"charge","layer":"passenger","locationId":"922969","name":"DAE_NL_2000684 (P1) (Rechts)","address":"Amersfoortseweg 18","city":"Huis ter Heide","operatorName":"DAEN Mobility","maxPowerKw":11,"isMegawatt":false,"status":"CHARGING","source":"ndw","priceKwh":0.45}},{"type":"Feature","geometry":{"type":"Point","coordinates":[5.223298,52.094079]},"properties":{"type":"charge","layer":"passenger","locationId":"578a3d709467e0c1921e08e59f2079e4","name":"Roggeakker 8","address":"Roggeakker 8","city":"Zeist","operatorName":"Vattenfall InCharge","maxPowerKw":11,"isMegawatt":false,"status":"CHARGING","source":"ndw"}},{"type":"Feature","geometry":{"type":"Point","coordinates":[5.244656,52.078005]},"properties":{"type":"charge","layer":"passenger","locationId":"OST22P0060_0004_1","name":"OST22P0060_0004_1","address":"Sparrenheuvel 36","city":"Zeist","operatorName":"e-VOLTT","maxPowerKw":19,"isMegawatt":false,"status":"AVAILABLE","source":"ndw","priceKwh":0.53}},{"type":"Feature","geometry":{"type":"Point","coordinates":[5.242286,52.085056]},"properties":{"type":"charge","layer":"passenger","locationId":"2061950e-f4b9-4dda-9b12-a7a70d156be8","name":"TNLP005667 - 1e Hogeweg 73, Zeist","address":"73 1e Hogeweg","city":"Zeist","operatorName":"TotalEnergies","maxPowerKw":11,"isMegawatt":false,"status":"AVAILABLE","source":"ndw"}},{"type":"Feature","geometry":{"type":"Point","coordinates":[5.274925,52.11301]},"properties":{"type":"charge","layer":"passenger","locationId":"ea027b2f-6ce9-4a85-99af-d4ea03c90269","name":"TNLP034135","address":"Planentenlaan 47","city":"Huis ter Heide","operatorName":"TotalEnergies","maxPowerKw":14,"isMegawatt":false,"status":"AVAILABLE","source":"ndw"}},{"type":"Feature","geometry":{"type":"Point","coordinates":[5.245547,52.088156]},"properties":{"type":"charge","layer":"passenger","locationId":"3a1ae40c-bc18-48f8-970d-6dfdf68ad50b","name":"TNLP034136","address":"Jagerlaan 5","city":"Zeist","operatorName":"TotalEnergies","maxPowerKw":14,"isMegawatt":false,"status":"CHARGING","source":"ndw"}},{"type":"Feature","geometry":{"type":"Point","coordinates":[5.240099,52.13953]},"properties":{"type":"charge","layer":"passenger","locationId":"f99b7bfc-75fd-4557-a1fc-724733fedc1d","name":"TNLP007203 - Paduaweg 3, Den Dolder","address":"3 Paduaweg","city":"Den Dolder","operatorName":"TotalEnergies","maxPowerKw":17,"isMegawatt":false,"status":"AVAILABLE","source":"ndw"}},{"type":"Feature","geometry":{"type":"Point","coordinates":[5.21141,52.08918]},"properties":{"type":"charge","layer":"passenger","locationId":"5A74B0A8-4349-4E78-BD94-7A4D2821D566","name":"Eneco eMobility Henri & Herman Zeist","address":"Pijlstaartlaan 1","city":"Zeist","operatorName":"Eneco","maxPowerKw":22,"isMegawatt":false,"status":"AVAILABLE","source":"ndw","priceKwh":0.6}},{"type":"Feature","geometry":{"type":"Point","coordinates":[5.24196,52.09888]},"properties":{"type":"charge","layer":"passenger","locationId":"7","name":"Shell Recharge NL Johan van Oldenbarneveltlaan 132","address":"Johan van Oldenbarneveltlaan 132","city":"Zeist","operatorName":"Ubitricity","maxPowerKw":11,"isMegawatt":false,"status":"AVAILABLE","source":"ndw","priceKwh":0.388}},{"type":"Feature","geometry":{"type":"Point","coordinates":[5.260631,52.103899]},"properties":{"type":"charge","layer":"passenger","locationId":"806","name":"Shell Recharge NL0798 - Boulevard","address":"Boulevard 70","city":"Zeist","operatorName":"Shell Recharge","maxPowerKw":300,"isMegawatt":false,"status":"AVAILABLE","source":"ndw","priceKwh":0.7025}},{"type":"Feature","geometry":{"type":"Point","coordinates":[5.231057,52.07946]},"properties":{"type":"charge","layer":"passenger","locationId":"8eda801d-b7b0-418a-843d-08546e6f1893","name":"TNLP008268 - Waterigeweg 38, Zeist","address":"38 Waterigeweg","city":"Zeist","operatorName":"TotalEnergies","maxPowerKw":13,"isMegawatt":false,"status":"AVAILABLE","source":"ndw"}},{"type":"Feature","geometry":{"type":"Point","coordinates":[5.233581,52.13621]},"properties":{"type":"charge","layer":"passenger","locationId":"a986bd27-e93c-49b4-a050-a21cc10ce3ba","name":"TNLP008390 - Paltzerweg 213, Den Dolder","address":"213 Paltzerweg","city":"Den Dolder","operatorName":"TotalEnergies","maxPowerKw":13,"isMegawatt":false,"status":"CHARGING","source":"ndw"}},{"type":"Feature","geometry":{"type":"Point","coordinates":[5.252133,52.07897]},"properties":{"type":"charge","layer":"passenger","locationId":"7a0b80b6-68b6-4b1b-a649-167af0206ca1","name":"TNLP007429 - Lousie de colignyplein 11, Zeist","address":"11 Lousie de colignyplein","city":"Zeist","operatorName":"TotalEnergies","maxPowerKw":17,"isMegawatt":false,"status":"AVAILABLE","source":"ndw"}},{"type":"Feature","geometry":{"type":"Point","coordinates":[5.229492,52.094128]},"properties":{"type":"charge","layer":"passenger","locationId":"78da2cc8-bfbc-4c6f-af8d-4a79426a4829","name":"Laadplein - TNLP015027 - Oude Arnhemseweg 303, Zeist","address":"303 Oude Arnhemseweg","city":"Zeist","operatorName":"TotalEnergies","maxPowerKw":15,"isMegawatt":false,"status":"AVAILABLE","source":"ndw"}},{"type":"Feature","geometry":{"type":"Point","coordinates":[5.267204,52.102203]},"properties":{"type":"charge","layer":"passenger","locationId":"66bca457c2d924001cffc4b2","name":"ZTC Shot via Sportstroom","address":"Verlengde Slotlaan 117","city":"Zeist","operatorName":"Pluq","maxPowerKw":21,"isMegawatt":false,"status":"AVAILABLE","source":"ndw","priceKwh":0.39}},{"type":"Feature","geometry":{"type":"Point","coordinates":[5.2204705,52.0808462]},"properties":{"type":"charge","layer":"passenger","locationId":"1991","name":"Shell Recharge NL Couwenhoven 3002","address":"Couwenhoven 3002","city":"Zeist","operatorName":"Ubitricity","maxPowerKw":22,"isMegawatt":false,"status":"AVAILABLE","source":"ndw","priceKwh":0.266}},{"type":"Feature","geometry":{"type":"Point","coordinates":[5.220507,52.097267]},"properties":{"type":"charge","layer":"passenger","locationId":"b45756bc-0f10-4c1c-981b-6a373180b948","name":"TNLP006348 - Warande 96, Zeist","address":"96 Warande","city":"Zeist","operatorName":"TotalEnergies","maxPowerKw":17,"isMegawatt":false,"status":"AVAILABLE","source":"ndw"}},{"type":"Feature","geometry":{"type":"Point","coordinates":[5.25229,52.111179]},"properties":{"type":"charge","layer":"passenger","locationId":"4edf68bf0c7a4b1c86ff","name":"Amersfoortseweg 10e Huis Ter Heide","address":"Amersfoortseweg 10e","city":"Huis ter Heide","operatorName":"Opcharge","maxPowerKw":11,"isMegawatt":false,"status":"AVAILABLE","source":"ndw","priceKwh":0.49}},{"type":"Feature","geometry":{"type":"Point","coordinates":[5.245546,52.139378]},"properties":{"type":"charge","layer":"passenger","locationId":"2265f0c73782c8619d83b09271a78ddf","name":"Andreas Foxlaan 14","address":"Andreas Foxlaan 14","city":"Den Dolder","operatorName":"Vattenfall InCharge","maxPowerKw":11,"isMegawatt":false,"status":"AVAILABLE","source":"ndw"}},{"type":"Feature","geometry":{"type":"Point","coordinates":[5.241852,52.140962]},"properties":{"type":"charge","layer":"passenger","locationId":"63bed71a58e91e00126771da","name":"Laadpaal Pelle","address":"Duivenhorst 9","city":"Den Dolder","operatorName":"E-Flux by Road","maxPowerKw":11,"isMegawatt":false,"status":"AVAILABLE","source":"ndw","priceKwh":0.43}},{"type":"Feature","geometry":{"type":"Point","coordinates":[5.2405871,52.0962887]},"properties":{"type":"charge","layer":"passenger","locationId":"2493","name":"Shell Recharge NL Van der Heijdenlaan 44","address":"Van der Heijdenlaan 44","city":"Zeist","operatorName":"Ubitricity","maxPowerKw":22,"isMegawatt":false,"status":"AVAILABLE","source":"ndw","priceKwh":0.266}},{"type":"Feature","geometry":{"type":"Point","coordinates":[5.241482,52.091705]},"properties":{"type":"charge","layer":"passenger","locationId":"bbb2bf81-680a-435a-9f74-98165cc03c10","name":"TNLP009077 - Van Reenenweg 100, Zeist","address":"100 Van Reenenweg","city":"Zeist","operatorName":"TotalEnergies","maxPowerKw":17,"isMegawatt":false,"status":"AVAILABLE","source":"ndw"}},{"type":"Feature","geometry":{"type":"Point","coordinates":[5.24592,52.08789]},"properties":{"type":"charge","layer":"passenger","locationId":"266","name":"Shell Recharge NL Jagerlaan 1","address":"Jagerlaan 1","city":"Zeist","operatorName":"Ubitricity","maxPowerKw":11,"isMegawatt":false,"status":"AVAILABLE","source":"ndw","priceKwh":0.388}},{"type":"Feature","geometry":{"type":"Point","coordinates":[5.266057,52.11707]},"properties":{"type":"charge","layer":"passenger","locationId":"66bcadf23624e4001c7b214d","name":"Stichting tot Steun van de Protestantse Geestelijke Verzorging bij de Krijgsmacht","address":"Amersfoortseweg 59","city":"Huis ter Heide","operatorName":"Pluq","maxPowerKw":22,"isMegawatt":false,"status":"AVAILABLE","source":"ndw","priceKwh":0.38}},{"type":"Feature","geometry":{"type":"Point","coordinates":[5.2677489,52.0966603]},"properties":{"type":"charge","layer":"passenger","locationId":"853","name":"Shell Recharge NL Prof. Lorentzlaan 171","address":"Prof. Lorentzlaan 171","city":"Zeist","operatorName":"Ubitricity","maxPowerKw":22,"isMegawatt":false,"status":"CHARGING","source":"ndw","priceKwh":0.266}},{"type":"Feature","geometry":{"type":"Point","coordinates":[5.2252753,52.0893437]},"properties":{"type":"charge","layer":"passenger","locationId":"769","name":"Shell Recharge NL Pastoor Cohustraat 28","address":"Pastoor Cohustraat 28","city":"Zeist","operatorName":"Ubitricity","maxPowerKw":22,"isMegawatt":false,"status":"AVAILABLE","source":"ndw","priceKwh":0.266}},{"type":"Feature","geometry":{"type":"Point","coordinates":[5.24791,52.08661]},"properties":{"type":"charge","layer":"passenger","locationId":"1612","name":"Shell Recharge NL Prins Hendriklaan 1","address":"Prins Hendriklaan 1","city":"Zeist","operatorName":"Ubitricity","maxPowerKw":11,"isMegawatt":false,"status":"AVAILABLE","source":"ndw","priceKwh":0.388}},{"type":"Feature","geometry":{"type":"Point","coordinates":[5.24711,52.09106]},"properties":{"type":"charge","layer":"passenger","locationId":"321","name":"Shell Recharge NL 2a Bothalaan","address":"2a Bothalaan","city":"Zeist","operatorName":"Ubitricity","maxPowerKw":11,"isMegawatt":false,"status":"AVAILABLE","source":"ndw","priceKwh":0.388}},{"type":"Feature","geometry":{"type":"Point","coordinates":[5.244833,52.09969]},"properties":{"type":"charge","layer":"passenger","locationId":"ee02352c-21be-476d-a518-6ffdd2cb3107","name":"TNLP007505 - Dijnselweg 110, Zeist","address":"110 Dijnselweg","city":"Zeist","operatorName":"TotalEnergies","maxPowerKw":17,"isMegawatt":false,"status":"CHARGING","source":"ndw"}},{"type":"Feature","geometry":{"type":"Point","coordinates":[5.216446,52.098553]},"properties":{"type":"charge","layer":"passenger","locationId":"97187597-f326-4312-93f5-d7d89f9aaeab","name":"TNLP007492 - Bachlaan 36, Zeist","address":"36 Bachlaan","city":"Zeist","operatorName":"TotalEnergies","maxPowerKw":17,"isMegawatt":false,"status":"AVAILABLE","source":"ndw"}},{"type":"Feature","geometry":{"type":"Point","coordinates":[5.2299775,52.0957231]},"properties":{"type":"charge","layer":"passenger","locationId":"872","name":"Shell Recharge NL Schermerslaan 118","address":"Schermerslaan 118","city":"Zeist","operatorName":"Ubitricity","maxPowerKw":22,"isMegawatt":false,"status":"AVAILABLE","source":"ndw","priceKwh":0.266}},{"type":"Feature","geometry":{"type":"Point","coordinates":[5.2218648,52.0791422]},"properties":{"type":"charge","layer":"passenger","locationId":"963","name":"Shell Recharge NL Couwenhoven 8723","address":"Couwenhoven 8723","city":"Zeist","operatorName":"Ubitricity","maxPowerKw":22,"isMegawatt":false,"status":"AVAILABLE","source":"ndw","priceKwh":0.266}},{"type":"Feature","geometry":{"type":"Point","coordinates":[5.233974,52.09369]},"properties":{"type":"charge","layer":"passenger","locationId":"57e6add0-7629-49e9-b92f-2fec02f8d9d1","name":"TNLP005853 - Constantijn Huygenslaan 20, Zeist","address":"20 Constantijn Huygenslaan","city":"Zeist","operatorName":"TotalEnergies","maxPowerKw":11,"isMegawatt":false,"status":"AVAILABLE","source":"ndw"}},{"type":"Feature","geometry":{"type":"Point","coordinates":[5.27863,52.112811]},"properties":{"type":"charge","layer":"passenger","locationId":"2390875","name":"Laadnet Eleveld","address":"Dierenriem 4","city":"Huis Ter Heide","operatorName":"Laadnet","maxPowerKw":11,"isMegawatt":false,"status":"AVAILABLE","source":"ndw"}},{"type":"Feature","geometry":{"type":"Point","coordinates":[5.260123,52.081519]},"properties":{"type":"charge","layer":"passenger","locationId":"4232187","name":"Laadnet Tussen de dennen","address":"Tussen de Dennen 3","city":"Zeist","operatorName":"Laadnet","maxPowerKw":11,"isMegawatt":false,"status":"AVAILABLE","source":"ndw"}},{"type":"Feature","geometry":{"type":"Point","coordinates":[5.24267,52.10152]},"properties":{"type":"charge","layer":"passenger","locationId":"502","name":"Shell Recharge NL Karel J.C. Beckmanlaan 16","address":"Karel J.C. Beckmanlaan 16","city":"Zeist","operatorName":"Ubitricity","maxPowerKw":11,"isMegawatt":false,"status":"CHARGING","source":"ndw","priceKwh":0.388}},{"type":"Feature","geometry":{"type":"Point","coordinates":[5.22412,52.08564]},"properties":{"type":"charge","layer":"passenger","locationId":"455","name":"Shell Recharge NL Nijenheim 2112","address":"Nijenheim 2112","city":"Zeist","operatorName":"Ubitricity","maxPowerKw":11,"isMegawatt":false,"status":"AVAILABLE","source":"ndw","priceKwh":0.388}},{"type":"Feature","geometry":{"type":"Point","coordinates":[5.2473046,52.0862883]},"properties":{"type":"charge","layer":"passenger","locationId":"1125","name":"Shell Recharge NL Huydecoperweg 23","address":"Huydecoperweg 23","city":"Zeist","operatorName":"Ubitricity","maxPowerKw":22,"isMegawatt":false,"status":"AVAILABLE","source":"ndw","priceKwh":0.266}},{"type":"Feature","geometry":{"type":"Point","coordinates":[5.219826,52.099981]},"properties":{"type":"charge","layer":"passenger","locationId":"68ee14fff5aa25bff898d018","name":"Zeist LvV 826-828","address":"Laan van Vollenhove 826","city":"Zeist","operatorName":"E-Flux by Road","maxPowerKw":11,"isMegawatt":false,"status":"AVAILABLE","source":"ndw","priceKwh":0.49}},{"type":"Feature","geometry":{"type":"Point","coordinates":[5.22791,52.092778]},"properties":{"type":"charge","layer":"passenger","locationId":"39ab4982-5d80-4f37-805c-ff1cf9b360d0","name":"P.C. Hooftlaan","address":"P.C. Hooftlaan 33","city":"Zeist","operatorName":"Vattenfall InCharge","maxPowerKw":11,"isMegawatt":false,"status":"CHARGING","source":"ndw"}},{"type":"Feature","geometry":{"type":"Point","coordinates":[5.226674,52.07982]},"properties":{"type":"charge","layer":"passenger","locationId":"b21e8980-5033-49a7-8761-ce176a57b243","name":"TNLP006766 - Laan van Cattenbroeck 41, Zeist","address":"41 Laan van Cattenbroeck","city":"Zeist","operatorName":"TotalEnergies","maxPowerKw":17,"isMegawatt":false,"status":"AVAILABLE","source":"ndw"}},{"type":"Feature","geometry":{"type":"Point","coordinates":[5.23551,52.13956]},"properties":{"type":"charge","layer":"passenger","locationId":"46ba8600-5d35-4ab9-a0e0-6bd32f12c087","name":"TNLP003609 - Willem Arntszlaan 94, Den Dolder","address":"94 Willem Arntszlaan","city":"Den Dolder","operatorName":"TotalEnergies","maxPowerKw":17,"isMegawatt":false,"status":"AVAILABLE","source":"ndw"}},{"type":"Feature","geometry":{"type":"Point","coordinates":[5.3133,52.081662]},"properties":{"type":"charge","layer":"passenger","locationId":"c388f61a-edc6-4b36-b974-db7a573ea129","name":"TNLP034128","address":"Meester Ansinkweg 14","city":"Austerlitz","operatorName":"TotalEnergies","maxPowerKw":14,"isMegawatt":false,"status":"AVAILABLE","source":"ndw"}},{"type":"Feature","geometry":{"type":"Point","coordinates":[5.248725,52.091717]},"properties":{"type":"charge","layer":"passenger","locationId":"7f9e1435-8414-4c62-9206-4d630ce47ade","name":"TNLP007334 - Geiserlaan 101, Zeist","address":"101 Geiserlaan","city":"Zeist","operatorName":"TotalEnergies","maxPowerKw":17,"isMegawatt":false,"status":"AVAILABLE","source":"ndw"}},{"type":"Feature","geometry":{"type":"Point","coordinates":[5.22286,52.10081]},"properties":{"type":"charge","layer":"passenger","locationId":"a30c26d7-be6d-4d1e-87b5-36c73189c154","name":"TNLP003670 - Laan van Vollenhove 2701, Zeist","address":"2701 Laan van Vollenhove","city":"Zeist","operatorName":"TotalEnergies","maxPowerKw":17,"isMegawatt":false,"status":"CHARGING","source":"ndw"}},{"type":"Feature","geometry":{"type":"Point","coordinates":[5.237337,52.093947]},"properties":{"type":"charge","layer":"passenger","locationId":"d5407ca5-00bc-4e3f-ac14-8ca3d0a7221f","name":"TNLP015193","address":"Jacob van Lennepplein 8","city":"Zeist","operatorName":"TotalEnergies","maxPowerKw":17,"isMegawatt":false,"status":"AVAILABLE","source":"ndw"}},{"type":"Feature","geometry":{"type":"Point","coordinates":[5.23157,52.09129]},"properties":{"type":"charge","layer":"passenger","locationId":"1c04eab7-5869-4ae4-aad8-d32b0510b2f9","name":"PP001151 - Roemer Visscherlaan 1, Zeist","address":"1 Roemer Visscherlaan","city":"Zeist","operatorName":"TotalEnergies","maxPowerKw":11,"isMegawatt":false,"status":"AVAILABLE","source":"ndw"}},{"type":"Feature","geometry":{"type":"Point","coordinates":[5.238583,52.099472]},"properties":{"type":"charge","layer":"passenger","locationId":"6a59ab2c-e409-46b1-a6d6-32f908acc2c7","name":"TNLP009950 - Doctor D. Bosplein 15, Zeist","address":"15 Doctor D. Bosplein","city":"Zeist","operatorName":"TotalEnergies","maxPowerKw":17,"isMegawatt":false,"status":"UNAVAILABLE","source":"ndw"}},{"type":"Feature","geometry":{"type":"Point","coordinates":[5.218318,52.09808]},"properties":{"type":"charge","layer":"passenger","locationId":"2516c3a1-0725-4aa0-8b33-c2895e050fcf","name":"PP001011 - Beethovenlaan 2, Zeist","address":"2 Beethovenlaan","city":"Zeist","operatorName":"TotalEnergies","maxPowerKw":11,"isMegawatt":false,"status":"AVAILABLE","source":"ndw"}},{"type":"Feature","geometry":{"type":"Point","coordinates":[5.2572,52.10448]},"properties":{"type":"charge","layer":"passenger","locationId":"16ee015b-e8ac-4ced-be8d-73b3f4351e1c","name":"PP001007 - Huis ter Heideweg 58, Zeist","address":"58 Huis ter Heideweg","city":"Zeist","operatorName":"TotalEnergies","maxPowerKw":11,"isMegawatt":false,"status":"AVAILABLE","source":"ndw"}},{"type":"Feature","geometry":{"type":"Point","coordinates":[5.22345,52.08098]},"properties":{"type":"charge","layer":"passenger","locationId":"b94c83a8-0a5b-4d9c-bdaa-b15513b23458","name":"PP001136 - Laan van Cattenbroeck 111, Zeist","address":"111 Laan van Cattenbroeck","city":"Zeist","operatorName":"TotalEnergies","maxPowerKw":11,"isMegawatt":false,"status":"CHARGING","source":"ndw"}},{"type":"Feature","geometry":{"type":"Point","coordinates":[5.241178,52.09481]},"properties":{"type":"charge","layer":"passenger","locationId":"d68141bf-5549-4e19-9c8c-cd1264098932","name":"TNLP009742 - Schaerweijdelaan 111, Zeist","address":"111 Schaerweijdelaan","city":"Zeist","operatorName":"TotalEnergies","maxPowerKw":17,"isMegawatt":false,"status":"CHARGING","source":"ndw"}},{"type":"Feature","geometry":{"type":"Point","coordinates":[5.262296,52.076454]},"properties":{"type":"charge","layer":"passenger","locationId":"e9d71afb-3486-4a26-8683-caa5d0d7f75f","name":"TNLP007237 - Hoog Kanje 108, Zeist","address":"108 Hoog Kanje","city":"Zeist","operatorName":"TotalEnergies","maxPowerKw":17,"isMegawatt":false,"status":"AVAILABLE","source":"ndw"}},{"type":"Feature","geometry":{"type":"Point","coordinates":[5.241418,52.09282]},"properties":{"type":"charge","layer":"passenger","locationId":"158dd9b6-5b30-4cb6-889c-5ad9dff8d834","name":"TNLP008288 - Jacob van Lenneplaan 8, Zeist","address":"8 Jacob van Lenneplaan","city":"Zeist","operatorName":"TotalEnergies","maxPowerKw":13,"isMegawatt":false,"status":"CHARGING","source":"ndw"}},{"type":"Feature","geometry":{"type":"Point","coordinates":[5.246153,52.085221]},"properties":{"type":"charge","layer":"passenger","locationId":"a8343d60f9c53febcfe7f615c8522d50","name":"Woudenbergseweg 26","address":"Woudenbergseweg 26","city":"Zeist","operatorName":"Vattenfall InCharge","maxPowerKw":11,"isMegawatt":false,"status":"CHARGING","source":"ndw"}},{"type":"Feature","geometry":{"type":"Point","coordinates":[5.24626,52.12399]},"properties":{"type":"charge","layer":"passenger","locationId":"E5C2DB65-6449-4CE1-BAF5-ADFFF94171AC","name":"Eneco eMobility Brother Horeca Groep - De Hoefslag","address":"Vossenlaan 28","city":"Bosch en Duin","operatorName":"Eneco","maxPowerKw":22,"isMegawatt":false,"status":"AVAILABLE","source":"ndw","priceKwh":0.3}},{"type":"Feature","geometry":{"type":"Point","coordinates":[5.245219,52.102192]},"properties":{"type":"charge","layer":"passenger","locationId":"9cfe6c5c-4d5a-4a3f-9154-d3f37c00509d","name":"TNLP009542 - Vrijheidsplein 2, Zeist","address":"2 Vrijheidsplein","city":"Zeist","operatorName":"TotalEnergies","maxPowerKw":17,"isMegawatt":false,"status":"AVAILABLE","source":"ndw"}},{"type":"Feature","geometry":{"type":"Point","coordinates":[5.24992,52.10117]},"properties":{"type":"charge","layer":"passenger","locationId":"1581","name":"Shell Recharge NL Nepveulaan 166","address":"Nepveulaan 166","city":"Zeist","operatorName":"Ubitricity","maxPowerKw":11,"isMegawatt":false,"status":"AVAILABLE","source":"ndw","priceKwh":0.388}},{"type":"Feature","geometry":{"type":"Point","coordinates":[5.2146832,52.0815633]},"properties":{"type":"charge","layer":"passenger","locationId":"1884","name":"Shell Recharge NL Brugakker 3642","address":"Brugakker 3642","city":"Zeist","operatorName":"Ubitricity","maxPowerKw":22,"isMegawatt":false,"status":"AVAILABLE","source":"ndw","priceKwh":0.266}},{"type":"Feature","geometry":{"type":"Point","coordinates":[5.24073,52.10588]},"properties":{"type":"charge","layer":"passenger","locationId":"a3631900-989c-4884-89c3-1790c0e69de4","name":"TNLP003634 - Badmeester Schenkpad 8, Zeist","address":"8 Badmeester Schenkpad","city":"Zeist","operatorName":"TotalEnergies","maxPowerKw":17,"isMegawatt":false,"status":"AVAILABLE","source":"ndw"}},{"type":"Feature","geometry":{"type":"Point","coordinates":[5.236805,52.14349]},"properties":{"type":"charge","layer":"passenger","locationId":"f1de1a9b-84ca-44e9-8c22-7c3b0b382b6b","name":"TNLP006383 - Dr. Van der Hoevenlaan 27, Den Dolder","address":"27 Dr. Van der Hoevenlaan","city":"Den Dolder","operatorName":"TotalEnergies","maxPowerKw":17,"isMegawatt":false,"status":"CHARGING","source":"ndw"}},{"type":"Feature","geometry":{"type":"Point","coordinates":[5.259426,52.10865]},"properties":{"type":"charge","layer":"passenger","locationId":"8D059B57-EB21-45BA-A114-0C84C72EC73C","name":"Eneco eMobility Blanckenhageweg 8 HUIS TER HEIDE UT","address":"Blanckenhageweg 8","city":"HUIS TER HEIDE UT","operatorName":"Eneco","maxPowerKw":22,"isMegawatt":false,"status":"AVAILABLE","source":"ndw","priceKwh":0.32}},{"type":"Feature","geometry":{"type":"Point","coordinates":[5.216766,52.092815]},"properties":{"type":"charge","layer":"passenger","locationId":"f4ad6a77-d5e7-4dd5-8f67-cabd19f853cf","name":"TNLP009754 - Crosestein 4203, Zeist","address":"4203 Crosestein","city":"Zeist","operatorName":"TotalEnergies","maxPowerKw":17,"isMegawatt":false,"status":"AVAILABLE","source":"ndw"}},{"type":"Feature","geometry":{"type":"Point","coordinates":[5.27466,52.11425]},"properties":{"type":"charge","layer":"passenger","locationId":"674","name":"Shell Recharge NL Mercuriushof 12","address":"Mercuriushof 12","city":"Huis ter Heide","operatorName":"Ubitricity","maxPowerKw":11,"isMegawatt":false,"status":"AVAILABLE","source":"ndw","priceKwh":0.388}},{"type":"Feature","geometry":{"type":"Point","coordinates":[5.2102,52.082832]},"properties":{"type":"charge","layer":"passenger","locationId":"1a254fa7-6d6a-4fc2-876e-1a03d0b49607","name":"TNLP008497 - Brugakker 5622, Zeist","address":"5622 Brugakker","city":"Zeist","operatorName":"TotalEnergies","maxPowerKw":13,"isMegawatt":false,"status":"AVAILABLE","source":"ndw"}},{"type":"Feature","geometry":{"type":"Point","coordinates":[5.233831,52.136826]},"properties":{"type":"charge","layer":"passenger","locationId":"4e47a8ab-6ad8-427d-983e-ddad487ee4cb","name":"TNLP034345","address":"Hezer Enghweg 122","city":"Den Dolder","operatorName":"TotalEnergies","maxPowerKw":14,"isMegawatt":false,"status":"CHARGING","source":"ndw"}},{"type":"Feature","geometry":{"type":"Point","coordinates":[5.257435,52.104076]},"properties":{"type":"charge","layer":"passenger","locationId":"dce3a7bb-f204-4f93-8e49-75bf8039cff7","name":"TNLP005664 - Huis ter Heideweg 24 A, Zeist","address":"24 A Huis ter Heideweg","city":"Zeist","operatorName":"TotalEnergies","maxPowerKw":11,"isMegawatt":false,"status":"AVAILABLE","source":"ndw"}},{"type":"Feature","geometry":{"type":"Point","coordinates":[5.236851,52.09372]},"properties":{"type":"charge","layer":"passenger","locationId":"e2d4355b-6c5a-4843-b3bc-246f78744a98","name":"TNLP007770 - Jacob van Lennepplein 9, Zeist","address":"9 Jacob van Lennepplein","city":"Zeist","operatorName":"TotalEnergies","maxPowerKw":17,"isMegawatt":false,"status":"AVAILABLE","source":"ndw"}},{"type":"Feature","geometry":{"type":"Point","coordinates":[5.223256,52.076218]},"properties":{"type":"charge","layer":"passenger","locationId":"01a2871d-739c-4995-bc84-3138794a8597","name":"TNLP008030 - Couwenhoven 5708, Zeist","address":"5708 Couwenhoven","city":"Zeist","operatorName":"TotalEnergies","maxPowerKw":17,"isMegawatt":false,"status":"AVAILABLE","source":"ndw"}},{"type":"Feature","geometry":{"type":"Point","coordinates":[5.22698,52.082157]},"properties":{"type":"charge","layer":"passenger","locationId":"e71d82d2-34ff-4dc4-b7a8-b8c8792e775f","name":"TNLP009539 - Cornelis Schellingerlaan 45, Zeist","address":"45 Cornelis Schellingerlaan","city":"Zeist","operatorName":"TotalEnergies","maxPowerKw":17,"isMegawatt":false,"status":"AVAILABLE","source":"ndw"}},{"type":"Feature","geometry":{"type":"Point","coordinates":[5.261742,52.07321]},"properties":{"type":"charge","layer":"passenger","locationId":"84155802-0d69-40df-bb70-0dc0790f08e2","name":"TNLP006949 - Anna Paulownalaan 79, Zeist","address":"79 Anna Paulownalaan","city":"Zeist","operatorName":"TotalEnergies","maxPowerKw":17,"isMegawatt":false,"status":"AVAILABLE","source":"ndw"}},{"type":"Feature","geometry":{"type":"Point","coordinates":[5.2479,52.08857]},"properties":{"type":"charge","layer":"passenger","locationId":"8bea45a8-408a-486b-a524-4da482ca3901","name":"TNLP003576 - Slotlaan 305, Zeist","address":"305 Slotlaan","city":"Zeist","operatorName":"TotalEnergies","maxPowerKw":17,"isMegawatt":false,"status":"AVAILABLE","source":"ndw"}},{"type":"Feature","geometry":{"type":"Point","coordinates":[5.239597,52.090786]},"properties":{"type":"charge","layer":"passenger","locationId":"3dea4337-1f1a-4598-8c7c-df5ecc91abf8","name":"TNLP006567 - Jan Pieter Heijelaan 2, Zeist","address":"2 Jan Pieter Heijelaan","city":"Zeist","operatorName":"TotalEnergies","maxPowerKw":17,"isMegawatt":false,"status":"AVAILABLE","source":"ndw"}},{"type":"Feature","geometry":{"type":"Point","coordinates":[5.263918,52.10097]},"properties":{"type":"charge","layer":"passenger","locationId":"69aa76b154d2194f8b06ddf5","name":"Youke Zeist","address":"Verlengde slotlaan 109","city":"Zeist","operatorName":"Greenchoice B.V.","maxPowerKw":32,"isMegawatt":false,"status":"AVAILABLE","source":"ndw","priceKwh":0.38}},{"type":"Feature","geometry":{"type":"Point","coordinates":[5.22278,52.08468]},"properties":{"type":"charge","layer":"passenger","locationId":"81","name":"Shell Recharge NL Nijenheim 3302","address":"Nijenheim 3302","city":"Zeist","operatorName":"Ubitricity","maxPowerKw":11,"isMegawatt":false,"status":"AVAILABLE","source":"ndw","priceKwh":0.388}},{"type":"Feature","geometry":{"type":"Point","coordinates":[5.24052,52.14237]},"properties":{"type":"charge","layer":"passenger","locationId":"450","name":"Shell Recharge NL Willem Coxlaan 25","address":"Willem Coxlaan 25","city":"Den Dolder","operatorName":"Ubitricity","maxPowerKw":11,"isMegawatt":false,"status":"AVAILABLE","source":"ndw","priceKwh":0.388}},{"type":"Feature","geometry":{"type":"Point","coordinates":[5.21403,52.09035]},"properties":{"type":"charge","layer":"passenger","locationId":"146","name":"Shell Recharge NL Zeisteroever 62","address":"Zeisteroever 62","city":"Zeist","operatorName":"Ubitricity","maxPowerKw":11,"isMegawatt":false,"status":"AVAILABLE","source":"ndw","priceKwh":0.388}},{"type":"Feature","geometry":{"type":"Point","coordinates":[5.23812,52.07821]},"properties":{"type":"charge","layer":"passenger","locationId":"392","name":"Shell Recharge NL Zinzendorflaan 2B","address":"Zinzendorflaan 2B","city":"Zeist","operatorName":"Ubitricity","maxPowerKw":22,"isMegawatt":false,"status":"AVAILABLE","source":"ndw","priceKwh":0.388}},{"type":"Feature","geometry":{"type":"Point","coordinates":[5.27804,52.11495]},"properties":{"type":"charge","layer":"passenger","locationId":"431","name":"Shell Recharge NL Kometenlaan 50","address":"Kometenlaan 50","city":"Huis ter Heide","operatorName":"Ubitricity","maxPowerKw":11,"isMegawatt":false,"status":"AVAILABLE","source":"ndw","priceKwh":0.388}},{"type":"Feature","geometry":{"type":"Point","coordinates":[5.245965,52.084452]},"properties":{"type":"charge","layer":"passenger","locationId":"f82c23164182b0ffe335ca8358b60a5a","name":"Choisyweg 6","address":"Choisyweg 6","city":"Zeist","operatorName":"Vattenfall InCharge","maxPowerKw":11,"isMegawatt":false,"status":"AVAILABLE","source":"ndw"}},{"type":"Feature","geometry":{"type":"Point","coordinates":[5.24793,52.092909]},"properties":{"type":"charge","layer":"passenger","locationId":"574340ed-1565-4114-9d0e-003d4a3713b6","name":"TNLP034166","address":"Kritzingerlaan 88","city":"Zeist","operatorName":"TotalEnergies","maxPowerKw":14,"isMegawatt":false,"status":"AVAILABLE","source":"ndw"}},{"type":"Feature","geometry":{"type":"Point","coordinates":[5.231254,52.09187]},"properties":{"type":"charge","layer":"passenger","locationId":"dbe65bc5-a3cb-46a6-bcc4-c59be85ce7d4","name":"TNLP008422 - Roemer Visscherlaan 9, Zeist","address":"9 Roemer Visscherlaan","city":"Zeist","operatorName":"TotalEnergies","maxPowerKw":13,"isMegawatt":false,"status":"CHARGING","source":"ndw"}},{"type":"Feature","geometry":{"type":"Point","coordinates":[5.2372,52.084072]},"properties":{"type":"charge","layer":"passenger","locationId":"f80420fb-c1a3-4e54-beac-bfe10f8134da","name":"TNLP006198 - Utrechtseweg 141, Zeist","address":"141 Utrechtseweg","city":"Zeist","operatorName":"TotalEnergies","maxPowerKw":17,"isMegawatt":false,"status":"AVAILABLE","source":"ndw"}},{"type":"Feature","geometry":{"type":"Point","coordinates":[5.218788,52.08679]},"properties":{"type":"charge","layer":"passenger","locationId":"5992972f-fa74-4a1c-88c4-6522f5b00b49","name":"TNLP007166 - Nijenheim 6112, Zeist","address":"6112 Nijenheim","city":"Zeist","operatorName":"TotalEnergies","maxPowerKw":17,"isMegawatt":false,"status":"CHARGING","source":"ndw"}},{"type":"Feature","geometry":{"type":"Point","coordinates":[5.212218,52.082615]},"properties":{"type":"charge","layer":"passenger","locationId":"c5484048-0a26-4afd-81d9-44806b1cb6e4","name":"TNLP009448 - Brugakker 3572, Zeist","address":"3572 Brugakker","city":"Zeist","operatorName":"TotalEnergies","maxPowerKw":17,"isMegawatt":false,"status":"AVAILABLE","source":"ndw"}},{"type":"Feature","geometry":{"type":"Point","coordinates":[5.231738,52.10274]},"properties":{"type":"charge","layer":"passenger","locationId":"9b222d21-3897-4e70-934b-f72e4d738ba8","name":"TNLP009551 - Laan van Vollenhove 1379, Zeist","address":"1379 Laan van Vollenhove","city":"Zeist","operatorName":"TotalEnergies","maxPowerKw":17,"isMegawatt":false,"status":"CHARGING","source":"ndw"}},{"type":"Feature","geometry":{"type":"Point","coordinates":[5.250407,52.08707]},"properties":{"type":"charge","layer":"passenger","locationId":"0711dc09-3e85-4db5-b91b-6932a9a331ca","name":"PP005094 - Prins Hendriklaan 12, Zeist","address":"12 Prins Hendriklaan","city":"Zeist","operatorName":"TotalEnergies","maxPowerKw":17,"isMegawatt":false,"status":"AVAILABLE","source":"ndw"}},{"type":"Feature","geometry":{"type":"Point","coordinates":[5.216869,52.085148]},"properties":{"type":"charge","layer":"passenger","locationId":"ebebead3-eed8-4cd2-8a51-84c8f5e6b882","name":"TNLP007557 - Nijenheim 6423, Zeist","address":"6423 Nijenheim","city":"Zeist","operatorName":"TotalEnergies","maxPowerKw":17,"isMegawatt":false,"status":"AVAILABLE","source":"ndw"}},{"type":"Feature","geometry":{"type":"Point","coordinates":[5.269275,52.118281]},"properties":{"type":"charge","layer":"passenger","locationId":"f38cd02529f6713bd92fec29487b1398","name":"Beukbergenlaan 16","address":"Beukbergenlaan 16","city":"Huis Ter Heide","operatorName":"Vattenfall InCharge","maxPowerKw":11,"isMegawatt":false,"status":"AVAILABLE","source":"ndw"}},{"type":"Feature","geometry":{"type":"Point","coordinates":[5.212303,52.089704]},"properties":{"type":"charge","layer":"passenger","locationId":"ff4776da0321f79676682f0dd4cb5799","name":"Zeisteroever 2","address":"Zeisteroever 2","city":"Zeist","operatorName":"Vattenfall InCharge","maxPowerKw":11,"isMegawatt":false,"status":"AVAILABLE","source":"ndw"}},{"type":"Feature","geometry":{"type":"Point","coordinates":[5.258332,52.098804]},"properties":{"type":"charge","layer":"passenger","locationId":"32720579-0576-4ab3-b902-36dc2079e9c6","name":"TNLP007128 - Socrateslaan 26, Zeist","address":"26 Socrateslaan","city":"Zeist","operatorName":"TotalEnergies","maxPowerKw":17,"isMegawatt":false,"status":"AVAILABLE","source":"ndw"}},{"type":"Feature","geometry":{"type":"Point","coordinates":[5.237006,52.07809]},"properties":{"type":"charge","layer":"passenger","locationId":"fd97efdf-4975-4c8b-9c8c-bfb0272a866c","name":"Laadplein - TNLP006660 - Zinzendorflaan 2, Zeist","address":"2 Zinzendorflaan","city":"Zeist","operatorName":"TotalEnergies","maxPowerKw":17,"isMegawatt":false,"status":"AVAILABLE","source":"ndw"}},{"type":"Feature","geometry":{"type":"Point","coordinates":[5.2454,52.15041]},"properties":{"type":"charge","layer":"passenger","locationId":"841071D9-7A7A-48EC-9831-0F987C116555","name":"Eneco eMobility Reinaerde Het Plein 4 - Den Dolder","address":"Het Plein 4","city":"Den Dolder","operatorName":"Eneco","maxPowerKw":22,"isMegawatt":false,"status":"AVAILABLE","source":"ndw","priceKwh":0.32}},{"type":"Feature","geometry":{"type":"Point","coordinates":[5.22159,52.08731]},"properties":{"type":"charge","layer":"passenger","locationId":"454","name":"Shell Recharge NL Nijenheim 2312","address":"Nijenheim 2312","city":"Zeist","operatorName":"Ubitricity","maxPowerKw":11,"isMegawatt":false,"status":"AVAILABLE","source":"ndw","priceKwh":0.388}},{"type":"Feature","geometry":{"type":"Point","coordinates":[5.2163943,52.0994872]},"properties":{"type":"charge","layer":"passenger","locationId":"2201","name":"Shell Recharge NL Strausslaan 23","address":"Strausslaan 23","city":"Zeist","operatorName":"Ubitricity","maxPowerKw":22,"isMegawatt":false,"status":"CHARGING","source":"ndw","priceKwh":0.266}},{"type":"Feature","geometry":{"type":"Point","coordinates":[5.25316,52.086636]},"properties":{"type":"charge","layer":"passenger","locationId":"9abed901-074c-4c4b-9e9c-d423923ff6a1","name":"TNLP006885 - Professor Lorentzlaan 37, Zeist","address":"37 Professor Lorentzlaan","city":"Zeist","operatorName":"TotalEnergies","maxPowerKw":17,"isMegawatt":false,"status":"AVAILABLE","source":"ndw"}},{"type":"Feature","geometry":{"type":"Point","coordinates":[5.235587,52.102493]},"properties":{"type":"charge","layer":"passenger","locationId":"e448245c-60a0-4d74-8b6c-481e2caf4187","name":"TNLP009035 - Laan van Vollenhove 341, Zeist","address":"341 Laan van Vollenhove","city":"Zeist","operatorName":"TotalEnergies","maxPowerKw":17,"isMegawatt":false,"status":"AVAILABLE","source":"ndw"}},{"type":"Feature","geometry":{"type":"Point","coordinates":[5.223267,52.102439]},"properties":{"type":"charge","layer":"passenger","locationId":"c1eaa7192bf29773da7ffb68cebc7aca","name":"Comeniuslaan 15","address":"Comeniuslaan 15","city":"Zeist","operatorName":"Vattenfall InCharge","maxPowerKw":11,"isMegawatt":false,"status":"AVAILABLE","source":"ndw"}},{"type":"Feature","geometry":{"type":"Point","coordinates":[5.249376,52.097431]},"properties":{"type":"charge","layer":"passenger","locationId":"b081a48f-4016-4fe2-9729-b3f260a97baa","name":"TNLP034482","address":"Burgemeester Korthals Alteslaan 45","city":"Zeist","operatorName":"TotalEnergies","maxPowerKw":14,"isMegawatt":false,"status":"AVAILABLE","source":"ndw"}},{"type":"Feature","geometry":{"type":"Point","coordinates":[5.26113,52.07614]},"properties":{"type":"charge","layer":"passenger","locationId":"b84caf81-5c26-4708-ae7f-e59888d7a781","name":"PP001008 - Hoog Kanje 2, Zeist","address":"2 Hoog Kanje","city":"Zeist","operatorName":"TotalEnergies","maxPowerKw":11,"isMegawatt":false,"status":"AVAILABLE","source":"ndw"}},{"type":"Feature","geometry":{"type":"Point","coordinates":[5.240913,52.082054]},"properties":{"type":"charge","layer":"passenger","locationId":"bd497e53-1f34-4e5c-8302-c7b31aa9073f","name":"Herenlaan","address":"Herenlaan 2","city":"Zeist","operatorName":"Vattenfall InCharge","maxPowerKw":11,"isMegawatt":false,"status":"AVAILABLE","source":"ndw"}},{"type":"Feature","geometry":{"type":"Point","coordinates":[5.24913,52.09927]},"properties":{"type":"charge","layer":"passenger","locationId":"5ef5c52f-5b36-4b72-a381-cb13a4713b39","name":"PP005355 - Borneolaan 1, Zeist","address":"1 Borneolaan","city":"Zeist","operatorName":"TotalEnergies","maxPowerKw":11,"isMegawatt":false,"status":"AVAILABLE","source":"ndw"}},{"type":"Feature","geometry":{"type":"Point","coordinates":[5.245512,52.085743]},"properties":{"type":"charge","layer":"passenger","locationId":"8c7d0e59-2d8f-497f-bd00-adcb86289d4b","name":"TNLP006529 - Huydecoperweg 9, Zeist","address":"9 Huydecoperweg","city":"Zeist","operatorName":"TotalEnergies","maxPowerKw":17,"isMegawatt":false,"status":"CHARGING","source":"ndw"}},{"type":"Feature","geometry":{"type":"Point","coordinates":[5.264372,52.094308]},"properties":{"type":"charge","layer":"passenger","locationId":"63e12046-eea2-47ee-b82c-78e8222b2c59","name":"TNLP034336","address":"Prof. Lorentzlaan 143","city":"Zeist","operatorName":"TotalEnergies","maxPowerKw":14,"isMegawatt":false,"status":"AVAILABLE","source":"ndw"}},{"type":"Feature","geometry":{"type":"Point","coordinates":[5.21348,52.08318]},"properties":{"type":"charge","layer":"passenger","locationId":"aac22539a84a00f14ce2b120c76a7c94","name":"Brugakker 3302","address":"Brugakker 3302","city":"Zeist","operatorName":"Vattenfall InCharge","maxPowerKw":11,"isMegawatt":false,"status":"AVAILABLE","source":"ndw"}},{"type":"Feature","geometry":{"type":"Point","coordinates":[5.26114,52.07338]},"properties":{"type":"charge","layer":"passenger","locationId":"c4a2e097-d26d-4edd-b16d-8703c3f4b7ec","name":"PP001474 - Anna Paulownalaan 12, Zeist","address":"12 Anna Paulownalaan","city":"Zeist","operatorName":"TotalEnergies","maxPowerKw":11,"isMegawatt":false,"status":"CHARGING","source":"ndw"}},{"type":"Feature","geometry":{"type":"Point","coordinates":[5.2244004,52.0865962]},"properties":{"type":"charge","layer":"passenger","locationId":"1170","name":"Shell Recharge NL Nijenheim 1144","address":"Nijenheim 1144","city":"Zeist","operatorName":"Ubitricity","maxPowerKw":22,"isMegawatt":false,"status":"AVAILABLE","source":"ndw","priceKwh":0.266}},{"type":"Feature","geometry":{"type":"Point","coordinates":[5.210644,52.085224]},"properties":{"type":"charge","layer":"passenger","locationId":"52af4882-f809-4b31-8583-4bf749ae167d","name":"TNLP008441 - Brugakker 5004, Zeist","address":"5004 Brugakker","city":"Zeist","operatorName":"TotalEnergies","maxPowerKw":13,"isMegawatt":false,"status":"AVAILABLE","source":"ndw"}},{"type":"Feature","geometry":{"type":"Point","coordinates":[5.25055,52.07741]},"properties":{"type":"charge","layer":"passenger","locationId":"100","name":"Shell Recharge NL Arnhemse Bovenweg 12","address":"Arnhemse Bovenweg 12","city":"Zeist","operatorName":"Ubitricity","maxPowerKw":11,"isMegawatt":false,"status":"AVAILABLE","source":"ndw","priceKwh":0.388}},{"type":"Feature","geometry":{"type":"Point","coordinates":[5.2429,52.09284]},"properties":{"type":"charge","layer":"passenger","locationId":"9af31d09-86cf-44dd-bddb-16047f312cf0","name":"TNLP009917 - Berkenlaan 2, Zeist","address":"2 Berkenlaan","city":"Zeist","operatorName":"TotalEnergies","maxPowerKw":17,"isMegawatt":false,"status":"CHARGING","source":"ndw"}},{"type":"Feature","geometry":{"type":"Point","coordinates":[5.26936,52.078735]},"properties":{"type":"charge","layer":"passenger","locationId":"41135746-a85f-491d-a598-15ba4a03a6e0","name":"TNLP009553 - Prinses Catharina Amalialaan 40, Zeist","address":"40 Prinses Catharina Amalialaan","city":"Zeist","operatorName":"TotalEnergies","maxPowerKw":17,"isMegawatt":false,"status":"AVAILABLE","source":"ndw"}},{"type":"Feature","geometry":{"type":"Point","coordinates":[5.25358,52.08811]},"properties":{"type":"charge","layer":"passenger","locationId":"f1cb9bd3-afe3-4846-9d15-ff7b84602de4","name":"PP001708 - Boslaan 15, Zeist","address":"15 Boslaan","city":"Zeist","operatorName":"TotalEnergies","maxPowerKw":11,"isMegawatt":false,"status":"AVAILABLE","source":"ndw"}},{"type":"Feature","geometry":{"type":"Point","coordinates":[5.220802,52.084764]},"properties":{"type":"charge","layer":"passenger","locationId":"0c92275eb712b1dd38c9fb3174f3c475","name":"Nijenheim 3321","address":"Nijenheim 3321","city":"Zeist","operatorName":"Vattenfall InCharge","maxPowerKw":11,"isMegawatt":false,"status":"UNAVAILABLE","source":"ndw"}},{"type":"Feature","geometry":{"type":"Point","coordinates":[5.214861,52.094933]},"properties":{"type":"charge","layer":"passenger","locationId":"5904f994-3e9b-402b-a555-3132dafd249b","name":"TNLP008509 - Vinkenlaag 2, Zeist","address":"2 Vinkenlaag","city":"Zeist","operatorName":"TotalEnergies","maxPowerKw":13,"isMegawatt":false,"status":"AVAILABLE","source":"ndw"}},{"type":"Feature","geometry":{"type":"Point","coordinates":[5.26185,52.07489]},"properties":{"type":"charge","layer":"passenger","locationId":"8688cd4e-95a4-4139-ac27-c43a60989a70","name":"TNLP005839 - Sophialaan 39, Zeist","address":"39 Sophialaan","city":"Zeist","operatorName":"TotalEnergies","maxPowerKw":11,"isMegawatt":false,"status":"AVAILABLE","source":"ndw"}},{"type":"Feature","geometry":{"type":"Point","coordinates":[5.23629,52.14161]},"properties":{"type":"charge","layer":"passenger","locationId":"d97b1818-ace4-4bc0-8b0e-f3f86d6a6d00","name":"PP005364 - Johannes Wierlaan 15, Den Dolder","address":"15 Johannes Wierlaan","city":"Den Dolder","operatorName":"TotalEnergies","maxPowerKw":11,"isMegawatt":false,"status":"AVAILABLE","source":"ndw"}},{"type":"Feature","geometry":{"type":"Point","coordinates":[5.2493597,52.1032084]},"properties":{"type":"charge","layer":"passenger","locationId":"1806","name":"Shell Recharge NL Jan Thijssenlaan 1","address":"Jan Thijssenlaan 1","city":"Zeist","operatorName":"Ubitricity","maxPowerKw":22,"isMegawatt":false,"status":"AVAILABLE","source":"ndw","priceKwh":0.266}},{"type":"Feature","geometry":{"type":"Point","coordinates":[5.27711,52.11216]},"properties":{"type":"charge","layer":"passenger","locationId":"66741037-af6d-4b88-ad9f-8d4fba552df8","name":"PP001889 - Dierenriem 44, Huis ter Heide","address":"44 Dierenriem","city":"Huis ter Heide","operatorName":"TotalEnergies","maxPowerKw":11,"isMegawatt":false,"status":"AVAILABLE","source":"ndw"}},{"type":"Feature","geometry":{"type":"Point","coordinates":[5.2398884,52.1006783]},"properties":{"type":"charge","layer":"passenger","locationId":"927","name":"Shell Recharge NL W.H. Vliegenlaan 13","address":"W.H. Vliegenlaan 13","city":"Zeist","operatorName":"Ubitricity","maxPowerKw":22,"isMegawatt":false,"status":"AVAILABLE","source":"ndw","priceKwh":0.266}},{"type":"Feature","geometry":{"type":"Point","coordinates":[5.23688,52.08627]},"properties":{"type":"charge","layer":"passenger","locationId":"ceb480e4-ff85-4a0d-aba8-27f92a1b0dc9","name":"PP001497 - Lommerlust 29, Zeist","address":"29 Lommerlust","city":"Zeist","operatorName":"TotalEnergies","maxPowerKw":11,"isMegawatt":false,"status":"AVAILABLE","source":"ndw"}},{"type":"Feature","geometry":{"type":"Point","coordinates":[5.235241,52.09617]},"properties":{"type":"charge","layer":"passenger","locationId":"e4876000-dedf-45df-9b08-5711446e6c79","name":"TNLP007479 - Egelinglaan 57, Zeist","address":"57 Egelinglaan","city":"Zeist","operatorName":"TotalEnergies","maxPowerKw":17,"isMegawatt":false,"status":"AVAILABLE","source":"ndw"}},{"type":"Feature","geometry":{"type":"Point","coordinates":[5.251745,52.100777]},"properties":{"type":"charge","layer":"passenger","locationId":"94aa5ea1-a9c0-4fc7-8572-d6dfe9f452fc","name":"TNLP008031 - Johannes Postlaan 9, Zeist","address":"9 Johannes Postlaan","city":"Zeist","operatorName":"TotalEnergies","maxPowerKw":15,"isMegawatt":false,"status":"CHARGING","source":"ndw"}},{"type":"Feature","geometry":{"type":"Point","coordinates":[5.235358,52.083218]},"properties":{"type":"charge","layer":"passenger","locationId":"4fae2bed-000b-4ec0-abac-c0c7e83e4fe4","name":"TNLP007170 - Henriëtte van Lijndenlaan 5, Zeist","address":"5 Henriëtte van Lijndenlaan","city":"Zeist","operatorName":"TotalEnergies","maxPowerKw":17,"isMegawatt":false,"status":"CHARGING","source":"ndw"}},{"type":"Feature","geometry":{"type":"Point","coordinates":[5.231881,52.079933]},"properties":{"type":"charge","layer":"passenger","locationId":"b287db40-252e-4901-9061-3dbbb3384425","name":"PP005373 - Waterigeweg 32a, Zeist","address":"32a Waterigeweg","city":"Zeist","operatorName":"TotalEnergies","maxPowerKw":11,"isMegawatt":false,"status":"AVAILABLE","source":"ndw"}},{"type":"Feature","geometry":{"type":"Point","coordinates":[5.2773,52.11404]},"properties":{"type":"charge","layer":"passenger","locationId":"c70002f6-53c6-4c74-91ac-c5bd5bd58d0d","name":"Laadplein - PP004343 - Zonnelaan 204, Huis ter Heide","address":"204 Zonnelaan","city":"Huis ter Heide","operatorName":"TotalEnergies","maxPowerKw":17,"isMegawatt":false,"status":"AVAILABLE","source":"ndw"}},{"type":"Feature","geometry":{"type":"Point","coordinates":[5.220176,52.077477]},"properties":{"type":"charge","layer":"passenger","locationId":"0a4f6bb0-5301-48e4-a6a1-6392e0fb23dd","name":"TNLP015205 - Couwenhoven 5110, Zeist","address":"5110 Couwenhoven","city":"Zeist","operatorName":"TotalEnergies","maxPowerKw":17,"isMegawatt":false,"status":"UNAVAILABLE","source":"ndw"}},{"type":"Feature","geometry":{"type":"Point","coordinates":[5.23786,52.09565]},"properties":{"type":"charge","layer":"passenger","locationId":"0866f0c5-87c8-4cf0-947e-61a270cac86d","name":"PP001583 - Van der Merschlaan 37, Zeist","address":"37 Van der Merschlaan","city":"Zeist","operatorName":"TotalEnergies","maxPowerKw":17,"isMegawatt":false,"status":"AVAILABLE","source":"ndw"}},{"type":"Feature","geometry":{"type":"Point","coordinates":[5.218931,52.090566]},"properties":{"type":"charge","layer":"passenger","locationId":"4227466","name":"Laadnet Resim Woningen BV","address":"Crosestein 1702","city":"Zeist","operatorName":"Laadnet","maxPowerKw":22,"isMegawatt":false,"status":"AVAILABLE","source":"ndw"}},{"type":"Feature","geometry":{"type":"Point","coordinates":[5.2340772,52.102129]},"properties":{"type":"charge","layer":"passenger","locationId":"1136","name":"Shell Recharge NL Laan van Vollenhove 551","address":"Laan van Vollenhove 551","city":"Zeist","operatorName":"Ubitricity","maxPowerKw":22,"isMegawatt":false,"status":"CHARGING","source":"ndw","priceKwh":0.266}},{"type":"Feature","geometry":{"type":"Point","coordinates":[5.208198,52.082954]},"properties":{"type":"charge","layer":"passenger","locationId":"004b2973-5a52-4e7d-8516-6c992313aa02","name":"PP001887 - Brugakker 5739, Zeist","address":"5739 Brugakker","city":"Zeist","operatorName":"TotalEnergies","maxPowerKw":11,"isMegawatt":false,"status":"AVAILABLE","source":"ndw"}},{"type":"Feature","geometry":{"type":"Point","coordinates":[5.211469,52.090549]},"properties":{"type":"charge","layer":"passenger","locationId":"fa8adf61-fea6-4860-a36c-d32f3d7a456a","name":"TNLP034190","address":"Patrijzenlaan 1","city":"Zeist","operatorName":"TotalEnergies","maxPowerKw":14,"isMegawatt":false,"status":"AVAILABLE","source":"ndw"}},{"type":"Feature","geometry":{"type":"Point","coordinates":[5.232908,52.09313]},"properties":{"type":"charge","layer":"passenger","locationId":"22cddb86-4a49-4d32-add6-74e047330ab7","name":"TNLP008525 - Bilderdijklaan 15, Zeist","address":"15 Bilderdijklaan","city":"Zeist","operatorName":"TotalEnergies","maxPowerKw":13,"isMegawatt":false,"status":"AVAILABLE","source":"ndw"}},{"type":"Feature","geometry":{"type":"Point","coordinates":[5.2141983,52.0857083]},"properties":{"type":"charge","layer":"passenger","locationId":"1137","name":"Shell Recharge NL Waterhoenlaan 3","address":"Waterhoenlaan 3","city":"Zeist","operatorName":"Ubitricity","maxPowerKw":22,"isMegawatt":false,"status":"AVAILABLE","source":"ndw","priceKwh":0.266}},{"type":"Feature","geometry":{"type":"Point","coordinates":[5.24326,52.09321]},"properties":{"type":"charge","layer":"passenger","locationId":"433","name":"Shell Recharge NL Bergweg 66","address":"Bergweg 66","city":"Zeist","operatorName":"Ubitricity","maxPowerKw":11,"isMegawatt":false,"status":"CHARGING","source":"ndw","priceKwh":0.388}},{"type":"Feature","geometry":{"type":"Point","coordinates":[5.250332,52.08466]},"properties":{"type":"charge","layer":"passenger","locationId":"8ed9e19e-111a-4c39-97c4-4af63422c95a","name":"PP001352 - Woudenbergseweg 44, Zeist","address":"44 Woudenbergseweg","city":"Zeist","operatorName":"TotalEnergies","maxPowerKw":11,"isMegawatt":false,"status":"AVAILABLE","source":"ndw"}},{"type":"Feature","geometry":{"type":"Point","coordinates":[5.224137,52.089035]},"properties":{"type":"charge","layer":"passenger","locationId":"ac622ce7-9a63-4527-91df-6e5337c2beb3","name":"TNLP015394 - Kroostweg 56, Zeist","address":"56 Kroostweg","city":"Zeist","operatorName":"TotalEnergies","maxPowerKw":17,"isMegawatt":false,"status":"AVAILABLE","source":"ndw"}},{"type":"Feature","geometry":{"type":"Point","coordinates":[5.235439,52.08918]},"properties":{"type":"charge","layer":"passenger","locationId":"da181a03-619a-4171-94ec-cc866f391cce","name":"TNLP007278 - Van Reenenweg 65, Zeist","address":"65 Van Reenenweg","city":"Zeist","operatorName":"TotalEnergies","maxPowerKw":17,"isMegawatt":false,"status":"AVAILABLE","source":"ndw"}},{"type":"Feature","geometry":{"type":"Point","coordinates":[5.245368,52.100921]},"properties":{"type":"charge","layer":"passenger","locationId":"7a7457c8-f9cd-4c7a-81e1-e6070625262b","name":"TNLP034168","address":"Dijnselweg 146","city":"Zeist","operatorName":"TotalEnergies","maxPowerKw":14,"isMegawatt":false,"status":"CHARGING","source":"ndw"}},{"type":"Feature","geometry":{"type":"Point","coordinates":[5.241043,52.081913]},"properties":{"type":"charge","layer":"passenger","locationId":"61731689-a3be-4147-9f45-ae6bd30ccce4","name":"TNLP009974 - Nooitgedacht 2, Zeist","address":"2 Nooitgedacht","city":"Zeist","operatorName":"TotalEnergies","maxPowerKw":17,"isMegawatt":false,"status":"AVAILABLE","source":"ndw"}},{"type":"Feature","geometry":{"type":"Point","coordinates":[5.27385,52.11338]},"properties":{"type":"charge","layer":"passenger","locationId":"c3f85609-485c-46a0-a5f3-e48e0ab61ce4","name":"PP001167 - Evenaar 24, Huis Ter Heide","address":"24 Evenaar","city":"Huis Ter Heide","operatorName":"TotalEnergies","maxPowerKw":11,"isMegawatt":false,"status":"AVAILABLE","source":"ndw"}},{"type":"Feature","geometry":{"type":"Point","coordinates":[5.234225,52.088223]},"properties":{"type":"charge","layer":"passenger","locationId":"7e39126f-ddc4-489a-b440-b8fa07fb7ffc","name":"TNLP009739 - Veldheimlaan 51, Zeist","address":"51 Veldheimlaan","city":"Zeist","operatorName":"TotalEnergies","maxPowerKw":17,"isMegawatt":false,"status":"CHARGING","source":"ndw"}},{"type":"Feature","geometry":{"type":"Point","coordinates":[5.2212183,52.0985113]},"properties":{"type":"charge","layer":"passenger","locationId":"771","name":"Shell Recharge NL Warande 205","address":"Warande 205","city":"Zeist","operatorName":"Ubitricity","maxPowerKw":22,"isMegawatt":false,"status":"AVAILABLE","source":"ndw","priceKwh":0.266}},{"type":"Feature","geometry":{"type":"Point","coordinates":[5.235828,52.09737]},"properties":{"type":"charge","layer":"passenger","locationId":"58ec972c-9714-476a-86e3-9f995c8f6bb6","name":"TNLP006945 - Johan van Oldenbarneveltlaan 42, Zeist","address":"42 Johan van Oldenbarneveltlaan","city":"Zeist","operatorName":"TotalEnergies","maxPowerKw":17,"isMegawatt":false,"status":"AVAILABLE","source":"ndw"}},{"type":"Feature","geometry":{"type":"Point","coordinates":[5.21613,52.09405]},"properties":{"type":"charge","layer":"passenger","locationId":"67d2b208ec93f271e96ef7bb","name":"S Li 's station","address":"Zeister Eng \t14","city":"Zeist","operatorName":"E-Flux by Road","maxPowerKw":17,"isMegawatt":false,"status":"AVAILABLE","source":"ndw","priceKwh":0.3}},{"type":"Feature","geometry":{"type":"Point","coordinates":[5.211867,52.084152]},"properties":{"type":"charge","layer":"passenger","locationId":"ad14e80a-59f1-4652-9bf0-2b1e63670931","name":"TNLP034171","address":"Brugakker 4134","city":"Zeist","operatorName":"TotalEnergies","maxPowerKw":14,"isMegawatt":false,"status":"AVAILABLE","source":"ndw"}},{"type":"Feature","geometry":{"type":"Point","coordinates":[5.244029,52.097466]},"properties":{"type":"charge","layer":"passenger","locationId":"c6ed1e1e-3ff4-4393-a3f8-0d8fb481674a","name":"TNLP007504 - Dijnselweg 16, Zeist","address":"16 Dijnselweg","city":"Zeist","operatorName":"TotalEnergies","maxPowerKw":17,"isMegawatt":false,"status":"AVAILABLE","source":"ndw"}},{"type":"Feature","geometry":{"type":"Point","coordinates":[5.23203,52.14113]},"properties":{"type":"charge","layer":"passenger","locationId":"0c8d7c84-7013-4802-93df-7257ac7abd6f","name":"TNLP007921 - Schroeder van der Kolklaan 7, Den Dolder","address":"7 Schroeder van der Kolklaan","city":"Den Dolder","operatorName":"TotalEnergies","maxPowerKw":17,"isMegawatt":false,"status":"AVAILABLE","source":"ndw"}},{"type":"Feature","geometry":{"type":"Point","coordinates":[5.250665,52.093273]},"properties":{"type":"charge","layer":"passenger","locationId":"5d28cd1a-7cff-498c-a1e0-ef7cf7a358e7","name":"TNLP009998 - Gandhilaan 101, Zeist","address":"101 Gandhilaan","city":"Zeist","operatorName":"TotalEnergies","maxPowerKw":17,"isMegawatt":false,"status":"UNAVAILABLE","source":"ndw"}},{"type":"Feature","geometry":{"type":"Point","coordinates":[5.23268,52.13755]},"properties":{"type":"charge","layer":"passenger","locationId":"b5289555-2c09-437c-9f6e-a8d72cb37238","name":"PP001813 - Tolhuislaan 91, Den Dolder","address":"91 Tolhuislaan","city":"Den Dolder","operatorName":"TotalEnergies","maxPowerKw":11,"isMegawatt":false,"status":"CHARGING","source":"ndw"}},{"type":"Feature","geometry":{"type":"Point","coordinates":[5.221781,52.076904]},"properties":{"type":"charge","layer":"passenger","locationId":"c879fa3b-30a7-41cd-bb29-7c5a47eecc33","name":"TNLP034351","address":"Couwenhoven 5410","city":"Zeist","operatorName":"TotalEnergies","maxPowerKw":14,"isMegawatt":false,"status":"CHARGING","source":"ndw"}},{"type":"Feature","geometry":{"type":"Point","coordinates":[5.31319,52.07821]},"properties":{"type":"charge","layer":"passenger","locationId":"9667a40595e75503372ffb849de6774c","name":"Marmontweg 8","address":"Marmontweg 8","city":"Austerlitz","operatorName":"Vattenfall InCharge","maxPowerKw":11,"isMegawatt":false,"status":"AVAILABLE","source":"ndw"}},{"type":"Feature","geometry":{"type":"Point","coordinates":[5.242154,52.091614]},"properties":{"type":"charge","layer":"passenger","locationId":"f4643bd2-bce9-4258-bdc9-a07cc81552b5","name":"TNLP009005 - Bergweg 36, Zeist","address":"36 Bergweg","city":"Zeist","operatorName":"TotalEnergies","maxPowerKw":14,"isMegawatt":false,"status":"AVAILABLE","source":"ndw"}},{"type":"Feature","geometry":{"type":"Point","coordinates":[5.2183227,52.0862692]},"properties":{"type":"charge","layer":"passenger","locationId":"1172","name":"Shell Recharge NL Nijenheim 6225","address":"Nijenheim 6225","city":"Zeist","operatorName":"Ubitricity","maxPowerKw":22,"isMegawatt":false,"status":"AVAILABLE","source":"ndw","priceKwh":0.266}},{"type":"Feature","geometry":{"type":"Point","coordinates":[5.2433393,52.0972757]},"properties":{"type":"charge","layer":"passenger","locationId":"1379","name":"Shell Recharge NL Van der Heijdenlaan 110","address":"Van der Heijdenlaan 110","city":"Zeist","operatorName":"Ubitricity","maxPowerKw":22,"isMegawatt":false,"status":"AVAILABLE","source":"ndw","priceKwh":0.266}},{"type":"Feature","geometry":{"type":"Point","coordinates":[5.3190741,52.0790362]},"properties":{"type":"charge","layer":"passenger","locationId":"1933","name":"Shell Recharge NL Rutger Loenenweg 2","address":"Rutger Loenenweg 2","city":"Austerlitz","operatorName":"Ubitricity","maxPowerKw":22,"isMegawatt":false,"status":"AVAILABLE","source":"ndw","priceKwh":0.266}},{"type":"Feature","geometry":{"type":"Point","coordinates":[5.247701,52.10094]},"properties":{"type":"charge","layer":"passenger","locationId":"dae931e0-23ee-4c5f-bd3e-c0da0493c33b","name":"PP005575 - Nepveulaan 108, Zeist","address":"108 Nepveulaan","city":"Zeist","operatorName":"TotalEnergies","maxPowerKw":11,"isMegawatt":false,"status":"AVAILABLE","source":"ndw"}},{"type":"Feature","geometry":{"type":"Point","coordinates":[5.2648379,52.0733742]},"properties":{"type":"charge","layer":"passenger","locationId":"2722","name":"Shell Recharge NL Prinses Marijkelaan 229","address":"Prinses Marijkelaan 229","city":"Zeist","operatorName":"Ubitricity","maxPowerKw":22,"isMegawatt":false,"status":"AVAILABLE","source":"ndw","priceKwh":0.266}},{"type":"Feature","geometry":{"type":"Point","coordinates":[5.23766,52.09135]},"properties":{"type":"charge","layer":"passenger","locationId":"24c133eb-8ae5-44a6-9a04-c005e837675e","name":"PP005288 - Jan Pieter Heijelaan 19, Zeist","address":"19 Jan Pieter Heijelaan","city":"Zeist","operatorName":"TotalEnergies","maxPowerKw":11,"isMegawatt":false,"status":"CHARGING","source":"ndw"}},{"type":"Feature","geometry":{"type":"Point","coordinates":[5.316201,52.079523]},"properties":{"type":"charge","layer":"passenger","locationId":"c9691d20dae37d1ecb07576220605c2c","name":"Wellingtonweg 36","address":"Wellingtonweg 36","city":"Austerlitz","operatorName":"Vattenfall InCharge","maxPowerKw":11,"isMegawatt":false,"status":"AVAILABLE","source":"ndw"}},{"type":"Feature","geometry":{"type":"Point","coordinates":[5.272846,52.113482]},"properties":{"type":"charge","layer":"passenger","locationId":"81ad271af5e43cc7da202a866cc3c80a","name":"Evenaar 2","address":"Evenaar 2","city":"Huis Ter Heide","operatorName":"Vattenfall InCharge","maxPowerKw":11,"isMegawatt":false,"status":"AVAILABLE","source":"ndw"}},{"type":"Feature","geometry":{"type":"Point","coordinates":[5.271512,52.078484]},"properties":{"type":"charge","layer":"passenger","locationId":"73fa17b7-1023-48ce-8a1e-53680ec843a1","name":"PP005346 - Prinses Catharina Amalialaan 136, Zeist","address":"136 Prinses Catharina Amalialaan","city":"Zeist","operatorName":"TotalEnergies","maxPowerKw":11,"isMegawatt":false,"status":"AVAILABLE","source":"ndw"}},{"type":"Feature","geometry":{"type":"Point","coordinates":[5.217952,52.085026]},"properties":{"type":"charge","layer":"passenger","locationId":"8a130c4d-f14d-4711-a0fc-01469541f3b0","name":"TNLP008299 - Nijenheim 8019, Zeist","address":"8019 Nijenheim","city":"Zeist","operatorName":"TotalEnergies","maxPowerKw":13,"isMegawatt":false,"status":"AVAILABLE","source":"ndw"}},{"type":"Feature","geometry":{"type":"Point","coordinates":[5.254456,52.11126]},"properties":{"type":"charge","layer":"passenger","locationId":"b9ddba1c-b219-4975-8576-7d8615ab24c8","name":"TNLP009427 - Korte Bergweg 64b, Huis ter Heide","address":"64b Korte Bergweg","city":"Huis ter Heide","operatorName":"TotalEnergies","maxPowerKw":17,"isMegawatt":false,"status":"AVAILABLE","source":"ndw"}},{"type":"Feature","geometry":{"type":"Point","coordinates":[5.24454,52.09342]},"properties":{"type":"charge","layer":"passenger","locationId":"b0c75da9-3242-4278-8983-369f79a6f8f3","name":"TNLP007169 - Minckelerslaan 55, Zeist","address":"55 Minckelerslaan","city":"Zeist","operatorName":"TotalEnergies","maxPowerKw":17,"isMegawatt":false,"status":"CHARGING","source":"ndw"}},{"type":"Feature","geometry":{"type":"Point","coordinates":[5.223745,52.08103]},"properties":{"type":"charge","layer":"passenger","locationId":"04b0f4e9-8111-410f-8c30-6324ea1ed202","name":"PP005543 - Laan van Cattenbroeck 74, Zeist","address":"74 Laan van Cattenbroeck","city":"Zeist","operatorName":"TotalEnergies","maxPowerKw":11,"isMegawatt":false,"status":"CHARGING","source":"ndw"}},{"type":"Feature","geometry":{"type":"Point","coordinates":[5.22814,52.07894]},"properties":{"type":"charge","layer":"passenger","locationId":"275","name":"Shell Recharge NL Laan van Cattenbroeck 19","address":"Laan van Cattenbroeck 19","city":"Zeist","operatorName":"Ubitricity","maxPowerKw":11,"isMegawatt":false,"status":"AVAILABLE","source":"ndw","priceKwh":0.388}},{"type":"Feature","geometry":{"type":"Point","coordinates":[5.271241,52.07895]},"properties":{"type":"charge","layer":"passenger","locationId":"ff1013e0-1081-4a9b-b70b-2134276ee802","name":"TNLP007473 - Prinses Catharina Amalialaan 59, Zeist","address":"59 Prinses Catharina Amalialaan","city":"Zeist","operatorName":"TotalEnergies","maxPowerKw":17,"isMegawatt":false,"status":"AVAILABLE","source":"ndw"}},{"type":"Feature","geometry":{"type":"Point","coordinates":[5.242832,52.138858]},"properties":{"type":"charge","layer":"passenger","locationId":"d79fc588-408c-4ffb-afb8-3f63264e4fed","name":"TNLP015179","address":"Dolderseweg 81","city":"Den Dolder","operatorName":"TotalEnergies","maxPowerKw":17,"isMegawatt":false,"status":"CHARGING","source":"ndw"}},{"type":"Feature","geometry":{"type":"Point","coordinates":[5.23942,52.09141]},"properties":{"type":"charge","layer":"passenger","locationId":"264","name":"Shell Recharge NL van Reenenweg 151","address":"van Reenenweg 151","city":"Zeist","operatorName":"Ubitricity","maxPowerKw":11,"isMegawatt":false,"status":"AVAILABLE","source":"ndw","priceKwh":0.388}},{"type":"Feature","geometry":{"type":"Point","coordinates":[5.2125509,52.0929926]},"properties":{"type":"charge","layer":"passenger","locationId":"870","name":"Shell Recharge NL Fazantenlaan 52","address":"Fazantenlaan 52","city":"Zeist","operatorName":"Ubitricity","maxPowerKw":22,"isMegawatt":false,"status":"CHARGING","source":"ndw","priceKwh":0.266}},{"type":"Feature","geometry":{"type":"Point","coordinates":[5.216971,52.094933]},"properties":{"type":"charge","layer":"passenger","locationId":"23134bfe-0fe3-42b7-9b24-c87ad872c1a8","name":"TNLP007408 - Zeister Eng 54, Zeist","address":"54 Zeister Eng","city":"Zeist","operatorName":"TotalEnergies","maxPowerKw":17,"isMegawatt":false,"status":"CHARGING","source":"ndw"}},{"type":"Feature","geometry":{"type":"Point","coordinates":[5.2567805,52.108241]},"properties":{"type":"charge","layer":"passenger","locationId":"1115","name":"Shell Recharge NL Prins Alexanderweg 80","address":"Prins Alexanderweg 80","city":"Huis ter Heide","operatorName":"Ubitricity","maxPowerKw":22,"isMegawatt":false,"status":"AVAILABLE","source":"ndw","priceKwh":0.266}},{"type":"Feature","geometry":{"type":"Point","coordinates":[5.240166,52.088206]},"properties":{"type":"charge","layer":"passenger","locationId":"f288ade267d1cc00fa863db58f07b62e","name":"Rozenstraat 1","address":"Rozenstraat 1","city":"Zeist","operatorName":"Vattenfall InCharge","maxPowerKw":11,"isMegawatt":false,"status":"CHARGING","source":"ndw"}},{"type":"Feature","geometry":{"type":"Point","coordinates":[5.225201,52.101202]},"properties":{"type":"charge","layer":"passenger","locationId":"6fbd2cde-1cb1-4cb0-b43b-2e8b91909b17","name":"TNLP015299","address":"Laan van Vollenhove 2251","city":"Zeist","operatorName":"TotalEnergies","maxPowerKw":17,"isMegawatt":false,"status":"CHARGING","source":"ndw"}},{"type":"Feature","geometry":{"type":"Point","coordinates":[5.213695,52.087645]},"properties":{"type":"charge","layer":"passenger","locationId":"c313ae93-301b-4712-ba8a-5d87a35e8dad","name":"TNLP015177","address":"Kwikstaartlaan 1","city":"Zeist","operatorName":"TotalEnergies","maxPowerKw":17,"isMegawatt":false,"status":"AVAILABLE","source":"ndw"}},{"type":"Feature","geometry":{"type":"Point","coordinates":[5.24581,52.07737]},"properties":{"type":"charge","layer":"passenger","locationId":"1a3e6b9f-5f1b-4f6e-8971-5c99b784b1d9","name":"TNLP003578 - Molenweg 9, Zeist","address":"9 Molenweg","city":"Zeist","operatorName":"TotalEnergies","maxPowerKw":17,"isMegawatt":false,"status":"AVAILABLE","source":"ndw"}},{"type":"Feature","geometry":{"type":"Point","coordinates":[5.221644,52.08554]},"properties":{"type":"charge","layer":"passenger","locationId":"ed023f8d-35c3-4db3-bcbf-e6eb4dd9696e","name":"TNLP008316 - Nijenheim 3353, Zeist","address":"3353 Nijenheim","city":"Zeist","operatorName":"TotalEnergies","maxPowerKw":13,"isMegawatt":false,"status":"AVAILABLE","source":"ndw"}},{"type":"Feature","geometry":{"type":"Point","coordinates":[5.2461639,52.0875494]},"properties":{"type":"charge","layer":"passenger","locationId":"1155","name":"Shell Recharge NL Slotlaan 249","address":"Slotlaan 249","city":"Zeist","operatorName":"Ubitricity","maxPowerKw":22,"isMegawatt":false,"status":"AVAILABLE","source":"ndw","priceKwh":0.266}},{"type":"Feature","geometry":{"type":"Point","coordinates":[5.253925,52.08756]},"properties":{"type":"charge","layer":"passenger","locationId":"c8283ae7-b208-4ec7-8290-43ef81f0e33c","name":"TNLP006957 - Boschlust 10, Zeist","address":"10 Boschlust","city":"Zeist","operatorName":"TotalEnergies","maxPowerKw":17,"isMegawatt":false,"status":"AVAILABLE","source":"ndw"}},{"type":"Feature","geometry":{"type":"Point","coordinates":[5.222896,52.088337]},"properties":{"type":"charge","layer":"passenger","locationId":"e91db68c-99fd-4fd6-8eb3-20a4f0b4bdbf","name":"TNLP007559 - Nijenheim 1231, Zeist","address":"1231 Nijenheim","city":"Zeist","operatorName":"TotalEnergies","maxPowerKw":17,"isMegawatt":false,"status":"AVAILABLE","source":"ndw"}},{"type":"Feature","geometry":{"type":"Point","coordinates":[5.214887,52.096309]},"properties":{"type":"charge","layer":"passenger","locationId":"3966842","name":"Laadnet Deldensweg 12","address":"Van Deldensweg 12","city":"Hattem","operatorName":"Laadnet","maxPowerKw":11,"isMegawatt":false,"status":"UNAVAILABLE","source":"ndw"}},{"type":"Feature","geometry":{"type":"Point","coordinates":[5.24925,52.09403]},"properties":{"type":"charge","layer":"passenger","locationId":"427","name":"Shell Recharge NL Dalweg 23","address":"Dalweg 23","city":"Zeist","operatorName":"Ubitricity","maxPowerKw":11,"isMegawatt":false,"status":"AVAILABLE","source":"ndw","priceKwh":0.388}},{"type":"Feature","geometry":{"type":"Point","coordinates":[5.215016,52.080314]},"properties":{"type":"charge","layer":"passenger","locationId":"71362313-a57e-40b5-a43c-0020561da9b1","name":"TNLP015288","address":"Brugakker 1055","city":"Zeist","operatorName":"TotalEnergies","maxPowerKw":17,"isMegawatt":false,"status":"AVAILABLE","source":"ndw"}},{"type":"Feature","geometry":{"type":"Point","coordinates":[5.219763,52.10132]},"properties":{"type":"charge","layer":"passenger","locationId":"0b308644-c027-4024-a8a2-ac5a1bb56e35","name":"TNLP007627 - Jan Ligthartplein 37, Zeist","address":"37 Jan Ligthartplein","city":"Zeist","operatorName":"TotalEnergies","maxPowerKw":17,"isMegawatt":false,"status":"AVAILABLE","source":"ndw"}},{"type":"Feature","geometry":{"type":"Point","coordinates":[5.278948,52.11495]},"properties":{"type":"charge","layer":"passenger","locationId":"2796b7c8-50d0-4cc3-abca-2f16b9535113","name":"TNLP007628 - Kometenlaan 102, Huis ter Heide","address":"102 Kometenlaan","city":"Huis ter Heide","operatorName":"TotalEnergies","maxPowerKw":17,"isMegawatt":false,"status":"AVAILABLE","source":"ndw"}},{"type":"Feature","geometry":{"type":"Point","coordinates":[5.26393,52.076266]},"properties":{"type":"charge","layer":"passenger","locationId":"3109","name":"E.ON Drive Public - NL AH, Prinses Marijkelaan 9200, Zeist","address":"Prinses Marijkelaan 9200","city":"Zeist","operatorName":"E.ON Drive","maxPowerKw":50,"isMegawatt":false,"status":"AVAILABLE","source":"ndw","priceKwh":0.5372}},{"type":"Feature","geometry":{"type":"Point","coordinates":[5.318778,52.079193]},"properties":{"type":"charge","layer":"passenger","locationId":"b88966cd-39b9-47d9-b3a6-cefa98a37f8f","name":"PP005484 - Rutger Loenenweg 9, Austerlitz","address":"9 Rutger Loenenweg","city":"Austerlitz","operatorName":"TotalEnergies","maxPowerKw":11,"isMegawatt":false,"status":"CHARGING","source":"ndw"}},{"type":"Feature","geometry":{"type":"Point","coordinates":[5.219004,52.078476]},"properties":{"type":"charge","layer":"passenger","locationId":"fd20599b-0e3b-402d-82d7-0b2dcfa26075","name":"TNLP006889 - Couwenhoven 4504, Zeist","address":"4504 Couwenhoven","city":"Zeist","operatorName":"TotalEnergies","maxPowerKw":17,"isMegawatt":false,"status":"AVAILABLE","source":"ndw"}},{"type":"Feature","geometry":{"type":"Point","coordinates":[5.227021,52.084194]},"properties":{"type":"charge","layer":"passenger","locationId":"d4a4ecc4-3977-484a-b4fc-89bb69405c80","name":"TNLP007493 - De Brink 40, Zeist","address":"40 De Brink","city":"Zeist","operatorName":"TotalEnergies","maxPowerKw":17,"isMegawatt":false,"status":"AVAILABLE","source":"ndw"}},{"type":"Feature","geometry":{"type":"Point","coordinates":[5.218153,52.082684]},"properties":{"type":"charge","layer":"passenger","locationId":"eeed1522-87fc-459c-9721-0d54c6566b16","name":"TNLP006532 - De Clomp 2001, Zeist","address":"2001 De Clomp","city":"Zeist","operatorName":"TotalEnergies","maxPowerKw":17,"isMegawatt":false,"status":"AVAILABLE","source":"ndw"}},{"type":"Feature","geometry":{"type":"Point","coordinates":[5.26281,52.0747]},"properties":{"type":"charge","layer":"passenger","locationId":"194","name":"Shell Recharge NL Prinses Marijkelaan 46","address":"Prinses Marijkelaan 46","city":"Zeist","operatorName":"Ubitricity","maxPowerKw":11,"isMegawatt":false,"status":"AVAILABLE","source":"ndw","priceKwh":0.388}},{"type":"Feature","geometry":{"type":"Point","coordinates":[5.21682,52.09997]},"properties":{"type":"charge","layer":"passenger","locationId":"ba9102bc328041dc30f499578fb063aa","name":"Chopinlaan 89","address":"Chopinlaan 89","city":"Zeist","operatorName":"Vattenfall InCharge","maxPowerKw":11,"isMegawatt":false,"status":"CHARGING","source":"ndw"}},{"type":"Feature","geometry":{"type":"Point","coordinates":[5.317851,52.08029]},"properties":{"type":"charge","layer":"passenger","locationId":"7d2fff5e-a9e7-40e0-8861-c0142c6a762e","name":"TNLP009033 - Rutger Loenenweg 61, Austerlitz","address":"61 Rutger Loenenweg","city":"Austerlitz","operatorName":"TotalEnergies","maxPowerKw":17,"isMegawatt":false,"status":"AVAILABLE","source":"ndw"}},{"type":"Feature","geometry":{"type":"Point","coordinates":[5.21512,52.09919]},"properties":{"type":"charge","layer":"passenger","locationId":"263","name":"Shell Recharge NL Schubertlaan 2","address":"Schubertlaan 2","city":"Zeist","operatorName":"Ubitricity","maxPowerKw":11,"isMegawatt":false,"status":"AVAILABLE","source":"ndw","priceKwh":0.388}},{"type":"Feature","geometry":{"type":"Point","coordinates":[5.23446,52.08319]},"properties":{"type":"charge","layer":"passenger","locationId":"6a22416aca39bb9cf2954d06ff515bce","name":"Kersbergenlaan 14","address":"Kersbergenlaan 14","city":"Zeist","operatorName":"Vattenfall InCharge","maxPowerKw":11,"isMegawatt":false,"status":"AVAILABLE","source":"ndw"}},{"type":"Feature","geometry":{"type":"Point","coordinates":[5.316039,52.077322]},"properties":{"type":"charge","layer":"passenger","locationId":"5f303cbf-a5cc-499e-8456-f7a9d468020d","name":"TNLP015274","address":"Marmontweg 60","city":"Austerlitz","operatorName":"TotalEnergies","maxPowerKw":17,"isMegawatt":false,"status":"AVAILABLE","source":"ndw"}},{"type":"Feature","geometry":{"type":"Point","coordinates":[5.231798,52.141884]},"properties":{"type":"charge","layer":"passenger","locationId":"732572f0-004b-4feb-8a3b-adb49a8651b9","name":"TNLP007119 - Schroeder van der Kolklaan 36, Den Dolder","address":"36 Schroeder van der Kolklaan","city":"Den Dolder","operatorName":"TotalEnergies","maxPowerKw":17,"isMegawatt":false,"status":"AVAILABLE","source":"ndw"}},{"type":"Feature","geometry":{"type":"Point","coordinates":[5.214846,52.08924]},"properties":{"type":"charge","layer":"passenger","locationId":"14dd4e2c-1488-46ae-a5ab-91ecb696a656","name":"TNLP006819 - Noordweg 72, Zeist","address":"72 Noordweg","city":"Zeist","operatorName":"TotalEnergies","maxPowerKw":17,"isMegawatt":false,"status":"AVAILABLE","source":"ndw"}},{"type":"Feature","geometry":{"type":"Point","coordinates":[5.21803,52.082661]},"properties":{"type":"charge","layer":"passenger","locationId":"7d6e95f6cdafdbf9c15e0855a49187ad","name":"De Clomp 2013","address":"De Clomp 2013","city":"Zeist","operatorName":"Vattenfall InCharge","maxPowerKw":11,"isMegawatt":false,"status":"AVAILABLE","source":"ndw"}},{"type":"Feature","geometry":{"type":"Point","coordinates":[5.262316,52.072285]},"properties":{"type":"charge","layer":"passenger","locationId":"e09f72d0-349d-472e-8718-14cc667c3042","name":"PP005161 - Anna Paulownalaan 116, Zeist","address":"116 Anna Paulownalaan","city":"Zeist","operatorName":"TotalEnergies","maxPowerKw":11,"isMegawatt":false,"status":"AVAILABLE","source":"ndw"}},{"type":"Feature","geometry":{"type":"Point","coordinates":[5.210176,52.083942]},"properties":{"type":"charge","layer":"passenger","locationId":"ffb28cd9-7a09-4262-a8e9-9b776fb7efb1","name":"TNLP007499 - Brugakker 5501, Zeist","address":"5501 Brugakker","city":"Zeist","operatorName":"TotalEnergies","maxPowerKw":17,"isMegawatt":false,"status":"AVAILABLE","source":"ndw"}},{"type":"Feature","geometry":{"type":"Point","coordinates":[5.212966,52.08116]},"properties":{"type":"charge","layer":"passenger","locationId":"da7eb8e9-56ae-4b19-8a28-b93357fab2c0","name":"TNLP006068 - Brugakker 1226, Zeist","address":"1226 Brugakker","city":"Zeist","operatorName":"TotalEnergies","maxPowerKw":17,"isMegawatt":false,"status":"AVAILABLE","source":"ndw"}},{"type":"Feature","geometry":{"type":"Point","coordinates":[5.275817,52.111736]},"properties":{"type":"charge","layer":"passenger","locationId":"0cae911f-b73a-4c5c-a677-3c4c32be3b76","name":"TNLP009526 - Planetenlaan 91, Huis ter Heide","address":"91 Planetenlaan","city":"Huis ter Heide","operatorName":"TotalEnergies","maxPowerKw":17,"isMegawatt":false,"status":"AVAILABLE","source":"ndw"}},{"type":"Feature","geometry":{"type":"Point","coordinates":[5.241836,52.08716]},"properties":{"type":"charge","layer":"passenger","locationId":"ed2e099d-7b83-4446-8064-66d045f32b0b","name":"Laadplein - PP005164 - Weeshuislaan 30, Zeist","address":"30 Weeshuislaan","city":"Zeist","operatorName":"TotalEnergies","maxPowerKw":15,"isMegawatt":false,"status":"AVAILABLE","source":"ndw"}},{"type":"Feature","geometry":{"type":"Point","coordinates":[5.24407,52.09596]},"properties":{"type":"charge","layer":"passenger","locationId":"458","name":"Shell Recharge NL Bergweg 100","address":"Bergweg 100","city":"Zeist","operatorName":"Ubitricity","maxPowerKw":11,"isMegawatt":false,"status":"AVAILABLE","source":"ndw","priceKwh":0.388}},{"type":"Feature","geometry":{"type":"Point","coordinates":[5.26805,52.07629]},"properties":{"type":"charge","layer":"passenger","locationId":"b87f833c-adf3-446f-96d6-6b0ff57de1d2","name":"PP001574 - Prinses Arianelaan 54, Zeist","address":"54 Prinses Arianelaan","city":"Zeist","operatorName":"TotalEnergies","maxPowerKw":11,"isMegawatt":false,"status":"CHARGING","source":"ndw"}},{"type":"Feature","geometry":{"type":"Point","coordinates":[5.232561,52.087494]},"properties":{"type":"charge","layer":"passenger","locationId":"03f0cd5e-e91e-4c74-b1c7-df73232fe0e5","name":"TNLP007226 - Bloemenheuvellaan 1, Zeist","address":"1 Bloemenheuvellaan","city":"Zeist","operatorName":"TotalEnergies","maxPowerKw":17,"isMegawatt":false,"status":"AVAILABLE","source":"ndw"}},{"type":"Feature","geometry":{"type":"Point","coordinates":[5.22779,52.08709]},"properties":{"type":"charge","layer":"passenger","locationId":"65ea0a21-9af9-4947-8027-abfb45f1ef2e","name":"PP001177 - Kroostweg 7, Zeist","address":"7 Kroostweg","city":"Zeist","operatorName":"TotalEnergies","maxPowerKw":11,"isMegawatt":false,"status":"AVAILABLE","source":"ndw"}},{"type":"Feature","geometry":{"type":"Point","coordinates":[5.2490466,52.1019744]},"properties":{"type":"charge","layer":"passenger","locationId":"2426","name":"Shell Recharge NL Johan C. Meijerlaan 8","address":"Johan C. Meijerlaan 8","city":"Zeist","operatorName":"Ubitricity","maxPowerKw":22,"isMegawatt":false,"status":"AVAILABLE","source":"ndw","priceKwh":0.266}},{"type":"Feature","geometry":{"type":"Point","coordinates":[5.247776,52.100065]},"properties":{"type":"charge","layer":"passenger","locationId":"6dbb671d-7b8e-4839-afa0-f96d5c0d9d72","name":"TNLP015291","address":"Javalaan 61","city":"Zeist","operatorName":"TotalEnergies","maxPowerKw":17,"isMegawatt":false,"status":"AVAILABLE","source":"ndw"}},{"type":"Feature","geometry":{"type":"Point","coordinates":[5.255536,52.103535]},"properties":{"type":"charge","layer":"passenger","locationId":"5FC230C2-CAD9-4EC8-B417-F6E10D029B38","name":"Eneco eMobility Transdev - Zeist","address":"Huis ter Heideweg 8","city":"Zeist","operatorName":"Eneco","maxPowerKw":22,"isMegawatt":false,"status":"AVAILABLE","source":"ndw","priceKwh":0.32}},{"type":"Feature","geometry":{"type":"Point","coordinates":[5.23775,52.089214]},"properties":{"type":"charge","layer":"passenger","locationId":"b96af079-c317-483f-97e7-afda284257b1","name":"TNLP008258 - Rozenstraat 21, Zeist","address":"21 Rozenstraat","city":"Zeist","operatorName":"TotalEnergies","maxPowerKw":17,"isMegawatt":false,"status":"UNAVAILABLE","source":"ndw"}},{"type":"Feature","geometry":{"type":"Point","coordinates":[5.23674,52.09305]},"properties":{"type":"charge","layer":"passenger","locationId":"59756fbf-0188-41bd-bc76-b52b7c6be598","name":"PP001812 - Jacob van Lennepplein 11, Zeist","address":"11 Jacob van Lennepplein","city":"Zeist","operatorName":"TotalEnergies","maxPowerKw":11,"isMegawatt":false,"status":"CHARGING","source":"ndw"}},{"type":"Feature","geometry":{"type":"Point","coordinates":[5.245233,52.083992]},"properties":{"type":"charge","layer":"passenger","locationId":"2feb2c34-e162-47fd-b95e-040653581444","name":"PP005437 - Timmermanlaan 2, Zeist","address":"2 Timmermanlaan","city":"Zeist","operatorName":"TotalEnergies","maxPowerKw":11,"isMegawatt":false,"status":"AVAILABLE","source":"ndw"}},{"type":"Feature","geometry":{"type":"Point","coordinates":[5.213227,52.098103]},"properties":{"type":"charge","layer":"passenger","locationId":"343a0153-81ab-4c0a-be2d-f6b6439a81c3","name":"TNLP007269 - Utrechtseweg 9, Zeist","address":"9 Utrechtseweg","city":"Zeist","operatorName":"TotalEnergies","maxPowerKw":17,"isMegawatt":false,"status":"CHARGING","source":"ndw"}},{"type":"Feature","geometry":{"type":"Point","coordinates":[5.242025,52.14123]},"properties":{"type":"charge","layer":"passenger","locationId":"366eeb3f-c8f1-4627-b202-0c36feaa7529","name":"TNLP008256 - Duivenhorst 60, Den Dolder","address":"60 Duivenhorst","city":"Den Dolder","operatorName":"TotalEnergies","maxPowerKw":17,"isMegawatt":false,"status":"AVAILABLE","source":"ndw"}},{"type":"Feature","geometry":{"type":"Point","coordinates":[5.235251,52.124885]},"properties":{"type":"charge","layer":"passenger","locationId":"3750504","name":"Laadnet Sandstep","address":"Biltseweg 14","city":"Bosch en Duin","operatorName":"Laadnet","maxPowerKw":22,"isMegawatt":false,"status":"AVAILABLE","source":"ndw"}},{"type":"Feature","geometry":{"type":"Point","coordinates":[5.215559,52.0875]},"properties":{"type":"charge","layer":"passenger","locationId":"8d96e9f6-252d-4cb9-a1b8-975ff42252a7","name":"PP005167 - Roerdomplaan 31, Zeist","address":"31 Roerdomplaan","city":"Zeist","operatorName":"TotalEnergies","maxPowerKw":11,"isMegawatt":false,"status":"AVAILABLE","source":"ndw"}},{"type":"Feature","geometry":{"type":"Point","coordinates":[5.314386,52.079082]},"properties":{"type":"charge","layer":"passenger","locationId":"b0a415e6-506c-4b06-b368-7e303edb79f3","name":"TNLP015367 - Dorpsplein 1, Austerlitz","address":"1 Dorpsplein","city":"Austerlitz","operatorName":"TotalEnergies","maxPowerKw":17,"isMegawatt":false,"status":"AVAILABLE","source":"ndw"}},{"type":"Feature","geometry":{"type":"Point","coordinates":[5.241122,52.096622]},"properties":{"type":"charge","layer":"passenger","locationId":"c98fab4b-c68f-4565-ac27-8098d6197f9d","name":"TNLP006077 - Van der Heijdenlaan 59, Zeist","address":"59 Van der Heijdenlaan","city":"Zeist","operatorName":"TotalEnergies","maxPowerKw":17,"isMegawatt":false,"status":"CHARGING","source":"ndw"}},{"type":"Feature","geometry":{"type":"Point","coordinates":[5.222281,52.07992]},"properties":{"type":"charge","layer":"passenger","locationId":"539df6ce-7ace-40d2-836b-3e9164350edb","name":"TNLP007536 - Couwenhoven 3320, Zeist","address":"3320 Couwenhoven","city":"Zeist","operatorName":"TotalEnergies","maxPowerKw":17,"isMegawatt":false,"status":"AVAILABLE","source":"ndw"}},{"type":"Feature","geometry":{"type":"Point","coordinates":[5.27111,52.07864]},"properties":{"type":"charge","layer":"passenger","locationId":"93f403cb-47c2-4fe9-9145-954a1e5992b0","name":"PP001578 - Pr. Catharina Amalialaan 120, Zeist","address":"120 Pr. Catharina Amalialaan","city":"Zeist","operatorName":"TotalEnergies","maxPowerKw":11,"isMegawatt":false,"status":"AVAILABLE","source":"ndw"}},{"type":"Feature","geometry":{"type":"Point","coordinates":[5.250643,52.12008]},"properties":{"type":"charge","layer":"passenger","locationId":"cf8b3e9a-1b16-4a33-aef3-6f8421883eea","name":"TNLP006901 - Ruysdaellaan 30, Huis ter Heide","address":"30 Ruysdaellaan","city":"Huis ter Heide","operatorName":"TotalEnergies","maxPowerKw":17,"isMegawatt":false,"status":"CHARGING","source":"ndw"}},{"type":"Feature","geometry":{"type":"Point","coordinates":[5.317002,52.078537]},"properties":{"type":"charge","layer":"passenger","locationId":"bb05b051-a26f-4f8c-beb0-2436905f3600","name":"TNLP007083 - Johannes Stoopweg 1, Austerlitz","address":"1 Johannes Stoopweg","city":"Austerlitz","operatorName":"TotalEnergies","maxPowerKw":17,"isMegawatt":false,"status":"AVAILABLE","source":"ndw"}},{"type":"Feature","geometry":{"type":"Point","coordinates":[5.313467,52.079845]},"properties":{"type":"charge","layer":"passenger","locationId":"b99b86f8-767c-4134-9bbc-2224449593d6","name":"TNLP006293 - Gramserweg 44, Austerlitz","address":"44 Gramserweg","city":"Austerlitz","operatorName":"TotalEnergies","maxPowerKw":17,"isMegawatt":false,"status":"AVAILABLE","source":"ndw"}},{"type":"Feature","geometry":{"type":"Point","coordinates":[5.21925,52.08885]},"properties":{"type":"charge","layer":"passenger","locationId":"1547","name":"Shell Recharge NL Koppelweg 14","address":"Koppelweg 14","city":"Zeist","operatorName":"Ubitricity","maxPowerKw":11,"isMegawatt":false,"status":"AVAILABLE","source":"ndw","priceKwh":0.388}},{"type":"Feature","geometry":{"type":"Point","coordinates":[5.24415,52.08759]},"properties":{"type":"charge","layer":"passenger","locationId":"b7689c4a-d279-466c-9620-b2ce2e321cd3","name":"PP005472 - Middellaan 12, Zeist","address":"12 Middellaan","city":"Zeist","operatorName":"TotalEnergies","maxPowerKw":11,"isMegawatt":false,"status":"AVAILABLE","source":"ndw"}},{"type":"Feature","geometry":{"type":"Point","coordinates":[5.26379,52.07591]},"properties":{"type":"charge","layer":"passenger","locationId":"1503","name":"Shell Recharge NL Graaf Adolflaan 1","address":"Graaf Adolflaan 1","city":"Zeist","operatorName":"Ubitricity","maxPowerKw":11,"isMegawatt":false,"status":"AVAILABLE","source":"ndw","priceKwh":0.388}},{"type":"Feature","geometry":{"type":"Point","coordinates":[5.2672084,52.0752999]},"properties":{"type":"charge","layer":"passenger","locationId":"1340","name":"Shell Recharge NL Prinses Alexialaan 81","address":"Prinses Alexialaan 81","city":"Zeist","operatorName":"Ubitricity","maxPowerKw":22,"isMegawatt":false,"status":"AVAILABLE","source":"ndw","priceKwh":0.266}},{"type":"Feature","geometry":{"type":"Point","coordinates":[5.25969,52.097972]},"properties":{"type":"charge","layer":"passenger","locationId":"88bd1831af8136bea480bacdf287ad3c","name":"Socrateslaan 26","address":"Socrateslaan 26","city":"Zeist","operatorName":"Vattenfall InCharge","maxPowerKw":11,"isMegawatt":false,"status":"AVAILABLE","source":"ndw"}},{"type":"Feature","geometry":{"type":"Point","coordinates":[5.249798,52.091408]},"properties":{"type":"charge","layer":"passenger","locationId":"b48e981c-3169-4c08-bfc8-a29781464d91","name":"TNLP008289 - Gandhilaan 20, Zeist","address":"20 Gandhilaan","city":"Zeist","operatorName":"TotalEnergies","maxPowerKw":13,"isMegawatt":false,"status":"AVAILABLE","source":"ndw"}},{"type":"Feature","geometry":{"type":"Point","coordinates":[5.23532,52.09141]},"properties":{"type":"charge","layer":"passenger","locationId":"1580","name":"Shell Recharge NL Mr. H. Marsmanstraat 74","address":"Mr. H. Marsmanstraat 74","city":"Zeist","operatorName":"Ubitricity","maxPowerKw":11,"isMegawatt":false,"status":"CHARGING","source":"ndw","priceKwh":0.388}},{"type":"Feature","geometry":{"type":"Point","coordinates":[5.21949,52.08686]},"properties":{"type":"charge","layer":"passenger","locationId":"0189d9e4-4115-4bda-a19b-f7f34c836de0","name":"PP005378 - Nijenheim 5129, Zeist","address":"5129 Nijenheim","city":"Zeist","operatorName":"TotalEnergies","maxPowerKw":11,"isMegawatt":false,"status":"AVAILABLE","source":"ndw"}},{"type":"Feature","geometry":{"type":"Point","coordinates":[5.216382,52.093647]},"properties":{"type":"charge","layer":"passenger","locationId":"676dbc9c-ecb1-4eea-b1d3-0b4213087b41","name":"TNLP008297 - Crosestein 4414, Zeist","address":"4414 Crosestein","city":"Zeist","operatorName":"TotalEnergies","maxPowerKw":13,"isMegawatt":false,"status":"AVAILABLE","source":"ndw"}},{"type":"Feature","geometry":{"type":"Point","coordinates":[5.25697,52.10298]},"properties":{"type":"charge","layer":"passenger","locationId":"32A664D4-420A-40BC-A01A-3C2BAB9404EE","name":"Eneco eMobility Huis ter Heideweg 16, Zeist","address":"Huis ter Heideweg 16","city":"Zeist","operatorName":"Eneco","maxPowerKw":22,"isMegawatt":false,"status":"AVAILABLE","source":"ndw","priceKwh":0.32}},{"type":"Feature","geometry":{"type":"Point","coordinates":[5.215607,52.08824]},"properties":{"type":"charge","layer":"passenger","locationId":"c889f9ac-0e9d-42c4-9277-1f50f2823c22","name":"TNLP008464 - Kievitlaan 25, Zeist","address":"25 Kievitlaan","city":"Zeist","operatorName":"TotalEnergies","maxPowerKw":13,"isMegawatt":false,"status":"AVAILABLE","source":"ndw"}},{"type":"Feature","geometry":{"type":"Point","coordinates":[5.244681,52.100203]},"properties":{"type":"charge","layer":"passenger","locationId":"97cf964409f1a2983342053c5cc69c41","name":"Nepveulaan 53","address":"Nepveulaan 53","city":"Zeist","operatorName":"Vattenfall InCharge","maxPowerKw":11,"isMegawatt":false,"status":"AVAILABLE","source":"ndw"}},{"type":"Feature","geometry":{"type":"Point","coordinates":[5.228971,52.10269]},"properties":{"type":"charge","layer":"passenger","locationId":"0c4eeee3-5f0d-4c2b-934a-72cfa2793b45","name":"PP005173 - Laan van Vollenhove 1935, Zeist","address":"1935 Laan van Vollenhove","city":"Zeist","operatorName":"TotalEnergies","maxPowerKw":13,"isMegawatt":false,"status":"CHARGING","source":"ndw"}},{"type":"Feature","geometry":{"type":"Point","coordinates":[5.211423,52.08182]},"properties":{"type":"charge","layer":"passenger","locationId":"079b6b6a-5454-4496-9cee-660b816d78d0","name":"TNLP034137","address":"Brugakker 1602","city":"Zeist","operatorName":"TotalEnergies","maxPowerKw":14,"isMegawatt":false,"status":"AVAILABLE","source":"ndw"}},{"type":"Feature","geometry":{"type":"Point","coordinates":[5.231551,52.10225]},"properties":{"type":"charge","layer":"passenger","locationId":"02c60c13-9b84-499c-af0d-ec1be5441a3f","name":"TNLP007123 - Laan van Vollenhove 1275, Zeist","address":"1275 Laan van Vollenhove","city":"Zeist","operatorName":"TotalEnergies","maxPowerKw":17,"isMegawatt":false,"status":"CHARGING","source":"ndw"}},{"type":"Feature","geometry":{"type":"Point","coordinates":[5.278594,52.11247]},"properties":{"type":"charge","layer":"passenger","locationId":"90d2183a-75b3-4b7a-9f2d-daf18c748fbd","name":"TNLP006917 - Dierenriem 12, Huis ter Heide","address":"12 Dierenriem","city":"Huis ter Heide","operatorName":"TotalEnergies","maxPowerKw":17,"isMegawatt":false,"status":"AVAILABLE","source":"ndw"}},{"type":"Feature","geometry":{"type":"Point","coordinates":[5.256505,52.112578]},"properties":{"type":"charge","layer":"passenger","locationId":"922736","name":"Kerkgenootschap der Zevende Dags Adventisten","address":"Amersfoortseweg 18","city":"Huis ter Heide","operatorName":"DAEN Mobility","maxPowerKw":11,"isMegawatt":false,"status":"AVAILABLE","source":"ndw","priceKwh":0.45}},{"type":"Feature","geometry":{"type":"Point","coordinates":[5.2288,52.08122]},"properties":{"type":"charge","layer":"passenger","locationId":"101","name":"Shell Recharge NL Van Renesselaan 86","address":"Van Renesselaan 86","city":"Zeist","operatorName":"Ubitricity","maxPowerKw":11,"isMegawatt":false,"status":"CHARGING","source":"ndw","priceKwh":0.388}},{"type":"Feature","geometry":{"type":"Point","coordinates":[5.2745,52.11244]},"properties":{"type":"charge","layer":"passenger","locationId":"c19339f6-3cfd-4a3d-a78f-7df7390cfb36","name":"PP001816 - Neptunushof 2, Huis ter Heide","address":"2 Neptunushof","city":"Huis ter Heide","operatorName":"TotalEnergies","maxPowerKw":11,"isMegawatt":false,"status":"AVAILABLE","source":"ndw"}},{"type":"Feature","geometry":{"type":"Point","coordinates":[5.24994,52.08722]},"properties":{"type":"charge","layer":"passenger","locationId":"dccb4e5a-eb59-486f-a479-dbe09f834acc","name":"PP001780 - Prins Hendriklaan 19b, Zeist","address":"19b Prins Hendriklaan","city":"Zeist","operatorName":"TotalEnergies","maxPowerKw":11,"isMegawatt":false,"status":"AVAILABLE","source":"ndw"}},{"type":"Feature","geometry":{"type":"Point","coordinates":[5.24084,52.08965]},"properties":{"type":"charge","layer":"passenger","locationId":"1e3066e3-b5b1-4518-940b-254fdb06d54c","name":"PP001494 - Bergweg 1, Zeist","address":"1 Bergweg","city":"Zeist","operatorName":"TotalEnergies","maxPowerKw":11,"isMegawatt":false,"status":"AVAILABLE","source":"ndw"}},{"type":"Feature","geometry":{"type":"Point","coordinates":[5.228374,52.094399]},"properties":{"type":"charge","layer":"passenger","locationId":"c4731c565b804f7f9f5b86f9001aeaea","name":"Oude Arnhemseweg 254","address":"Oude Arnhemseweg 254","city":"Zeist","operatorName":"Vattenfall InCharge","maxPowerKw":11,"isMegawatt":false,"status":"AVAILABLE","source":"ndw"}},{"type":"Feature","geometry":{"type":"Point","coordinates":[5.244844,52.090466]},"properties":{"type":"charge","layer":"passenger","locationId":"39746072-1f10-4d6c-818e-3c4c4d9da3f5","name":"TNLP008331 - Steynlaan 51, Zeist","address":"51 Steynlaan","city":"Zeist","operatorName":"TotalEnergies","maxPowerKw":13,"isMegawatt":false,"status":"AVAILABLE","source":"ndw"}},{"type":"Feature","geometry":{"type":"Point","coordinates":[5.2606,52.10915]},"properties":{"type":"charge","layer":"passenger","locationId":"AD218A3C-C687-4504-ADFF-46502B2C5592","name":"Eneco eMobility Broekhuis Volvo Ford Autoschade Zeist","address":"Blanckenhagenweg 4-6","city":"Zeist","operatorName":"Eneco","maxPowerKw":22,"isMegawatt":false,"status":"UNAVAILABLE","source":"ndw","priceKwh":0.45}},{"type":"Feature","geometry":{"type":"Point","coordinates":[5.222524,52.095375]},"properties":{"type":"charge","layer":"passenger","locationId":"0935544a-2046-419d-b3f6-22e28cdc4a03","name":"TNLP009428 - Roggeakker 89, Zeist","address":"89 Roggeakker","city":"Zeist","operatorName":"TotalEnergies","maxPowerKw":17,"isMegawatt":false,"status":"AVAILABLE","source":"ndw"}},{"type":"Feature","geometry":{"type":"Point","coordinates":[5.24658,52.08886]},"properties":{"type":"charge","layer":"passenger","locationId":"06e341e4-c89c-4075-819d-f3053a1bcdd7","name":"PP001706 - Antonlaan 143, Zeist","address":"143 Antonlaan","city":"Zeist","operatorName":"TotalEnergies","maxPowerKw":11,"isMegawatt":false,"status":"AVAILABLE","source":"ndw"}},{"type":"Feature","geometry":{"type":"Point","coordinates":[5.2440487,52.1025734]},"properties":{"type":"charge","layer":"passenger","locationId":"1041","name":"Shell Recharge NL Vrijheidsplein 25","address":"Vrijheidsplein 25","city":"Zeist","operatorName":"Ubitricity","maxPowerKw":22,"isMegawatt":false,"status":"AVAILABLE","source":"ndw","priceKwh":0.266}},{"type":"Feature","geometry":{"type":"Point","coordinates":[5.2379998,52.094015]},"properties":{"type":"charge","layer":"passenger","locationId":"2626","name":"Shell Recharge NL Jacob van Lennepplein 5","address":"Jacob van Lennepplein 5","city":"Zeist","operatorName":"Ubitricity","maxPowerKw":22,"isMegawatt":false,"status":"CHARGING","source":"ndw","priceKwh":0.266}},{"type":"Feature","geometry":{"type":"Point","coordinates":[5.221214,52.09459]},"properties":{"type":"charge","layer":"passenger","locationId":"0618d0cc-af0a-436e-bf1b-43f6f9395ecb","name":"TNLP008397 - Roggeakker 39, Zeist","address":"39 Roggeakker","city":"Zeist","operatorName":"TotalEnergies","maxPowerKw":13,"isMegawatt":false,"status":"AVAILABLE","source":"ndw"}},{"type":"Feature","geometry":{"type":"Point","coordinates":[5.248858,52.085538]},"properties":{"type":"charge","layer":"passenger","locationId":"d5b0f73d-c95c-4464-8ec2-ac73b8f697d8","name":"TNLP034542","address":"Huydecoperweg 27","city":"Zeist","operatorName":"TotalEnergies","maxPowerKw":14,"isMegawatt":false,"status":"AVAILABLE","source":"ndw"}},{"type":"Feature","geometry":{"type":"Point","coordinates":[5.236941,52.137615]},"properties":{"type":"charge","layer":"passenger","locationId":"25d26121-070a-48ae-99c8-4a580eaab2b6","name":"TNLP006185 - Dassenlaan 10, Den Dolder","address":"10 Dassenlaan","city":"Den Dolder","operatorName":"TotalEnergies","maxPowerKw":13,"isMegawatt":false,"status":"AVAILABLE","source":"ndw"}},{"type":"Feature","geometry":{"type":"Point","coordinates":[5.248248,52.089815]},"properties":{"type":"charge","layer":"passenger","locationId":"4507d6145f036c219d207f8c63a8538c","name":"Antonlaan 203","address":"Antonlaan 203","city":"Zeist","operatorName":"Vattenfall InCharge","maxPowerKw":11,"isMegawatt":false,"status":"AVAILABLE","source":"ndw"}},{"type":"Feature","geometry":{"type":"Point","coordinates":[5.266,52.07729]},"properties":{"type":"charge","layer":"passenger","locationId":"650d0408-cc82-491a-afa3-9b9ccce97a8a","name":"PP001575 - Hoog Kanje 272, Zeist","address":"272 Hoog Kanje","city":"Zeist","operatorName":"TotalEnergies","maxPowerKw":11,"isMegawatt":false,"status":"AVAILABLE","source":"ndw"}},{"type":"Feature","geometry":{"type":"Point","coordinates":[5.23271,52.13852]},"properties":{"type":"charge","layer":"passenger","locationId":"8af43024-66ef-41f9-a8e2-35e4554cbc9a","name":"PP004105 - Willem Arntszlaan 115, Den Dolder","address":"115 Willem Arntszlaan","city":"Den Dolder","operatorName":"TotalEnergies","maxPowerKw":11,"isMegawatt":false,"status":"AVAILABLE","source":"ndw"}},{"type":"Feature","geometry":{"type":"Point","coordinates":[5.24267,52.08887]},"properties":{"type":"charge","layer":"passenger","locationId":"e612203e-a213-44ee-9bbd-9bb268c6ac22","name":"PP005439 - Jagerlaan 53, Zeist","address":"53 Jagerlaan","city":"Zeist","operatorName":"TotalEnergies","maxPowerKw":11,"isMegawatt":false,"status":"AVAILABLE","source":"ndw"}},{"type":"Feature","geometry":{"type":"Point","coordinates":[5.230183,52.091095]},"properties":{"type":"charge","layer":"passenger","locationId":"8a068863-236a-486a-8cd1-c8a6c1685b4d","name":"TNLP007869 - P.C. Hooftlaan 1, Zeist","address":"1 P.C. Hooftlaan","city":"Zeist","operatorName":"TotalEnergies","maxPowerKw":17,"isMegawatt":false,"status":"AVAILABLE","source":"ndw"}},{"type":"Feature","geometry":{"type":"Point","coordinates":[5.218162,52.091026]},"properties":{"type":"charge","layer":"passenger","locationId":"db42ed11-6e9f-42bb-8f9c-6f224b0a24b6","name":"TNLP007807 - Crosestein 1501, Zeist","address":"1501 Crosestein","city":"Zeist","operatorName":"TotalEnergies","maxPowerKw":17,"isMegawatt":false,"status":"AVAILABLE","source":"ndw"}},{"type":"Feature","geometry":{"type":"Point","coordinates":[5.219824,52.080944]},"properties":{"type":"charge","layer":"passenger","locationId":"dd73c37a-ef60-4d8a-97e3-1650f7286fc8","name":"TNLP008387 - Couwenhoven 2901, Zeist","address":"2901 Couwenhoven","city":"Zeist","operatorName":"TotalEnergies","maxPowerKw":13,"isMegawatt":false,"status":"AVAILABLE","source":"ndw"}},{"type":"Feature","geometry":{"type":"Point","coordinates":[5.218833,52.085442]},"properties":{"type":"charge","layer":"passenger","locationId":"5f72059d217921253a6521e8826009cb","name":"Nijenheim 9044","address":"Nijenheim 9044","city":"Zeist","operatorName":"Vattenfall InCharge","maxPowerKw":11,"isMegawatt":false,"status":"CHARGING","source":"ndw"}},{"type":"Feature","geometry":{"type":"Point","coordinates":[5.2153,52.09156]},"properties":{"type":"charge","layer":"passenger","locationId":"06893237-650d-4f98-bc6f-0894afdfdc99","name":"PP005351 - Crosestein 3404, Zeist","address":"3404 Crosestein","city":"Zeist","operatorName":"TotalEnergies","maxPowerKw":17,"isMegawatt":false,"status":"AVAILABLE","source":"ndw"}},{"type":"Feature","geometry":{"type":"Point","coordinates":[5.232629,52.138884]},"properties":{"type":"charge","layer":"passenger","locationId":"68df7eb53f4c62a74550f699","name":"Willem Arntszlaan 115","address":"willem artntszlaan 115","city":"Den Dolder","operatorName":"E-Flux by Road","maxPowerKw":22,"isMegawatt":false,"status":"AVAILABLE","source":"ndw","priceKwh":0.45}},{"type":"Feature","geometry":{"type":"Point","coordinates":[5.236732,52.090232]},"properties":{"type":"charge","layer":"passenger","locationId":"1202a87f6baf7e951ed9386bdf708e8f","name":"Meester H. Marsmanstraat 12","address":"Meester H. Marsmanstraat 12","city":"Zeist","operatorName":"Vattenfall InCharge","maxPowerKw":11,"isMegawatt":false,"status":"AVAILABLE","source":"ndw"}},{"type":"Feature","geometry":{"type":"Point","coordinates":[5.27082,52.08088]},"properties":{"type":"charge","layer":"passenger","locationId":"01d37d2a-d073-43b0-a2da-669e2d1acaa6","name":"PP001579 - Prinses Maximalaan 1, Zeist","address":"1 Prinses Maximalaan","city":"Zeist","operatorName":"TotalEnergies","maxPowerKw":11,"isMegawatt":false,"status":"AVAILABLE","source":"ndw"}},{"type":"Feature","geometry":{"type":"Point","coordinates":[5.239145,52.13736]},"properties":{"type":"charge","layer":"passenger","locationId":"fa98e112-7db7-452c-9b9b-331a5118c26a","name":"PP001000 - Hermelijnlaan 16, Den Dolder","address":"16 Hermelijnlaan","city":"Den Dolder","operatorName":"TotalEnergies","maxPowerKw":17,"isMegawatt":false,"status":"CHARGING","source":"ndw"}},{"type":"Feature","geometry":{"type":"Point","coordinates":[5.23951,52.084152]},"properties":{"type":"charge","layer":"passenger","locationId":"fdf27c9e-af8e-41ac-81d5-5783525a31de","name":"TNLP006066 - Kerkweg 9, Zeist","address":"9 Kerkweg","city":"Zeist","operatorName":"TotalEnergies","maxPowerKw":17,"isMegawatt":false,"status":"AVAILABLE","source":"ndw"}},{"type":"Feature","geometry":{"type":"Point","coordinates":[5.2194,52.09903]},"properties":{"type":"charge","layer":"passenger","locationId":"3612e031-6fe1-4bc0-bfdd-259ef9baddff","name":"PP005285 - Chopinlaan 26, Zeist","address":"26 Chopinlaan","city":"Zeist","operatorName":"TotalEnergies","maxPowerKw":11,"isMegawatt":false,"status":"AVAILABLE","source":"ndw"}},{"type":"Feature","geometry":{"type":"Point","coordinates":[5.23981,52.07849]},"properties":{"type":"charge","layer":"passenger","locationId":"de79bb63477214067ea181f90b1d1b4b","name":"Blikkenburgerlaan 9000","address":"Blikkenburgerlaan 9000","city":"Zeist","operatorName":"Vattenfall InCharge","maxPowerKw":11,"isMegawatt":false,"status":"AVAILABLE","source":"ndw"}},{"type":"Feature","geometry":{"type":"Point","coordinates":[5.24061,52.10591]},"properties":{"type":"charge","layer":"passenger","locationId":"9b98304089edba678f709d51128395af","name":"Badmeester Schenkpad 8","address":"Badmeester Schenkpad 8","city":"Zeist","operatorName":"Vattenfall InCharge","maxPowerKw":11,"isMegawatt":false,"status":"AVAILABLE","source":"ndw"}},{"type":"Feature","geometry":{"type":"Point","coordinates":[5.254447,52.076031]},"properties":{"type":"charge","layer":"passenger","locationId":"93059f8250583b5d85add3768b443d8e","name":"Arnhemse Bovenweg 16","address":"Arnhemse Bovenweg 16","city":"Zeist","operatorName":"Vattenfall InCharge","maxPowerKw":11,"isMegawatt":false,"status":"UNAVAILABLE","source":"ndw"}},{"type":"Feature","geometry":{"type":"Point","coordinates":[5.246277,52.092049]},"properties":{"type":"charge","layer":"passenger","locationId":"d3344524-6e6f-4bbf-aaff-58f861045740","name":"Kritzingerlaan","address":"Kritzingerlaan 54","city":"Zeist","operatorName":"Vattenfall InCharge","maxPowerKw":11,"isMegawatt":false,"status":"CHARGING","source":"ndw"}},{"type":"Feature","geometry":{"type":"Point","coordinates":[5.214005,52.09399]},"properties":{"type":"charge","layer":"passenger","locationId":"0af7bda2-7814-4744-9bc4-f3ffc20e4d9b","name":"Fazantenlaan","address":"Fazantenlaan 2","city":"Zeist","operatorName":"Vattenfall InCharge","maxPowerKw":11,"isMegawatt":false,"status":"AVAILABLE","source":"ndw"}},{"type":"Feature","geometry":{"type":"Point","coordinates":[5.25341,52.099098]},"properties":{"type":"charge","layer":"passenger","locationId":"6186591d9846f80233690aee","name":"PowerCharger5000","address":"Burgemeester van Tuylllaan 50","city":"Zeist","operatorName":"E-Flux by Road","maxPowerKw":11,"isMegawatt":false,"status":"CHARGING","source":"ndw","priceKwh":0.33}},{"type":"Feature","geometry":{"type":"Point","coordinates":[5.25271,52.08794]},"properties":{"type":"charge","layer":"passenger","locationId":"0bfbba7a804e01816a65c224e173907d","name":"Prins Hendriklaan 33","address":"Prins Hendriklaan 33","city":"Zeist","operatorName":"Vattenfall InCharge","maxPowerKw":11,"isMegawatt":false,"status":"AVAILABLE","source":"ndw"}},{"type":"Feature","geometry":{"type":"Point","coordinates":[5.217334,52.091745]},"properties":{"type":"charge","layer":"passenger","locationId":"f0c965d186a67ea5133a0562b904ef28","name":"Crosestein 2064","address":"Crosestein 2064","city":"Zeist","operatorName":"Vattenfall InCharge","maxPowerKw":11,"isMegawatt":false,"status":"AVAILABLE","source":"ndw"}},{"type":"Feature","geometry":{"type":"Point","coordinates":[5.246227,52.103086]},"properties":{"type":"charge","layer":"passenger","locationId":"7f397d40fdcdc69131890eac62d89766","name":"Walraven van Halllaan 26","address":"Walraven van Halllaan 26","city":"Zeist","operatorName":"Vattenfall InCharge","maxPowerKw":11,"isMegawatt":false,"status":"UNAVAILABLE","source":"ndw"}},{"type":"Feature","geometry":{"type":"Point","coordinates":[5.21315,52.09019]},"properties":{"type":"charge","layer":"passenger","locationId":"10643b89092d948689c11cab76730251","name":"Zeisteroever 24","address":"Zeisteroever 24","city":"Zeist","operatorName":"Vattenfall InCharge","maxPowerKw":11,"isMegawatt":false,"status":"AVAILABLE","source":"ndw"}},{"type":"Feature","geometry":{"type":"Point","coordinates":[5.25038,52.088277]},"properties":{"type":"charge","layer":"passenger","locationId":"85617db4baf0313f0910ce25b388029f","name":"Stationslaan 1","address":"Stationslaan 1","city":"Zeist","operatorName":"Vattenfall InCharge","maxPowerKw":11,"isMegawatt":false,"status":"CHARGING","source":"ndw"}},{"type":"Feature","geometry":{"type":"Point","coordinates":[5.242049,52.111688]},"properties":{"type":"charge","layer":"passenger","locationId":"60ad1eaa18b617454bf0e591","name":"Douglaslaan 21, Bosch en Duin","address":"Douglaslaan 21","city":"Bosch en Duin","operatorName":"E-Flux by Road","maxPowerKw":22,"isMegawatt":false,"status":"AVAILABLE","source":"ndw","priceKwh":0.28}},{"type":"Feature","geometry":{"type":"Point","coordinates":[5.235978,52.138064]},"properties":{"type":"charge","layer":"passenger","locationId":"685d6fdf04c35bc66d68ff7f499fc16b","name":"Paduaweg 25","address":"Paduaweg 25","city":"Den Dolder","operatorName":"Vattenfall InCharge","maxPowerKw":11,"isMegawatt":false,"status":"AVAILABLE","source":"ndw"}},{"type":"Feature","geometry":{"type":"Point","coordinates":[5.21661,52.08889]},"properties":{"type":"charge","layer":"passenger","locationId":"88e7805e4c5eb8f9fd831b2e65c26c3d","name":"Noordweg 83","address":"Noordweg 83","city":"Zeist","operatorName":"Vattenfall InCharge","maxPowerKw":11,"isMegawatt":false,"status":"AVAILABLE","source":"ndw"}},{"type":"Feature","geometry":{"type":"Point","coordinates":[5.220979,52.08785]},"properties":{"type":"charge","layer":"passenger","locationId":"bb9be31f9c855c2583ffd0c1b3bb8528","name":"Nijenheim 2505","address":"Nijenheim 2505","city":"Zeist","operatorName":"Vattenfall InCharge","maxPowerKw":11,"isMegawatt":false,"status":"AVAILABLE","source":"ndw"}},{"type":"Feature","geometry":{"type":"Point","coordinates":[5.218839,52.087512]},"properties":{"type":"charge","layer":"passenger","locationId":"7f8961f2a6f0e55ffd76efe7d7f5ffdb","name":"Nijenheim 6002","address":"Nijenheim 6002","city":"Zeist","operatorName":"Vattenfall InCharge","maxPowerKw":11,"isMegawatt":false,"status":"AVAILABLE","source":"ndw"}},{"type":"Feature","geometry":{"type":"MultiPolygon","coordinates":[[[[5.2383596242746036,52.16777525108792],[5.239041138473208,52.16762280954821],[5.2431724698073,52.170076981348714],[5.249666186289253,52.158755954915414],[5.250994707375583,52.15634007363828],[5.254793723292914,52.14951633652394],[5.2563860458112,52.1441722163204],[5.256421621303732,52.144056315596],[5.255267040981744,52.13888556063464],[5.256183054239682,52.13637825551376],[5.264101489512795,52.1250803121389],[5.271935813239148,52.12704581980634],[5.274212776739274,52.12374042151384],[5.277146693538042,52.11945385991881],[5.277559807754134,52.11881919783418],[5.282212723719232,52.11208325630957],[5.290533388072204,52.11421291655793],[5.291802945078316,52.114538870063626],[5.294599207924281,52.11347425895429],[5.298965499790052,52.111800000550666],[5.306458375005827,52.110271768974265],[5.310919545927075,52.1083846963651],[5.32246213276577,52.10190123079748],[5.298300386352378,52.09644563887196],[5.326924640938323,52.086730072185524],[5.332250605805842,52.084163657744945],[5.332608228965326,52.078810102430985],[5.320422439433114,52.07032716277785],[5.2911525953600815,52.08635329315862],[5.266158206849705,52.07071479072847],[5.265362284453348,52.0702069870753],[5.259352848604999,52.06676622931354],[5.257522866457362,52.065490220124744],[5.256000584422897,52.06289325893617],[5.252121164745023,52.062026098036746],[5.247422639381348,52.05864666990405],[5.219130916025838,52.05975277212043],[5.218459748733193,52.06023876806279],[5.225021473228308,52.06492173848494],[5.200547583976129,52.0768120233603],[5.198936327024924,52.07631372249905],[5.195154400778704,52.07734612010275],[5.192751476116649,52.08607624312723],[5.205524042215516,52.08489542530675],[5.206714452832371,52.0862703656859],[5.2055166261005485,52.08682937522187],[5.20722920754261,52.086439130375695],[5.2105870680174355,52.09031427475521],[5.2095903342840195,52.09148265957741],[5.208608183966195,52.09361875156125],[5.212318426870619,52.09700326045949],[5.212726635884143,52.09767418503237],[5.211406591017052,52.098310406219994],[5.211981118875063,52.09887955849559],[5.210809886933761,52.100721099116534],[5.215644156157341,52.102024021042524],[5.22232835452407,52.10389316591334],[5.220895892917766,52.106009715656356],[5.218218673431054,52.11367261764913],[5.230929922234691,52.11678892248145],[5.230231642909624,52.12262465453413],[5.228998288564387,52.1316553497961],[5.229573642177403,52.13458646384906],[5.229460545196414,52.13557035337123],[5.229298833120329,52.13663238446778],[5.229284828706641,52.13673042550372],[5.2268832958147815,52.15299168953207],[5.226702336201707,52.15416358693369],[5.224998607395888,52.16570011635646],[5.236315603264589,52.1674587853018],[5.235985233844587,52.171099892733615],[5.237900557131158,52.17125147794284],[5.2383596242746036,52.16777525108792]]]]},"properties":{"type":"boundary","gemeente":"Zeist","code":"GM0355"}}]}