{"type":"FeatureCollection","metadata":{"gemeente":"Zoetermeer","slug":"zoetermeer","code":"GM0637","generated_at":"2026-07-06T16:26:11.361Z","total_passenger":609,"total_freight":2,"bounds":[4.415230599462567,52.03128071987484,4.557179828220584,52.09329056913578],"operators":["ChargePoint","E-Flux by Road","EQUANS","ERA Contour | TBI ","Eneco","Fastned","Jord Energy","Laadnet","Lanova Laadpalen","Opcharge","Pluq","Shell Recharge","Tango electric","Vattenfall InCharge","bp pulse"]},"features":[{"type":"Feature","geometry":{"type":"Point","coordinates":[4.476785,52.055987]},"properties":{"type":"charge","layer":"passenger","locationId":"89358981","name":"EQUANS SGZH 2.0 89358981","address":"Alferbos 2","city":"Zoetermeer","operatorName":"EQUANS","maxPowerKw":11,"isMegawatt":false,"status":"AVAILABLE","source":"ndw"}},{"type":"Feature","geometry":{"type":"Point","coordinates":[4.472758,52.040413]},"properties":{"type":"charge","layer":"passenger","locationId":"90836244","name":"EQUANS SGZH 2.0 Agaat 30","address":"Agaat 30","city":"Zoetermeer","operatorName":"EQUANS","maxPowerKw":11,"isMegawatt":false,"status":"AVAILABLE","source":"ndw"}},{"type":"Feature","geometry":{"type":"Point","coordinates":[4.508039,52.068076]},"properties":{"type":"charge","layer":"passenger","locationId":"90179586","name":"EQUANS SGZH 2.0 Vijverdreef 296","address":"Vijverdreef 296","city":"Zoetermeer","operatorName":"EQUANS","maxPowerKw":11,"isMegawatt":false,"status":"CHARGING","source":"ndw"}},{"type":"Feature","geometry":{"type":"Point","coordinates":[4.540115,52.06084]},"properties":{"type":"charge","layer":"passenger","locationId":"90322327","name":"EQUANS SGZH 2.0 Westerschelde 246","address":"Westerschelde 246","city":"Zoetermeer","operatorName":"EQUANS","maxPowerKw":11,"isMegawatt":false,"status":"AVAILABLE","source":"ndw"}},{"type":"Feature","geometry":{"type":"Point","coordinates":[4.47653,52.04291]},"properties":{"type":"charge","layer":"passenger","locationId":"91036757","name":"EQUANS SGZH 2.0 Samanthagang 182","address":"Samanthagang 182","city":"Zoetermeer","operatorName":"EQUANS","maxPowerKw":11,"isMegawatt":false,"status":"AVAILABLE","source":"ndw"}},{"type":"Feature","geometry":{"type":"Point","coordinates":[4.484498,52.050252]},"properties":{"type":"charge","layer":"passenger","locationId":"2767","name":"EQUANS SGZH 2.0 2767","address":"Graaf Lodewijkstraat 36","city":"Zoetermeer","operatorName":"EQUANS","maxPowerKw":11,"isMegawatt":false,"status":"AVAILABLE","source":"ndw"}},{"type":"Feature","geometry":{"type":"Point","coordinates":[4.497557,52.063889]},"properties":{"type":"charge","layer":"passenger","locationId":"89052395","name":"EQUANS SGZH 2.0 Spartastraat 2","address":"Spartastraat 2","city":"Zoetermeer","operatorName":"EQUANS","maxPowerKw":11,"isMegawatt":false,"status":"AVAILABLE","source":"ndw"}},{"type":"Feature","geometry":{"type":"Point","coordinates":[4.552014,52.059771]},"properties":{"type":"charge","layer":"passenger","locationId":"3778","name":"EQUANS SGZH 2.0 Burgemeester Middelberglaan 57","address":"Burgemeester Middelberglaan 57","city":"Zoetermeer","operatorName":"EQUANS","maxPowerKw":11,"isMegawatt":false,"status":"AVAILABLE","source":"ndw"}},{"type":"Feature","geometry":{"type":"Point","coordinates":[4.529113,52.077127]},"properties":{"type":"charge","layer":"passenger","locationId":"55609314","name":"EQUANS SGZH 2.0 55609314","address":"Schansbaan nabij 77","city":"Zoetermeer","operatorName":"EQUANS","maxPowerKw":11,"isMegawatt":false,"status":"AVAILABLE","source":"ndw"}},{"type":"Feature","geometry":{"type":"Point","coordinates":[4.5142,52.06709]},"properties":{"type":"charge","layer":"passenger","locationId":"91454251","name":"EQUANS SGZH 2.0 Chrysantentuin 1","address":"Chrysantentuin 1","city":"Zoetermeer","operatorName":"EQUANS","maxPowerKw":11,"isMegawatt":false,"status":"AVAILABLE","source":"ndw"}},{"type":"Feature","geometry":{"type":"Point","coordinates":[4.54242,52.0591]},"properties":{"type":"charge","layer":"passenger","locationId":"91277486","name":"EQUANS SGZH 2.0 Oosterschelde 202","address":"Oosterschelde 202","city":"Zoetermeer","operatorName":"EQUANS","maxPowerKw":11,"isMegawatt":false,"status":"AVAILABLE","source":"ndw"}},{"type":"Feature","geometry":{"type":"Point","coordinates":[4.490738,52.06128]},"properties":{"type":"charge","layer":"passenger","locationId":"89179053","name":"EQUANS SGZH 2.0 89179053","address":"Promenade 303","city":"Zoetermeer","operatorName":"EQUANS","maxPowerKw":17,"isMegawatt":false,"status":"AVAILABLE","source":"ndw"}},{"type":"Feature","geometry":{"type":"Point","coordinates":[4.504002,52.077573]},"properties":{"type":"charge","layer":"passenger","locationId":"89329864","name":"EQUANS SGZH 2.0 89329864","address":"Redelaan 43","city":"Zoetermeer","operatorName":"EQUANS","maxPowerKw":11,"isMegawatt":false,"status":"CHARGING","source":"ndw"}},{"type":"Feature","geometry":{"type":"Point","coordinates":[4.511338,52.0554]},"properties":{"type":"charge","layer":"passenger","locationId":"55670919","name":"EQUANS SGZH 2.0 55670919","address":"Van Aalstlaan 390","city":"Zoetermeer","operatorName":"EQUANS","maxPowerKw":11,"isMegawatt":false,"status":"AVAILABLE","source":"ndw"}},{"type":"Feature","geometry":{"type":"Point","coordinates":[4.474056,52.046529]},"properties":{"type":"charge","layer":"passenger","locationId":"43503689","name":"EQUANS SGZH 2.0 Carpool de lus","address":"Danny Kayelaan 20","city":"Zoetermeer","operatorName":"EQUANS","maxPowerKw":11,"isMegawatt":false,"status":"AVAILABLE","source":"ndw"}},{"type":"Feature","geometry":{"type":"Point","coordinates":[4.55161,52.0631]},"properties":{"type":"charge","layer":"passenger","locationId":"90942129","name":"EQUANS SGZH 2.0 Amstelstroom 100","address":"Amstelstroom 100","city":"Zoetermeer","operatorName":"EQUANS","maxPowerKw":11,"isMegawatt":false,"status":"CHARGING","source":"ndw"}},{"type":"Feature","geometry":{"type":"Point","coordinates":[4.547652,52.056356]},"properties":{"type":"charge","layer":"passenger","locationId":"89972797","name":"EQUANS SGZH 2.0 Tiberstroom 91","address":"Tiberstroom 91","city":"Zoetermeer","operatorName":"EQUANS","maxPowerKw":11,"isMegawatt":false,"status":"AVAILABLE","source":"ndw"}},{"type":"Feature","geometry":{"type":"Point","coordinates":[4.493984,52.059587]},"properties":{"type":"charge","layer":"passenger","locationId":"91016388","name":"EQUANS SGZH 2.0 Markt 1","address":"Markt 1","city":"Zoetermeer","operatorName":"EQUANS","maxPowerKw":11,"isMegawatt":false,"status":"AVAILABLE","source":"ndw"}},{"type":"Feature","geometry":{"type":"Point","coordinates":[4.528815,52.078507]},"properties":{"type":"charge","layer":"passenger","locationId":"89249580","name":"EQUANS SGZH 2.0 89249580","address":"Cruquiusschans 5","city":"Zoetermeer","operatorName":"EQUANS","maxPowerKw":17,"isMegawatt":false,"status":"CHARGING","source":"ndw"}},{"type":"Feature","geometry":{"type":"Point","coordinates":[4.53193,52.06612]},"properties":{"type":"charge","layer":"passenger","locationId":"91076521","name":"EQUANS SGZH 2.0 Ammerstolstraat (t.h.v. Aarlanderveenstraat 49)","address":"Ammerstolstraat (t.h.v. Aarlanderveenstraat 4","city":"Zoetermeer","operatorName":"EQUANS","maxPowerKw":11,"isMegawatt":false,"status":"AVAILABLE","source":"ndw"}},{"type":"Feature","geometry":{"type":"Point","coordinates":[4.534906,52.058354]},"properties":{"type":"charge","layer":"passenger","locationId":"90111893","name":"EQUANS SGZH 2.0 Zwartemeer 119","address":"Zwartemeer 119","city":"Zoetermeer","operatorName":"EQUANS","maxPowerKw":11,"isMegawatt":false,"status":"AVAILABLE","source":"ndw"}},{"type":"Feature","geometry":{"type":"Point","coordinates":[4.52915,52.05651]},"properties":{"type":"charge","layer":"passenger","locationId":"91154517","name":"EQUANS SGZH 2.0 Slotermeer 50","address":"Slotermeer 50","city":"Zoetermeer","operatorName":"EQUANS","maxPowerKw":11,"isMegawatt":false,"status":"AVAILABLE","source":"ndw"}},{"type":"Feature","geometry":{"type":"Point","coordinates":[4.488216,52.041929]},"properties":{"type":"charge","layer":"passenger","locationId":"89329964","name":"EQUANS SGZH 2.0 89329964","address":"Napelsgeel 111","city":"Zoetermeer","operatorName":"EQUANS","maxPowerKw":11,"isMegawatt":false,"status":"AVAILABLE","source":"ndw"}},{"type":"Feature","geometry":{"type":"Point","coordinates":[4.490923,52.03631]},"properties":{"type":"charge","layer":"passenger","locationId":"89362783","name":"EQUANS SGZH 2.0 89362783","address":"Reigersblauw 1","city":"Zoetermeer","operatorName":"EQUANS","maxPowerKw":11,"isMegawatt":false,"status":"AVAILABLE","source":"ndw"}},{"type":"Feature","geometry":{"type":"Point","coordinates":[4.49825,52.051494]},"properties":{"type":"charge","layer":"passenger","locationId":"89209907","name":"EQUANS SGZH 2.0 89209907","address":"Karel Doormanlaan 2","city":"Zoetermeer","operatorName":"EQUANS","maxPowerKw":11,"isMegawatt":false,"status":"AVAILABLE","source":"ndw"}},{"type":"Feature","geometry":{"type":"Point","coordinates":[4.48139,52.04638]},"properties":{"type":"charge","layer":"passenger","locationId":"62CD4603-D87B-4BC3-8535-524C2F4440E3","name":"Eneco eMobility Platina Argenta - Louis Braillelaan 60 - Zoetermeer","address":"Louis Braillelaan 60","city":"Zoetermeer","operatorName":"Eneco","maxPowerKw":11,"isMegawatt":false,"status":"AVAILABLE","source":"ndw","priceKwh":0.35}},{"type":"Feature","geometry":{"type":"Point","coordinates":[4.523782,52.073538]},"properties":{"type":"charge","layer":"passenger","locationId":"89477487","name":"EQUANS SGZH 2.0 89477487","address":"Vasariruimte 60","city":"Zoetermeer","operatorName":"EQUANS","maxPowerKw":11,"isMegawatt":false,"status":"AVAILABLE","source":"ndw"}},{"type":"Feature","geometry":{"type":"Point","coordinates":[4.506103,52.055095]},"properties":{"type":"charge","layer":"passenger","locationId":"78927198","name":"EQUANS SGZH 2.0 78927198","address":"Van Egmondstraat nabij 25","city":"Zoetermeer","operatorName":"EQUANS","maxPowerKw":11,"isMegawatt":false,"status":"AVAILABLE","source":"ndw"}},{"type":"Feature","geometry":{"type":"Point","coordinates":[4.467529,52.059411]},"properties":{"type":"charge","layer":"passenger","locationId":"89185479","name":"EQUANS SGZH 2.0 89185479","address":"Vreebos 58","city":"Zoetermeer","operatorName":"EQUANS","maxPowerKw":17,"isMegawatt":false,"status":"CHARGING","source":"ndw"}},{"type":"Feature","geometry":{"type":"Point","coordinates":[4.533527,52.06284]},"properties":{"type":"charge","layer":"passenger","locationId":"89927759","name":"EQUANS SGZH 2.0 89927759","address":"Streefkerkstraat 1","city":"Zoetermeer","operatorName":"EQUANS","maxPowerKw":11,"isMegawatt":false,"status":"CHARGING","source":"ndw"}},{"type":"Feature","geometry":{"type":"Point","coordinates":[4.51898,52.07277]},"properties":{"type":"charge","layer":"passenger","locationId":"90987076","name":"EQUANS SGZH 2.0 Lommerbaan 138","address":"Lommerbaan 138","city":"Zoetermeer","operatorName":"EQUANS","maxPowerKw":11,"isMegawatt":false,"status":"AVAILABLE","source":"ndw"}},{"type":"Feature","geometry":{"type":"Point","coordinates":[4.503483,52.036229]},"properties":{"type":"charge","layer":"passenger","locationId":"5294","name":"Shell Recharge NL9202 - Gamma Zoetermeer","address":"Argonstraat 11","city":"Zoetermeer","operatorName":"Shell Recharge","maxPowerKw":150,"isMegawatt":false,"status":"AVAILABLE","source":"ndw","priceKwh":0.7025}},{"type":"Feature","geometry":{"type":"Point","coordinates":[4.485907,52.07149]},"properties":{"type":"charge","layer":"passenger","locationId":"89329915","name":"EQUANS SGZH 2.0 89329915","address":"Bunuelstrook 26","city":"Zoetermeer","operatorName":"EQUANS","maxPowerKw":11,"isMegawatt":false,"status":"AVAILABLE","source":"ndw"}},{"type":"Feature","geometry":{"type":"Point","coordinates":[4.538391,52.056801]},"properties":{"type":"charge","layer":"passenger","locationId":"89954447","name":"EQUANS SGZH 2.0 89954447","address":"Tenerife 17","city":"Zoetermeer","operatorName":"EQUANS","maxPowerKw":11,"isMegawatt":false,"status":"AVAILABLE","source":"ndw"}},{"type":"Feature","geometry":{"type":"Point","coordinates":[4.469298,52.065596]},"properties":{"type":"charge","layer":"passenger","locationId":"89254197","name":"EQUANS SGZH 2.0 89254197","address":"Muzieklaan 13","city":"Zoetermeer","operatorName":"EQUANS","maxPowerKw":11,"isMegawatt":false,"status":"AVAILABLE","source":"ndw"}},{"type":"Feature","geometry":{"type":"Point","coordinates":[4.49349,52.06737]},"properties":{"type":"charge","layer":"passenger","locationId":"90987437","name":"EQUANS SGZH 2.0 Medeaschouw 70","address":"Medeaschouw 70","city":"Zoetermeer","operatorName":"EQUANS","maxPowerKw":11,"isMegawatt":false,"status":"AVAILABLE","source":"ndw"}},{"type":"Feature","geometry":{"type":"Point","coordinates":[4.49889,52.04254]},"properties":{"type":"charge","layer":"passenger","locationId":"55638322","name":"EQUANS SGZH 2.0 Herfstbruin 14","address":"Herfstbruin 14","city":"Zoetermeer","operatorName":"EQUANS","maxPowerKw":11,"isMegawatt":false,"status":"AVAILABLE","source":"ndw"}},{"type":"Feature","geometry":{"type":"Point","coordinates":[4.50305,52.06774]},"properties":{"type":"charge","layer":"passenger","locationId":"91012719","name":"EQUANS SGZH 2.0 Lelievaart 1","address":"Lelievaart 1","city":"Zoetermeer","operatorName":"EQUANS","maxPowerKw":11,"isMegawatt":false,"status":"AVAILABLE","source":"ndw"}},{"type":"Feature","geometry":{"type":"Point","coordinates":[4.49938,52.056909]},"properties":{"type":"charge","layer":"passenger","locationId":"89188818","name":"EQUANS SGZH 2.0 89188818","address":"Schoutenhoek 98","city":"Zoetermeer","operatorName":"EQUANS","maxPowerKw":17,"isMegawatt":false,"status":"AVAILABLE","source":"ndw"}},{"type":"Feature","geometry":{"type":"Point","coordinates":[4.463452,52.061449]},"properties":{"type":"charge","layer":"passenger","locationId":"90377090","name":"EQUANS SGZH 2.0 Zijlberg 6","address":"Zijlberg 6","city":"Zoetermeer","operatorName":"EQUANS","maxPowerKw":11,"isMegawatt":false,"status":"CHARGING","source":"ndw"}},{"type":"Feature","geometry":{"type":"Point","coordinates":[4.48397,52.06081]},"properties":{"type":"charge","layer":"passenger","locationId":"89052415","name":"EQUANS SGZH 2.0 Nederlandlaan 144","address":"Nederlandlaan 144","city":"Zoetermeer","operatorName":"EQUANS","maxPowerKw":11,"isMegawatt":false,"status":"AVAILABLE","source":"ndw"}},{"type":"Feature","geometry":{"type":"Point","coordinates":[4.464448,52.046481]},"properties":{"type":"charge","layer":"passenger","locationId":"89205376","name":"EQUANS SGZH 2.0 89205376","address":"Aburahout 56","city":"Zoetermeer","operatorName":"EQUANS","maxPowerKw":11,"isMegawatt":false,"status":"AVAILABLE","source":"ndw"}},{"type":"Feature","geometry":{"type":"Point","coordinates":[4.545479,52.0537]},"properties":{"type":"charge","layer":"passenger","locationId":"89604315","name":"EQUANS SGZH 2.0 89604315","address":"Lofoten 97","city":"Zoetermeer","operatorName":"EQUANS","maxPowerKw":11,"isMegawatt":false,"status":"AVAILABLE","source":"ndw"}},{"type":"Feature","geometry":{"type":"Point","coordinates":[4.493147,52.044075]},"properties":{"type":"charge","layer":"passenger","locationId":"89238508","name":"EQUANS SGZH 2.0 89238508","address":"Paletsingel 53","city":"Zoetermeer","operatorName":"EQUANS","maxPowerKw":11,"isMegawatt":false,"status":"AVAILABLE","source":"ndw"}},{"type":"Feature","geometry":{"type":"Point","coordinates":[4.48021,52.06297]},"properties":{"type":"charge","layer":"passenger","locationId":"91114841","name":"EQUANS SGZH 2.0 Busken Huethove hoek Coornherthove 1","address":"Busken Huethove hoek Coornherthove 1","city":"Zoetermeer","operatorName":"EQUANS","maxPowerKw":11,"isMegawatt":false,"status":"AVAILABLE","source":"ndw"}},{"type":"Feature","geometry":{"type":"Point","coordinates":[4.504002,52.063902]},"properties":{"type":"charge","layer":"passenger","locationId":"89052378","name":"EQUANS SGZH 2.0 89052378","address":"Vaartdreef 132","city":"Zoetermeer","operatorName":"EQUANS","maxPowerKw":11,"isMegawatt":false,"status":"CHARGING","source":"ndw"}},{"type":"Feature","geometry":{"type":"Point","coordinates":[4.464156,52.05144]},"properties":{"type":"charge","layer":"passenger","locationId":"89052398","name":"EQUANS SGZH 2.0 89052398","address":"Westland nabij 1","city":"Zoetermeer","operatorName":"EQUANS","maxPowerKw":11,"isMegawatt":false,"status":"AVAILABLE","source":"ndw"}},{"type":"Feature","geometry":{"type":"Point","coordinates":[4.498614,52.044016]},"properties":{"type":"charge","layer":"passenger","locationId":"89052377","name":"EQUANS SGZH 2.0 89052377","address":"Sepiabruin 11","city":"Zoetermeer","operatorName":"EQUANS","maxPowerKw":11,"isMegawatt":false,"status":"AVAILABLE","source":"ndw"}},{"type":"Feature","geometry":{"type":"Point","coordinates":[4.529741,52.066233]},"properties":{"type":"charge","layer":"passenger","locationId":"60611824","name":"EQUANS SGZH 2.0 Bloemendaalstraat 2","address":"Bloemendaalstraat 2","city":"Zoetermeer","operatorName":"EQUANS","maxPowerKw":11,"isMegawatt":false,"status":"AVAILABLE","source":"ndw"}},{"type":"Feature","geometry":{"type":"Point","coordinates":[4.51206,52.0654]},"properties":{"type":"charge","layer":"passenger","locationId":"90920222","name":"EQUANS SGZH 2.0 Parkdreef 284","address":"Parkdreef 284","city":"Zoetermeer","operatorName":"EQUANS","maxPowerKw":11,"isMegawatt":false,"status":"AVAILABLE","source":"ndw"}},{"type":"Feature","geometry":{"type":"Point","coordinates":[4.506306,52.068834]},"properties":{"type":"charge","layer":"passenger","locationId":"3717","name":"EQUANS SGZH 2.0 89254198","address":"Andoornvaart 31","city":"Zoetermeer","operatorName":"EQUANS","maxPowerKw":11,"isMegawatt":false,"status":"AVAILABLE","source":"ndw"}},{"type":"Feature","geometry":{"type":"Point","coordinates":[4.484024,52.054816]},"properties":{"type":"charge","layer":"passenger","locationId":"90096524","name":"EQUANS SGZH 2.0 Dunantstraat 504","address":"Dunantstraat 504","city":"Zoetermeer","operatorName":"EQUANS","maxPowerKw":11,"isMegawatt":false,"status":"AVAILABLE","source":"ndw"}},{"type":"Feature","geometry":{"type":"Point","coordinates":[4.538857,52.051525]},"properties":{"type":"charge","layer":"passenger","locationId":"89927752","name":"EQUANS SGZH 2.0 89927752","address":"Hebriden 34","city":"Zoetermeer","operatorName":"EQUANS","maxPowerKw":11,"isMegawatt":false,"status":"AVAILABLE","source":"ndw"}},{"type":"Feature","geometry":{"type":"Point","coordinates":[4.482186,52.058213]},"properties":{"type":"charge","layer":"passenger","locationId":"89880970","name":"EQUANS SGZH 2.0 89880970","address":"Ierlandlaan 53","city":"Zoetermeer","operatorName":"EQUANS","maxPowerKw":11,"isMegawatt":false,"status":"CHARGING","source":"ndw"}},{"type":"Feature","geometry":{"type":"Point","coordinates":[4.514392,52.040783]},"properties":{"type":"charge","layer":"passenger","locationId":"9C3A1062-927C-401D-B178-C2F90175F893","name":"Eneco eMobility VerandaCentrum - Zoetermeer","address":"Cobaltstraat 31","city":"Zoetermeer","operatorName":"Eneco","maxPowerKw":11,"isMegawatt":false,"status":"AVAILABLE","source":"ndw","priceKwh":0.32}},{"type":"Feature","geometry":{"type":"Point","coordinates":[4.55076,52.057259]},"properties":{"type":"charge","layer":"passenger","locationId":"90117362","name":"EQUANS SGZH 2.0 Burgemeester Augustijnstraat 5","address":"Burgemeester Augustijnstraat 5","city":"Zoetermeer","operatorName":"EQUANS","maxPowerKw":11,"isMegawatt":false,"status":"AVAILABLE","source":"ndw"}},{"type":"Feature","geometry":{"type":"Point","coordinates":[4.515406,52.075803]},"properties":{"type":"charge","layer":"passenger","locationId":"91144991","name":"EQUANS SGZH 2.0 Lijnbaan 56","address":"Lijnbaan 56","city":"Zoetermeer","operatorName":"EQUANS","maxPowerKw":11,"isMegawatt":false,"status":"AVAILABLE","source":"ndw"}},{"type":"Feature","geometry":{"type":"Point","coordinates":[4.48798,52.03791]},"properties":{"type":"charge","layer":"passenger","locationId":"3558","name":"EQUANS SGZH 2.0 Mosgroen 33","address":"Mosgroen 33","city":"Zoetermeer","operatorName":"EQUANS","maxPowerKw":11,"isMegawatt":false,"status":"AVAILABLE","source":"ndw"}},{"type":"Feature","geometry":{"type":"Point","coordinates":[4.474023,52.068145]},"properties":{"type":"charge","layer":"passenger","locationId":"88946478","name":"EQUANS SGZH 2.0 88946478","address":"Händelrode 52","city":"Zoetermeer","operatorName":"EQUANS","maxPowerKw":11,"isMegawatt":false,"status":"AVAILABLE","source":"ndw"}},{"type":"Feature","geometry":{"type":"Point","coordinates":[4.528738,52.071143]},"properties":{"type":"charge","layer":"passenger","locationId":"89615429","name":"EQUANS SGZH 2.0 89615429","address":"Mercatorschans 7","city":"Zoetermeer","operatorName":"EQUANS","maxPowerKw":11,"isMegawatt":false,"status":"AVAILABLE","source":"ndw"}},{"type":"Feature","geometry":{"type":"Point","coordinates":[4.518376,52.077625]},"properties":{"type":"charge","layer":"passenger","locationId":"89362790","name":"EQUANS SGZH 2.0 89362790","address":"Kramerplan 1","city":"Zoetermeer","operatorName":"EQUANS","maxPowerKw":11,"isMegawatt":false,"status":"AVAILABLE","source":"ndw"}},{"type":"Feature","geometry":{"type":"Point","coordinates":[4.49857,52.03953]},"properties":{"type":"charge","layer":"passenger","locationId":"89942868","name":"EQUANS SGZH 2.0 Electrablauw 48","address":"Electrablauw 48","city":"Zoetermeer","operatorName":"EQUANS","maxPowerKw":11,"isMegawatt":false,"status":"AVAILABLE","source":"ndw"}},{"type":"Feature","geometry":{"type":"Point","coordinates":[4.508855,52.050577]},"properties":{"type":"charge","layer":"passenger","locationId":"90195828","name":"EQUANS SGZH 2.0 Bleiswijkseweg 16","address":"Bleiswijkseweg 16","city":"Zoetermeer","operatorName":"EQUANS","maxPowerKw":11,"isMegawatt":false,"status":"CHARGING","source":"ndw"}},{"type":"Feature","geometry":{"type":"Point","coordinates":[4.4734,52.04281]},"properties":{"type":"charge","layer":"passenger","locationId":"3603","name":"EQUANS SGZH 2.0 Acaciazoom 85","address":"Acaciazoom 85","city":"Zoetermeer","operatorName":"EQUANS","maxPowerKw":11,"isMegawatt":false,"status":"AVAILABLE","source":"ndw"}},{"type":"Feature","geometry":{"type":"Point","coordinates":[4.511117,52.068425]},"properties":{"type":"charge","layer":"passenger","locationId":"90385823","name":"EQUANS SGZH 2.0 Parkdreef 216","address":"Parkdreef 216","city":"Zoetermeer","operatorName":"EQUANS","maxPowerKw":11,"isMegawatt":false,"status":"AVAILABLE","source":"ndw"}},{"type":"Feature","geometry":{"type":"Point","coordinates":[4.53629,52.0675]},"properties":{"type":"charge","layer":"passenger","locationId":"90967497","name":"EQUANS SGZH 2.0 Heenvlietstraat 106","address":"Heenvlietstraat 106","city":"Zoetermeer","operatorName":"EQUANS","maxPowerKw":22,"isMegawatt":false,"status":"CHARGING","source":"ndw"}},{"type":"Feature","geometry":{"type":"Point","coordinates":[4.501537,52.059515]},"properties":{"type":"charge","layer":"passenger","locationId":"156853","name":"EQUANS SGZH 2.0 156853","address":"Du Meelaan 578","city":"Zoetermeer","operatorName":"EQUANS","maxPowerKw":11,"isMegawatt":false,"status":"CHARGING","source":"ndw"}},{"type":"Feature","geometry":{"type":"Point","coordinates":[4.485499,52.050889]},"properties":{"type":"charge","layer":"passenger","locationId":"89954696","name":"EQUANS SGZH 2.0 89954696","address":"Graaf Janstraat 225","city":"Zoetermeer","operatorName":"EQUANS","maxPowerKw":11,"isMegawatt":false,"status":"CHARGING","source":"ndw"}},{"type":"Feature","geometry":{"type":"Point","coordinates":[4.478704,52.038805]},"properties":{"type":"charge","layer":"passenger","locationId":"2761","name":"EQUANS SGZH 2.0 2761","address":"Briljant 44","city":"Zoetermeer","operatorName":"EQUANS","maxPowerKw":11,"isMegawatt":false,"status":"AVAILABLE","source":"ndw"}},{"type":"Feature","geometry":{"type":"Point","coordinates":[4.470408,52.051789]},"properties":{"type":"charge","layer":"passenger","locationId":"89942985","name":"EQUANS SGZH 2.0 89942985","address":"Leiwater 76","city":"Zoetermeer","operatorName":"EQUANS","maxPowerKw":11,"isMegawatt":false,"status":"AVAILABLE","source":"ndw"}},{"type":"Feature","geometry":{"type":"Point","coordinates":[4.49419,52.07285]},"properties":{"type":"charge","layer":"passenger","locationId":"3816","name":"EQUANS SGZH 2.0 Hekbootkade 60","address":"Hekbootkade 60","city":"Zoetermeer","operatorName":"EQUANS","maxPowerKw":11,"isMegawatt":false,"status":"AVAILABLE","source":"ndw"}},{"type":"Feature","geometry":{"type":"Point","coordinates":[4.487039,52.055814]},"properties":{"type":"charge","layer":"passenger","locationId":"89477500","name":"EQUANS SGZH 2.0 89477500","address":"Dunantstraat 126","city":"Zoetermeer","operatorName":"EQUANS","maxPowerKw":11,"isMegawatt":false,"status":"AVAILABLE","source":"ndw"}},{"type":"Feature","geometry":{"type":"Point","coordinates":[4.495585,52.063037]},"properties":{"type":"charge","layer":"passenger","locationId":"3964","name":"EQUANS SGZH 2.0 3964","address":"Denemarkenlaan 75","city":"Zoetermeer","operatorName":"EQUANS","maxPowerKw":11,"isMegawatt":false,"status":"CHARGING","source":"ndw"}},{"type":"Feature","geometry":{"type":"Point","coordinates":[4.4717,52.05858]},"properties":{"type":"charge","layer":"passenger","locationId":"90988141","name":"EQUANS SGZH 2.0 Jonkerbos 123","address":"Jonkerbos 123","city":"Zoetermeer","operatorName":"EQUANS","maxPowerKw":11,"isMegawatt":false,"status":"CHARGING","source":"ndw"}},{"type":"Feature","geometry":{"type":"Point","coordinates":[4.53086,52.05764]},"properties":{"type":"charge","layer":"passenger","locationId":"3845","name":"EQUANS SGZH 2.0 Sneekermeer 3","address":"Sneekermeer 3","city":"Zoetermeer","operatorName":"EQUANS","maxPowerKw":11,"isMegawatt":false,"status":"CHARGING","source":"ndw"}},{"type":"Feature","geometry":{"type":"Point","coordinates":[4.549888,52.059999]},"properties":{"type":"charge","layer":"passenger","locationId":"89307261","name":"EQUANS SGZH 2.0 89307261","address":"Scheldestroom 27","city":"Zoetermeer","operatorName":"EQUANS","maxPowerKw":11,"isMegawatt":false,"status":"AVAILABLE","source":"ndw"}},{"type":"Feature","geometry":{"type":"Point","coordinates":[4.47754,52.04384]},"properties":{"type":"charge","layer":"passenger","locationId":"91491126","name":"EQUANS SGZH 2.0 Quirinegang 83","address":"Quirinegang 83","city":"Zoetermeer","operatorName":"EQUANS","maxPowerKw":11,"isMegawatt":false,"status":"CHARGING","source":"ndw"}},{"type":"Feature","geometry":{"type":"Point","coordinates":[4.46352,52.058702]},"properties":{"type":"charge","layer":"passenger","locationId":"106287","name":"EQUANS SGZH 2.0 106287","address":"Tempelberg 49","city":"Zoetermeer","operatorName":"EQUANS","maxPowerKw":11,"isMegawatt":false,"status":"AVAILABLE","source":"ndw"}},{"type":"Feature","geometry":{"type":"Point","coordinates":[4.525001,52.071488]},"properties":{"type":"charge","layer":"passenger","locationId":"89455028","name":"EQUANS SGZH 2.0 89455028","address":"Ruseschans 37","city":"Zoetermeer","operatorName":"EQUANS","maxPowerKw":11,"isMegawatt":false,"status":"AVAILABLE","source":"ndw"}},{"type":"Feature","geometry":{"type":"Point","coordinates":[4.49331,52.0376]},"properties":{"type":"charge","layer":"passenger","locationId":"91011885","name":"EQUANS SGZH 2.0 Regenboogsingel 103","address":"Regenboogsingel 103","city":"Zoetermeer","operatorName":"EQUANS","maxPowerKw":11,"isMegawatt":false,"status":"AVAILABLE","source":"ndw"}},{"type":"Feature","geometry":{"type":"Point","coordinates":[4.536523,52.063922]},"properties":{"type":"charge","layer":"passenger","locationId":"89914487","name":"EQUANS SGZH 2.0 89914487","address":"Schiebroekstraat 143","city":"Zoetermeer","operatorName":"EQUANS","maxPowerKw":11,"isMegawatt":false,"status":"CHARGING","source":"ndw"}},{"type":"Feature","geometry":{"type":"Point","coordinates":[4.51461,52.06191]},"properties":{"type":"charge","layer":"passenger","locationId":"91193650","name":"EQUANS SGZH 2.0 Bananengaarde 3","address":"Bananengaarde 3","city":"Zoetermeer","operatorName":"EQUANS","maxPowerKw":11,"isMegawatt":false,"status":"AVAILABLE","source":"ndw"}},{"type":"Feature","geometry":{"type":"Point","coordinates":[4.548227,52.062687]},"properties":{"type":"charge","layer":"passenger","locationId":"1052578","name":"EQUANS SGZH 2.0 1052578","address":"IJsselstroom 83","city":"Zoetermeer","operatorName":"EQUANS","maxPowerKw":11,"isMegawatt":false,"status":"AVAILABLE","source":"ndw"}},{"type":"Feature","geometry":{"type":"Point","coordinates":[4.528159,52.072758]},"properties":{"type":"charge","layer":"passenger","locationId":"3463","name":"EQUANS SGZH 2.0 3463","address":"Merkesschans 1","city":"Zoetermeer","operatorName":"EQUANS","maxPowerKw":11,"isMegawatt":false,"status":"AVAILABLE","source":"ndw"}},{"type":"Feature","geometry":{"type":"Point","coordinates":[4.494477,52.038984]},"properties":{"type":"charge","layer":"passenger","locationId":"89052401","name":"EQUANS SGZH 2.0 89052401","address":"Groen-Blauwlaan nabij 118","city":"Zoetermeer","operatorName":"EQUANS","maxPowerKw":11,"isMegawatt":false,"status":"AVAILABLE","source":"ndw"}},{"type":"Feature","geometry":{"type":"Point","coordinates":[4.492192,52.064038]},"properties":{"type":"charge","layer":"passenger","locationId":"7c3b08d536e848cdb916","name":"TMC - Woonhart Zoetermeer","address":"Coppeliaschouw 34","city":"Zoetermeer","operatorName":"Opcharge","maxPowerKw":22,"isMegawatt":false,"status":"AVAILABLE","source":"ndw","priceKwh":0.49}},{"type":"Feature","geometry":{"type":"Point","coordinates":[4.512008,52.050171]},"properties":{"type":"charge","layer":"passenger","locationId":"NLCPIL7359415","name":"FOURCE BV ZOETERMEER 3","address":"15 Philipsstraat","city":"Zoetermeer","operatorName":"ChargePoint","maxPowerKw":22,"isMegawatt":false,"status":"AVAILABLE","source":"ndw","priceKwh":0.5}},{"type":"Feature","geometry":{"type":"Point","coordinates":[4.48657,52.04018]},"properties":{"type":"charge","layer":"passenger","locationId":"91491973","name":"EQUANS SGZH 2.0 Safarigeel 41","address":"Safarigeel 41","city":"Zoetermeer","operatorName":"EQUANS","maxPowerKw":11,"isMegawatt":false,"status":"CHARGING","source":"ndw"}},{"type":"Feature","geometry":{"type":"Point","coordinates":[4.474556,52.051556]},"properties":{"type":"charge","layer":"passenger","locationId":"90384950","name":"EQUANS SGZH 2.0 Groenewater 82","address":"Groenewater 82","city":"Zoetermeer","operatorName":"EQUANS","maxPowerKw":11,"isMegawatt":false,"status":"AVAILABLE","source":"ndw"}},{"type":"Feature","geometry":{"type":"Point","coordinates":[4.49935,52.04103]},"properties":{"type":"charge","layer":"passenger","locationId":"3652","name":"EQUANS SGZH 2.0 Azuurblauw 147","address":"Azuurblauw 147","city":"Zoetermeer","operatorName":"EQUANS","maxPowerKw":11,"isMegawatt":false,"status":"AVAILABLE","source":"ndw"}},{"type":"Feature","geometry":{"type":"Point","coordinates":[4.49805,52.07554]},"properties":{"type":"charge","layer":"passenger","locationId":"3695","name":"EQUANS SGZH 2.0 3695","address":"Schoenerkade 1","city":"Zoetermeer","operatorName":"EQUANS","maxPowerKw":11,"isMegawatt":false,"status":"CHARGING","source":"ndw"}},{"type":"Feature","geometry":{"type":"Point","coordinates":[4.487357,52.054905]},"properties":{"type":"charge","layer":"passenger","locationId":"89105785","name":"EQUANS SGZH 2.0 89105785","address":"Clauslaan 2A","city":"Zoetermeer","operatorName":"EQUANS","maxPowerKw":11,"isMegawatt":false,"status":"AVAILABLE","source":"ndw"}},{"type":"Feature","geometry":{"type":"Point","coordinates":[4.5048,52.07707]},"properties":{"type":"charge","layer":"passenger","locationId":"62850686","name":"EQUANS SGZH 2.0 Argonautenrede 1","address":"Argonautenrede 1","city":"Zoetermeer","operatorName":"EQUANS","maxPowerKw":11,"isMegawatt":false,"status":"CHARGING","source":"ndw"}},{"type":"Feature","geometry":{"type":"Point","coordinates":[4.467997,52.057682]},"properties":{"type":"charge","layer":"passenger","locationId":"55609300","name":"EQUANS SGZH 2.0 55609300","address":"Savelsbos 21","city":"Zoetermeer","operatorName":"EQUANS","maxPowerKw":11,"isMegawatt":false,"status":"AVAILABLE","source":"ndw"}},{"type":"Feature","geometry":{"type":"Point","coordinates":[4.514349,52.047199]},"properties":{"type":"charge","layer":"passenger","locationId":"2425547","name":"Laadnet Rexel Zoetermeer","address":"Bleiswijkseweg 35","city":"Zoetermeer","operatorName":"Laadnet","maxPowerKw":22,"isMegawatt":false,"status":"AVAILABLE","source":"ndw"}},{"type":"Feature","geometry":{"type":"Point","coordinates":[4.495521,52.034593]},"properties":{"type":"charge","layer":"passenger","locationId":"677fddaf3ecf143b66d0588c","name":"Presentation Partner","address":"Signaalrood 63","city":"Zoetermeer","operatorName":"E-Flux by Road","maxPowerKw":22,"isMegawatt":false,"status":"AVAILABLE","source":"ndw","priceKwh":0.53}},{"type":"Feature","geometry":{"type":"Point","coordinates":[4.48999,52.071894]},"properties":{"type":"charge","layer":"passenger","locationId":"90163336","name":"EQUANS SGZH 2.0 Bunuelstrook 112","address":"Bunuelstrook 112","city":"Zoetermeer","operatorName":"EQUANS","maxPowerKw":11,"isMegawatt":false,"status":"AVAILABLE","source":"ndw"}},{"type":"Feature","geometry":{"type":"Point","coordinates":[4.543653,52.060771]},"properties":{"type":"charge","layer":"passenger","locationId":"90238832","name":"EQUANS SGZH 2.0 Mainstroom 67","address":"Mainstroom 67","city":"Zoetermeer","operatorName":"EQUANS","maxPowerKw":11,"isMegawatt":false,"status":"AVAILABLE","source":"ndw"}},{"type":"Feature","geometry":{"type":"Point","coordinates":[4.469593,52.0423]},"properties":{"type":"charge","layer":"passenger","locationId":"3547","name":"EQUANS SGZH 2.0 3547","address":"Florasingel 30","city":"Zoetermeer","operatorName":"EQUANS","maxPowerKw":11,"isMegawatt":false,"status":"CHARGING","source":"ndw"}},{"type":"Feature","geometry":{"type":"Point","coordinates":[4.502308,52.048287]},"properties":{"type":"charge","layer":"passenger","locationId":"89317645","name":"EQUANS SGZH 2.0 89317645","address":"Maria van Oosterwijckstraat 59","city":"Zoetermeer","operatorName":"EQUANS","maxPowerKw":11,"isMegawatt":false,"status":"AVAILABLE","source":"ndw"}},{"type":"Feature","geometry":{"type":"Point","coordinates":[4.502524,52.072401]},"properties":{"type":"charge","layer":"passenger","locationId":"90247518","name":"EQUANS SGZH 2.0 Werflaan 36","address":"Werflaan 36","city":"Zoetermeer","operatorName":"EQUANS","maxPowerKw":11,"isMegawatt":false,"status":"CHARGING","source":"ndw"}},{"type":"Feature","geometry":{"type":"Point","coordinates":[4.47965,52.043453]},"properties":{"type":"charge","layer":"passenger","locationId":"89981281","name":"EQUANS SGZH 2.0 Nathaliegang 263","address":"Nathaliegang 263","city":"Zoetermeer","operatorName":"EQUANS","maxPowerKw":11,"isMegawatt":false,"status":"CHARGING","source":"ndw"}},{"type":"Feature","geometry":{"type":"Point","coordinates":[4.509899,52.061655]},"properties":{"type":"charge","layer":"passenger","locationId":"90369538","name":"EQUANS SGZH 2.0 Slootdreef 123","address":"Slootdreef 123","city":"Zoetermeer","operatorName":"EQUANS","maxPowerKw":11,"isMegawatt":false,"status":"AVAILABLE","source":"ndw"}},{"type":"Feature","geometry":{"type":"Point","coordinates":[4.483817,52.055771]},"properties":{"type":"charge","layer":"passenger","locationId":"90377603","name":"EQUANS SGZH 2.0 Dunantstraat 378","address":"Dunantstraat 378","city":"Zoetermeer","operatorName":"EQUANS","maxPowerKw":11,"isMegawatt":false,"status":"CHARGING","source":"ndw"}},{"type":"Feature","geometry":{"type":"Point","coordinates":[4.538715,52.058277]},"properties":{"type":"charge","layer":"passenger","locationId":"89254222","name":"EQUANS SGZH 2.0 89254222","address":"Tasmanië 90","city":"Zoetermeer","operatorName":"EQUANS","maxPowerKw":11,"isMegawatt":false,"status":"AVAILABLE","source":"ndw"}},{"type":"Feature","geometry":{"type":"Point","coordinates":[4.468161,52.041312]},"properties":{"type":"charge","layer":"passenger","locationId":"90164964","name":"EQUANS SGZH 2.0 Hazelaarzoom 5","address":"Hazelaarzoom 5","city":"Zoetermeer","operatorName":"EQUANS","maxPowerKw":11,"isMegawatt":false,"status":"AVAILABLE","source":"ndw"}},{"type":"Feature","geometry":{"type":"Point","coordinates":[4.495317,52.061973]},"properties":{"type":"charge","layer":"passenger","locationId":"685d3bd45ee28db0d826528c","name":"Hoogvliet, Italiëlaan 13 Zoetermeer - IV","address":"Italiëlaan 13 [P97]","city":"Zoetermeer","operatorName":"E-Flux by Road","maxPowerKw":22,"isMegawatt":false,"status":"UNAVAILABLE","source":"ndw","priceKwh":0.38}},{"type":"Feature","geometry":{"type":"Point","coordinates":[4.504727,52.04263]},"properties":{"type":"charge","layer":"passenger","locationId":"c73b64b174954b62bf9cbb11fce63f48","name":"Hoofdkantoor ERA Contour | TBI | Zoetermeer","address":"zilverstraat 39","city":"Zoetermeer","operatorName":"ERA Contour | TBI ","maxPowerKw":22,"isMegawatt":false,"status":"AVAILABLE","source":"ndw","priceKwh":0.3}},{"type":"Feature","geometry":{"type":"Point","coordinates":[4.526188,52.048192]},"properties":{"type":"charge","layer":"passenger","locationId":"90273560","name":"EQUANS SGZH 2.0 Van der Hagenstraat 36 A","address":"Van der Hagenstraat 36 A","city":"Zoetermeer","operatorName":"EQUANS","maxPowerKw":11,"isMegawatt":false,"status":"AVAILABLE","source":"ndw"}},{"type":"Feature","geometry":{"type":"Point","coordinates":[4.5271,52.05476]},"properties":{"type":"charge","layer":"passenger","locationId":"3454","name":"EQUANS SGZH 2.0 Slotermeer 11","address":"Slotermeer 11","city":"Zoetermeer","operatorName":"EQUANS","maxPowerKw":11,"isMegawatt":false,"status":"CHARGING","source":"ndw"}},{"type":"Feature","geometry":{"type":"Point","coordinates":[4.537832,52.052455]},"properties":{"type":"charge","layer":"passenger","locationId":"4217193","name":"Laadnet Lachman Zorg","address":"Falkland 13","city":"Zoetermeer","operatorName":"Laadnet","maxPowerKw":22,"isMegawatt":false,"status":"AVAILABLE","source":"ndw"}},{"type":"Feature","geometry":{"type":"Point","coordinates":[4.466066,52.053953]},"properties":{"type":"charge","layer":"passenger","locationId":"66507633","name":"EQUANS SGZH 2.0 66507633","address":"Fivelingo 25","city":"Zoetermeer","operatorName":"EQUANS","maxPowerKw":11,"isMegawatt":false,"status":"AVAILABLE","source":"ndw"}},{"type":"Feature","geometry":{"type":"Point","coordinates":[4.52099,52.07239]},"properties":{"type":"charge","layer":"passenger","locationId":"90978924","name":"EQUANS SGZH 2.0 Ruimtebaan 259 (t.h.v. John Woodruimte)","address":"Ruimtebaan 259","city":"Zoetermeer","operatorName":"EQUANS","maxPowerKw":11,"isMegawatt":false,"status":"AVAILABLE","source":"ndw"}},{"type":"Feature","geometry":{"type":"Point","coordinates":[4.488087,52.05205]},"properties":{"type":"charge","layer":"passenger","locationId":"3641","name":"EQUANS SGZH 2.0 3641","address":"Johan Willem Frisostraat 34","city":"Zoetermeer","operatorName":"EQUANS","maxPowerKw":11,"isMegawatt":false,"status":"CHARGING","source":"ndw"}},{"type":"Feature","geometry":{"type":"Point","coordinates":[4.50266,52.04323]},"properties":{"type":"charge","layer":"passenger","locationId":"BFB10B8F-EFF9-465F-9265-FD931E453145","name":"Eneco eMobility JOVI - Zilverstraat - Zoetermeer","address":"Zilverstraat 1","city":"Zoetermeer","operatorName":"Eneco","maxPowerKw":11,"isMegawatt":false,"status":"AVAILABLE","source":"ndw","priceKwh":0.32}},{"type":"Feature","geometry":{"type":"Point","coordinates":[4.501369,52.041305]},"properties":{"type":"charge","layer":"passenger","locationId":"90851413","name":"EQUANS SGZH 2.0 Aloëbruin 1 (Aloëbruin 8 TO)","address":"Aloëbruin 1","city":"Zoetermeer","operatorName":"EQUANS","maxPowerKw":11,"isMegawatt":false,"status":"AVAILABLE","source":"ndw"}},{"type":"Feature","geometry":{"type":"Point","coordinates":[4.532768,52.060084]},"properties":{"type":"charge","layer":"passenger","locationId":"90111891","name":"EQUANS SGZH 2.0 Zuidwijkstraat 50","address":"Zuidwijkstraat 50","city":"Zoetermeer","operatorName":"EQUANS","maxPowerKw":11,"isMegawatt":false,"status":"AVAILABLE","source":"ndw"}},{"type":"Feature","geometry":{"type":"Point","coordinates":[4.507023,52.063551]},"properties":{"type":"charge","layer":"passenger","locationId":"90281894","name":"EQUANS SGZH 2.0 Zeeltsloot T.H.V. Vissendreef 31","address":"Vissendreef 31","city":"Zoetermeer","operatorName":"EQUANS","maxPowerKw":11,"isMegawatt":false,"status":"AVAILABLE","source":"ndw"}},{"type":"Feature","geometry":{"type":"Point","coordinates":[4.500869,52.038589]},"properties":{"type":"charge","layer":"passenger","locationId":"AFB328E4-933D-402D-871B-6B7CB42019DC","name":"Eneco eMobility Mulitpy Zoetermeer","address":"Koraalrood 131","city":"Zoetermeer","operatorName":"Eneco","maxPowerKw":22,"isMegawatt":false,"status":"AVAILABLE","source":"ndw","priceKwh":0.28}},{"type":"Feature","geometry":{"type":"Point","coordinates":[4.514105,52.07392]},"properties":{"type":"charge","layer":"passenger","locationId":"90357650","name":"EQUANS SGZH 2.0 Ooiweide 41","address":"Ooiweide 41","city":"Zoetermeer","operatorName":"EQUANS","maxPowerKw":11,"isMegawatt":false,"status":"AVAILABLE","source":"ndw"}},{"type":"Feature","geometry":{"type":"Point","coordinates":[4.466545,52.060422]},"properties":{"type":"charge","layer":"passenger","locationId":"69e7826c0b94b61af1ec7073","name":"DPZ Services laadstation","address":"Zalkerbos  1","city":"zoetermeer","operatorName":"E-Flux by Road","maxPowerKw":22,"isMegawatt":false,"status":"AVAILABLE","source":"ndw","priceKwh":0.37}},{"type":"Feature","geometry":{"type":"Point","coordinates":[4.500792,52.040316]},"properties":{"type":"charge","layer":"passenger","locationId":"90255739","name":"EQUANS SGZH 2.0 Paletsingel 195","address":"Paletsingel 195","city":"Zoetermeer","operatorName":"EQUANS","maxPowerKw":11,"isMegawatt":false,"status":"AVAILABLE","source":"ndw"}},{"type":"Feature","geometry":{"type":"Point","coordinates":[4.502401,52.054477]},"properties":{"type":"charge","layer":"passenger","locationId":"89469398","name":"EQUANS SGZH 2.0 89469398","address":"Osylaan 2","city":"Zoetermeer","operatorName":"EQUANS","maxPowerKw":11,"isMegawatt":false,"status":"AVAILABLE","source":"ndw"}},{"type":"Feature","geometry":{"type":"Point","coordinates":[4.45974,52.04457]},"properties":{"type":"charge","layer":"passenger","locationId":"90987425","name":"EQUANS SGZH 2.0 Essehout 38","address":"Essehout 38","city":"Zoetermeer","operatorName":"EQUANS","maxPowerKw":11,"isMegawatt":false,"status":"AVAILABLE","source":"ndw"}},{"type":"Feature","geometry":{"type":"Point","coordinates":[4.49467,52.0532]},"properties":{"type":"charge","layer":"passenger","locationId":"91004210","name":"EQUANS SGZH 2.0 Oranjelaan 25","address":"Oranjelaan 25","city":"Zoetermeer","operatorName":"EQUANS","maxPowerKw":11,"isMegawatt":false,"status":"AVAILABLE","source":"ndw"}},{"type":"Feature","geometry":{"type":"Point","coordinates":[4.462496,52.045156]},"properties":{"type":"charge","layer":"passenger","locationId":"156855","name":"EQUANS SGZH 2.0 156855","address":"Hickoryhout 1","city":"Zoetermeer","operatorName":"EQUANS","maxPowerKw":11,"isMegawatt":false,"status":"AVAILABLE","source":"ndw"}},{"type":"Feature","geometry":{"type":"Point","coordinates":[4.462289,52.046537]},"properties":{"type":"charge","layer":"passenger","locationId":"89954440","name":"EQUANS SGZH 2.0 Balsahout 31","address":"Balsahout 31","city":"Zoetermeer","operatorName":"EQUANS","maxPowerKw":11,"isMegawatt":false,"status":"CHARGING","source":"ndw"}},{"type":"Feature","geometry":{"type":"Point","coordinates":[4.497228,52.071709]},"properties":{"type":"charge","layer":"passenger","locationId":"90020674","name":"EQUANS SGZH 2.0 Gondelkade 584","address":"Gondelkade 584","city":"Zoetermeer","operatorName":"EQUANS","maxPowerKw":11,"isMegawatt":false,"status":"AVAILABLE","source":"ndw"}},{"type":"Feature","geometry":{"type":"Point","coordinates":[4.469806,52.056233]},"properties":{"type":"charge","layer":"passenger","locationId":"89052421","name":"EQUANS SGZH 2.0 89052421","address":"Herenwaard 24","city":"Zoetermeer","operatorName":"EQUANS","maxPowerKw":11,"isMegawatt":false,"status":"AVAILABLE","source":"ndw"}},{"type":"Feature","geometry":{"type":"Point","coordinates":[4.477679,52.066043]},"properties":{"type":"charge","layer":"passenger","locationId":"89615427","name":"EQUANS SGZH 2.0 89615427","address":"H.M. van Randwijkhove 87","city":"Zoetermeer","operatorName":"EQUANS","maxPowerKw":11,"isMegawatt":false,"status":"AVAILABLE","source":"ndw"}},{"type":"Feature","geometry":{"type":"Point","coordinates":[4.509096,52.067482]},"properties":{"type":"charge","layer":"passenger","locationId":"89329952","name":"EQUANS SGZH 2.0 89329952","address":"Clematispark 8","city":"Zoetermeer","operatorName":"EQUANS","maxPowerKw":11,"isMegawatt":false,"status":"AVAILABLE","source":"ndw"}},{"type":"Feature","geometry":{"type":"Point","coordinates":[4.534381,52.057783]},"properties":{"type":"charge","layer":"passenger","locationId":"90830537","name":"EQUANS SGZH 2.0 Veluwemeer 69","address":"Veluwemeer 69","city":"Zoetermeer","operatorName":"EQUANS","maxPowerKw":11,"isMegawatt":false,"status":"AVAILABLE","source":"ndw"}},{"type":"Feature","geometry":{"type":"Point","coordinates":[4.49169,52.04156]},"properties":{"type":"charge","layer":"passenger","locationId":"91246466","name":"EQUANS SGZH 2.0 Geel-groenlaan 85","address":"Geel-groenlaan 85","city":"Zoetermeer","operatorName":"EQUANS","maxPowerKw":11,"isMegawatt":false,"status":"AVAILABLE","source":"ndw"}},{"type":"Feature","geometry":{"type":"Point","coordinates":[4.510125,52.071863]},"properties":{"type":"charge","layer":"passenger","locationId":"4804","name":"EQUANS SGZH 2.0 4804","address":"Bokkenweide 5","city":"Zoetermeer","operatorName":"EQUANS","maxPowerKw":11,"isMegawatt":false,"status":"AVAILABLE","source":"ndw"}},{"type":"Feature","geometry":{"type":"Point","coordinates":[4.531544,52.0524]},"properties":{"type":"charge","layer":"passenger","locationId":"89927756","name":"EQUANS SGZH 2.0 Bonaire 2","address":"Bonaire 2","city":"Zoetermeer","operatorName":"EQUANS","maxPowerKw":17,"isMegawatt":false,"status":"AVAILABLE","source":"ndw"}},{"type":"Feature","geometry":{"type":"Point","coordinates":[4.49536,52.062016]},"properties":{"type":"charge","layer":"passenger","locationId":"685d3b9517dcdfbb93f6f03b","name":"Hoogvliet, Italiëlaan 13 Zoetermeer - III","address":"Italiëlaan 13 [P96]","city":"Zoetermeer","operatorName":"E-Flux by Road","maxPowerKw":22,"isMegawatt":false,"status":"UNAVAILABLE","source":"ndw","priceKwh":0.38}},{"type":"Feature","geometry":{"type":"Point","coordinates":[4.51334,52.07208]},"properties":{"type":"charge","layer":"passenger","locationId":"91036791","name":"EQUANS SGZH 2.0 Konijnenweide 2","address":"Konijnenweide 2","city":"Zoetermeer","operatorName":"EQUANS","maxPowerKw":11,"isMegawatt":false,"status":"AVAILABLE","source":"ndw"}},{"type":"Feature","geometry":{"type":"Point","coordinates":[4.4977,52.06926]},"properties":{"type":"charge","layer":"passenger","locationId":"90850309","name":"EQUANS SGZH 2.0 Shawzijde 185","address":"Shawzijde 185","city":"Zoetermeer","operatorName":"EQUANS","maxPowerKw":11,"isMegawatt":false,"status":"CHARGING","source":"ndw"}},{"type":"Feature","geometry":{"type":"Point","coordinates":[4.498217,52.05283]},"properties":{"type":"charge","layer":"passenger","locationId":"90399970","name":"EQUANS SGZH 2.0 Eerste Stationsstraat 66","address":"Eerste Stationsstraat 66","city":"Zoetermeer","operatorName":"EQUANS","maxPowerKw":11,"isMegawatt":false,"status":"AVAILABLE","source":"ndw"}},{"type":"Feature","geometry":{"type":"Point","coordinates":[4.48298,52.04159]},"properties":{"type":"charge","layer":"passenger","locationId":"91016321","name":"EQUANS SGZH 2.0 Titaanwit 2","address":"Titaanwit 2","city":"Zoetermeer","operatorName":"EQUANS","maxPowerKw":11,"isMegawatt":false,"status":"AVAILABLE","source":"ndw"}},{"type":"Feature","geometry":{"type":"Point","coordinates":[4.49545,52.0743]},"properties":{"type":"charge","layer":"passenger","locationId":"4139","name":"EQUANS SGZH 2.0 Kaagkade 77","address":"Kaagkade 77","city":"Zoetermeer","operatorName":"EQUANS","maxPowerKw":11,"isMegawatt":false,"status":"AVAILABLE","source":"ndw"}},{"type":"Feature","geometry":{"type":"Point","coordinates":[4.511004,52.077748]},"properties":{"type":"charge","layer":"passenger","locationId":"89317647","name":"EQUANS SGZH 2.0 89317647","address":"Le Corbusierlijn 1","city":"Zoetermeer","operatorName":"EQUANS","maxPowerKw":11,"isMegawatt":false,"status":"CHARGING","source":"ndw"}},{"type":"Feature","geometry":{"type":"Point","coordinates":[4.490655,52.05423]},"properties":{"type":"charge","layer":"passenger","locationId":"89880936","name":"EQUANS SGZH 2.0 89880936","address":"Alexanderstraat 36","city":"Zoetermeer","operatorName":"EQUANS","maxPowerKw":11,"isMegawatt":false,"status":"AVAILABLE","source":"ndw"}},{"type":"Feature","geometry":{"type":"Point","coordinates":[4.478401,52.065437]},"properties":{"type":"charge","layer":"passenger","locationId":"89344618","name":"EQUANS SGZH 2.0 89344618","address":"Jan Camperthove 38","city":"Zoetermeer","operatorName":"EQUANS","maxPowerKw":11,"isMegawatt":false,"status":"AVAILABLE","source":"ndw"}},{"type":"Feature","geometry":{"type":"Point","coordinates":[4.541162,52.060649]},"properties":{"type":"charge","layer":"passenger","locationId":"89307264","name":"EQUANS SGZH 2.0 89307264","address":"Oosterheemplein 109","city":"Zoetermeer","operatorName":"EQUANS","maxPowerKw":11,"isMegawatt":false,"status":"AVAILABLE","source":"ndw"}},{"type":"Feature","geometry":{"type":"Point","coordinates":[4.494794,52.038442]},"properties":{"type":"charge","layer":"passenger","locationId":"90294205","name":"EQUANS SGZH 2.0 Indigoblauw 2","address":"Indigoblauw 2","city":"Zoetermeer","operatorName":"EQUANS","maxPowerKw":11,"isMegawatt":false,"status":"CHARGING","source":"ndw"}},{"type":"Feature","geometry":{"type":"Point","coordinates":[4.546851,52.059672]},"properties":{"type":"charge","layer":"passenger","locationId":"90850331","name":"EQUANS SGZH 2.0 Burgemeester Augustijnstraat 39","address":"Burgemeester Augustijnstraat 39","city":"Rotterdam","operatorName":"EQUANS","maxPowerKw":11,"isMegawatt":false,"status":"AVAILABLE","source":"ndw"}},{"type":"Feature","geometry":{"type":"Point","coordinates":[4.485581,52.044618]},"properties":{"type":"charge","layer":"passenger","locationId":"90103857","name":"EQUANS SGZH 2.0 Azuurblauw 97","address":"Azuurblauw 97","city":"Zoetermeer","operatorName":"EQUANS","maxPowerKw":22,"isMegawatt":false,"status":"AVAILABLE","source":"ndw"}},{"type":"Feature","geometry":{"type":"Point","coordinates":[4.52628,52.057041]},"properties":{"type":"charge","layer":"passenger","locationId":"91314025","name":"EQUANS SGZH 2.0 Gardameerpad 4","address":"Gardameerpad 4","city":"Zoetermeer","operatorName":"EQUANS","maxPowerKw":11,"isMegawatt":false,"status":"CHARGING","source":"ndw"}},{"type":"Feature","geometry":{"type":"Point","coordinates":[4.479113,52.063411]},"properties":{"type":"charge","layer":"passenger","locationId":"89052417","name":"EQUANS SGZH 2.0 89052417","address":"Carry van Bruggehove 23","city":"Zoetermeer","operatorName":"EQUANS","maxPowerKw":11,"isMegawatt":false,"status":"AVAILABLE","source":"ndw"}},{"type":"Feature","geometry":{"type":"Point","coordinates":[4.520394,52.071048]},"properties":{"type":"charge","layer":"passenger","locationId":"90401494","name":"EQUANS SGZH 2.0 Sterappelhof 2","address":"Sterappelhof 2","city":"Zoetermeer","operatorName":"EQUANS","maxPowerKw":11,"isMegawatt":false,"status":"AVAILABLE","source":"ndw"}},{"type":"Feature","geometry":{"type":"Point","coordinates":[4.47453,52.06975]},"properties":{"type":"charge","layer":"passenger","locationId":"90883817","name":"EQUANS SGZH 2.0 Lisztrode 40","address":"Lisztrode 40","city":"Zoetermeer","operatorName":"EQUANS","maxPowerKw":11,"isMegawatt":false,"status":"CHARGING","source":"ndw"}},{"type":"Feature","geometry":{"type":"Point","coordinates":[4.495037,52.044059]},"properties":{"type":"charge","layer":"passenger","locationId":"90201703","name":"EQUANS SGZH 2.0 Paletsingel 40","address":"Paletsingel 40","city":"Zoetermeer","operatorName":"EQUANS","maxPowerKw":11,"isMegawatt":false,"status":"AVAILABLE","source":"ndw"}},{"type":"Feature","geometry":{"type":"Point","coordinates":[4.49799,52.07405]},"properties":{"type":"charge","layer":"passenger","locationId":"91154514","name":"EQUANS SGZH 2.0 Loggerkade 2","address":"Loggerkade 2","city":"Zoetermeer","operatorName":"EQUANS","maxPowerKw":11,"isMegawatt":false,"status":"AVAILABLE","source":"ndw"}},{"type":"Feature","geometry":{"type":"Point","coordinates":[4.45864,52.06077]},"properties":{"type":"charge","layer":"passenger","locationId":"2900","name":"EQUANS SGZH 2.0 Wijnberg 1","address":"Wijnberg 1","city":"Zoetermeer","operatorName":"EQUANS","maxPowerKw":11,"isMegawatt":false,"status":"AVAILABLE","source":"ndw"}},{"type":"Feature","geometry":{"type":"Point","coordinates":[4.51244,52.070663]},"properties":{"type":"charge","layer":"passenger","locationId":"90830562","name":"EQUANS SGZH 2.0 Ooievaarsveld 16","address":"Ooievaarsveld 16","city":"Zoetermeer","operatorName":"EQUANS","maxPowerKw":11,"isMegawatt":false,"status":"UNAVAILABLE","source":"ndw"}},{"type":"Feature","geometry":{"type":"Point","coordinates":[4.467878,52.069364]},"properties":{"type":"charge","layer":"passenger","locationId":"89052381","name":"EQUANS SGZH 2.0 César Franckrode t.o. 1-3","address":"César Franckrode t.o. 1-3","city":"Zoetermeer","operatorName":"EQUANS","maxPowerKw":11,"isMegawatt":false,"status":"AVAILABLE","source":"ndw"}},{"type":"Feature","geometry":{"type":"Point","coordinates":[4.46185,52.06021]},"properties":{"type":"charge","layer":"passenger","locationId":"91114236","name":"EQUANS SGZH 2.0 Zandberg 1","address":"Zandberg 1","city":"Zoetermeer","operatorName":"EQUANS","maxPowerKw":11,"isMegawatt":false,"status":"AVAILABLE","source":"ndw"}},{"type":"Feature","geometry":{"type":"Point","coordinates":[4.527189,52.075255]},"properties":{"type":"charge","layer":"passenger","locationId":"2762","name":"EQUANS SGZH 2.0 Dijkmanschans 23","address":"Dijkmanschans 23","city":"Zoetermeer","operatorName":"EQUANS","maxPowerKw":11,"isMegawatt":false,"status":"AVAILABLE","source":"ndw"}},{"type":"Feature","geometry":{"type":"Point","coordinates":[4.477986,52.05862]},"properties":{"type":"charge","layer":"passenger","locationId":"88483345","name":"EQUANS SGZH 2.0 88483345","address":"Fonteinbos 123","city":"Zoetermeer","operatorName":"EQUANS","maxPowerKw":11,"isMegawatt":false,"status":"AVAILABLE","source":"ndw"}},{"type":"Feature","geometry":{"type":"Point","coordinates":[4.46356,52.053792]},"properties":{"type":"charge","layer":"passenger","locationId":"66351461","name":"EQUANS SGZH 2.0 66351461","address":"Biesland 29","city":"Zoetermeer","operatorName":"EQUANS","maxPowerKw":11,"isMegawatt":false,"status":"AVAILABLE","source":"ndw"}},{"type":"Feature","geometry":{"type":"Point","coordinates":[4.4657,52.044317]},"properties":{"type":"charge","layer":"passenger","locationId":"87612844","name":"EQUANS SGZH 2.0 87612844","address":"Plataanhout 66","city":"Zoetermeer","operatorName":"EQUANS","maxPowerKw":11,"isMegawatt":false,"status":"AVAILABLE","source":"ndw"}},{"type":"Feature","geometry":{"type":"Point","coordinates":[4.460636,52.056185]},"properties":{"type":"charge","layer":"passenger","locationId":"89362781","name":"EQUANS SGZH 2.0 89362781","address":"Langeberg 28 -K8","city":"Zoetermeer","operatorName":"EQUANS","maxPowerKw":11,"isMegawatt":false,"status":"AVAILABLE","source":"ndw"}},{"type":"Feature","geometry":{"type":"Point","coordinates":[4.49885,52.06564]},"properties":{"type":"charge","layer":"passenger","locationId":"672684","name":"EQUANS SGZH 2.0 Traviataschouw 19","address":"Traviataschouw 19","city":"Zoetermeer","operatorName":"EQUANS","maxPowerKw":11,"isMegawatt":false,"status":"AVAILABLE","source":"ndw"}},{"type":"Feature","geometry":{"type":"Point","coordinates":[4.503252,52.057021]},"properties":{"type":"charge","layer":"passenger","locationId":"89624306","name":"EQUANS SGZH 2.0 89624306","address":"Sandrinapad 1","city":"Zoetermeer","operatorName":"EQUANS","maxPowerKw":11,"isMegawatt":false,"status":"AVAILABLE","source":"ndw"}},{"type":"Feature","geometry":{"type":"Point","coordinates":[4.510041,52.073608]},"properties":{"type":"charge","layer":"passenger","locationId":"90306133","name":"EQUANS SGZH 2.0 Geitenweide 41","address":"Geitenweide 41","city":"Zoetermeer","operatorName":"EQUANS","maxPowerKw":11,"isMegawatt":false,"status":"AVAILABLE","source":"ndw"}},{"type":"Feature","geometry":{"type":"Point","coordinates":[4.498672,52.059075]},"properties":{"type":"charge","layer":"passenger","locationId":"90318191","name":"EQUANS SGZH 2.0 Du Meelaan 87","address":"Du Meelaan 87","city":"Zoetermeer","operatorName":"EQUANS","maxPowerKw":11,"isMegawatt":false,"status":"AVAILABLE","source":"ndw"}},{"type":"Feature","geometry":{"type":"Point","coordinates":[4.467046,52.056533]},"properties":{"type":"charge","layer":"passenger","locationId":"90238833","name":"EQUANS SGZH 2.0 Vrouwenhuiswaard 52 (Monnikenbos)","address":"Vrouwenhuiswaard 52","city":"Zoetermeer","operatorName":"EQUANS","maxPowerKw":11,"isMegawatt":false,"status":"AVAILABLE","source":"ndw"}},{"type":"Feature","geometry":{"type":"Point","coordinates":[4.462462,52.044936]},"properties":{"type":"charge","layer":"passenger","locationId":"89251441","name":"EQUANS SGZH 2.0 89251441","address":"Hickoryhout 15","city":"Zoetermeer","operatorName":"EQUANS","maxPowerKw":11,"isMegawatt":false,"status":"AVAILABLE","source":"ndw"}},{"type":"Feature","geometry":{"type":"Point","coordinates":[4.465949,52.054742]},"properties":{"type":"charge","layer":"passenger","locationId":"89981271","name":"EQUANS SGZH 2.0 Fivelingo 48","address":"Fivelingo 48","city":"Zoetermeer","operatorName":"EQUANS","maxPowerKw":11,"isMegawatt":false,"status":"CHARGING","source":"ndw"}},{"type":"Feature","geometry":{"type":"Point","coordinates":[4.480222,52.038453]},"properties":{"type":"charge","layer":"passenger","locationId":"90830529","name":"EQUANS SGZH 2.0 Beryl 2 (t.h.v. hoek Juweellaan)","address":"Beryl 2","city":"Zoetermeer","operatorName":"EQUANS","maxPowerKw":11,"isMegawatt":false,"status":"AVAILABLE","source":"ndw"}},{"type":"Feature","geometry":{"type":"Point","coordinates":[4.477772,52.040439]},"properties":{"type":"charge","layer":"passenger","locationId":"90195830","name":"EQUANS SGZH 2.0 Zenobiagang 81","address":"Zenobiagang 81","city":"Zoetermeer","operatorName":"EQUANS","maxPowerKw":11,"isMegawatt":false,"status":"AVAILABLE","source":"ndw"}},{"type":"Feature","geometry":{"type":"Point","coordinates":[4.475451,52.053486]},"properties":{"type":"charge","layer":"passenger","locationId":"90327007","name":"EQUANS SGZH 2.0 Dijkwater 9","address":"Dijkwater 9","city":"Zoetermeer","operatorName":"EQUANS","maxPowerKw":11,"isMegawatt":false,"status":"AVAILABLE","source":"ndw"}},{"type":"Feature","geometry":{"type":"Point","coordinates":[4.546759,52.06167]},"properties":{"type":"charge","layer":"passenger","locationId":"90255743","name":"EQUANS SGZH 2.0 Lekstroom 106","address":"Lekstroom 106","city":"Zoetermeer","operatorName":"EQUANS","maxPowerKw":11,"isMegawatt":false,"status":"CHARGING","source":"ndw"}},{"type":"Feature","geometry":{"type":"Point","coordinates":[4.483916,52.06836]},"properties":{"type":"charge","layer":"passenger","locationId":"90281892","name":"EQUANS SGZH 2.0 Multatulihove 18","address":"Multatulihove 18","city":"Zoetermeer","operatorName":"EQUANS","maxPowerKw":11,"isMegawatt":false,"status":"AVAILABLE","source":"ndw"}},{"type":"Feature","geometry":{"type":"Point","coordinates":[4.475057,52.054069]},"properties":{"type":"charge","layer":"passenger","locationId":"89188857","name":"EQUANS SGZH 2.0 89188857","address":"Binnenwater","city":"Zoetermeer","operatorName":"EQUANS","maxPowerKw":11,"isMegawatt":false,"status":"AVAILABLE","source":"ndw"}},{"type":"Feature","geometry":{"type":"Point","coordinates":[4.486755,52.045418]},"properties":{"type":"charge","layer":"passenger","locationId":"90255727","name":"EQUANS SGZH 2.0 Barbaragang 2","address":"Barbaragang 2","city":"Zoetermeer","operatorName":"EQUANS","maxPowerKw":11,"isMegawatt":false,"status":"AVAILABLE","source":"ndw"}},{"type":"Feature","geometry":{"type":"Point","coordinates":[4.49573,52.04186]},"properties":{"type":"charge","layer":"passenger","locationId":"91016257","name":"EQUANS SGZH 2.0 Donkergroen 19","address":"Donkergroen 19","city":"Zoetermeer","operatorName":"EQUANS","maxPowerKw":11,"isMegawatt":false,"status":"CHARGING","source":"ndw"}},{"type":"Feature","geometry":{"type":"Point","coordinates":[4.496726,52.06205]},"properties":{"type":"charge","layer":"passenger","locationId":"4f65ada4ed2a403ca31b5f9c88567cf2","name":"Jord B.V. | Zoetermeer","address":"Italiënlaan 29B","city":"Zoetermeer","operatorName":"Jord Energy","maxPowerKw":22,"isMegawatt":false,"status":"AVAILABLE","source":"ndw","priceKwh":0.62}},{"type":"Feature","geometry":{"type":"Point","coordinates":[4.462293,52.058094]},"properties":{"type":"charge","layer":"passenger","locationId":"90094572","name":"EQUANS SGZH 2.0 Tempelberg 112","address":"Tempelberg 112","city":"Zoetermeer","operatorName":"EQUANS","maxPowerKw":11,"isMegawatt":false,"status":"CHARGING","source":"ndw"}},{"type":"Feature","geometry":{"type":"Point","coordinates":[4.537709,52.064936]},"properties":{"type":"charge","layer":"passenger","locationId":"88886218","name":"EQUANS SGZH 2.0 88886218","address":"Puttershoekstraat 30","city":"Zoetermeer","operatorName":"EQUANS","maxPowerKw":11,"isMegawatt":false,"status":"AVAILABLE","source":"ndw"}},{"type":"Feature","geometry":{"type":"Point","coordinates":[4.508931,52.065846]},"properties":{"type":"charge","layer":"passenger","locationId":"90223500","name":"EQUANS SGZH 2.0 Vuurdoornpark 51","address":"Vuurdoornpark 51","city":"Zoetermeer","operatorName":"EQUANS","maxPowerKw":11,"isMegawatt":false,"status":"CHARGING","source":"ndw"}},{"type":"Feature","geometry":{"type":"Point","coordinates":[4.500459,52.053946]},"properties":{"type":"charge","layer":"passenger","locationId":"89168602","name":"EQUANS SGZH 2.0 89168602","address":"Pilatusdam 15","city":"Zoetermeer","operatorName":"EQUANS","maxPowerKw":11,"isMegawatt":false,"status":"AVAILABLE","source":"ndw"}},{"type":"Feature","geometry":{"type":"Point","coordinates":[4.514438,52.060942]},"properties":{"type":"charge","layer":"passenger","locationId":"90401510","name":"EQUANS SGZH 2.0 Bananengaarde 51","address":"Bananengaarde 51","city":"Zoetermeer","operatorName":"EQUANS","maxPowerKw":11,"isMegawatt":false,"status":"CHARGING","source":"ndw"}},{"type":"Feature","geometry":{"type":"Point","coordinates":[4.513289,52.067046]},"properties":{"type":"charge","layer":"passenger","locationId":"90122406","name":"EQUANS SGZH 2.0 Akeleituin 73","address":"Akeleituin 73","city":"Zoetermeer","operatorName":"EQUANS","maxPowerKw":11,"isMegawatt":false,"status":"AVAILABLE","source":"ndw"}},{"type":"Feature","geometry":{"type":"Point","coordinates":[4.47861,52.03733]},"properties":{"type":"charge","layer":"passenger","locationId":"4267","name":"EQUANS SGZH 2.0 Kristal 37","address":"Kristal 37","city":"Zoetermeer","operatorName":"EQUANS","maxPowerKw":11,"isMegawatt":false,"status":"AVAILABLE","source":"ndw"}},{"type":"Feature","geometry":{"type":"Point","coordinates":[4.521142,52.075579]},"properties":{"type":"charge","layer":"passenger","locationId":"90172044","name":"EQUANS SGZH 2.0 Lijnbaan 311","address":"Lijnbaan 311","city":"Zoetermeer","operatorName":"EQUANS","maxPowerKw":11,"isMegawatt":false,"status":"AVAILABLE","source":"ndw"}},{"type":"Feature","geometry":{"type":"Point","coordinates":[4.48362,52.04551]},"properties":{"type":"charge","layer":"passenger","locationId":"F387F173-762F-41B2-92EA-77019F6CD92F","name":"Eneco eMobility Regulus Enterprises - Albert Einsteinlaan 10 - Zoetermeer","address":"Albert Einsteinlaan 10","city":"Zoetermeer","operatorName":"Eneco","maxPowerKw":22,"isMegawatt":false,"status":"AVAILABLE","source":"ndw","priceKwh":0.32}},{"type":"Feature","geometry":{"type":"Point","coordinates":[4.51037,52.0538]},"properties":{"type":"charge","layer":"passenger","locationId":"91016324","name":"EQUANS SGZH 2.0 Douzapad 18","address":"Douzapad 18","city":"Zoetermeer","operatorName":"EQUANS","maxPowerKw":11,"isMegawatt":false,"status":"AVAILABLE","source":"ndw"}},{"type":"Feature","geometry":{"type":"Point","coordinates":[4.482326,52.049834]},"properties":{"type":"charge","layer":"passenger","locationId":"91507343","name":"EQUANS SGZH 2.0 Graaf Adolfstraat 10","address":"Graaf Adolfstraat 10","city":"Zoetermeer","operatorName":"EQUANS","maxPowerKw":11,"isMegawatt":false,"status":"AVAILABLE","source":"ndw"}},{"type":"Feature","geometry":{"type":"Point","coordinates":[4.469907,52.059838]},"properties":{"type":"charge","layer":"passenger","locationId":"3536","name":"EQUANS SGZH 2.0 3536","address":"Zalkerbos 161","city":"Zoetermeer","operatorName":"EQUANS","maxPowerKw":11,"isMegawatt":false,"status":"CHARGING","source":"ndw"}},{"type":"Feature","geometry":{"type":"Point","coordinates":[4.515872,52.061093]},"properties":{"type":"charge","layer":"passenger","locationId":"90172030","name":"EQUANS SGZH 2.0 Appelgaarde 67","address":"Appelgaarde 67","city":"Zoetermeer","operatorName":"EQUANS","maxPowerKw":11,"isMegawatt":false,"status":"AVAILABLE","source":"ndw"}},{"type":"Feature","geometry":{"type":"Point","coordinates":[4.517349,52.069323]},"properties":{"type":"charge","layer":"passenger","locationId":"90020665","name":"EQUANS SGZH 2.0 Velddreef 413","address":"Velddreef 413","city":"Zoetermeer","operatorName":"EQUANS","maxPowerKw":11,"isMegawatt":false,"status":"AVAILABLE","source":"ndw"}},{"type":"Feature","geometry":{"type":"Point","coordinates":[4.51982,52.075969]},"properties":{"type":"charge","layer":"passenger","locationId":"88886918","name":"EQUANS SGZH 2.0 88886918","address":"Lijnbaan 130","city":"Zoetermeer","operatorName":"EQUANS","maxPowerKw":11,"isMegawatt":false,"status":"AVAILABLE","source":"ndw"}},{"type":"Feature","geometry":{"type":"Point","coordinates":[4.467768,52.044837]},"properties":{"type":"charge","layer":"passenger","locationId":"2769","name":"EQUANS SGZH 2.0 2769","address":"Plataanhout 24","city":"Zoetermeer","operatorName":"EQUANS","maxPowerKw":11,"isMegawatt":false,"status":"CHARGING","source":"ndw"}},{"type":"Feature","geometry":{"type":"Point","coordinates":[4.472261,52.058649]},"properties":{"type":"charge","layer":"passenger","locationId":"90386358","name":"EQUANS SGZH 2.0 Jonkerbos 131","address":"Jonkerbos 131","city":"Zoetermeer","operatorName":"EQUANS","maxPowerKw":11,"isMegawatt":false,"status":"CHARGING","source":"ndw"}},{"type":"Feature","geometry":{"type":"Point","coordinates":[4.495969,52.054864]},"properties":{"type":"charge","layer":"passenger","locationId":"89222687","name":"EQUANS SGZH 2.0 89222687","address":"Julianalaan 3","city":"Zoetermeer","operatorName":"EQUANS","maxPowerKw":11,"isMegawatt":false,"status":"AVAILABLE","source":"ndw"}},{"type":"Feature","geometry":{"type":"Point","coordinates":[4.502712,52.07368]},"properties":{"type":"charge","layer":"passenger","locationId":"89052382","name":"EQUANS SGZH 2.0 89052382","address":"Werflaan 76","city":"Zoetermeer","operatorName":"EQUANS","maxPowerKw":11,"isMegawatt":false,"status":"AVAILABLE","source":"ndw"}},{"type":"Feature","geometry":{"type":"Point","coordinates":[4.45816,52.054338]},"properties":{"type":"charge","layer":"passenger","locationId":"59722674","name":"EQUANS SGZH 2.0 59722674","address":"Berglaan 132","city":"Zoetermeer","operatorName":"EQUANS","maxPowerKw":11,"isMegawatt":false,"status":"AVAILABLE","source":"ndw"}},{"type":"Feature","geometry":{"type":"Point","coordinates":[4.528611,52.070137]},"properties":{"type":"charge","layer":"passenger","locationId":"89178201","name":"EQUANS SGZH 2.0 89178201","address":"Van Rijswijckschans 17","city":"Zoetermeer","operatorName":"EQUANS","maxPowerKw":17,"isMegawatt":false,"status":"UNAVAILABLE","source":"ndw"}},{"type":"Feature","geometry":{"type":"Point","coordinates":[4.508286,52.058268]},"properties":{"type":"charge","layer":"passenger","locationId":"89329905","name":"EQUANS SGZH 2.0 89329905","address":"Johanna van Cuilenburgstraat 21","city":"Zoetermeer","operatorName":"EQUANS","maxPowerKw":11,"isMegawatt":false,"status":"AVAILABLE","source":"ndw"}},{"type":"Feature","geometry":{"type":"Point","coordinates":[4.536638,52.069833]},"properties":{"type":"charge","layer":"passenger","locationId":"90273590","name":"EQUANS SGZH 2.0 Loosduinenstraat 51","address":"Loosduinenstraat 51","city":"Zoetermeer","operatorName":"EQUANS","maxPowerKw":11,"isMegawatt":false,"status":"AVAILABLE","source":"ndw"}},{"type":"Feature","geometry":{"type":"Point","coordinates":[4.509134,52.057059]},"properties":{"type":"charge","layer":"passenger","locationId":"90306192","name":"EQUANS SGZH 2.0 Johan van Bourgondiëlaan 1234","address":"Johan van Bourgondiëlaan 1234","city":"Zoetermeer","operatorName":"EQUANS","maxPowerKw":11,"isMegawatt":false,"status":"AVAILABLE","source":"ndw"}},{"type":"Feature","geometry":{"type":"Point","coordinates":[4.4915,52.04398]},"properties":{"type":"charge","layer":"passenger","locationId":"91003837","name":"EQUANS SGZH 2.0 Barietgeel 5","address":"Barietgeel 5","city":"Zoetermeer","operatorName":"EQUANS","maxPowerKw":11,"isMegawatt":false,"status":"AVAILABLE","source":"ndw"}},{"type":"Feature","geometry":{"type":"Point","coordinates":[4.494759,52.069026]},"properties":{"type":"charge","layer":"passenger","locationId":"89330030","name":"EQUANS SGZH 2.0 89330030","address":"Shawzijde 38","city":"Zoetermeer","operatorName":"EQUANS","maxPowerKw":11,"isMegawatt":false,"status":"AVAILABLE","source":"ndw"}},{"type":"Feature","geometry":{"type":"Point","coordinates":[4.5405,52.06796]},"properties":{"type":"charge","layer":"passenger","locationId":"91454252","name":"EQUANS SGZH 2.0 Pernisstraat 2","address":"Pernisstraat 2","city":"Zoetermeer","operatorName":"EQUANS","maxPowerKw":11,"isMegawatt":false,"status":"AVAILABLE","source":"ndw"}},{"type":"Feature","geometry":{"type":"Point","coordinates":[4.486482,52.043438]},"properties":{"type":"charge","layer":"passenger","locationId":"90094571","name":"EQUANS SGZH 2.0 Tintlaan 100","address":"Tintlaan 100","city":"Zoetermeer","operatorName":"EQUANS","maxPowerKw":11,"isMegawatt":false,"status":"AVAILABLE","source":"ndw"}},{"type":"Feature","geometry":{"type":"Point","coordinates":[4.49018,52.07383]},"properties":{"type":"charge","layer":"passenger","locationId":"91050022","name":"EQUANS SGZH 2.0 Hoekerkade 101","address":"Hoekerkade 101","city":"Zoetermeer","operatorName":"EQUANS","maxPowerKw":11,"isMegawatt":false,"status":"AVAILABLE","source":"ndw"}},{"type":"Feature","geometry":{"type":"Point","coordinates":[4.536076,52.051682]},"properties":{"type":"charge","layer":"passenger","locationId":"89914486","name":"EQUANS SGZH 2.0 89914486","address":"Elba 64","city":"Zoetermeer","operatorName":"EQUANS","maxPowerKw":11,"isMegawatt":false,"status":"CHARGING","source":"ndw"}},{"type":"Feature","geometry":{"type":"Point","coordinates":[4.531839,52.068009]},"properties":{"type":"charge","layer":"passenger","locationId":"89052389","name":"EQUANS SGZH 2.0 89052389","address":"Hekelingenstraat nabij 84","city":"Zoetermeer","operatorName":"EQUANS","maxPowerKw":11,"isMegawatt":false,"status":"CHARGING","source":"ndw"}},{"type":"Feature","geometry":{"type":"Point","coordinates":[4.481895,52.041317]},"properties":{"type":"charge","layer":"passenger","locationId":"3633","name":"EQUANS SGZH 2.0 3633","address":"Pigmentsingel 2","city":"Zoetermeer","operatorName":"EQUANS","maxPowerKw":11,"isMegawatt":false,"status":"AVAILABLE","source":"ndw"}},{"type":"Feature","geometry":{"type":"Point","coordinates":[4.48296,52.04302]},"properties":{"type":"charge","layer":"passenger","locationId":"4806","name":"EQUANS SGZH 2.0 Moeder Teresasingel 80","address":"Moeder Teresasingel 80","city":"Zoetermeer","operatorName":"EQUANS","maxPowerKw":11,"isMegawatt":false,"status":"AVAILABLE","source":"ndw"}},{"type":"Feature","geometry":{"type":"Point","coordinates":[4.484537,52.065789]},"properties":{"type":"charge","layer":"passenger","locationId":"60611852","name":"EQUANS SGZH 2.0 60611852","address":"Timmermanshove 16","city":"Zoetermeer","operatorName":"EQUANS","maxPowerKw":11,"isMegawatt":false,"status":"AVAILABLE","source":"ndw"}},{"type":"Feature","geometry":{"type":"Point","coordinates":[4.51575,52.06201]},"properties":{"type":"charge","layer":"passenger","locationId":"55754075","name":"EQUANS SGZH 2.0 Appelgaarde 1","address":"Appelgaarde 1","city":"Zoetermeer","operatorName":"EQUANS","maxPowerKw":11,"isMegawatt":false,"status":"AVAILABLE","source":"ndw"}},{"type":"Feature","geometry":{"type":"Point","coordinates":[4.512797,52.074949]},"properties":{"type":"charge","layer":"passenger","locationId":"89824577","name":"EQUANS SGZH 2.0 89824577","address":"Rosweide 5","city":"Zoetermeer","operatorName":"EQUANS","maxPowerKw":11,"isMegawatt":false,"status":"AVAILABLE","source":"ndw"}},{"type":"Feature","geometry":{"type":"Point","coordinates":[4.490472,52.043926]},"properties":{"type":"charge","layer":"passenger","locationId":"89954439","name":"EQUANS SGZH 2.0 89954439","address":"Wit-geellaan 40","city":"Zoetermeer","operatorName":"EQUANS","maxPowerKw":11,"isMegawatt":false,"status":"AVAILABLE","source":"ndw"}},{"type":"Feature","geometry":{"type":"Point","coordinates":[4.460592,52.047365]},"properties":{"type":"charge","layer":"passenger","locationId":"74503034","name":"EQUANS SGZH 2.0 74503034","address":"Bodohout 2","city":"Zoetermeer","operatorName":"EQUANS","maxPowerKw":11,"isMegawatt":false,"status":"AVAILABLE","source":"ndw"}},{"type":"Feature","geometry":{"type":"Point","coordinates":[4.53959,52.061717]},"properties":{"type":"charge","layer":"passenger","locationId":"89052419","name":"EQUANS SGZH 2.0 89052419","address":"Schuddebeursstraat 90","city":"Zoetermeer","operatorName":"EQUANS","maxPowerKw":11,"isMegawatt":false,"status":"AVAILABLE","source":"ndw"}},{"type":"Feature","geometry":{"type":"Point","coordinates":[4.46502,52.04043]},"properties":{"type":"charge","layer":"passenger","locationId":"91305628","name":"EQUANS SGZH 2.0 Goudenregenzoom 186","address":"Goudenregenzoom 186","city":"Zoetermeer","operatorName":"EQUANS","maxPowerKw":11,"isMegawatt":false,"status":"CHARGING","source":"ndw"}},{"type":"Feature","geometry":{"type":"Point","coordinates":[4.52476,52.07712]},"properties":{"type":"charge","layer":"passenger","locationId":"4876","name":"EQUANS SGZH 2.0 Gonzagaruimte 19","address":"Gonzagaruimte 19","city":"Zoetermeer","operatorName":"EQUANS","maxPowerKw":11,"isMegawatt":false,"status":"AVAILABLE","source":"ndw"}},{"type":"Feature","geometry":{"type":"Point","coordinates":[4.545822,52.062878]},"properties":{"type":"charge","layer":"passenger","locationId":"89914482","name":"EQUANS SGZH 2.0 89914482","address":"IJsselstroom 41","city":"Zoetermeer","operatorName":"EQUANS","maxPowerKw":11,"isMegawatt":false,"status":"CHARGING","source":"ndw"}},{"type":"Feature","geometry":{"type":"Point","coordinates":[4.523249,52.076884]},"properties":{"type":"charge","layer":"passenger","locationId":"90682190","name":"EQUANS SGZH 2.0 Griffinruimte (t.h.v. Ruimtebaan 50)","address":"Griffinruimte","city":"Zoetermeer","operatorName":"EQUANS","maxPowerKw":11,"isMegawatt":false,"status":"AVAILABLE","source":"ndw"}},{"type":"Feature","geometry":{"type":"Point","coordinates":[4.512022,52.073638]},"properties":{"type":"charge","layer":"passenger","locationId":"5065","name":"EQUANS SGZH 2.0 5065","address":"Fretweide 38","city":"Zoetermeer","operatorName":"EQUANS","maxPowerKw":11,"isMegawatt":false,"status":"CHARGING","source":"ndw"}},{"type":"Feature","geometry":{"type":"Point","coordinates":[4.495597,52.051907]},"properties":{"type":"charge","layer":"passenger","locationId":"828132","name":"EQUANS SGZH 2.0 828132","address":"Marijkestraat 4","city":"Zoetermeer","operatorName":"EQUANS","maxPowerKw":11,"isMegawatt":false,"status":"AVAILABLE","source":"ndw"}},{"type":"Feature","geometry":{"type":"Point","coordinates":[4.541414,52.063978]},"properties":{"type":"charge","layer":"passenger","locationId":"89052364","name":"EQUANS SGZH 2.0 89052364","address":"Rhoonstraat 62","city":"Zoetermeer","operatorName":"EQUANS","maxPowerKw":11,"isMegawatt":false,"status":"CHARGING","source":"ndw"}},{"type":"Feature","geometry":{"type":"Point","coordinates":[4.507865,52.056869]},"properties":{"type":"charge","layer":"passenger","locationId":"89620308","name":"EQUANS SGZH 2.0 89620308","address":"Willem van Cleeflaan 635","city":"Zoetermeer","operatorName":"EQUANS","maxPowerKw":11,"isMegawatt":false,"status":"AVAILABLE","source":"ndw"}},{"type":"Feature","geometry":{"type":"Point","coordinates":[4.468124,52.05371]},"properties":{"type":"charge","layer":"passenger","locationId":"90987427","name":"EQUANS SGZH 2.0 Fivelingo 82","address":"Fivelingo 82","city":"Zoetermeer","operatorName":"EQUANS","maxPowerKw":11,"isMegawatt":false,"status":"CHARGING","source":"ndw"}},{"type":"Feature","geometry":{"type":"Point","coordinates":[4.502017,52.04741]},"properties":{"type":"charge","layer":"passenger","locationId":"90942134","name":"EQUANS SGZH 2.0 Maria van Oosterwijckstraat 25 (tussen het 3e en 4","address":"Maria van Oosterwijckstraat 25 (tussen het 3e","city":"Zoetermeer","operatorName":"EQUANS","maxPowerKw":11,"isMegawatt":false,"status":"AVAILABLE","source":"ndw"}},{"type":"Feature","geometry":{"type":"Point","coordinates":[4.516919,52.07683]},"properties":{"type":"charge","layer":"passenger","locationId":"89981317","name":"EQUANS SGZH 2.0 Van der Rohelijn 2","address":"Van der Rohelijn 2","city":"Zoetermeer","operatorName":"EQUANS","maxPowerKw":11,"isMegawatt":false,"status":"AVAILABLE","source":"ndw"}},{"type":"Feature","geometry":{"type":"Point","coordinates":[4.502184,52.067952]},"properties":{"type":"charge","layer":"passenger","locationId":"89954697","name":"EQUANS SGZH 2.0 89954697","address":"Lissenvaart 1","city":"Zoetermeer","operatorName":"EQUANS","maxPowerKw":11,"isMegawatt":false,"status":"AVAILABLE","source":"ndw"}},{"type":"Feature","geometry":{"type":"Point","coordinates":[4.497153,52.060166]},"properties":{"type":"charge","layer":"passenger","locationId":"90273566","name":"EQUANS SGZH 2.0 Bordeauxstraat 17","address":"Bordeauxstraat 17","city":"Zoetermeer","operatorName":"EQUANS","maxPowerKw":11,"isMegawatt":false,"status":"AVAILABLE","source":"ndw"}},{"type":"Feature","geometry":{"type":"Point","coordinates":[4.54036,52.05115]},"properties":{"type":"charge","layer":"passenger","locationId":"91387115","name":"EQUANS SGZH 2.0 Hebriden 68","address":"Hebriden 68","city":"Zoetermeer","operatorName":"EQUANS","maxPowerKw":11,"isMegawatt":false,"status":"AVAILABLE","source":"ndw"}},{"type":"Feature","geometry":{"type":"Point","coordinates":[4.50831,52.07285]},"properties":{"type":"charge","layer":"passenger","locationId":"72779195","name":"EQUANS SGZH 2.0 Buizerveld 17","address":"Buizerveld 17","city":"Zoetermeer","operatorName":"EQUANS","maxPowerKw":11,"isMegawatt":false,"status":"AVAILABLE","source":"ndw"}},{"type":"Feature","geometry":{"type":"Point","coordinates":[4.460046,52.045126]},"properties":{"type":"charge","layer":"passenger","locationId":"90386357","name":"EQUANS SGZH 2.0 Elzehout 1","address":"Elzehout 1","city":"Zoetermeer","operatorName":"EQUANS","maxPowerKw":11,"isMegawatt":false,"status":"AVAILABLE","source":"ndw"}},{"type":"Feature","geometry":{"type":"Point","coordinates":[4.54214,52.05159]},"properties":{"type":"charge","layer":"passenger","locationId":"91009211","name":"EQUANS SGZH 2.0 Javalaan 492","address":"Javalaan 492","city":"Zoetermeer","operatorName":"EQUANS","maxPowerKw":11,"isMegawatt":false,"status":"AVAILABLE","source":"ndw"}},{"type":"Feature","geometry":{"type":"Point","coordinates":[4.46754,52.06098]},"properties":{"type":"charge","layer":"passenger","locationId":"91144607","name":"EQUANS SGZH 2.0 Zalkerbos 10","address":"Zalkerbos 10","city":"Zoetermeer","operatorName":"EQUANS","maxPowerKw":11,"isMegawatt":false,"status":"AVAILABLE","source":"ndw"}},{"type":"Feature","geometry":{"type":"Point","coordinates":[4.468151,52.041561]},"properties":{"type":"charge","layer":"passenger","locationId":"89320301","name":"EQUANS SGZH 2.0 89320301","address":"Hazelaarzoom 20","city":"Zoetermeer","operatorName":"EQUANS","maxPowerKw":11,"isMegawatt":false,"status":"AVAILABLE","source":"ndw"}},{"type":"Feature","geometry":{"type":"Point","coordinates":[4.51495,52.06924]},"properties":{"type":"charge","layer":"passenger","locationId":"91379293","name":"EQUANS SGZH 2.0 Pauwenveld 18","address":"Pauwenveld 18","city":"Zoetermeer","operatorName":"EQUANS","maxPowerKw":11,"isMegawatt":false,"status":"AVAILABLE","source":"ndw"}},{"type":"Feature","geometry":{"type":"Point","coordinates":[4.542516,52.066843]},"properties":{"type":"charge","layer":"passenger","locationId":"90294290","name":"EQUANS SGZH 2.0 Piershilstraat 1","address":"Piershilstraat 1","city":"Zoetermeer","operatorName":"EQUANS","maxPowerKw":11,"isMegawatt":false,"status":"CHARGING","source":"ndw"}},{"type":"Feature","geometry":{"type":"Point","coordinates":[4.482267,52.06446]},"properties":{"type":"charge","layer":"passenger","locationId":"89329916","name":"EQUANS SGZH 2.0 89329916","address":"Vestdijkhove 30","city":"Zoetermeer","operatorName":"EQUANS","maxPowerKw":22,"isMegawatt":false,"status":"AVAILABLE","source":"ndw"}},{"type":"Feature","geometry":{"type":"Point","coordinates":[4.502824,52.052342]},"properties":{"type":"charge","layer":"passenger","locationId":"90155369","name":"EQUANS SGZH 2.0 Schoolstraat 2 A","address":"Schoolstraat 2 A","city":"Zoetermeer","operatorName":"EQUANS","maxPowerKw":11,"isMegawatt":false,"status":"AVAILABLE","source":"ndw"}},{"type":"Feature","geometry":{"type":"Point","coordinates":[4.49585,52.05499]},"properties":{"type":"charge","layer":"passenger","locationId":"90386356","name":"EQUANS SGZH 2.0 Nassaulaan 2","address":"Nassaulaan 2","city":"Zoetermeer","operatorName":"EQUANS","maxPowerKw":11,"isMegawatt":false,"status":"AVAILABLE","source":"ndw"}},{"type":"Feature","geometry":{"type":"Point","coordinates":[4.544835,52.061383]},"properties":{"type":"charge","layer":"passenger","locationId":"72890408","name":"EQUANS SGZH 2.0 72890408","address":"Lekstroom 43","city":"Zoetermeer","operatorName":"EQUANS","maxPowerKw":11,"isMegawatt":false,"status":"CHARGING","source":"ndw"}},{"type":"Feature","geometry":{"type":"Point","coordinates":[4.514187,52.063348]},"properties":{"type":"charge","layer":"passenger","locationId":"90322321","name":"EQUANS SGZH 2.0 Slootdreef 255","address":"Slootdreef 255","city":"Zoetermeer","operatorName":"EQUANS","maxPowerKw":11,"isMegawatt":false,"status":"AVAILABLE","source":"ndw"}},{"type":"Feature","geometry":{"type":"Point","coordinates":[4.543852,52.06565]},"properties":{"type":"charge","layer":"passenger","locationId":"89954442","name":"EQUANS SGZH 2.0 89954442","address":"Poortugaalstraat 17","city":"Zoetermeer","operatorName":"EQUANS","maxPowerKw":11,"isMegawatt":false,"status":"AVAILABLE","source":"ndw"}},{"type":"Feature","geometry":{"type":"Point","coordinates":[4.487688,52.062128]},"properties":{"type":"charge","layer":"passenger","locationId":"89954444","name":"EQUANS SGZH 2.0 89954444","address":"Brusselstraat 4","city":"Zoetermeer","operatorName":"EQUANS","maxPowerKw":11,"isMegawatt":false,"status":"CHARGING","source":"ndw"}},{"type":"Feature","geometry":{"type":"Point","coordinates":[4.524321,52.069803]},"properties":{"type":"charge","layer":"passenger","locationId":"90099949","name":"EQUANS SGZH 2.0 Bellefleurhof 26","address":"Bellefleurhof 26","city":"Zoetermeer","operatorName":"EQUANS","maxPowerKw":11,"isMegawatt":false,"status":"AVAILABLE","source":"ndw"}},{"type":"Feature","geometry":{"type":"Point","coordinates":[4.541449,52.051581]},"properties":{"type":"charge","layer":"passenger","locationId":"3505","name":"EQUANS SGZH 2.0 SGZH2-01369","address":"Hebriden 237","city":"Zoetermeer","operatorName":"EQUANS","maxPowerKw":11,"isMegawatt":false,"status":"CHARGING","source":"ndw"}},{"type":"Feature","geometry":{"type":"Point","coordinates":[4.516239,52.065821]},"properties":{"type":"charge","layer":"passenger","locationId":"89235335","name":"EQUANS SGZH 2.0 89235335","address":"Madelieventuin 5","city":"Zoetermeer","operatorName":"EQUANS","maxPowerKw":11,"isMegawatt":false,"status":"AVAILABLE","source":"ndw"}},{"type":"Feature","geometry":{"type":"Point","coordinates":[4.547395,52.059286]},"properties":{"type":"charge","layer":"passenger","locationId":"90111896","name":"EQUANS SGZH 2.0 Spreestroom 23","address":"Spreestroom 23","city":"Zoetermeer","operatorName":"EQUANS","maxPowerKw":11,"isMegawatt":false,"status":"AVAILABLE","source":"ndw"}},{"type":"Feature","geometry":{"type":"Point","coordinates":[4.456934,52.057715]},"properties":{"type":"charge","layer":"passenger","locationId":"89329963","name":"EQUANS SGZH 2.0 89329963","address":"Turfberg 1","city":"Zoetermeer","operatorName":"EQUANS","maxPowerKw":11,"isMegawatt":false,"status":"CHARGING","source":"ndw"}},{"type":"Feature","geometry":{"type":"Point","coordinates":[4.47438,52.04079]},"properties":{"type":"charge","layer":"passenger","locationId":"2768","name":"EQUANS SGZH 2.0 Agaat 1","address":"Agaat 1","city":"Zoetermeer","operatorName":"EQUANS","maxPowerKw":11,"isMegawatt":false,"status":"AVAILABLE","source":"ndw"}},{"type":"Feature","geometry":{"type":"Point","coordinates":[4.51089,52.047357]},"properties":{"type":"charge","layer":"passenger","locationId":"91144992","name":"EQUANS SGZH 2.0 Industrieweg 23","address":"Industrieweg 23","city":"Zoetermeer","operatorName":"EQUANS","maxPowerKw":11,"isMegawatt":false,"status":"AVAILABLE","source":"ndw"}},{"type":"Feature","geometry":{"type":"Point","coordinates":[4.463219,52.056977]},"properties":{"type":"charge","layer":"passenger","locationId":"72779183","name":"EQUANS SGZH 2.0 72779183","address":"Tankenberg 12","city":"Zoetermeer","operatorName":"EQUANS","maxPowerKw":11,"isMegawatt":false,"status":"CHARGING","source":"ndw"}},{"type":"Feature","geometry":{"type":"Point","coordinates":[4.48042,52.03345]},"properties":{"type":"charge","layer":"passenger","locationId":"3606","name":"EQUANS SGZH 2.0 Amaril 25","address":"Amaril 25","city":"Zoetermeer","operatorName":"EQUANS","maxPowerKw":11,"isMegawatt":false,"status":"AVAILABLE","source":"ndw"}},{"type":"Feature","geometry":{"type":"Point","coordinates":[4.486127,52.042164]},"properties":{"type":"charge","layer":"passenger","locationId":"89052376","name":"EQUANS SGZH 2.0 89238521","address":"Spierwit 26","city":"Zoetermeer","operatorName":"EQUANS","maxPowerKw":11,"isMegawatt":false,"status":"AVAILABLE","source":"ndw"}},{"type":"Feature","geometry":{"type":"Point","coordinates":[4.506415,52.057499]},"properties":{"type":"charge","layer":"passenger","locationId":"90096525","name":"EQUANS SGZH 2.0 Rakkersveld 253","address":"Rakkersveld 253","city":"Zoetermeer","operatorName":"EQUANS","maxPowerKw":11,"isMegawatt":false,"status":"AVAILABLE","source":"ndw"}},{"type":"Feature","geometry":{"type":"Point","coordinates":[4.533745,52.06993]},"properties":{"type":"charge","layer":"passenger","locationId":"90163331","name":"EQUANS SGZH 2.0 Kijkhoefstraat (t.h.v Hekelingenstraat 33)","address":"Kijkhoefstraat","city":"Zoetermeer","operatorName":"EQUANS","maxPowerKw":11,"isMegawatt":false,"status":"CHARGING","source":"ndw"}},{"type":"Feature","geometry":{"type":"Point","coordinates":[4.480132,52.035896]},"properties":{"type":"charge","layer":"passenger","locationId":"90273585","name":"EQUANS SGZH 2.0 Saffier 38","address":"Saffier 38","city":"Zoetermeer","operatorName":"EQUANS","maxPowerKw":11,"isMegawatt":false,"status":"AVAILABLE","source":"ndw"}},{"type":"Feature","geometry":{"type":"Point","coordinates":[4.50672,52.06617]},"properties":{"type":"charge","layer":"passenger","locationId":"91172032","name":"EQUANS SGZH 2.0 Pitrusvaart 65","address":"Pitrusvaart 65","city":"Zoetermeer","operatorName":"EQUANS","maxPowerKw":11,"isMegawatt":false,"status":"AVAILABLE","source":"ndw"}},{"type":"Feature","geometry":{"type":"Point","coordinates":[4.528778,52.065014]},"properties":{"type":"charge","layer":"passenger","locationId":"90111894","name":"EQUANS SGZH 2.0 Everdingenstraat 1","address":"Everdingenstraat 1","city":"Zoetermeer","operatorName":"EQUANS","maxPowerKw":11,"isMegawatt":false,"status":"AVAILABLE","source":"ndw"}},{"type":"Feature","geometry":{"type":"Point","coordinates":[4.500834,52.065503]},"properties":{"type":"charge","layer":"passenger","locationId":"90386360","name":"EQUANS SGZH 2.0 Lissenvaart 96","address":"Lissenvaart 96","city":"Zoetermeer","operatorName":"EQUANS","maxPowerKw":11,"isMegawatt":false,"status":"AVAILABLE","source":"ndw"}},{"type":"Feature","geometry":{"type":"Point","coordinates":[4.502332,52.049764]},"properties":{"type":"charge","layer":"passenger","locationId":"91114781","name":"EQUANS SGZH 2.0 Banckertstraat 12","address":"Banckertstraat 12","city":"Zoetermeer","operatorName":"EQUANS","maxPowerKw":11,"isMegawatt":false,"status":"AVAILABLE","source":"ndw"}},{"type":"Feature","geometry":{"type":"Point","coordinates":[4.49653,52.04093]},"properties":{"type":"charge","layer":"passenger","locationId":"91004643","name":"EQUANS SGZH 2.0 Groen-blauwlaan 42","address":"Groen-blauwlaan 42","city":"Zoetermeer","operatorName":"EQUANS","maxPowerKw":11,"isMegawatt":false,"status":"AVAILABLE","source":"ndw"}},{"type":"Feature","geometry":{"type":"Point","coordinates":[4.48617,52.07057]},"properties":{"type":"charge","layer":"passenger","locationId":"90925429","name":"EQUANS SGZH 2.0 Bergmanstrook 36","address":"Bergmanstrook 36","city":"Zoetermeer","operatorName":"EQUANS","maxPowerKw":11,"isMegawatt":false,"status":"AVAILABLE","source":"ndw"}},{"type":"Feature","geometry":{"type":"Point","coordinates":[4.54006,52.055985]},"properties":{"type":"charge","layer":"passenger","locationId":"2764","name":"EQUANS SGZH 2.0 2764","address":"Sumatra 20","city":"Zoetermeer","operatorName":"EQUANS","maxPowerKw":11,"isMegawatt":false,"status":"AVAILABLE","source":"ndw"}},{"type":"Feature","geometry":{"type":"Point","coordinates":[4.50231,52.0776]},"properties":{"type":"charge","layer":"passenger","locationId":"2766","name":"EQUANS SGZH 2.0 Nansenrede 2","address":"Nansenrede 2","city":"Zoetermeer","operatorName":"EQUANS","maxPowerKw":11,"isMegawatt":false,"status":"AVAILABLE","source":"ndw"}},{"type":"Feature","geometry":{"type":"Point","coordinates":[4.493268,52.065164]},"properties":{"type":"charge","layer":"passenger","locationId":"62945372","name":"EQUANS SGZH 2.0 62945372","address":"Aïdaschouw 24","city":"Zoetermeer","operatorName":"EQUANS","maxPowerKw":11,"isMegawatt":false,"status":"AVAILABLE","source":"ndw"}},{"type":"Feature","geometry":{"type":"Point","coordinates":[4.494062,52.063355]},"properties":{"type":"charge","layer":"passenger","locationId":"89477498","name":"EQUANS SGZH 2.0 89477498","address":"Berlijnstraat 101","city":"Zoetermeer","operatorName":"EQUANS","maxPowerKw":11,"isMegawatt":false,"status":"AVAILABLE","source":"ndw"}},{"type":"Feature","geometry":{"type":"Point","coordinates":[4.475409,52.050023]},"properties":{"type":"charge","layer":"passenger","locationId":"69b28fb37192abaae85d17ae","name":"Hillborgh","address":"Bredewater 26","city":"Zoetermeer","operatorName":"Pluq","maxPowerKw":11,"isMegawatt":false,"status":"AVAILABLE","source":"ndw","priceKwh":0.48}},{"type":"Feature","geometry":{"type":"Point","coordinates":[4.509068,52.054778]},"properties":{"type":"charge","layer":"passenger","locationId":"89317593","name":"EQUANS SGZH 2.0 89317593","address":"Van Alkemadehof 70","city":"Zoetermeer","operatorName":"EQUANS","maxPowerKw":11,"isMegawatt":false,"status":"CHARGING","source":"ndw"}},{"type":"Feature","geometry":{"type":"Point","coordinates":[4.48931,52.05999]},"properties":{"type":"charge","layer":"passenger","locationId":"91421975","name":"EQUANS SGZH 2.0 Engelandlaan 34","address":"Engelandlaan 34","city":"Zoetermeer","operatorName":"EQUANS","maxPowerKw":11,"isMegawatt":false,"status":"AVAILABLE","source":"ndw"}},{"type":"Feature","geometry":{"type":"Point","coordinates":[4.500042,52.043293]},"properties":{"type":"charge","layer":"passenger","locationId":"89332803","name":"EQUANS SGZH 2.0 89332803","address":"Kasselbruin 33","city":"Zoetermeer","operatorName":"EQUANS","maxPowerKw":11,"isMegawatt":false,"status":"AVAILABLE","source":"ndw"}},{"type":"Feature","geometry":{"type":"Point","coordinates":[4.474197,52.060798]},"properties":{"type":"charge","layer":"passenger","locationId":"90877346","name":"EQUANS SGZH 2.0 Hoevenbos 7","address":"Hoevenbos 7","city":"Zoetermeer","operatorName":"EQUANS","maxPowerKw":11,"isMegawatt":false,"status":"AVAILABLE","source":"ndw"}},{"type":"Feature","geometry":{"type":"Point","coordinates":[4.5348,52.07069]},"properties":{"type":"charge","layer":"passenger","locationId":"2839","name":"EQUANS SGZH 2.0 Hekelingenstraat 1","address":"Hekelingenstraat 1","city":"Zoetermeer","operatorName":"EQUANS","maxPowerKw":11,"isMegawatt":false,"status":"AVAILABLE","source":"ndw"}},{"type":"Feature","geometry":{"type":"Point","coordinates":[4.528763,52.055559]},"properties":{"type":"charge","layer":"passenger","locationId":"90109038","name":"EQUANS SGZH 2.0 Lauwersmeer 6","address":"Lauwersmeer 6","city":"Zoetermeer","operatorName":"EQUANS","maxPowerKw":11,"isMegawatt":false,"status":"CHARGING","source":"ndw"}},{"type":"Feature","geometry":{"type":"Point","coordinates":[4.507176,52.047772]},"properties":{"type":"charge","layer":"passenger","locationId":"696e3276f7fa8844057fb5df","name":"Van Winkelen","address":"Industrieweg 5a","city":"Zoetermeer","operatorName":"Lanova Laadpalen","maxPowerKw":200,"isMegawatt":false,"status":"AVAILABLE","source":"ndw","priceKwh":0.33}},{"type":"Feature","geometry":{"type":"Point","coordinates":[4.539414,52.064354]},"properties":{"type":"charge","layer":"passenger","locationId":"89604316","name":"EQUANS SGZH 2.0 89604316","address":"Piershilstraat 91","city":"Zoetermeer","operatorName":"EQUANS","maxPowerKw":11,"isMegawatt":false,"status":"AVAILABLE","source":"ndw"}},{"type":"Feature","geometry":{"type":"Point","coordinates":[4.518602,52.071791]},"properties":{"type":"charge","layer":"passenger","locationId":"90294296","name":"EQUANS SGZH 2.0 Veulenweide 4","address":"Veulenweide 4","city":"Zoetermeer","operatorName":"EQUANS","maxPowerKw":11,"isMegawatt":false,"status":"AVAILABLE","source":"ndw"}},{"type":"Feature","geometry":{"type":"Point","coordinates":[4.472433,52.051315]},"properties":{"type":"charge","layer":"passenger","locationId":"89209914","name":"EQUANS SGZH 2.0 89209914","address":"Kooienswater 36","city":"Zoetermeer","operatorName":"EQUANS","maxPowerKw":22,"isMegawatt":false,"status":"CHARGING","source":"ndw"}},{"type":"Feature","geometry":{"type":"Point","coordinates":[4.5288,52.07927]},"properties":{"type":"charge","layer":"passenger","locationId":"90928480","name":"EQUANS SGZH 2.0 Van den Corputschans 2","address":"Van den Corputschans 2","city":"Zoetermeer","operatorName":"EQUANS","maxPowerKw":11,"isMegawatt":false,"status":"AVAILABLE","source":"ndw"}},{"type":"Feature","geometry":{"type":"Point","coordinates":[4.506578,52.071292]},"properties":{"type":"charge","layer":"passenger","locationId":"89228018","name":"EQUANS SGZH 2.0 89228018","address":"Gorzenveld 11","city":"Zoetermeer","operatorName":"EQUANS","maxPowerKw":11,"isMegawatt":false,"status":"AVAILABLE","source":"ndw"}},{"type":"Feature","geometry":{"type":"Point","coordinates":[4.468337,52.044743]},"properties":{"type":"charge","layer":"passenger","locationId":"89254216","name":"EQUANS SGZH 2.0 89254216","address":"Plataanhout 26","city":"Zoetermeer","operatorName":"EQUANS","maxPowerKw":11,"isMegawatt":false,"status":"AVAILABLE","source":"ndw"}},{"type":"Feature","geometry":{"type":"Point","coordinates":[4.458673,52.061885]},"properties":{"type":"charge","layer":"passenger","locationId":"4513","name":"EQUANS SGZH 2.0 4513","address":"Zonnenberg 8","city":"Zoetermeer","operatorName":"EQUANS","maxPowerKw":11,"isMegawatt":false,"status":"AVAILABLE","source":"ndw"}},{"type":"Feature","geometry":{"type":"Point","coordinates":[4.47752,52.03822]},"properties":{"type":"charge","layer":"passenger","locationId":"90925061","name":"EQUANS SGZH 2.0 Diamant 2","address":"Diamant 2","city":"Zoetermeer","operatorName":"EQUANS","maxPowerKw":11,"isMegawatt":false,"status":"CHARGING","source":"ndw"}},{"type":"Feature","geometry":{"type":"Point","coordinates":[4.47719,52.041765]},"properties":{"type":"charge","layer":"passenger","locationId":"3565","name":"EQUANS SGZH 2.0 3565","address":"Susannegang 40","city":"Zoetermeer","operatorName":"EQUANS","maxPowerKw":11,"isMegawatt":false,"status":"AVAILABLE","source":"ndw"}},{"type":"Feature","geometry":{"type":"Point","coordinates":[4.465797,52.041432]},"properties":{"type":"charge","layer":"passenger","locationId":"74924977","name":"EQUANS SGZH 2.0 74924977","address":"Florasingel 17","city":"Zoetermeer","operatorName":"EQUANS","maxPowerKw":11,"isMegawatt":false,"status":"AVAILABLE","source":"ndw"}},{"type":"Feature","geometry":{"type":"Point","coordinates":[4.51806,52.075925]},"properties":{"type":"charge","layer":"passenger","locationId":"90357736","name":"EQUANS SGZH 2.0 Kernbaan hoek Lijnbaan 96","address":"Kernbaan hoek Lijnbaan 96","city":"Zoetermeer","operatorName":"EQUANS","maxPowerKw":11,"isMegawatt":false,"status":"CHARGING","source":"ndw"}},{"type":"Feature","geometry":{"type":"Point","coordinates":[4.53851,52.06593]},"properties":{"type":"charge","layer":"passenger","locationId":"90925168","name":"EQUANS SGZH 2.0 Nieuwveenstraat 10","address":"Nieuwveenstraat 10","city":"Zoetermeer","operatorName":"EQUANS","maxPowerKw":11,"isMegawatt":false,"status":"CHARGING","source":"ndw"}},{"type":"Feature","geometry":{"type":"Point","coordinates":[4.495586,52.04103]},"properties":{"type":"charge","layer":"passenger","locationId":"90243386","name":"EQUANS SGZH 2.0 Donkergroen 191","address":"Donkergroen 191","city":"Zoetermeer","operatorName":"EQUANS","maxPowerKw":11,"isMegawatt":false,"status":"CHARGING","source":"ndw"}},{"type":"Feature","geometry":{"type":"Point","coordinates":[4.539004,52.067779]},"properties":{"type":"charge","layer":"passenger","locationId":"89052391","name":"EQUANS SGZH 2.0 Nieuwpoortstraat 1","address":"Nieuwpoortstraat 1","city":"Zoetermeer","operatorName":"EQUANS","maxPowerKw":11,"isMegawatt":false,"status":"CHARGING","source":"ndw"}},{"type":"Feature","geometry":{"type":"Point","coordinates":[4.476316,52.063992]},"properties":{"type":"charge","layer":"passenger","locationId":"90322324","name":"EQUANS SGZH 2.0 P.C. Boutenshove 71","address":"P.C. Boutenshove 71","city":"Zoetermeer","operatorName":"EQUANS","maxPowerKw":11,"isMegawatt":false,"status":"AVAILABLE","source":"ndw"}},{"type":"Feature","geometry":{"type":"Point","coordinates":[4.535101,52.055422]},"properties":{"type":"charge","layer":"passenger","locationId":"89179045","name":"EQUANS SGZH 2.0 89179045","address":"Tasmanië 200","city":"Zoetermeer","operatorName":"EQUANS","maxPowerKw":17,"isMegawatt":false,"status":"AVAILABLE","source":"ndw"}},{"type":"Feature","geometry":{"type":"Point","coordinates":[4.540757,52.05562]},"properties":{"type":"charge","layer":"passenger","locationId":"89604309","name":"EQUANS SGZH 2.0 89604309","address":"Shetland 122","city":"Zoetermeer","operatorName":"EQUANS","maxPowerKw":11,"isMegawatt":false,"status":"AVAILABLE","source":"ndw"}},{"type":"Feature","geometry":{"type":"Point","coordinates":[4.46221,52.054705]},"properties":{"type":"charge","layer":"passenger","locationId":"89241943","name":"EQUANS SGZH 2.0 89241943","address":"Hunsingo 130","city":"Zoetermeer","operatorName":"EQUANS","maxPowerKw":11,"isMegawatt":false,"status":"AVAILABLE","source":"ndw"}},{"type":"Feature","geometry":{"type":"Point","coordinates":[4.52354,52.07778]},"properties":{"type":"charge","layer":"passenger","locationId":"91155768","name":"EQUANS SGZH 2.0 Delouvrierruimte 29","address":"Delouvrierruimte 29","city":"Zoetermeer","operatorName":"EQUANS","maxPowerKw":11,"isMegawatt":false,"status":"AVAILABLE","source":"ndw"}},{"type":"Feature","geometry":{"type":"Point","coordinates":[4.485084,52.039273]},"properties":{"type":"charge","layer":"passenger","locationId":"3564","name":"EQUANS SGZH 2.0 3564","address":"Saturnusgeel 122","city":"Zoetermeer","operatorName":"EQUANS","maxPowerKw":11,"isMegawatt":false,"status":"AVAILABLE","source":"ndw"}},{"type":"Feature","geometry":{"type":"Point","coordinates":[4.464955,52.046615]},"properties":{"type":"charge","layer":"passenger","locationId":"89052400","name":"EQUANS SGZH 2.0 Houtsingel hoek Alonehout 31","address":"Houtsingel hoek Alonehout 31","city":"Zoetermeer","operatorName":"EQUANS","maxPowerKw":11,"isMegawatt":false,"status":"AVAILABLE","source":"ndw"}},{"type":"Feature","geometry":{"type":"Point","coordinates":[4.522906,52.055289]},"properties":{"type":"charge","layer":"passenger","locationId":"b75aa1422a5bc0c05271fa2f33352a57","name":"Kelvinstraat 1","address":"Kelvinstraat 1","city":"Zoetermeer","operatorName":"Vattenfall InCharge","maxPowerKw":50,"isMegawatt":false,"status":"AVAILABLE","source":"ndw"}},{"type":"Feature","geometry":{"type":"Point","coordinates":[4.542096,52.056844]},"properties":{"type":"charge","layer":"passenger","locationId":"63229202","name":"EQUANS SGZH 2.0 63229202","address":"Shetland 38","city":"Zoetermeer","operatorName":"EQUANS","maxPowerKw":11,"isMegawatt":false,"status":"AVAILABLE","source":"ndw"}},{"type":"Feature","geometry":{"type":"Point","coordinates":[4.489607,52.042618]},"properties":{"type":"charge","layer":"passenger","locationId":"90385819","name":"EQUANS SGZH 2.0 Napelsgeel 12","address":"Napelsgeel 12","city":"Zoetermeer","operatorName":"EQUANS","maxPowerKw":11,"isMegawatt":false,"status":"CHARGING","source":"ndw"}},{"type":"Feature","geometry":{"type":"Point","coordinates":[4.524396,52.075463]},"properties":{"type":"charge","layer":"passenger","locationId":"74503065","name":"EQUANS SGZH 2.0 74503065","address":"Hippodamusruimte 16","city":"Zoetermeer","operatorName":"EQUANS","maxPowerKw":11,"isMegawatt":false,"status":"AVAILABLE","source":"ndw"}},{"type":"Feature","geometry":{"type":"Point","coordinates":[4.48217,52.043515]},"properties":{"type":"charge","layer":"passenger","locationId":"90385818","name":"EQUANS SGZH 2.0 Jessicagang 25","address":"Jessicagang 25","city":"Zoetermeer","operatorName":"EQUANS","maxPowerKw":11,"isMegawatt":false,"status":"AVAILABLE","source":"ndw"}},{"type":"Feature","geometry":{"type":"Point","coordinates":[4.476805,52.040514]},"properties":{"type":"charge","layer":"passenger","locationId":"89637075","name":"EQUANS SGZH 2.0 89637075","address":"Zenobiagang 44","city":"Zoetermeer","operatorName":"EQUANS","maxPowerKw":11,"isMegawatt":false,"status":"AVAILABLE","source":"ndw"}},{"type":"Feature","geometry":{"type":"Point","coordinates":[4.493019,52.050749]},"properties":{"type":"charge","layer":"passenger","locationId":"90122395","name":"EQUANS SGZH 2.0 Kloosstraat 18","address":"Kloosstraat 18","city":"Zoetermeer","operatorName":"EQUANS","maxPowerKw":11,"isMegawatt":false,"status":"AVAILABLE","source":"ndw"}},{"type":"Feature","geometry":{"type":"Point","coordinates":[4.475732,52.036245]},"properties":{"type":"charge","layer":"passenger","locationId":"89238531","name":"EQUANS SGZH 2.0 89238531","address":"Sieraadlaan 61","city":"Zoetermeer","operatorName":"EQUANS","maxPowerKw":17,"isMegawatt":false,"status":"UNAVAILABLE","source":"ndw"}},{"type":"Feature","geometry":{"type":"Point","coordinates":[4.498415,52.076214]},"properties":{"type":"charge","layer":"passenger","locationId":"90094575","name":"EQUANS SGZH 2.0 Kadelaan 206","address":"Kadelaan 206","city":"Zoetermeer","operatorName":"EQUANS","maxPowerKw":11,"isMegawatt":false,"status":"AVAILABLE","source":"ndw"}},{"type":"Feature","geometry":{"type":"Point","coordinates":[4.51271,52.064042]},"properties":{"type":"charge","layer":"passenger","locationId":"3534","name":"EQUANS SGZH 2.0 3534","address":"Steursloot 1","city":"Zoetermeer","operatorName":"EQUANS","maxPowerKw":11,"isMegawatt":false,"status":"AVAILABLE","source":"ndw"}},{"type":"Feature","geometry":{"type":"Point","coordinates":[4.528524,52.065374]},"properties":{"type":"charge","layer":"passenger","locationId":"90830561","name":"EQUANS SGZH 2.0 Driebruggenstraat 1 (hoek Asperenstraat)","address":"Driebruggenstraat 1","city":"Zoetermeer","operatorName":"EQUANS","maxPowerKw":11,"isMegawatt":false,"status":"AVAILABLE","source":"ndw"}},{"type":"Feature","geometry":{"type":"Point","coordinates":[4.537517,52.061083]},"properties":{"type":"charge","layer":"passenger","locationId":"63088266","name":"EQUANS SGZH 2.0 63088266","address":"Streefkerkstraat 219","city":"Zoetermeer","operatorName":"EQUANS","maxPowerKw":11,"isMegawatt":false,"status":"AVAILABLE","source":"ndw"}},{"type":"Feature","geometry":{"type":"Point","coordinates":[4.481533,52.065174]},"properties":{"type":"charge","layer":"passenger","locationId":"90836242","name":"EQUANS SGZH 2.0 Marsmanhove 54","address":"Marsmanhove 54","city":"Zoetermeer","operatorName":"EQUANS","maxPowerKw":11,"isMegawatt":false,"status":"AVAILABLE","source":"ndw"}},{"type":"Feature","geometry":{"type":"Point","coordinates":[4.50297,52.07656]},"properties":{"type":"charge","layer":"passenger","locationId":"91261390","name":"EQUANS SGZH 2.0 Columbusrede 48","address":"Columbusrede 48","city":"Zoetermeer","operatorName":"EQUANS","maxPowerKw":11,"isMegawatt":false,"status":"AVAILABLE","source":"ndw"}},{"type":"Feature","geometry":{"type":"Point","coordinates":[4.545723,52.059052]},"properties":{"type":"charge","layer":"passenger","locationId":"63229201","name":"EQUANS SGZH 2.0 63229201","address":"Taagstroom 1","city":"Zoetermeer","operatorName":"EQUANS","maxPowerKw":11,"isMegawatt":false,"status":"AVAILABLE","source":"ndw"}},{"type":"Feature","geometry":{"type":"Point","coordinates":[4.496281,52.075415]},"properties":{"type":"charge","layer":"passenger","locationId":"90096520","name":"EQUANS SGZH 2.0 Kadelaan 137","address":"Kadelaan 137","city":"Zoetermeer","operatorName":"EQUANS","maxPowerKw":11,"isMegawatt":false,"status":"AVAILABLE","source":"ndw"}},{"type":"Feature","geometry":{"type":"Point","coordinates":[4.519865,52.068383]},"properties":{"type":"charge","layer":"passenger","locationId":"1181593","name":"EQUANS SGZH 2.0 89202600","address":"Radijsakker 1","city":"Zoetermeer","operatorName":"EQUANS","maxPowerKw":17,"isMegawatt":false,"status":"AVAILABLE","source":"ndw"}},{"type":"Feature","geometry":{"type":"Point","coordinates":[4.506853,52.050154]},"properties":{"type":"charge","layer":"passenger","locationId":"89254235","name":"EQUANS SGZH 2.0 89254235","address":"Rokkeveenseweg 13","city":"Zoetermeer","operatorName":"EQUANS","maxPowerKw":11,"isMegawatt":false,"status":"AVAILABLE","source":"ndw"}},{"type":"Feature","geometry":{"type":"Point","coordinates":[4.500171,52.057989]},"properties":{"type":"charge","layer":"passenger","locationId":"89052396","name":"EQUANS SGZH 2.0 89052396","address":"Ambachtsherenlaan nabij 99","city":"Zoetermeer","operatorName":"EQUANS","maxPowerKw":11,"isMegawatt":false,"status":"AVAILABLE","source":"ndw"}},{"type":"Feature","geometry":{"type":"Point","coordinates":[4.4672,52.0605]},"properties":{"type":"charge","layer":"passenger","locationId":"91313268","name":"EQUANS SGZH 2.0 Vreebos 2","address":"Vreebos 2","city":"Zoetermeer","operatorName":"EQUANS","maxPowerKw":11,"isMegawatt":false,"status":"AVAILABLE","source":"ndw"}},{"type":"Feature","geometry":{"type":"Point","coordinates":[4.498412,52.07263]},"properties":{"type":"charge","layer":"passenger","locationId":"88451687","name":"EQUANS SGZH 2.0 88451687","address":"Fluitschipkade 31","city":"Zoetermeer","operatorName":"EQUANS","maxPowerKw":11,"isMegawatt":false,"status":"CHARGING","source":"ndw"}},{"type":"Feature","geometry":{"type":"Point","coordinates":[4.543933,52.056886]},"properties":{"type":"charge","layer":"passenger","locationId":"89824575","name":"EQUANS SGZH 2.0 89824575","address":"Sardinië 131","city":"Zoetermeer","operatorName":"EQUANS","maxPowerKw":11,"isMegawatt":false,"status":"AVAILABLE","source":"ndw"}},{"type":"Feature","geometry":{"type":"Point","coordinates":[4.522424,52.066116]},"properties":{"type":"charge","layer":"passenger","locationId":"2763","name":"EQUANS SGZH 2.0 2763","address":"Roggeakker 110 nb","city":"Zoetermeer","operatorName":"EQUANS","maxPowerKw":11,"isMegawatt":false,"status":"AVAILABLE","source":"ndw"}},{"type":"Feature","geometry":{"type":"Point","coordinates":[4.49285,52.07132]},"properties":{"type":"charge","layer":"passenger","locationId":"90961264","name":"EQUANS SGZH 2.0 Mullenstrook 1 t.h.v. Stan Laurelstrook 2","address":"Mullenstrook 1","city":"Zoetermeer","operatorName":"EQUANS","maxPowerKw":11,"isMegawatt":false,"status":"AVAILABLE","source":"ndw"}},{"type":"Feature","geometry":{"type":"Point","coordinates":[4.462834,52.046132]},"properties":{"type":"charge","layer":"passenger","locationId":"90399968","name":"EQUANS SGZH 2.0 Balsahout 40","address":"Balsahout 40","city":"Zoetermeer","operatorName":"EQUANS","maxPowerKw":11,"isMegawatt":false,"status":"CHARGING","source":"ndw"}},{"type":"Feature","geometry":{"type":"Point","coordinates":[4.483181,52.056251]},"properties":{"type":"charge","layer":"passenger","locationId":"89306815","name":"EQUANS SGZH 2.0 89306815","address":"Dunantstraat 625","city":"Zoetermeer","operatorName":"EQUANS","maxPowerKw":11,"isMegawatt":false,"status":"AVAILABLE","source":"ndw"}},{"type":"Feature","geometry":{"type":"Point","coordinates":[4.47759,52.06744]},"properties":{"type":"charge","layer":"passenger","locationId":"90883828","name":"EQUANS SGZH 2.0 Hannie Schaftrode 146","address":"Hannie Schaftrode 146","city":"Zoetermeer","operatorName":"EQUANS","maxPowerKw":11,"isMegawatt":false,"status":"AVAILABLE","source":"ndw"}},{"type":"Feature","geometry":{"type":"Point","coordinates":[4.518791,52.071126]},"properties":{"type":"charge","layer":"passenger","locationId":"360455","name":"EQUANS SGZH 2.0 89202598","address":"Veulenweide 17","city":"Zoetermeer","operatorName":"EQUANS","maxPowerKw":17,"isMegawatt":false,"status":"AVAILABLE","source":"ndw"}},{"type":"Feature","geometry":{"type":"Point","coordinates":[4.4953,52.05597]},"properties":{"type":"charge","layer":"passenger","locationId":"4622","name":"EQUANS SGZH 2.0 Delftsewallen 16","address":"Delftsewallen 16","city":"Zoetermeer","operatorName":"EQUANS","maxPowerKw":11,"isMegawatt":false,"status":"AVAILABLE","source":"ndw"}},{"type":"Feature","geometry":{"type":"Point","coordinates":[4.5157,52.05875]},"properties":{"type":"charge","layer":"passenger","locationId":"90365776","name":"EQUANS SGZH 2.0 Mispelgaarde 12","address":"Mispelgaarde 12","city":"Zoetermeer","operatorName":"EQUANS","maxPowerKw":11,"isMegawatt":false,"status":"AVAILABLE","source":"ndw"}},{"type":"Feature","geometry":{"type":"Point","coordinates":[4.504493,52.056503]},"properties":{"type":"charge","layer":"passenger","locationId":"66408318","name":"EQUANS SGZH 2.0 66408318","address":"Voorhamstraat 28","city":"Zoetermeer","operatorName":"EQUANS","maxPowerKw":11,"isMegawatt":false,"status":"AVAILABLE","source":"ndw"}},{"type":"Feature","geometry":{"type":"Point","coordinates":[4.517792,52.078762]},"properties":{"type":"charge","layer":"passenger","locationId":"89317493","name":"EQUANS SGZH 2.0 Berlageplan 42","address":"Berlageplan 42","city":"Zoetermeer","operatorName":"EQUANS","maxPowerKw":11,"isMegawatt":false,"status":"AVAILABLE","source":"ndw"}},{"type":"Feature","geometry":{"type":"Point","coordinates":[4.511956,52.060144]},"properties":{"type":"charge","layer":"passenger","locationId":"90311494","name":"EQUANS SGZH 2.0 Moerbeigaarde 2","address":"Moerbeigaarde 2","city":"Zoetermeer","operatorName":"EQUANS","maxPowerKw":11,"isMegawatt":false,"status":"AVAILABLE","source":"ndw"}},{"type":"Feature","geometry":{"type":"Point","coordinates":[4.468475,52.055203]},"properties":{"type":"charge","layer":"passenger","locationId":"90357738","name":"EQUANS SGZH 2.0 Eesterwaard 4","address":"Eesterwaard 4","city":"Zoetermeer","operatorName":"EQUANS","maxPowerKw":11,"isMegawatt":false,"status":"CHARGING","source":"ndw"}},{"type":"Feature","geometry":{"type":"Point","coordinates":[4.474183,52.064367]},"properties":{"type":"charge","layer":"passenger","locationId":"8889864","name":"EQUANS SGZH 2.0 8889864","address":"Anna Blamanhove 116","city":"Zoetermeer","operatorName":"EQUANS","maxPowerKw":11,"isMegawatt":false,"status":"AVAILABLE","source":"ndw"}},{"type":"Feature","geometry":{"type":"Point","coordinates":[4.49653,52.069791]},"properties":{"type":"charge","layer":"passenger","locationId":"89052383","name":"EQUANS SGZH 2.0 89052383","address":"Sartrezijde nabij 60","city":"Zoetermeer","operatorName":"EQUANS","maxPowerKw":11,"isMegawatt":false,"status":"AVAILABLE","source":"ndw"}},{"type":"Feature","geometry":{"type":"Point","coordinates":[4.514589,52.076542]},"properties":{"type":"charge","layer":"passenger","locationId":"90318682","name":"EQUANS SGZH 2.0 Freyssinetlijn 19","address":"Freyssinetlijn 19","city":"Zoetermeer","operatorName":"EQUANS","maxPowerKw":11,"isMegawatt":false,"status":"AVAILABLE","source":"ndw"}},{"type":"Feature","geometry":{"type":"Point","coordinates":[4.54577,52.06052]},"properties":{"type":"charge","layer":"passenger","locationId":"828137","name":"EQUANS SGZH 2.0 Moldaustroom 47","address":"Moldaustroom 47","city":"Zoetermeer","operatorName":"EQUANS","maxPowerKw":11,"isMegawatt":false,"status":"AVAILABLE","source":"ndw"}},{"type":"Feature","geometry":{"type":"Point","coordinates":[4.479806,52.038672]},"properties":{"type":"charge","layer":"passenger","locationId":"89396951","name":"EQUANS SGZH 2.0 89396951","address":"Juweellaan 141","city":"Zoetermeer","operatorName":"EQUANS","maxPowerKw":11,"isMegawatt":false,"status":"AVAILABLE","source":"ndw"}},{"type":"Feature","geometry":{"type":"Point","coordinates":[4.498295,52.049247]},"properties":{"type":"charge","layer":"passenger","locationId":"89927758","name":"EQUANS SGZH 2.0 89927758","address":"Rembrandtstraat 72","city":"Zoetermeer","operatorName":"EQUANS","maxPowerKw":11,"isMegawatt":false,"status":"CHARGING","source":"ndw"}},{"type":"Feature","geometry":{"type":"Point","coordinates":[4.501586,52.044094]},"properties":{"type":"charge","layer":"passenger","locationId":"a310c773-26ae-4316-8537-aa29b9c65c27","name":"Zilverstraat","address":"Zilverstraat 2","city":"Zoetermeer","operatorName":"Vattenfall InCharge","maxPowerKw":50,"isMegawatt":false,"status":"AVAILABLE","source":"ndw"}},{"type":"Feature","geometry":{"type":"Point","coordinates":[4.503064,52.05008]},"properties":{"type":"charge","layer":"passenger","locationId":"91000887","name":"EQUANS SGZH 2.0 Piet Heinplein 2","address":"Piet Heinplein 2","city":"Zoetermeer","operatorName":"EQUANS","maxPowerKw":11,"isMegawatt":false,"status":"CHARGING","source":"ndw"}},{"type":"Feature","geometry":{"type":"Point","coordinates":[4.46995,52.067223]},"properties":{"type":"charge","layer":"passenger","locationId":"62172271","name":"EQUANS SGZH 2.0 62172271","address":"Chopinrode 77","city":"Zoetermeer","operatorName":"EQUANS","maxPowerKw":11,"isMegawatt":false,"status":"AVAILABLE","source":"ndw"}},{"type":"Feature","geometry":{"type":"Point","coordinates":[4.491807,52.058938]},"properties":{"type":"charge","layer":"passenger","locationId":"89914495","name":"EQUANS SGZH 2.0 89914495","address":"Londenstraat 43","city":"Zoetermeer","operatorName":"EQUANS","maxPowerKw":11,"isMegawatt":false,"status":"AVAILABLE","source":"ndw"}},{"type":"Feature","geometry":{"type":"Point","coordinates":[4.542001,52.064166]},"properties":{"type":"charge","layer":"passenger","locationId":"90095161","name":"EQUANS SGZH 2.0 Poortugaalstraat 65","address":"Poortugaalstraat 65","city":"Zoetermeer","operatorName":"EQUANS","maxPowerKw":11,"isMegawatt":false,"status":"CHARGING","source":"ndw"}},{"type":"Feature","geometry":{"type":"Point","coordinates":[4.52327,52.04827]},"properties":{"type":"charge","layer":"passenger","locationId":"89052392","name":"EQUANS SGZH 2.0 89052392","address":"Van der Hagenstraat nabij 11","city":"Zoetermeer","operatorName":"EQUANS","maxPowerKw":11,"isMegawatt":false,"status":"AVAILABLE","source":"ndw"}},{"type":"Feature","geometry":{"type":"Point","coordinates":[4.512875,52.066879]},"properties":{"type":"charge","layer":"passenger","locationId":"89052384","name":"EQUANS SGZH 2.0 89052384","address":"Tuindreef nabij 9","city":"Zoetermeer","operatorName":"EQUANS","maxPowerKw":11,"isMegawatt":false,"status":"CHARGING","source":"ndw"}},{"type":"Feature","geometry":{"type":"Point","coordinates":[4.541949,52.062135]},"properties":{"type":"charge","layer":"passenger","locationId":"90386361","name":"EQUANS SGZH 2.0 Thomas Morelaan 38","address":"Thomas Morelaan 38","city":"Zoetermeer","operatorName":"EQUANS","maxPowerKw":11,"isMegawatt":false,"status":"AVAILABLE","source":"ndw"}},{"type":"Feature","geometry":{"type":"Point","coordinates":[4.535505,52.068825]},"properties":{"type":"charge","layer":"passenger","locationId":"89166830","name":"EQUANS SGZH 2.0 Heicopstraat 36","address":"Heicopstraat 36","city":"Zoetermeer","operatorName":"EQUANS","maxPowerKw":11,"isMegawatt":false,"status":"AVAILABLE","source":"ndw"}},{"type":"Feature","geometry":{"type":"Point","coordinates":[4.528669,52.05372]},"properties":{"type":"charge","layer":"passenger","locationId":"89209912","name":"EQUANS SGZH 2.0 89209912","address":"Gooimeer 4","city":"Zoetermeer","operatorName":"EQUANS","maxPowerKw":11,"isMegawatt":false,"status":"AVAILABLE","source":"ndw"}},{"type":"Feature","geometry":{"type":"Point","coordinates":[4.490448,52.053726]},"properties":{"type":"charge","layer":"passenger","locationId":"89322195","name":"EQUANS SGZH 2.0 89322195","address":"Alexanderstraat 53","city":"Zoetermeer","operatorName":"EQUANS","maxPowerKw":11,"isMegawatt":false,"status":"AVAILABLE","source":"ndw"}},{"type":"Feature","geometry":{"type":"Point","coordinates":[4.532474,52.05869]},"properties":{"type":"charge","layer":"passenger","locationId":"89615425","name":"EQUANS SGZH 2.0 89615425","address":"Veluwemeer 11","city":"Zoetermeer","operatorName":"EQUANS","maxPowerKw":11,"isMegawatt":false,"status":"CHARGING","source":"ndw"}},{"type":"Feature","geometry":{"type":"Point","coordinates":[4.54633,52.06553]},"properties":{"type":"charge","layer":"passenger","locationId":"1036184","name":"EQUANS SGZH 2.0 Adigestroom 64","address":"Adigestroom 64","city":"Zoetermeer","operatorName":"EQUANS","maxPowerKw":11,"isMegawatt":false,"status":"AVAILABLE","source":"ndw"}},{"type":"Feature","geometry":{"type":"Point","coordinates":[4.537153,52.065186]},"properties":{"type":"charge","layer":"passenger","locationId":"90311564","name":"EQUANS SGZH 2.0 Puttershoekstraat 12","address":"Puttershoekstraat 12","city":"Zoetermeer","operatorName":"EQUANS","maxPowerKw":11,"isMegawatt":false,"status":"AVAILABLE","source":"ndw"}},{"type":"Feature","geometry":{"type":"Point","coordinates":[4.474107,52.06728]},"properties":{"type":"charge","layer":"passenger","locationId":"89187776","name":"EQUANS SGZH 2.0 89187776","address":"Schönbergrode 32","city":"Zoetermeer","operatorName":"EQUANS","maxPowerKw":14,"isMegawatt":false,"status":"AVAILABLE","source":"ndw"}},{"type":"Feature","geometry":{"type":"Point","coordinates":[4.480129,52.036228]},"properties":{"type":"charge","layer":"passenger","locationId":"89052374","name":"EQUANS SGZH 2.0 89052374","address":"Saffier 23","city":"Zoetermeer","operatorName":"EQUANS","maxPowerKw":11,"isMegawatt":false,"status":"CHARGING","source":"ndw"}},{"type":"Feature","geometry":{"type":"Point","coordinates":[4.503142,52.035744]},"properties":{"type":"charge","layer":"passenger","locationId":"6932a6279b162832899775b9","name":"Gamma Zoetermeer","address":"Argonstraat 11","city":"Zoetermeer","operatorName":"Pluq","maxPowerKw":22,"isMegawatt":false,"status":"AVAILABLE","source":"ndw","priceKwh":0.65}},{"type":"Feature","geometry":{"type":"Point","coordinates":[4.504507,52.06043]},"properties":{"type":"charge","layer":"passenger","locationId":"90967498","name":"EQUANS SGZH 2.0 Van Doornenplantsoen 21","address":"Van Doornenplantsoen 21","city":"Zoetermeer","operatorName":"EQUANS","maxPowerKw":11,"isMegawatt":false,"status":"AVAILABLE","source":"ndw"}},{"type":"Feature","geometry":{"type":"Point","coordinates":[4.503734,52.055449]},"properties":{"type":"charge","layer":"passenger","locationId":"90832046","name":"EQUANS SGZH 2.0 Voorhamstraat 11 a (t.h.v. Van Lodensteinstraat 38","address":"Voorhamstraat 11 a (t.h.v. Van Lodensteinstra","city":"Zoetermeer","operatorName":"EQUANS","maxPowerKw":11,"isMegawatt":false,"status":"AVAILABLE","source":"ndw"}},{"type":"Feature","geometry":{"type":"Point","coordinates":[4.54981,52.05599]},"properties":{"type":"charge","layer":"passenger","locationId":"90850318","name":"EQUANS SGZH 2.0 Burgemeester Augustijnstraat 108","address":"Burgemeester Augustijnstraat 108","city":"Zoetermeer","operatorName":"EQUANS","maxPowerKw":11,"isMegawatt":false,"status":"AVAILABLE","source":"ndw"}},{"type":"Feature","geometry":{"type":"Point","coordinates":[4.464621,52.055186]},"properties":{"type":"charge","layer":"passenger","locationId":"90369530","name":"EQUANS SGZH 2.0 Ameland 61","address":"Ameland 61","city":"Zoetermeer","operatorName":"EQUANS","maxPowerKw":11,"isMegawatt":false,"status":"AVAILABLE","source":"ndw"}},{"type":"Feature","geometry":{"type":"Point","coordinates":[4.495381,52.06201]},"properties":{"type":"charge","layer":"passenger","locationId":"685d3b40e35f965d03ed07d9","name":"Hoogvliet, Italiëlaan 13 Zoetermeer - II (VERVALLEN)","address":"Italiëlaan 13 [P95]","city":"Zoetermeer","operatorName":"E-Flux by Road","maxPowerKw":22,"isMegawatt":false,"status":"UNAVAILABLE","source":"ndw","priceKwh":0.38}},{"type":"Feature","geometry":{"type":"Point","coordinates":[4.474825,52.042126]},"properties":{"type":"charge","layer":"passenger","locationId":"90243119","name":"EQUANS SGZH 2.0 Victoriagang 20","address":"Victoriagang 20","city":"Zoetermeer","operatorName":"EQUANS","maxPowerKw":11,"isMegawatt":false,"status":"AVAILABLE","source":"ndw"}},{"type":"Feature","geometry":{"type":"Point","coordinates":[4.485741,52.057278]},"properties":{"type":"charge","layer":"passenger","locationId":"90327024","name":"EQUANS SGZH 2.0 van Leeuwenhoeklaan 22","address":"van Leeuwenhoeklaan 22","city":"Zoetermeer","operatorName":"EQUANS","maxPowerKw":11,"isMegawatt":false,"status":"AVAILABLE","source":"ndw"}},{"type":"Feature","geometry":{"type":"Point","coordinates":[4.480055,52.043919]},"properties":{"type":"charge","layer":"passenger","locationId":"90255679","name":"EQUANS SGZH 2.0 Nathaliegang 275 A","address":"Nathaliegang 275 A","city":"Zoetermeer","operatorName":"EQUANS","maxPowerKw":11,"isMegawatt":false,"status":"AVAILABLE","source":"ndw"}},{"type":"Feature","geometry":{"type":"Point","coordinates":[4.471198,52.05435]},"properties":{"type":"charge","layer":"passenger","locationId":"90939953","name":"EQUANS SGZH 2.0 Moerwater 85","address":"Moerwater 85","city":"Zoetermeer","operatorName":"EQUANS","maxPowerKw":11,"isMegawatt":false,"status":"AVAILABLE","source":"ndw"}},{"type":"Feature","geometry":{"type":"Point","coordinates":[4.473354,52.064251]},"properties":{"type":"charge","layer":"passenger","locationId":"90386355","name":"EQUANS SGZH 2.0 Jacobus Bellamyhove 41","address":"Jacobus Bellamyhove 41","city":"Zoetermeer","operatorName":"EQUANS","maxPowerKw":11,"isMegawatt":false,"status":"AVAILABLE","source":"ndw"}},{"type":"Feature","geometry":{"type":"Point","coordinates":[4.510759,52.062505]},"properties":{"type":"charge","layer":"passenger","locationId":"89052362","name":"EQUANS SGZH 2.0 89052362","address":"Kikkersloot 40","city":"Zoetermeer","operatorName":"EQUANS","maxPowerKw":11,"isMegawatt":false,"status":"AVAILABLE","source":"ndw"}},{"type":"Feature","geometry":{"type":"Point","coordinates":[4.531758,52.061935]},"properties":{"type":"charge","layer":"passenger","locationId":"89178205","name":"EQUANS SGZH 2.0 89178205","address":"Zwammerdamstraat 108","city":"Zoetermeer","operatorName":"EQUANS","maxPowerKw":17,"isMegawatt":false,"status":"AVAILABLE","source":"ndw"}},{"type":"Feature","geometry":{"type":"Point","coordinates":[4.507289,52.064847]},"properties":{"type":"charge","layer":"passenger","locationId":"89235336","name":"EQUANS SGZH 2.0 89235336","address":"Wingerdpark 5","city":"Zoetermeer","operatorName":"EQUANS","maxPowerKw":11,"isMegawatt":false,"status":"AVAILABLE","source":"ndw"}},{"type":"Feature","geometry":{"type":"Point","coordinates":[4.484062,52.033776]},"properties":{"type":"charge","layer":"passenger","locationId":"90291082","name":"EQUANS SGZH 2.0 Meteoorsteen 13","address":"Meteoorsteen 13","city":"Zoetermeer","operatorName":"EQUANS","maxPowerKw":11,"isMegawatt":false,"status":"CHARGING","source":"ndw"}},{"type":"Feature","geometry":{"type":"Point","coordinates":[4.542867,52.061341]},"properties":{"type":"charge","layer":"passenger","locationId":"89317611","name":"EQUANS SGZH 2.0 89317611","address":"Loirestroom 4","city":"Zoetermeer","operatorName":"EQUANS","maxPowerKw":11,"isMegawatt":false,"status":"AVAILABLE","source":"ndw"}},{"type":"Feature","geometry":{"type":"Point","coordinates":[4.494354,52.070744]},"properties":{"type":"charge","layer":"passenger","locationId":"90020670","name":"EQUANS SGZH 2.0 Sartrezijde 7","address":"Sartrezijde 7","city":"Zoetermeer","operatorName":"EQUANS","maxPowerKw":11,"isMegawatt":false,"status":"AVAILABLE","source":"ndw"}},{"type":"Feature","geometry":{"type":"Point","coordinates":[4.54718,52.05773]},"properties":{"type":"charge","layer":"passenger","locationId":"91387114","name":"EQUANS SGZH 2.0 Zambezistroom 3","address":"Zambezistroom 3","city":"Zoetermeer","operatorName":"EQUANS","maxPowerKw":11,"isMegawatt":false,"status":"AVAILABLE","source":"ndw"}},{"type":"Feature","geometry":{"type":"Point","coordinates":[4.518059,52.063768]},"properties":{"type":"charge","layer":"passenger","locationId":"66351459","name":"EQUANS SGZH 2.0 66351459","address":"Boekweitakker 48","city":"Zoetermeer","operatorName":"EQUANS","maxPowerKw":11,"isMegawatt":false,"status":"AVAILABLE","source":"ndw"}},{"type":"Feature","geometry":{"type":"Point","coordinates":[4.505803,52.049932]},"properties":{"type":"charge","layer":"passenger","locationId":"2772","name":"EQUANS SGZH 2.0 2772","address":"Jan Hoornstraat 110","city":"Zoetermeer","operatorName":"EQUANS","maxPowerKw":11,"isMegawatt":false,"status":"AVAILABLE","source":"ndw"}},{"type":"Feature","geometry":{"type":"Point","coordinates":[4.473195,52.057586]},"properties":{"type":"charge","layer":"passenger","locationId":"89330041","name":"EQUANS SGZH 2.0 89444991","address":"Kadoelerbos 9","city":"Zoetermeer","operatorName":"EQUANS","maxPowerKw":11,"isMegawatt":false,"status":"CHARGING","source":"ndw"}},{"type":"Feature","geometry":{"type":"Point","coordinates":[4.477008,52.063384]},"properties":{"type":"charge","layer":"passenger","locationId":"90365777","name":"EQUANS SGZH 2.0 Gerrit Achterberghove 3","address":"Gerrit Achterberghove 3","city":"Zoetermeer","operatorName":"EQUANS","maxPowerKw":11,"isMegawatt":false,"status":"AVAILABLE","source":"ndw"}},{"type":"Feature","geometry":{"type":"Point","coordinates":[4.470818,52.043329]},"properties":{"type":"charge","layer":"passenger","locationId":"89443682","name":"EQUANS SGZH 2.0 89443682","address":"Albert Schweitzersingel 49","city":"Zoetermeer","operatorName":"EQUANS","maxPowerKw":11,"isMegawatt":false,"status":"AVAILABLE","source":"ndw"}},{"type":"Feature","geometry":{"type":"Point","coordinates":[4.524676,52.074706]},"properties":{"type":"charge","layer":"passenger","locationId":"89052375","name":"EQUANS SGZH 2.0 89052375","address":"Vitruviusruimte 25","city":"Zoetermeer","operatorName":"EQUANS","maxPowerKw":11,"isMegawatt":false,"status":"AVAILABLE","source":"ndw"}},{"type":"Feature","geometry":{"type":"Point","coordinates":[4.495778,52.076718]},"properties":{"type":"charge","layer":"passenger","locationId":"156854","name":"EQUANS SGZH 2.0 156854","address":"Vletkade 20","city":"Zoetermeer","operatorName":"EQUANS","maxPowerKw":11,"isMegawatt":false,"status":"AVAILABLE","source":"ndw"}},{"type":"Feature","geometry":{"type":"Point","coordinates":[4.481422,52.06667]},"properties":{"type":"charge","layer":"passenger","locationId":"2785","name":"EQUANS SGZH 2.0 2785","address":"Verweijhove 16","city":"Zoetermeer","operatorName":"EQUANS","maxPowerKw":11,"isMegawatt":false,"status":"AVAILABLE","source":"ndw"}},{"type":"Feature","geometry":{"type":"Point","coordinates":[4.541727,52.06623]},"properties":{"type":"charge","layer":"passenger","locationId":"89469879","name":"EQUANS SGZH 2.0 89469879","address":"Piershilstraat 25","city":"Zoetermeer","operatorName":"EQUANS","maxPowerKw":11,"isMegawatt":false,"status":"AVAILABLE","source":"ndw"}},{"type":"Feature","geometry":{"type":"Point","coordinates":[4.526074,52.080019]},"properties":{"type":"charge","layer":"passenger","locationId":"89052385","name":"EQUANS SGZH 2.0 89052416","address":"Marotplan 60","city":"Zoetermeer","operatorName":"EQUANS","maxPowerKw":11,"isMegawatt":false,"status":"AVAILABLE","source":"ndw"}},{"type":"Feature","geometry":{"type":"Point","coordinates":[4.530869,52.055278]},"properties":{"type":"charge","layer":"passenger","locationId":"90346655","name":"EQUANS SGZH 2.0 Markermeer 39 B","address":"Markermeer 39 B","city":"Zoetermeer","operatorName":"EQUANS","maxPowerKw":11,"isMegawatt":false,"status":"AVAILABLE","source":"ndw"}},{"type":"Feature","geometry":{"type":"Point","coordinates":[4.479406,52.035032]},"properties":{"type":"charge","layer":"passenger","locationId":"89880934","name":"EQUANS SGZH 2.0 89880934","address":"Juweellaan 275","city":"Zoetermeer","operatorName":"EQUANS","maxPowerKw":11,"isMegawatt":false,"status":"AVAILABLE","source":"ndw"}},{"type":"Feature","geometry":{"type":"Point","coordinates":[4.483816,52.041733]},"properties":{"type":"charge","layer":"passenger","locationId":"89914496","name":"EQUANS SGZH 2.0 89914496","address":"Sneeuwwit 1","city":"Zoetermeer","operatorName":"EQUANS","maxPowerKw":11,"isMegawatt":false,"status":"AVAILABLE","source":"ndw"}},{"type":"Feature","geometry":{"type":"Point","coordinates":[4.47905,52.05847]},"properties":{"type":"charge","layer":"passenger","locationId":"90850336","name":"EQUANS SGZH 2.0 Fonteinbos 1 B","address":"Fonteinbos 1 B","city":"Zoetermeer","operatorName":"EQUANS","maxPowerKw":11,"isMegawatt":false,"status":"AVAILABLE","source":"ndw"}},{"type":"Feature","geometry":{"type":"Point","coordinates":[4.49963,52.058941]},"properties":{"type":"charge","layer":"passenger","locationId":"90327020","name":"EQUANS SGZH 2.0 Ambachtsherenlaan 150","address":"Ambachtsherenlaan 150","city":"Zoetermeer","operatorName":"EQUANS","maxPowerKw":11,"isMegawatt":false,"status":"AVAILABLE","source":"ndw"}},{"type":"Feature","geometry":{"type":"Point","coordinates":[4.524389,52.069544]},"properties":{"type":"charge","layer":"passenger","locationId":"89052386","name":"EQUANS SGZH 2.0 89052386","address":"Schansbaan nabij 295","city":"Zoetermeer","operatorName":"EQUANS","maxPowerKw":11,"isMegawatt":false,"status":"AVAILABLE","source":"ndw"}},{"type":"Feature","geometry":{"type":"Point","coordinates":[4.52039,52.0513]},"properties":{"type":"charge","layer":"passenger","locationId":"90939952","name":"EQUANS SGZH 2.0 Van der Hagenstraat 22 B","address":"Van der Hagenstraat 22 B","city":"Zoetermeer","operatorName":"EQUANS","maxPowerKw":22,"isMegawatt":false,"status":"AVAILABLE","source":"ndw"}},{"type":"Feature","geometry":{"type":"Point","coordinates":[4.49452,52.057325]},"properties":{"type":"charge","layer":"passenger","locationId":"4177","name":"EQUANS SGZH 2.0 4177","address":"Dorpsstraat 12","city":"Zoetermeer","operatorName":"EQUANS","maxPowerKw":11,"isMegawatt":false,"status":"AVAILABLE","source":"ndw"}},{"type":"Feature","geometry":{"type":"Point","coordinates":[4.51037,52.06632]},"properties":{"type":"charge","layer":"passenger","locationId":"90994622","name":"EQUANS SGZH 2.0 Ligusterpark 42","address":"Ligusterpark 42","city":"Zoetermeer","operatorName":"EQUANS","maxPowerKw":11,"isMegawatt":false,"status":"AVAILABLE","source":"ndw"}},{"type":"Feature","geometry":{"type":"Point","coordinates":[4.47799,52.069146]},"properties":{"type":"charge","layer":"passenger","locationId":"89166875","name":"EQUANS SGZH 2.0 89166875","address":"Mendelssohnrode 64","city":"Zoetermeer","operatorName":"EQUANS","maxPowerKw":17,"isMegawatt":false,"status":"AVAILABLE","source":"ndw"}},{"type":"Feature","geometry":{"type":"Point","coordinates":[4.476108,52.037902]},"properties":{"type":"charge","layer":"passenger","locationId":"80269409","name":"EQUANS SGZH 2.0 80269409","address":"Sieraadlaan 2","city":"Zoetermeer","operatorName":"EQUANS","maxPowerKw":11,"isMegawatt":false,"status":"AVAILABLE","source":"ndw"}},{"type":"Feature","geometry":{"type":"Point","coordinates":[4.491039,52.045269]},"properties":{"type":"charge","layer":"passenger","locationId":"89052402","name":"EQUANS SGZH 2.0 Groeneweg nabij 2","address":"Groeneweg nabij 2","city":"Zoetermeer","operatorName":"EQUANS","maxPowerKw":11,"isMegawatt":false,"status":"AVAILABLE","source":"ndw"}},{"type":"Feature","geometry":{"type":"Point","coordinates":[4.463693,52.047605]},"properties":{"type":"charge","layer":"passenger","locationId":"90365355","name":"EQUANS SGZH 2.0 Amaranthout 1","address":"Amaranthout 1","city":"Zoetermeer","operatorName":"EQUANS","maxPowerKw":11,"isMegawatt":false,"status":"CHARGING","source":"ndw"}},{"type":"Feature","geometry":{"type":"Point","coordinates":[4.48003,52.07108]},"properties":{"type":"charge","layer":"passenger","locationId":"9026A45F-3DAE-45E3-A32A-B2EB2E16DCC0","name":"Eneco eMobility Hedin 3F B.V. - Zwaardslootseweg 3 - Zoetermeer","address":"Zwaardslootseweg 3","city":"Zoetermeer","operatorName":"Eneco","maxPowerKw":22,"isMegawatt":false,"status":"AVAILABLE","source":"ndw","priceKwh":0.58}},{"type":"Feature","geometry":{"type":"Point","coordinates":[4.509334,52.062827]},"properties":{"type":"charge","layer":"passenger","locationId":"89329955","name":"EQUANS SGZH 2.0 89329955","address":"Rietvoornsloot 23","city":"Zoetermeer","operatorName":"EQUANS","maxPowerKw":11,"isMegawatt":false,"status":"AVAILABLE","source":"ndw"}},{"type":"Feature","geometry":{"type":"Point","coordinates":[4.531963,52.064391]},"properties":{"type":"charge","layer":"passenger","locationId":"90247515","name":"EQUANS SGZH 2.0 Brandwijkstraat 3","address":"Brandwijkstraat 3","city":"Zoetermeer","operatorName":"EQUANS","maxPowerKw":11,"isMegawatt":false,"status":"AVAILABLE","source":"ndw"}},{"type":"Feature","geometry":{"type":"Point","coordinates":[4.537079,52.053663]},"properties":{"type":"charge","layer":"passenger","locationId":"89052388","name":"EQUANS SGZH 2.0 89052388","address":"Borneo nst Javalaan 71","city":"Zoetermeer","operatorName":"EQUANS","maxPowerKw":11,"isMegawatt":false,"status":"AVAILABLE","source":"ndw"}},{"type":"Feature","geometry":{"type":"Point","coordinates":[4.50802,52.05303]},"properties":{"type":"charge","layer":"passenger","locationId":"60856589","name":"EQUANS SGZH 2.0 Lumeystraat","address":"Lumeystraat 41","city":"Zoetermeer","operatorName":"EQUANS","maxPowerKw":11,"isMegawatt":false,"status":"AVAILABLE","source":"ndw"}},{"type":"Feature","geometry":{"type":"Point","coordinates":[4.527081,52.05652]},"properties":{"type":"charge","layer":"passenger","locationId":"90937110","name":"EQUANS SGZH 2.0 Comomeerpad 35","address":"Comomeerpad 35","city":"Zoetermeer","operatorName":"EQUANS","maxPowerKw":11,"isMegawatt":false,"status":"CHARGING","source":"ndw"}},{"type":"Feature","geometry":{"type":"Point","coordinates":[4.51605,52.059945]},"properties":{"type":"charge","layer":"passenger","locationId":"3599","name":"EQUANS SGZH 2.0 3599","address":"Dadelgaarde 28","city":"Zoetermeer","operatorName":"EQUANS","maxPowerKw":11,"isMegawatt":false,"status":"AVAILABLE","source":"ndw"}},{"type":"Feature","geometry":{"type":"Point","coordinates":[4.461659,52.066869]},"properties":{"type":"charge","layer":"passenger","locationId":"90096522","name":"EQUANS SGZH 2.0 Buytenparklaan 3","address":"Buytenparklaan 3","city":"Zoetermeer","operatorName":"EQUANS","maxPowerKw":11,"isMegawatt":false,"status":"AVAILABLE","source":"ndw"}},{"type":"Feature","geometry":{"type":"Point","coordinates":[4.475203,52.051953]},"properties":{"type":"charge","layer":"passenger","locationId":"55494295","name":"EQUANS SGZH 2.0 55494295","address":"Groenewater 44","city":"Zoetermeer","operatorName":"EQUANS","maxPowerKw":11,"isMegawatt":false,"status":"CHARGING","source":"ndw"}},{"type":"Feature","geometry":{"type":"Point","coordinates":[4.50387,52.04859]},"properties":{"type":"charge","layer":"passenger","locationId":"90994617","name":"EQUANS SGZH 2.0 Karel Doormanlaan 211","address":"Karel Doormanlaan 211","city":"Zoetermeer","operatorName":"EQUANS","maxPowerKw":11,"isMegawatt":false,"status":"CHARGING","source":"ndw"}},{"type":"Feature","geometry":{"type":"Point","coordinates":[4.539886,52.069643]},"properties":{"type":"charge","layer":"passenger","locationId":"90159902","name":"EQUANS SGZH 2.0 Leerbroekstraat 28","address":"Leerbroekstraat 28","city":"Zoetermeer","operatorName":"EQUANS","maxPowerKw":11,"isMegawatt":false,"status":"AVAILABLE","source":"ndw"}},{"type":"Feature","geometry":{"type":"Point","coordinates":[4.465783,52.045646]},"properties":{"type":"charge","layer":"passenger","locationId":"89824579","name":"EQUANS SGZH 2.0 89824579","address":"Palissanderhout 20","city":"Zoetermeer","operatorName":"EQUANS","maxPowerKw":11,"isMegawatt":false,"status":"AVAILABLE","source":"ndw"}},{"type":"Feature","geometry":{"type":"Point","coordinates":[4.494668,52.06068]},"properties":{"type":"charge","layer":"passenger","locationId":"89168601","name":"EQUANS SGZH 2.0 89168601","address":"Frankrijklaan 11","city":"Zoetermeer","operatorName":"EQUANS","maxPowerKw":11,"isMegawatt":false,"status":"AVAILABLE","source":"ndw"}},{"type":"Feature","geometry":{"type":"Point","coordinates":[4.490825,52.069922]},"properties":{"type":"charge","layer":"passenger","locationId":"63229203","name":"EQUANS SGZH 2.0 63229203","address":"Hitchcockstrook 101","city":"Zoetermeer","operatorName":"EQUANS","maxPowerKw":11,"isMegawatt":false,"status":"AVAILABLE","source":"ndw"}},{"type":"Feature","geometry":{"type":"Point","coordinates":[4.512743,52.061895]},"properties":{"type":"charge","layer":"passenger","locationId":"89329907","name":"EQUANS SGZH 2.0 89329907","address":"Grondelsloot 13","city":"Zoetermeer","operatorName":"EQUANS","maxPowerKw":11,"isMegawatt":false,"status":"AVAILABLE","source":"ndw"}},{"type":"Feature","geometry":{"type":"Point","coordinates":[4.513056,52.059446]},"properties":{"type":"charge","layer":"passenger","locationId":"89052418","name":"EQUANS SGZH 2.0 89052418","address":"Gaardedreef 45","city":"Zoetermeer","operatorName":"EQUANS","maxPowerKw":11,"isMegawatt":false,"status":"CHARGING","source":"ndw"}},{"type":"Feature","geometry":{"type":"Point","coordinates":[4.485711,52.059168]},"properties":{"type":"charge","layer":"passenger","locationId":"91016408","name":"EQUANS SGZH 2.0 Dublinstraat 143","address":"Dublinstraat 143","city":"Zoetermeer","operatorName":"EQUANS","maxPowerKw":11,"isMegawatt":false,"status":"AVAILABLE","source":"ndw"}},{"type":"Feature","geometry":{"type":"Point","coordinates":[4.543702,52.058795]},"properties":{"type":"charge","layer":"passenger","locationId":"89358841","name":"EQUANS SGZH 2.0 89358841","address":"Orinocostroom 33","city":"Zoetermeer","operatorName":"EQUANS","maxPowerKw":11,"isMegawatt":false,"status":"AVAILABLE","source":"ndw"}},{"type":"Feature","geometry":{"type":"Point","coordinates":[4.494682,52.06208]},"properties":{"type":"charge","layer":"passenger","locationId":"69e5df8a810920a739db4eb4","name":"Hoogvliet, Italiëlaan 13 Zoetermeer - II.2","address":"Italiëlaan 13 [P95]","city":"Zoetermeer","operatorName":"E-Flux by Road","maxPowerKw":11,"isMegawatt":false,"status":"UNAVAILABLE","source":"ndw","priceKwh":0.38}},{"type":"Feature","geometry":{"type":"Point","coordinates":[4.467499,52.065332]},"properties":{"type":"charge","layer":"passenger","locationId":"89914493","name":"EQUANS SGZH 2.0 89914493","address":"Louis Armstrongrode 57","city":"Zoetermeer","operatorName":"EQUANS","maxPowerKw":11,"isMegawatt":false,"status":"CHARGING","source":"ndw"}},{"type":"Feature","geometry":{"type":"Point","coordinates":[4.527104,52.078721]},"properties":{"type":"charge","layer":"passenger","locationId":"90318679","name":"EQUANS SGZH 2.0 Calandschans 3","address":"Calandschans 3","city":"Zoetermeer","operatorName":"EQUANS","maxPowerKw":11,"isMegawatt":false,"status":"AVAILABLE","source":"ndw"}},{"type":"Feature","geometry":{"type":"Point","coordinates":[4.48104,52.0507]},"properties":{"type":"charge","layer":"passenger","locationId":"91155765","name":"EQUANS SGZH 2.0 Stadhoudersring 5","address":"Stadhoudersring 5","city":"Zoetermeer","operatorName":"EQUANS","maxPowerKw":11,"isMegawatt":false,"status":"AVAILABLE","source":"ndw"}},{"type":"Feature","geometry":{"type":"Point","coordinates":[4.494784,52.059782]},"properties":{"type":"charge","layer":"passenger","locationId":"89052413","name":"EQUANS SGZH 2.0 Markt 43","address":"Markt 43","city":"Zoetermeer","operatorName":"EQUANS","maxPowerKw":11,"isMegawatt":false,"status":"AVAILABLE","source":"ndw"}},{"type":"Feature","geometry":{"type":"Point","coordinates":[4.494981,52.056349]},"properties":{"type":"charge","layer":"passenger","locationId":"89477495","name":"EQUANS SGZH 2.0 89477495","address":"Delftsewallen 23","city":"Zoetermeer","operatorName":"EQUANS","maxPowerKw":11,"isMegawatt":false,"status":"AVAILABLE","source":"ndw"}},{"type":"Feature","geometry":{"type":"Point","coordinates":[4.47803,52.06741]},"properties":{"type":"charge","layer":"passenger","locationId":"89168605","name":"EQUANS SGZH 2.0 Paul Scholtenrode 3","address":"Paul Scholtenrode 3","city":"Zoetermeer","operatorName":"EQUANS","maxPowerKw":11,"isMegawatt":false,"status":"AVAILABLE","source":"ndw"}},{"type":"Feature","geometry":{"type":"Point","coordinates":[4.53841,52.05482]},"properties":{"type":"charge","layer":"passenger","locationId":"91144990","name":"EQUANS SGZH 2.0 Sumatra 78","address":"Sumatra 78","city":"Zoetermeer","operatorName":"EQUANS","maxPowerKw":11,"isMegawatt":false,"status":"AVAILABLE","source":"ndw"}},{"type":"Feature","geometry":{"type":"Point","coordinates":[4.492178,52.057938]},"properties":{"type":"charge","layer":"passenger","locationId":"4219158","name":"Laadnet Business inVentures BV","address":"Vlamingstraat 4","city":"Zoetermeer","operatorName":"Laadnet","maxPowerKw":22,"isMegawatt":false,"status":"AVAILABLE","source":"ndw"}},{"type":"Feature","geometry":{"type":"Point","coordinates":[4.511041,52.056017]},"properties":{"type":"charge","layer":"passenger","locationId":"212bd9b5-301b-499c-80c7-c60ae3547550","name":"bp pulse Palenstein","address":"Van Aalstlaan 380","city":"Zoetermeer","operatorName":"bp pulse","maxPowerKw":150,"isMegawatt":false,"status":"AVAILABLE","source":"ndw","priceKwh":0.7}},{"type":"Feature","geometry":{"type":"Point","coordinates":[4.509279,52.070251]},"properties":{"type":"charge","layer":"passenger","locationId":"90289093","name":"EQUANS SGZH 2.0 Kwikstaartveld 52","address":"Kwikstaartveld 52","city":"Zoetermeer","operatorName":"EQUANS","maxPowerKw":11,"isMegawatt":false,"status":"CHARGING","source":"ndw"}},{"type":"Feature","geometry":{"type":"Point","coordinates":[4.521775,52.073673]},"properties":{"type":"charge","layer":"passenger","locationId":"89228302","name":"EQUANS SGZH 2.0 89228302","address":"Niemeyerruimte 2","city":"Zoetermeer","operatorName":"EQUANS","maxPowerKw":11,"isMegawatt":false,"status":"AVAILABLE","source":"ndw"}},{"type":"Feature","geometry":{"type":"Point","coordinates":[4.544511,52.057855]},"properties":{"type":"charge","layer":"passenger","locationId":"90255846","name":"EQUANS SGZH 2.0 Tiberstroom 1 (Rhonestroom)","address":"Tiberstroom 1","city":"Zoetermeer","operatorName":"EQUANS","maxPowerKw":11,"isMegawatt":false,"status":"CHARGING","source":"ndw"}},{"type":"Feature","geometry":{"type":"Point","coordinates":[4.47665,52.05811]},"properties":{"type":"charge","layer":"passenger","locationId":"91366044","name":"EQUANS SGZH 2.0 Belvédèrebos 127","address":"Belvédèrebos 127","city":"Zoetermeer","operatorName":"EQUANS","maxPowerKw":11,"isMegawatt":false,"status":"AVAILABLE","source":"ndw"}},{"type":"Feature","geometry":{"type":"Point","coordinates":[4.545112,52.056885]},"properties":{"type":"charge","layer":"passenger","locationId":"87612845","name":"EQUANS SGZH 2.0 87612845","address":"Tigrisstroom 84","city":"Zoetermeer","operatorName":"EQUANS","maxPowerKw":11,"isMegawatt":false,"status":"AVAILABLE","source":"ndw"}},{"type":"Feature","geometry":{"type":"Point","coordinates":[4.462658,52.060637]},"properties":{"type":"charge","layer":"passenger","locationId":"3636","name":"EQUANS SGZH 2.0 3636","address":"Zilverberg 1","city":"Zoetermeer","operatorName":"EQUANS","maxPowerKw":11,"isMegawatt":false,"status":"CHARGING","source":"ndw"}},{"type":"Feature","geometry":{"type":"Point","coordinates":[4.490236,52.043727]},"properties":{"type":"charge","layer":"passenger","locationId":"90365799","name":"EQUANS SGZH 2.0 Wit-geellaan 50","address":"Wit-geellaan 50","city":"Zoetermeer","operatorName":"EQUANS","maxPowerKw":11,"isMegawatt":false,"status":"AVAILABLE","source":"ndw"}},{"type":"Feature","geometry":{"type":"Point","coordinates":[4.47718,52.058487]},"properties":{"type":"charge","layer":"passenger","locationId":"5283","name":"EQUANS SGZH 2.0 5283","address":"Belvédèrebos 260","city":"Zoetermeer","operatorName":"EQUANS","maxPowerKw":11,"isMegawatt":false,"status":"CHARGING","source":"ndw"}},{"type":"Feature","geometry":{"type":"Point","coordinates":[4.457346,52.058695]},"properties":{"type":"charge","layer":"passenger","locationId":"3490","name":"EQUANS SGZH 2.0 3490","address":"Turfberg 7","city":"Zoetermeer","operatorName":"EQUANS","maxPowerKw":11,"isMegawatt":false,"status":"CHARGING","source":"ndw"}},{"type":"Feature","geometry":{"type":"Point","coordinates":[4.471251,52.062417]},"properties":{"type":"charge","layer":"passenger","locationId":"89052397","name":"EQUANS SGZH 2.0 89052397","address":"Ingenieur Veltplein hoek","city":"Zoetermeer","operatorName":"EQUANS","maxPowerKw":11,"isMegawatt":false,"status":"AVAILABLE","source":"ndw"}},{"type":"Feature","geometry":{"type":"Point","coordinates":[4.51818,52.067691]},"properties":{"type":"charge","layer":"passenger","locationId":"90247514","name":"EQUANS SGZH 2.0 Tarweakker 54","address":"Tarweakker 54","city":"Zoetermeer","operatorName":"EQUANS","maxPowerKw":11,"isMegawatt":false,"status":"AVAILABLE","source":"ndw"}},{"type":"Feature","geometry":{"type":"Point","coordinates":[4.48855,52.0437]},"properties":{"type":"charge","layer":"passenger","locationId":"91016316","name":"EQUANS SGZH 2.0 Glanswit 61","address":"Glanswit 61","city":"Zoetermeer","operatorName":"EQUANS","maxPowerKw":11,"isMegawatt":false,"status":"AVAILABLE","source":"ndw"}},{"type":"Feature","geometry":{"type":"Point","coordinates":[4.465276,52.050931]},"properties":{"type":"charge","layer":"passenger","locationId":"90832064","name":"EQUANS SGZH 2.0 Vlieland 20","address":"Vlieland 20","city":"Zoetermeer","operatorName":"EQUANS","maxPowerKw":11,"isMegawatt":false,"status":"AVAILABLE","source":"ndw"}},{"type":"Feature","geometry":{"type":"Point","coordinates":[4.477771,52.04468]},"properties":{"type":"charge","layer":"passenger","locationId":"89168606","name":"EQUANS SGZH 2.0 89168606","address":"Mahatma Ghandisingel 24","city":"Zoetermeer","operatorName":"EQUANS","maxPowerKw":11,"isMegawatt":false,"status":"AVAILABLE","source":"ndw"}},{"type":"Feature","geometry":{"type":"Point","coordinates":[4.539187,52.055384]},"properties":{"type":"charge","layer":"passenger","locationId":"90247509","name":"EQUANS SGZH 2.0 Sumatra 54","address":"Sumatra 54","city":"Zoetermeer","operatorName":"EQUANS","maxPowerKw":11,"isMegawatt":false,"status":"AVAILABLE","source":"ndw"}},{"type":"Feature","geometry":{"type":"Point","coordinates":[4.50409,52.05723]},"properties":{"type":"charge","layer":"passenger","locationId":"91276986","name":"EQUANS SGZH 2.0 Sandrinapad 11","address":"Sandrinapad 11","city":"Zoetermeer","operatorName":"EQUANS","maxPowerKw":11,"isMegawatt":false,"status":"AVAILABLE","source":"ndw"}},{"type":"Feature","geometry":{"type":"Point","coordinates":[4.496368,52.043677]},"properties":{"type":"charge","layer":"passenger","locationId":"4175","name":"EQUANS SGZH 2.0 4175","address":"Parelgrijs 27","city":"Zoetermeer","operatorName":"EQUANS","maxPowerKw":11,"isMegawatt":false,"status":"AVAILABLE","source":"ndw"}},{"type":"Feature","geometry":{"type":"Point","coordinates":[4.47982,52.03666]},"properties":{"type":"charge","layer":"passenger","locationId":"90961253","name":"EQUANS SGZH 2.0 Robijn 20","address":"Robijn 20","city":"Zoetermeer","operatorName":"EQUANS","maxPowerKw":11,"isMegawatt":false,"status":"AVAILABLE","source":"ndw"}},{"type":"Feature","geometry":{"type":"Point","coordinates":[4.521676,52.065987]},"properties":{"type":"charge","layer":"passenger","locationId":"89317646","name":"EQUANS SGZH 2.0 89317646","address":"Akkerdreef 108 E","city":"Zoetermeer","operatorName":"EQUANS","maxPowerKw":11,"isMegawatt":false,"status":"AVAILABLE","source":"ndw"}},{"type":"Feature","geometry":{"type":"Point","coordinates":[4.53945,52.05569]},"properties":{"type":"charge","layer":"passenger","locationId":"91204011","name":"EQUANS SGZH 2.0 Sumatra 44","address":"Sumatra 44","city":"Zoetermeer","operatorName":"EQUANS","maxPowerKw":11,"isMegawatt":false,"status":"AVAILABLE","source":"ndw"}},{"type":"Feature","geometry":{"type":"Point","coordinates":[4.479006,52.042466]},"properties":{"type":"charge","layer":"passenger","locationId":"89329865","name":"EQUANS SGZH 2.0 89329865","address":"Juweellaan 5","city":"Zoetermeer","operatorName":"EQUANS","maxPowerKw":11,"isMegawatt":false,"status":"CHARGING","source":"ndw"}},{"type":"Feature","geometry":{"type":"Point","coordinates":[4.47332,52.05681]},"properties":{"type":"charge","layer":"passenger","locationId":"90928483","name":"EQUANS SGZH 2.0 Kerkenbos 4","address":"Kerkenbos 4","city":"Zoetermeer","operatorName":"EQUANS","maxPowerKw":11,"isMegawatt":false,"status":"AVAILABLE","source":"ndw"}},{"type":"Feature","geometry":{"type":"Point","coordinates":[4.489728,52.040215]},"properties":{"type":"charge","layer":"passenger","locationId":"62897942","name":"EQUANS SGZH 2.0 62897942","address":"Napelsgeel 181","city":"Zoetermeer","operatorName":"EQUANS","maxPowerKw":11,"isMegawatt":false,"status":"CHARGING","source":"ndw"}},{"type":"Feature","geometry":{"type":"Point","coordinates":[4.534526,52.064133]},"properties":{"type":"charge","layer":"passenger","locationId":"89445000","name":"EQUANS SGZH 2.0 89445000","address":"Zwammerdamstraat 12","city":"Zoetermeer","operatorName":"EQUANS","maxPowerKw":11,"isMegawatt":false,"status":"CHARGING","source":"ndw"}},{"type":"Feature","geometry":{"type":"Point","coordinates":[4.49335,52.07133]},"properties":{"type":"charge","layer":"passenger","locationId":"2765","name":"EQUANS SGZH 2.0 Mullensstrook 1","address":"Mullensstrook 1","city":"Zoetermeer","operatorName":"EQUANS","maxPowerKw":11,"isMegawatt":false,"status":"CHARGING","source":"ndw"}},{"type":"Feature","geometry":{"type":"Point","coordinates":[4.54731,52.05538]},"properties":{"type":"charge","layer":"passenger","locationId":"88130812","name":"EQUANS SGZH 2.0 Sardinie 1","address":"Sardinie 1","city":"Zoetermeer","operatorName":"EQUANS","maxPowerKw":11,"isMegawatt":false,"status":"AVAILABLE","source":"ndw"}},{"type":"Feature","geometry":{"type":"Point","coordinates":[4.521498,52.077287]},"properties":{"type":"charge","layer":"passenger","locationId":"89355443","name":"EQUANS SGZH 2.0 89355443","address":"Van Embdenruimte 27","city":"Zoetermeer","operatorName":"EQUANS","maxPowerKw":11,"isMegawatt":false,"status":"AVAILABLE","source":"ndw"}},{"type":"Feature","geometry":{"type":"Point","coordinates":[4.491823,52.042137]},"properties":{"type":"charge","layer":"passenger","locationId":"1036186","name":"EQUANS SGZH 2.0 1036186","address":"Barietgeel 194","city":"Zoetermeer","operatorName":"EQUANS","maxPowerKw":11,"isMegawatt":false,"status":"AVAILABLE","source":"ndw"}},{"type":"Feature","geometry":{"type":"Point","coordinates":[4.482023,52.032996]},"properties":{"type":"charge","layer":"passenger","locationId":"90163292","name":"EQUANS SGZH 2.0 Basalt 62","address":"Basalt 62","city":"Zoetermeer","operatorName":"EQUANS","maxPowerKw":11,"isMegawatt":false,"status":"AVAILABLE","source":"ndw"}},{"type":"Feature","geometry":{"type":"Point","coordinates":[4.493463,52.073624]},"properties":{"type":"charge","layer":"passenger","locationId":"90255843","name":"EQUANS SGZH 2.0 Hekbootkade 1","address":"Hekbootkade 1","city":"Zoetermeer","operatorName":"EQUANS","maxPowerKw":11,"isMegawatt":false,"status":"AVAILABLE","source":"ndw"}},{"type":"Feature","geometry":{"type":"Point","coordinates":[4.504336,52.064924]},"properties":{"type":"charge","layer":"passenger","locationId":"90163335","name":"EQUANS SGZH 2.0 Veenwortelvaart 19","address":"Veenwortelvaart 19","city":"Zoetermeer","operatorName":"EQUANS","maxPowerKw":11,"isMegawatt":false,"status":"AVAILABLE","source":"ndw"}},{"type":"Feature","geometry":{"type":"Point","coordinates":[4.48413,52.06606]},"properties":{"type":"charge","layer":"passenger","locationId":"90995215","name":"EQUANS SGZH 2.0 Timmermanshove 15","address":"Timmermanshove 15","city":"Zoetermeer","operatorName":"EQUANS","maxPowerKw":11,"isMegawatt":false,"status":"AVAILABLE","source":"ndw"}},{"type":"Feature","geometry":{"type":"Point","coordinates":[4.49115,52.050371]},"properties":{"type":"charge","layer":"passenger","locationId":"55425741","name":"EQUANS SGZH 2.0 55425741","address":"Vondelstraat 1","city":"Zoetermeer","operatorName":"EQUANS","maxPowerKw":11,"isMegawatt":false,"status":"AVAILABLE","source":"ndw"}},{"type":"Feature","geometry":{"type":"Point","coordinates":[4.46663,52.04447]},"properties":{"type":"charge","layer":"passenger","locationId":"90891558","name":"EQUANS SGZH 2.0 Plataanhout 91 Plataanhout 46 TO","address":"Plataanhout 91","city":"Zoetermeer","operatorName":"EQUANS","maxPowerKw":11,"isMegawatt":false,"status":"AVAILABLE","source":"ndw"}},{"type":"Feature","geometry":{"type":"Point","coordinates":[4.47866,52.05927]},"properties":{"type":"charge","layer":"passenger","locationId":"90883037","name":"EQUANS SGZH 2.0 Fonteinbos 133","address":"Fonteinbos 133","city":"Zoetermeer","operatorName":"EQUANS","maxPowerKw":11,"isMegawatt":false,"status":"AVAILABLE","source":"ndw"}},{"type":"Feature","geometry":{"type":"Point","coordinates":[4.49471,52.04153]},"properties":{"type":"charge","layer":"passenger","locationId":"88451680","name":"EQUANS SGZH 2.0 Donkergroen 159","address":"Donkergroen 159","city":"Zoetermeer","operatorName":"EQUANS","maxPowerKw":11,"isMegawatt":false,"status":"AVAILABLE","source":"ndw"}},{"type":"Feature","geometry":{"type":"Point","coordinates":[4.475724,52.063393]},"properties":{"type":"charge","layer":"passenger","locationId":"90836246","name":"EQUANS SGZH 2.0 Bordewijkhove 16","address":"Bordewijkhove 16","city":"Zoetermeer","operatorName":"EQUANS","maxPowerKw":11,"isMegawatt":false,"status":"AVAILABLE","source":"ndw"}},{"type":"Feature","geometry":{"type":"Point","coordinates":[4.497746,52.04945]},"properties":{"type":"charge","layer":"passenger","locationId":"90850387","name":"EQUANS SGZH 2.0 Rembrandtstraat 136","address":"Rembrandtstraat 136","city":"Zoetermeer","operatorName":"EQUANS","maxPowerKw":11,"isMegawatt":false,"status":"AVAILABLE","source":"ndw"}},{"type":"Feature","geometry":{"type":"Point","coordinates":[4.5216,52.078583]},"properties":{"type":"charge","layer":"passenger","locationId":"63894675","name":"EQUANS SGZH 2.0 63894675","address":"Planbaan 107","city":"Zoetermeer","operatorName":"EQUANS","maxPowerKw":11,"isMegawatt":false,"status":"AVAILABLE","source":"ndw"}},{"type":"Feature","geometry":{"type":"Point","coordinates":[4.49994,52.06057]},"properties":{"type":"charge","layer":"passenger","locationId":"91049962","name":"EQUANS SGZH 2.0 Du Meelaan 280","address":"Du Meelaan 280","city":"Zoetermeer","operatorName":"EQUANS","maxPowerKw":11,"isMegawatt":false,"status":"AVAILABLE","source":"ndw"}},{"type":"Feature","geometry":{"type":"Point","coordinates":[4.480767,52.065744]},"properties":{"type":"charge","layer":"passenger","locationId":"90179590","name":"EQUANS SGZH 2.0 A.M. de Jonghove 20","address":"A.M. de Jonghove 20","city":"Zoetermeer","operatorName":"EQUANS","maxPowerKw":11,"isMegawatt":false,"status":"CHARGING","source":"ndw"}},{"type":"Feature","geometry":{"type":"Point","coordinates":[4.471504,52.052948]},"properties":{"type":"charge","layer":"passenger","locationId":"66125522","name":"EQUANS SGZH 2.0 89317643","address":"Nieuwewater 19","city":"Zoetermeer","operatorName":"EQUANS","maxPowerKw":11,"isMegawatt":false,"status":"AVAILABLE","source":"ndw"}},{"type":"Feature","geometry":{"type":"Point","coordinates":[4.552755,52.062265]},"properties":{"type":"charge","layer":"passenger","locationId":"89254174","name":"EQUANS SGZH 2.0 SGZH2-02780","address":"Coloradostroom 9","city":"Zoetermeer","operatorName":"EQUANS","maxPowerKw":11,"isMegawatt":false,"status":"AVAILABLE","source":"ndw"}},{"type":"Feature","geometry":{"type":"Point","coordinates":[4.504979,52.053673]},"properties":{"type":"charge","layer":"passenger","locationId":"90172047","name":"EQUANS SGZH 2.0 De la Gardestraat 4","address":"De la Gardestraat 4","city":"Zoetermeer","operatorName":"EQUANS","maxPowerKw":11,"isMegawatt":false,"status":"AVAILABLE","source":"ndw"}},{"type":"Feature","geometry":{"type":"Point","coordinates":[4.469926,52.050966]},"properties":{"type":"charge","layer":"passenger","locationId":"90357659","name":"EQUANS SGZH 2.0 Leiwater 99","address":"Leiwater 99","city":"Zoetermeer","operatorName":"EQUANS","maxPowerKw":11,"isMegawatt":false,"status":"AVAILABLE","source":"ndw"}},{"type":"Feature","geometry":{"type":"Point","coordinates":[4.55112,52.05769]},"properties":{"type":"charge","layer":"passenger","locationId":"91011080","name":"EQUANS SGZH 2.0 Burgemeester Augustijnstraat 74","address":"Burgemeester Augustijnstraat 74","city":"Zoetermeer","operatorName":"EQUANS","maxPowerKw":11,"isMegawatt":false,"status":"AVAILABLE","source":"ndw"}},{"type":"Feature","geometry":{"type":"Point","coordinates":[4.475083,52.039722]},"properties":{"type":"charge","layer":"passenger","locationId":"90695531","name":"EQUANS SGZH 2.0 Aquamarijn 22","address":"Aquamarijn 22","city":"Zoetermeer","operatorName":"EQUANS","maxPowerKw":11,"isMegawatt":false,"status":"AVAILABLE","source":"ndw"}},{"type":"Feature","geometry":{"type":"Point","coordinates":[4.50643,52.06246]},"properties":{"type":"charge","layer":"passenger","locationId":"3539","name":"EQUANS SGZH 2.0 Stekelbaarssloot 2","address":"Stekelbaarssloot 2","city":"Zoetermeer","operatorName":"EQUANS","maxPowerKw":11,"isMegawatt":false,"status":"AVAILABLE","source":"ndw"}},{"type":"Feature","geometry":{"type":"Point","coordinates":[4.534935,52.058168]},"properties":{"type":"charge","layer":"passenger","locationId":"91267651","name":"EQUANS SGZH 2.0 Zwartemeer 117","address":"Zwartemeer 117","city":"Zoetermeer","operatorName":"EQUANS","maxPowerKw":11,"isMegawatt":false,"status":"CHARGING","source":"ndw"}},{"type":"Feature","geometry":{"type":"Point","coordinates":[4.49595,52.0574]},"properties":{"type":"charge","layer":"passenger","locationId":"91042809","name":"EQUANS SGZH 2.0 Leidsewallen 36 B","address":"Leidsewallen 36 B","city":"Zoetermeer","operatorName":"EQUANS","maxPowerKw":11,"isMegawatt":false,"status":"AVAILABLE","source":"ndw"}},{"type":"Feature","geometry":{"type":"Point","coordinates":[4.51246,52.07617]},"properties":{"type":"charge","layer":"passenger","locationId":"91003882","name":"EQUANS SGZH 2.0 Gropiuslijn 32","address":"Gropiuslijn 32","city":"Zoetermeer","operatorName":"EQUANS","maxPowerKw":11,"isMegawatt":false,"status":"CHARGING","source":"ndw"}},{"type":"Feature","geometry":{"type":"Point","coordinates":[4.532457,52.065824]},"properties":{"type":"charge","layer":"passenger","locationId":"90238828","name":"EQUANS SGZH 2.0 Aarlanderveenstraat 63","address":"Aarlanderveenstraat 63","city":"Zoetermeer","operatorName":"EQUANS","maxPowerKw":11,"isMegawatt":false,"status":"AVAILABLE","source":"ndw"}},{"type":"Feature","geometry":{"type":"Point","coordinates":[4.487738,52.056322]},"properties":{"type":"charge","layer":"passenger","locationId":"90832058","name":"EQUANS SGZH 2.0 Dunantstraat 23","address":"Dunantstraat 23","city":"Zoetermeer","operatorName":"EQUANS","maxPowerKw":11,"isMegawatt":false,"status":"AVAILABLE","source":"ndw"}},{"type":"Feature","geometry":{"type":"Point","coordinates":[4.49405,52.07395]},"properties":{"type":"charge","layer":"passenger","locationId":"91114840","name":"EQUANS SGZH 2.0 Jolkade 22","address":"Jolkade 22","city":"Zoetermeer","operatorName":"EQUANS","maxPowerKw":11,"isMegawatt":false,"status":"AVAILABLE","source":"ndw"}},{"type":"Feature","geometry":{"type":"Point","coordinates":[4.52695,52.07084]},"properties":{"type":"charge","layer":"passenger","locationId":"91204010","name":"EQUANS SGZH 2.0 Ruseschans 78","address":"Ruseschans 78","city":"Zoetermeer","operatorName":"EQUANS","maxPowerKw":11,"isMegawatt":false,"status":"AVAILABLE","source":"ndw"}},{"type":"Feature","geometry":{"type":"Point","coordinates":[4.495317,52.061996]},"properties":{"type":"charge","layer":"passenger","locationId":"685d3adf58722cab8a4cef0e","name":"Hoogvliet, Italiëlaan 13 Zoetermeer - I","address":"Italiëlaan 13 [P94]","city":"Zoetermeer","operatorName":"E-Flux by Road","maxPowerKw":22,"isMegawatt":false,"status":"UNAVAILABLE","source":"ndw","priceKwh":0.38}},{"type":"Feature","geometry":{"type":"Point","coordinates":[4.495885,52.049714]},"properties":{"type":"charge","layer":"passenger","locationId":"89615423","name":"EQUANS SGZH 2.0 89615423","address":"Frans Halsstraat 50","city":"Zoetermeer","operatorName":"EQUANS","maxPowerKw":11,"isMegawatt":false,"status":"CHARGING","source":"ndw"}},{"type":"Feature","geometry":{"type":"Point","coordinates":[4.512682,52.073229]},"properties":{"type":"charge","layer":"passenger","locationId":"90377598","name":"EQUANS SGZH 2.0 Kalverweide 1","address":"Kalverweide 1","city":"Zoetermeer","operatorName":"EQUANS","maxPowerKw":11,"isMegawatt":false,"status":"AVAILABLE","source":"ndw"}},{"type":"Feature","geometry":{"type":"Point","coordinates":[4.461673,52.052563]},"properties":{"type":"charge","layer":"passenger","locationId":"55739883","name":"EQUANS SGZH 2.0 55739883","address":"Eemland 32","city":"Zoetermeer","operatorName":"EQUANS","maxPowerKw":11,"isMegawatt":false,"status":"AVAILABLE","source":"ndw"}},{"type":"Feature","geometry":{"type":"Point","coordinates":[4.476299,52.035234]},"properties":{"type":"charge","layer":"passenger","locationId":"90294284","name":"EQUANS SGZH 2.0 Sieraadlaan 101","address":"Sieraadlaan 101","city":"Zoetermeer","operatorName":"EQUANS","maxPowerKw":11,"isMegawatt":false,"status":"AVAILABLE","source":"ndw"}},{"type":"Feature","geometry":{"type":"Point","coordinates":[4.515338,52.074906]},"properties":{"type":"charge","layer":"passenger","locationId":"89052423","name":"EQUANS SGZH 2.0 89052423","address":"Rogerslijn 6","city":"Zoetermeer","operatorName":"EQUANS","maxPowerKw":11,"isMegawatt":false,"status":"AVAILABLE","source":"ndw"}},{"type":"Feature","geometry":{"type":"Point","coordinates":[4.53067,52.06434]},"properties":{"type":"charge","layer":"passenger","locationId":"3462","name":"EQUANS SGZH 2.0 Ameidestraat 60","address":"Ameidestraat 60","city":"Zoetermeer","operatorName":"EQUANS","maxPowerKw":11,"isMegawatt":false,"status":"AVAILABLE","source":"ndw"}},{"type":"Feature","geometry":{"type":"Point","coordinates":[4.503125,52.051828]},"properties":{"type":"charge","layer":"passenger","locationId":"1200496","name":"EQUANS SGZH 2.0 1200496","address":"5 Mei-Straat 25","city":"Zoetermeer","operatorName":"EQUANS","maxPowerKw":11,"isMegawatt":false,"status":"AVAILABLE","source":"ndw"}},{"type":"Feature","geometry":{"type":"Point","coordinates":[4.481025,52.070281]},"properties":{"type":"charge","layer":"passenger","locationId":"610147cd8c85a19414036c12","name":"LIB_1305","address":"Palestrinarode 32","city":"Zoetermeer","operatorName":"E-Flux by Road","maxPowerKw":11,"isMegawatt":false,"status":"AVAILABLE","source":"ndw","priceKwh":0.53}},{"type":"Feature","geometry":{"type":"Point","coordinates":[4.519474,52.064603]},"properties":{"type":"charge","layer":"passenger","locationId":"90938461","name":"EQUANS SGZH 2.0 Lupineakker 28 (t.h.v. Akkerdreef 361)","address":"Lupineakker 28","city":"Zoetermeer","operatorName":"EQUANS","maxPowerKw":11,"isMegawatt":false,"status":"CHARGING","source":"ndw"}},{"type":"Feature","geometry":{"type":"Point","coordinates":[4.457541,52.055452]},"properties":{"type":"charge","layer":"passenger","locationId":"90186849","name":"EQUANS SGZH 2.0 Berglaan 31","address":"Berglaan 31","city":"Zoetermeer","operatorName":"EQUANS","maxPowerKw":11,"isMegawatt":false,"status":"AVAILABLE","source":"ndw"}},{"type":"Feature","geometry":{"type":"Point","coordinates":[4.507447,52.071979]},"properties":{"type":"charge","layer":"passenger","locationId":"90401525","name":"EQUANS SGZH 2.0 Eksterveld 26 (t.h.v. Fazantenveld)","address":"Eksterveld 26","city":"Zoetermeer","operatorName":"EQUANS","maxPowerKw":11,"isMegawatt":false,"status":"AVAILABLE","source":"ndw"}},{"type":"Feature","geometry":{"type":"Point","coordinates":[4.49165,52.03919]},"properties":{"type":"charge","layer":"passenger","locationId":"90984766","name":"EQUANS SGZH 2.0 Granietgroen 91","address":"Granietgroen 91","city":"Zoetermeer","operatorName":"EQUANS","maxPowerKw":11,"isMegawatt":false,"status":"AVAILABLE","source":"ndw"}},{"type":"Feature","geometry":{"type":"Point","coordinates":[4.472349,52.069212]},"properties":{"type":"charge","layer":"passenger","locationId":"90365811","name":"EQUANS SGZH 2.0 Gershwinrode 32","address":"Gershwinrode 32","city":"Zoetermeer","operatorName":"EQUANS","maxPowerKw":11,"isMegawatt":false,"status":"AVAILABLE","source":"ndw"}},{"type":"Feature","geometry":{"type":"Point","coordinates":[4.466534,52.05224]},"properties":{"type":"charge","layer":"passenger","locationId":"89370450","name":"EQUANS SGZH 2.0 89370450","address":"Salland 1","city":"Zoetermeer","operatorName":"EQUANS","maxPowerKw":11,"isMegawatt":false,"status":"AVAILABLE","source":"ndw"}},{"type":"Feature","geometry":{"type":"Point","coordinates":[4.5337,52.057313]},"properties":{"type":"charge","layer":"passenger","locationId":"88424686","name":"EQUANS SGZH 2.0 88424686","address":"Veersemeer 55","city":"Zoetermeer","operatorName":"EQUANS","maxPowerKw":11,"isMegawatt":false,"status":"CHARGING","source":"ndw"}},{"type":"Feature","geometry":{"type":"Point","coordinates":[4.511174,52.069436]},"properties":{"type":"charge","layer":"passenger","locationId":"89249740","name":"EQUANS SGZH 2.0 89249740","address":"Patrijzenveld 25","city":"Zoetermeer","operatorName":"EQUANS","maxPowerKw":11,"isMegawatt":false,"status":"CHARGING","source":"ndw"}},{"type":"Feature","geometry":{"type":"Point","coordinates":[4.488037,52.045028]},"properties":{"type":"charge","layer":"passenger","locationId":"258446","name":"EQUANS SGZH 2.0 258446","address":"Angelagang 40","city":"Zoetermeer","operatorName":"EQUANS","maxPowerKw":11,"isMegawatt":false,"status":"AVAILABLE","source":"ndw"}},{"type":"Feature","geometry":{"type":"Point","coordinates":[4.49218,52.0374]},"properties":{"type":"charge","layer":"passenger","locationId":"3470","name":"EQUANS SGZH 2.0 Groen-blauwlaan 161","address":"Groen-blauwlaan 161","city":"Zoetermeer","operatorName":"EQUANS","maxPowerKw":11,"isMegawatt":false,"status":"AVAILABLE","source":"ndw"}},{"type":"Feature","geometry":{"type":"Point","coordinates":[4.492017,52.060669]},"properties":{"type":"charge","layer":"passenger","locationId":"89052409","name":"EQUANS SGZH 2.0 Engelandlaan 400","address":"Engelandlaan 400","city":"Zoetermeer","operatorName":"EQUANS","maxPowerKw":11,"isMegawatt":false,"status":"AVAILABLE","source":"ndw"}},{"type":"Feature","geometry":{"type":"Point","coordinates":[4.515022,52.072895]},"properties":{"type":"charge","layer":"passenger","locationId":"89238515","name":"EQUANS SGZH 2.0 89238515","address":"Weidedreef 156","city":"Zoetermeer","operatorName":"EQUANS","maxPowerKw":11,"isMegawatt":false,"status":"AVAILABLE","source":"ndw"}},{"type":"Feature","geometry":{"type":"Point","coordinates":[4.490595,52.068977]},"properties":{"type":"charge","layer":"passenger","locationId":"89329914","name":"EQUANS SGZH 2.0 89329914","address":"Elia Kazanstroook 22","city":"Zoetermeer","operatorName":"EQUANS","maxPowerKw":11,"isMegawatt":false,"status":"AVAILABLE","source":"ndw"}},{"type":"Feature","geometry":{"type":"Point","coordinates":[4.49847,52.06582]},"properties":{"type":"charge","layer":"passenger","locationId":"91193649","name":"EQUANS SGZH 2.0 Traviataschouw 11","address":"Traviataschouw 11","city":"Zoetermeer","operatorName":"EQUANS","maxPowerKw":11,"isMegawatt":false,"status":"CHARGING","source":"ndw"}},{"type":"Feature","geometry":{"type":"Point","coordinates":[4.488503,52.065357]},"properties":{"type":"charge","layer":"passenger","locationId":"91114779","name":"EQUANS SGZH 2.0 Hildebrandhove 91","address":"Hildebrandhove 91","city":"Zoetermeer","operatorName":"EQUANS","maxPowerKw":11,"isMegawatt":false,"status":"AVAILABLE","source":"ndw"}},{"type":"Feature","geometry":{"type":"Point","coordinates":[4.485339,52.056268]},"properties":{"type":"charge","layer":"passenger","locationId":"4476","name":"EQUANS SGZH 2.0 4476","address":"Dunantstraat 260","city":"Zoetermeer","operatorName":"EQUANS","maxPowerKw":11,"isMegawatt":false,"status":"AVAILABLE","source":"ndw"}},{"type":"Feature","geometry":{"type":"Point","coordinates":[4.477872,52.036172]},"properties":{"type":"charge","layer":"passenger","locationId":"89329901","name":"EQUANS SGZH 2.0 89329901","address":"Opaal 26","city":"Zoetermeer","operatorName":"EQUANS","maxPowerKw":11,"isMegawatt":false,"status":"AVAILABLE","source":"ndw"}},{"type":"Feature","geometry":{"type":"Point","coordinates":[4.53162,52.06535]},"properties":{"type":"charge","layer":"passenger","locationId":"91115049","name":"EQUANS SGZH 2.0 Bloemendaalstraat 22","address":"Bloemendaalstraat 22","city":"Zoetermeer","operatorName":"EQUANS","maxPowerKw":11,"isMegawatt":false,"status":"CHARGING","source":"ndw"}},{"type":"Feature","geometry":{"type":"Point","coordinates":[4.516333,52.078253]},"properties":{"type":"charge","layer":"passenger","locationId":"89942866","name":"EQUANS SGZH 2.0 89942866","address":"Planbaan 57","city":"Zoetermeer","operatorName":"EQUANS","maxPowerKw":11,"isMegawatt":false,"status":"AVAILABLE","source":"ndw"}},{"type":"Feature","geometry":{"type":"Point","coordinates":[4.493809,52.034971]},"properties":{"type":"charge","layer":"passenger","locationId":"89052403","name":"EQUANS SGZH 2.0 89052403","address":"Blauw-Roodlaan nabij 151","city":"Zoetermeer","operatorName":"EQUANS","maxPowerKw":11,"isMegawatt":false,"status":"AVAILABLE","source":"ndw"}},{"type":"Feature","geometry":{"type":"Point","coordinates":[4.514029,52.060279]},"properties":{"type":"charge","layer":"passenger","locationId":"90822439","name":"EQUANS SGZH 2.0 Moerbeigaarde 132","address":"Moerbeigaarde 132","city":"Zoetermeer","operatorName":"EQUANS","maxPowerKw":11,"isMegawatt":false,"status":"CHARGING","source":"ndw"}},{"type":"Feature","geometry":{"type":"Point","coordinates":[4.501352,52.048509]},"properties":{"type":"charge","layer":"passenger","locationId":"89484882","name":"EQUANS SGZH 2.0 89484882","address":"Anna Ruyschstraat 2","city":"Zoetermeer","operatorName":"EQUANS","maxPowerKw":11,"isMegawatt":false,"status":"AVAILABLE","source":"ndw"}},{"type":"Feature","geometry":{"type":"Point","coordinates":[4.54259,52.06476]},"properties":{"type":"charge","layer":"passenger","locationId":"91076523","name":"EQUANS SGZH 2.0 Roxenissestraat 61 (t.h.v. Poortugaalstraat 49)","address":"Roxenissestraat 61 (t.h.v. Poortugaalstraat 4","city":"Zoetermeer","operatorName":"EQUANS","maxPowerKw":11,"isMegawatt":false,"status":"CHARGING","source":"ndw"}},{"type":"Feature","geometry":{"type":"Point","coordinates":[4.48107,52.05112]},"properties":{"type":"charge","layer":"passenger","locationId":"91326892","name":"EQUANS SGZH 2.0 Stadhoudersring 7","address":"Stadhoudersring 7","city":"Zoetermeer","operatorName":"EQUANS","maxPowerKw":11,"isMegawatt":false,"status":"CHARGING","source":"ndw"}},{"type":"Feature","geometry":{"type":"Point","coordinates":[4.494475,52.065876]},"properties":{"type":"charge","layer":"passenger","locationId":"89444994","name":"EQUANS SGZH 2.0 89444994","address":"Aïdaschouw 36","city":"Zoetermeer","operatorName":"EQUANS","maxPowerKw":11,"isMegawatt":false,"status":"AVAILABLE","source":"ndw"}},{"type":"Feature","geometry":{"type":"Point","coordinates":[4.46408,52.04193]},"properties":{"type":"charge","layer":"passenger","locationId":"91292934","name":"EQUANS SGZH 2.0 Merbauhout 1","address":"Merbauhout 1","city":"Zoetermeer","operatorName":"EQUANS","maxPowerKw":11,"isMegawatt":false,"status":"AVAILABLE","source":"ndw"}},{"type":"Feature","geometry":{"type":"Point","coordinates":[4.53761,52.06697]},"properties":{"type":"charge","layer":"passenger","locationId":"91422008","name":"EQUANS SGZH 2.0 Nieuwlandstraat 74","address":"Nieuwlandstraat 74","city":"Zoetermeer","operatorName":"EQUANS","maxPowerKw":11,"isMegawatt":false,"status":"CHARGING","source":"ndw"}},{"type":"Feature","geometry":{"type":"Point","coordinates":[4.484407,52.063197]},"properties":{"type":"charge","layer":"passenger","locationId":"62172272","name":"EQUANS SGZH 2.0 62172272","address":"Heijermanshove 76","city":"Zoetermeer","operatorName":"EQUANS","maxPowerKw":11,"isMegawatt":false,"status":"AVAILABLE","source":"ndw"}},{"type":"Feature","geometry":{"type":"Point","coordinates":[4.496628,52.042453]},"properties":{"type":"charge","layer":"passenger","locationId":"89615424","name":"EQUANS SGZH 2.0 89615424","address":"Cypresgroen 1","city":"Zoetermeer","operatorName":"EQUANS","maxPowerKw":11,"isMegawatt":false,"status":"CHARGING","source":"ndw"}},{"type":"Feature","geometry":{"type":"Point","coordinates":[4.463943,52.042599]},"properties":{"type":"charge","layer":"passenger","locationId":"89469878","name":"EQUANS SGZH 2.0 89469878","address":"Matoahout 17","city":"Zoetermeer","operatorName":"EQUANS","maxPowerKw":11,"isMegawatt":false,"status":"CHARGING","source":"ndw"}},{"type":"Feature","geometry":{"type":"Point","coordinates":[4.45996,52.05371]},"properties":{"type":"charge","layer":"passenger","locationId":"90994618","name":"EQUANS SGZH 2.0 Montferland 3","address":"Montferland 3","city":"Zoetermeer","operatorName":"EQUANS","maxPowerKw":11,"isMegawatt":false,"status":"AVAILABLE","source":"ndw"}},{"type":"Feature","geometry":{"type":"Point","coordinates":[4.464283,52.054876]},"properties":{"type":"charge","layer":"passenger","locationId":"89637072","name":"EQUANS SGZH 2.0 89637072","address":"Beveland 41","city":"Zoetermeer","operatorName":"EQUANS","maxPowerKw":11,"isMegawatt":false,"status":"AVAILABLE","source":"ndw"}},{"type":"Feature","geometry":{"type":"Point","coordinates":[4.541269,52.056058]},"properties":{"type":"charge","layer":"passenger","locationId":"90281898","name":"EQUANS SGZH 2.0 Shetland 106","address":"Shetland 106","city":"Zoetermeer","operatorName":"EQUANS","maxPowerKw":11,"isMegawatt":false,"status":"CHARGING","source":"ndw"}},{"type":"Feature","geometry":{"type":"Point","coordinates":[4.49987,52.05037]},"properties":{"type":"charge","layer":"passenger","locationId":"90965752","name":"EQUANS SGZH 2.0 Vermeerstraat 3","address":"Vermeerstraat 3","city":"Zoetermeer","operatorName":"EQUANS","maxPowerKw":11,"isMegawatt":false,"status":"AVAILABLE","source":"ndw"}},{"type":"Feature","geometry":{"type":"Point","coordinates":[4.498358,52.0666]},"properties":{"type":"charge","layer":"passenger","locationId":"6509928f074f10001ba3b735","name":"Jump One charging station - Salomeschouw","address":"Saloméschouw 19","city":"Zoetermeer","operatorName":"E-Flux by Road","maxPowerKw":22,"isMegawatt":false,"status":"CHARGING","source":"ndw","priceKwh":0.58}},{"type":"Feature","geometry":{"type":"Point","coordinates":[4.483741,52.053065]},"properties":{"type":"charge","layer":"passenger","locationId":"89439575","name":"EQUANS SGZH 2.0 89439575","address":"Van Stolberglaan 29","city":"Zoetermeer","operatorName":"EQUANS","maxPowerKw":11,"isMegawatt":false,"status":"AVAILABLE","source":"ndw"}},{"type":"Feature","geometry":{"type":"Point","coordinates":[4.49145,52.049]},"properties":{"type":"charge","layer":"passenger","locationId":"90967653","name":"EQUANS SGZH 2.0 Dr. J.W. Paltelaan 168 (Bilderdijkstraat)","address":"Dr. J.W. Paltelaan 168","city":"Zoetermeer","operatorName":"EQUANS","maxPowerKw":11,"isMegawatt":false,"status":"AVAILABLE","source":"ndw"}},{"type":"Feature","geometry":{"type":"Point","coordinates":[4.53056,52.061]},"properties":{"type":"charge","layer":"passenger","locationId":"91193652","name":"EQUANS SGZH 2.0 Zuidwijkstraat 2","address":"Zuidwijkstraat 2","city":"Zoetermeer","operatorName":"EQUANS","maxPowerKw":11,"isMegawatt":false,"status":"AVAILABLE","source":"ndw"}},{"type":"Feature","geometry":{"type":"Point","coordinates":[4.49544,52.0366]},"properties":{"type":"charge","layer":"passenger","locationId":"90918862","name":"EQUANS SGZH 2.0 Staalblauw 107","address":"Staalblauw 107","city":"Zoetermeer","operatorName":"EQUANS","maxPowerKw":11,"isMegawatt":false,"status":"AVAILABLE","source":"ndw"}},{"type":"Feature","geometry":{"type":"Point","coordinates":[4.48815,52.039822]},"properties":{"type":"charge","layer":"passenger","locationId":"91154407","name":"EQUANS SGZH 2.0 Safarigeel 122","address":"Safarigeel 122","city":"Zoetermeer","operatorName":"EQUANS","maxPowerKw":11,"isMegawatt":false,"status":"AVAILABLE","source":"ndw"}},{"type":"Feature","geometry":{"type":"Point","coordinates":[4.50841,52.06188]},"properties":{"type":"charge","layer":"passenger","locationId":"90994621","name":"EQUANS SGZH 2.0 Slootdreef 71","address":"Slootdreef 71","city":"Zoetermeer","operatorName":"EQUANS","maxPowerKw":11,"isMegawatt":false,"status":"AVAILABLE","source":"ndw"}},{"type":"Feature","geometry":{"type":"Point","coordinates":[4.472646,52.060889]},"properties":{"type":"charge","layer":"passenger","locationId":"89179850","name":"EQUANS SGZH 2.0 89179850","address":"Hoevenbos 79","city":"Zoetermeer","operatorName":"EQUANS","maxPowerKw":17,"isMegawatt":false,"status":"AVAILABLE","source":"ndw"}},{"type":"Feature","geometry":{"type":"Point","coordinates":[4.521297,52.06404]},"properties":{"type":"charge","layer":"passenger","locationId":"3474","name":"EQUANS SGZH 2.0 3474","address":"Mosterdakker 27","city":"Zoetermeer","operatorName":"EQUANS","maxPowerKw":11,"isMegawatt":false,"status":"CHARGING","source":"ndw"}},{"type":"Feature","geometry":{"type":"Point","coordinates":[4.508133,52.056943]},"properties":{"type":"charge","layer":"passenger","locationId":"88130867","name":"EQUANS SGZH 2.0 88130867","address":"Willem van Cleeflaan 635","city":"Zoetermeer","operatorName":"EQUANS","maxPowerKw":11,"isMegawatt":false,"status":"CHARGING","source":"ndw"}},{"type":"Feature","geometry":{"type":"Point","coordinates":[4.489128,52.03888]},"properties":{"type":"charge","layer":"passenger","locationId":"90247507","name":"EQUANS SGZH 2.0 Geel-groenlaan 90","address":"Geel-groenlaan 90","city":"Zoetermeer","operatorName":"EQUANS","maxPowerKw":11,"isMegawatt":false,"status":"AVAILABLE","source":"ndw"}},{"type":"Feature","geometry":{"type":"Point","coordinates":[4.494257,52.068132]},"properties":{"type":"charge","layer":"passenger","locationId":"89254214","name":"EQUANS SGZH 2.0 89254214","address":"Shawzijde 64","city":"Zoetermeer","operatorName":"EQUANS","maxPowerKw":11,"isMegawatt":false,"status":"AVAILABLE","source":"ndw"}},{"type":"Feature","geometry":{"type":"Point","coordinates":[4.480153,52.067916]},"properties":{"type":"charge","layer":"passenger","locationId":"90112034","name":"EQUANS SGZH 2.0 Rossinirode 55","address":"Rossinirode 55","city":"Zoetermeer","operatorName":"EQUANS","maxPowerKw":11,"isMegawatt":false,"status":"CHARGING","source":"ndw"}},{"type":"Feature","geometry":{"type":"Point","coordinates":[4.515719,52.066449]},"properties":{"type":"charge","layer":"passenger","locationId":"90386359","name":"EQUANS SGZH 2.0 Klaproostuin 15","address":"Klaproostuin 15","city":"Zoetermeer","operatorName":"EQUANS","maxPowerKw":11,"isMegawatt":false,"status":"AVAILABLE","source":"ndw"}},{"type":"Feature","geometry":{"type":"Point","coordinates":[4.50886,52.05763]},"properties":{"type":"charge","layer":"passenger","locationId":"91492019","name":"EQUANS SGZH 2.0 Johanna van Cuilenburgstraat 89","address":"Johanna van Cuilenburgstraat 89","city":"Zoetermeer","operatorName":"EQUANS","maxPowerKw":11,"isMegawatt":false,"status":"AVAILABLE","source":"ndw"}},{"type":"Feature","geometry":{"type":"Point","coordinates":[4.539547,52.054893]},"properties":{"type":"charge","layer":"passenger","locationId":"3608","name":"EQUANS SGZH 2.0 3608","address":"Shetland 176","city":"Zoetermeer","operatorName":"EQUANS","maxPowerKw":11,"isMegawatt":false,"status":"AVAILABLE","source":"ndw"}},{"type":"Feature","geometry":{"type":"Point","coordinates":[4.513254,52.078617]},"properties":{"type":"charge","layer":"passenger","locationId":"2770","name":"EQUANS SGZH 2.0 Berlageplan tegenover nr. 5","address":"Berlageplan tegenover nr. 5","city":"Zoetermeer","operatorName":"EQUANS","maxPowerKw":11,"isMegawatt":false,"status":"CHARGING","source":"ndw"}},{"type":"Feature","geometry":{"type":"Point","coordinates":[4.50031,52.07285]},"properties":{"type":"charge","layer":"passenger","locationId":"91421974","name":"EQUANS SGZH 2.0 Fregatwerf 1","address":"Fregatwerf 1","city":"Zoetermeer","operatorName":"EQUANS","maxPowerKw":11,"isMegawatt":false,"status":"AVAILABLE","source":"ndw"}},{"type":"Feature","geometry":{"type":"Point","coordinates":[4.528809,52.0734]},"properties":{"type":"charge","layer":"passenger","locationId":"90826927","name":"EQUANS SGZH 2.0 Schansbaan 167","address":"Schansbaan 167","city":"Zoetermeer","operatorName":"EQUANS","maxPowerKw":11,"isMegawatt":false,"status":"AVAILABLE","source":"ndw"}},{"type":"Feature","geometry":{"type":"Point","coordinates":[4.495697,52.036958]},"properties":{"type":"charge","layer":"passenger","locationId":"89332805","name":"EQUANS SGZH 2.0 89332805","address":"Marineblauw 81","city":"Zoetermeer","operatorName":"EQUANS","maxPowerKw":11,"isMegawatt":false,"status":"AVAILABLE","source":"ndw"}},{"type":"Feature","geometry":{"type":"Point","coordinates":[4.510499,52.073094]},"properties":{"type":"charge","layer":"passenger","locationId":"89624302","name":"EQUANS SGZH 2.0 89624302","address":"Weidedreef 71","city":"Zoetermeer","operatorName":"EQUANS","maxPowerKw":11,"isMegawatt":false,"status":"AVAILABLE","source":"ndw"}},{"type":"Feature","geometry":{"type":"Point","coordinates":[4.487387,52.072025]},"properties":{"type":"charge","layer":"passenger","locationId":"63515968","name":"EQUANS SGZH 2.0 63515968","address":"Bunuelstrook 76","city":"Zoetermeer","operatorName":"EQUANS","maxPowerKw":11,"isMegawatt":false,"status":"AVAILABLE","source":"ndw"}},{"type":"Feature","geometry":{"type":"Point","coordinates":[4.497115,52.048578]},"properties":{"type":"charge","layer":"passenger","locationId":"89880944","name":"EQUANS SGZH 2.0 89880944","address":"Gerard Doustraat 1","city":"Zoetermeer","operatorName":"EQUANS","maxPowerKw":11,"isMegawatt":false,"status":"AVAILABLE","source":"ndw"}},{"type":"Feature","geometry":{"type":"Point","coordinates":[4.485382,52.040077]},"properties":{"type":"charge","layer":"passenger","locationId":"89344617","name":"EQUANS SGZH 2.0 89344617","address":"Wit-geellaan 122","city":"Zoetermeer","operatorName":"EQUANS","maxPowerKw":11,"isMegawatt":false,"status":"AVAILABLE","source":"ndw"}},{"type":"Feature","geometry":{"type":"Point","coordinates":[4.458472,52.055335]},"properties":{"type":"charge","layer":"passenger","locationId":"90400523","name":"EQUANS SGZH 2.0 Herikerberg 13","address":"Herikerberg 13","city":"Zoetermeer","operatorName":"EQUANS","maxPowerKw":11,"isMegawatt":false,"status":"AVAILABLE","source":"ndw"}},{"type":"Feature","geometry":{"type":"Point","coordinates":[4.515554,52.074805]},"properties":{"type":"charge","layer":"passenger","locationId":"90827353","name":"EQUANS SGZH 2.0 Rogerslijn 7","address":"Rogerslijn 7","city":"Zoetermeer","operatorName":"EQUANS","maxPowerKw":11,"isMegawatt":false,"status":"AVAILABLE","source":"ndw"}},{"type":"Feature","geometry":{"type":"Point","coordinates":[4.543545,52.059322]},"properties":{"type":"charge","layer":"passenger","locationId":"106284","name":"EQUANS SGZH 2.0 106284","address":"Nijlstroom 38","city":"Zoetermeer","operatorName":"EQUANS","maxPowerKw":11,"isMegawatt":false,"status":"AVAILABLE","source":"ndw"}},{"type":"Feature","geometry":{"type":"Point","coordinates":[4.471364,52.065122]},"properties":{"type":"charge","layer":"passenger","locationId":"89320306","name":"EQUANS SGZH 2.0 89320306","address":"Kurt Weillrode 25","city":"Zoetermeer","operatorName":"EQUANS","maxPowerKw":11,"isMegawatt":false,"status":"AVAILABLE","source":"ndw"}},{"type":"Feature","geometry":{"type":"Point","coordinates":[4.501442,52.064963]},"properties":{"type":"charge","layer":"passenger","locationId":"91083513","name":"EQUANS SGZH 2.0 Weegbreevaart 18","address":"Weegbreevaart 18","city":"Zoetermeer","operatorName":"EQUANS","maxPowerKw":11,"isMegawatt":false,"status":"AVAILABLE","source":"ndw"}},{"type":"Feature","geometry":{"type":"Point","coordinates":[4.490003,52.055638]},"properties":{"type":"charge","layer":"passenger","locationId":"89981276","name":"EQUANS SGZH 2.0 Willemstraat 18","address":"Willemstraat 18","city":"Zoetermeer","operatorName":"EQUANS","maxPowerKw":11,"isMegawatt":false,"status":"AVAILABLE","source":"ndw"}},{"type":"Feature","geometry":{"type":"Point","coordinates":[4.49282,52.06327]},"properties":{"type":"charge","layer":"passenger","locationId":"91326836","name":"EQUANS SGZH 2.0 Berlijnstraat 7","address":"Berlijnstraat 7","city":"Zoetermeer","operatorName":"EQUANS","maxPowerKw":11,"isMegawatt":false,"status":"AVAILABLE","source":"ndw"}},{"type":"Feature","geometry":{"type":"Point","coordinates":[4.536901,52.069486]},"properties":{"type":"charge","layer":"passenger","locationId":"89317494","name":"EQUANS SGZH 2.0 89317494","address":"Heenvlietstraat 1","city":"Zoetermeer","operatorName":"EQUANS","maxPowerKw":11,"isMegawatt":false,"status":"AVAILABLE","source":"ndw"}},{"type":"Feature","geometry":{"type":"Point","coordinates":[4.499945,52.072541]},"properties":{"type":"charge","layer":"passenger","locationId":"89168604","name":"EQUANS SGZH 2.0 89168604","address":"Aakwerf 2","city":"Zoetermeer","operatorName":"EQUANS","maxPowerKw":11,"isMegawatt":false,"status":"AVAILABLE","source":"ndw"}},{"type":"Feature","geometry":{"type":"Point","coordinates":[4.477628,52.041914]},"properties":{"type":"charge","layer":"passenger","locationId":"89166880","name":"EQUANS SGZH 2.0 89166880","address":"Susannegang 40","city":"Zoetermeer","operatorName":"EQUANS","maxPowerKw":17,"isMegawatt":false,"status":"AVAILABLE","source":"ndw"}},{"type":"Feature","geometry":{"type":"Point","coordinates":[4.48115,52.069854]},"properties":{"type":"charge","layer":"passenger","locationId":"639b2843bfa2b40012dcb376","name":"Palestrinarode - plein","address":"Palestrinarode 24","city":"Zoetermeer","operatorName":"E-Flux by Road","maxPowerKw":11,"isMegawatt":false,"status":"AVAILABLE","source":"ndw","priceKwh":0.58}},{"type":"Feature","geometry":{"type":"Point","coordinates":[4.513382,52.07626]},"properties":{"type":"charge","layer":"passenger","locationId":"89317572","name":"EQUANS SGZH 2.0 89317572","address":"Lijnbaan 55","city":"Zoetermeer","operatorName":"EQUANS","maxPowerKw":11,"isMegawatt":false,"status":"AVAILABLE","source":"ndw"}},{"type":"Feature","geometry":{"type":"Point","coordinates":[4.51374,52.05953]},"properties":{"type":"charge","layer":"passenger","locationId":"91050038","name":"EQUANS SGZH 2.0 Olijfgaarde 1","address":"Olijfgaarde 1","city":"Zoetermeer","operatorName":"EQUANS","maxPowerKw":11,"isMegawatt":false,"status":"AVAILABLE","source":"ndw"}},{"type":"Feature","geometry":{"type":"Point","coordinates":[4.502692,52.049093]},"properties":{"type":"charge","layer":"passenger","locationId":"89209870","name":"EQUANS SGZH 2.0 89209870","address":"Karel Doormanlaan 113","city":"Zoetermeer","operatorName":"EQUANS","maxPowerKw":11,"isMegawatt":false,"status":"AVAILABLE","source":"ndw"}},{"type":"Feature","geometry":{"type":"Point","coordinates":[4.52893,52.07449]},"properties":{"type":"charge","layer":"passenger","locationId":"91253057","name":"EQUANS SGZH 2.0 Klinckaertschans 2","address":"Klinckaertschans 2","city":"Zoetermeer","operatorName":"EQUANS","maxPowerKw":11,"isMegawatt":false,"status":"AVAILABLE","source":"ndw"}},{"type":"Feature","geometry":{"type":"Point","coordinates":[4.480697,52.037122]},"properties":{"type":"charge","layer":"passenger","locationId":"3467","name":"EQUANS SGZH 2.0 3467","address":"Juweellaan 183","city":"Zoetermeer","operatorName":"EQUANS","maxPowerKw":11,"isMegawatt":false,"status":"AVAILABLE","source":"ndw"}},{"type":"Feature","geometry":{"type":"Point","coordinates":[4.548688,52.064813]},"properties":{"type":"charge","layer":"passenger","locationId":"89052422","name":"EQUANS SGZH 2.0 89052422","address":"Amazonestroom 80","city":"Zoetermeer","operatorName":"EQUANS","maxPowerKw":11,"isMegawatt":false,"status":"CHARGING","source":"ndw"}},{"type":"Feature","geometry":{"type":"Point","coordinates":[4.473106,52.069773]},"properties":{"type":"charge","layer":"passenger","locationId":"89254223","name":"EQUANS SGZH 2.0 89254223","address":"Gershwinrode 4","city":"Zoetermeer","operatorName":"EQUANS","maxPowerKw":11,"isMegawatt":false,"status":"CHARGING","source":"ndw"}},{"type":"Feature","geometry":{"type":"Point","coordinates":[4.460184,52.045765]},"properties":{"type":"charge","layer":"passenger","locationId":"90365794","name":"EQUANS SGZH 2.0 Eikehout 1","address":"Eikehout 1","city":"Zoetermeer","operatorName":"EQUANS","maxPowerKw":11,"isMegawatt":false,"status":"AVAILABLE","source":"ndw"}},{"type":"Feature","geometry":{"type":"Point","coordinates":[4.514804,52.064495]},"properties":{"type":"charge","layer":"passenger","locationId":"90096519","name":"EQUANS SGZH 2.0 Petuniatuin 76 t.h.v. Tulpentuin 21","address":"Petuniatuin 76","city":"Zoetermeer","operatorName":"EQUANS","maxPowerKw":11,"isMegawatt":false,"status":"AVAILABLE","source":"ndw"}},{"type":"Feature","geometry":{"type":"Point","coordinates":[4.474035,52.041841]},"properties":{"type":"charge","layer":"passenger","locationId":"90242991","name":"EQUANS SGZH 2.0 Blauwsparzoom 21 (Ahornzoom)","address":"Blauwsparzoom 21","city":"Zoetermeer","operatorName":"EQUANS","maxPowerKw":11,"isMegawatt":false,"status":"AVAILABLE","source":"ndw"}},{"type":"Feature","geometry":{"type":"Point","coordinates":[4.53589,52.06536]},"properties":{"type":"charge","layer":"passenger","locationId":"89330039","name":"EQUANS SGZH 2.0 Nieuwlandstraat 126","address":"Nieuwlandstraat 126","city":"Zoetermeer","operatorName":"EQUANS","maxPowerKw":11,"isMegawatt":false,"status":"AVAILABLE","source":"ndw"}},{"type":"Feature","geometry":{"type":"Point","coordinates":[4.51519,52.06978]},"properties":{"type":"charge","layer":"passenger","locationId":"4861","name":"EQUANS SGZH 2.0 Velddreef 330","address":"Velddreef 330","city":"Zoetermeer","operatorName":"EQUANS","maxPowerKw":11,"isMegawatt":false,"status":"AVAILABLE","source":"ndw"}},{"type":"Feature","geometry":{"type":"Point","coordinates":[4.535133,52.058957]},"properties":{"type":"charge","layer":"passenger","locationId":"89880953","name":"EQUANS SGZH 2.0 89880953","address":"Zuidwijkstraat 118","city":"Zoetermeer","operatorName":"EQUANS","maxPowerKw":11,"isMegawatt":false,"status":"AVAILABLE","source":"ndw"}},{"type":"Feature","geometry":{"type":"Point","coordinates":[4.47944,52.03283]},"properties":{"type":"charge","layer":"passenger","locationId":"91277445","name":"EQUANS SGZH 2.0 Aluin 19","address":"Aluin 19","city":"Zoetermeer","operatorName":"EQUANS","maxPowerKw":11,"isMegawatt":false,"status":"AVAILABLE","source":"ndw"}},{"type":"Feature","geometry":{"type":"Point","coordinates":[4.539742,52.052585]},"properties":{"type":"charge","layer":"passenger","locationId":"90100488","name":"EQUANS SGZH 2.0 Javalaan 436","address":"Javalaan 436","city":"Zoetermeer","operatorName":"EQUANS","maxPowerKw":11,"isMegawatt":false,"status":"AVAILABLE","source":"ndw"}},{"type":"Feature","geometry":{"type":"Point","coordinates":[4.460963,52.058182]},"properties":{"type":"charge","layer":"passenger","locationId":"62410827","name":"EQUANS SGZH 2.0 62410827","address":"Tichelberg 1","city":"Zoetermeer","operatorName":"EQUANS","maxPowerKw":11,"isMegawatt":false,"status":"AVAILABLE","source":"ndw"}},{"type":"Feature","geometry":{"type":"Point","coordinates":[4.479731,52.034044]},"properties":{"type":"charge","layer":"passenger","locationId":"89443680","name":"EQUANS SGZH 2.0 89443680","address":"Basalt 3","city":"Zoetermeer","operatorName":"EQUANS","maxPowerKw":11,"isMegawatt":false,"status":"AVAILABLE","source":"ndw"}},{"type":"Feature","geometry":{"type":"Point","coordinates":[4.496052,52.044487]},"properties":{"type":"charge","layer":"passenger","locationId":"89484883","name":"EQUANS SGZH 2.0 89484883","address":"Parelgrijs 1","city":"Zoetermeer","operatorName":"EQUANS","maxPowerKw":11,"isMegawatt":false,"status":"AVAILABLE","source":"ndw"}},{"type":"Feature","geometry":{"type":"Point","coordinates":[4.468517,52.045864]},"properties":{"type":"charge","layer":"passenger","locationId":"90094576","name":"EQUANS SGZH 2.0 Teakhout 54","address":"Teakhout 54","city":"Zoetermeer","operatorName":"EQUANS","maxPowerKw":11,"isMegawatt":false,"status":"CHARGING","source":"ndw"}},{"type":"Feature","geometry":{"type":"Point","coordinates":[4.491508,52.066617]},"properties":{"type":"charge","layer":"passenger","locationId":"59554977","name":"EQUANS SGZH 2.0 59554977","address":"Antigoneschouw 33","city":"Zoetermeer","operatorName":"EQUANS","maxPowerKw":11,"isMegawatt":false,"status":"AVAILABLE","source":"ndw"}},{"type":"Feature","geometry":{"type":"Point","coordinates":[4.471418,52.05963]},"properties":{"type":"charge","layer":"passenger","locationId":"66351460","name":"EQUANS SGZH 2.0 Jagersbos 18","address":"Jagersbos 18","city":"Zoetermeer","operatorName":"EQUANS","maxPowerKw":11,"isMegawatt":false,"status":"AVAILABLE","source":"ndw"}},{"type":"Feature","geometry":{"type":"Point","coordinates":[4.486259,52.064999]},"properties":{"type":"charge","layer":"passenger","locationId":"63207857","name":"EQUANS SGZH 2.0 Hildebrandhove 32","address":"Hildebrandhove 32","city":"Zoetermeer","operatorName":"EQUANS","maxPowerKw":11,"isMegawatt":false,"status":"AVAILABLE","source":"ndw"}},{"type":"Feature","geometry":{"type":"Point","coordinates":[4.47109,52.06735]},"properties":{"type":"charge","layer":"passenger","locationId":"91227866","name":"EQUANS SGZH 2.0 Bessie Smithrode 43","address":"Bessie Smithrode 43","city":"Zoetermeer","operatorName":"EQUANS","maxPowerKw":11,"isMegawatt":false,"status":"AVAILABLE","source":"ndw"}},{"type":"Feature","geometry":{"type":"Point","coordinates":[4.541926,52.065745]},"properties":{"type":"charge","layer":"passenger","locationId":"90918889","name":"EQUANS SGZH 2.0 Poortugaalstraat 33 (Ruivenstraat 65)","address":"Poortugaalstraat 33","city":"Zoetermeer","operatorName":"EQUANS","maxPowerKw":11,"isMegawatt":false,"status":"AVAILABLE","source":"ndw"}},{"type":"Feature","geometry":{"type":"Point","coordinates":[4.487972,52.070618]},"properties":{"type":"charge","layer":"passenger","locationId":"2880","name":"EQUANS SGZH 2.0 2880","address":"Chaplinstrook 7","city":"Zoetermeer","operatorName":"EQUANS","maxPowerKw":11,"isMegawatt":false,"status":"CHARGING","source":"ndw"}},{"type":"Feature","geometry":{"type":"Point","coordinates":[4.541447,52.058991]},"properties":{"type":"charge","layer":"passenger","locationId":"90289089","name":"EQUANS SGZH 2.0 Oosterheemplein 320","address":"Oosterheemplein 320","city":"Zoetermeer","operatorName":"EQUANS","maxPowerKw":11,"isMegawatt":false,"status":"AVAILABLE","source":"ndw"}},{"type":"Feature","geometry":{"type":"Point","coordinates":[4.51513,52.07266]},"properties":{"type":"charge","layer":"passenger","locationId":"2867","name":"EQUANS SGZH 2.0 Weidedreef 160","address":"Weidedreef 160","city":"Zoetermeer","operatorName":"EQUANS","maxPowerKw":22,"isMegawatt":false,"status":"AVAILABLE","source":"ndw"}},{"type":"Feature","geometry":{"type":"Point","coordinates":[4.536612,52.053029]},"properties":{"type":"charge","layer":"passenger","locationId":"89624301","name":"EQUANS SGZH 2.0 89624301","address":"Borneo 55","city":"Zoetermeer","operatorName":"EQUANS","maxPowerKw":11,"isMegawatt":false,"status":"AVAILABLE","source":"ndw"}},{"type":"Feature","geometry":{"type":"Point","coordinates":[4.495869,52.067875]},"properties":{"type":"charge","layer":"passenger","locationId":"90369532","name":"EQUANS SGZH 2.0 Shawzijde 103","address":"Shawzijde 103","city":"Zoetermeer","operatorName":"EQUANS","maxPowerKw":11,"isMegawatt":false,"status":"CHARGING","source":"ndw"}},{"type":"Feature","geometry":{"type":"Point","coordinates":[4.5494,52.0591]},"properties":{"type":"charge","layer":"passenger","locationId":"91144816","name":"EQUANS SGZH 2.0 Waalstroom 21","address":"Waalstroom 21","city":"Zoetermeer","operatorName":"EQUANS","maxPowerKw":11,"isMegawatt":false,"status":"AVAILABLE","source":"ndw"}},{"type":"Feature","geometry":{"type":"Point","coordinates":[4.523206,52.070386]},"properties":{"type":"charge","layer":"passenger","locationId":"90369539","name":"EQUANS SGZH 2.0 Golden Delicioushof 10","address":"Golden Delicioushof 10","city":"Zoetermeer","operatorName":"EQUANS","maxPowerKw":11,"isMegawatt":false,"status":"AVAILABLE","source":"ndw"}},{"type":"Feature","geometry":{"type":"Point","coordinates":[4.49619,52.03983]},"properties":{"type":"charge","layer":"passenger","locationId":"89981263","name":"EQUANS SGZH 2.0 Dorotheagang 20","address":"Dorotheagang 20","city":"Zoetermeer","operatorName":"EQUANS","maxPowerKw":22,"isMegawatt":false,"status":"AVAILABLE","source":"ndw"}},{"type":"Feature","geometry":{"type":"Point","coordinates":[4.475935,52.045334]},"properties":{"type":"charge","layer":"passenger","locationId":"NLENV629","name":"Zoetermeer, Röntgenlaan 75 - Renovatie Q2 '26","address":"Röntgenlaan 75","city":"Zoetermeer","operatorName":"","maxPowerKw":11,"isMegawatt":false,"status":"AVAILABLE","source":"ndw","priceKwh":0.5}},{"type":"Feature","geometry":{"type":"Point","coordinates":[4.531043,52.0581]},"properties":{"type":"charge","layer":"passenger","locationId":"6148567602c6044457a3591f","name":"Brielsemeer 78, Zoetermeer","address":"Brielsemeer","city":"Zoetermeer","operatorName":"E-Flux by Road","maxPowerKw":11,"isMegawatt":false,"status":"AVAILABLE","source":"ndw","priceKwh":0.65}},{"type":"Feature","geometry":{"type":"Point","coordinates":[4.497194,52.038407]},"properties":{"type":"charge","layer":"passenger","locationId":"89178216","name":"EQUANS SGZH 2.0 89178216","address":"Marineblauw 110","city":"Zoetermeer","operatorName":"EQUANS","maxPowerKw":17,"isMegawatt":false,"status":"CHARGING","source":"ndw"}},{"type":"Feature","geometry":{"type":"Point","coordinates":[4.533512,52.068263]},"properties":{"type":"charge","layer":"passenger","locationId":"89459863","name":"EQUANS SGZH 2.0 89459863","address":"Hoogvlietstraat 7","city":"Zoetermeer","operatorName":"EQUANS","maxPowerKw":11,"isMegawatt":false,"status":"CHARGING","source":"ndw"}},{"type":"Feature","geometry":{"type":"Point","coordinates":[4.499467,52.054513]},"properties":{"type":"charge","layer":"passenger","locationId":"89981275","name":"EQUANS SGZH 2.0 Eerste Stationsstraat 7","address":"Eerste Stationsstraat 7","city":"Zoetermeer","operatorName":"EQUANS","maxPowerKw":11,"isMegawatt":false,"status":"CHARGING","source":"ndw"}},{"type":"Feature","geometry":{"type":"Point","coordinates":[4.505822,52.066541]},"properties":{"type":"charge","layer":"passenger","locationId":"90870016","name":"EQUANS SGZH 2.0 Irisvaart 2-4","address":"Irisvaart 2-4","city":"Zoetermeer","operatorName":"EQUANS","maxPowerKw":11,"isMegawatt":false,"status":"CHARGING","source":"ndw"}},{"type":"Feature","geometry":{"type":"Point","coordinates":[4.503221,52.060403]},"properties":{"type":"charge","layer":"passenger","locationId":"89439576","name":"EQUANS SGZH 2.0 89439576","address":"Van Doornenplantsoen 21","city":"Zoetermeer","operatorName":"EQUANS","maxPowerKw":11,"isMegawatt":false,"status":"AVAILABLE","source":"ndw"}},{"type":"Feature","geometry":{"type":"Point","coordinates":[4.491166,52.054621]},"properties":{"type":"charge","layer":"passenger","locationId":"90094574","name":"EQUANS SGZH 2.0 Willemstraat 53","address":"Willemstraat 53","city":"Zoetermeer","operatorName":"EQUANS","maxPowerKw":11,"isMegawatt":false,"status":"AVAILABLE","source":"ndw"}},{"type":"Feature","geometry":{"type":"Point","coordinates":[4.488443,52.053363]},"properties":{"type":"charge","layer":"passenger","locationId":"90306142","name":"EQUANS SGZH 2.0 Ernst Casimirstraat 21","address":"Ernst Casimirstraat 21","city":"Zoetermeer","operatorName":"EQUANS","maxPowerKw":11,"isMegawatt":false,"status":"CHARGING","source":"ndw"}},{"type":"Feature","geometry":{"type":"Point","coordinates":[4.482133,52.054005]},"properties":{"type":"charge","layer":"passenger","locationId":"90365766","name":"EQUANS SGZH 2.0 Dunantstraat 1219","address":"Dunantstraat 1219","city":"Zoetermeer","operatorName":"EQUANS","maxPowerKw":11,"isMegawatt":false,"status":"AVAILABLE","source":"ndw"}},{"type":"Feature","geometry":{"type":"Point","coordinates":[4.550756,52.058756]},"properties":{"type":"charge","layer":"passenger","locationId":"91160460","name":"EQUANS SGZH 2.0 Wethouder Groenewegenstraat 1","address":"Wethouder Groenewegenstraat 1","city":"Zoetermeer","operatorName":"EQUANS","maxPowerKw":11,"isMegawatt":false,"status":"AVAILABLE","source":"ndw"}},{"type":"Feature","geometry":{"type":"Point","coordinates":[4.488412,52.064642]},"properties":{"type":"charge","layer":"passenger","locationId":"90830540","name":"EQUANS SGZH 2.0 Hildebrandhove 165","address":"Hildebrandhove 165","city":"Zoetermeer","operatorName":"EQUANS","maxPowerKw":11,"isMegawatt":false,"status":"AVAILABLE","source":"ndw"}},{"type":"Feature","geometry":{"type":"Point","coordinates":[4.53324,52.06722]},"properties":{"type":"charge","layer":"passenger","locationId":"90878416","name":"EQUANS SGZH 2.0 Heicopstraat 84","address":"Heicopstraat 84","city":"Zoetermeer","operatorName":"EQUANS","maxPowerKw":11,"isMegawatt":false,"status":"AVAILABLE","source":"ndw"}},{"type":"Feature","geometry":{"type":"Point","coordinates":[4.482638,52.04625]},"properties":{"type":"charge","layer":"passenger","locationId":"F7C8C366-4941-4A21-9180-DE1E3416D84F","name":"Eneco eMobility Platina Argenta Green Projectdevelopement - Zoetermeer","address":"de Louis Braillelaan 80","city":"Zoetermeer","operatorName":"Eneco","maxPowerKw":11,"isMegawatt":false,"status":"AVAILABLE","source":"ndw","priceKwh":0.32}},{"type":"Feature","geometry":{"type":"Point","coordinates":[4.497206,52.03331]},"properties":{"type":"charge","layer":"passenger","locationId":"67c5b38f8984dc4ebd10bd35","name":"ColoCenter's station","address":"Heliumstraat 200","city":"Zoetermeer","operatorName":"E-Flux by Road","maxPowerKw":22,"isMegawatt":false,"status":"AVAILABLE","source":"ndw","priceKwh":0.35}},{"type":"Feature","geometry":{"type":"Point","coordinates":[4.483405,52.063967]},"properties":{"type":"charge","layer":"passenger","locationId":"1052577","name":"EQUANS SGZH 2.0 1052577","address":"Timmermanshove 64","city":"Zoetermeer","operatorName":"EQUANS","maxPowerKw":11,"isMegawatt":false,"status":"AVAILABLE","source":"ndw"}},{"type":"Feature","geometry":{"type":"Point","coordinates":[4.515649,52.070918]},"properties":{"type":"charge","layer":"passenger","locationId":"90099946","name":"EQUANS SGZH 2.0 Ossenweide 13","address":"Ossenweide 13","city":"Zoetermeer","operatorName":"EQUANS","maxPowerKw":11,"isMegawatt":false,"status":"AVAILABLE","source":"ndw"}},{"type":"Feature","geometry":{"type":"Point","coordinates":[4.541833,52.060348]},"properties":{"type":"charge","layer":"passenger","locationId":"90111892","name":"EQUANS SGZH 2.0 Oosterheemplein 207","address":"Oosterheemplein 207","city":"Zoetermeer","operatorName":"EQUANS","maxPowerKw":11,"isMegawatt":false,"status":"AVAILABLE","source":"ndw"}},{"type":"Feature","geometry":{"type":"Point","coordinates":[4.489089,52.038418]},"properties":{"type":"charge","layer":"passenger","locationId":"90237931","name":"EQUANS SGZH 2.0 Grasgroen 2 (Mosgroen)","address":"Grasgroen 2","city":"Zoetermeer","operatorName":"EQUANS","maxPowerKw":11,"isMegawatt":false,"status":"AVAILABLE","source":"ndw"}},{"type":"Feature","geometry":{"type":"Point","coordinates":[4.4811,52.050758]},"properties":{"type":"charge","layer":"passenger","locationId":"91491689","name":"EQUANS SGZH 2.0 Stadhoudersring 5","address":"Stadhoudersring 5","city":"Zoetermeer","operatorName":"EQUANS","maxPowerKw":11,"isMegawatt":false,"status":"AVAILABLE","source":"ndw"}},{"type":"Feature","geometry":{"type":"Point","coordinates":[4.482201,52.035367]},"properties":{"type":"charge","layer":"passenger","locationId":"4198","name":"EQUANS SGZH 2.0 89166882","address":"Natuursteenlaan 45","city":"Zoetermeer","operatorName":"EQUANS","maxPowerKw":11,"isMegawatt":false,"status":"AVAILABLE","source":"ndw"}},{"type":"Feature","geometry":{"type":"Point","coordinates":[4.436339,52.051738]},"properties":{"type":"charge","layer":"freight","locationId":"31258","name":"Fastned Knorrestein","address":"Knorrestein A12","city":"Zoetermeer","operatorName":"Fastned","maxPowerKw":400,"isMegawatt":false,"status":"AVAILABLE","source":"ndw","priceKwh":0.6364,"freightKind":"hpc","freightReason":"power"}},{"type":"Feature","geometry":{"type":"Point","coordinates":[4.537291,52.050678]},"properties":{"type":"charge","layer":"freight","locationId":"c12f9e5b-0abe-400c-916c-debb13d4b3ce","name":"Tango Zoetermeer 4-5-6","address":"Huygensstraat 47","city":"Zoetermeer","operatorName":"Tango electric","maxPowerKw":400,"isMegawatt":false,"status":"AVAILABLE","source":"ndw","priceKwh":0.6,"freightKind":"hpc","freightReason":"power"}},{"type":"Feature","geometry":{"type":"MultiPolygon","coordinates":[[[[4.510126665639712,52.09002829201403],[4.5131341893553465,52.088445373398876],[4.514267162525771,52.088587356390654],[4.530554912977803,52.08051090152444],[4.530103252162325,52.080082273594755],[4.530316447093773,52.07996916405915],[4.536019109213314,52.07690809625984],[4.534180316878035,52.07556386395418],[4.534042120874401,52.075389583481474],[4.533903930198374,52.07521530916463],[4.53516778655921,52.07446335316949],[4.533694637060989,52.07305129111472],[4.535339563242836,52.072294251557],[4.539485668981637,52.07030849900664],[4.5427288607014455,52.068887465948016],[4.546770982005029,52.06698686974162],[4.553209420999625,52.063831642949275],[4.5527713112664525,52.063307919821355],[4.555855343016873,52.0618609912778],[4.557179828220584,52.06123952989398],[4.550532594150992,52.056304218689455],[4.5493423790723995,52.05474464018956],[4.54754621790608,52.05036985301553],[4.545078962401662,52.048861209041924],[4.5351088539494,52.049613405732956],[4.5225830613828455,52.043391828697736],[4.519254704956128,52.041526472506376],[4.518995308176647,52.04138421690873],[4.518278574953491,52.04099115230248],[4.512072137864215,52.036825355354694],[4.507059830379535,52.032825519160234],[4.504708768136642,52.031930936310744],[4.488006179463737,52.03186455399735],[4.477383991665023,52.031791718023115],[4.477680521601396,52.03139496935556],[4.477027439798758,52.03128071987484],[4.47670566534651,52.03164228809198],[4.475993353741011,52.032775568944245],[4.472803991967499,52.0380246438407],[4.472530737237233,52.03797257189538],[4.472372605604619,52.03827907808891],[4.471955301698003,52.039030831887274],[4.471618734456444,52.038996890132246],[4.47074324551968,52.0404778548626],[4.458931694488895,52.03885397708957],[4.457643400231124,52.03861879909935],[4.456994327729628,52.039672363595756],[4.456437608678369,52.03954192540743],[4.450563745942039,52.049210367095476],[4.438043879258564,52.05028387380102],[4.438043496568908,52.05028390757092],[4.425830931871776,52.05146963845622],[4.422072091072306,52.05167328695675],[4.421388568947833,52.052207709213135],[4.415230599462567,52.05701313176446],[4.4153943350472495,52.05744156154819],[4.422431041816998,52.057328996568856],[4.42042367062528,52.06210137791614],[4.420832214633236,52.06258028305132],[4.42168493230608,52.06288612846993],[4.421403900178064,52.063303693986164],[4.437630066666424,52.070403573446804],[4.44324666255918,52.07291094919842],[4.4555043718003615,52.078326148026875],[4.4567783201492475,52.07867518958598],[4.456751807542848,52.07881507645577],[4.475659615422319,52.08129653481025],[4.474274515102215,52.08526091444929],[4.4930178817829205,52.0877521471186],[4.492218752462413,52.090010007027146],[4.497805702898846,52.08783778987077],[4.499367597666959,52.08846008363825],[4.498907846447203,52.08942800109876],[4.499966872988654,52.09165544151056],[4.504449456572129,52.09329056913578],[4.505531810815906,52.09242693331475],[4.510126665639712,52.09002829201403]]]]},"properties":{"type":"boundary","gemeente":"Zoetermeer","code":"GM0637"}}]}